session,nav,return,gross_return,cost_usd,terminal_settlement_usd,cost_return,traded_notional_usd,turnover,half_turnover,gross_exposure,net_exposure,cash_weight,rebalance
2020-01-02,99940.03597841295,-0.000599640215870445,0.0,59.96402158704777,0.0,-0.0005996402158704777,99940.03597841295,0.9994003597841296,0.4997001798920648,1.0,1.0,0.0,True
2020-01-03,97584.82603410621,-0.023566230702733226,-0.023566230702733226,0.0,0.0,-0.0,0.0,0.0,0.0,1.0,1.0,0.0,False
2020-01-06,97175.16844127592,-0.004197964063461179,-0.004197964063461179,0.0,0.0,-0.0,0.0,0.0,0.0,1.0,1.0,0.0,False
2020-01-07,99071.37860864558,0.019513320097979125,0.019513320097979125,0.0,0.0,-0.0,0.0,0.0,0.0,1.0,1.0,0.0,False
2020-01-08,99430.91598990983,0.0036290741717091013,0.0036290741717091013,0.0,0.0,-0.0,0.0,0.0,0.0,1.0,1.0,0.0,False
2020-01-09,99000.72034759258,-0.004326578288395777,-0.004326578288395888,0.0,0.0,-0.0,0.0,0.0,0.0,1.0,1.0,0.0,False
2020-01-10,99383.91666172423,0.003870641676002373,0.003870641676002373,0.0,0.0,-0.0,0.0,0.0,0.0,1.0,1.0,0.0,False
2020-01-13,98157.75101029212,-0.012337666823955429,-0.012337666823955429,0.0,0.0,-0.0,0.0,0.0,0.0,1.0,1.0,0.0,False
2020-01-14,97938.99793210192,-0.00222858690158112,-0.00222858690158112,0.0,0.0,-0.0,0.0,0.0,0.0,1.0,1.0,0.0,False
2020-01-15,98031.63057398357,0.0009458197841258897,0.0009458197841258898,0.0,0.0,-0.0,0.0,0.0,0.0,1.0,1.0,0.0,False
2020-01-16,97978.81062023767,-0.0005388052145683941,-0.0005388052145683941,0.0,0.0,-0.0,0.0,0.0,0.0,1.0,1.0,0.0,False
2020-01-17,98613.36538770588,0.006476448973520732,0.006476448973520732,0.0,0.0,-0.0,0.0,0.0,0.0,1.0,1.0,0.0,False
2020-01-21,98900.05039750559,0.00290716180988837,0.00290716180988837,0.0,0.0,-0.0,0.0,0.0,0.0,1.0,1.0,0.0,False
2020-01-22,99443.66522004796,0.005496608144863746,0.005496608144863746,0.0,0.0,-0.0,0.0,0.0,0.0,1.0,1.0,0.0,False
2020-01-23,98910.94766758363,-0.00535697825784609,-0.00535697825784609,0.0,0.0,-0.0,0.0,0.0,0.0,1.0,1.0,0.0,False
2020-01-24,99636.21449274533,0.0073325232672842855,0.0073325232672842855,0.0,0.0,-0.0,0.0,0.0,0.0,1.0,1.0,0.0,False
2020-01-27,100949.56881378822,0.013181495580991909,0.013181495580991909,0.0,0.0,-0.0,0.0,0.0,0.0,1.0,1.0,0.0,False
2020-01-28,100181.22184356059,-0.007611196157211175,-0.007611196157211174,0.0,0.0,-0.0,0.0,0.0,0.0,1.0,1.0,0.0,False
2020-01-29,99484.80554351947,-0.006951565245716607,-0.006951565245716607,0.0,0.0,-0.0,0.0,0.0,0.0,1.0,1.0,0.0,False
2020-01-30,100562.85022392619,0.01083627469056192,0.01083627469056192,0.0,0.0,-0.0,0.0,0.0,0.0,1.0,1.0,0.0,False
2020-01-31,100423.99787805766,-0.0013807518935604612,-0.0013807518935604612,0.0,0.0,-0.0,0.0,0.0,0.0,1.0,1.0,0.0,False
2020-02-03,101566.88032972388,0.011380571136532458,0.011380571136532458,0.0,0.0,-0.0,0.0,0.0,0.0,1.0,1.0,0.0,False
2020-02-04,101222.53958824227,-0.0033902856951374405,-0.0033902856951374405,0.0,0.0,-0.0,0.0,0.0,0.0,1.0,1.0,0.0,False
2020-02-05,102415.99023675457,0.011790364610165582,0.011790364610165582,0.0,0.0,-0.0,0.0,0.0,0.0,1.0,1.0,0.0,False
2020-02-06,102539.08263633183,0.0012018865344436414,0.0012018865344436414,0.0,0.0,-0.0,0.0,0.0,0.0,1.0,1.0,0.0,False
2020-02-07,102766.29187195745,0.002215830586581813,0.002215830586581813,0.0,0.0,-0.0,0.0,0.0,0.0,1.0,1.0,0.0,False
2020-02-10,104068.10896703617,0.012667744173359141,0.012667744173359141,0.0,0.0,-0.0,0.0,0.0,0.0,1.0,1.0,0.0,False
2020-02-11,103782.52902763951,-0.0027441638195532247,-0.0027441638195532247,0.0,0.0,-0.0,0.0,0.0,0.0,1.0,1.0,0.0,False
2020-02-12,103016.72015708259,-0.007378976767399625,-0.007378976767399625,0.0,0.0,-0.0,0.0,0.0,0.0,1.0,1.0,0.0,False
2020-02-13,102662.49575717862,-0.003438513664226872,-0.003438513664226872,0.0,0.0,-0.0,0.0,0.0,0.0,1.0,1.0,0.0,False
2020-02-14,103049.39698985203,0.0037686716051450464,0.0037686716051450464,0.0,0.0,-0.0,0.0,0.0,0.0,1.0,1.0,0.0,False
2020-02-18,101774.05017364377,-0.012376072577444108,-0.012376072577444107,0.0,0.0,-0.0,0.0,0.0,0.0,1.0,1.0,0.0,False
2020-02-19,102308.34024621508,0.005249767221209289,0.005249767221209289,0.0,0.0,-0.0,0.0,0.0,0.0,1.0,1.0,0.0,False
2020-02-20,101882.72010303011,-0.0041601705409419765,-0.0041601705409420875,0.0,0.0,-0.0,0.0,0.0,0.0,1.0,1.0,0.0,False
2020-02-21,102833.54071939942,0.009332501285868489,0.009332501285868489,0.0,0.0,-0.0,0.0,0.0,0.0,1.0,1.0,0.0,False
2020-02-24,100879.28363405274,-0.019004082439203707,-0.019004082439203707,0.0,0.0,-0.0,0.0,0.0,0.0,1.0,1.0,0.0,False
2020-02-25,100259.62999120927,-0.0061425262008334425,-0.006142526200833443,0.0,0.0,-0.0,0.0,0.0,0.0,1.0,1.0,0.0,False
2020-02-26,98921.99155303043,-0.013341745209872857,-0.013341745209872856,0.0,0.0,-0.0,0.0,0.0,0.0,1.0,1.0,0.0,False
2020-02-27,98282.97173742323,-0.006459835730911578,-0.006459835730911579,0.0,0.0,-0.0,0.0,0.0,0.0,1.0,1.0,0.0,False
2020-02-28,98492.44490925594,0.0021313272088714363,0.0021313272088714363,0.0,0.0,-0.0,0.0,0.0,0.0,1.0,1.0,0.0,False
2020-03-02,98365.99902772527,-0.0012838130035981443,-0.0012838130035980333,0.0,0.0,-0.0,0.0,0.0,0.0,1.0,1.0,0.0,False
2020-03-03,98181.36402597312,-0.0018770205515841187,-0.001877020551584119,0.0,0.0,-0.0,0.0,0.0,0.0,1.0,1.0,0.0,False
2020-03-04,98071.05932814187,-0.0011234789710404813,-0.0011234789710404813,0.0,0.0,-0.0,0.0,0.0,0.0,1.0,1.0,0.0,False
2020-03-05,98245.34198874097,0.00177710592495961,0.00177710592495961,0.0,0.0,-0.0,0.0,0.0,0.0,1.0,1.0,0.0,False
2020-03-06,97467.4070432499,-0.007918288335544976,-0.007918288335544865,0.0,0.0,-0.0,0.0,0.0,0.0,1.0,1.0,0.0,False
2020-03-09,98033.18556764945,0.005804797127192396,0.005804797127192396,0.0,0.0,-0.0,0.0,0.0,0.0,1.0,1.0,0.0,False
2020-03-10,98567.59659383792,0.00545132776308388,0.00545132776308388,0.0,0.0,-0.0,0.0,0.0,0.0,1.0,1.0,0.0,False
2020-03-11,98885.99984622469,0.0032303035012488657,0.0032303035012488657,0.0,0.0,-0.0,0.0,0.0,0.0,1.0,1.0,0.0,False
2020-03-12,99341.09967367619,0.004602267542010097,0.004602267542010097,0.0,0.0,-0.0,0.0,0.0,0.0,1.0,1.0,0.0,False
2020-03-13,99591.57275993445,0.002521344006469084,0.002521344006469084,0.0,0.0,-0.0,0.0,0.0,0.0,1.0,1.0,0.0,False
2020-03-16,101227.92070305438,0.01643058642184858,0.01643058642184858,0.0,0.0,-0.0,0.0,0.0,0.0,1.0,1.0,0.0,False
2020-03-17,101172.57399643182,-0.0005467533684201387,-0.0005467533684200276,0.0,0.0,-0.0,0.0,0.0,0.0,1.0,1.0,0.0,False
2020-03-18,100939.20268549115,-0.002306665746676595,-0.002306665746676595,0.0,0.0,-0.0,0.0,0.0,0.0,1.0,1.0,0.0,False
2020-03-19,100345.85978059156,-0.005878220642859033,-0.005878220642859033,0.0,0.0,-0.0,0.0,0.0,0.0,1.0,1.0,0.0,False
2020-03-20,99532.2453779703,-0.0081081013646227,-0.0081081013646227,0.0,0.0,-0.0,0.0,0.0,0.0,1.0,1.0,0.0,False
2020-03-23,98556.25464414124,-0.009805774300808534,-0.009805774300808534,0.0,0.0,-0.0,0.0,0.0,0.0,1.0,1.0,0.0,False
2020-03-24,97870.26580769935,-0.006960378505847187,-0.006960378505847297,0.0,0.0,-0.0,0.0,0.0,0.0,1.0,1.0,0.0,False
2020-03-25,97829.60628565308,-0.0004154430532166131,-0.0004154430532166131,0.0,0.0,-0.0,0.0,0.0,0.0,1.0,1.0,0.0,False
2020-03-26,98105.91241302907,0.00282436102798167,0.00282436102798167,0.0,0.0,-0.0,0.0,0.0,0.0,1.0,1.0,0.0,False
2020-03-27,98160.76700642654,0.0005591364684172095,0.0005591364684172095,0.0,0.0,-0.0,0.0,0.0,0.0,1.0,1.0,0.0,False
2020-03-30,97574.32688145367,-0.005974282219437743,-0.005974282219437744,0.0,0.0,-0.0,0.0,0.0,0.0,1.0,1.0,0.0,False
2020-03-31,98291.64225371246,0.007351476512159616,0.007351476512159616,0.0,0.0,-0.0,0.0,0.0,0.0,1.0,1.0,0.0,False
2020-04-01,98887.81068695984,0.0060653013784075505,0.0060653013784075505,0.0,0.0,-0.0,0.0,0.0,0.0,1.0,1.0,0.0,False
2020-04-02,98776.34568575615,-0.0011271864593760395,-0.0011271864593761505,0.0,0.0,-0.0,0.0,0.0,0.0,1.0,1.0,0.0,False
2020-04-03,98275.22077113531,-0.00507332915731773,-0.00507332915731773,0.0,0.0,-0.0,0.0,0.0,0.0,1.0,1.0,0.0,False
2020-04-06,98721.13705422381,0.004537423366638427,0.004537423366638427,0.0,0.0,-0.0,0.0,0.0,0.0,1.0,1.0,0.0,False
2020-04-07,98884.40095512426,0.0016537886998888585,0.0016537886998888585,0.0,0.0,-0.0,0.0,0.0,0.0,1.0,1.0,0.0,False
2020-04-08,97753.65604283518,-0.011435018075320436,-0.011435018075320436,0.0,0.0,-0.0,0.0,0.0,0.0,1.0,1.0,0.0,False
2020-04-09,97715.15654275197,-0.00039384204787540344,-0.0003938420478752924,0.0,0.0,-0.0,0.0,0.0,0.0,1.0,1.0,0.0,False
2020-04-13,97934.65277940662,0.0022462864965950846,0.0022462864965950846,0.0,0.0,-0.0,0.0,0.0,0.0,1.0,1.0,0.0,False
2020-04-14,97244.45260514658,-0.007047558291901845,-0.007047558291901956,0.0,0.0,-0.0,0.0,0.0,0.0,1.0,1.0,0.0,False
2020-04-15,97406.72900757477,0.0016687471426992673,0.0016687471426992673,0.0,0.0,-0.0,0.0,0.0,0.0,1.0,1.0,0.0,False
2020-04-16,96287.66402032085,-0.01148857988206231,-0.01148857988206231,0.0,0.0,-0.0,0.0,0.0,0.0,1.0,1.0,0.0,False
2020-04-17,97331.37307605667,0.010839488800097552,0.010839488800097554,0.0,0.0,-0.0,0.0,0.0,0.0,1.0,1.0,0.0,False
2020-04-20,98317.69026662671,0.010133599880475463,0.010133599880475463,0.0,0.0,-0.0,0.0,0.0,0.0,1.0,1.0,0.0,False
2020-04-21,98133.82255167908,-0.0018701386744236492,-0.0018701386744237602,0.0,0.0,-0.0,0.0,0.0,0.0,1.0,1.0,0.0,False
2020-04-22,98433.87993302292,0.003057634702712475,0.003057634702712475,0.0,0.0,-0.0,0.0,0.0,0.0,1.0,1.0,0.0,False
2020-04-23,96550.90125957687,-0.019129375726399056,-0.019129375726399056,0.0,0.0,-0.0,0.0,0.0,0.0,1.0,1.0,0.0,False
2020-04-24,95672.21262462164,-0.009100781282122772,-0.00910078128212266,0.0,0.0,-0.0,0.0,0.0,0.0,1.0,1.0,0.0,False
2020-04-27,95461.7116220079,-0.0022002313612171642,-0.0022002313612171642,0.0,0.0,-0.0,0.0,0.0,0.0,1.0,1.0,0.0,False
2020-04-28,94657.24965225614,-0.008427064171414922,-0.008427064171414811,0.0,0.0,-0.0,0.0,0.0,0.0,1.0,1.0,0.0,False
2020-04-29,95212.43068936048,0.005865171861045182,0.005865171861045181,0.0,0.0,-0.0,0.0,0.0,0.0,1.0,1.0,0.0,False
2020-04-30,96748.05221396343,0.016128372245983957,0.016128372245983957,0.0,0.0,-0.0,0.0,0.0,0.0,1.0,1.0,0.0,False
2020-05-01,95851.88296330701,-0.009262917755434419,-0.009262917755434419,0.0,0.0,-0.0,0.0,0.0,0.0,1.0,1.0,0.0,False
2020-05-04,95224.0811921961,-0.006549707232681556,-0.006549707232681445,0.0,0.0,-0.0,0.0,0.0,0.0,1.0,1.0,0.0,False
2020-05-05,95417.72764069901,0.002033586946479149,0.002033586946479149,0.0,0.0,-0.0,0.0,0.0,0.0,1.0,1.0,0.0,False
2020-05-06,96661.87263468566,0.013038929187996873,0.013038929187996873,0.0,0.0,-0.0,0.0,0.0,0.0,1.0,1.0,0.0,False
2020-05-07,95731.11599469572,-0.009628994500319177,-0.009628994500319177,0.0,0.0,-0.0,0.0,0.0,0.0,1.0,1.0,0.0,False
2020-05-08,95936.1997093864,0.0021422889784554755,0.0021422889784554755,0.0,0.0,-0.0,0.0,0.0,0.0,1.0,1.0,0.0,False
2020-05-11,97348.41806159947,0.01472039080650478,0.01472039080650478,0.0,0.0,-0.0,0.0,0.0,0.0,1.0,1.0,0.0,False
2020-05-12,96076.6512035565,-0.013064073185434122,-0.013064073185434122,0.0,0.0,-0.0,0.0,0.0,0.0,1.0,1.0,0.0,False
2020-05-13,95106.41598640708,-0.01009855365476664,-0.01009855365476664,0.0,0.0,-0.0,0.0,0.0,0.0,1.0,1.0,0.0,False
2020-05-14,94798.3802997758,-0.003238852851686791,-0.0032388528516866803,0.0,0.0,-0.0,0.0,0.0,0.0,1.0,1.0,0.0,False
2020-05-15,94417.79255008858,-0.004014707302843257,-0.004014707302843257,0.0,0.0,-0.0,0.0,0.0,0.0,1.0,1.0,0.0,False
2020-05-18,95045.74737747555,0.006650810302029075,0.006650810302029075,0.0,0.0,-0.0,0.0,0.0,0.0,1.0,1.0,0.0,False
2020-05-19,95243.75406903338,0.0020832777585666484,0.0020832777585666484,0.0,0.0,-0.0,0.0,0.0,0.0,1.0,1.0,0.0,False
2020-05-20,93905.60823302036,-0.014049696477137164,-0.014049696477137165,0.0,0.0,-0.0,0.0,0.0,0.0,1.0,1.0,0.0,False
2020-05-21,94306.89349324752,0.004273283223206414,0.004273283223206414,0.0,0.0,-0.0,0.0,0.0,0.0,1.0,1.0,0.0,False
2020-05-22,93885.31234056706,-0.004470311098844992,-0.004470311098844992,0.0,0.0,-0.0,0.0,0.0,0.0,1.0,1.0,0.0,False
2020-05-26,94856.61013761089,0.010345577735529687,0.010345577735529687,0.0,0.0,-0.0,0.0,0.0,0.0,1.0,1.0,0.0,False
2020-05-27,94394.59201896336,-0.004870700291495389,-0.004870700291495389,0.0,0.0,-0.0,0.0,0.0,0.0,1.0,1.0,0.0,False
2020-05-28,93928.00688839442,-0.004942922264817962,-0.004942922264817962,0.0,0.0,-0.0,0.0,0.0,0.0,1.0,1.0,0.0,False
2020-05-29,94348.71539876508,0.004479052886436241,0.004479052886436241,0.0,0.0,-0.0,0.0,0.0,0.0,1.0,1.0,0.0,False
2020-06-01,94938.7167744924,0.006253411858695435,0.006253411858695434,0.0,0.0,-0.0,0.0,0.0,0.0,1.0,1.0,0.0,False
2020-06-02,95293.29341080513,0.0037347949114896473,0.0037347949114896473,0.0,0.0,-0.0,0.0,0.0,0.0,1.0,1.0,0.0,False
2020-06-03,94022.57844691261,-0.013334778539078496,-0.013334778539078607,0.0,0.0,-0.0,0.0,0.0,0.0,1.0,1.0,0.0,False
2020-06-04,94441.38091636199,0.004454275519425899,0.004454275519425899,0.0,0.0,-0.0,0.0,0.0,0.0,1.0,1.0,0.0,False
2020-06-05,93674.0952779551,-0.008124464413395205,-0.008124464413395205,0.0,0.0,-0.0,0.0,0.0,0.0,1.0,1.0,0.0,False
2020-06-08,93864.46060739517,0.0020322088927062776,0.0020322088927062776,0.0,0.0,-0.0,0.0,0.0,0.0,1.0,1.0,0.0,False
2020-06-09,92809.43575787102,-0.011239875483192496,-0.011239875483192607,0.0,0.0,-0.0,0.0,0.0,0.0,1.0,1.0,0.0,False
2020-06-10,93154.7404266724,0.0037205771803445753,0.003720577180344575,0.0,0.0,-0.0,0.0,0.0,0.0,1.0,1.0,0.0,False
2020-06-11,92567.60554526288,-0.006302791234458871,-0.006302791234458982,0.0,0.0,-0.0,0.0,0.0,0.0,1.0,1.0,0.0,False
2020-06-12,91631.64733918266,-0.01011107720208404,-0.010111077202084151,0.0,0.0,-0.0,0.0,0.0,0.0,1.0,1.0,0.0,False
2020-06-15,92168.66020636163,0.005860561091859173,0.005860561091859173,0.0,0.0,-0.0,0.0,0.0,0.0,1.0,1.0,0.0,False
2020-06-16,92360.66191986579,0.0020831561734138138,0.0020831561734138138,0.0,0.0,-0.0,0.0,0.0,0.0,1.0,1.0,0.0,False
2020-06-17,91920.85758891306,-0.004761814411143095,-0.004761814411143095,0.0,0.0,-0.0,0.0,0.0,0.0,1.0,1.0,0.0,False
2020-06-18,93001.79455208665,0.011759430792168457,0.011759430792168457,0.0,0.0,-0.0,0.0,0.0,0.0,1.0,1.0,0.0,False
2020-06-19,92687.89309343179,-0.003375219372557914,-0.0033752193725580253,0.0,0.0,-0.0,0.0,0.0,0.0,1.0,1.0,0.0,False
2020-06-22,92725.60421861577,0.0004068613917673769,0.0004068613917673769,0.0,0.0,-0.0,0.0,0.0,0.0,1.0,1.0,0.0,False
2020-06-23,92938.99435459665,0.0023013075814288797,0.0023013075814288797,0.0,0.0,-0.0,0.0,0.0,0.0,1.0,1.0,0.0,False
2020-06-24,92492.20617372011,-0.004807327473029033,-0.004807327473028922,0.0,0.0,-0.0,0.0,0.0,0.0,1.0,1.0,0.0,False
2020-06-25,92854.69148612673,0.003919090347199505,0.003919090347199505,0.0,0.0,-0.0,0.0,0.0,0.0,1.0,1.0,0.0,False
2020-06-26,92472.3512649014,-0.004117618777317866,-0.004117618777317755,0.0,0.0,-0.0,0.0,0.0,0.0,1.0,1.0,0.0,False
2020-06-29,92181.70080938256,-0.0031431065777297595,-0.0031431065777297595,0.0,0.0,-0.0,0.0,0.0,0.0,1.0,1.0,0.0,False
2020-06-30,93200.41379356362,0.011051141118426644,0.011051141118426644,0.0,0.0,-0.0,0.0,0.0,0.0,1.0,1.0,0.0,False
2020-07-01,92438.52945017691,-0.008174688420099385,-0.008174688420099385,0.0,0.0,-0.0,0.0,0.0,0.0,1.0,1.0,0.0,False
2020-07-02,90668.12430417497,-0.01915224264743598,-0.01915224264743587,0.0,0.0,-0.0,0.0,0.0,0.0,1.0,1.0,0.0,False
2020-07-06,91850.20960850005,0.01303749596009518,0.01303749596009518,0.0,0.0,-0.0,0.0,0.0,0.0,1.0,1.0,0.0,False
2020-07-07,93737.23759440341,0.020544623620855962,0.020544623620855962,0.0,0.0,-0.0,0.0,0.0,0.0,1.0,1.0,0.0,False
2020-07-08,93447.38760864151,-0.003092154123594648,-0.0030921541235946477,0.0,0.0,-0.0,0.0,0.0,0.0,1.0,1.0,0.0,False
2020-07-09,92013.46507584683,-0.015344704324961489,-0.015344704324961489,0.0,0.0,-0.0,0.0,0.0,0.0,1.0,1.0,0.0,False
2020-07-10,91798.71744360568,-0.002333871809567567,-0.002333871809567567,0.0,0.0,-0.0,0.0,0.0,0.0,1.0,1.0,0.0,False
2020-07-13,91602.28805363581,-0.0021397835987255753,-0.0021397835987254643,0.0,0.0,-0.0,0.0,0.0,0.0,1.0,1.0,0.0,False
2020-07-14,91476.84872969527,-0.0013693907281780993,-0.0013693907281780993,0.0,0.0,-0.0,0.0,0.0,0.0,1.0,1.0,0.0,False
2020-07-15,90675.77642109802,-0.008757104335374799,-0.008757104335374799,0.0,0.0,-0.0,0.0,0.0,0.0,1.0,1.0,0.0,False
2020-07-16,91109.7950401816,0.004786489139811723,0.004786489139811723,0.0,0.0,-0.0,0.0,0.0,0.0,1.0,1.0,0.0,False
2020-07-17,91505.76358511267,0.0043460590022887935,0.0043460590022887935,0.0,0.0,-0.0,0.0,0.0,0.0,1.0,1.0,0.0,False
2020-07-20,90425.51563087084,-0.011805244958554506,-0.011805244958554506,0.0,0.0,-0.0,0.0,0.0,0.0,1.0,1.0,0.0,False
2020-07-21,90944.88125814291,0.00574357385355917,0.005743573853559169,0.0,0.0,-0.0,0.0,0.0,0.0,1.0,1.0,0.0,False
2020-07-22,92451.97252587917,0.016571479855567173,0.016571479855567173,0.0,0.0,-0.0,0.0,0.0,0.0,1.0,1.0,0.0,False
2020-07-23,92593.02489719815,0.0015256826594964856,0.0015256826594964856,0.0,0.0,-0.0,0.0,0.0,0.0,1.0,1.0,0.0,False
2020-07-24,92357.04219389385,-0.002548601296547992,-0.002548601296547992,0.0,0.0,-0.0,0.0,0.0,0.0,1.0,1.0,0.0,False
2020-07-27,92265.9757753053,-0.000986025715260186,-0.000986025715260297,0.0,0.0,-0.0,0.0,0.0,0.0,1.0,1.0,0.0,False
2020-07-28,92733.9537993253,0.005072054135748516,0.005072054135748516,0.0,0.0,-0.0,0.0,0.0,0.0,1.0,1.0,0.0,False
2020-07-29,91463.92772673992,-0.013695372844057752,-0.013695372844057752,0.0,0.0,-0.0,0.0,0.0,0.0,1.0,1.0,0.0,False
2020-07-30,91597.93387090745,0.0014651256238185084,0.0014651256238185084,0.0,0.0,-0.0,0.0,0.0,0.0,1.0,1.0,0.0,False
2020-07-31,91325.54803281315,-0.0029737115957023663,-0.0029737115957023668,0.0,0.0,-0.0,0.0,0.0,0.0,1.0,1.0,0.0,False
2020-08-03,92689.27592083368,0.014932600103648275,0.014932600103648276,0.0,0.0,-0.0,0.0,0.0,0.0,1.0,1.0,0.0,False
2020-08-04,92574.02775556954,-0.0012433818704397082,-0.0012433818704397082,0.0,0.0,-0.0,0.0,0.0,0.0,1.0,1.0,0.0,False
2020-08-05,93823.13845177245,0.013493100888956056,0.013493100888956056,0.0,0.0,-0.0,0.0,0.0,0.0,1.0,1.0,0.0,False
2020-08-06,93008.76059211735,-0.008679925582256165,-0.008679925582256054,0.0,0.0,-0.0,0.0,0.0,0.0,1.0,1.0,0.0,False
2020-08-07,93459.67388421166,0.004848073334422276,0.004848073334422276,0.0,0.0,-0.0,0.0,0.0,0.0,1.0,1.0,0.0,False
2020-08-10,93712.50119123397,0.002705202110329763,0.002705202110329763,0.0,0.0,-0.0,0.0,0.0,0.0,1.0,1.0,0.0,False
2020-08-11,93075.03333640653,-0.006802377982918162,-0.006802377982918163,0.0,0.0,-0.0,0.0,0.0,0.0,1.0,1.0,0.0,False
2020-08-12,93221.08378567566,0.0015691689170955758,0.0015691689170955758,0.0,0.0,-0.0,0.0,0.0,0.0,1.0,1.0,0.0,False
2020-08-13,94139.32550888343,0.009850150694652893,0.009850150694652893,0.0,0.0,-0.0,0.0,0.0,0.0,1.0,1.0,0.0,False
2020-08-14,93909.59414653445,-0.002440333634292857,-0.002440333634292857,0.0,0.0,-0.0,0.0,0.0,0.0,1.0,1.0,0.0,False
2020-08-17,92652.54838009941,-0.013385701193358135,-0.013385701193358133,0.0,0.0,-0.0,0.0,0.0,0.0,1.0,1.0,0.0,False
2020-08-18,92653.42833731728,9.497388180346178e-06,9.497388180346178e-06,0.0,0.0,-0.0,0.0,0.0,0.0,1.0,1.0,0.0,False
2020-08-19,91998.42560322149,-0.007069384758340069,-0.007069384758340068,0.0,0.0,-0.0,0.0,0.0,0.0,1.0,1.0,0.0,False
2020-08-20,91760.26674804912,-0.0025887275093110507,-0.0025887275093110507,0.0,0.0,-0.0,0.0,0.0,0.0,1.0,1.0,0.0,False
2020-08-21,91714.13866398385,-0.0005027021574810497,-0.0005027021574810497,0.0,0.0,-0.0,0.0,0.0,0.0,1.0,1.0,0.0,False
2020-08-24,90476.43639396603,-0.01349521772812401,-0.01349521772812401,0.0,0.0,-0.0,0.0,0.0,0.0,1.0,1.0,0.0,False
2020-08-25,89320.5757876497,-0.012775266714565414,-0.012775266714565414,0.0,0.0,-0.0,0.0,0.0,0.0,1.0,1.0,0.0,False
2020-08-26,89678.44177255602,0.004006534684204421,0.004006534684204421,0.0,0.0,-0.0,0.0,0.0,0.0,1.0,1.0,0.0,False
2020-08-27,89316.88075355887,-0.004031749569357479,-0.004031749569357368,0.0,0.0,-0.0,0.0,0.0,0.0,1.0,1.0,0.0,False
2020-08-28,87497.67856933788,-0.020367954734564653,-0.020367954734564653,0.0,0.0,-0.0,0.0,0.0,0.0,1.0,1.0,0.0,False
2020-08-31,88060.17947106087,0.006428752292864992,0.006428752292864992,0.0,0.0,-0.0,0.0,0.0,0.0,1.0,1.0,0.0,False
2020-09-01,88265.26793423701,0.002328958042193685,0.002328958042193685,0.0,0.0,-0.0,0.0,0.0,0.0,1.0,1.0,0.0,False
2020-09-02,87774.42490350646,-0.005560998592291866,-0.005560998592291866,0.0,0.0,-0.0,0.0,0.0,0.0,1.0,1.0,0.0,False
2020-09-03,86862.91895147238,-0.010384641688465868,-0.010384641688465979,0.0,0.0,-0.0,0.0,0.0,0.0,1.0,1.0,0.0,False
2020-09-04,87456.75409776752,0.006836463170514673,0.006836463170514673,0.0,0.0,-0.0,0.0,0.0,0.0,1.0,1.0,0.0,False
2020-09-08,87714.29718281154,0.0029448049804834397,0.0029448049804834397,0.0,0.0,-0.0,0.0,0.0,0.0,1.0,1.0,0.0,False
2020-09-09,89399.36060492332,0.01921081826147253,0.01921081826147253,0.0,0.0,-0.0,0.0,0.0,0.0,1.0,1.0,0.0,False
2020-09-10,89713.28724548996,0.0035115087897994446,0.0035115087897994446,0.0,0.0,-0.0,0.0,0.0,0.0,1.0,1.0,0.0,False
2020-09-11,90005.00122480092,0.0032516251300960253,0.0032516251300960253,0.0,0.0,-0.0,0.0,0.0,0.0,1.0,1.0,0.0,False
2020-09-14,89898.30718655365,-0.0011854234408683606,-0.0011854234408684716,0.0,0.0,-0.0,0.0,0.0,0.0,1.0,1.0,0.0,False
2020-09-15,90499.20607512907,0.006684206937606296,0.006684206937606296,0.0,0.0,-0.0,0.0,0.0,0.0,1.0,1.0,0.0,False
2020-09-16,90965.33867157852,0.00515068160998533,0.00515068160998533,0.0,0.0,-0.0,0.0,0.0,0.0,1.0,1.0,0.0,False
2020-09-17,91889.8921870018,0.010163800068521578,0.010163800068521578,0.0,0.0,-0.0,0.0,0.0,0.0,1.0,1.0,0.0,False
2020-09-18,91520.44121652428,-0.004020583349098494,-0.004020583349098383,0.0,0.0,-0.0,0.0,0.0,0.0,1.0,1.0,0.0,False
2020-09-21,91215.37981044434,-0.00333325978355159,-0.0033332597835517013,0.0,0.0,-0.0,0.0,0.0,0.0,1.0,1.0,0.0,False
2020-09-22,90879.44949579092,-0.0036828253672958056,-0.0036828253672958056,0.0,0.0,-0.0,0.0,0.0,0.0,1.0,1.0,0.0,False
2020-09-23,91468.02241386386,0.006476413769431977,0.006476413769431977,0.0,0.0,-0.0,0.0,0.0,0.0,1.0,1.0,0.0,False
2020-09-24,92578.16939234131,0.012136995522373795,0.012136995522373795,0.0,0.0,-0.0,0.0,0.0,0.0,1.0,1.0,0.0,False
2020-09-25,92252.22721455942,-0.003520723945194537,-0.003520723945194537,0.0,0.0,-0.0,0.0,0.0,0.0,1.0,1.0,0.0,False
2020-09-28,91952.57446903245,-0.0032481898223447603,-0.0032481898223447603,0.0,0.0,-0.0,0.0,0.0,0.0,1.0,1.0,0.0,False
2020-09-29,92197.40902973812,0.0026626177909583326,0.0026626177909583326,0.0,0.0,-0.0,0.0,0.0,0.0,1.0,1.0,0.0,False
2020-09-30,92029.97005276896,-0.0018160920001033531,-0.0018160920001033531,0.0,0.0,-0.0,0.0,0.0,0.0,1.0,1.0,0.0,False
2020-10-01,92744.71430177362,0.007766429225119165,0.007766429225119165,0.0,0.0,-0.0,0.0,0.0,0.0,1.0,1.0,0.0,False
2020-10-02,91087.90247700141,-0.01786421832495233,-0.01786421832495233,0.0,0.0,-0.0,0.0,0.0,0.0,1.0,1.0,0.0,False
2020-10-05,90499.14303284648,-0.006463640375335089,-0.006463640375335088,0.0,0.0,-0.0,0.0,0.0,0.0,1.0,1.0,0.0,False
2020-10-06,89946.2538425541,-0.006109330671691615,-0.006109330671691614,0.0,0.0,-0.0,0.0,0.0,0.0,1.0,1.0,0.0,False
2020-10-07,88290.08713346903,-0.018412848099089163,-0.018412848099089274,0.0,0.0,-0.0,0.0,0.0,0.0,1.0,1.0,0.0,False
2020-10-08,87622.6928687912,-0.007559107554950373,-0.007559107554950373,0.0,0.0,-0.0,0.0,0.0,0.0,1.0,1.0,0.0,False
2020-10-09,86994.32872659541,-0.0071712489267673485,-0.0071712489267674595,0.0,0.0,-0.0,0.0,0.0,0.0,1.0,1.0,0.0,False
2020-10-12,86867.41816051512,-0.0014588372361507007,-0.0014588372361505897,0.0,0.0,-0.0,0.0,0.0,0.0,1.0,1.0,0.0,False
2020-10-13,87653.89206131313,0.009053727133282008,0.009053727133282008,0.0,0.0,-0.0,0.0,0.0,0.0,1.0,1.0,0.0,False
2020-10-14,87495.19598617876,-0.0018104852095257584,-0.0018104852095256476,0.0,0.0,-0.0,0.0,0.0,0.0,1.0,1.0,0.0,False
2020-10-15,86786.79027773374,-0.008096509762169357,-0.008096509762169357,0.0,0.0,-0.0,0.0,0.0,0.0,1.0,1.0,0.0,False
2020-10-16,86760.2650816861,-0.0003056363297082587,-0.0003056363297082587,0.0,0.0,-0.0,0.0,0.0,0.0,1.0,1.0,0.0,False
2020-10-19,87501.49177355206,0.00854338897153073,0.00854338897153073,0.0,0.0,-0.0,0.0,0.0,0.0,1.0,1.0,0.0,False
2020-10-20,86831.43417876126,-0.0076576705289191915,-0.007657670528919192,0.0,0.0,-0.0,0.0,0.0,0.0,1.0,1.0,0.0,False
2020-10-21,86211.92670910362,-0.0071345990713714835,-0.007134599071371594,0.0,0.0,-0.0,0.0,0.0,0.0,1.0,1.0,0.0,False
2020-10-22,86610.08715363314,0.004618391674193756,0.004618391674193756,0.0,0.0,-0.0,0.0,0.0,0.0,1.0,1.0,0.0,False
2020-10-23,86469.5805683772,-0.0016222889258464823,-0.0016222889258463713,0.0,0.0,-0.0,0.0,0.0,0.0,1.0,1.0,0.0,False
2020-10-26,86930.45284250322,0.005329877525675819,0.005329877525675819,0.0,0.0,-0.0,0.0,0.0,0.0,1.0,1.0,0.0,False
2020-10-27,86934.0018361047,4.08256656376782e-05,4.08256656376782e-05,0.0,0.0,-0.0,0.0,0.0,0.0,1.0,1.0,0.0,False
2020-10-28,87435.02936735087,0.005763309184716459,0.005763309184716459,0.0,0.0,-0.0,0.0,0.0,0.0,1.0,1.0,0.0,False
2020-10-29,86724.12793936681,-0.00813062491232519,-0.00813062491232508,0.0,0.0,-0.0,0.0,0.0,0.0,1.0,1.0,0.0,False
2020-10-30,86728.7523121492,5.3322793693855175e-05,5.3322793693855175e-05,0.0,0.0,-0.0,0.0,0.0,0.0,1.0,1.0,0.0,False
2020-11-02,86595.57856843327,-0.0015355201149050979,-0.0015355201149050979,0.0,0.0,-0.0,0.0,0.0,0.0,1.0,1.0,0.0,False
2020-11-03,85766.2416808273,-0.009577127392833007,-0.009577127392833007,0.0,0.0,-0.0,0.0,0.0,0.0,1.0,1.0,0.0,False
2020-11-04,84706.35759676303,-0.012357823582949456,-0.012357823582949456,0.0,0.0,-0.0,0.0,0.0,0.0,1.0,1.0,0.0,False
2020-11-05,85183.76197443144,0.005635992282197355,0.005635992282197355,0.0,0.0,-0.0,0.0,0.0,0.0,1.0,1.0,0.0,False
2020-11-06,84957.37598519787,-0.0026576190577439762,-0.0026576190577439762,0.0,0.0,-0.0,0.0,0.0,0.0,1.0,1.0,0.0,False
2020-11-09,84275.31758959431,-0.008028242253178663,-0.008028242253178663,0.0,0.0,-0.0,0.0,0.0,0.0,1.0,1.0,0.0,False
2020-11-10,84223.1148035956,-0.0006194314953866797,-0.0006194314953867908,0.0,0.0,-0.0,0.0,0.0,0.0,1.0,1.0,0.0,False
2020-11-11,84995.79036460134,0.009174150858794361,0.009174150858794361,0.0,0.0,-0.0,0.0,0.0,0.0,1.0,1.0,0.0,False
2020-11-12,83457.71480690128,-0.018095902762975347,-0.018095902762975347,0.0,0.0,-0.0,0.0,0.0,0.0,1.0,1.0,0.0,False
2020-11-13,82470.9851045149,-0.011823109519226715,-0.011823109519226604,0.0,0.0,-0.0,0.0,0.0,0.0,1.0,1.0,0.0,False
2020-11-16,81874.46492025895,-0.007233091535162162,-0.007233091535162162,0.0,0.0,-0.0,0.0,0.0,0.0,1.0,1.0,0.0,False
2020-11-17,82843.81199292112,0.011839430933762607,0.011839430933762607,0.0,0.0,-0.0,0.0,0.0,0.0,1.0,1.0,0.0,False
2020-11-18,83043.52322779696,0.002410695863354295,0.002410695863354295,0.0,0.0,-0.0,0.0,0.0,0.0,1.0,1.0,0.0,False
2020-11-19,83565.74557293177,0.006288537923689663,0.006288537923689663,0.0,0.0,-0.0,0.0,0.0,0.0,1.0,1.0,0.0,False
2020-11-20,82816.0532565285,-0.008971287353009783,-0.008971287353009783,0.0,0.0,-0.0,0.0,0.0,0.0,1.0,1.0,0.0,False
2020-11-23,82086.751323165,-0.008806287002164126,-0.008806287002164237,0.0,0.0,-0.0,0.0,0.0,0.0,1.0,1.0,0.0,False
2020-11-24,82393.14092149322,0.003732509733781697,0.003732509733781697,0.0,0.0,-0.0,0.0,0.0,0.0,1.0,1.0,0.0,False
2020-11-25,82443.91113391842,0.0006161946474836366,0.0006161946474836366,0.0,0.0,-0.0,0.0,0.0,0.0,1.0,1.0,0.0,False
2020-11-27,82818.19911593382,0.004539910550912962,0.004539910550912962,0.0,0.0,-0.0,0.0,0.0,0.0,1.0,1.0,0.0,False
2020-11-30,82706.28125784123,-0.001351367927427738,-0.001351367927427627,0.0,0.0,-0.0,0.0,0.0,0.0,1.0,1.0,0.0,False
2020-12-01,82902.721066192,0.0023751498116371117,0.0023751498116371117,0.0,0.0,-0.0,0.0,0.0,0.0,1.0,1.0,0.0,False
2020-12-02,83020.02449348096,0.001414952679240855,0.001414952679240855,0.0,0.0,-0.0,0.0,0.0,0.0,1.0,1.0,0.0,False
2020-12-03,83549.03963869148,0.00637213911267942,0.006372139112679421,0.0,0.0,-0.0,0.0,0.0,0.0,1.0,1.0,0.0,False
2020-12-04,84100.97013013273,0.00660606625555582,0.00660606625555582,0.0,0.0,-0.0,0.0,0.0,0.0,1.0,1.0,0.0,False
2020-12-07,83023.7228259324,-0.012808975955134194,-0.012808975955134083,0.0,0.0,-0.0,0.0,0.0,0.0,1.0,1.0,0.0,False
2020-12-08,81543.56357112387,-0.017828148442726843,-0.017828148442726843,0.0,0.0,-0.0,0.0,0.0,0.0,1.0,1.0,0.0,False
2020-12-09,82209.28222178335,0.008163963181212042,0.008163963181212042,0.0,0.0,-0.0,0.0,0.0,0.0,1.0,1.0,0.0,False
2020-12-10,83002.74983326753,0.009651800746095507,0.009651800746095507,0.0,0.0,-0.0,0.0,0.0,0.0,1.0,1.0,0.0,False
2020-12-11,82337.48410844062,-0.008014984156106464,-0.008014984156106575,0.0,0.0,-0.0,0.0,0.0,0.0,1.0,1.0,0.0,False
2020-12-14,81124.76138521076,-0.014728683252364982,-0.014728683252364984,0.0,0.0,-0.0,0.0,0.0,0.0,1.0,1.0,0.0,False
2020-12-15,81201.20350920282,0.0009422785680575085,0.0009422785680575085,0.0,0.0,-0.0,0.0,0.0,0.0,1.0,1.0,0.0,False
2020-12-16,81818.06516374547,0.007596705810804183,0.007596705810804184,0.0,0.0,-0.0,0.0,0.0,0.0,1.0,1.0,0.0,False
2020-12-17,83006.94351971621,0.014530756179474524,0.014530756179474524,0.0,0.0,-0.0,0.0,0.0,0.0,1.0,1.0,0.0,False
2020-12-18,83362.2448284985,0.004280380576811682,0.004280380576811682,0.0,0.0,-0.0,0.0,0.0,0.0,1.0,1.0,0.0,False
2020-12-21,83126.85205908184,-0.002823733572685505,-0.002823733572685505,0.0,0.0,-0.0,0.0,0.0,0.0,1.0,1.0,0.0,False
2020-12-22,82545.37599049133,-0.006995044972678888,-0.006995044972678887,0.0,0.0,-0.0,0.0,0.0,0.0,1.0,1.0,0.0,False
2020-12-23,82565.31980630216,0.00024161033336533855,0.00024161033336533852,0.0,0.0,-0.0,0.0,0.0,0.0,1.0,1.0,0.0,False
2020-12-24,82380.0335164089,-0.00224411763108201,-0.00224411763108201,0.0,0.0,-0.0,0.0,0.0,0.0,1.0,1.0,0.0,False
2020-12-28,81723.4198966734,-0.007970543245830575,-0.007970543245830575,0.0,0.0,-0.0,0.0,0.0,0.0,1.0,1.0,0.0,False
2020-12-29,83075.12895622736,0.016540045206906218,0.016540045206906218,0.0,0.0,-0.0,0.0,0.0,0.0,1.0,1.0,0.0,False
2020-12-30,84274.0149872566,0.014431347216577128,0.014431347216577128,0.0,0.0,-0.0,0.0,0.0,0.0,1.0,1.0,0.0,False
2020-12-31,85052.57115977831,0.009238389468443353,0.009238389468443353,0.0,0.0,-0.0,0.0,0.0,0.0,1.0,1.0,0.0,False
2021-01-04,84438.76349355491,-0.007216803182472975,-0.007216803182472975,0.0,0.0,-0.0,0.0,0.0,0.0,1.0,1.0,0.0,False
2021-01-05,85029.003504133,0.0069901545943782395,0.006990154594378239,0.0,0.0,-0.0,0.0,0.0,0.0,1.0,1.0,0.0,False
2021-01-06,85476.85222437487,0.005267011275983169,0.005267011275983169,0.0,0.0,-0.0,0.0,0.0,0.0,1.0,1.0,0.0,False
2021-01-07,85792.2930075896,0.0036903649936324,0.0036903649936324,0.0,0.0,-0.0,0.0,0.0,0.0,1.0,1.0,0.0,False
2021-01-08,86662.85504155375,0.010147322136350168,0.010147322136350168,0.0,0.0,-0.0,0.0,0.0,0.0,1.0,1.0,0.0,False
2021-01-11,87116.35908782097,0.005232969142890287,0.005232969142890287,0.0,0.0,-0.0,0.0,0.0,0.0,1.0,1.0,0.0,False
2021-01-12,87645.16530920404,0.0060701138904346585,0.006070113890434659,0.0,0.0,-0.0,0.0,0.0,0.0,1.0,1.0,0.0,False
2021-01-13,88104.88613594144,0.005245250266977752,0.005245250266977752,0.0,0.0,-0.0,0.0,0.0,0.0,1.0,1.0,0.0,False
2021-01-14,88358.30497444689,0.0028763312640167626,0.0028763312640167626,0.0,0.0,-0.0,0.0,0.0,0.0,1.0,1.0,0.0,False
2021-01-15,87110.78387095223,-0.014118889037713411,-0.014118889037713411,0.0,0.0,-0.0,0.0,0.0,0.0,1.0,1.0,0.0,False
2021-01-19,87182.12486934382,0.0008189686192845436,0.0008189686192845435,0.0,0.0,-0.0,0.0,0.0,0.0,1.0,1.0,0.0,False
2021-01-20,86807.28221361255,-0.004299535670792998,-0.004299535670792998,0.0,0.0,-0.0,0.0,0.0,0.0,1.0,1.0,0.0,False
2021-01-21,85931.50718435743,-0.010088727661120012,-0.010088727661120012,0.0,0.0,-0.0,0.0,0.0,0.0,1.0,1.0,0.0,False
2021-01-22,87100.56520566884,0.013604532954406556,0.013604532954406558,0.0,0.0,-0.0,0.0,0.0,0.0,1.0,1.0,0.0,False
2021-01-25,88318.40206188259,0.013981962727085628,0.01398196272708563,0.0,0.0,-0.0,0.0,0.0,0.0,1.0,1.0,0.0,False
2021-01-26,89292.00335393348,0.011023764802365,0.011023764802365,0.0,0.0,-0.0,0.0,0.0,0.0,1.0,1.0,0.0,False
2021-01-27,89487.70529262748,0.0021917073348469707,0.0021917073348469707,0.0,0.0,-0.0,0.0,0.0,0.0,1.0,1.0,0.0,False
2021-01-28,90468.0431906984,0.010955000967621142,0.010955000967621142,0.0,0.0,-0.0,0.0,0.0,0.0,1.0,1.0,0.0,False
2021-01-29,90490.33681848318,0.00024642544481467965,0.00024642544481467965,0.0,0.0,-0.0,0.0,0.0,0.0,1.0,1.0,0.0,False
2021-02-01,90650.71992014475,0.0017723782151821688,0.001772378215182169,0.0,0.0,-0.0,0.0,0.0,0.0,1.0,1.0,0.0,False
2021-02-02,89871.3257925772,-0.00859777096369585,-0.00859777096369585,0.0,0.0,-0.0,0.0,0.0,0.0,1.0,1.0,0.0,False
2021-02-03,90170.2315703536,0.0033259304359909425,0.0033259304359909425,0.0,0.0,-0.0,0.0,0.0,0.0,1.0,1.0,0.0,False
2021-02-04,90227.31721028613,0.000633087427395429,0.000633087427395429,0.0,0.0,-0.0,0.0,0.0,0.0,1.0,1.0,0.0,False
2021-02-05,89300.57286178549,-0.010271216934675587,-0.010271216934675587,0.0,0.0,-0.0,0.0,0.0,0.0,1.0,1.0,0.0,False
2021-02-08,89277.39249640203,-0.0002595768945328203,-0.0002595768945328203,0.0,0.0,-0.0,0.0,0.0,0.0,1.0,1.0,0.0,False
2021-02-09,89233.8397247484,-0.0004878365108544891,-0.0004878365108544891,0.0,0.0,-0.0,0.0,0.0,0.0,1.0,1.0,0.0,False
2021-02-10,90530.4510810255,0.014530489333157037,0.014530489333157037,0.0,0.0,-0.0,0.0,0.0,0.0,1.0,1.0,0.0,False
2021-02-11,91191.65893663152,0.007303706628107198,0.007303706628107198,0.0,0.0,-0.0,0.0,0.0,0.0,1.0,1.0,0.0,False
2021-02-12,91213.68751409609,0.00024156351273174614,0.00024156351273174612,0.0,0.0,-0.0,0.0,0.0,0.0,1.0,1.0,0.0,False
2021-02-16,91408.91203069256,0.0021402984784086865,0.0021402984784086865,0.0,0.0,-0.0,0.0,0.0,0.0,1.0,1.0,0.0,False
2021-02-17,91454.95461054351,0.0005036990248334927,0.0005036990248334927,0.0,0.0,-0.0,0.0,0.0,0.0,1.0,1.0,0.0,False
2021-02-18,91320.21293958052,-0.001473311878364414,-0.001473311878364414,0.0,0.0,-0.0,0.0,0.0,0.0,1.0,1.0,0.0,False
2021-02-19,90543.13111426473,-0.008509417579106282,-0.008509417579106282,0.0,0.0,-0.0,0.0,0.0,0.0,1.0,1.0,0.0,False
2021-02-22,90447.2989042581,-0.0010584150208555743,-0.0010584150208554632,0.0,0.0,-0.0,0.0,0.0,0.0,1.0,1.0,0.0,False
2021-02-23,89921.00542284259,-0.005818786053219949,-0.00581878605322006,0.0,0.0,-0.0,0.0,0.0,0.0,1.0,1.0,0.0,False
2021-02-24,89035.05653080982,-0.009852524311385391,-0.00985252431138528,0.0,0.0,-0.0,0.0,0.0,0.0,1.0,1.0,0.0,False
2021-02-25,89412.54509455361,0.004239774516380246,0.004239774516380246,0.0,0.0,-0.0,0.0,0.0,0.0,1.0,1.0,0.0,False
2021-02-26,89705.82872871928,0.003280117279465866,0.003280117279465866,0.0,0.0,-0.0,0.0,0.0,0.0,1.0,1.0,0.0,False
2021-03-01,88437.0599790038,-0.014143660090944477,-0.014143660090944475,0.0,0.0,-0.0,0.0,0.0,0.0,1.0,1.0,0.0,False
2021-03-02,88363.52658884338,-0.0008314770999610088,-0.0008314770999608978,0.0,0.0,-0.0,0.0,0.0,0.0,1.0,1.0,0.0,False
2021-03-03,89080.65060493181,0.00811561108719916,0.00811561108719916,0.0,0.0,-0.0,0.0,0.0,0.0,1.0,1.0,0.0,False
2021-03-04,89848.86342089913,0.00862378991117052,0.00862378991117052,0.0,0.0,-0.0,0.0,0.0,0.0,1.0,1.0,0.0,False
2021-03-05,90599.70294552045,0.008356694743081983,0.008356694743081983,0.0,0.0,-0.0,0.0,0.0,0.0,1.0,1.0,0.0,False
2021-03-08,90641.49710084971,0.00046130565521163014,0.00046130565521163014,0.0,0.0,-0.0,0.0,0.0,0.0,1.0,1.0,0.0,False
2021-03-09,90042.32393625322,-0.006610362623753141,-0.00661036262375314,0.0,0.0,-0.0,0.0,0.0,0.0,1.0,1.0,0.0,False
2021-03-10,89275.20019794516,-0.008519590618864425,-0.008519590618864537,0.0,0.0,-0.0,0.0,0.0,0.0,1.0,1.0,0.0,False
2021-03-11,89534.70885286112,0.002906839238002945,0.002906839238002945,0.0,0.0,-0.0,0.0,0.0,0.0,1.0,1.0,0.0,False
2021-03-12,89819.80887879376,0.0031842402749213683,0.003184240274921368,0.0,0.0,-0.0,0.0,0.0,0.0,1.0,1.0,0.0,False
2021-03-15,90758.30452539033,0.010448648892840584,0.010448648892840584,0.0,0.0,-0.0,0.0,0.0,0.0,1.0,1.0,0.0,False
2021-03-16,91570.57657568896,0.008949837202736566,0.008949837202736566,0.0,0.0,-0.0,0.0,0.0,0.0,1.0,1.0,0.0,False
2021-03-17,91487.44612762821,-0.0009078292522494147,-0.0009078292522494146,0.0,0.0,-0.0,0.0,0.0,0.0,1.0,1.0,0.0,False
2021-03-18,90590.53549803566,-0.009803647030886875,-0.009803647030886875,0.0,0.0,-0.0,0.0,0.0,0.0,1.0,1.0,0.0,False
2021-03-19,90372.85977832698,-0.0024028527760872054,-0.0024028527760873164,0.0,0.0,-0.0,0.0,0.0,0.0,1.0,1.0,0.0,False
2021-03-22,90543.47014175844,0.0018878495584842003,0.0018878495584842001,0.0,0.0,-0.0,0.0,0.0,0.0,1.0,1.0,0.0,False
2021-03-23,90410.6731159192,-0.0014666659631150658,-0.0014666659631151768,0.0,0.0,-0.0,0.0,0.0,0.0,1.0,1.0,0.0,False
2021-03-24,90006.25235447839,-0.004473152864621244,-0.004473152864621244,0.0,0.0,-0.0,0.0,0.0,0.0,1.0,1.0,0.0,False
2021-03-25,90201.84300811392,0.0021730785197591196,0.0021730785197591196,0.0,0.0,-0.0,0.0,0.0,0.0,1.0,1.0,0.0,False
2021-03-26,89851.7099479776,-0.0038816619312849188,-0.0038816619312848073,0.0,0.0,-0.0,0.0,0.0,0.0,1.0,1.0,0.0,False
2021-03-29,89413.72521180536,-0.00487452866980298,-0.00487452866980298,0.0,0.0,-0.0,0.0,0.0,0.0,1.0,1.0,0.0,False
2021-03-30,89649.92253572989,0.0026416226744274685,0.0026416226744274685,0.0,0.0,-0.0,0.0,0.0,0.0,1.0,1.0,0.0,False
2021-03-31,89375.06119476208,-0.0030659406410336043,-0.0030659406410336043,0.0,0.0,-0.0,0.0,0.0,0.0,1.0,1.0,0.0,False
2021-04-01,89563.0022115641,0.0021028351118268507,0.0021028351118268507,0.0,0.0,-0.0,0.0,0.0,0.0,1.0,1.0,0.0,False
2021-04-05,89772.18844191913,0.00233563218281696,0.00233563218281696,0.0,0.0,-0.0,0.0,0.0,0.0,1.0,1.0,0.0,False
2021-04-06,88967.34199016799,-0.008965432008732455,-0.008965432008732455,0.0,0.0,-0.0,0.0,0.0,0.0,1.0,1.0,0.0,False
2021-04-07,88638.16914229318,-0.003699928990923307,-0.003699928990923307,0.0,0.0,-0.0,0.0,0.0,0.0,1.0,1.0,0.0,False
2021-04-08,89671.00019237815,0.01165221551933171,0.011652215519331712,0.0,0.0,-0.0,0.0,0.0,0.0,1.0,1.0,0.0,False
2021-04-09,88850.81218472739,-0.009146636101874162,-0.009146636101874162,0.0,0.0,-0.0,0.0,0.0,0.0,1.0,1.0,0.0,False
2021-04-12,87359.60807131151,-0.01678323559176431,-0.0167832355917642,0.0,0.0,-0.0,0.0,0.0,0.0,1.0,1.0,0.0,False
2021-04-13,86071.51150950833,-0.014744761225939818,-0.014744761225939929,0.0,0.0,-0.0,0.0,0.0,0.0,1.0,1.0,0.0,False
2021-04-14,86104.46653304927,0.00038287957261329275,0.00038287957261329275,0.0,0.0,-0.0,0.0,0.0,0.0,1.0,1.0,0.0,False
2021-04-15,86138.67912888252,0.00039733822426168963,0.0003973382242616896,0.0,0.0,-0.0,0.0,0.0,0.0,1.0,1.0,0.0,False
2021-04-16,86070.55318085155,-0.0007908868434008953,-0.0007908868434010063,0.0,0.0,-0.0,0.0,0.0,0.0,1.0,1.0,0.0,False
2021-04-19,86919.5116857682,0.009863518631427981,0.009863518631427981,0.0,0.0,-0.0,0.0,0.0,0.0,1.0,1.0,0.0,False
2021-04-20,85073.97790258334,-0.021232675464823658,-0.021232675464823658,0.0,0.0,-0.0,0.0,0.0,0.0,1.0,1.0,0.0,False
2021-04-21,85356.20835674243,0.0033174709954466586,0.0033174709954466586,0.0,0.0,-0.0,0.0,0.0,0.0,1.0,1.0,0.0,False
2021-04-22,86435.23934391054,0.012641505614428672,0.012641505614428672,0.0,0.0,-0.0,0.0,0.0,0.0,1.0,1.0,0.0,False
2021-04-23,85668.36462708515,-0.008872246119133509,-0.00887224611913362,0.0,0.0,-0.0,0.0,0.0,0.0,1.0,1.0,0.0,False
2021-04-26,85420.91565986114,-0.002888452094319205,-0.002888452094319205,0.0,0.0,-0.0,0.0,0.0,0.0,1.0,1.0,0.0,False
2021-04-27,84919.2270615095,-0.005873135337828961,-0.005873135337828961,0.0,0.0,-0.0,0.0,0.0,0.0,1.0,1.0,0.0,False
2021-04-28,84324.38754590137,-0.0070047683686201845,-0.0070047683686201845,0.0,0.0,-0.0,0.0,0.0,0.0,1.0,1.0,0.0,False
2021-04-29,84116.94145400873,-0.0024600960401842675,-0.0024600960401842675,0.0,0.0,-0.0,0.0,0.0,0.0,1.0,1.0,0.0,False
2021-04-30,85090.16456350003,0.011569882269476084,0.011569882269476084,0.0,0.0,-0.0,0.0,0.0,0.0,1.0,1.0,0.0,False
2021-05-03,86353.67636485667,0.01484909340390006,0.01484909340390006,0.0,0.0,-0.0,0.0,0.0,0.0,1.0,1.0,0.0,False
2021-05-04,86134.55271937238,-0.0025375138003210784,-0.0025375138003211894,0.0,0.0,-0.0,0.0,0.0,0.0,1.0,1.0,0.0,False
2021-05-05,87460.20497781558,0.015390481712515447,0.015390481712515445,0.0,0.0,-0.0,0.0,0.0,0.0,1.0,1.0,0.0,False
2021-05-06,87498.21621631795,0.00043461181587689524,0.00043461181587689524,0.0,0.0,-0.0,0.0,0.0,0.0,1.0,1.0,0.0,False
2021-05-07,88738.89964179765,0.014179528213608572,0.014179528213608572,0.0,0.0,-0.0,0.0,0.0,0.0,1.0,1.0,0.0,False
2021-05-10,88685.97672067738,-0.0005963891972279312,-0.0005963891972279312,0.0,0.0,-0.0,0.0,0.0,0.0,1.0,1.0,0.0,False
2021-05-11,88792.26354766381,0.0011984626083691996,0.0011984626083691996,0.0,0.0,-0.0,0.0,0.0,0.0,1.0,1.0,0.0,False
2021-05-12,89065.19283275472,0.003073795781142641,0.003073795781142641,0.0,0.0,-0.0,0.0,0.0,0.0,1.0,1.0,0.0,False
2021-05-13,91343.55433919949,0.025580829434940222,0.025580829434940222,0.0,0.0,-0.0,0.0,0.0,0.0,1.0,1.0,0.0,False
2021-05-14,91979.33147366247,0.006960284598758415,0.006960284598758414,0.0,0.0,-0.0,0.0,0.0,0.0,1.0,1.0,0.0,False
2021-05-17,91472.69862426376,-0.005508116239611671,-0.005508116239611782,0.0,0.0,-0.0,0.0,0.0,0.0,1.0,1.0,0.0,False
2021-05-18,92195.51433029979,0.0079019829622069,0.0079019829622069,0.0,0.0,-0.0,0.0,0.0,0.0,1.0,1.0,0.0,False
2021-05-19,91942.46896258592,-0.002744660296674639,-0.002744660296674639,0.0,0.0,-0.0,0.0,0.0,0.0,1.0,1.0,0.0,False
2021-05-20,91596.02960500377,-0.003768001463209769,-0.003768001463209769,0.0,0.0,-0.0,0.0,0.0,0.0,1.0,1.0,0.0,False
2021-05-21,92275.56322592312,0.007418810879136872,0.007418810879136872,0.0,0.0,-0.0,0.0,0.0,0.0,1.0,1.0,0.0,False
2021-05-24,92312.35208136536,0.0003986847021693052,0.0003986847021693052,0.0,0.0,-0.0,0.0,0.0,0.0,1.0,1.0,0.0,False
2021-05-25,92531.92691739199,0.0023786073160945165,0.0023786073160945165,0.0,0.0,-0.0,0.0,0.0,0.0,1.0,1.0,0.0,False
2021-05-26,92556.15934265009,0.00026188177492225684,0.00026188177492225684,0.0,0.0,-0.0,0.0,0.0,0.0,1.0,1.0,0.0,False
2021-05-27,92819.26549853661,0.0028426650128434705,0.0028426650128434705,0.0,0.0,-0.0,0.0,0.0,0.0,1.0,1.0,0.0,False
2021-05-28,93148.74856805698,0.0035497271794890928,0.0035497271794890928,0.0,0.0,-0.0,0.0,0.0,0.0,1.0,1.0,0.0,False
2021-06-01,91719.31251394845,-0.015345735461643417,-0.015345735461643306,0.0,0.0,-0.0,0.0,0.0,0.0,1.0,1.0,0.0,False
2021-06-02,92222.17110606919,0.005482581348876359,0.005482581348876359,0.0,0.0,-0.0,0.0,0.0,0.0,1.0,1.0,0.0,False
2021-06-03,91511.4927280145,-0.007706155358642497,-0.007706155358642498,0.0,0.0,-0.0,0.0,0.0,0.0,1.0,1.0,0.0,False
2021-06-04,90469.3238770808,-0.011388393084475035,-0.011388393084475146,0.0,0.0,-0.0,0.0,0.0,0.0,1.0,1.0,0.0,False
2021-06-07,90440.61886975264,-0.00031728995086954814,-0.0003172899508694371,0.0,0.0,-0.0,0.0,0.0,0.0,1.0,1.0,0.0,False
2021-06-08,90514.94731388758,0.0008218480265154149,0.0008218480265154148,0.0,0.0,-0.0,0.0,0.0,0.0,1.0,1.0,0.0,False
2021-06-09,90026.34316439973,-0.0053980493165781684,-0.0053980493165782795,0.0,0.0,-0.0,0.0,0.0,0.0,1.0,1.0,0.0,False
2021-06-10,90638.36518946615,0.006798254861344111,0.006798254861344112,0.0,0.0,-0.0,0.0,0.0,0.0,1.0,1.0,0.0,False
2021-06-11,89678.7404412225,-0.01058740133096725,-0.01058740133096725,0.0,0.0,-0.0,0.0,0.0,0.0,1.0,1.0,0.0,False
2021-06-14,89400.23862972586,-0.003105549990180534,-0.0031055499901805343,0.0,0.0,-0.0,0.0,0.0,0.0,1.0,1.0,0.0,False
2021-06-15,88995.34556766941,-0.004528993079463861,-0.004528993079463972,0.0,0.0,-0.0,0.0,0.0,0.0,1.0,1.0,0.0,False
2021-06-16,88975.52646772133,-0.00022269816271480725,-0.00022269816271469622,0.0,0.0,-0.0,0.0,0.0,0.0,1.0,1.0,0.0,False
2021-06-17,89187.36956900776,0.0023809142771780145,0.0023809142771780145,0.0,0.0,-0.0,0.0,0.0,0.0,1.0,1.0,0.0,False
2021-06-18,88481.61710657054,-0.007913143596988248,-0.007913143596988248,0.0,0.0,-0.0,0.0,0.0,0.0,1.0,1.0,0.0,False
2021-06-21,89007.57496948534,0.005944261419649655,0.0059442614196496555,0.0,0.0,-0.0,0.0,0.0,0.0,1.0,1.0,0.0,False
2021-06-22,89065.78760991321,0.0006540189466774926,0.0006540189466774926,0.0,0.0,-0.0,0.0,0.0,0.0,1.0,1.0,0.0,False
2021-06-23,87731.0860127199,-0.014985570026495365,-0.014985570026495254,0.0,0.0,-0.0,0.0,0.0,0.0,1.0,1.0,0.0,False
2021-06-24,86369.6108426518,-0.015518731523176399,-0.015518731523176399,0.0,0.0,-0.0,0.0,0.0,0.0,1.0,1.0,0.0,False
2021-06-25,86374.0541839889,5.144565656545197e-05,5.144565656545196e-05,0.0,0.0,-0.0,0.0,0.0,0.0,1.0,1.0,0.0,False
2021-06-28,86234.32354748154,-0.0016177385422908586,-0.0016177385422908586,0.0,0.0,-0.0,0.0,0.0,0.0,1.0,1.0,0.0,False
2021-06-29,86175.91178773117,-0.0006773609085971577,-0.0006773609085970467,0.0,0.0,-0.0,0.0,0.0,0.0,1.0,1.0,0.0,False
2021-06-30,86169.54686485491,-7.385965224171454e-05,-7.385965224160351e-05,0.0,0.0,-0.0,0.0,0.0,0.0,1.0,1.0,0.0,False
2021-07-01,86337.96341017667,0.0019544787160816757,0.0019544787160816757,0.0,0.0,-0.0,0.0,0.0,0.0,1.0,1.0,0.0,False
2021-07-02,87005.45920341418,0.007731196878786095,0.007731196878786095,0.0,0.0,-0.0,0.0,0.0,0.0,1.0,1.0,0.0,False
2021-07-06,86245.13248527475,-0.008738839207340199,-0.008738839207340199,0.0,0.0,-0.0,0.0,0.0,0.0,1.0,1.0,0.0,False
2021-07-07,85449.45449275787,-0.009225772743206462,-0.009225772743206462,0.0,0.0,-0.0,0.0,0.0,0.0,1.0,1.0,0.0,False
2021-07-08,84714.88049300863,-0.00859659086309894,-0.008596590863099052,0.0,0.0,-0.0,0.0,0.0,0.0,1.0,1.0,0.0,False
2021-07-09,84923.39205253565,0.002461333337349547,0.002461333337349547,0.0,0.0,-0.0,0.0,0.0,0.0,1.0,1.0,0.0,False
2021-07-12,85781.93179591608,0.010109579029171645,0.010109579029171645,0.0,0.0,-0.0,0.0,0.0,0.0,1.0,1.0,0.0,False
2021-07-13,85498.79004350989,-0.003300715505915819,-0.00330071550591593,0.0,0.0,-0.0,0.0,0.0,0.0,1.0,1.0,0.0,False
2021-07-14,83800.4763841949,-0.019863598753277367,-0.019863598753277367,0.0,0.0,-0.0,0.0,0.0,0.0,1.0,1.0,0.0,False
2021-07-15,82670.6831465164,-0.013481942900882893,-0.013481942900882891,0.0,0.0,-0.0,0.0,0.0,0.0,1.0,1.0,0.0,False
2021-07-16,82132.14202931093,-0.006514293782368119,-0.006514293782368119,0.0,0.0,-0.0,0.0,0.0,0.0,1.0,1.0,0.0,False
2021-07-19,81778.00210500248,-0.004311831099961583,-0.004311831099961583,0.0,0.0,-0.0,0.0,0.0,0.0,1.0,1.0,0.0,False
2021-07-20,81523.09115716387,-0.0031171090180377448,-0.0031171090180377448,0.0,0.0,-0.0,0.0,0.0,0.0,1.0,1.0,0.0,False
2021-07-21,81560.4816400832,0.0004586489838473984,0.0004586489838473984,0.0,0.0,-0.0,0.0,0.0,0.0,1.0,1.0,0.0,False
2021-07-22,81369.30626519797,-0.0023439706465794297,-0.0023439706465794297,0.0,0.0,-0.0,0.0,0.0,0.0,1.0,1.0,0.0,False
2021-07-23,82064.58395030984,0.008544716884347325,0.008544716884347325,0.0,0.0,-0.0,0.0,0.0,0.0,1.0,1.0,0.0,False
2021-07-26,81633.07700643079,-0.005258138445450866,-0.005258138445450866,0.0,0.0,-0.0,0.0,0.0,0.0,1.0,1.0,0.0,False
2021-07-27,81082.17262086258,-0.006748543675804464,-0.0067485436758044645,0.0,0.0,-0.0,0.0,0.0,0.0,1.0,1.0,0.0,False
2021-07-28,81404.9610993815,0.003981004308163616,0.003981004308163616,0.0,0.0,-0.0,0.0,0.0,0.0,1.0,1.0,0.0,False
2021-07-29,80417.10077982713,-0.01213513655940901,-0.012135136559408899,0.0,0.0,-0.0,0.0,0.0,0.0,1.0,1.0,0.0,False
2021-07-30,80679.86636206236,0.00326753364256005,0.00326753364256005,0.0,0.0,-0.0,0.0,0.0,0.0,1.0,1.0,0.0,False
2021-08-02,80758.16015928099,0.0009704254698101877,0.0009704254698101876,0.0,0.0,-0.0,0.0,0.0,0.0,1.0,1.0,0.0,False
2021-08-03,80675.01640958413,-0.0010295399193452903,-0.0010295399193452903,0.0,0.0,-0.0,0.0,0.0,0.0,1.0,1.0,0.0,False
2021-08-04,81712.19127010331,0.012856208857194185,0.012856208857194185,0.0,0.0,-0.0,0.0,0.0,0.0,1.0,1.0,0.0,False
2021-08-05,81317.712628557,-0.004827659562357756,-0.004827659562357756,0.0,0.0,-0.0,0.0,0.0,0.0,1.0,1.0,0.0,False
2021-08-06,82670.22016192983,0.016632385364192537,0.016632385364192537,0.0,0.0,-0.0,0.0,0.0,0.0,1.0,1.0,0.0,False
2021-08-09,82533.52895464125,-0.001653451593824573,-0.001653451593824684,0.0,0.0,-0.0,0.0,0.0,0.0,1.0,1.0,0.0,False
2021-08-10,81702.73559409243,-0.01006613155976166,-0.01006613155976177,0.0,0.0,-0.0,0.0,0.0,0.0,1.0,1.0,0.0,False
2021-08-11,81760.6919727425,0.00070935664795857,0.00070935664795857,0.0,0.0,-0.0,0.0,0.0,0.0,1.0,1.0,0.0,False
2021-08-12,81068.99965805518,-0.008459961602549915,-0.008459961602550026,0.0,0.0,-0.0,0.0,0.0,0.0,1.0,1.0,0.0,False
2021-08-13,80593.60725144923,-0.005864046782507959,-0.005864046782507959,0.0,0.0,-0.0,0.0,0.0,0.0,1.0,1.0,0.0,False
2021-08-16,80861.6830593145,0.0033262664001239006,0.0033262664001239006,0.0,0.0,-0.0,0.0,0.0,0.0,1.0,1.0,0.0,False
2021-08-17,81233.21473390028,0.004594656709201228,0.004594656709201228,0.0,0.0,-0.0,0.0,0.0,0.0,1.0,1.0,0.0,False
2021-08-18,80841.07425694837,-0.004827341602033908,-0.004827341602034019,0.0,0.0,-0.0,0.0,0.0,0.0,1.0,1.0,0.0,False
2021-08-19,81491.78355930603,0.008049241160371201,0.008049241160371201,0.0,0.0,-0.0,0.0,0.0,0.0,1.0,1.0,0.0,False
2021-08-20,82258.62630031894,0.009410062064169056,0.009410062064169056,0.0,0.0,-0.0,0.0,0.0,0.0,1.0,1.0,0.0,False
2021-08-23,83216.15076984504,0.011640414052506376,0.011640414052506376,0.0,0.0,-0.0,0.0,0.0,0.0,1.0,1.0,0.0,False
2021-08-24,83581.07915971613,0.0043853072570056995,0.0043853072570056995,0.0,0.0,-0.0,0.0,0.0,0.0,1.0,1.0,0.0,False
2021-08-25,84505.27106649782,0.011057429696685883,0.011057429696685883,0.0,0.0,-0.0,0.0,0.0,0.0,1.0,1.0,0.0,False
2021-08-26,83246.44780933866,-0.014896387423792623,-0.014896387423792623,0.0,0.0,-0.0,0.0,0.0,0.0,1.0,1.0,0.0,False
2021-08-27,83047.2180492409,-0.002393252389027656,-0.002393252389027656,0.0,0.0,-0.0,0.0,0.0,0.0,1.0,1.0,0.0,False
2021-08-30,82483.65613537443,-0.006786042050587526,-0.006786042050587526,0.0,0.0,-0.0,0.0,0.0,0.0,1.0,1.0,0.0,False
2021-08-31,82574.70216324815,0.001103806889019232,0.001103806889019232,0.0,0.0,-0.0,0.0,0.0,0.0,1.0,1.0,0.0,False
2021-09-01,82209.5903759599,-0.004421593753573982,-0.004421593753573982,0.0,0.0,-0.0,0.0,0.0,0.0,1.0,1.0,0.0,False
2021-09-02,82112.64366952077,-0.0011792627355978746,-0.0011792627355978746,0.0,0.0,-0.0,0.0,0.0,0.0,1.0,1.0,0.0,False
2021-09-03,83361.36340816654,0.015207399041632375,0.015207399041632375,0.0,0.0,-0.0,0.0,0.0,0.0,1.0,1.0,0.0,False
2021-09-07,83260.68302366209,-0.0012077583713629991,-0.0012077583713629991,0.0,0.0,-0.0,0.0,0.0,0.0,1.0,1.0,0.0,False
2021-09-08,83548.79317378925,0.003460338537521812,0.003460338537521812,0.0,0.0,-0.0,0.0,0.0,0.0,1.0,1.0,0.0,False
2021-09-09,83406.07891511367,-0.0017081546393939995,-0.0017081546393939993,0.0,0.0,-0.0,0.0,0.0,0.0,1.0,1.0,0.0,False
2021-09-10,83469.10941471295,0.0007557063036547351,0.0007557063036547351,0.0,0.0,-0.0,0.0,0.0,0.0,1.0,1.0,0.0,False
2021-09-13,83485.64743678621,0.00019813344348862394,0.00019813344348862394,0.0,0.0,-0.0,0.0,0.0,0.0,1.0,1.0,0.0,False
2021-09-14,83797.59928317583,0.003736592527785465,0.003736592527785465,0.0,0.0,-0.0,0.0,0.0,0.0,1.0,1.0,0.0,False
2021-09-15,84591.36871431189,0.009472460284377426,0.009472460284377426,0.0,0.0,-0.0,0.0,0.0,0.0,1.0,1.0,0.0,False
2021-09-16,85718.8999241711,0.013329151980826737,0.013329151980826737,0.0,0.0,-0.0,0.0,0.0,0.0,1.0,1.0,0.0,False
2021-09-17,85944.0801016852,0.002626960655273347,0.002626960655273347,0.0,0.0,-0.0,0.0,0.0,0.0,1.0,1.0,0.0,False
2021-09-20,86362.3162320776,0.004866375088284913,0.004866375088284913,0.0,0.0,-0.0,0.0,0.0,0.0,1.0,1.0,0.0,False
2021-09-21,85580.13998205193,-0.009056916073484689,-0.009056916073484689,0.0,0.0,-0.0,0.0,0.0,0.0,1.0,1.0,0.0,False
2021-09-22,85532.81297171248,-0.0005530139393248312,-0.0005530139393248312,0.0,0.0,-0.0,0.0,0.0,0.0,1.0,1.0,0.0,False
2021-09-23,86189.04771717152,0.00767231571906879,0.0076723157190687905,0.0,0.0,-0.0,0.0,0.0,0.0,1.0,1.0,0.0,False
2021-09-24,86799.07217271398,0.007077749107337272,0.007077749107337272,0.0,0.0,-0.0,0.0,0.0,0.0,1.0,1.0,0.0,False
2021-09-27,86959.0322612945,0.0018428778623604813,0.0018428778623604816,0.0,0.0,-0.0,0.0,0.0,0.0,1.0,1.0,0.0,False
2021-09-28,87588.71580354398,0.0072411516765436,0.0072411516765436,0.0,0.0,-0.0,0.0,0.0,0.0,1.0,1.0,0.0,False
2021-09-29,87945.73911731371,0.004076133671950588,0.004076133671950588,0.0,0.0,-0.0,0.0,0.0,0.0,1.0,1.0,0.0,False
2021-09-30,88803.42554657934,0.009752450066074614,0.009752450066074614,0.0,0.0,-0.0,0.0,0.0,0.0,1.0,1.0,0.0,False
2021-10-01,89022.31473521983,0.0024648732556569186,0.0024648732556569186,0.0,0.0,-0.0,0.0,0.0,0.0,1.0,1.0,0.0,False
2021-10-04,88782.34738323369,-0.002695586524568361,-0.0026955865245682498,0.0,0.0,-0.0,0.0,0.0,0.0,1.0,1.0,0.0,False
2021-10-05,89034.19893645037,0.002836730055464143,0.002836730055464143,0.0,0.0,-0.0,0.0,0.0,0.0,1.0,1.0,0.0,False
2021-10-06,86960.16908499709,-0.02329475500682221,-0.02329475500682221,0.0,0.0,-0.0,0.0,0.0,0.0,1.0,1.0,0.0,False
2021-10-07,87239.57957737007,0.0032130858910803806,0.003213085891080381,0.0,0.0,-0.0,0.0,0.0,0.0,1.0,1.0,0.0,False
2021-10-08,84706.37750633531,-0.029037302601718107,-0.029037302601718107,0.0,0.0,-0.0,0.0,0.0,0.0,1.0,1.0,0.0,False
2021-10-11,83551.17672691296,-0.013637707259243181,-0.013637707259243292,0.0,0.0,-0.0,0.0,0.0,0.0,1.0,1.0,0.0,False
2021-10-12,83865.67578915713,0.003764148807527956,0.003764148807527956,0.0,0.0,-0.0,0.0,0.0,0.0,1.0,1.0,0.0,False
2021-10-13,84198.64220515772,0.0039702346981342895,0.0039702346981342895,0.0,0.0,-0.0,0.0,0.0,0.0,1.0,1.0,0.0,False
2021-10-14,83428.27260190465,-0.009149430241119472,-0.009149430241119472,0.0,0.0,-0.0,0.0,0.0,0.0,1.0,1.0,0.0,False
2021-10-15,82965.51129663293,-0.0055468163350317345,-0.0055468163350316235,0.0,0.0,-0.0,0.0,0.0,0.0,1.0,1.0,0.0,False
2021-10-18,83887.61719431436,0.011114327908913202,0.011114327908913202,0.0,0.0,-0.0,0.0,0.0,0.0,1.0,1.0,0.0,False
2021-10-19,83575.36726179044,-0.003722241052581454,-0.0037222410525815652,0.0,0.0,-0.0,0.0,0.0,0.0,1.0,1.0,0.0,False
2021-10-20,85087.52667766379,0.018093362499223886,0.018093362499223886,0.0,0.0,-0.0,0.0,0.0,0.0,1.0,1.0,0.0,False
2021-10-21,85098.98296219857,0.00013464117458927838,0.00013464117458927838,0.0,0.0,-0.0,0.0,0.0,0.0,1.0,1.0,0.0,False
2021-10-22,85389.53551895796,0.0034142894150503977,0.0034142894150503977,0.0,0.0,-0.0,0.0,0.0,0.0,1.0,1.0,0.0,False
2021-10-25,86506.85718032812,0.01308499518798878,0.01308499518798878,0.0,0.0,-0.0,0.0,0.0,0.0,1.0,1.0,0.0,False
2021-10-26,86610.51116112352,0.0011982169295472467,0.0011982169295472467,0.0,0.0,-0.0,0.0,0.0,0.0,1.0,1.0,0.0,False
2021-10-27,85928.99454158243,-0.00786875184552649,-0.00786875184552649,0.0,0.0,-0.0,0.0,0.0,0.0,1.0,1.0,0.0,False
2021-10-28,85866.4537339821,-0.0007278196135539483,-0.0007278196135540593,0.0,0.0,-0.0,0.0,0.0,0.0,1.0,1.0,0.0,False
2021-10-29,85854.8715609902,-0.00013488588952070835,-0.00013488588952070835,0.0,0.0,-0.0,0.0,0.0,0.0,1.0,1.0,0.0,False
2021-11-01,84930.39203761474,-0.010767933217612713,-0.010767933217612602,0.0,0.0,-0.0,0.0,0.0,0.0,1.0,1.0,0.0,False
2021-11-02,84769.30825150221,-0.0018966565707266847,-0.0018966565707265737,0.0,0.0,-0.0,0.0,0.0,0.0,1.0,1.0,0.0,False
2021-11-03,84278.70276455677,-0.005787536751979405,-0.005787536751979405,0.0,0.0,-0.0,0.0,0.0,0.0,1.0,1.0,0.0,False
2021-11-04,84914.57395130035,0.00754486205749938,0.00754486205749938,0.0,0.0,-0.0,0.0,0.0,0.0,1.0,1.0,0.0,False
2021-11-05,84950.82355779383,0.0004268949934822519,0.00042689499348225196,0.0,0.0,-0.0,0.0,0.0,0.0,1.0,1.0,0.0,False
2021-11-08,84771.37632701766,-0.0021123659931806538,-0.0021123659931806538,0.0,0.0,-0.0,0.0,0.0,0.0,1.0,1.0,0.0,False
2021-11-09,84712.08252626723,-0.0006994554449805124,-0.0006994554449806234,0.0,0.0,-0.0,0.0,0.0,0.0,1.0,1.0,0.0,False
2021-11-10,84875.99838533938,0.0019349761472493565,0.0019349761472493565,0.0,0.0,-0.0,0.0,0.0,0.0,1.0,1.0,0.0,False
2021-11-11,85307.55155323257,0.005084513597518159,0.005084513597518159,0.0,0.0,-0.0,0.0,0.0,0.0,1.0,1.0,0.0,False
2021-11-12,84638.08366608067,-0.007847697829355016,-0.007847697829355016,0.0,0.0,-0.0,0.0,0.0,0.0,1.0,1.0,0.0,False
2021-11-15,83945.51552906775,-0.008182701060970077,-0.008182701060970188,0.0,0.0,-0.0,0.0,0.0,0.0,1.0,1.0,0.0,False
2021-11-16,84699.97028624681,0.008987433723220306,0.008987433723220306,0.0,0.0,-0.0,0.0,0.0,0.0,1.0,1.0,0.0,False
2021-11-17,84433.27591520044,-0.0031486949776377005,-0.0031486949776377005,0.0,0.0,-0.0,0.0,0.0,0.0,1.0,1.0,0.0,False
2021-11-18,83488.9119519277,-0.011184736740775136,-0.011184736740775136,0.0,0.0,-0.0,0.0,0.0,0.0,1.0,1.0,0.0,False
2021-11-19,83797.86281045518,0.003700501675065082,0.003700501675065082,0.0,0.0,-0.0,0.0,0.0,0.0,1.0,1.0,0.0,False
2021-11-22,84121.06768536822,0.003856958448261505,0.003856958448261505,0.0,0.0,-0.0,0.0,0.0,0.0,1.0,1.0,0.0,False
2021-11-23,83103.56263141929,-0.012095722058053648,-0.012095722058053648,0.0,0.0,-0.0,0.0,0.0,0.0,1.0,1.0,0.0,False
2021-11-24,83268.59415072438,0.0019858537237089635,0.0019858537237089635,0.0,0.0,-0.0,0.0,0.0,0.0,1.0,1.0,0.0,False
2021-11-26,83771.0921997474,0.0060346647394269315,0.0060346647394269315,0.0,0.0,-0.0,0.0,0.0,0.0,1.0,1.0,0.0,False
2021-11-29,84034.55995929116,0.003145091613650397,0.003145091613650397,0.0,0.0,-0.0,0.0,0.0,0.0,1.0,1.0,0.0,False
2021-11-30,84472.03143040753,0.00520585187009126,0.00520585187009126,0.0,0.0,-0.0,0.0,0.0,0.0,1.0,1.0,0.0,False
2021-12-01,83535.73052799671,-0.011084152784726076,-0.011084152784726076,0.0,0.0,-0.0,0.0,0.0,0.0,1.0,1.0,0.0,False
2021-12-02,83769.49033702958,0.0027983212399695923,0.0027983212399695923,0.0,0.0,-0.0,0.0,0.0,0.0,1.0,1.0,0.0,False
2021-12-03,83579.2533364461,-0.002270958075763607,-0.0022709580757637182,0.0,0.0,-0.0,0.0,0.0,0.0,1.0,1.0,0.0,False
2021-12-06,83268.98029657145,-0.0037123212697971475,-0.0037123212697970365,0.0,0.0,-0.0,0.0,0.0,0.0,1.0,1.0,0.0,False
2021-12-07,83861.39286671866,0.007114444875357728,0.007114444875357727,0.0,0.0,-0.0,0.0,0.0,0.0,1.0,1.0,0.0,False
2021-12-08,84866.40424282767,0.011984196085393917,0.011984196085393917,0.0,0.0,-0.0,0.0,0.0,0.0,1.0,1.0,0.0,False
2021-12-09,86097.38807878361,0.014504960436802827,0.014504960436802827,0.0,0.0,-0.0,0.0,0.0,0.0,1.0,1.0,0.0,False
2021-12-10,87015.91487549209,0.010668462972047266,0.010668462972047266,0.0,0.0,-0.0,0.0,0.0,0.0,1.0,1.0,0.0,False
2021-12-13,86952.57830106211,-0.0007278734530413722,-0.0007278734530413722,0.0,0.0,-0.0,0.0,0.0,0.0,1.0,1.0,0.0,False
2021-12-14,87210.98060855857,0.0029717613042108404,0.0029717613042108404,0.0,0.0,-0.0,0.0,0.0,0.0,1.0,1.0,0.0,False
2021-12-15,87759.06525246086,0.006284582974273922,0.006284582974273922,0.0,0.0,-0.0,0.0,0.0,0.0,1.0,1.0,0.0,False
2021-12-16,87857.30482072657,0.001119423594395652,0.001119423594395652,0.0,0.0,-0.0,0.0,0.0,0.0,1.0,1.0,0.0,False
2021-12-17,87962.39212938548,0.0011961135032920733,0.0011961135032920733,0.0,0.0,-0.0,0.0,0.0,0.0,1.0,1.0,0.0,False
2021-12-20,88555.2608562361,0.006740025055009369,0.006740025055009369,0.0,0.0,-0.0,0.0,0.0,0.0,1.0,1.0,0.0,False
2021-12-21,88526.54582389994,-0.0003242611682073848,-0.0003242611682073848,0.0,0.0,-0.0,0.0,0.0,0.0,1.0,1.0,0.0,False
2021-12-22,88023.33477864029,-0.005684295490989366,-0.005684295490989255,0.0,0.0,-0.0,0.0,0.0,0.0,1.0,1.0,0.0,False
2021-12-23,87744.67186741068,-0.003165784526686921,-0.0031657845266869216,0.0,0.0,-0.0,0.0,0.0,0.0,1.0,1.0,0.0,False
2021-12-27,88202.81163289153,0.00522128302186986,0.00522128302186986,0.0,0.0,-0.0,0.0,0.0,0.0,1.0,1.0,0.0,False
2021-12-28,88218.15418823544,0.00017394632959955025,0.00017394632959955025,0.0,0.0,-0.0,0.0,0.0,0.0,1.0,1.0,0.0,False
2021-12-29,88471.48848092963,0.002871679814946626,0.002871679814946626,0.0,0.0,-0.0,0.0,0.0,0.0,1.0,1.0,0.0,False
2021-12-30,88959.02246786417,0.005510633937617415,0.005510633937617415,0.0,0.0,-0.0,0.0,0.0,0.0,1.0,1.0,0.0,False
2021-12-31,88705.60208027599,-0.0028487317031807846,-0.0028487317031808956,0.0,0.0,-0.0,0.0,0.0,0.0,1.0,1.0,0.0,False
2022-01-03,89255.57551000311,0.006199985309038425,0.006199985309038424,0.0,0.0,-0.0,0.0,0.0,0.0,1.0,1.0,0.0,False
2022-01-04,89539.47436312471,0.0031807408276671723,0.0031807408276671723,0.0,0.0,-0.0,0.0,0.0,0.0,1.0,1.0,0.0,False
2022-01-05,88668.38916636909,-0.00972850469529185,-0.00972850469529185,0.0,0.0,-0.0,0.0,0.0,0.0,1.0,1.0,0.0,False
2022-01-06,89704.78416491541,0.011688438329489959,0.01168843832948996,0.0,0.0,-0.0,0.0,0.0,0.0,1.0,1.0,0.0,False
2022-01-07,89358.88628925673,-0.003855957950055111,-0.003855957950055222,0.0,0.0,-0.0,0.0,0.0,0.0,1.0,1.0,0.0,False
2022-01-10,88189.1103096436,-0.013090762745481599,-0.013090762745481599,0.0,0.0,-0.0,0.0,0.0,0.0,1.0,1.0,0.0,False
2022-01-11,87465.0468763252,-0.008210349676690432,-0.008210349676690432,0.0,0.0,-0.0,0.0,0.0,0.0,1.0,1.0,0.0,False
2022-01-12,86763.72053062405,-0.008018361285426656,-0.008018361285426545,0.0,0.0,-0.0,0.0,0.0,0.0,1.0,1.0,0.0,False
2022-01-13,86812.94909861691,0.0005673865492603625,0.0005673865492603625,0.0,0.0,-0.0,0.0,0.0,0.0,1.0,1.0,0.0,False
2022-01-14,86635.78088099278,-0.002040804044369793,-0.002040804044369793,0.0,0.0,-0.0,0.0,0.0,0.0,1.0,1.0,0.0,False
2022-01-18,86415.32264378713,-0.002544655741124724,-0.002544655741124724,0.0,0.0,-0.0,0.0,0.0,0.0,1.0,1.0,0.0,False
2022-01-19,86856.69890450497,0.005107615723859871,0.005107615723859871,0.0,0.0,-0.0,0.0,0.0,0.0,1.0,1.0,0.0,False
2022-01-20,87105.89102463805,0.0028690028895417274,0.0028690028895417274,0.0,0.0,-0.0,0.0,0.0,0.0,1.0,1.0,0.0,False
2022-01-21,87339.19395932302,0.0026783829651542135,0.0026783829651542135,0.0,0.0,-0.0,0.0,0.0,0.0,1.0,1.0,0.0,False
2022-01-24,87638.64753541436,0.0034286276586295017,0.003428627658629502,0.0,0.0,-0.0,0.0,0.0,0.0,1.0,1.0,0.0,False
2022-01-25,88083.77100457184,0.005079077344017691,0.005079077344017691,0.0,0.0,-0.0,0.0,0.0,0.0,1.0,1.0,0.0,False
2022-01-26,86611.57173465897,-0.01671362673421939,-0.0167136267342195,0.0,0.0,-0.0,0.0,0.0,0.0,1.0,1.0,0.0,False
2022-01-27,86372.04691178832,-0.0027655060181155378,-0.0027655060181155378,0.0,0.0,-0.0,0.0,0.0,0.0,1.0,1.0,0.0,False
2022-01-28,84878.52907108399,-0.017291680515915675,-0.017291680515915786,0.0,0.0,-0.0,0.0,0.0,0.0,1.0,1.0,0.0,False
2022-01-31,84915.74655880472,0.0004384794143823534,0.0004384794143823534,0.0,0.0,-0.0,0.0,0.0,0.0,1.0,1.0,0.0,False
2022-02-01,84925.33662242681,0.0001129362222052066,0.00011293622220520662,0.0,0.0,-0.0,0.0,0.0,0.0,1.0,1.0,0.0,False
2022-02-02,85648.41286600918,0.008514258198317526,0.008514258198317526,0.0,0.0,-0.0,0.0,0.0,0.0,1.0,1.0,0.0,False
2022-02-03,86475.01213435228,0.009651075141768883,0.009651075141768883,0.0,0.0,-0.0,0.0,0.0,0.0,1.0,1.0,0.0,False
2022-02-04,86628.26318423777,0.001772200386018996,0.001772200386018996,0.0,0.0,-0.0,0.0,0.0,0.0,1.0,1.0,0.0,False
2022-02-07,86294.49413491631,-0.00385288861917521,-0.00385288861917521,0.0,0.0,-0.0,0.0,0.0,0.0,1.0,1.0,0.0,False
2022-02-08,86642.3721712851,0.00403128890036597,0.00403128890036597,0.0,0.0,-0.0,0.0,0.0,0.0,1.0,1.0,0.0,False
2022-02-09,86289.44823584007,-0.004073341098594585,-0.004073341098594585,0.0,0.0,-0.0,0.0,0.0,0.0,1.0,1.0,0.0,False
2022-02-10,86301.4302840784,0.0001388587884532111,0.0001388587884532111,0.0,0.0,-0.0,0.0,0.0,0.0,1.0,1.0,0.0,False
2022-02-11,86995.2152954913,0.008039090535686189,0.008039090535686189,0.0,0.0,-0.0,0.0,0.0,0.0,1.0,1.0,0.0,False
2022-02-14,86620.07707114558,-0.0043121707679153465,-0.0043121707679153465,0.0,0.0,-0.0,0.0,0.0,0.0,1.0,1.0,0.0,False
2022-02-15,87191.37364931234,0.006595429113940066,0.006595429113940066,0.0,0.0,-0.0,0.0,0.0,0.0,1.0,1.0,0.0,False
2022-02-16,87676.96080214539,0.005569210949538439,0.005569210949538439,0.0,0.0,-0.0,0.0,0.0,0.0,1.0,1.0,0.0,False
2022-02-17,87020.4063884674,-0.00748833453704667,-0.00748833453704667,0.0,0.0,-0.0,0.0,0.0,0.0,1.0,1.0,0.0,False
2022-02-18,87711.44875196023,0.007941153025739167,0.007941153025739167,0.0,0.0,-0.0,0.0,0.0,0.0,1.0,1.0,0.0,False
2022-02-22,88214.7835988882,0.005738530762972038,0.005738530762972038,0.0,0.0,-0.0,0.0,0.0,0.0,1.0,1.0,0.0,False
2022-02-23,88299.94677720967,0.0009654070989812968,0.0009654070989812968,0.0,0.0,-0.0,0.0,0.0,0.0,1.0,1.0,0.0,False
2022-02-24,87774.68680305936,-0.00594858766422135,-0.005948587664221239,0.0,0.0,-0.0,0.0,0.0,0.0,1.0,1.0,0.0,False
2022-02-25,87184.52069264161,-0.006723648148604711,-0.006723648148604711,0.0,0.0,-0.0,0.0,0.0,0.0,1.0,1.0,0.0,False
2022-02-28,86822.59153825222,-0.004151300615224174,-0.004151300615224174,0.0,0.0,-0.0,0.0,0.0,0.0,1.0,1.0,0.0,False
2022-03-01,87212.49058664148,0.004490755706335614,0.004490755706335614,0.0,0.0,-0.0,0.0,0.0,0.0,1.0,1.0,0.0,False
2022-03-02,86558.83285289865,-0.007495001339211327,-0.007495001339211327,0.0,0.0,-0.0,0.0,0.0,0.0,1.0,1.0,0.0,False
2022-03-03,86874.78107462164,0.003650097988958878,0.003650097988958878,0.0,0.0,-0.0,0.0,0.0,0.0,1.0,1.0,0.0,False
2022-03-04,86024.79437402674,-0.009784044231027189,-0.009784044231027189,0.0,0.0,-0.0,0.0,0.0,0.0,1.0,1.0,0.0,False
2022-03-07,85897.25842906642,-0.0014825486755108974,-0.0014825486755108974,0.0,0.0,-0.0,0.0,0.0,0.0,1.0,1.0,0.0,False
2022-03-08,85985.49054991727,0.0010271820365921336,0.0010271820365921336,0.0,0.0,-0.0,0.0,0.0,0.0,1.0,1.0,0.0,False
2022-03-09,87680.35409335,0.019711041160471288,0.019711041160471288,0.0,0.0,-0.0,0.0,0.0,0.0,1.0,1.0,0.0,False
2022-03-10,86727.39795146929,-0.010868525244162819,-0.01086852524416293,0.0,0.0,-0.0,0.0,0.0,0.0,1.0,1.0,0.0,False
2022-03-11,87761.7190059488,0.011926116531921105,0.011926116531921107,0.0,0.0,-0.0,0.0,0.0,0.0,1.0,1.0,0.0,False
2022-03-14,87880.0866864519,0.0013487393118982727,0.0013487393118982727,0.0,0.0,-0.0,0.0,0.0,0.0,1.0,1.0,0.0,False
2022-03-15,88182.33928984108,0.0034393753441275265,0.003439375344127527,0.0,0.0,-0.0,0.0,0.0,0.0,1.0,1.0,0.0,False
2022-03-16,88279.05620755571,0.0010967833071056088,0.0010967833071056088,0.0,0.0,-0.0,0.0,0.0,0.0,1.0,1.0,0.0,False
2022-03-17,88606.37857623055,0.003707814545561794,0.0037078145455617935,0.0,0.0,-0.0,0.0,0.0,0.0,1.0,1.0,0.0,False
2022-03-18,88510.72968870794,-0.0010794808348962848,-0.0010794808348962848,0.0,0.0,-0.0,0.0,0.0,0.0,1.0,1.0,0.0,False
2022-03-21,89553.59863867964,0.011782401451659874,0.011782401451659874,0.0,0.0,-0.0,0.0,0.0,0.0,1.0,1.0,0.0,False
2022-03-22,89240.00260935513,-0.0035017691537977402,-0.0035017691537977402,0.0,0.0,-0.0,0.0,0.0,0.0,1.0,1.0,0.0,False
2022-03-23,90061.71353915196,0.009207876577433938,0.009207876577433938,0.0,0.0,-0.0,0.0,0.0,0.0,1.0,1.0,0.0,False
2022-03-24,89610.96034022543,-0.005004936961704343,-0.005004936961704232,0.0,0.0,-0.0,0.0,0.0,0.0,1.0,1.0,0.0,False
2022-03-25,89581.20817773014,-0.0003320147712102539,-0.0003320147712102539,0.0,0.0,-0.0,0.0,0.0,0.0,1.0,1.0,0.0,False
2022-03-28,88826.42375451326,-0.008425700418321802,-0.008425700418321802,0.0,0.0,-0.0,0.0,0.0,0.0,1.0,1.0,0.0,False
2022-03-29,89163.09275649198,0.003790189762780116,0.0037901897627801158,0.0,0.0,-0.0,0.0,0.0,0.0,1.0,1.0,0.0,False
2022-03-30,90207.2824183435,0.011711007655412331,0.011711007655412333,0.0,0.0,-0.0,0.0,0.0,0.0,1.0,1.0,0.0,False
2022-03-31,90164.98878462703,-0.0004688494385667319,-0.00046884943856673195,0.0,0.0,-0.0,0.0,0.0,0.0,1.0,1.0,0.0,False
2022-04-01,90036.4959584208,-0.0014250855896311698,-0.0014250855896312806,0.0,0.0,-0.0,0.0,0.0,0.0,1.0,1.0,0.0,False
2022-04-04,89247.15178729093,-0.008766935704543455,-0.008766935704543566,0.0,0.0,-0.0,0.0,0.0,0.0,1.0,1.0,0.0,False
2022-04-05,89096.82913001669,-0.001684341228418318,-0.001684341228418318,0.0,0.0,-0.0,0.0,0.0,0.0,1.0,1.0,0.0,False
2022-04-06,87974.89031040475,-0.012592354077772261,-0.01259235407777226,0.0,0.0,-0.0,0.0,0.0,0.0,1.0,1.0,0.0,False
2022-04-07,87345.60381796435,-0.007153023893750388,-0.007153023893750498,0.0,0.0,-0.0,0.0,0.0,0.0,1.0,1.0,0.0,False
2022-04-08,87517.17577161618,0.0019642883688730794,0.0019642883688730794,0.0,0.0,-0.0,0.0,0.0,0.0,1.0,1.0,0.0,False
2022-04-11,88453.79382695645,0.010702105581931187,0.010702105581931187,0.0,0.0,-0.0,0.0,0.0,0.0,1.0,1.0,0.0,False
2022-04-12,90454.94476271562,0.02262368688983596,0.02262368688983596,0.0,0.0,-0.0,0.0,0.0,0.0,1.0,1.0,0.0,False
2022-04-13,90044.03683268027,-0.004542680680567068,-0.004542680680567068,0.0,0.0,-0.0,0.0,0.0,0.0,1.0,1.0,0.0,False
2022-04-14,91091.46519957262,0.011632401253163227,0.011632401253163227,0.0,0.0,-0.0,0.0,0.0,0.0,1.0,1.0,0.0,False
2022-04-18,91282.75908403909,0.0021000198432132855,0.0021000198432132855,0.0,0.0,-0.0,0.0,0.0,0.0,1.0,1.0,0.0,False
2022-04-19,91186.00107790188,-0.001059981173970992,-0.001059981173970992,0.0,0.0,-0.0,0.0,0.0,0.0,1.0,1.0,0.0,False
2022-04-20,91515.25144319475,0.0036107556138094132,0.0036107556138094132,0.0,0.0,-0.0,0.0,0.0,0.0,1.0,1.0,0.0,False
2022-04-21,91574.30915149083,0.0006453318694397137,0.0006453318694397137,0.0,0.0,-0.0,0.0,0.0,0.0,1.0,1.0,0.0,False
2022-04-22,91668.92059631327,0.001033165804897651,0.001033165804897651,0.0,0.0,-0.0,0.0,0.0,0.0,1.0,1.0,0.0,False
2022-04-25,91383.21925216271,-0.0031166653026134528,-0.0031166653026134523,0.0,0.0,-0.0,0.0,0.0,0.0,1.0,1.0,0.0,False
2022-04-26,90374.81664241083,-0.011034877278390587,-0.011034877278390698,0.0,0.0,-0.0,0.0,0.0,0.0,1.0,1.0,0.0,False
2022-04-27,89272.33410776689,-0.01219900162017673,-0.01219900162017673,0.0,0.0,-0.0,0.0,0.0,0.0,1.0,1.0,0.0,False
2022-04-28,89752.25852167883,0.00537595906624988,0.00537595906624988,0.0,0.0,-0.0,0.0,0.0,0.0,1.0,1.0,0.0,False
2022-04-29,89567.04569631032,-0.0020636007206856766,-0.0020636007206856766,0.0,0.0,-0.0,0.0,0.0,0.0,1.0,1.0,0.0,False
2022-05-02,89153.36137944822,-0.004618711197249437,-0.004618711197249437,0.0,0.0,-0.0,0.0,0.0,0.0,1.0,1.0,0.0,False
2022-05-03,89172.8008253592,0.00021804501378519525,0.00021804501378519525,0.0,0.0,-0.0,0.0,0.0,0.0,1.0,1.0,0.0,False
2022-05-04,89753.26742915419,0.006509458023324921,0.006509458023324922,0.0,0.0,-0.0,0.0,0.0,0.0,1.0,1.0,0.0,False
2022-05-05,89896.23644497278,0.0015929115442112618,0.0015929115442112618,0.0,0.0,-0.0,0.0,0.0,0.0,1.0,1.0,0.0,False
2022-05-06,89437.90592279818,-0.0050984394931277155,-0.0050984394931277155,0.0,0.0,-0.0,0.0,0.0,0.0,1.0,1.0,0.0,False
2022-05-09,90328.73820069556,0.009960343645191605,0.009960343645191605,0.0,0.0,-0.0,0.0,0.0,0.0,1.0,1.0,0.0,False
2022-05-10,91483.45418237895,0.012783484023852987,0.012783484023852987,0.0,0.0,-0.0,0.0,0.0,0.0,1.0,1.0,0.0,False
2022-05-11,91859.12670944884,0.004106453242582742,0.004106453242582742,0.0,0.0,-0.0,0.0,0.0,0.0,1.0,1.0,0.0,False
2022-05-12,92588.42461734267,0.007939308090752828,0.007939308090752828,0.0,0.0,-0.0,0.0,0.0,0.0,1.0,1.0,0.0,False
2022-05-13,93522.24183737728,0.010085679974510597,0.010085679974510597,0.0,0.0,-0.0,0.0,0.0,0.0,1.0,1.0,0.0,False
2022-05-16,94381.7855462052,0.009190794531236168,0.009190794531236168,0.0,0.0,-0.0,0.0,0.0,0.0,1.0,1.0,0.0,False
2022-05-17,94859.62102874389,0.005062793416900968,0.005062793416900968,0.0,0.0,-0.0,0.0,0.0,0.0,1.0,1.0,0.0,False
2022-05-18,95327.92176493173,0.004936776376599061,0.004936776376599061,0.0,0.0,-0.0,0.0,0.0,0.0,1.0,1.0,0.0,False
2022-05-19,95738.52625303883,0.004307284586771987,0.004307284586771987,0.0,0.0,-0.0,0.0,0.0,0.0,1.0,1.0,0.0,False
2022-05-20,94912.42709787222,-0.008628701396376282,-0.008628701396376282,0.0,0.0,-0.0,0.0,0.0,0.0,1.0,1.0,0.0,False
2022-05-23,95458.7226462667,0.005755785254876633,0.005755785254876633,0.0,0.0,-0.0,0.0,0.0,0.0,1.0,1.0,0.0,False
2022-05-24,94437.64729602601,-0.010696511769012429,-0.010696511769012429,0.0,0.0,-0.0,0.0,0.0,0.0,1.0,1.0,0.0,False
2022-05-25,93851.4921184427,-0.006206795641000573,-0.006206795641000573,0.0,0.0,-0.0,0.0,0.0,0.0,1.0,1.0,0.0,False
2022-05-26,94844.3020557586,0.010578520542464664,0.010578520542464664,0.0,0.0,-0.0,0.0,0.0,0.0,1.0,1.0,0.0,False
2022-05-27,95496.04946029822,0.006871761301553647,0.006871761301553647,0.0,0.0,-0.0,0.0,0.0,0.0,1.0,1.0,0.0,False
2022-05-31,96646.6991528293,0.01204918631748697,0.01204918631748697,0.0,0.0,-0.0,0.0,0.0,0.0,1.0,1.0,0.0,False
2022-06-01,96451.14469828017,-0.002023395069498335,-0.002023395069498335,0.0,0.0,-0.0,0.0,0.0,0.0,1.0,1.0,0.0,False
2022-06-02,95576.52661223762,-0.009067990730214137,-0.009067990730214248,0.0,0.0,-0.0,0.0,0.0,0.0,1.0,1.0,0.0,False
2022-06-03,95407.02187391453,-0.0017734975765627548,-0.0017734975765627545,0.0,0.0,-0.0,0.0,0.0,0.0,1.0,1.0,0.0,False
2022-06-06,95499.20894485687,0.0009662503779246379,0.000966250377924638,0.0,0.0,-0.0,0.0,0.0,0.0,1.0,1.0,0.0,False
2022-06-07,95573.88070560692,0.0007819097307200096,0.0007819097307200096,0.0,0.0,-0.0,0.0,0.0,0.0,1.0,1.0,0.0,False
2022-06-08,96455.01873039252,0.009219443830053686,0.009219443830053686,0.0,0.0,-0.0,0.0,0.0,0.0,1.0,1.0,0.0,False
2022-06-09,96190.71621831853,-0.0027401634000274733,-0.0027401634000275843,0.0,0.0,-0.0,0.0,0.0,0.0,1.0,1.0,0.0,False
2022-06-10,96476.04440956135,0.0029662757744233215,0.0029662757744233215,0.0,0.0,-0.0,0.0,0.0,0.0,1.0,1.0,0.0,False
2022-06-13,95727.48512203596,-0.007759017195477003,-0.007759017195477003,0.0,0.0,-0.0,0.0,0.0,0.0,1.0,1.0,0.0,False
2022-06-14,96086.70616907733,0.003752538224350399,0.003752538224350399,0.0,0.0,-0.0,0.0,0.0,0.0,1.0,1.0,0.0,False
2022-06-15,96103.50869778908,0.0001748684014850621,0.0001748684014850621,0.0,0.0,-0.0,0.0,0.0,0.0,1.0,1.0,0.0,False
2022-06-16,95541.44668267338,-0.005848506706276235,-0.005848506706276235,0.0,0.0,-0.0,0.0,0.0,0.0,1.0,1.0,0.0,False
2022-06-17,95375.52607221628,-0.0017366348973988366,-0.0017366348973988366,0.0,0.0,-0.0,0.0,0.0,0.0,1.0,1.0,0.0,False
2022-06-21,95249.30553141805,-0.0013234059721217717,-0.0013234059721217717,0.0,0.0,-0.0,0.0,0.0,0.0,1.0,1.0,0.0,False
2022-06-22,95057.7362196069,-0.0020112410346967424,-0.0020112410346967424,0.0,0.0,-0.0,0.0,0.0,0.0,1.0,1.0,0.0,False
2022-06-23,96419.03238853897,0.014320729938141374,0.014320729938141374,0.0,0.0,-0.0,0.0,0.0,0.0,1.0,1.0,0.0,False
2022-06-24,96357.5586971169,-0.0006375680184629307,-0.0006375680184629307,0.0,0.0,-0.0,0.0,0.0,0.0,1.0,1.0,0.0,False
2022-06-27,96184.00246090218,-0.00180116888141868,-0.00180116888141868,0.0,0.0,-0.0,0.0,0.0,0.0,1.0,1.0,0.0,False
2022-06-28,94584.50023672414,-0.016629607660881285,-0.016629607660881174,0.0,0.0,-0.0,0.0,0.0,0.0,1.0,1.0,0.0,False
2022-06-29,93922.06266779978,-0.007003658815835867,-0.007003658815835868,0.0,0.0,-0.0,0.0,0.0,0.0,1.0,1.0,0.0,False
2022-06-30,93738.48378793577,-0.0019545873956509086,-0.0019545873956509086,0.0,0.0,-0.0,0.0,0.0,0.0,1.0,1.0,0.0,False
2022-07-01,93238.2182407704,-0.005336821409413051,-0.005336821409413051,0.0,0.0,-0.0,0.0,0.0,0.0,1.0,1.0,0.0,False
2022-07-05,94282.82760659681,0.011203660747022282,0.011203660747022283,0.0,0.0,-0.0,0.0,0.0,0.0,1.0,1.0,0.0,False
2022-07-06,94172.5636319898,-0.0011695022031699143,-0.0011695022031699143,0.0,0.0,-0.0,0.0,0.0,0.0,1.0,1.0,0.0,False
2022-07-07,95157.37830097615,0.010457553994545954,0.010457553994545954,0.0,0.0,-0.0,0.0,0.0,0.0,1.0,1.0,0.0,False
2022-07-08,95218.62511736334,0.0006436370724030027,0.0006436370724030027,0.0,0.0,-0.0,0.0,0.0,0.0,1.0,1.0,0.0,False
2022-07-11,95261.26617833218,0.0004478226913724459,0.0004478226913724459,0.0,0.0,-0.0,0.0,0.0,0.0,1.0,1.0,0.0,False
2022-07-12,95207.8844719291,-0.0005603715816998589,-0.0005603715816998589,0.0,0.0,-0.0,0.0,0.0,0.0,1.0,1.0,0.0,False
2022-07-13,95225.0571192863,0.00018037001297166455,0.00018037001297166452,0.0,0.0,-0.0,0.0,0.0,0.0,1.0,1.0,0.0,False
2022-07-14,96548.71969658833,0.013900360024398983,0.013900360024398983,0.0,0.0,-0.0,0.0,0.0,0.0,1.0,1.0,0.0,False
2022-07-15,94771.55843764442,-0.01840688581400951,-0.01840688581400962,0.0,0.0,-0.0,0.0,0.0,0.0,1.0,1.0,0.0,False
2022-07-18,93268.25729553257,-0.01586236595550916,-0.015862365955509272,0.0,0.0,-0.0,0.0,0.0,0.0,1.0,1.0,0.0,False
2022-07-19,92876.96275951595,-0.004195366648448773,-0.004195366648448884,0.0,0.0,-0.0,0.0,0.0,0.0,1.0,1.0,0.0,False
2022-07-20,92901.6887483274,0.000266223055500614,0.000266223055500614,0.0,0.0,-0.0,0.0,0.0,0.0,1.0,1.0,0.0,False
2022-07-21,93428.5189334258,0.005670835398112084,0.005670835398112083,0.0,0.0,-0.0,0.0,0.0,0.0,1.0,1.0,0.0,False
2022-07-22,93796.13190117039,0.003934697584219826,0.003934697584219826,0.0,0.0,-0.0,0.0,0.0,0.0,1.0,1.0,0.0,False
2022-07-25,93521.87507833932,-0.00292396730304445,-0.002923967303044561,0.0,0.0,-0.0,0.0,0.0,0.0,1.0,1.0,0.0,False
2022-07-26,94298.32637543087,0.008302349545934007,0.008302349545934007,0.0,0.0,-0.0,0.0,0.0,0.0,1.0,1.0,0.0,False
2022-07-27,95089.63674324291,0.008391563225221832,0.008391563225221832,0.0,0.0,-0.0,0.0,0.0,0.0,1.0,1.0,0.0,False
2022-07-28,95243.9161272773,0.0016224626501726291,0.0016224626501726291,0.0,0.0,-0.0,0.0,0.0,0.0,1.0,1.0,0.0,False
2022-07-29,95991.7009314422,0.007851260579894825,0.007851260579894825,0.0,0.0,-0.0,0.0,0.0,0.0,1.0,1.0,0.0,False
2022-08-01,96215.47314728392,0.0023311621074568745,0.0023311621074568745,0.0,0.0,-0.0,0.0,0.0,0.0,1.0,1.0,0.0,False
2022-08-02,95797.71862756733,-0.004341864214263191,-0.00434186421426308,0.0,0.0,-0.0,0.0,0.0,0.0,1.0,1.0,0.0,False
2022-08-03,96346.88237493028,0.005732534712000081,0.005732534712000081,0.0,0.0,-0.0,0.0,0.0,0.0,1.0,1.0,0.0,False
2022-08-04,96446.59224336823,0.0010349049806295252,0.0010349049806295252,0.0,0.0,-0.0,0.0,0.0,0.0,1.0,1.0,0.0,False
2022-08-05,96462.09302143354,0.0001607187740360061,0.0001607187740360061,0.0,0.0,-0.0,0.0,0.0,0.0,1.0,1.0,0.0,False
2022-08-08,97613.23581136118,0.011933628577516675,0.011933628577516675,0.0,0.0,-0.0,0.0,0.0,0.0,1.0,1.0,0.0,False
2022-08-09,95713.97732451947,-0.019456977028320832,-0.019456977028320832,0.0,0.0,-0.0,0.0,0.0,0.0,1.0,1.0,0.0,False
2022-08-10,94642.79689699027,-0.011191473361276572,-0.011191473361276572,0.0,0.0,-0.0,0.0,0.0,0.0,1.0,1.0,0.0,False
2022-08-11,93758.21199439863,-0.009346563410995046,-0.009346563410994935,0.0,0.0,-0.0,0.0,0.0,0.0,1.0,1.0,0.0,False
2022-08-12,93499.80637576595,-0.0027560851805505937,-0.0027560851805504827,0.0,0.0,-0.0,0.0,0.0,0.0,1.0,1.0,0.0,False
2022-08-15,93323.38483012383,-0.001886865358128098,-0.001886865358128098,0.0,0.0,-0.0,0.0,0.0,0.0,1.0,1.0,0.0,False
2022-08-16,92212.0334859168,-0.011908605182184617,-0.011908605182184619,0.0,0.0,-0.0,0.0,0.0,0.0,1.0,1.0,0.0,False
2022-08-17,91499.11788722477,-0.007731264258486581,-0.007731264258486581,0.0,0.0,-0.0,0.0,0.0,0.0,1.0,1.0,0.0,False
2022-08-18,90882.71272110414,-0.0067367334281885904,-0.0067367334281885904,0.0,0.0,-0.0,0.0,0.0,0.0,1.0,1.0,0.0,False
2022-08-19,92683.04407036473,0.0198093927366072,0.0198093927366072,0.0,0.0,-0.0,0.0,0.0,0.0,1.0,1.0,0.0,False
2022-08-22,94032.87395374707,0.014563935581977105,0.014563935581977105,0.0,0.0,-0.0,0.0,0.0,0.0,1.0,1.0,0.0,False
2022-08-23,93737.23503609076,-0.003143995341477357,-0.0031439953414773565,0.0,0.0,-0.0,0.0,0.0,0.0,1.0,1.0,0.0,False
2022-08-24,93478.64528263672,-0.0027586663224542507,-0.0027586663224542507,0.0,0.0,-0.0,0.0,0.0,0.0,1.0,1.0,0.0,False
2022-08-25,92633.2588169447,-0.009043631977506239,-0.00904363197750635,0.0,0.0,-0.0,0.0,0.0,0.0,1.0,1.0,0.0,False
2022-08-26,91233.103098369,-0.015115043305802156,-0.015115043305802156,0.0,0.0,-0.0,0.0,0.0,0.0,1.0,1.0,0.0,False
2022-08-29,91161.48132705962,-0.0007850414912683457,-0.0007850414912682346,0.0,0.0,-0.0,0.0,0.0,0.0,1.0,1.0,0.0,False
2022-08-30,90447.43022975733,-0.00783281586595208,-0.007832815865952192,0.0,0.0,-0.0,0.0,0.0,0.0,1.0,1.0,0.0,False
2022-08-31,90399.60124395214,-0.0005288042532959336,-0.0005288042532959336,0.0,0.0,-0.0,0.0,0.0,0.0,1.0,1.0,0.0,False
2022-09-01,89255.89741884457,-0.01265164679234787,-0.01265164679234787,0.0,0.0,-0.0,0.0,0.0,0.0,1.0,1.0,0.0,False
2022-09-02,88725.20009076364,-0.005945795666482012,-0.005945795666482123,0.0,0.0,-0.0,0.0,0.0,0.0,1.0,1.0,0.0,False
2022-09-06,88844.00462093447,0.0013390167624225402,0.0013390167624225402,0.0,0.0,-0.0,0.0,0.0,0.0,1.0,1.0,0.0,False
2022-09-07,89117.61543920958,0.00307967678227139,0.0030796767822713895,0.0,0.0,-0.0,0.0,0.0,0.0,1.0,1.0,0.0,False
2022-09-08,89428.61592533205,0.003489775669936135,0.003489775669936135,0.0,0.0,-0.0,0.0,0.0,0.0,1.0,1.0,0.0,False
2022-09-09,88497.31420013837,-0.010413911873256243,-0.010413911873256132,0.0,0.0,-0.0,0.0,0.0,0.0,1.0,1.0,0.0,False
2022-09-12,89115.68793008587,0.006987485841084773,0.006987485841084773,0.0,0.0,-0.0,0.0,0.0,0.0,1.0,1.0,0.0,False
2022-09-13,88558.56395661637,-0.006251693572814965,-0.006251693572814965,0.0,0.0,-0.0,0.0,0.0,0.0,1.0,1.0,0.0,False
2022-09-14,89020.20764605948,0.00521286331685844,0.00521286331685844,0.0,0.0,-0.0,0.0,0.0,0.0,1.0,1.0,0.0,False
2022-09-15,89025.98421959335,6.489058705438921e-05,6.489058705438921e-05,0.0,0.0,-0.0,0.0,0.0,0.0,1.0,1.0,0.0,False
2022-09-16,88059.0641030426,-0.010861099992623635,-0.010861099992623635,0.0,0.0,-0.0,0.0,0.0,0.0,1.0,1.0,0.0,False
2022-09-19,87849.52037116246,-0.0023795816366495304,-0.0023795816366495304,0.0,0.0,-0.0,0.0,0.0,0.0,1.0,1.0,0.0,False
2022-09-20,88119.47403522866,0.0030729099365101042,0.0030729099365101042,0.0,0.0,-0.0,0.0,0.0,0.0,1.0,1.0,0.0,False
2022-09-21,88564.80545176775,0.0050537230437968095,0.0050537230437968095,0.0,0.0,-0.0,0.0,0.0,0.0,1.0,1.0,0.0,False
2022-09-22,88478.19764691977,-0.0009779031795553728,-0.0009779031795552617,0.0,0.0,-0.0,0.0,0.0,0.0,1.0,1.0,0.0,False
2022-09-23,89575.70166003864,0.012404231124808485,0.012404231124808486,0.0,0.0,-0.0,0.0,0.0,0.0,1.0,1.0,0.0,False
2022-09-26,90311.12588921699,0.008210086167892428,0.008210086167892428,0.0,0.0,-0.0,0.0,0.0,0.0,1.0,1.0,0.0,False
2022-09-27,90139.24278037106,-0.0019032329311979845,-0.0019032329311979845,0.0,0.0,-0.0,0.0,0.0,0.0,1.0,1.0,0.0,False
2022-09-28,90693.68696390063,0.006150974497095563,0.006150974497095563,0.0,0.0,-0.0,0.0,0.0,0.0,1.0,1.0,0.0,False
2022-09-29,92110.35390493313,0.01562034788150557,0.01562034788150557,0.0,0.0,-0.0,0.0,0.0,0.0,1.0,1.0,0.0,False
2022-09-30,93568.81790124525,0.015833876806264247,0.015833876806264247,0.0,0.0,-0.0,0.0,0.0,0.0,1.0,1.0,0.0,False
2022-10-03,92663.63324607899,-0.00967399904657995,-0.00967399904657995,0.0,0.0,-0.0,0.0,0.0,0.0,1.0,1.0,0.0,False
2022-10-04,91990.68539584496,-0.007262264889257408,-0.007262264889257297,0.0,0.0,-0.0,0.0,0.0,0.0,1.0,1.0,0.0,False
2022-10-05,93097.27357424486,0.012029350293870866,0.012029350293870866,0.0,0.0,-0.0,0.0,0.0,0.0,1.0,1.0,0.0,False
2022-10-06,92323.05352121484,-0.008316248406700977,-0.008316248406700977,0.0,0.0,-0.0,0.0,0.0,0.0,1.0,1.0,0.0,False
2022-10-07,91360.09369257986,-0.010430329066333344,-0.010430329066333455,0.0,0.0,-0.0,0.0,0.0,0.0,1.0,1.0,0.0,False
2022-10-10,91018.44777596617,-0.00373955304559237,-0.00373955304559237,0.0,0.0,-0.0,0.0,0.0,0.0,1.0,1.0,0.0,False
2022-10-11,91338.0876056156,0.003511813675796782,0.003511813675796782,0.0,0.0,-0.0,0.0,0.0,0.0,1.0,1.0,0.0,False
2022-10-12,91276.96656388468,-0.000669173652888766,-0.000669173652888766,0.0,0.0,-0.0,0.0,0.0,0.0,1.0,1.0,0.0,False
2022-10-13,90815.60631824973,-0.005054508963244775,-0.005054508963244775,0.0,0.0,-0.0,0.0,0.0,0.0,1.0,1.0,0.0,False
2022-10-14,90339.39655120681,-0.005243699693796233,-0.005243699693796122,0.0,0.0,-0.0,0.0,0.0,0.0,1.0,1.0,0.0,False
2022-10-17,89838.13065636868,-0.005548696515301543,-0.005548696515301654,0.0,0.0,-0.0,0.0,0.0,0.0,1.0,1.0,0.0,False
2022-10-18,89219.49836850318,-0.006886077029271465,-0.006886077029271465,0.0,0.0,-0.0,0.0,0.0,0.0,1.0,1.0,0.0,False
2022-10-19,90861.4104194317,0.0184030630182086,0.0184030630182086,0.0,0.0,-0.0,0.0,0.0,0.0,1.0,1.0,0.0,False
2022-10-20,91091.29783534113,0.0025300885694843345,0.0025300885694843345,0.0,0.0,-0.0,0.0,0.0,0.0,1.0,1.0,0.0,False
2022-10-21,91751.16979508016,0.007244072435237836,0.007244072435237836,0.0,0.0,-0.0,0.0,0.0,0.0,1.0,1.0,0.0,False
2022-10-24,91405.9450319868,-0.003762619744951401,-0.003762619744951401,0.0,0.0,-0.0,0.0,0.0,0.0,1.0,1.0,0.0,False
2022-10-25,91283.67555723603,-0.0013376534174882604,-0.0013376534174882604,0.0,0.0,-0.0,0.0,0.0,0.0,1.0,1.0,0.0,False
2022-10-26,90776.28146754573,-0.0055584318509628305,-0.0055584318509628305,0.0,0.0,-0.0,0.0,0.0,0.0,1.0,1.0,0.0,False
2022-10-27,88864.20013232216,-0.021063666679353665,-0.021063666679353665,0.0,0.0,-0.0,0.0,0.0,0.0,1.0,1.0,0.0,False
2022-10-28,87897.88422504599,-0.010874074214782703,-0.010874074214782814,0.0,0.0,-0.0,0.0,0.0,0.0,1.0,1.0,0.0,False
2022-10-31,86637.87249881076,-0.014334949439843259,-0.014334949439843259,0.0,0.0,-0.0,0.0,0.0,0.0,1.0,1.0,0.0,False
2022-11-01,85091.53633885305,-0.017848270223613016,-0.017848270223613016,0.0,0.0,-0.0,0.0,0.0,0.0,1.0,1.0,0.0,False
2022-11-02,84290.5806165082,-0.009412871794384658,-0.009412871794384658,0.0,0.0,-0.0,0.0,0.0,0.0,1.0,1.0,0.0,False
2022-11-03,85196.67447165042,0.010749645435053079,0.010749645435053079,0.0,0.0,-0.0,0.0,0.0,0.0,1.0,1.0,0.0,False
2022-11-04,85179.16746310376,-0.0002054893416348902,-0.00020548934163489016,0.0,0.0,-0.0,0.0,0.0,0.0,1.0,1.0,0.0,False
2022-11-07,86071.37751288379,0.010474510098569478,0.010474510098569478,0.0,0.0,-0.0,0.0,0.0,0.0,1.0,1.0,0.0,False
2022-11-08,86367.27891173195,0.0034378606152070113,0.0034378606152070113,0.0,0.0,-0.0,0.0,0.0,0.0,1.0,1.0,0.0,False
2022-11-09,86920.93381449174,0.006410470605721308,0.006410470605721308,0.0,0.0,-0.0,0.0,0.0,0.0,1.0,1.0,0.0,False
2022-11-10,86307.51748974356,-0.0070571759624366015,-0.0070571759624366015,0.0,0.0,-0.0,0.0,0.0,0.0,1.0,1.0,0.0,False
2022-11-11,86682.23086650904,0.004341607633541411,0.004341607633541411,0.0,0.0,-0.0,0.0,0.0,0.0,1.0,1.0,0.0,False
2022-11-14,87200.56580492896,0.005979713872594772,0.005979713872594772,0.0,0.0,-0.0,0.0,0.0,0.0,1.0,1.0,0.0,False
2022-11-15,86811.37412857843,-0.004463178337869578,-0.004463178337869578,0.0,0.0,-0.0,0.0,0.0,0.0,1.0,1.0,0.0,False
2022-11-16,87212.99158232655,0.004626322964929264,0.004626322964929264,0.0,0.0,-0.0,0.0,0.0,0.0,1.0,1.0,0.0,False
2022-11-17,87621.10495684472,0.004679502068598573,0.004679502068598573,0.0,0.0,-0.0,0.0,0.0,0.0,1.0,1.0,0.0,False
2022-11-18,87249.02885942545,-0.0042464209690408206,-0.0042464209690407095,0.0,0.0,-0.0,0.0,0.0,0.0,1.0,1.0,0.0,False
2022-11-21,86478.43257095707,-0.00883214745816785,-0.00883214745816785,0.0,0.0,-0.0,0.0,0.0,0.0,1.0,1.0,0.0,False
2022-11-22,85672.19183899931,-0.00932302665518625,-0.00932302665518625,0.0,0.0,-0.0,0.0,0.0,0.0,1.0,1.0,0.0,False
2022-11-23,85744.33162283621,0.0008420443353716056,0.0008420443353716057,0.0,0.0,-0.0,0.0,0.0,0.0,1.0,1.0,0.0,False
2022-11-25,85981.50721364692,0.0027660789503145544,0.0027660789503145544,0.0,0.0,-0.0,0.0,0.0,0.0,1.0,1.0,0.0,False
2022-11-28,85449.26391646083,-0.00619020664366321,-0.006190206643663321,0.0,0.0,-0.0,0.0,0.0,0.0,1.0,1.0,0.0,False
2022-11-29,85480.25488882654,0.0003626827306086877,0.0003626827306086877,0.0,0.0,-0.0,0.0,0.0,0.0,1.0,1.0,0.0,False
2022-11-30,85883.23413724093,0.0047142962891078,0.0047142962891078,0.0,0.0,-0.0,0.0,0.0,0.0,1.0,1.0,0.0,False
2022-12-01,86320.85436547406,0.005095525717322413,0.005095525717322413,0.0,0.0,-0.0,0.0,0.0,0.0,1.0,1.0,0.0,False
2022-12-02,87405.47943636302,0.012565040960979879,0.012565040960979879,0.0,0.0,-0.0,0.0,0.0,0.0,1.0,1.0,0.0,False
2022-12-05,88311.51123323302,0.010365846657584443,0.010365846657584443,0.0,0.0,-0.0,0.0,0.0,0.0,1.0,1.0,0.0,False
2022-12-06,87617.35348302504,-0.007860331462052339,-0.007860331462052339,0.0,0.0,-0.0,0.0,0.0,0.0,1.0,1.0,0.0,False
2022-12-07,88810.58703036941,0.013618689676304196,0.013618689676304196,0.0,0.0,-0.0,0.0,0.0,0.0,1.0,1.0,0.0,False
2022-12-08,88446.65793787256,-0.004097812036445658,-0.004097812036445658,0.0,0.0,-0.0,0.0,0.0,0.0,1.0,1.0,0.0,False
2022-12-09,89199.24900241716,0.008508982499635387,0.008508982499635387,0.0,0.0,-0.0,0.0,0.0,0.0,1.0,1.0,0.0,False
2022-12-12,89261.14373765523,0.0006938930084086081,0.0006938930084086081,0.0,0.0,-0.0,0.0,0.0,0.0,1.0,1.0,0.0,False
2022-12-13,88980.22150992123,-0.0031471950276555916,-0.0031471950276555916,0.0,0.0,-0.0,0.0,0.0,0.0,1.0,1.0,0.0,False
2022-12-14,87706.77440710322,-0.014311574878199451,-0.014311574878199451,0.0,0.0,-0.0,0.0,0.0,0.0,1.0,1.0,0.0,False
2022-12-15,87599.55146491382,-0.001222516081730629,-0.001222516081730629,0.0,0.0,-0.0,0.0,0.0,0.0,1.0,1.0,0.0,False
2022-12-16,86519.88122183613,-0.012325065882444974,-0.012325065882444974,0.0,0.0,-0.0,0.0,0.0,0.0,1.0,1.0,0.0,False
2022-12-19,87202.38412394813,0.007888393886742229,0.007888393886742229,0.0,0.0,-0.0,0.0,0.0,0.0,1.0,1.0,0.0,False
2022-12-20,88273.60796896066,0.012284341257114084,0.012284341257114084,0.0,0.0,-0.0,0.0,0.0,0.0,1.0,1.0,0.0,False
2022-12-21,87724.07934411334,-0.00622528791437349,-0.0062252879143734905,0.0,0.0,-0.0,0.0,0.0,0.0,1.0,1.0,0.0,False
2022-12-22,87949.15879902584,0.002565765940154119,0.002565765940154119,0.0,0.0,-0.0,0.0,0.0,0.0,1.0,1.0,0.0,False
2022-12-23,87451.97057956133,-0.00565313217606378,-0.00565313217606378,0.0,0.0,-0.0,0.0,0.0,0.0,1.0,1.0,0.0,False
2022-12-27,87025.39055011126,-0.004877877841094169,-0.00487787784109428,0.0,0.0,-0.0,0.0,0.0,0.0,1.0,1.0,0.0,False
2022-12-28,87577.64999135681,0.006345957630923271,0.00634595763092327,0.0,0.0,-0.0,0.0,0.0,0.0,1.0,1.0,0.0,False
2022-12-29,87563.78591559952,-0.00015830609474742907,-0.00015830609474742907,0.0,0.0,-0.0,0.0,0.0,0.0,1.0,1.0,0.0,False
2022-12-30,88795.561833184,0.01406718433544829,0.014067184335448289,0.0,0.0,-0.0,0.0,0.0,0.0,1.0,1.0,0.0,False
2023-01-03,88466.32033641389,-0.0037078598296234055,-0.0037078598296234055,0.0,0.0,-0.0,0.0,0.0,0.0,1.0,1.0,0.0,False
2023-01-04,89186.8511493644,0.00814469065979595,0.00814469065979595,0.0,0.0,-0.0,0.0,0.0,0.0,1.0,1.0,0.0,False
2023-01-05,89269.73314152815,0.0009293073036622523,0.0009293073036622523,0.0,0.0,-0.0,0.0,0.0,0.0,1.0,1.0,0.0,False
2023-01-06,89851.43472605749,0.006516224077953714,0.006516224077953713,0.0,0.0,-0.0,0.0,0.0,0.0,1.0,1.0,0.0,False
2023-01-09,89543.49038478768,-0.003427261258639569,-0.0034272612586395694,0.0,0.0,-0.0,0.0,0.0,0.0,1.0,1.0,0.0,False
2023-01-10,89521.42053799516,-0.00024647070041261543,-0.0002464707004125044,0.0,0.0,-0.0,0.0,0.0,0.0,1.0,1.0,0.0,False
2023-01-11,89452.13176111276,-0.0007739910343914636,-0.0007739910343914634,0.0,0.0,-0.0,0.0,0.0,0.0,1.0,1.0,0.0,False
2023-01-12,88867.25285130092,-0.006538456918766311,-0.006538456918766311,0.0,0.0,-0.0,0.0,0.0,0.0,1.0,1.0,0.0,False
2023-01-13,89351.28187636344,0.005446652276654085,0.005446652276654085,0.0,0.0,-0.0,0.0,0.0,0.0,1.0,1.0,0.0,False
2023-01-17,89829.48922614296,0.005351992044626996,0.005351992044626996,0.0,0.0,-0.0,0.0,0.0,0.0,1.0,1.0,0.0,False
2023-01-18,90269.51337009604,0.004898437559244462,0.004898437559244462,0.0,0.0,-0.0,0.0,0.0,0.0,1.0,1.0,0.0,False
2023-01-19,91392.98293026714,0.012445725231341243,0.012445725231341244,0.0,0.0,-0.0,0.0,0.0,0.0,1.0,1.0,0.0,False
2023-01-20,92466.37143514237,0.011744758409890421,0.011744758409890421,0.0,0.0,-0.0,0.0,0.0,0.0,1.0,1.0,0.0,False
2023-01-23,92202.88319118384,-0.002849557518793233,-0.002849557518793233,0.0,0.0,-0.0,0.0,0.0,0.0,1.0,1.0,0.0,False
2023-01-24,92491.8856183888,0.0031344185474733166,0.0031344185474733166,0.0,0.0,-0.0,0.0,0.0,0.0,1.0,1.0,0.0,False
2023-01-25,92044.3353722522,-0.0048388055140657915,-0.0048388055140656805,0.0,0.0,-0.0,0.0,0.0,0.0,1.0,1.0,0.0,False
2023-01-26,92075.33981895143,0.00033684252891652555,0.00033684252891652555,0.0,0.0,-0.0,0.0,0.0,0.0,1.0,1.0,0.0,False
2023-01-27,91647.37404525348,-0.0046479955929509265,-0.0046479955929509265,0.0,0.0,-0.0,0.0,0.0,0.0,1.0,1.0,0.0,False
2023-01-30,92848.92266816829,0.013110562473088505,0.013110562473088505,0.0,0.0,-0.0,0.0,0.0,0.0,1.0,1.0,0.0,False
2023-01-31,93133.00185805451,0.003059585202743742,0.003059585202743742,0.0,0.0,-0.0,0.0,0.0,0.0,1.0,1.0,0.0,False
2023-02-01,92984.52615079036,-0.00159423302483519,-0.001594233024835301,0.0,0.0,-0.0,0.0,0.0,0.0,1.0,1.0,0.0,False
2023-02-02,93886.37828818377,0.009698948574851096,0.009698948574851096,0.0,0.0,-0.0,0.0,0.0,0.0,1.0,1.0,0.0,False
2023-02-03,92270.13148906929,-0.01721492327836338,-0.01721492327836338,0.0,0.0,-0.0,0.0,0.0,0.0,1.0,1.0,0.0,False
2023-02-06,90797.2399187071,-0.01596282075892208,-0.01596282075892219,0.0,0.0,-0.0,0.0,0.0,0.0,1.0,1.0,0.0,False
2023-02-07,91388.93913121147,0.0065167092417581785,0.0065167092417581785,0.0,0.0,-0.0,0.0,0.0,0.0,1.0,1.0,0.0,False
2023-02-08,91446.85665067601,0.0006337475849389484,0.0006337475849389484,0.0,0.0,-0.0,0.0,0.0,0.0,1.0,1.0,0.0,False
2023-02-09,91643.79389452272,0.00215357040208608,0.00215357040208608,0.0,0.0,-0.0,0.0,0.0,0.0,1.0,1.0,0.0,False
2023-02-10,90685.09269468671,-0.010461168826548461,-0.01046116882654835,0.0,0.0,-0.0,0.0,0.0,0.0,1.0,1.0,0.0,False
2023-02-13,90681.83984881407,-3.5869686802803e-05,-3.5869686802914025e-05,0.0,0.0,-0.0,0.0,0.0,0.0,1.0,1.0,0.0,False
2023-02-14,92148.89748070824,0.016178075283210802,0.016178075283210802,0.0,0.0,-0.0,0.0,0.0,0.0,1.0,1.0,0.0,False
2023-02-15,92770.312505476,0.006743596958366904,0.006743596958366905,0.0,0.0,-0.0,0.0,0.0,0.0,1.0,1.0,0.0,False
2023-02-16,92910.17788616882,0.0015076523611425863,0.0015076523611425863,0.0,0.0,-0.0,0.0,0.0,0.0,1.0,1.0,0.0,False
2023-02-17,92597.773797736,-0.003362431280839573,-0.003362431280839573,0.0,0.0,-0.0,0.0,0.0,0.0,1.0,1.0,0.0,False
2023-02-21,92319.37092233262,-0.003006582814955139,-0.0030065828149551392,0.0,0.0,-0.0,0.0,0.0,0.0,1.0,1.0,0.0,False
2023-02-22,90760.68915037013,-0.016883583113600165,-0.016883583113600054,0.0,0.0,-0.0,0.0,0.0,0.0,1.0,1.0,0.0,False
2023-02-23,90961.37223098907,0.002211123367369394,0.002211123367369394,0.0,0.0,-0.0,0.0,0.0,0.0,1.0,1.0,0.0,False
2023-02-24,91590.26686678878,0.006913864867854835,0.006913864867854835,0.0,0.0,-0.0,0.0,0.0,0.0,1.0,1.0,0.0,False
2023-02-27,90449.51424957057,-0.012454954617365122,-0.01245495461736501,0.0,0.0,-0.0,0.0,0.0,0.0,1.0,1.0,0.0,False
2023-02-28,89984.48298370311,-0.005141335138454384,-0.005141335138454384,0.0,0.0,-0.0,0.0,0.0,0.0,1.0,1.0,0.0,False
2023-03-01,89164.7498041231,-0.00910971705786734,-0.00910971705786734,0.0,0.0,-0.0,0.0,0.0,0.0,1.0,1.0,0.0,False
2023-03-02,88489.52213452786,-0.007572809558469951,-0.007572809558469951,0.0,0.0,-0.0,0.0,0.0,0.0,1.0,1.0,0.0,False
2023-03-03,88540.65607165161,0.000577853014575247,0.000577853014575247,0.0,0.0,-0.0,0.0,0.0,0.0,1.0,1.0,0.0,False
2023-03-06,87077.5024955036,-0.016525217239907852,-0.01652521723990774,0.0,0.0,-0.0,0.0,0.0,0.0,1.0,1.0,0.0,False
2023-03-07,87518.47720590954,0.005064163506856456,0.005064163506856456,0.0,0.0,-0.0,0.0,0.0,0.0,1.0,1.0,0.0,False
2023-03-08,88059.41495952682,0.006180840559469436,0.006180840559469437,0.0,0.0,-0.0,0.0,0.0,0.0,1.0,1.0,0.0,False
2023-03-09,87895.72829579192,-0.0018588207042953275,-0.0018588207042953273,0.0,0.0,-0.0,0.0,0.0,0.0,1.0,1.0,0.0,False
2023-03-10,86164.563205639,-0.01969566807987644,-0.01969566807987644,0.0,0.0,-0.0,0.0,0.0,0.0,1.0,1.0,0.0,False
2023-03-13,85490.64008468417,-0.00782134900801923,-0.00782134900801923,0.0,0.0,-0.0,0.0,0.0,0.0,1.0,1.0,0.0,False
2023-03-14,86346.67628476156,0.010013215472821635,0.010013215472821635,0.0,0.0,-0.0,0.0,0.0,0.0,1.0,1.0,0.0,False
2023-03-15,84440.66370317237,-0.022073954245828586,-0.022073954245828475,0.0,0.0,-0.0,0.0,0.0,0.0,1.0,1.0,0.0,False
2023-03-16,84218.56894210374,-0.00263018729754827,-0.00263018729754827,0.0,0.0,-0.0,0.0,0.0,0.0,1.0,1.0,0.0,False
2023-03-17,83436.17791214041,-0.009290006227738012,-0.009290006227738012,0.0,0.0,-0.0,0.0,0.0,0.0,1.0,1.0,0.0,False
2023-03-20,83985.73550543409,0.0065865624126786315,0.0065865624126786315,0.0,0.0,-0.0,0.0,0.0,0.0,1.0,1.0,0.0,False
2023-03-21,83544.73383119391,-0.005250911617147747,-0.005250911617147747,0.0,0.0,-0.0,0.0,0.0,0.0,1.0,1.0,0.0,False
2023-03-22,83827.25139040776,0.003381632165884829,0.003381632165884829,0.0,0.0,-0.0,0.0,0.0,0.0,1.0,1.0,0.0,False
2023-03-23,84219.03341978842,0.00467368335335272,0.00467368335335272,0.0,0.0,-0.0,0.0,0.0,0.0,1.0,1.0,0.0,False
2023-03-24,85468.8275977014,0.014839806717840132,0.014839806717840132,0.0,0.0,-0.0,0.0,0.0,0.0,1.0,1.0,0.0,False
2023-03-27,85342.8862418704,-0.0014735355494029934,-0.0014735355494029934,0.0,0.0,-0.0,0.0,0.0,0.0,1.0,1.0,0.0,False
2023-03-28,85612.42936967546,0.0031583549569809133,0.0031583549569809133,0.0,0.0,-0.0,0.0,0.0,0.0,1.0,1.0,0.0,False
2023-03-29,84608.15757554615,-0.011730443833019244,-0.011730443833019355,0.0,0.0,-0.0,0.0,0.0,0.0,1.0,1.0,0.0,False
2023-03-30,85426.59838592829,0.009673308506350065,0.009673308506350065,0.0,0.0,-0.0,0.0,0.0,0.0,1.0,1.0,0.0,False
2023-03-31,84919.67090422107,-0.005934070784570977,-0.005934070784570977,0.0,0.0,-0.0,0.0,0.0,0.0,1.0,1.0,0.0,False
2023-04-03,84551.45638227668,-0.004336033312701937,-0.004336033312701937,0.0,0.0,-0.0,0.0,0.0,0.0,1.0,1.0,0.0,False
2023-04-04,84549.09043308767,-2.7982358793643414e-05,-2.7982358793643414e-05,0.0,0.0,-0.0,0.0,0.0,0.0,1.0,1.0,0.0,False
2023-04-05,83504.64919784786,-0.012353074762718852,-0.012353074762718852,0.0,0.0,-0.0,0.0,0.0,0.0,1.0,1.0,0.0,False
2023-04-06,83670.00178332908,0.001980160231431549,0.001980160231431549,0.0,0.0,-0.0,0.0,0.0,0.0,1.0,1.0,0.0,False
2023-04-10,84330.13552184415,0.007889730183400001,0.007889730183400001,0.0,0.0,-0.0,0.0,0.0,0.0,1.0,1.0,0.0,False
2023-04-11,84540.4102344481,0.0024934705879784413,0.0024934705879784413,0.0,0.0,-0.0,0.0,0.0,0.0,1.0,1.0,0.0,False
2023-04-12,83478.48288081378,-0.012561180513429915,-0.012561180513429915,0.0,0.0,-0.0,0.0,0.0,0.0,1.0,1.0,0.0,False
2023-04-13,83408.32135678842,-0.0008404743546374105,-0.0008404743546372995,0.0,0.0,-0.0,0.0,0.0,0.0,1.0,1.0,0.0,False
2023-04-14,83915.96368655785,0.006086231223835892,0.006086231223835892,0.0,0.0,-0.0,0.0,0.0,0.0,1.0,1.0,0.0,False
2023-04-17,82667.80518440237,-0.014873910127727208,-0.01487391012772721,0.0,0.0,-0.0,0.0,0.0,0.0,1.0,1.0,0.0,False
2023-04-18,81969.41697558723,-0.008448128110541853,-0.008448128110541742,0.0,0.0,-0.0,0.0,0.0,0.0,1.0,1.0,0.0,False
2023-04-19,82556.5105335755,0.00716234883265221,0.007162348832652211,0.0,0.0,-0.0,0.0,0.0,0.0,1.0,1.0,0.0,False
2023-04-20,82747.2791026226,0.0023107634735786142,0.0023107634735786142,0.0,0.0,-0.0,0.0,0.0,0.0,1.0,1.0,0.0,False
2023-04-21,83032.40741439672,0.003445772657013846,0.003445772657013846,0.0,0.0,-0.0,0.0,0.0,0.0,1.0,1.0,0.0,False
2023-04-24,84280.04891912114,0.015025958460986422,0.015025958460986423,0.0,0.0,-0.0,0.0,0.0,0.0,1.0,1.0,0.0,False
2023-04-25,84608.60813520856,0.0038984222280498138,0.0038984222280498133,0.0,0.0,-0.0,0.0,0.0,0.0,1.0,1.0,0.0,False
2023-04-26,85066.6033374016,0.005413104083465514,0.005413104083465514,0.0,0.0,-0.0,0.0,0.0,0.0,1.0,1.0,0.0,False
2023-04-27,86924.11464400234,0.021835964217746584,0.021835964217746584,0.0,0.0,-0.0,0.0,0.0,0.0,1.0,1.0,0.0,False
2023-04-28,86788.47508584803,-0.0015604364647235913,-0.0015604364647237023,0.0,0.0,-0.0,0.0,0.0,0.0,1.0,1.0,0.0,False
2023-05-01,86247.51713029704,-0.00623306210894814,-0.006233062108948029,0.0,0.0,-0.0,0.0,0.0,0.0,1.0,1.0,0.0,False
2023-05-02,86555.62527535537,0.0035723711859769747,0.0035723711859769742,0.0,0.0,-0.0,0.0,0.0,0.0,1.0,1.0,0.0,False
2023-05-03,86872.58576345889,0.0036619282351111337,0.0036619282351111337,0.0,0.0,-0.0,0.0,0.0,0.0,1.0,1.0,0.0,False
2023-05-04,86519.55962684516,-0.004063723135569686,-0.004063723135569686,0.0,0.0,-0.0,0.0,0.0,0.0,1.0,1.0,0.0,False
2023-05-05,85817.95727685356,-0.008109176156438913,-0.008109176156438802,0.0,0.0,-0.0,0.0,0.0,0.0,1.0,1.0,0.0,False
2023-05-08,87416.63900989392,0.018628755376720596,0.018628755376720596,0.0,0.0,-0.0,0.0,0.0,0.0,1.0,1.0,0.0,False
2023-05-09,87658.3239670546,0.0027647477631040918,0.0027647477631040918,0.0,0.0,-0.0,0.0,0.0,0.0,1.0,1.0,0.0,False
2023-05-10,87157.94544205542,-0.005708283051216401,-0.005708283051216512,0.0,0.0,-0.0,0.0,0.0,0.0,1.0,1.0,0.0,False
2023-05-11,87809.66396039023,0.00747744241823689,0.00747744241823689,0.0,0.0,-0.0,0.0,0.0,0.0,1.0,1.0,0.0,False
2023-05-12,87746.16341733224,-0.0007231612124906084,-0.0007231612124907194,0.0,0.0,-0.0,0.0,0.0,0.0,1.0,1.0,0.0,False
2023-05-15,87581.81032813432,-0.0018730515705425166,-0.0018730515705425166,0.0,0.0,-0.0,0.0,0.0,0.0,1.0,1.0,0.0,False
2023-05-16,87988.90660784888,0.004648182975315773,0.004648182975315773,0.0,0.0,-0.0,0.0,0.0,0.0,1.0,1.0,0.0,False
2023-05-17,87092.73447785787,-0.010185058145853465,-0.010185058145853465,0.0,0.0,-0.0,0.0,0.0,0.0,1.0,1.0,0.0,False
2023-05-18,87351.48852755297,0.002971017631337336,0.0029710176313373356,0.0,0.0,-0.0,0.0,0.0,0.0,1.0,1.0,0.0,False
2023-05-19,88701.38685036256,0.015453638461853991,0.015453638461853991,0.0,0.0,-0.0,0.0,0.0,0.0,1.0,1.0,0.0,False
2023-05-22,89045.49689963461,0.003879421297578567,0.003879421297578567,0.0,0.0,-0.0,0.0,0.0,0.0,1.0,1.0,0.0,False
2023-05-23,88790.85377440111,-0.002859696830267766,-0.002859696830267766,0.0,0.0,-0.0,0.0,0.0,0.0,1.0,1.0,0.0,False
2023-05-24,88443.96191604542,-0.0039068422434260786,-0.0039068422434260786,0.0,0.0,-0.0,0.0,0.0,0.0,1.0,1.0,0.0,False
2023-05-25,88166.8917665315,-0.0031327197867608847,-0.0031327197867608847,0.0,0.0,-0.0,0.0,0.0,0.0,1.0,1.0,0.0,False
2023-05-26,88000.98800071106,-0.001881701424382154,-0.001881701424382265,0.0,0.0,-0.0,0.0,0.0,0.0,1.0,1.0,0.0,False
2023-05-30,87748.20936366435,-0.0028724522620662274,-0.0028724522620662274,0.0,0.0,-0.0,0.0,0.0,0.0,1.0,1.0,0.0,False
2023-05-31,88404.6091004588,0.0074804915285968665,0.007480491528596866,0.0,0.0,-0.0,0.0,0.0,0.0,1.0,1.0,0.0,False
2023-06-01,87192.08040575548,-0.013715672825671987,-0.013715672825671987,0.0,0.0,-0.0,0.0,0.0,0.0,1.0,1.0,0.0,False
2023-06-02,87806.43583945876,0.007046000403297281,0.007046000403297281,0.0,0.0,-0.0,0.0,0.0,0.0,1.0,1.0,0.0,False
2023-06-05,87552.89544076238,-0.0028874922011404847,-0.0028874922011404847,0.0,0.0,-0.0,0.0,0.0,0.0,1.0,1.0,0.0,False
2023-06-06,87830.0513356194,0.0031655822855629623,0.0031655822855629627,0.0,0.0,-0.0,0.0,0.0,0.0,1.0,1.0,0.0,False
2023-06-07,87051.35859525924,-0.008865903281606746,-0.008865903281606746,0.0,0.0,-0.0,0.0,0.0,0.0,1.0,1.0,0.0,False
2023-06-08,87989.6894145774,0.010779048534795166,0.010779048534795166,0.0,0.0,-0.0,0.0,0.0,0.0,1.0,1.0,0.0,False
2023-06-09,88879.71213414529,0.010115079681374928,0.010115079681374928,0.0,0.0,-0.0,0.0,0.0,0.0,1.0,1.0,0.0,False
2023-06-12,89575.34912852797,0.007826724206000613,0.007826724206000613,0.0,0.0,-0.0,0.0,0.0,0.0,1.0,1.0,0.0,False
2023-06-13,88503.30792781076,-0.011968038206348286,-0.011968038206348286,0.0,0.0,-0.0,0.0,0.0,0.0,1.0,1.0,0.0,False
2023-06-14,89103.62308369589,0.006782968568528336,0.006782968568528335,0.0,0.0,-0.0,0.0,0.0,0.0,1.0,1.0,0.0,False
2023-06-15,89405.58106821611,0.0033888407010855826,0.0033888407010855826,0.0,0.0,-0.0,0.0,0.0,0.0,1.0,1.0,0.0,False
2023-06-16,88270.83023640045,-0.012692169977060463,-0.012692169977060463,0.0,0.0,-0.0,0.0,0.0,0.0,1.0,1.0,0.0,False
2023-06-20,88266.91285903173,-4.437907016652254e-05,-4.437907016652254e-05,0.0,0.0,-0.0,0.0,0.0,0.0,1.0,1.0,0.0,False
2023-06-21,88537.56356778147,0.0030662759122661587,0.0030662759122661587,0.0,0.0,-0.0,0.0,0.0,0.0,1.0,1.0,0.0,False
2023-06-22,88944.71260155336,0.004598602190585277,0.004598602190585277,0.0,0.0,-0.0,0.0,0.0,0.0,1.0,1.0,0.0,False
2023-06-23,89084.18599915259,0.001568090935590849,0.001568090935590849,0.0,0.0,-0.0,0.0,0.0,0.0,1.0,1.0,0.0,False
2023-06-26,89305.10153671028,0.002479851334779015,0.002479851334779015,0.0,0.0,-0.0,0.0,0.0,0.0,1.0,1.0,0.0,False
2023-06-27,90371.30542202729,0.011938891138024488,0.011938891138024488,0.0,0.0,-0.0,0.0,0.0,0.0,1.0,1.0,0.0,False
2023-06-28,91271.24739728299,0.009958271279285391,0.009958271279285391,0.0,0.0,-0.0,0.0,0.0,0.0,1.0,1.0,0.0,False
2023-06-29,89191.50062848609,-0.022786439630262056,-0.022786439630262053,0.0,0.0,-0.0,0.0,0.0,0.0,1.0,1.0,0.0,False
2023-06-30,88978.37678507388,-0.0023895084387013377,-0.0023895084387013377,0.0,0.0,-0.0,0.0,0.0,0.0,1.0,1.0,0.0,False
2023-07-03,88874.52049225678,-0.0011672082203518785,-0.0011672082203517675,0.0,0.0,-0.0,0.0,0.0,0.0,1.0,1.0,0.0,False
2023-07-05,87642.11630628041,-0.01386678858181567,-0.01386678858181567,0.0,0.0,-0.0,0.0,0.0,0.0,1.0,1.0,0.0,False
2023-07-06,87721.29784407577,0.0009034644658585389,0.0009034644658585389,0.0,0.0,-0.0,0.0,0.0,0.0,1.0,1.0,0.0,False
2023-07-07,88610.79725866219,0.010140062179283982,0.010140062179283982,0.0,0.0,-0.0,0.0,0.0,0.0,1.0,1.0,0.0,False
2023-07-10,87853.83572373929,-0.008542542876724846,-0.008542542876724846,0.0,0.0,-0.0,0.0,0.0,0.0,1.0,1.0,0.0,False
2023-07-11,88103.44670153763,0.002841207509518995,0.002841207509518995,0.0,0.0,-0.0,0.0,0.0,0.0,1.0,1.0,0.0,False
2023-07-12,87471.16457918283,-0.007176587818371494,-0.007176587818371494,0.0,0.0,-0.0,0.0,0.0,0.0,1.0,1.0,0.0,False
2023-07-13,87014.10183622158,-0.005225296189437345,-0.005225296189437345,0.0,0.0,-0.0,0.0,0.0,0.0,1.0,1.0,0.0,False
2023-07-14,88055.58659258387,0.011969149073360219,0.01196914907336022,0.0,0.0,-0.0,0.0,0.0,0.0,1.0,1.0,0.0,False
2023-07-17,87686.59295369002,-0.0041904625608948365,-0.0041904625608947255,0.0,0.0,-0.0,0.0,0.0,0.0,1.0,1.0,0.0,False
2023-07-18,88023.98464968897,0.00384769991208489,0.0038476999120848894,0.0,0.0,-0.0,0.0,0.0,0.0,1.0,1.0,0.0,False
2023-07-19,86719.49164959144,-0.014819744928487921,-0.014819744928487921,0.0,0.0,-0.0,0.0,0.0,0.0,1.0,1.0,0.0,False
2023-07-20,88024.49343105302,0.01504854049115889,0.015048540491158889,0.0,0.0,-0.0,0.0,0.0,0.0,1.0,1.0,0.0,False
2023-07-21,88462.0825154766,0.004971219570452101,0.004971219570452101,0.0,0.0,-0.0,0.0,0.0,0.0,1.0,1.0,0.0,False
2023-07-24,88346.19729873721,-0.0013099987412020786,-0.0013099987412020786,0.0,0.0,-0.0,0.0,0.0,0.0,1.0,1.0,0.0,False
2023-07-25,88766.22799254843,0.004754372079999181,0.004754372079999181,0.0,0.0,-0.0,0.0,0.0,0.0,1.0,1.0,0.0,False
2023-07-26,87778.38810388086,-0.011128555431582532,-0.011128555431582532,0.0,0.0,-0.0,0.0,0.0,0.0,1.0,1.0,0.0,False
2023-07-27,88621.96000125112,0.009610245934021266,0.009610245934021266,0.0,0.0,-0.0,0.0,0.0,0.0,1.0,1.0,0.0,False
2023-07-28,88405.55596873084,-0.0024418782039713482,-0.0024418782039714593,0.0,0.0,-0.0,0.0,0.0,0.0,1.0,1.0,0.0,False
2023-07-31,88274.48977065313,-0.0014825561203876125,-0.0014825561203875015,0.0,0.0,-0.0,0.0,0.0,0.0,1.0,1.0,0.0,False
2023-08-01,87940.5257556871,-0.003783244919723927,-0.003783244919723816,0.0,0.0,-0.0,0.0,0.0,0.0,1.0,1.0,0.0,False
2023-08-02,87545.21451744463,-0.004495211221964945,-0.004495211221964834,0.0,0.0,-0.0,0.0,0.0,0.0,1.0,1.0,0.0,False
2023-08-03,88044.86700133403,0.005707364893027256,0.005707364893027256,0.0,0.0,-0.0,0.0,0.0,0.0,1.0,1.0,0.0,False
2023-08-04,88238.32400804148,0.00219725480083377,0.00219725480083377,0.0,0.0,-0.0,0.0,0.0,0.0,1.0,1.0,0.0,False
2023-08-07,88711.63306602478,0.00536398513122438,0.00536398513122438,0.0,0.0,-0.0,0.0,0.0,0.0,1.0,1.0,0.0,False
2023-08-08,88718.69828085208,7.964248411540531e-05,7.964248411540531e-05,0.0,0.0,-0.0,0.0,0.0,0.0,1.0,1.0,0.0,False
2023-08-09,89096.24943916818,0.004255598488617451,0.004255598488617451,0.0,0.0,-0.0,0.0,0.0,0.0,1.0,1.0,0.0,False
2023-08-10,88811.07105925585,-0.0032007899514001625,-0.0032007899514002736,0.0,0.0,-0.0,0.0,0.0,0.0,1.0,1.0,0.0,False
2023-08-11,90408.59170399881,0.017987854731276398,0.017987854731276398,0.0,0.0,-0.0,0.0,0.0,0.0,1.0,1.0,0.0,False
2023-08-14,89288.11794603965,-0.012393443331443876,-0.012393443331443987,0.0,0.0,-0.0,0.0,0.0,0.0,1.0,1.0,0.0,False
2023-08-15,90202.2049274824,0.010237498588503868,0.010237498588503868,0.0,0.0,-0.0,0.0,0.0,0.0,1.0,1.0,0.0,False
2023-08-16,91202.84140375562,0.011093259605767791,0.011093259605767791,0.0,0.0,-0.0,0.0,0.0,0.0,1.0,1.0,0.0,False
2023-08-17,90594.76739451583,-0.006667270447724749,-0.00666727044772475,0.0,0.0,-0.0,0.0,0.0,0.0,1.0,1.0,0.0,False
2023-08-18,92224.04080328144,0.017984188884448082,0.017984188884448082,0.0,0.0,-0.0,0.0,0.0,0.0,1.0,1.0,0.0,False
2023-08-21,92972.33950119086,0.008113922263562223,0.008113922263562223,0.0,0.0,-0.0,0.0,0.0,0.0,1.0,1.0,0.0,False
2023-08-22,93708.59787567756,0.0079191120545834,0.0079191120545834,0.0,0.0,-0.0,0.0,0.0,0.0,1.0,1.0,0.0,False
2023-08-23,93743.66152420374,0.00037417749620693996,0.00037417749620693996,0.0,0.0,-0.0,0.0,0.0,0.0,1.0,1.0,0.0,False
2023-08-24,93594.81446983032,-0.001587809265749529,-0.0015878092657495289,0.0,0.0,-0.0,0.0,0.0,0.0,1.0,1.0,0.0,False
2023-08-25,93452.05704947986,-0.0015252706163169094,-0.0015252706163169094,0.0,0.0,-0.0,0.0,0.0,0.0,1.0,1.0,0.0,False
2023-08-28,93758.04195857182,0.003274244770556045,0.0032742447705560447,0.0,0.0,-0.0,0.0,0.0,0.0,1.0,1.0,0.0,False
2023-08-29,94823.08551739683,0.01135949020027116,0.01135949020027116,0.0,0.0,-0.0,0.0,0.0,0.0,1.0,1.0,0.0,False
2023-08-30,94974.85116891078,0.0016005137428913851,0.0016005137428913851,0.0,0.0,-0.0,0.0,0.0,0.0,1.0,1.0,0.0,False
2023-08-31,94296.58361693559,-0.007141548985098223,-0.007141548985098334,0.0,0.0,-0.0,0.0,0.0,0.0,1.0,1.0,0.0,False
2023-09-01,94932.65334787214,0.006745416499079893,0.006745416499079893,0.0,0.0,-0.0,0.0,0.0,0.0,1.0,1.0,0.0,False
2023-09-05,95646.47152178337,0.007519205971158405,0.007519205971158406,0.0,0.0,-0.0,0.0,0.0,0.0,1.0,1.0,0.0,False
2023-09-06,96161.74548406481,0.005387276227582394,0.005387276227582393,0.0,0.0,-0.0,0.0,0.0,0.0,1.0,1.0,0.0,False
2023-09-07,96749.67755475065,0.006113991252199913,0.006113991252199913,0.0,0.0,-0.0,0.0,0.0,0.0,1.0,1.0,0.0,False
2023-09-08,96554.49233251765,-0.002017425041262233,-0.002017425041262344,0.0,0.0,-0.0,0.0,0.0,0.0,1.0,1.0,0.0,False
2023-09-11,95851.3908870499,-0.007281913337044754,-0.007281913337044754,0.0,0.0,-0.0,0.0,0.0,0.0,1.0,1.0,0.0,False
2023-09-12,95200.02821259561,-0.0067955474451262265,-0.0067955474451262265,0.0,0.0,-0.0,0.0,0.0,0.0,1.0,1.0,0.0,False
2023-09-13,93968.7390376767,-0.012933705987662747,-0.012933705987662858,0.0,0.0,-0.0,0.0,0.0,0.0,1.0,1.0,0.0,False
2023-09-14,94160.96044648199,0.0020455888923678334,0.0020455888923678334,0.0,0.0,-0.0,0.0,0.0,0.0,1.0,1.0,0.0,False
2023-09-15,94112.2236499353,-0.0005175902658127729,-0.0005175902658127729,0.0,0.0,-0.0,0.0,0.0,0.0,1.0,1.0,0.0,False
2023-09-18,93795.07471346743,-0.0033699016362375156,-0.0033699016362375156,0.0,0.0,-0.0,0.0,0.0,0.0,1.0,1.0,0.0,False
2023-09-19,91591.36406704264,-0.02349495059476059,-0.02349495059476059,0.0,0.0,-0.0,0.0,0.0,0.0,1.0,1.0,0.0,False
2023-09-20,90691.15470386116,-0.009828539757553378,-0.009828539757553378,0.0,0.0,-0.0,0.0,0.0,0.0,1.0,1.0,0.0,False
2023-09-21,91517.961040385,0.009116725211225418,0.009116725211225418,0.0,0.0,-0.0,0.0,0.0,0.0,1.0,1.0,0.0,False
2023-09-22,91045.08700349942,-0.005167008000505069,-0.005167008000505069,0.0,0.0,-0.0,0.0,0.0,0.0,1.0,1.0,0.0,False
2023-09-25,91321.38457186999,0.0030347334212548205,0.00303473342125482,0.0,0.0,-0.0,0.0,0.0,0.0,1.0,1.0,0.0,False
2023-09-26,90319.08822780164,-0.010975483439802036,-0.010975483439802036,0.0,0.0,-0.0,0.0,0.0,0.0,1.0,1.0,0.0,False
2023-09-27,91372.17663019603,0.01165964385887408,0.01165964385887408,0.0,0.0,-0.0,0.0,0.0,0.0,1.0,1.0,0.0,False
2023-09-28,91280.60149033737,-0.0010022212804372543,-0.0010022212804373654,0.0,0.0,-0.0,0.0,0.0,0.0,1.0,1.0,0.0,False
2023-09-29,91506.09407534104,0.0024703231718683494,0.0024703231718683494,0.0,0.0,-0.0,0.0,0.0,0.0,1.0,1.0,0.0,False
2023-10-02,93222.40418492796,0.018756238335053466,0.018756238335053466,0.0,0.0,-0.0,0.0,0.0,0.0,1.0,1.0,0.0,False
2023-10-03,94367.31708139073,0.01228152080471534,0.012281520804715338,0.0,0.0,-0.0,0.0,0.0,0.0,1.0,1.0,0.0,False
2023-10-04,94150.03397743094,-0.0023025249702965933,-0.0023025249702964823,0.0,0.0,-0.0,0.0,0.0,0.0,1.0,1.0,0.0,False
2023-10-05,93717.34287803441,-0.004595761478962901,-0.004595761478962901,0.0,0.0,-0.0,0.0,0.0,0.0,1.0,1.0,0.0,False
2023-10-06,93487.32677173163,-0.0024543600921562714,-0.0024543600921562714,0.0,0.0,-0.0,0.0,0.0,0.0,1.0,1.0,0.0,False
2023-10-09,93882.70206415268,0.004229185987812301,0.004229185987812301,0.0,0.0,-0.0,0.0,0.0,0.0,1.0,1.0,0.0,False
2023-10-10,93817.75466109563,-0.0006917930740070188,-0.000691793074007019,0.0,0.0,-0.0,0.0,0.0,0.0,1.0,1.0,0.0,False
2023-10-11,93535.17997847742,-0.0030119531600280025,-0.0030119531600278915,0.0,0.0,-0.0,0.0,0.0,0.0,1.0,1.0,0.0,False
2023-10-12,94647.07475424315,0.011887450005672484,0.011887450005672482,0.0,0.0,-0.0,0.0,0.0,0.0,1.0,1.0,0.0,False
2023-10-13,94574.79475813812,-0.0007636791342227056,-0.0007636791342227057,0.0,0.0,-0.0,0.0,0.0,0.0,1.0,1.0,0.0,False
2023-10-16,96328.84630936831,0.018546712744298643,0.018546712744298643,0.0,0.0,-0.0,0.0,0.0,0.0,1.0,1.0,0.0,False
2023-10-17,96413.22464813392,0.0008759405100173812,0.0008759405100173812,0.0,0.0,-0.0,0.0,0.0,0.0,1.0,1.0,0.0,False
2023-10-18,97804.71305911781,0.014432547153797826,0.014432547153797826,0.0,0.0,-0.0,0.0,0.0,0.0,1.0,1.0,0.0,False
2023-10-19,98098.96395494598,0.0030085553816849853,0.003008555381684985,0.0,0.0,-0.0,0.0,0.0,0.0,1.0,1.0,0.0,False
2023-10-20,98869.40227606108,0.007853684585995557,0.007853684585995557,0.0,0.0,-0.0,0.0,0.0,0.0,1.0,1.0,0.0,False
2023-10-23,98311.097794033,-0.005646888412141782,-0.005646888412141782,0.0,0.0,-0.0,0.0,0.0,0.0,1.0,1.0,0.0,False
2023-10-24,97654.37240730731,-0.006680073780699458,-0.006680073780699347,0.0,0.0,-0.0,0.0,0.0,0.0,1.0,1.0,0.0,False
2023-10-25,98028.15893539954,0.003827647640120002,0.003827647640120002,0.0,0.0,-0.0,0.0,0.0,0.0,1.0,1.0,0.0,False
2023-10-26,98818.1115941878,0.008058425939722502,0.008058425939722502,0.0,0.0,-0.0,0.0,0.0,0.0,1.0,1.0,0.0,False
2023-10-27,98864.75888298351,0.00047205201600375446,0.00047205201600375446,0.0,0.0,-0.0,0.0,0.0,0.0,1.0,1.0,0.0,False
2023-10-30,97862.15686160215,-0.010141146680669566,-0.010141146680669566,0.0,0.0,-0.0,0.0,0.0,0.0,1.0,1.0,0.0,False
2023-10-31,96811.8936442185,-0.010732066930314588,-0.010732066930314588,0.0,0.0,-0.0,0.0,0.0,0.0,1.0,1.0,0.0,False
2023-11-01,95721.10520759116,-0.01126709121748981,-0.011267091217489924,0.0,0.0,-0.0,0.0,0.0,0.0,1.0,1.0,0.0,False
2023-11-02,94381.87343545281,-0.013990976903515029,-0.01399097690351503,0.0,0.0,-0.0,0.0,0.0,0.0,1.0,1.0,0.0,False
2023-11-03,94478.69818317509,0.0010258828755767002,0.0010258828755767002,0.0,0.0,-0.0,0.0,0.0,0.0,1.0,1.0,0.0,False
2023-11-06,95343.2114688775,0.009150351373664156,0.009150351373664156,0.0,0.0,-0.0,0.0,0.0,0.0,1.0,1.0,0.0,False
2023-11-07,95347.28011691949,4.2673704601536855e-05,4.267370460153686e-05,0.0,0.0,-0.0,0.0,0.0,0.0,1.0,1.0,0.0,False
2023-11-08,93637.38701655054,-0.017933318058702796,-0.017933318058702796,0.0,0.0,-0.0,0.0,0.0,0.0,1.0,1.0,0.0,False
2023-11-09,93508.53413618861,-0.0013760836826763878,-0.0013760836826763878,0.0,0.0,-0.0,0.0,0.0,0.0,1.0,1.0,0.0,False
2023-11-10,93400.77565203738,-0.001152391973060829,-0.001152391973060829,0.0,0.0,-0.0,0.0,0.0,0.0,1.0,1.0,0.0,False
2023-11-13,94980.92904067924,0.016917990001803496,0.016917990001803496,0.0,0.0,-0.0,0.0,0.0,0.0,1.0,1.0,0.0,False
2023-11-14,93887.97367835938,-0.011507103303356359,-0.011507103303356359,0.0,0.0,-0.0,0.0,0.0,0.0,1.0,1.0,0.0,False
2023-11-15,93608.61744665467,-0.002975420820793717,-0.002975420820793606,0.0,0.0,-0.0,0.0,0.0,0.0,1.0,1.0,0.0,False
2023-11-16,94900.11882721922,0.013796821444356455,0.013796821444356455,0.0,0.0,-0.0,0.0,0.0,0.0,1.0,1.0,0.0,False
2023-11-17,95255.97782955099,0.0037498267307722877,0.0037498267307722877,0.0,0.0,-0.0,0.0,0.0,0.0,1.0,1.0,0.0,False
2023-11-20,95699.53772736124,0.004656504588131494,0.004656504588131494,0.0,0.0,-0.0,0.0,0.0,0.0,1.0,1.0,0.0,False
2023-11-21,95801.61807925183,0.0010666754961909941,0.0010666754961909941,0.0,0.0,-0.0,0.0,0.0,0.0,1.0,1.0,0.0,False
2023-11-22,96068.861320989,0.0027895483092581497,0.0027895483092581492,0.0,0.0,-0.0,0.0,0.0,0.0,1.0,1.0,0.0,False
2023-11-24,96680.90414719682,0.006370876242228318,0.006370876242228319,0.0,0.0,-0.0,0.0,0.0,0.0,1.0,1.0,0.0,False
2023-11-27,96069.31132917618,-0.006325890551142188,-0.006325890551142188,0.0,0.0,-0.0,0.0,0.0,0.0,1.0,1.0,0.0,False
2023-11-28,96758.55758973464,0.007174468631265585,0.007174468631265586,0.0,0.0,-0.0,0.0,0.0,0.0,1.0,1.0,0.0,False
2023-11-29,95710.27304153153,-0.010834024135084164,-0.010834024135084164,0.0,0.0,-0.0,0.0,0.0,0.0,1.0,1.0,0.0,False
2023-11-30,95976.05508919017,0.0027769437826523635,0.0027769437826523635,0.0,0.0,-0.0,0.0,0.0,0.0,1.0,1.0,0.0,False
2023-12-01,96127.69031776606,0.0015799277062906736,0.0015799277062906736,0.0,0.0,-0.0,0.0,0.0,0.0,1.0,1.0,0.0,False
2023-12-04,95668.16682230003,-0.004780344705536899,-0.004780344705536899,0.0,0.0,-0.0,0.0,0.0,0.0,1.0,1.0,0.0,False
2023-12-05,95665.15497768926,-3.1482202605181975e-05,-3.1482202605181975e-05,0.0,0.0,-0.0,0.0,0.0,0.0,1.0,1.0,0.0,False
2023-12-06,95203.06154945925,-0.0048303212213243185,-0.0048303212213243185,0.0,0.0,-0.0,0.0,0.0,0.0,1.0,1.0,0.0,False
2023-12-07,94401.10802962081,-0.00842361061489405,-0.00842361061489405,0.0,0.0,-0.0,0.0,0.0,0.0,1.0,1.0,0.0,False
2023-12-08,94148.21520843377,-0.002678917932909086,-0.002678917932909086,0.0,0.0,-0.0,0.0,0.0,0.0,1.0,1.0,0.0,False
2023-12-11,93330.82896366993,-0.008681909082973394,-0.008681909082973394,0.0,0.0,-0.0,0.0,0.0,0.0,1.0,1.0,0.0,False
2023-12-12,93585.84422730404,0.0027323797127460914,0.0027323797127460914,0.0,0.0,-0.0,0.0,0.0,0.0,1.0,1.0,0.0,False
2023-12-13,92738.82832870753,-0.009050683953218952,-0.009050683953218952,0.0,0.0,-0.0,0.0,0.0,0.0,1.0,1.0,0.0,False
2023-12-14,93280.96247223002,0.005845816183928099,0.005845816183928099,0.0,0.0,-0.0,0.0,0.0,0.0,1.0,1.0,0.0,False
2023-12-15,92413.27857982332,-0.009301832543430422,-0.009301832543430422,0.0,0.0,-0.0,0.0,0.0,0.0,1.0,1.0,0.0,False
2023-12-18,92008.47521327488,-0.0043803593246481975,-0.0043803593246481975,0.0,0.0,-0.0,0.0,0.0,0.0,1.0,1.0,0.0,False
2023-12-19,91562.52602693375,-0.004846827265721276,-0.004846827265721276,0.0,0.0,-0.0,0.0,0.0,0.0,1.0,1.0,0.0,False
2023-12-20,92546.93066065465,0.010751173830998662,0.010751173830998662,0.0,0.0,-0.0,0.0,0.0,0.0,1.0,1.0,0.0,False
2023-12-21,92805.35126581286,0.0027923195649326438,0.0027923195649326438,0.0,0.0,-0.0,0.0,0.0,0.0,1.0,1.0,0.0,False
2023-12-22,92662.0718291429,-0.0015438704203551978,-0.0015438704203553089,0.0,0.0,-0.0,0.0,0.0,0.0,1.0,1.0,0.0,False
2023-12-26,93045.67015328522,0.004139755528557831,0.004139755528557831,0.0,0.0,-0.0,0.0,0.0,0.0,1.0,1.0,0.0,False
2023-12-27,91491.10601101488,-0.01670753877863762,-0.01670753877863762,0.0,0.0,-0.0,0.0,0.0,0.0,1.0,1.0,0.0,False
2023-12-28,91473.25895833677,-0.0001950687171271559,-0.00019506871712726695,0.0,0.0,-0.0,0.0,0.0,0.0,1.0,1.0,0.0,False
2023-12-29,92948.73300045478,0.016130113422438086,0.016130113422438086,0.0,0.0,-0.0,0.0,0.0,0.0,1.0,1.0,0.0,False
2024-01-02,93061.08683110216,0.001208772051221274,0.001208772051221274,0.0,0.0,-0.0,0.0,0.0,0.0,1.0,1.0,0.0,False
2024-01-03,93125.6065807912,0.0006933053533548783,0.0006933053533548783,0.0,0.0,-0.0,0.0,0.0,0.0,1.0,1.0,0.0,False
2024-01-04,93547.9337244849,0.0045350270371373735,0.0045350270371373735,0.0,0.0,-0.0,0.0,0.0,0.0,1.0,1.0,0.0,False
2024-01-05,94232.22207410255,0.007314841946514772,0.007314841946514772,0.0,0.0,-0.0,0.0,0.0,0.0,1.0,1.0,0.0,False
2024-01-08,92740.5511074935,-0.015829733543118896,-0.015829733543118896,0.0,0.0,-0.0,0.0,0.0,0.0,1.0,1.0,0.0,False
2024-01-09,91506.30310964739,-0.01330861185432819,-0.01330861185432819,0.0,0.0,-0.0,0.0,0.0,0.0,1.0,1.0,0.0,False
2024-01-10,91673.97288410141,0.0018323303286891246,0.0018323303286891246,0.0,0.0,-0.0,0.0,0.0,0.0,1.0,1.0,0.0,False
2024-01-11,91163.43938362706,-0.005569012495180048,-0.005569012495180048,0.0,0.0,-0.0,0.0,0.0,0.0,1.0,1.0,0.0,False
2024-01-12,92133.98378323199,0.01064620209775935,0.01064620209775935,0.0,0.0,-0.0,0.0,0.0,0.0,1.0,1.0,0.0,False
2024-01-16,91915.49770378687,-0.0023713951190819094,-0.0023713951190817983,0.0,0.0,-0.0,0.0,0.0,0.0,1.0,1.0,0.0,False
2024-01-17,90506.77818527167,-0.015326245885705081,-0.015326245885705083,0.0,0.0,-0.0,0.0,0.0,0.0,1.0,1.0,0.0,False
2024-01-18,89602.24336753837,-0.009994111334752032,-0.00999411133475192,0.0,0.0,-0.0,0.0,0.0,0.0,1.0,1.0,0.0,False
2024-01-19,87644.66658490092,-0.021847408157044557,-0.021847408157044557,0.0,0.0,-0.0,0.0,0.0,0.0,1.0,1.0,0.0,False
2024-01-22,87493.65444765528,-0.0017230042982632199,-0.001723004298263331,0.0,0.0,-0.0,0.0,0.0,0.0,1.0,1.0,0.0,False
2024-01-23,87374.91916994807,-0.0013570730181151625,-0.0013570730181151625,0.0,0.0,-0.0,0.0,0.0,0.0,1.0,1.0,0.0,False
2024-01-24,87091.32624816075,-0.0032457016782553305,-0.0032457016782553305,0.0,0.0,-0.0,0.0,0.0,0.0,1.0,1.0,0.0,False
2024-01-25,87856.0779980615,0.008781032312237924,0.008781032312237924,0.0,0.0,-0.0,0.0,0.0,0.0,1.0,1.0,0.0,False
2024-01-26,88711.63442767508,0.009738158692133458,0.009738158692133458,0.0,0.0,-0.0,0.0,0.0,0.0,1.0,1.0,0.0,False
2024-01-29,88604.01768865144,-0.0012131073868487663,-0.0012131073868487663,0.0,0.0,-0.0,0.0,0.0,0.0,1.0,1.0,0.0,False
2024-01-30,87104.16880752095,-0.016927549339814996,-0.016927549339814885,0.0,0.0,-0.0,0.0,0.0,0.0,1.0,1.0,0.0,False
2024-01-31,87547.37682475384,0.005088252643937974,0.005088252643937974,0.0,0.0,-0.0,0.0,0.0,0.0,1.0,1.0,0.0,False
2024-02-01,87949.47158086732,0.004592881828068496,0.004592881828068496,0.0,0.0,-0.0,0.0,0.0,0.0,1.0,1.0,0.0,False
2024-02-02,88180.35060245948,0.0026251325612556276,0.0026251325612556276,0.0,0.0,-0.0,0.0,0.0,0.0,1.0,1.0,0.0,False
2024-02-05,88885.95548227547,0.008001837994464855,0.008001837994464855,0.0,0.0,-0.0,0.0,0.0,0.0,1.0,1.0,0.0,False
2024-02-06,88070.9935089855,-0.009168624771688338,-0.009168624771688227,0.0,0.0,-0.0,0.0,0.0,0.0,1.0,1.0,0.0,False
2024-02-07,89499.50881863464,0.016220043089480995,0.016220043089480995,0.0,0.0,-0.0,0.0,0.0,0.0,1.0,1.0,0.0,False
2024-02-08,88825.98724373213,-0.0075254220251349535,-0.007525422025134954,0.0,0.0,-0.0,0.0,0.0,0.0,1.0,1.0,0.0,False
2024-02-09,89371.71487121275,0.006143783417607018,0.006143783417607018,0.0,0.0,-0.0,0.0,0.0,0.0,1.0,1.0,0.0,False
2024-02-12,88178.71137217377,-0.013348781555306832,-0.013348781555306832,0.0,0.0,-0.0,0.0,0.0,0.0,1.0,1.0,0.0,False
2024-02-13,87535.70184801151,-0.007292117498160389,-0.007292117498160389,0.0,0.0,-0.0,0.0,0.0,0.0,1.0,1.0,0.0,False
2024-02-14,88610.72335330007,0.012280949173802513,0.012280949173802513,0.0,0.0,-0.0,0.0,0.0,0.0,1.0,1.0,0.0,False
2024-02-15,88439.06678549225,-0.0019371985840066497,-0.0019371985840066497,0.0,0.0,-0.0,0.0,0.0,0.0,1.0,1.0,0.0,False
2024-02-16,89046.58841646995,0.006869380841062478,0.006869380841062478,0.0,0.0,-0.0,0.0,0.0,0.0,1.0,1.0,0.0,False
2024-02-20,89228.74595651121,0.0020456431097539696,0.0020456431097539696,0.0,0.0,-0.0,0.0,0.0,0.0,1.0,1.0,0.0,False
2024-02-21,89167.20799130226,-0.0006896652480014032,-0.0006896652480012921,0.0,0.0,-0.0,0.0,0.0,0.0,1.0,1.0,0.0,False
2024-02-22,90153.4688772392,0.011060802599461628,0.011060802599461628,0.0,0.0,-0.0,0.0,0.0,0.0,1.0,1.0,0.0,False
2024-02-23,89996.30698570855,-0.0017432705972152407,-0.0017432705972152407,0.0,0.0,-0.0,0.0,0.0,0.0,1.0,1.0,0.0,False
2024-02-26,88727.72760464097,-0.014095904860507602,-0.014095904860507602,0.0,0.0,-0.0,0.0,0.0,0.0,1.0,1.0,0.0,False
2024-02-27,88170.87941914312,-0.0062759207356136715,-0.0062759207356136715,0.0,0.0,-0.0,0.0,0.0,0.0,1.0,1.0,0.0,False
2024-02-28,88572.8975266415,0.0045595338296136045,0.0045595338296136045,0.0,0.0,-0.0,0.0,0.0,0.0,1.0,1.0,0.0,False
2024-02-29,88866.43456166009,0.0033140728509000184,0.0033140728509000184,0.0,0.0,-0.0,0.0,0.0,0.0,1.0,1.0,0.0,False
2024-03-01,87765.69349125348,-0.012386466001883534,-0.012386466001883534,0.0,0.0,-0.0,0.0,0.0,0.0,1.0,1.0,0.0,False
2024-03-04,87270.27895694868,-0.005644740155265504,-0.005644740155265504,0.0,0.0,-0.0,0.0,0.0,0.0,1.0,1.0,0.0,False
2024-03-05,86877.23362343147,-0.004503770793618078,-0.004503770793618078,0.0,0.0,-0.0,0.0,0.0,0.0,1.0,1.0,0.0,False
2024-03-06,86636.25730999402,-0.002773756752913692,-0.002773756752913692,0.0,0.0,-0.0,0.0,0.0,0.0,1.0,1.0,0.0,False
2024-03-07,85695.62071900332,-0.010857308708812297,-0.010857308708812408,0.0,0.0,-0.0,0.0,0.0,0.0,1.0,1.0,0.0,False
2024-03-08,85277.68584489368,-0.0048769688649557,-0.0048769688649557,0.0,0.0,-0.0,0.0,0.0,0.0,1.0,1.0,0.0,False
2024-03-11,84793.40376924834,-0.00567888388207638,-0.00567888388207638,0.0,0.0,-0.0,0.0,0.0,0.0,1.0,1.0,0.0,False
2024-03-12,85329.4902295449,0.006322266078095273,0.006322266078095274,0.0,0.0,-0.0,0.0,0.0,0.0,1.0,1.0,0.0,False
2024-03-13,85894.62492508457,0.006622970487921709,0.006622970487921709,0.0,0.0,-0.0,0.0,0.0,0.0,1.0,1.0,0.0,False
2024-03-14,85807.31444196179,-0.0010164836647105213,-0.0010164836647104103,0.0,0.0,-0.0,0.0,0.0,0.0,1.0,1.0,0.0,False
2024-03-15,85551.06648282375,-0.0029863183669658344,-0.0029863183669658344,0.0,0.0,-0.0,0.0,0.0,0.0,1.0,1.0,0.0,False
2024-03-18,85659.66453577075,0.0012693944963129145,0.0012693944963129145,0.0,0.0,-0.0,0.0,0.0,0.0,1.0,1.0,0.0,False
2024-03-19,85112.93308726785,-0.006382600859644705,-0.006382600859644705,0.0,0.0,-0.0,0.0,0.0,0.0,1.0,1.0,0.0,False
2024-03-20,84344.81808905616,-0.009024656657339314,-0.009024656657339425,0.0,0.0,-0.0,0.0,0.0,0.0,1.0,1.0,0.0,False
2024-03-21,83723.04751712702,-0.007371769671405737,-0.007371769671405737,0.0,0.0,-0.0,0.0,0.0,0.0,1.0,1.0,0.0,False
2024-03-22,83310.41803272115,-0.0049285053117716915,-0.0049285053117716915,0.0,0.0,-0.0,0.0,0.0,0.0,1.0,1.0,0.0,False
2024-03-25,82547.47868637956,-0.009157790398338195,-0.009157790398338195,0.0,0.0,-0.0,0.0,0.0,0.0,1.0,1.0,0.0,False
2024-03-26,82666.88167216386,0.0014464764725030665,0.0014464764725030665,0.0,0.0,-0.0,0.0,0.0,0.0,1.0,1.0,0.0,False
2024-03-27,83161.86825848669,0.005987725390269594,0.005987725390269594,0.0,0.0,-0.0,0.0,0.0,0.0,1.0,1.0,0.0,False
2024-03-28,82118.45406029143,-0.012546786406386179,-0.012546786406386068,0.0,0.0,-0.0,0.0,0.0,0.0,1.0,1.0,0.0,False
2024-04-01,82147.2800757412,0.00035102968972844373,0.00035102968972844373,0.0,0.0,-0.0,0.0,0.0,0.0,1.0,1.0,0.0,False
2024-04-02,82015.06514877317,-0.0016094863621307631,-0.0016094863621306519,0.0,0.0,-0.0,0.0,0.0,0.0,1.0,1.0,0.0,False
2024-04-03,82251.43826529085,0.0028820694842943695,0.0028820694842943695,0.0,0.0,-0.0,0.0,0.0,0.0,1.0,1.0,0.0,False
2024-04-04,82255.26212274344,4.648985517130555e-05,4.648985517130555e-05,0.0,0.0,-0.0,0.0,0.0,0.0,1.0,1.0,0.0,False
2024-04-05,81311.07089372419,-0.011478794239453194,-0.011478794239453083,0.0,0.0,-0.0,0.0,0.0,0.0,1.0,1.0,0.0,False
2024-04-08,80502.09774815943,-0.009949114390857106,-0.009949114390857217,0.0,0.0,-0.0,0.0,0.0,0.0,1.0,1.0,0.0,False
2024-04-09,80533.1223392844,0.00038538860467984826,0.00038538860467984826,0.0,0.0,-0.0,0.0,0.0,0.0,1.0,1.0,0.0,False
2024-04-10,81208.00982499679,0.008380247357964166,0.008380247357964166,0.0,0.0,-0.0,0.0,0.0,0.0,1.0,1.0,0.0,False
2024-04-11,79781.7130282142,-0.01756349896834375,-0.01756349896834386,0.0,0.0,-0.0,0.0,0.0,0.0,1.0,1.0,0.0,False
2024-04-12,80014.34155537607,0.0029158126384125627,0.0029158126384125627,0.0,0.0,-0.0,0.0,0.0,0.0,1.0,1.0,0.0,False
2024-04-15,80787.83827823239,0.009666976042301156,0.009666976042301156,0.0,0.0,-0.0,0.0,0.0,0.0,1.0,1.0,0.0,False
2024-04-16,80701.05541605946,-0.0010742070096497747,-0.0010742070096496636,0.0,0.0,-0.0,0.0,0.0,0.0,1.0,1.0,0.0,False
2024-04-17,81068.37595134696,0.004551619968211629,0.004551619968211629,0.0,0.0,-0.0,0.0,0.0,0.0,1.0,1.0,0.0,False
2024-04-18,80624.56285917973,-0.00547455264718244,-0.00547455264718244,0.0,0.0,-0.0,0.0,0.0,0.0,1.0,1.0,0.0,False
2024-04-19,80559.66576251373,-0.0008049295942149648,-0.0008049295942149648,0.0,0.0,-0.0,0.0,0.0,0.0,1.0,1.0,0.0,False
2024-04-22,79527.10770225934,-0.012817308146465312,-0.012817308146465312,0.0,0.0,-0.0,0.0,0.0,0.0,1.0,1.0,0.0,False
2024-04-23,78047.52602617709,-0.018604746467350997,-0.018604746467350997,0.0,0.0,-0.0,0.0,0.0,0.0,1.0,1.0,0.0,False
2024-04-24,78647.87746234277,0.0076921264098022135,0.007692126409802213,0.0,0.0,-0.0,0.0,0.0,0.0,1.0,1.0,0.0,False
2024-04-25,78039.93256094851,-0.007729959421795662,-0.007729959421795662,0.0,0.0,-0.0,0.0,0.0,0.0,1.0,1.0,0.0,False
2024-04-26,77767.24365240303,-0.003494222760027421,-0.0034942227600274207,0.0,0.0,-0.0,0.0,0.0,0.0,1.0,1.0,0.0,False
2024-04-29,76916.3503987905,-0.01094153802616149,-0.01094153802616149,0.0,0.0,-0.0,0.0,0.0,0.0,1.0,1.0,0.0,False
2024-04-30,76060.2900614777,-0.011129757624670833,-0.011129757624670944,0.0,0.0,-0.0,0.0,0.0,0.0,1.0,1.0,0.0,False
2024-05-01,75965.9219378444,-0.0012407016007568439,-0.001240701600756955,0.0,0.0,-0.0,0.0,0.0,0.0,1.0,1.0,0.0,False
2024-05-02,75533.93279271635,-0.005686617553085194,-0.005686617553085194,0.0,0.0,-0.0,0.0,0.0,0.0,1.0,1.0,0.0,False
2024-05-03,75773.65997031628,0.0031737679839576316,0.0031737679839576316,0.0,0.0,-0.0,0.0,0.0,0.0,1.0,1.0,0.0,False
2024-05-06,76059.34995757794,0.003770307351836699,0.003770307351836699,0.0,0.0,-0.0,0.0,0.0,0.0,1.0,1.0,0.0,False
2024-05-07,76265.98778434012,0.0027167971705968075,0.0027167971705968075,0.0,0.0,-0.0,0.0,0.0,0.0,1.0,1.0,0.0,False
2024-05-08,76423.00468255804,0.002058806327427609,0.002058806327427609,0.0,0.0,-0.0,0.0,0.0,0.0,1.0,1.0,0.0,False
2024-05-09,77399.09042856845,0.01277214563945539,0.01277214563945539,0.0,0.0,-0.0,0.0,0.0,0.0,1.0,1.0,0.0,False
2024-05-10,76749.65399876249,-0.008390750152359128,-0.008390750152359128,0.0,0.0,-0.0,0.0,0.0,0.0,1.0,1.0,0.0,False
2024-05-13,76727.43659107397,-0.0002894789296231659,-0.0002894789296232769,0.0,0.0,-0.0,0.0,0.0,0.0,1.0,1.0,0.0,False
2024-05-14,77434.21279761281,0.009211518564156806,0.009211518564156806,0.0,0.0,-0.0,0.0,0.0,0.0,1.0,1.0,0.0,False
2024-05-15,78229.17708703113,0.010266318474704272,0.010266318474704272,0.0,0.0,-0.0,0.0,0.0,0.0,1.0,1.0,0.0,False
2024-05-16,77351.12426119033,-0.011224109194756804,-0.011224109194756693,0.0,0.0,-0.0,0.0,0.0,0.0,1.0,1.0,0.0,False
2024-05-17,77169.43857318004,-0.002348843533247047,-0.002348843533247047,0.0,0.0,-0.0,0.0,0.0,0.0,1.0,1.0,0.0,False
2024-05-20,78019.45752882576,0.011014968766938082,0.011014968766938082,0.0,0.0,-0.0,0.0,0.0,0.0,1.0,1.0,0.0,False
2024-05-21,78348.28089680999,0.004214632841592625,0.004214632841592625,0.0,0.0,-0.0,0.0,0.0,0.0,1.0,1.0,0.0,False
2024-05-22,78482.42132165762,0.001712104251837987,0.0017121042518379868,0.0,0.0,-0.0,0.0,0.0,0.0,1.0,1.0,0.0,False
2024-05-23,78357.51831025256,-0.001591477547477127,-0.001591477547477016,0.0,0.0,-0.0,0.0,0.0,0.0,1.0,1.0,0.0,False
2024-05-24,78128.68243349,-0.0029204074056620177,-0.0029204074056620177,0.0,0.0,-0.0,0.0,0.0,0.0,1.0,1.0,0.0,False
2024-05-28,78320.54714106672,0.0024557525047226303,0.0024557525047226303,0.0,0.0,-0.0,0.0,0.0,0.0,1.0,1.0,0.0,False
2024-05-29,78174.16658671362,-0.0018689929998758625,-0.0018689929998758628,0.0,0.0,-0.0,0.0,0.0,0.0,1.0,1.0,0.0,False
2024-05-30,78159.26432598513,-0.0001906289683556439,-0.0001906289683556439,0.0,0.0,-0.0,0.0,0.0,0.0,1.0,1.0,0.0,False
2024-05-31,78220.13395200945,0.0007787896489204194,0.0007787896489204194,0.0,0.0,-0.0,0.0,0.0,0.0,1.0,1.0,0.0,False
2024-06-03,77807.5562057998,-0.005274572227948027,-0.005274572227948027,0.0,0.0,-0.0,0.0,0.0,0.0,1.0,1.0,0.0,False
2024-06-04,78150.45682856697,0.0044070349910514395,0.0044070349910514395,0.0,0.0,-0.0,0.0,0.0,0.0,1.0,1.0,0.0,False
2024-06-05,79984.17580176223,0.023463957187323414,0.023463957187323414,0.0,0.0,-0.0,0.0,0.0,0.0,1.0,1.0,0.0,False
2024-06-06,78859.12693407458,-0.014065893114608707,-0.014065893114608596,0.0,0.0,-0.0,0.0,0.0,0.0,1.0,1.0,0.0,False
2024-06-07,79075.36656130131,0.0027421001935199474,0.0027421001935199474,0.0,0.0,-0.0,0.0,0.0,0.0,1.0,1.0,0.0,False
2024-06-10,78606.32938697505,-0.005931520708951199,-0.005931520708951199,0.0,0.0,-0.0,0.0,0.0,0.0,1.0,1.0,0.0,False
2024-06-11,78981.22031396203,0.004769220620153947,0.004769220620153947,0.0,0.0,-0.0,0.0,0.0,0.0,1.0,1.0,0.0,False
2024-06-12,79022.48482547447,0.0005224597866229086,0.0005224597866229086,0.0,0.0,-0.0,0.0,0.0,0.0,1.0,1.0,0.0,False
2024-06-13,79515.96745676617,0.0062448381923396745,0.0062448381923396745,0.0,0.0,-0.0,0.0,0.0,0.0,1.0,1.0,0.0,False
2024-06-14,80275.66719334779,0.009554052612070318,0.009554052612070318,0.0,0.0,-0.0,0.0,0.0,0.0,1.0,1.0,0.0,False
2024-06-17,80411.28241231425,0.0016893689421455527,0.0016893689421455524,0.0,0.0,-0.0,0.0,0.0,0.0,1.0,1.0,0.0,False
2024-06-18,81151.58231482953,0.009206418307313502,0.009206418307313502,0.0,0.0,-0.0,0.0,0.0,0.0,1.0,1.0,0.0,False
2024-06-20,79641.80718419058,-0.018604383150309323,-0.018604383150309323,0.0,0.0,-0.0,0.0,0.0,0.0,1.0,1.0,0.0,False
2024-06-21,80667.08541723846,0.012873618383328234,0.012873618383328232,0.0,0.0,-0.0,0.0,0.0,0.0,1.0,1.0,0.0,False
2024-06-24,80921.22684519883,0.0031504972151388255,0.0031504972151388255,0.0,0.0,-0.0,0.0,0.0,0.0,1.0,1.0,0.0,False
2024-06-25,81631.1282827764,0.008772746845961521,0.008772746845961521,0.0,0.0,-0.0,0.0,0.0,0.0,1.0,1.0,0.0,False
2024-06-26,80846.73428468916,-0.009609005958732264,-0.009609005958732264,0.0,0.0,-0.0,0.0,0.0,0.0,1.0,1.0,0.0,False
2024-06-27,80321.5410398729,-0.0064961590528427315,-0.0064961590528427315,0.0,0.0,-0.0,0.0,0.0,0.0,1.0,1.0,0.0,False
2024-06-28,80427.36518048838,0.0013175063531580822,0.0013175063531580822,0.0,0.0,-0.0,0.0,0.0,0.0,1.0,1.0,0.0,False
2024-07-01,80428.46678488428,1.3696885300396033e-05,1.3696885300396033e-05,0.0,0.0,-0.0,0.0,0.0,0.0,1.0,1.0,0.0,False
2024-07-02,80622.66523513086,0.0024145487040798663,0.0024145487040798663,0.0,0.0,-0.0,0.0,0.0,0.0,1.0,1.0,0.0,False
2024-07-03,81334.25065701279,0.00882612128743987,0.00882612128743987,0.0,0.0,-0.0,0.0,0.0,0.0,1.0,1.0,0.0,False
2024-07-05,80197.86782189379,-0.013971762522422937,-0.013971762522422935,0.0,0.0,-0.0,0.0,0.0,0.0,1.0,1.0,0.0,False
2024-07-08,80834.68320763526,0.00794055257373838,0.00794055257373838,0.0,0.0,-0.0,0.0,0.0,0.0,1.0,1.0,0.0,False
2024-07-09,80852.16413465881,0.00021625527966318003,0.00021625527966318003,0.0,0.0,-0.0,0.0,0.0,0.0,1.0,1.0,0.0,False
2024-07-10,80732.48232341255,-0.0014802548889963907,-0.0014802548889963907,0.0,0.0,-0.0,0.0,0.0,0.0,1.0,1.0,0.0,False
2024-07-11,79794.45791851562,-0.011618921875079069,-0.011618921875079069,0.0,0.0,-0.0,0.0,0.0,0.0,1.0,1.0,0.0,False
2024-07-12,80127.5510536015,0.004174389347014973,0.004174389347014973,0.0,0.0,-0.0,0.0,0.0,0.0,1.0,1.0,0.0,False
2024-07-15,78592.07778560041,-0.019162862808248526,-0.019162862808248415,0.0,0.0,-0.0,0.0,0.0,0.0,1.0,1.0,0.0,False
2024-07-16,79011.53565780418,0.0053371520899097025,0.0053371520899097025,0.0,0.0,-0.0,0.0,0.0,0.0,1.0,1.0,0.0,False
2024-07-17,78080.23880075532,-0.011786846683783825,-0.011786846683783936,0.0,0.0,-0.0,0.0,0.0,0.0,1.0,1.0,0.0,False
2024-07-18,78125.34288923914,0.0005776633009397791,0.0005776633009397791,0.0,0.0,-0.0,0.0,0.0,0.0,1.0,1.0,0.0,False
2024-07-19,78062.58084044888,-0.0008033506986233618,-0.0008033506986233618,0.0,0.0,-0.0,0.0,0.0,0.0,1.0,1.0,0.0,False
2024-07-22,78804.66755692789,0.009506305178351049,0.009506305178351049,0.0,0.0,-0.0,0.0,0.0,0.0,1.0,1.0,0.0,False
2024-07-23,78703.85736744969,-0.0012792413521112156,-0.0012792413521112156,0.0,0.0,-0.0,0.0,0.0,0.0,1.0,1.0,0.0,False
2024-07-24,78278.61188757756,-0.005403108489165365,-0.005403108489165365,0.0,0.0,-0.0,0.0,0.0,0.0,1.0,1.0,0.0,False
2024-07-25,77973.10443280765,-0.0039028215677695544,-0.003902821567769666,0.0,0.0,-0.0,0.0,0.0,0.0,1.0,1.0,0.0,False
2024-07-26,78778.8053669432,0.010333062150037264,0.010333062150037264,0.0,0.0,-0.0,0.0,0.0,0.0,1.0,1.0,0.0,False
2024-07-29,79128.61286418012,0.0044403757534472454,0.0044403757534472454,0.0,0.0,-0.0,0.0,0.0,0.0,1.0,1.0,0.0,False
2024-07-30,78896.36723197562,-0.0029350398521852394,-0.0029350398521851284,0.0,0.0,-0.0,0.0,0.0,0.0,1.0,1.0,0.0,False
2024-07-31,78758.96357841877,-0.0017415713597159765,-0.0017415713597160873,0.0,0.0,-0.0,0.0,0.0,0.0,1.0,1.0,0.0,False
2024-08-01,77783.34347576874,-0.012387416724683353,-0.012387416724683464,0.0,0.0,-0.0,0.0,0.0,0.0,1.0,1.0,0.0,False
2024-08-02,78036.74555486058,0.0032577936068123314,0.0032577936068123314,0.0,0.0,-0.0,0.0,0.0,0.0,1.0,1.0,0.0,False
2024-08-05,76949.80874185477,-0.013928525661563995,-0.013928525661563884,0.0,0.0,-0.0,0.0,0.0,0.0,1.0,1.0,0.0,False
2024-08-06,77424.15596723677,0.006164371726683715,0.006164371726683715,0.0,0.0,-0.0,0.0,0.0,0.0,1.0,1.0,0.0,False
2024-08-07,77515.43693653424,0.001178972739930062,0.001178972739930062,0.0,0.0,-0.0,0.0,0.0,0.0,1.0,1.0,0.0,False
2024-08-08,79007.26914559807,0.019245614396591337,0.019245614396591337,0.0,0.0,-0.0,0.0,0.0,0.0,1.0,1.0,0.0,False
2024-08-09,78323.770589652,-0.008651084429794453,-0.008651084429794453,0.0,0.0,-0.0,0.0,0.0,0.0,1.0,1.0,0.0,False
2024-08-12,78271.19209870508,-0.0006712967283251103,-0.0006712967283252214,0.0,0.0,-0.0,0.0,0.0,0.0,1.0,1.0,0.0,False
2024-08-13,79408.9657542214,0.014536301607384505,0.014536301607384505,0.0,0.0,-0.0,0.0,0.0,0.0,1.0,1.0,0.0,False
2024-08-14,80177.7332522512,0.009681117122331218,0.009681117122331218,0.0,0.0,-0.0,0.0,0.0,0.0,1.0,1.0,0.0,False
2024-08-15,79743.19427897043,-0.0054196964126391745,-0.0054196964126391745,0.0,0.0,-0.0,0.0,0.0,0.0,1.0,1.0,0.0,False
2024-08-16,79898.03478333584,0.0019417394269876098,0.0019417394269876096,0.0,0.0,-0.0,0.0,0.0,0.0,1.0,1.0,0.0,False
2024-08-19,79911.2974457405,0.00016599485132062775,0.00016599485132062775,0.0,0.0,-0.0,0.0,0.0,0.0,1.0,1.0,0.0,False
2024-08-20,80103.53581384463,0.0024056469391533497,0.0024056469391533497,0.0,0.0,-0.0,0.0,0.0,0.0,1.0,1.0,0.0,False
2024-08-21,79667.81715760595,-0.005439443487878726,-0.005439443487878726,0.0,0.0,-0.0,0.0,0.0,0.0,1.0,1.0,0.0,False
2024-08-22,79622.83963809314,-0.0005645632216060292,-0.0005645632216060292,0.0,0.0,-0.0,0.0,0.0,0.0,1.0,1.0,0.0,False
2024-08-23,78616.8513199594,-0.012634419002213626,-0.012634419002213737,0.0,0.0,-0.0,0.0,0.0,0.0,1.0,1.0,0.0,False
2024-08-26,78713.62769026021,0.0012309876149445564,0.0012309876149445564,0.0,0.0,-0.0,0.0,0.0,0.0,1.0,1.0,0.0,False
2024-08-27,79008.81681233892,0.0037501653873746044,0.0037501653873746044,0.0,0.0,-0.0,0.0,0.0,0.0,1.0,1.0,0.0,False
2024-08-28,78876.92302515557,-0.0016693553011509765,-0.0016693553011510875,0.0,0.0,-0.0,0.0,0.0,0.0,1.0,1.0,0.0,False
2024-08-29,77869.63260538243,-0.012770407124678251,-0.012770407124678251,0.0,0.0,-0.0,0.0,0.0,0.0,1.0,1.0,0.0,False
2024-08-30,78497.1259541049,0.008058254902811646,0.008058254902811646,0.0,0.0,-0.0,0.0,0.0,0.0,1.0,1.0,0.0,False
2024-09-03,78737.81386556396,0.0030662003039423347,0.0030662003039423347,0.0,0.0,-0.0,0.0,0.0,0.0,1.0,1.0,0.0,False
2024-09-04,78292.30580463287,-0.005658120781607545,-0.005658120781607656,0.0,0.0,-0.0,0.0,0.0,0.0,1.0,1.0,0.0,False
2024-09-05,78128.29880256146,-0.0020948035747044846,-0.0020948035747044846,0.0,0.0,-0.0,0.0,0.0,0.0,1.0,1.0,0.0,False
2024-09-06,77202.06006734663,-0.011855355222254893,-0.011855355222254782,0.0,0.0,-0.0,0.0,0.0,0.0,1.0,1.0,0.0,False
2024-09-09,76580.33018212974,-0.008053281022223135,-0.008053281022223135,0.0,0.0,-0.0,0.0,0.0,0.0,1.0,1.0,0.0,False
2024-09-10,76262.33106781925,-0.004152490770857109,-0.004152490770857109,0.0,0.0,-0.0,0.0,0.0,0.0,1.0,1.0,0.0,False
2024-09-11,77023.2282948931,0.009977366498241214,0.009977366498241214,0.0,0.0,-0.0,0.0,0.0,0.0,1.0,1.0,0.0,False
2024-09-12,76640.72885376385,-0.004966027127099815,-0.004966027127099815,0.0,0.0,-0.0,0.0,0.0,0.0,1.0,1.0,0.0,False
2024-09-13,77044.75649487665,0.005271709274630165,0.005271709274630165,0.0,0.0,-0.0,0.0,0.0,0.0,1.0,1.0,0.0,False
2024-09-16,76724.51768221715,-0.004156529622892591,-0.004156529622892591,0.0,0.0,-0.0,0.0,0.0,0.0,1.0,1.0,0.0,False
2024-09-17,76888.21561600422,0.002133580486815001,0.002133580486815001,0.0,0.0,-0.0,0.0,0.0,0.0,1.0,1.0,0.0,False
2024-09-18,76812.77566549889,-0.0009811640171504266,-0.0009811640171504266,0.0,0.0,-0.0,0.0,0.0,0.0,1.0,1.0,0.0,False
2024-09-19,77360.79278797838,0.007134452800741986,0.007134452800741986,0.0,0.0,-0.0,0.0,0.0,0.0,1.0,1.0,0.0,False
2024-09-20,77041.40947396388,-0.004128490705748389,-0.004128490705748389,0.0,0.0,-0.0,0.0,0.0,0.0,1.0,1.0,0.0,False
2024-09-23,76083.76734284246,-0.01243022600001964,-0.012430226000019529,0.0,0.0,-0.0,0.0,0.0,0.0,1.0,1.0,0.0,False
2024-09-24,75254.0287992884,-0.010905592250908924,-0.010905592250909035,0.0,0.0,-0.0,0.0,0.0,0.0,1.0,1.0,0.0,False
2024-09-25,74945.1095096334,-0.004105019951541999,-0.004105019951541999,0.0,0.0,-0.0,0.0,0.0,0.0,1.0,1.0,0.0,False
2024-09-26,74207.46378576732,-0.009842479765424406,-0.009842479765424406,0.0,0.0,-0.0,0.0,0.0,0.0,1.0,1.0,0.0,False
2024-09-27,74462.12125171939,0.0034316961254363676,0.0034316961254363676,0.0,0.0,-0.0,0.0,0.0,0.0,1.0,1.0,0.0,False
2024-09-30,74195.83388537233,-0.003576145318864632,-0.0035761453188646324,0.0,0.0,-0.0,0.0,0.0,0.0,1.0,1.0,0.0,False
2024-10-01,75616.45056548616,0.01914685240021141,0.01914685240021141,0.0,0.0,-0.0,0.0,0.0,0.0,1.0,1.0,0.0,False
2024-10-02,74576.5945548301,-0.013751716761096988,-0.0137517167610971,0.0,0.0,-0.0,0.0,0.0,0.0,1.0,1.0,0.0,False
2024-10-03,74709.27119606573,0.001779065429678317,0.001779065429678317,0.0,0.0,-0.0,0.0,0.0,0.0,1.0,1.0,0.0,False
2024-10-04,74046.32920010907,-0.008873624188045492,-0.008873624188045492,0.0,0.0,-0.0,0.0,0.0,0.0,1.0,1.0,0.0,False
2024-10-07,73765.15968486709,-0.003797210723061384,-0.0037972107230612733,0.0,0.0,-0.0,0.0,0.0,0.0,1.0,1.0,0.0,False
2024-10-08,73859.67909908794,0.0012813557867243919,0.0012813557867243919,0.0,0.0,-0.0,0.0,0.0,0.0,1.0,1.0,0.0,False
2024-10-09,72496.74858267744,-0.018452970998994456,-0.018452970998994345,0.0,0.0,-0.0,0.0,0.0,0.0,1.0,1.0,0.0,False
2024-10-10,72644.97608253759,0.0020446089343042484,0.0020446089343042484,0.0,0.0,-0.0,0.0,0.0,0.0,1.0,1.0,0.0,False
2024-10-11,73761.76616562347,0.015373259698193253,0.015373259698193252,0.0,0.0,-0.0,0.0,0.0,0.0,1.0,1.0,0.0,False
2024-10-14,73505.2591526699,-0.00347750638694877,-0.0034775063869486593,0.0,0.0,-0.0,0.0,0.0,0.0,1.0,1.0,0.0,False
2024-10-15,73669.0628922979,0.002228462854444002,0.002228462854444002,0.0,0.0,-0.0,0.0,0.0,0.0,1.0,1.0,0.0,False
2024-10-16,74284.15341709602,0.008349373545003091,0.008349373545003091,0.0,0.0,-0.0,0.0,0.0,0.0,1.0,1.0,0.0,False
2024-10-17,74197.86286451439,-0.0011616280002159085,-0.0011616280002159085,0.0,0.0,-0.0,0.0,0.0,0.0,1.0,1.0,0.0,False
2024-10-18,73864.14450875684,-0.004497681508252027,-0.004497681508252027,0.0,0.0,-0.0,0.0,0.0,0.0,1.0,1.0,0.0,False
2024-10-21,72530.46154972642,-0.018055891229774024,-0.018055891229774024,0.0,0.0,-0.0,0.0,0.0,0.0,1.0,1.0,0.0,False
2024-10-22,72913.27194077334,0.005277925755159618,0.005277925755159618,0.0,0.0,-0.0,0.0,0.0,0.0,1.0,1.0,0.0,False
2024-10-23,72858.19709929512,-0.0007553472778309978,-0.0007553472778309978,0.0,0.0,-0.0,0.0,0.0,0.0,1.0,1.0,0.0,False
2024-10-24,72278.86727171032,-0.007951470811105366,-0.007951470811105366,0.0,0.0,-0.0,0.0,0.0,0.0,1.0,1.0,0.0,False
2024-10-25,72362.91123635464,0.0011627736822215073,0.0011627736822215073,0.0,0.0,-0.0,0.0,0.0,0.0,1.0,1.0,0.0,False
2024-10-28,72035.87119424035,-0.004519442854449385,-0.004519442854449385,0.0,0.0,-0.0,0.0,0.0,0.0,1.0,1.0,0.0,False
2024-10-29,71742.1514811858,-0.004077409048924285,-0.004077409048924285,0.0,0.0,-0.0,0.0,0.0,0.0,1.0,1.0,0.0,False
2024-10-30,72100.88585961402,0.005000329248869617,0.005000329248869617,0.0,0.0,-0.0,0.0,0.0,0.0,1.0,1.0,0.0,False
2024-10-31,71339.71253268995,-0.010557059290590809,-0.010557059290590698,0.0,0.0,-0.0,0.0,0.0,0.0,1.0,1.0,0.0,False
2024-11-01,71948.13486108661,0.008528522288590024,0.008528522288590024,0.0,0.0,-0.0,0.0,0.0,0.0,1.0,1.0,0.0,False
2024-11-04,71154.43978085562,-0.01103148930494735,-0.01103148930494735,0.0,0.0,-0.0,0.0,0.0,0.0,1.0,1.0,0.0,False
2024-11-05,70787.87976719472,-0.00515161126684216,-0.00515161126684216,0.0,0.0,-0.0,0.0,0.0,0.0,1.0,1.0,0.0,False
2024-11-06,71887.46822103478,0.015533569552532933,0.015533569552532933,0.0,0.0,-0.0,0.0,0.0,0.0,1.0,1.0,0.0,False
2024-11-07,72546.59277807914,0.009168838093139176,0.009168838093139176,0.0,0.0,-0.0,0.0,0.0,0.0,1.0,1.0,0.0,False
2024-11-08,72614.12146377249,0.0009308319399634613,0.0009308319399634614,0.0,0.0,-0.0,0.0,0.0,0.0,1.0,1.0,0.0,False
2024-11-11,72078.64737952204,-0.007374241724009578,-0.007374241724009689,0.0,0.0,-0.0,0.0,0.0,0.0,1.0,1.0,0.0,False
2024-11-12,71784.26532093002,-0.004084178453599208,-0.004084178453599208,0.0,0.0,-0.0,0.0,0.0,0.0,1.0,1.0,0.0,False
2024-11-13,71837.1130777177,0.0007362025166854913,0.0007362025166854913,0.0,0.0,-0.0,0.0,0.0,0.0,1.0,1.0,0.0,False
2024-11-14,71869.45313015634,0.00045018585871692274,0.00045018585871692274,0.0,0.0,-0.0,0.0,0.0,0.0,1.0,1.0,0.0,False
2024-11-15,71827.98679598467,-0.0005769674370078581,-0.0005769674370078581,0.0,0.0,-0.0,0.0,0.0,0.0,1.0,1.0,0.0,False
2024-11-18,71821.04389468786,-9.666011267361885e-05,-9.666011267361885e-05,0.0,0.0,-0.0,0.0,0.0,0.0,1.0,1.0,0.0,False
2024-11-19,71708.64389795958,-0.0015650008776408875,-0.0015650008776408875,0.0,0.0,-0.0,0.0,0.0,0.0,1.0,1.0,0.0,False
2024-11-20,70892.18147724475,-0.011385829885120158,-0.011385829885120158,0.0,0.0,-0.0,0.0,0.0,0.0,1.0,1.0,0.0,False
2024-11-21,70609.88271832064,-0.003982085937286661,-0.00398208593728655,0.0,0.0,-0.0,0.0,0.0,0.0,1.0,1.0,0.0,False
2024-11-22,71137.1261781953,0.007466992431894637,0.007466992431894637,0.0,0.0,-0.0,0.0,0.0,0.0,1.0,1.0,0.0,False
2024-11-25,70369.08179049127,-0.010796674380408877,-0.010796674380408988,0.0,0.0,-0.0,0.0,0.0,0.0,1.0,1.0,0.0,False
2024-11-26,70272.92637439708,-0.001366444092314123,-0.001366444092314234,0.0,0.0,-0.0,0.0,0.0,0.0,1.0,1.0,0.0,False
2024-11-27,69822.61525350015,-0.006408031430166772,-0.006408031430166772,0.0,0.0,-0.0,0.0,0.0,0.0,1.0,1.0,0.0,False
2024-11-29,69895.28687130958,0.0010408034351849782,0.0010408034351849782,0.0,0.0,-0.0,0.0,0.0,0.0,1.0,1.0,0.0,False
2024-12-02,69688.4621429133,-0.0029590654485343038,-0.0029590654485343038,0.0,0.0,-0.0,0.0,0.0,0.0,1.0,1.0,0.0,False
2024-12-03,70522.57375216887,0.011969149319797312,0.011969149319797312,0.0,0.0,-0.0,0.0,0.0,0.0,1.0,1.0,0.0,False
2024-12-04,70818.9565210556,0.004202665233522085,0.004202665233522085,0.0,0.0,-0.0,0.0,0.0,0.0,1.0,1.0,0.0,False
2024-12-05,70086.37511364289,-0.010344425326217599,-0.01034442532621771,0.0,0.0,-0.0,0.0,0.0,0.0,1.0,1.0,0.0,False
2024-12-06,70473.23957557986,0.00551982409290952,0.00551982409290952,0.0,0.0,-0.0,0.0,0.0,0.0,1.0,1.0,0.0,False
2024-12-09,70047.072754684,-0.006047214850096516,-0.006047214850096516,0.0,0.0,-0.0,0.0,0.0,0.0,1.0,1.0,0.0,False
2024-12-10,69734.24456115662,-0.0044659709710205275,-0.0044659709710205275,0.0,0.0,-0.0,0.0,0.0,0.0,1.0,1.0,0.0,False
2024-12-11,69919.77615620953,0.0026605521608569216,0.0026605521608569216,0.0,0.0,-0.0,0.0,0.0,0.0,1.0,1.0,0.0,False
2024-12-12,69655.20116652957,-0.0037839793578409164,-0.0037839793578409164,0.0,0.0,-0.0,0.0,0.0,0.0,1.0,1.0,0.0,False
2024-12-13,70163.185858694,0.007292846530583708,0.007292846530583708,0.0,0.0,-0.0,0.0,0.0,0.0,1.0,1.0,0.0,False
2024-12-16,69738.97358940968,-0.0060460804921069755,-0.0060460804921069755,0.0,0.0,-0.0,0.0,0.0,0.0,1.0,1.0,0.0,False
2024-12-17,69404.11685717269,-0.004801572420730982,-0.004801572420730871,0.0,0.0,-0.0,0.0,0.0,0.0,1.0,1.0,0.0,False
2024-12-18,69050.08873712158,-0.005100967148384927,-0.005100967148384927,0.0,0.0,-0.0,0.0,0.0,0.0,1.0,1.0,0.0,False
2024-12-19,68747.9870042956,-0.004375109986840098,-0.004375109986840209,0.0,0.0,-0.0,0.0,0.0,0.0,1.0,1.0,0.0,False
2024-12-20,69362.83685655451,0.008943532444382507,0.008943532444382507,0.0,0.0,-0.0,0.0,0.0,0.0,1.0,1.0,0.0,False
2024-12-23,69722.16203992057,0.005180370348882413,0.005180370348882413,0.0,0.0,-0.0,0.0,0.0,0.0,1.0,1.0,0.0,False
2024-12-24,70686.38827975305,0.013829551632096537,0.013829551632096537,0.0,0.0,-0.0,0.0,0.0,0.0,1.0,1.0,0.0,False
2024-12-26,71979.32386741225,0.018291153631194046,0.018291153631194046,0.0,0.0,-0.0,0.0,0.0,0.0,1.0,1.0,0.0,False
2024-12-27,71396.59824553545,-0.008095736255458563,-0.008095736255458563,0.0,0.0,-0.0,0.0,0.0,0.0,1.0,1.0,0.0,False
2024-12-30,71447.52922441297,0.0007133530186180792,0.0007133530186180792,0.0,0.0,-0.0,0.0,0.0,0.0,1.0,1.0,0.0,False
2024-12-31,70785.95350181946,-0.009259602533147504,-0.009259602533147504,0.0,0.0,-0.0,0.0,0.0,0.0,1.0,1.0,0.0,False
2025-01-02,70356.2227784901,-0.0060708474219861586,-0.0060708474219861586,0.0,0.0,-0.0,0.0,0.0,0.0,1.0,1.0,0.0,False
2025-01-03,70012.13440822385,-0.004890660082045417,-0.004890660082045417,0.0,0.0,-0.0,0.0,0.0,0.0,1.0,1.0,0.0,False
2025-01-06,69430.52687527728,-0.008307238993105925,-0.008307238993105925,0.0,0.0,-0.0,0.0,0.0,0.0,1.0,1.0,0.0,False
2025-01-07,68856.6767537427,-0.008265098183187325,-0.008265098183187325,0.0,0.0,-0.0,0.0,0.0,0.0,1.0,1.0,0.0,False
2025-01-08,68787.52571275667,-0.0010042750281622492,-0.0010042750281621382,0.0,0.0,-0.0,0.0,0.0,0.0,1.0,1.0,0.0,False
2025-01-10,68128.28344569408,-0.00958374734709111,-0.00958374734709111,0.0,0.0,-0.0,0.0,0.0,0.0,1.0,1.0,0.0,False
2025-01-13,68597.48400156604,0.006887015673101127,0.006887015673101127,0.0,0.0,-0.0,0.0,0.0,0.0,1.0,1.0,0.0,False
2025-01-14,68104.12895536325,-0.00719202829934007,-0.00719202829934007,0.0,0.0,-0.0,0.0,0.0,0.0,1.0,1.0,0.0,False
2025-01-15,69645.09055429402,0.022626551760771108,0.022626551760771108,0.0,0.0,-0.0,0.0,0.0,0.0,1.0,1.0,0.0,False
2025-01-16,69404.04363017944,-0.003461075607715136,-0.003461075607715136,0.0,0.0,-0.0,0.0,0.0,0.0,1.0,1.0,0.0,False
2025-01-17,69454.440761218,0.0007261411353363112,0.0007261411353363112,0.0,0.0,-0.0,0.0,0.0,0.0,1.0,1.0,0.0,False
2025-01-21,68745.12134683567,-0.010212729475728377,-0.010212729475728377,0.0,0.0,-0.0,0.0,0.0,0.0,1.0,1.0,0.0,False
2025-01-22,69693.71699456827,0.01379873406502119,0.01379873406502119,0.0,0.0,-0.0,0.0,0.0,0.0,1.0,1.0,0.0,False
2025-01-23,70328.34836110228,0.009106005446423149,0.009106005446423149,0.0,0.0,-0.0,0.0,0.0,0.0,1.0,1.0,0.0,False
2025-01-24,70505.95043568502,0.002525326965889141,0.002525326965889141,0.0,0.0,-0.0,0.0,0.0,0.0,1.0,1.0,0.0,False
2025-01-27,69756.86557824313,-0.010624420390236478,-0.010624420390236478,0.0,0.0,-0.0,0.0,0.0,0.0,1.0,1.0,0.0,False
2025-01-28,69884.89279664967,0.0018353350217970021,0.0018353350217970021,0.0,0.0,-0.0,0.0,0.0,0.0,1.0,1.0,0.0,False
2025-01-29,69268.40682313117,-0.008821448368137919,-0.00882144836813803,0.0,0.0,-0.0,0.0,0.0,0.0,1.0,1.0,0.0,False
2025-01-30,70089.1572386364,0.011848842107786917,0.011848842107786917,0.0,0.0,-0.0,0.0,0.0,0.0,1.0,1.0,0.0,False
2025-01-31,70553.39682660247,0.00662355785482549,0.00662355785482549,0.0,0.0,-0.0,0.0,0.0,0.0,1.0,1.0,0.0,False
2025-02-03,70617.84822296788,0.0009135123079020424,0.0009135123079020425,0.0,0.0,-0.0,0.0,0.0,0.0,1.0,1.0,0.0,False
2025-02-04,69252.02804579066,-0.019341005305978598,-0.01934100530597871,0.0,0.0,-0.0,0.0,0.0,0.0,1.0,1.0,0.0,False
2025-02-05,68717.58744251936,-0.007717327829271925,-0.007717327829272037,0.0,0.0,-0.0,0.0,0.0,0.0,1.0,1.0,0.0,False
2025-02-06,69105.98536623796,0.005652089052798681,0.005652089052798681,0.0,0.0,-0.0,0.0,0.0,0.0,1.0,1.0,0.0,False
2025-02-07,69786.89144525226,0.009853069533785286,0.009853069533785286,0.0,0.0,-0.0,0.0,0.0,0.0,1.0,1.0,0.0,False
2025-02-10,70416.60358480066,0.009023358491937028,0.009023358491937028,0.0,0.0,-0.0,0.0,0.0,0.0,1.0,1.0,0.0,False
2025-02-11,69530.3328874929,-0.012586104017931588,-0.012586104017931588,0.0,0.0,-0.0,0.0,0.0,0.0,1.0,1.0,0.0,False
2025-02-12,69708.49869563157,0.0025624184545032236,0.0025624184545032236,0.0,0.0,-0.0,0.0,0.0,0.0,1.0,1.0,0.0,False
2025-02-13,70285.27529958468,0.008274121731863593,0.008274121731863593,0.0,0.0,-0.0,0.0,0.0,0.0,1.0,1.0,0.0,False
2025-02-14,69363.36551675129,-0.013116684524657973,-0.013116684524658084,0.0,0.0,-0.0,0.0,0.0,0.0,1.0,1.0,0.0,False
2025-02-18,69369.38375126627,8.67638770141177e-05,8.67638770141177e-05,0.0,0.0,-0.0,0.0,0.0,0.0,1.0,1.0,0.0,False
2025-02-19,69531.75938615398,0.0023407391864678218,0.0023407391864678218,0.0,0.0,-0.0,0.0,0.0,0.0,1.0,1.0,0.0,False
2025-02-20,69374.88762409838,-0.0022561166787739007,-0.0022561166787740117,0.0,0.0,-0.0,0.0,0.0,0.0,1.0,1.0,0.0,False
2025-02-21,68357.3456926012,-0.0146672948432095,-0.01466729484320961,0.0,0.0,-0.0,0.0,0.0,0.0,1.0,1.0,0.0,False
2025-02-24,68189.4884280412,-0.002455584880589834,-0.002455584880589834,0.0,0.0,-0.0,0.0,0.0,0.0,1.0,1.0,0.0,False
2025-02-25,68021.16653251492,-0.0024684434420401136,-0.0024684434420402246,0.0,0.0,-0.0,0.0,0.0,0.0,1.0,1.0,0.0,False
2025-02-26,67950.7932459859,-0.0010345792363819495,-0.0010345792363819495,0.0,0.0,-0.0,0.0,0.0,0.0,1.0,1.0,0.0,False
2025-02-27,67654.67922234017,-0.004357771403400323,-0.0043577714034004345,0.0,0.0,-0.0,0.0,0.0,0.0,1.0,1.0,0.0,False
2025-02-28,67425.05266327031,-0.00339409722593198,-0.003394097225931869,0.0,0.0,-0.0,0.0,0.0,0.0,1.0,1.0,0.0,False
2025-03-03,67413.74883574335,-0.00016765025877574224,-0.00016765025877574224,0.0,0.0,-0.0,0.0,0.0,0.0,1.0,1.0,0.0,False
2025-03-04,67662.48108695386,0.0036896368397574264,0.0036896368397574264,0.0,0.0,-0.0,0.0,0.0,0.0,1.0,1.0,0.0,False
2025-03-05,67507.8442984437,-0.0022854141028532116,-0.0022854141028533226,0.0,0.0,-0.0,0.0,0.0,0.0,1.0,1.0,0.0,False
2025-03-06,67296.73434650213,-0.003127191426944176,-0.003127191426944176,0.0,0.0,-0.0,0.0,0.0,0.0,1.0,1.0,0.0,False
2025-03-07,67356.54985807999,0.0008888323060356473,0.0008888323060356473,0.0,0.0,-0.0,0.0,0.0,0.0,1.0,1.0,0.0,False
2025-03-10,66331.5631858728,-0.015217327407161307,-0.015217327407161418,0.0,0.0,-0.0,0.0,0.0,0.0,1.0,1.0,0.0,False
2025-03-11,66594.65280581871,0.0039662810178118235,0.0039662810178118235,0.0,0.0,-0.0,0.0,0.0,0.0,1.0,1.0,0.0,False
2025-03-12,66604.34200968039,0.00014549522301643414,0.00014549522301643414,0.0,0.0,-0.0,0.0,0.0,0.0,1.0,1.0,0.0,False
2025-03-13,66635.48275075042,0.0004675482127802777,0.0004675482127802777,0.0,0.0,-0.0,0.0,0.0,0.0,1.0,1.0,0.0,False
2025-03-14,67157.63002821714,0.00783587446075562,0.00783587446075562,0.0,0.0,-0.0,0.0,0.0,0.0,1.0,1.0,0.0,False
2025-03-17,66118.53196967868,-0.015472524240386032,-0.015472524240386032,0.0,0.0,-0.0,0.0,0.0,0.0,1.0,1.0,0.0,False
2025-03-18,65084.3937668573,-0.01564067095887156,-0.01564067095887156,0.0,0.0,-0.0,0.0,0.0,0.0,1.0,1.0,0.0,False
2025-03-19,65236.71928419365,0.0023404307625880527,0.0023404307625880527,0.0,0.0,-0.0,0.0,0.0,0.0,1.0,1.0,0.0,False
2025-03-20,65242.790549844634,9.306515897189449e-05,9.306515897189449e-05,0.0,0.0,-0.0,0.0,0.0,0.0,1.0,1.0,0.0,False
2025-03-21,65341.39951771579,0.0015114155455355771,0.0015114155455355771,0.0,0.0,-0.0,0.0,0.0,0.0,1.0,1.0,0.0,False
2025-03-24,65109.63248886907,-0.0035470166013796822,-0.0035470166013796822,0.0,0.0,-0.0,0.0,0.0,0.0,1.0,1.0,0.0,False
2025-03-25,65465.44552232154,0.005464829393919457,0.005464829393919457,0.0,0.0,-0.0,0.0,0.0,0.0,1.0,1.0,0.0,False
2025-03-26,65963.71027809258,0.0076111107439289505,0.0076111107439289505,0.0,0.0,-0.0,0.0,0.0,0.0,1.0,1.0,0.0,False
2025-03-27,66229.00697717785,0.004021858351612284,0.004021858351612284,0.0,0.0,-0.0,0.0,0.0,0.0,1.0,1.0,0.0,False
2025-03-28,66100.74604989223,-0.00193662766723679,-0.0019366276672366787,0.0,0.0,-0.0,0.0,0.0,0.0,1.0,1.0,0.0,False
2025-03-31,64996.102434097695,-0.016711515100915175,-0.016711515100915175,0.0,0.0,-0.0,0.0,0.0,0.0,1.0,1.0,0.0,False
2025-04-01,65405.8306924516,0.006303889664297069,0.006303889664297069,0.0,0.0,-0.0,0.0,0.0,0.0,1.0,1.0,0.0,False
2025-04-02,66054.90699341342,0.009923829329740785,0.009923829329740785,0.0,0.0,-0.0,0.0,0.0,0.0,1.0,1.0,0.0,False
2025-04-03,66405.42519710583,0.005306467295871808,0.005306467295871808,0.0,0.0,-0.0,0.0,0.0,0.0,1.0,1.0,0.0,False
2025-04-04,65948.08177559936,-0.006887139418940036,-0.006887139418940147,0.0,0.0,-0.0,0.0,0.0,0.0,1.0,1.0,0.0,False
2025-04-07,66313.45757005404,0.005540355149342258,0.005540355149342258,0.0,0.0,-0.0,0.0,0.0,0.0,1.0,1.0,0.0,False
2025-04-08,66779.92219090293,0.0070342376636916,0.0070342376636916,0.0,0.0,-0.0,0.0,0.0,0.0,1.0,1.0,0.0,False
2025-04-09,67622.72020113507,0.012620529982392714,0.012620529982392714,0.0,0.0,-0.0,0.0,0.0,0.0,1.0,1.0,0.0,False
2025-04-10,67158.9041189932,-0.00685887939382368,-0.006858879393823791,0.0,0.0,-0.0,0.0,0.0,0.0,1.0,1.0,0.0,False
2025-04-11,67047.3104207654,-0.0016616366763532175,-0.0016616366763531065,0.0,0.0,-0.0,0.0,0.0,0.0,1.0,1.0,0.0,False
2025-04-14,67458.18816678273,0.006128176409147645,0.006128176409147645,0.0,0.0,-0.0,0.0,0.0,0.0,1.0,1.0,0.0,False
2025-04-15,67499.28913022169,0.0006092805715052219,0.0006092805715052219,0.0,0.0,-0.0,0.0,0.0,0.0,1.0,1.0,0.0,False
2025-04-16,66906.06347267893,-0.008788620816410297,-0.008788620816410297,0.0,0.0,-0.0,0.0,0.0,0.0,1.0,1.0,0.0,False
2025-04-17,67138.02213006227,0.0034669302802137203,0.0034669302802137203,0.0,0.0,-0.0,0.0,0.0,0.0,1.0,1.0,0.0,False
2025-04-21,67458.89441399698,0.004779293070521273,0.004779293070521273,0.0,0.0,-0.0,0.0,0.0,0.0,1.0,1.0,0.0,False
2025-04-22,67516.4842860466,0.0008537031706477016,0.0008537031706477016,0.0,0.0,-0.0,0.0,0.0,0.0,1.0,1.0,0.0,False
2025-04-23,67645.21657697269,0.0019066794174396051,0.001906679417439605,0.0,0.0,-0.0,0.0,0.0,0.0,1.0,1.0,0.0,False
2025-04-24,67515.36162546506,-0.001919647213485809,-0.001919647213485809,0.0,0.0,-0.0,0.0,0.0,0.0,1.0,1.0,0.0,False
2025-04-25,68323.9412251343,0.011976231485728572,0.011976231485728572,0.0,0.0,-0.0,0.0,0.0,0.0,1.0,1.0,0.0,False
2025-04-28,67841.87909774268,-0.007055537469701556,-0.007055537469701556,0.0,0.0,-0.0,0.0,0.0,0.0,1.0,1.0,0.0,False
2025-04-29,67533.29582617522,-0.004548566102110407,-0.004548566102110296,0.0,0.0,-0.0,0.0,0.0,0.0,1.0,1.0,0.0,False
2025-04-30,67549.36092402799,0.00023788410822001005,0.00023788410822001008,0.0,0.0,-0.0,0.0,0.0,0.0,1.0,1.0,0.0,False
2025-05-01,68034.47559098898,0.0071816322216073925,0.0071816322216073925,0.0,0.0,-0.0,0.0,0.0,0.0,1.0,1.0,0.0,False
2025-05-02,67229.69677519643,-0.011828985360756494,-0.011828985360756383,0.0,0.0,-0.0,0.0,0.0,0.0,1.0,1.0,0.0,False
2025-05-05,66535.05440433466,-0.010332373998123479,-0.010332373998123479,0.0,0.0,-0.0,0.0,0.0,0.0,1.0,1.0,0.0,False
2025-05-06,65460.39164550817,-0.01615182806187765,-0.01615182806187765,0.0,0.0,-0.0,0.0,0.0,0.0,1.0,1.0,0.0,False
2025-05-07,65487.33264225513,0.00041156180202617243,0.00041156180202617243,0.0,0.0,-0.0,0.0,0.0,0.0,1.0,1.0,0.0,False
2025-05-08,64911.27682177408,-0.008796446537652325,-0.008796446537652325,0.0,0.0,-0.0,0.0,0.0,0.0,1.0,1.0,0.0,False
2025-05-09,64721.320404151615,-0.0029264008801432873,-0.0029264008801432873,0.0,0.0,-0.0,0.0,0.0,0.0,1.0,1.0,0.0,False
2025-05-12,65073.470760102646,0.005441025519133946,0.005441025519133946,0.0,0.0,-0.0,0.0,0.0,0.0,1.0,1.0,0.0,False
2025-05-13,64749.252488858896,-0.004982341766262888,-0.004982341766262888,0.0,0.0,-0.0,0.0,0.0,0.0,1.0,1.0,0.0,False
2025-05-14,64878.76758142618,0.002000256181946991,0.002000256181946991,0.0,0.0,-0.0,0.0,0.0,0.0,1.0,1.0,0.0,False
2025-05-15,64733.13400020072,-0.0022447032620137586,-0.0022447032620137586,0.0,0.0,-0.0,0.0,0.0,0.0,1.0,1.0,0.0,False
2025-05-16,65090.90849848146,0.005526914520771253,0.005526914520771253,0.0,0.0,-0.0,0.0,0.0,0.0,1.0,1.0,0.0,False
2025-05-19,65348.08427521071,0.003951024538784154,0.003951024538784154,0.0,0.0,-0.0,0.0,0.0,0.0,1.0,1.0,0.0,False
2025-05-20,64996.15415592819,-0.0053854695693967836,-0.0053854695693967836,0.0,0.0,-0.0,0.0,0.0,0.0,1.0,1.0,0.0,False
2025-05-21,64918.20985615012,-0.0011992140272035767,-0.0011992140272035767,0.0,0.0,-0.0,0.0,0.0,0.0,1.0,1.0,0.0,False
2025-05-22,65470.01121106206,0.008499947181763945,0.008499947181763945,0.0,0.0,-0.0,0.0,0.0,0.0,1.0,1.0,0.0,False
2025-05-23,65685.8668175894,0.0032970149620330513,0.0032970149620330513,0.0,0.0,-0.0,0.0,0.0,0.0,1.0,1.0,0.0,False
2025-05-27,64961.634388214705,-0.011025696462009016,-0.011025696462009016,0.0,0.0,-0.0,0.0,0.0,0.0,1.0,1.0,0.0,False
2025-05-28,65312.09879967796,0.005394944489371278,0.005394944489371278,0.0,0.0,-0.0,0.0,0.0,0.0,1.0,1.0,0.0,False
2025-05-29,64755.19004544401,-0.008526884979490057,-0.008526884979490057,0.0,0.0,-0.0,0.0,0.0,0.0,1.0,1.0,0.0,False
2025-05-30,65496.64374224681,0.01145010455968798,0.01145010455968798,0.0,0.0,-0.0,0.0,0.0,0.0,1.0,1.0,0.0,False
2025-06-02,66043.06853376745,0.0083427907187279,0.0083427907187279,0.0,0.0,-0.0,0.0,0.0,0.0,1.0,1.0,0.0,False
2025-06-03,66206.13440487169,0.0024690838073471166,0.0024690838073471166,0.0,0.0,-0.0,0.0,0.0,0.0,1.0,1.0,0.0,False
2025-06-04,66299.34355515557,0.0014078627474893857,0.0014078627474893857,0.0,0.0,-0.0,0.0,0.0,0.0,1.0,1.0,0.0,False
2025-06-05,66198.41884583709,-0.0015222580482191495,-0.0015222580482192605,0.0,0.0,-0.0,0.0,0.0,0.0,1.0,1.0,0.0,False
2025-06-06,66567.68631051766,0.005578191611200323,0.005578191611200323,0.0,0.0,-0.0,0.0,0.0,0.0,1.0,1.0,0.0,False
2025-06-09,66380.21670445993,-0.002816225355696478,-0.002816225355696367,0.0,0.0,-0.0,0.0,0.0,0.0,1.0,1.0,0.0,False
2025-06-10,66515.27116946253,0.002034558965118949,0.002034558965118949,0.0,0.0,-0.0,0.0,0.0,0.0,1.0,1.0,0.0,False
2025-06-11,66989.22406678608,0.007125474932155651,0.007125474932155651,0.0,0.0,-0.0,0.0,0.0,0.0,1.0,1.0,0.0,False
2025-06-12,66698.19257498471,-0.004344452348204686,-0.004344452348204686,0.0,0.0,-0.0,0.0,0.0,0.0,1.0,1.0,0.0,False
2025-06-13,66379.40576758931,-0.004779541919925467,-0.004779541919925578,0.0,0.0,-0.0,0.0,0.0,0.0,1.0,1.0,0.0,False
2025-06-16,65755.11251141597,-0.00940492384579561,-0.00940492384579561,0.0,0.0,-0.0,0.0,0.0,0.0,1.0,1.0,0.0,False
2025-06-17,65205.01957679777,-0.0083657819690095,-0.0083657819690095,0.0,0.0,-0.0,0.0,0.0,0.0,1.0,1.0,0.0,False
2025-06-18,64261.035913120955,-0.014477162491531859,-0.014477162491531859,0.0,0.0,-0.0,0.0,0.0,0.0,1.0,1.0,0.0,False
2025-06-20,64645.87150067877,0.005988630312124155,0.005988630312124155,0.0,0.0,-0.0,0.0,0.0,0.0,1.0,1.0,0.0,False
2025-06-23,65591.0792377494,0.014621316336662193,0.014621316336662193,0.0,0.0,-0.0,0.0,0.0,0.0,1.0,1.0,0.0,False
2025-06-24,66348.82880900321,0.011552631547762315,0.011552631547762315,0.0,0.0,-0.0,0.0,0.0,0.0,1.0,1.0,0.0,False
2025-06-25,65495.67072240572,-0.01285867590901213,-0.01285867590901213,0.0,0.0,-0.0,0.0,0.0,0.0,1.0,1.0,0.0,False
2025-06-26,65885.29381613283,0.005948837372449889,0.005948837372449889,0.0,0.0,-0.0,0.0,0.0,0.0,1.0,1.0,0.0,False
2025-06-27,66644.74376782526,0.011526850799388422,0.011526850799388422,0.0,0.0,-0.0,0.0,0.0,0.0,1.0,1.0,0.0,False
2025-06-30,66411.18860645512,-0.003504479845909403,-0.003504479845909292,0.0,0.0,-0.0,0.0,0.0,0.0,1.0,1.0,0.0,False
2025-07-01,66475.04824035043,0.0009615794452004778,0.0009615794452004778,0.0,0.0,-0.0,0.0,0.0,0.0,1.0,1.0,0.0,False
2025-07-02,65417.22119827684,-0.01591314440643732,-0.01591314440643732,0.0,0.0,-0.0,0.0,0.0,0.0,1.0,1.0,0.0,False
2025-07-03,65566.62689267345,0.0022838893438130725,0.0022838893438130725,0.0,0.0,-0.0,0.0,0.0,0.0,1.0,1.0,0.0,False
2025-07-07,65018.58969504399,-0.008358477835477829,-0.008358477835477829,0.0,0.0,-0.0,0.0,0.0,0.0,1.0,1.0,0.0,False
2025-07-08,65132.182382045066,0.0017470801432921679,0.0017470801432921679,0.0,0.0,-0.0,0.0,0.0,0.0,1.0,1.0,0.0,False
2025-07-09,64328.47578169527,-0.012339623377511044,-0.012339623377511044,0.0,0.0,-0.0,0.0,0.0,0.0,1.0,1.0,0.0,False
2025-07-10,64617.49499023213,0.004492865795820755,0.004492865795820755,0.0,0.0,-0.0,0.0,0.0,0.0,1.0,1.0,0.0,False
2025-07-11,65156.79915585518,0.00834610140341363,0.00834610140341363,0.0,0.0,-0.0,0.0,0.0,0.0,1.0,1.0,0.0,False
2025-07-14,64758.336732107084,-0.006115438893721237,-0.006115438893721237,0.0,0.0,-0.0,0.0,0.0,0.0,1.0,1.0,0.0,False
2025-07-15,64179.0487596944,-0.008945380651283363,-0.008945380651283363,0.0,0.0,-0.0,0.0,0.0,0.0,1.0,1.0,0.0,False
2025-07-16,63081.70355320963,-0.017098184340400002,-0.017098184340400002,0.0,0.0,-0.0,0.0,0.0,0.0,1.0,1.0,0.0,False
2025-07-17,62956.71925210986,-0.0019813082726014564,-0.0019813082726014564,0.0,0.0,-0.0,0.0,0.0,0.0,1.0,1.0,0.0,False
2025-07-18,62673.2407916833,-0.004502751474252831,-0.004502751474252831,0.0,0.0,-0.0,0.0,0.0,0.0,1.0,1.0,0.0,False
2025-07-21,61904.98247298072,-0.012258155298784712,-0.012258155298784712,0.0,0.0,-0.0,0.0,0.0,0.0,1.0,1.0,0.0,False
2025-07-22,62138.621165707154,0.0037741500504973047,0.0037741500504973047,0.0,0.0,-0.0,0.0,0.0,0.0,1.0,1.0,0.0,False
2025-07-23,61924.2576461262,-0.0034497630549172875,-0.0034497630549172875,0.0,0.0,-0.0,0.0,0.0,0.0,1.0,1.0,0.0,False
2025-07-24,61400.633079474326,-0.008455887669161721,-0.008455887669161721,0.0,0.0,-0.0,0.0,0.0,0.0,1.0,1.0,0.0,False
2025-07-25,61137.4344000784,-0.004286579245123656,-0.004286579245123656,0.0,0.0,-0.0,0.0,0.0,0.0,1.0,1.0,0.0,False
2025-07-28,61670.57950300894,0.008720436311437041,0.00872043631143704,0.0,0.0,-0.0,0.0,0.0,0.0,1.0,1.0,0.0,False
2025-07-29,61977.297855735655,0.004973495550041784,0.004973495550041784,0.0,0.0,-0.0,0.0,0.0,0.0,1.0,1.0,0.0,False
2025-07-30,61922.12513887401,-0.0008902084919879538,-0.0008902084919879538,0.0,0.0,-0.0,0.0,0.0,0.0,1.0,1.0,0.0,False
2025-07-31,62238.10384506473,0.00510284014771889,0.005102840147718889,0.0,0.0,-0.0,0.0,0.0,0.0,1.0,1.0,0.0,False
2025-08-01,61669.415889468895,-0.00913729565109389,-0.00913729565109389,0.0,0.0,-0.0,0.0,0.0,0.0,1.0,1.0,0.0,False
2025-08-04,61694.63626348527,0.0004089608058162053,0.0004089608058162053,0.0,0.0,-0.0,0.0,0.0,0.0,1.0,1.0,0.0,False
2025-08-05,61776.6024396676,0.001328578643891687,0.001328578643891687,0.0,0.0,-0.0,0.0,0.0,0.0,1.0,1.0,0.0,False
2025-08-06,61553.669704456195,-0.0036086920679900825,-0.0036086920679900825,0.0,0.0,-0.0,0.0,0.0,0.0,1.0,1.0,0.0,False
2025-08-07,61777.33522356446,0.0036336666876592982,0.0036336666876592982,0.0,0.0,-0.0,0.0,0.0,0.0,1.0,1.0,0.0,False
2025-08-08,61400.897030669956,-0.006093467637155681,-0.0060934676371556815,0.0,0.0,-0.0,0.0,0.0,0.0,1.0,1.0,0.0,False
2025-08-11,61660.53475548267,0.004228565662208972,0.004228565662208972,0.0,0.0,-0.0,0.0,0.0,0.0,1.0,1.0,0.0,False
2025-08-12,61942.007091392974,0.004564870172250268,0.004564870172250268,0.0,0.0,-0.0,0.0,0.0,0.0,1.0,1.0,0.0,False
2025-08-13,60505.74048832177,-0.023187279045576492,-0.023187279045576492,0.0,0.0,-0.0,0.0,0.0,0.0,1.0,1.0,0.0,False
2025-08-14,61090.97897338184,0.009672445628081006,0.009672445628081006,0.0,0.0,-0.0,0.0,0.0,0.0,1.0,1.0,0.0,False
2025-08-15,59610.67976447938,-0.02423106052282198,-0.02423106052282198,0.0,0.0,-0.0,0.0,0.0,0.0,1.0,1.0,0.0,False
2025-08-18,59325.83655699088,-0.004778392204449089,-0.004778392204449089,0.0,0.0,-0.0,0.0,0.0,0.0,1.0,1.0,0.0,False
2025-08-19,59821.372471629686,0.008352784274062053,0.008352784274062053,0.0,0.0,-0.0,0.0,0.0,0.0,1.0,1.0,0.0,False
2025-08-20,59678.50145852738,-0.0023882938020196587,-0.0023882938020196587,0.0,0.0,-0.0,0.0,0.0,0.0,1.0,1.0,0.0,False
2025-08-21,58987.45497539991,-0.011579487859756377,-0.011579487859756377,0.0,0.0,-0.0,0.0,0.0,0.0,1.0,1.0,0.0,False
2025-08-22,58480.16896818272,-0.008599896493733272,-0.008599896493733272,0.0,0.0,-0.0,0.0,0.0,0.0,1.0,1.0,0.0,False
2025-08-25,58969.36996600177,0.008365245970564983,0.008365245970564983,0.0,0.0,-0.0,0.0,0.0,0.0,1.0,1.0,0.0,False
2025-08-26,58071.7360790705,-0.015222036244389114,-0.015222036244389114,0.0,0.0,-0.0,0.0,0.0,0.0,1.0,1.0,0.0,False
2025-08-27,58604.94662548785,0.009181928807696194,0.009181928807696194,0.0,0.0,-0.0,0.0,0.0,0.0,1.0,1.0,0.0,False
2025-08-28,58587.903322895065,-0.00029081679233833313,-0.00029081679233833313,0.0,0.0,-0.0,0.0,0.0,0.0,1.0,1.0,0.0,False
2025-08-29,58037.81196965244,-0.009389162643539506,-0.009389162643539506,0.0,0.0,-0.0,0.0,0.0,0.0,1.0,1.0,0.0,False
2025-09-02,57775.775858064095,-0.004514920578421511,-0.004514920578421511,0.0,0.0,-0.0,0.0,0.0,0.0,1.0,1.0,0.0,False
2025-09-03,57314.27482021196,-0.007987794728813169,-0.007987794728813169,0.0,0.0,-0.0,0.0,0.0,0.0,1.0,1.0,0.0,False
2025-09-04,57720.04851518059,0.0070798016068682745,0.0070798016068682745,0.0,0.0,-0.0,0.0,0.0,0.0,1.0,1.0,0.0,False
2025-09-05,58066.91267216489,0.006009422478102655,0.006009422478102655,0.0,0.0,-0.0,0.0,0.0,0.0,1.0,1.0,0.0,False
2025-09-08,57277.01167362443,-0.013603289071008495,-0.013603289071008495,0.0,0.0,-0.0,0.0,0.0,0.0,1.0,1.0,0.0,False
2025-09-09,57100.67082150495,-0.0030787369481547477,-0.0030787369481547477,0.0,0.0,-0.0,0.0,0.0,0.0,1.0,1.0,0.0,False
2025-09-10,56714.92807922126,-0.00675548529875436,-0.00675548529875436,0.0,0.0,-0.0,0.0,0.0,0.0,1.0,1.0,0.0,False
2025-09-11,57310.32591708059,0.010498079747675249,0.010498079747675247,0.0,0.0,-0.0,0.0,0.0,0.0,1.0,1.0,0.0,False
2025-09-12,56699.92550212664,-0.010650792945011367,-0.010650792945011367,0.0,0.0,-0.0,0.0,0.0,0.0,1.0,1.0,0.0,False
2025-09-15,57436.107856743816,0.012983832837479836,0.012983832837479836,0.0,0.0,-0.0,0.0,0.0,0.0,1.0,1.0,0.0,False
2025-09-16,57429.42471092266,-0.00011635791613562319,-0.00011635791613562319,0.0,0.0,-0.0,0.0,0.0,0.0,1.0,1.0,0.0,False
2025-09-17,56904.205328547425,-0.00914547525104048,-0.009145475251040591,0.0,0.0,-0.0,0.0,0.0,0.0,1.0,1.0,0.0,False
2025-09-18,56604.42296550201,-0.005268193472074079,-0.005268193472074079,0.0,0.0,-0.0,0.0,0.0,0.0,1.0,1.0,0.0,False
2025-09-19,56249.91225358705,-0.006262950726147687,-0.006262950726147687,0.0,0.0,-0.0,0.0,0.0,0.0,1.0,1.0,0.0,False
2025-09-22,55684.77235426365,-0.01004694721612398,-0.010046947216123982,0.0,0.0,-0.0,0.0,0.0,0.0,1.0,1.0,0.0,False
2025-09-23,55735.368366894036,0.0009086148778429948,0.0009086148778429949,0.0,0.0,-0.0,0.0,0.0,0.0,1.0,1.0,0.0,False
2025-09-24,55196.222067819086,-0.009673324405534811,-0.009673324405534811,0.0,0.0,-0.0,0.0,0.0,0.0,1.0,1.0,0.0,False
2025-09-25,54241.717681555805,-0.017292929669905477,-0.017292929669905477,0.0,0.0,-0.0,0.0,0.0,0.0,1.0,1.0,0.0,False
2025-09-26,54085.099507671424,-0.0028874117667855304,-0.0028874117667855304,0.0,0.0,-0.0,0.0,0.0,0.0,1.0,1.0,0.0,False
2025-09-29,53313.151018347315,-0.014272849571343005,-0.014272849571343005,0.0,0.0,-0.0,0.0,0.0,0.0,1.0,1.0,0.0,False
2025-09-30,53000.34746340507,-0.005867286944540084,-0.005867286944540084,0.0,0.0,-0.0,0.0,0.0,0.0,1.0,1.0,0.0,False
2025-10-01,52622.83536371688,-0.007122823108826837,-0.007122823108826837,0.0,0.0,-0.0,0.0,0.0,0.0,1.0,1.0,0.0,False
2025-10-02,52263.96190962592,-0.006819728576206607,-0.006819728576206607,0.0,0.0,-0.0,0.0,0.0,0.0,1.0,1.0,0.0,False
2025-10-03,53108.42757850496,0.016157704812721274,0.016157704812721274,0.0,0.0,-0.0,0.0,0.0,0.0,1.0,1.0,0.0,False
2025-10-06,53140.36127967866,0.0006012925373566347,0.0006012925373566347,0.0,0.0,-0.0,0.0,0.0,0.0,1.0,1.0,0.0,False
2025-10-07,53252.64516639519,0.0021129680719627064,0.0021129680719627064,0.0,0.0,-0.0,0.0,0.0,0.0,1.0,1.0,0.0,False
2025-10-08,52503.84979797571,-0.014061186370738277,-0.014061186370738275,0.0,0.0,-0.0,0.0,0.0,0.0,1.0,1.0,0.0,False
2025-10-09,52237.040718310316,-0.0050817050690953325,-0.0050817050690953325,0.0,0.0,-0.0,0.0,0.0,0.0,1.0,1.0,0.0,False
2025-10-10,52334.850452394174,0.0018724210395320018,0.0018724210395320018,0.0,0.0,-0.0,0.0,0.0,0.0,1.0,1.0,0.0,False
2025-10-13,51913.75214043039,-0.008046231303303952,-0.008046231303303952,0.0,0.0,-0.0,0.0,0.0,0.0,1.0,1.0,0.0,False
2025-10-14,52298.66679834207,0.007414502748143814,0.007414502748143815,0.0,0.0,-0.0,0.0,0.0,0.0,1.0,1.0,0.0,False
2025-10-15,51803.316174317486,-0.00947157268720833,-0.00947157268720833,0.0,0.0,-0.0,0.0,0.0,0.0,1.0,1.0,0.0,False
2025-10-16,51692.4089479209,-0.002140929086921428,-0.002140929086921428,0.0,0.0,-0.0,0.0,0.0,0.0,1.0,1.0,0.0,False
2025-10-17,51457.80744095736,-0.0045384131198044075,-0.0045384131198044075,0.0,0.0,-0.0,0.0,0.0,0.0,1.0,1.0,0.0,False
2025-10-20,51533.17075886587,0.0014645652750553406,0.0014645652750553406,0.0,0.0,-0.0,0.0,0.0,0.0,1.0,1.0,0.0,False
2025-10-21,51276.848860541424,-0.004973920574843471,-0.004973920574843471,0.0,0.0,-0.0,0.0,0.0,0.0,1.0,1.0,0.0,False
2025-10-22,51173.41581528971,-0.0020171490165674655,-0.0020171490165674655,0.0,0.0,-0.0,0.0,0.0,0.0,1.0,1.0,0.0,False
2025-10-23,51084.42316067754,-0.0017390407342238179,-0.0017390407342238179,0.0,0.0,-0.0,0.0,0.0,0.0,1.0,1.0,0.0,False
2025-10-24,50791.95962445085,-0.005725102059130571,-0.005725102059130571,0.0,0.0,-0.0,0.0,0.0,0.0,1.0,1.0,0.0,False
2025-10-27,50996.68936385671,0.004030750947976891,0.004030750947976891,0.0,0.0,-0.0,0.0,0.0,0.0,1.0,1.0,0.0,False
2025-10-28,51101.595010457604,0.0020571069986994317,0.0020571069986994317,0.0,0.0,-0.0,0.0,0.0,0.0,1.0,1.0,0.0,False
2025-10-29,51073.03373816832,-0.000558911562025366,-0.000558911562025366,0.0,0.0,-0.0,0.0,0.0,0.0,1.0,1.0,0.0,False
2025-10-30,50904.81618932682,-0.003293666667695705,-0.003293666667695705,0.0,0.0,-0.0,0.0,0.0,0.0,1.0,1.0,0.0,False
2025-10-31,51236.835331437826,0.006522352244159979,0.006522352244159979,0.0,0.0,-0.0,0.0,0.0,0.0,1.0,1.0,0.0,False
2025-11-03,51147.85365421097,-0.0017366739505133566,-0.0017366739505134678,0.0,0.0,-0.0,0.0,0.0,0.0,1.0,1.0,0.0,False
2025-11-04,51030.03056830818,-0.002303578302607634,-0.002303578302607634,0.0,0.0,-0.0,0.0,0.0,0.0,1.0,1.0,0.0,False
2025-11-05,51080.423756296535,0.0009875202391049775,0.0009875202391049775,0.0,0.0,-0.0,0.0,0.0,0.0,1.0,1.0,0.0,False
2025-11-06,51781.38475350351,0.013722693463766866,0.013722693463766866,0.0,0.0,-0.0,0.0,0.0,0.0,1.0,1.0,0.0,False
2025-11-07,51233.907957102194,-0.010572849664169603,-0.010572849664169603,0.0,0.0,-0.0,0.0,0.0,0.0,1.0,1.0,0.0,False
2025-11-10,51557.13526088728,0.006308855144443015,0.006308855144443016,0.0,0.0,-0.0,0.0,0.0,0.0,1.0,1.0,0.0,False
2025-11-11,50784.01697812069,-0.01499536928990497,-0.01499536928990497,0.0,0.0,-0.0,0.0,0.0,0.0,1.0,1.0,0.0,False
2025-11-12,50879.90661071839,0.0018881852658290121,0.0018881852658290121,0.0,0.0,-0.0,0.0,0.0,0.0,1.0,1.0,0.0,False
2025-11-13,51528.659134093024,0.012750662620869768,0.012750662620869768,0.0,0.0,-0.0,0.0,0.0,0.0,1.0,1.0,0.0,False
2025-11-14,51737.831903577826,0.004059348195738499,0.004059348195738499,0.0,0.0,-0.0,0.0,0.0,0.0,1.0,1.0,0.0,False
2025-11-17,51816.21475141958,0.0015150006283184414,0.0015150006283184414,0.0,0.0,-0.0,0.0,0.0,0.0,1.0,1.0,0.0,False
2025-11-18,51591.66422336975,-0.004333595750424468,-0.004333595750424468,0.0,0.0,-0.0,0.0,0.0,0.0,1.0,1.0,0.0,False
2025-11-19,51612.217186944705,0.0003983776039084841,0.0003983776039084841,0.0,0.0,-0.0,0.0,0.0,0.0,1.0,1.0,0.0,False
2025-11-20,51515.88285333594,-0.0018665025232268428,-0.0018665025232268428,0.0,0.0,-0.0,0.0,0.0,0.0,1.0,1.0,0.0,False
2025-11-21,51199.68800488671,-0.006137812863450831,-0.006137812863450832,0.0,0.0,-0.0,0.0,0.0,0.0,1.0,1.0,0.0,False
2025-11-24,51088.63562950714,-0.0021690049237990117,-0.0021690049237990117,0.0,0.0,-0.0,0.0,0.0,0.0,1.0,1.0,0.0,False
2025-11-25,51177.37910749959,0.001737049285011505,0.001737049285011505,0.0,0.0,-0.0,0.0,0.0,0.0,1.0,1.0,0.0,False
2025-11-26,50870.942444174216,-0.005987736548245137,-0.005987736548245138,0.0,0.0,-0.0,0.0,0.0,0.0,1.0,1.0,0.0,False
2025-11-28,50550.44255679016,-0.006300254565477559,-0.006300254565477448,0.0,0.0,-0.0,0.0,0.0,0.0,1.0,1.0,0.0,False
2025-12-01,50007.93786113165,-0.01073194750073736,-0.01073194750073736,0.0,0.0,-0.0,0.0,0.0,0.0,1.0,1.0,0.0,False
2025-12-02,50171.75387441436,0.0032758002087112104,0.0032758002087112104,0.0,0.0,-0.0,0.0,0.0,0.0,1.0,1.0,0.0,False
2025-12-03,50398.158233346745,0.004512586095736237,0.004512586095736237,0.0,0.0,-0.0,0.0,0.0,0.0,1.0,1.0,0.0,False
2025-12-04,50499.120034882064,0.002003283553892121,0.002003283553892121,0.0,0.0,-0.0,0.0,0.0,0.0,1.0,1.0,0.0,False
2025-12-05,50896.616987418754,0.007871363941829523,0.007871363941829523,0.0,0.0,-0.0,0.0,0.0,0.0,1.0,1.0,0.0,False
2025-12-08,50940.02880372757,0.0008529410966457984,0.0008529410966457984,0.0,0.0,-0.0,0.0,0.0,0.0,1.0,1.0,0.0,False
2025-12-09,51107.42219557443,0.0032860874989260047,0.0032860874989260047,0.0,0.0,-0.0,0.0,0.0,0.0,1.0,1.0,0.0,False
2025-12-10,51239.315089630756,0.0025806994051003063,0.0025806994051003063,0.0,0.0,-0.0,0.0,0.0,0.0,1.0,1.0,0.0,False
2025-12-11,51209.47740370796,-0.0005823201553455393,-0.0005823201553455393,0.0,0.0,-0.0,0.0,0.0,0.0,1.0,1.0,0.0,False
2025-12-12,50999.69395801451,-0.004096574625037319,-0.004096574625037319,0.0,0.0,-0.0,0.0,0.0,0.0,1.0,1.0,0.0,False
2025-12-15,51910.71275836201,0.017863220926335188,0.017863220926335188,0.0,0.0,-0.0,0.0,0.0,0.0,1.0,1.0,0.0,False
2025-12-16,51730.810585307474,-0.0034656078388280998,-0.0034656078388282108,0.0,0.0,-0.0,0.0,0.0,0.0,1.0,1.0,0.0,False
2025-12-17,51462.99905691967,-0.005177021688963612,-0.005177021688963612,0.0,0.0,-0.0,0.0,0.0,0.0,1.0,1.0,0.0,False
2025-12-18,51649.40208385746,0.0036220785876008854,0.003622078587600886,0.0,0.0,-0.0,0.0,0.0,0.0,1.0,1.0,0.0,False
2025-12-19,51761.214533867365,0.0021648353223600036,0.0021648353223600036,0.0,0.0,-0.0,0.0,0.0,0.0,1.0,1.0,0.0,False
2025-12-22,51187.26898267768,-0.01108833238088247,-0.011088332380882582,0.0,0.0,-0.0,0.0,0.0,0.0,1.0,1.0,0.0,False
2025-12-23,51654.68174340393,0.009131426036509849,0.009131426036509849,0.0,0.0,-0.0,0.0,0.0,0.0,1.0,1.0,0.0,False
2025-12-24,51623.50521917182,-0.000603556602806754,-0.000603556602806754,0.0,0.0,-0.0,0.0,0.0,0.0,1.0,1.0,0.0,False
2025-12-26,51172.44748741863,-0.008737448761725664,-0.008737448761725775,0.0,0.0,-0.0,0.0,0.0,0.0,1.0,1.0,0.0,False
2025-12-29,51666.78729586695,0.009660272914830959,0.009660272914830959,0.0,0.0,-0.0,0.0,0.0,0.0,1.0,1.0,0.0,False
2025-12-30,51933.15048735236,0.0051554045727693065,0.0051554045727693065,0.0,0.0,-0.0,0.0,0.0,0.0,1.0,1.0,0.0,False
2025-12-31,51415.567263402205,-0.00996633593558327,-0.00996633593558327,0.0,0.0,-0.0,0.0,0.0,0.0,1.0,1.0,0.0,False
