,largest_name,hhi_invested,effective_names,invested_fraction
2020-01-02,0.10000000000000002,0.25,4.0,0.4000000000000001
2020-01-03,0.09989449280462578,0.25000609962750997,3.9999024083409314,0.39721496026505776
2020-01-06,0.10004533786632604,0.25001692255244473,3.999729257487502,0.3949008556544712
2020-01-07,0.10153583633540844,0.25003789120994346,3.9993938325145826,0.3982366714839115
2020-01-08,0.10123677643321208,0.25001344487166166,3.999784893621724,0.4013076391977795
2020-01-09,0.10166790547138674,0.25003951661156754,3.9993678341391306,0.40164617249965706
2020-01-10,0.10173563055203932,0.25003621484807925,3.999420646355549,0.402137870987673
2020-01-13,0.10202286439556442,0.2500660258872136,3.998943864733654,0.40092978112770566
2020-01-14,0.10173565921153732,0.25007149126317835,3.9988564667996784,0.3997433286590592
2020-01-15,0.10175777220382967,0.25010965397349794,3.9982463056222604,0.39945035081009683
2020-01-16,0.10155964862090053,0.2501286330621518,3.997942929434715,0.3984628928727897
2020-01-17,0.10184947661850552,0.25014550903055405,3.997673209787088,0.39933818644099994
2020-01-21,0.10176637779572173,0.2501507917588565,3.9975887862229613,0.39941845403801
2020-01-22,0.1026014920480427,0.25021798627841996,3.9965152580489973,0.4010993623292923
2020-01-23,0.10215705343272644,0.2502736166762205,3.9956269193716176,0.39942168962913394
2020-01-24,0.10324389150978026,0.2503335809959956,3.9946698162560788,0.4008955437153454
2020-01-27,0.10417007043607382,0.2503031448119709,3.995155557279176,0.40361841425570644
2020-01-28,0.10398013649354576,0.2503272253686942,3.99477123803514,0.40184361788299794
2020-01-29,0.10510922122340428,0.25042318544920206,3.993240474943357,0.4017273470602142
2020-01-30,0.10636084387106678,0.2503870970519345,3.9938160223670915,0.4038307838910169
2020-01-31,0.10770065354139584,0.2505380175002251,3.9914102058347356,0.4046564228710858
2020-02-03,0.10000000000000002,0.25,4.0,0.4000000000000001
2020-02-04,0.10069888697644472,0.2500162088887221,3.9997406745939528,0.3993740259207067
2020-02-05,0.10218570167168253,0.2500459071939563,3.9992656197500454,0.4013645114913086
2020-02-06,0.10131330999326481,0.25003439754996587,3.999449714914381,0.4014701714950494
2020-02-07,0.10202935141527734,0.2500597292758767,3.999044559856964,0.4015095521172811
2020-02-10,0.10230567885408293,0.250104487205346,3.998328903147424,0.4022885092227585
2020-02-11,0.10210712701025229,0.25008073272570075,3.9987086933915967,0.402463017704912
2020-02-12,0.10269433802270127,0.25015345348545814,3.9975462503783974,0.40068050676612194
2020-02-13,0.10219712949651762,0.25012829793118896,3.997948286023611,0.400563706245498
2020-02-14,0.10193305583438947,0.25006530066923927,3.99895546212826,0.4017364719065135
2020-02-18,0.10109658622130854,0.25005832689782936,3.9990669873136726,0.3986478078096184
2020-02-19,0.10064054988847485,0.25002852653970514,3.9995436274396376,0.39808087672732945
2020-02-20,0.10072399202513067,0.25004825085790594,3.9992281352460513,0.3981641746557149
2020-02-21,0.10107282150283947,0.2500334339858538,3.9994651277579827,0.4000871254377143
2020-02-24,0.10099685440764443,0.25008505967222483,3.9986395081363706,0.3969517411419313
2020-02-25,0.10058582759517905,0.25008351593107814,3.998664191347963,0.39516826461359905
2020-02-26,0.10017772948962718,0.25006200827255115,3.9990081136598157,0.39357463180273367
2020-02-27,0.10001246736004535,0.2500580703317838,3.9990710904598004,0.39225269236979465
2020-02-28,0.10062219017233305,0.25011030422375863,3.9982359107658363,0.39309306311607006
2020-03-02,0.1,0.25,4.0,0.4
2020-03-03,0.10091442079756498,0.25001425072314964,3.9997720014261837,0.4002394079298929
2020-03-04,0.10041058388532369,0.2500086930076411,3.9998609167139505,0.3986336052969753
2020-03-05,0.10090240655151077,0.2500273799816686,3.999561968266506,0.3982468937078134
2020-03-06,0.10049410306818726,0.25001422943224927,3.9997723420417857,0.3978446854949266
2020-03-09,0.10127219439674776,0.2500332731909142,3.9994676997906793,0.3993198134376953
2020-03-10,0.10186597780850462,0.2500867596611841,3.9986123269972125,0.4011590771780146
2020-03-11,0.10274063399643008,0.2501153635034,3.9981550353119597,0.40218782108972473
2020-03-12,0.10251479868244662,0.2500880312131095,3.9985919963833134,0.4023005352872366
2020-03-13,0.10277720289149951,0.25009745369449715,3.9984413484734445,0.4027026111819224
2020-03-16,0.10331999959688917,0.2500944459505256,3.9984894354584064,0.40655784419694385
2020-03-17,0.1033772094256398,0.2500941129338723,3.9984947597083633,0.407014230880719
2020-03-18,0.1040074680565267,0.2501055903225995,3.998311268093395,0.40656555772106606
2020-03-19,0.10444605699751265,0.2500985113211458,3.9984244397037725,0.40705078298444447
2020-03-20,0.10434106478853356,0.25010589207421985,3.99830644414905,0.4053757489942387
2020-03-23,0.10547160970969777,0.25017830036617345,3.9971492273164784,0.4043389720156837
2020-03-24,0.10560172128244699,0.2501821388271883,3.997087900390617,0.40460778369706485
2020-03-25,0.10526095382642624,0.25015695006970506,3.9974903744283528,0.4048920917243241
2020-03-26,0.10499837978784125,0.2501636311178978,3.9973836146019055,0.4052528881706705
2020-03-27,0.10583195293097514,0.25022891972929384,3.996340635134556,0.4059341436572713
2020-03-30,0.10497802506752135,0.2502177263530203,3.996519409616677,0.40493592521138916
2020-03-31,0.1050855942251073,0.2502637123584945,3.9957850484033943,0.4056799545854109
2020-04-01,0.10000000000000003,0.25,4.0,0.40000000000000013
2020-04-02,0.10104026567008666,0.2500150303455333,3.9997595289289203,0.40056080107873604
2020-04-03,0.10114322190364532,0.2500337619983482,3.9994598809684203,0.40035851744341033
2020-04-06,0.10135710482370908,0.2500241411445823,3.9996137789819524,0.4012855359231804
2020-04-07,0.10304452382225204,0.250111185577085,3.998221821597807,0.4008518462295258
2020-04-08,0.10213164944402683,0.2501064040762966,3.9982982590679423,0.39950779733494285
2020-04-09,0.10269370529574251,0.2501354205242924,3.997834444653883,0.3993328287315494
2020-04-13,0.10252708935116579,0.25011480709659817,3.9981639296300626,0.39964009198100314
2020-04-14,0.10255240509513344,0.25014445610863123,3.997690037014956,0.3990462921491513
2020-04-15,0.10330132940683086,0.2501852001514621,3.9970389910937976,0.399419963726529
2020-04-16,0.10227735530971187,0.25018335352357474,3.9970684936308927,0.39728535722159336
2020-04-17,0.10157315443431547,0.2501493513337908,3.997611805379555,0.39701832683205707
2020-04-20,0.10304690635596313,0.25016882423864645,3.9973006350545837,0.399107232638961
2020-04-21,0.103383455485046,0.2501847415956536,3.997046317141879,0.39759210458778815
2020-04-22,0.10308430163457254,0.2501416263166808,3.997735261919158,0.39772872535345466
2020-04-23,0.10134440340792776,0.250094842573864,3.9984830942871445,0.3933996457140399
2020-04-24,0.10067686659488821,0.2500701735584975,3.9988775381326143,0.3920317716477233
2020-04-27,0.1007993189874576,0.2500949974082313,3.9984806188173967,0.39114571251228947
2020-04-28,0.1010718217458614,0.250112740556512,3.9981969641968473,0.3908459992169233
2020-04-29,0.10074529508866154,0.25009263225664535,3.9985184328573053,0.3906509750722962
2020-04-30,0.10103432994210794,0.25008122382262804,3.998700840928615,0.39225600917396286
2020-05-01,0.10000000000000002,0.25,4.0,0.4000000000000001
2020-05-04,0.10045650031838763,0.2500099302172687,3.99984112283444,0.3979790029207696
2020-05-05,0.10088464455944457,0.2500218116412044,3.9996510441859257,0.39775251580721405
2020-05-06,0.10243386216074521,0.2500705808716044,3.9988710247905472,0.3989831520829762
2020-05-07,0.10179223138796722,0.2500742066223314,3.9988130463619793,0.39715921705385715
2020-05-08,0.10172372723325111,0.250070400276733,3.998873912679708,0.39650661597692727
2020-05-11,0.10252896290148607,0.2500644761524829,3.9989686475508246,0.3996503177752425
2020-05-12,0.10265759459753732,0.25009687334161285,3.9984506269059907,0.3977284551077511
2020-05-13,0.10284244163900408,0.25013921514666343,3.9977737973379055,0.3958625403893188
2020-05-14,0.10294111355742867,0.25018287856324833,3.997076081875809,0.3952741352296195
2020-05-15,0.10297796748974443,0.25022975022864125,3.996327371490699,0.39434195698811636
2020-05-18,0.10314817230951646,0.25021790126666105,3.996516615868681,0.3959994433306195
2020-05-19,0.10334123802519524,0.25021304139141043,3.9965942400088226,0.39747652074997014
2020-05-20,0.10400606092507154,0.2503277012335016,3.994763644105117,0.3962626527104074
2020-05-21,0.10404453779698308,0.25026090102007886,3.9958299355749873,0.39681938525872523
2020-05-22,0.10371270733159754,0.25027385173483163,3.9956231666563107,0.3953080737466349
2020-05-26,0.10402478352742979,0.2502821437166523,3.9954907895151845,0.39599786351510247
2020-05-27,0.103927837817934,0.25029425928238325,3.9952973866324077,0.39614779923260895
2020-05-28,0.10230549206564278,0.25016392980939955,3.997378841793468,0.394485783948224
2020-05-29,0.1024388969013986,0.25015298842266015,3.9975536822706004,0.3950210489312742
2020-06-01,0.1,0.25,4.0,0.4
2020-06-02,0.10087446297462896,0.2500051644315188,3.9999173708026303,0.4007928654824358
2020-06-03,0.1002037867288724,0.25000341273575805,3.999945396973254,0.39917484468025954
2020-06-04,0.10025493440650282,0.2500126907278964,3.9997969586606272,0.3981047204441847
2020-06-05,0.10030822901385018,0.2500429057664562,3.999313625534391,0.39573974143361146
2020-06-08,0.10033875307287358,0.2500352077557009,3.9994367552311227,0.39460422133168305
2020-06-09,0.10031249443713663,0.250059619334084,3.9990463180861786,0.3911188629463889
2020-06-10,0.0998124793574514,0.25003506844876777,3.999438983515627,0.39171235511467184
2020-06-11,0.09925616737862394,0.2500311913525687,3.999501000616764,0.3908173451735709
2020-06-12,0.098626129832552,0.2500346214162631,3.999446134042286,0.3876613770098429
2020-06-15,0.09908165908912545,0.25004260519424215,3.9993184330452958,0.3901619407355478
2020-06-16,0.09938922167517748,0.250033856083393,3.999458376014779,0.3898557312623276
2020-06-17,0.09976421679819482,0.25007145622335364,3.9988570271164443,0.3892808557465911
2020-06-18,0.09986045815324153,0.25007616125257365,3.9987817910800905,0.3901865269578552
2020-06-19,0.09966548334076908,0.2501731711059778,3.997231180222687,0.3890422061890965
2020-06-22,0.10010844619698732,0.25019084324181196,3.9969488373061277,0.3891732737193656
2020-06-23,0.10070463388207145,0.2501911433368775,3.9969440431131473,0.39018345469964805
2020-06-24,0.09951981155943124,0.2501454879442551,3.9976735467755065,0.38912004810736966
2020-06-25,0.09970451975641,0.2501142998212088,3.998172038603302,0.3910116730387993
2020-06-26,0.09911785300026875,0.25007956707471957,3.9987273318544125,0.38935869229923026
2020-06-29,0.09962936333936653,0.25016199801493005,3.9974097102483106,0.3887844271304288
2020-06-30,0.10140553020320678,0.2502365292752906,3.996219108761209,0.3905086829637513
2020-07-01,0.1,0.25,4.0,0.4
2020-07-02,0.09950266428941454,0.2500064165442256,3.999897337927333,0.3962128914615439
2020-07-06,0.10118447464174114,0.2500674591488036,3.998920944787727,0.3972151191312791
2020-07-07,0.1029063107087646,0.25008671701689844,3.998613008832571,0.40040847099548504
2020-07-08,0.10289044628956974,0.2500978960114455,3.998434276929047,0.4003586810042423
2020-07-09,0.10358248092115871,0.25015911983910427,3.997455701967506,0.39889623283441455
2020-07-10,0.10298468363425613,0.2501181868084865,3.9981099046015873,0.39873907948406695
2020-07-13,0.10209096649014125,0.2500963862093851,3.9984584149999765,0.3980603445800442
2020-07-14,0.10215154515722775,0.2501074850535133,3.9982809782203788,0.397079481208699
2020-07-15,0.10168331083098903,0.25011921498546535,3.9980934693806347,0.39454742453132574
2020-07-16,0.10031570398152577,0.2500620402242691,3.9990076026859023,0.39426672123311285
2020-07-17,0.10043294662841763,0.250060038838846,3.999039609221453,0.39552017248362115
2020-07-20,0.09970502877298541,0.25005553978931516,3.9991115607458734,0.39385757585579984
2020-07-21,0.09979514152815816,0.25004993765922606,3.9992011570217767,0.39511969077962594
2020-07-22,0.1002271278075851,0.2500378154156492,3.999395044856134,0.3966854835898109
2020-07-23,0.10042383182163046,0.25005022663129606,3.99919653532056,0.39586272889381724
2020-07-24,0.10061744589999182,0.250090127630799,3.9985584775912133,0.3949882161865651
2020-07-27,0.1013260146282703,0.250152655465682,3.9975590030751773,0.39484289819950086
2020-07-28,0.10154175999507582,0.2500985774380423,3.9984233826669127,0.3964809118089853
2020-07-29,0.10111071041854151,0.2501136296782276,3.9981827511219796,0.39560082882790953
2020-07-30,0.10158446777516453,0.2501252645733949,3.9979967705604063,0.3955086037699667
2020-07-31,0.10116255350199024,0.2501084836905856,3.9982650138214457,0.3947750226227267
2020-08-03,0.1,0.25,4.0,0.4
2020-08-04,0.10071418578493715,0.2500153935549763,3.9997537182849836,0.3997052959999419
2020-08-05,0.10159450274953591,0.25001376531872344,3.9997797670267334,0.40269468145015463
2020-08-06,0.10126043613912909,0.25002850275287913,3.9995440079420495,0.40030024862214075
2020-08-07,0.10171167830137645,0.25003708522437196,3.999406724417081,0.4013436531189274
2020-08-10,0.10233546673125185,0.25003044612479125,3.9995129213219727,0.4039286932083721
2020-08-11,0.10297278903714732,0.25005882453712114,3.9990590288148393,0.40325442169567927
2020-08-12,0.10311064601942929,0.2500901609728263,3.9985579445032844,0.40254026034830503
2020-08-13,0.10338189688728064,0.2500627156563579,3.9989968011633676,0.40486577642458454
2020-08-14,0.10313455173564126,0.2500449119017078,3.999281538642539,0.40546849164601884
2020-08-17,0.10277279936051859,0.2500616788062632,3.9990133825133443,0.40257070187910243
2020-08-18,0.10232711460990294,0.2500462194794101,3.9992606250235445,0.40161621767488187
2020-08-19,0.10280766749894903,0.25008613505838323,3.998622313734216,0.3997709831707195
2020-08-20,0.10284608047244431,0.25008753643115184,3.99859990733803,0.3993269606419243
2020-08-21,0.10260676362568961,0.2500664752776563,3.9989366782959213,0.40032537762852377
2020-08-24,0.1011306874070332,0.2500278088181654,3.9995551083969927,0.39790695422808375
2020-08-25,0.10076009790624385,0.25006101964140476,3.9990239239767598,0.39496647238664095
2020-08-26,0.10000733945051743,0.2500316117855552,3.9994942753785496,0.3951921593783674
2020-08-27,0.09958962157983493,0.2500215656985212,3.999654978586172,0.39413639204077644
2020-08-28,0.09960311670247736,0.2500423686093434,3.999322217117378,0.3909522358593675
2020-08-31,0.10042429522960869,0.2500777261197973,3.9987567686094514,0.3918018169006623
2020-09-01,0.1,0.25,4.0,0.4
2020-09-02,0.1004158226467387,0.2500058046803051,3.9999071272715048,0.3997342935000082
2020-09-03,0.10057340028652541,0.2500232246236033,3.999628440539661,0.398352829391282
2020-09-04,0.1012914166803948,0.2500337047767421,3.9994607962670923,0.39964206845434425
2020-09-08,0.10208131149845999,0.250042906897758,3.999313607439774,0.40091330049693563
2020-09-09,0.10413317667152693,0.25009940268337,3.9984101891919215,0.4046178257801394
2020-09-10,0.10403875928181068,0.2501276345570325,3.9979588891525952,0.4035682856433157
2020-09-11,0.10361555818413605,0.2500860833816126,3.99862313999326,0.4040255487503046
2020-09-14,0.1039468599829876,0.2501207695886386,3.9980686195898527,0.40441409727624117
2020-09-15,0.1041548441599328,0.2501547992140821,3.997524745244649,0.4059864683760256
2020-09-16,0.10432574766106316,0.2500693078891665,3.998891381117475,0.4080590601298881
2020-09-17,0.10481744655596875,0.25010373478633147,3.9983409318310246,0.40844817108002673
2020-09-18,0.10411811185617313,0.2500865395842816,3.9986158457880143,0.4082597530113604
2020-09-21,0.10494585692010326,0.25017093038758453,3.9972669824216633,0.40888257562234703
2020-09-22,0.10600092660181915,0.25022710208467164,3.9963696644723194,0.40805720300233667
2020-09-23,0.10568578338984999,0.2502078096238085,3.996677807553314,0.4092045170017832
2020-09-24,0.1071259216918794,0.25030498443621796,3.9951261947594867,0.4114079720319155
2020-09-25,0.10709286982086684,0.2502587137953033,3.995864858547704,0.4103784583474328
2020-09-28,0.10762658586675948,0.2502628625336688,3.995798617006014,0.410409850109203
2020-09-29,0.10831403417425106,0.2502965445701485,3.9952609082852857,0.41099186384446085
2020-09-30,0.10727021223405782,0.25022601168846537,3.9963870792338447,0.41070504995618007
2020-10-01,0.1,0.25,4.0,0.4
2020-10-02,0.09987696673568784,0.2500027537694038,3.999955940174862,0.3974451913470895
2020-10-05,0.09982185552002666,0.2500196246676637,3.9996860299636112,0.3949547553946942
2020-10-06,0.09943239554242772,0.2500612065309892,3.999020935204812,0.39402769125108134
2020-10-07,0.09888811979197668,0.25006918496858854,3.9988933467576624,0.3894796943343786
2020-10-08,0.09903041491629157,0.2500920535912753,3.998527684667251,0.3874996841582897
2020-10-09,0.09839658723902925,0.2501357185331659,3.9978296816790215,0.3860142043385718
2020-10-12,0.09802385979766565,0.2501313273817727,3.9978998651125015,0.38490185114256
2020-10-13,0.09960164311689836,0.250192085656464,3.9969289890851663,0.38709176017626423
2020-10-14,0.09835837077972241,0.2501483995426984,3.997627015915837,0.3857220580286015
2020-10-15,0.09820204370220251,0.25012638556332734,3.9979788527620914,0.3844102040651487
2020-10-16,0.0977702759745272,0.250076048284686,3.998783597466329,0.3851640797010713
2020-10-19,0.09846887349234265,0.25006991917858884,3.998881605931357,0.3860066758294922
2020-10-20,0.09953303827856988,0.2501402825526383,3.9977567379199104,0.38556017519029195
2020-10-21,0.09980940513814912,0.2501524620136757,3.9975620945330954,0.38462141301883224
2020-10-22,0.09956824538651281,0.25010400728953824,3.998336575400524,0.3852204411645659
2020-10-23,0.10018740682343401,0.2501882153948205,3.996990819179497,0.38260496802708527
2020-10-26,0.10149962098967166,0.25028197058532925,3.995493553376301,0.38406984157649116
2020-10-27,0.10170467406073198,0.2503317641619969,3.994698808389619,0.3837932591021957
2020-10-28,0.1024835833686473,0.2504135008276898,3.9933949115950527,0.3843392924263851
2020-10-29,0.10284811483743267,0.25045088238447477,3.992798869300327,0.38473229828645045
2020-10-30,0.10121729634592985,0.25028269779340484,3.9954819442830494,0.3844044096108669
2020-11-02,0.1,0.25,4.0,0.4
2020-11-03,0.10049251882807157,0.2500066467715854,3.999893654482051,0.39868269593249944
2020-11-04,0.10006339729347667,0.2500102406059363,3.999836157016425,0.39660529552205304
2020-11-05,0.10110335525078884,0.2500186314596943,3.9997019188596385,0.3993651115436636
2020-11-06,0.1010182054846016,0.2500120628993894,3.9998070029221875,0.4007269778656038
2020-11-09,0.10100901815520014,0.2500285638105901,3.999543031241635,0.3986404952182125
2020-11-10,0.10157052582481677,0.25002862844818147,3.9995419972767254,0.3996097618588344
2020-11-11,0.10306797475557067,0.25006420975863725,3.9989729076592093,0.40178742431582054
2020-11-12,0.10228757118297882,0.2500607253349515,3.999028630587708,0.39975928197090865
2020-11-13,0.10259918068733939,0.25009110366049647,3.998542872430678,0.3995612439956987
2020-11-16,0.1027221793952466,0.25014705017803207,3.9976485802582533,0.39913202767027633
2020-11-17,0.10322248235824488,0.2501747554763511,3.997205865539577,0.4017664199877995
2020-11-18,0.10375985183115136,0.25021699940897596,3.99653102052237,0.4011312963901493
2020-11-19,0.1043504126260782,0.25019292320746234,3.996915608883112,0.40296037839237314
2020-11-20,0.10382404638007259,0.2501812375246863,3.9971023002927084,0.4018715555652934
2020-11-23,0.1033140758864664,0.250145213799041,3.9976779280029295,0.4001565975173105
2020-11-24,0.10226196872662484,0.2501225727842064,3.9980397965230887,0.39874831299428887
2020-11-25,0.10251970074505232,0.25013277336250683,3.997876753842018,0.39886527585093223
2020-11-27,0.1020429288738747,0.25006615544964755,3.9989417928303235,0.39901320479808294
2020-11-30,0.10236259406216267,0.25009615562679427,3.9984621014816755,0.3982808992763917
2020-12-01,0.10000000000000002,0.25,4.0,0.4000000000000001
2020-12-02,0.1014713650444265,0.25004484423143686,3.9992826209782537,0.39932558394761647
2020-12-03,0.10219154343974998,0.25006794080135897,3.9989132425189533,0.4000548365616495
2020-12-04,0.10406186578834495,0.25018116900037923,3.9971033950939936,0.40139584282827045
2020-12-07,0.10279558535112965,0.2501169098524882,3.998130316697785,0.39898717320958854
2020-12-08,0.10295930870275795,0.2501479341947472,3.9976344526654053,0.39704383108723407
2020-12-09,0.10236062607723641,0.25012020983463557,3.99807756702723,0.3963823658529709
2020-12-10,0.10292713506331856,0.2501233941716997,3.9980266672438485,0.3979858935879266
2020-12-11,0.10196630576086071,0.2500809566302494,3.9987051132346862,0.3975621550255947
2020-12-14,0.10094049166073085,0.2500743782511275,3.9988103019326067,0.3954948352548207
2020-12-15,0.10081912576339534,0.2500840592262296,3.998655504449349,0.39443167536603063
2020-12-16,0.10076601930527991,0.2500906166904609,3.9985506582908217,0.3940930559247101
2020-12-17,0.10079667656107036,0.2500864994251341,3.998616487889863,0.3947280769495688
2020-12-18,0.1006018870248264,0.2500433327632072,3.9993067959424735,0.3958369126352081
2020-12-21,0.10055742424044166,0.25003705577520335,3.9994071954640726,0.39539992798042334
2020-12-22,0.10100713423610148,0.2500577588376287,3.9990760720579566,0.39466299218059586
2020-12-23,0.10117229121501949,0.25005817182442847,3.9990694673322764,0.39502627649462035
2020-12-24,0.10179346645309448,0.2501136922926813,3.998181750201052,0.3952998098713052
2020-12-28,0.10053479283843625,0.2501043273083923,3.998331459363137,0.39311122639497004
2020-12-29,0.10110898077442354,0.2501009530754749,3.9983854027866186,0.3948177226508298
2020-12-30,0.10205599526387882,0.25009406010638346,3.998495604312338,0.3982235920983975
2020-12-31,0.10251695136007345,0.25006876691574736,3.998900031913693,0.4008198036222861
2021-01-04,0.09999999999999999,0.25,4.0,0.39999999999999997
2021-01-05,0.1010424042797448,0.2500077289865409,3.9998763400384103,0.4020016933508162
2021-01-06,0.1011166324370505,0.2500118107876391,3.9998110363250134,0.40116164546634003
2021-01-07,0.1012446657739324,0.2500115148070228,3.999815771573054,0.40092728033346425
2021-01-08,0.10177324888616712,0.25002144232133316,3.999656952281627,0.4025425082129424
2021-01-11,0.10292028184336476,0.25004971782992613,3.999204672888934,0.4043516387178691
2021-01-12,0.1036087554840834,0.25005097319471814,3.9991845951396727,0.4061977120626777
2021-01-13,0.10410265167392989,0.25005519417496214,3.9991170881269755,0.40887183692404927
2021-01-14,0.10379823219123148,0.2500331939825833,3.9994689667870964,0.41001634153613464
2021-01-15,0.10421096737135817,0.2500738510573088,3.9988187320346125,0.4089292033736278
2021-01-19,0.10446276253902462,0.2500812377687854,3.998700617935033,0.40913176170363824
2021-01-20,0.10408678470806448,0.2500718729493165,3.998850363322051,0.406956721273046
2021-01-21,0.10352209136004667,0.25005802937286664,3.9990717454982403,0.4061986332154847
2021-01-22,0.1040608036467232,0.2500635384467164,3.998983643163476,0.4079055622783222
2021-01-25,0.10522975920667701,0.2500584922459223,3.999064342979965,0.41048295666655005
2021-01-26,0.10544116855919966,0.250038215779324,3.9993886409850607,0.4137787756327559
2021-01-27,0.10563421527577263,0.2500539209719774,3.9991374504863946,0.412606513914707
2021-01-28,0.10713015817997472,0.25010002346979443,3.99840026452766,0.4155531580795696
2021-01-29,0.10697224361759834,0.25014543338233763,3.9976744187511857,0.4151751456644017
2021-02-01,0.1,0.25,4.0,0.4
2021-02-02,0.10021928919859127,0.2500034091071505,3.9999454550293905,0.39915033163488073
2021-02-03,0.10168394765344749,0.250040215113649,3.9993566616693124,0.40103749832560065
2021-02-04,0.10122617410413998,0.2500222772990407,3.999643594974314,0.40079615409487607
2021-02-05,0.10186458872467852,0.2500461862364946,3.9992611567136493,0.3994147951551251
2021-02-08,0.10297542859881298,0.25008920070855006,3.998573297714618,0.39944574797173105
2021-02-09,0.10276553118543365,0.2500747747646881,3.9988039614989805,0.39948846737818827
2021-02-10,0.10385041385034573,0.25011159097461344,3.9982153410135277,0.4012241720936177
2021-02-11,0.10487169489610501,0.25013670486881856,3.9978139174913934,0.40356516319239305
2021-02-12,0.10486008514094503,0.2501369596399332,3.9978098456120943,0.4034860128152884
2021-02-16,0.10500499742072081,0.2501515409736965,3.9975768132691623,0.40298611232020926
2021-02-17,0.104608510651297,0.25013161375809867,3.9978952879066947,0.40282852816373027
2021-02-18,0.10305259009077351,0.2500781428022166,3.9987501058454615,0.401200829471131
2021-02-19,0.10253926361584019,0.2500632888692642,3.998987634377675,0.40091057333861263
2021-02-22,0.10211185224822546,0.2500475712420723,3.999239004932766,0.3999816497421443
2021-02-23,0.10139277203523414,0.2500526114036481,3.9991583946537848,0.39721435976861186
2021-02-24,0.10112790584389328,0.25004829430309594,3.9992274403913766,0.39640999893045886
2021-02-25,0.10077393354910234,0.25003984547448677,3.999362574002377,0.39714132402864355
2021-02-26,0.1007885156691935,0.25003661351378254,3.9994142695620774,0.39885059467262957
2021-03-01,0.1,0.25,4.0,0.4
2021-03-02,0.10021818711382939,0.25000089336349546,3.999985706235151,0.3998560307679102
2021-03-03,0.10134397827254374,0.2500209797918697,3.9996643514974273,0.40060975613310656
2021-03-04,0.10199400697352311,0.25003509083345643,3.999438625461099,0.4023375102457399
2021-03-05,0.10227510997676471,0.25003171442665284,3.9994926335369003,0.40403298505134067
2021-03-08,0.10294545208700952,0.2500591541155318,3.999053758047914,0.403876424498157
2021-03-09,0.10272721975037138,0.2500654340444465,3.9989533292404604,0.4024904625370608
2021-03-10,0.10253185801190944,0.25005196845154776,3.9991686775853905,0.40174055695339805
2021-03-11,0.10291925750314478,0.25007459656464065,3.998806810996952,0.40133162428832136
2021-03-12,0.10355895662300238,0.2500962500159547,3.9984605924167425,0.40141603131901715
2021-03-15,0.10362555400128139,0.2500722207331133,3.9988448019871767,0.40353923434781347
2021-03-16,0.1032605249483544,0.250062092437007,3.999006767696745,0.4046219111083057
2021-03-17,0.10384858921953603,0.25006619210967945,3.9989412065802092,0.4046322706683667
2021-03-18,0.10437695541716836,0.2501031542104504,3.998350213362546,0.4037923698967066
2021-03-19,0.10350971029743075,0.2500833915523692,3.998666180079348,0.4031806894362454
2021-03-22,0.10350969213019011,0.2500807765006573,3.998707993444557,0.4047145687733294
2021-03-23,0.10316410333698148,0.2500780245451734,3.9987519967767606,0.40421838482589095
2021-03-24,0.10371355410365159,0.25008350519738043,3.9986643629724474,0.40286797113151634
2021-03-25,0.10399464089062692,0.2500839669937875,3.9986569791770847,0.4031878625146465
2021-03-26,0.1058579597793513,0.2501909582743347,3.9969469995934017,0.40474202793941744
2021-03-29,0.1054608556464524,0.25017771947038203,3.997158508427397,0.4036820247073158
2021-03-30,0.10664540928788098,0.25025693489345324,3.9958932623615384,0.40449352845248854
2021-03-31,0.10754457172192751,0.25034255487462287,3.9945266217356545,0.40500385454453286
2021-04-01,0.10000000000000002,0.25,4.0,0.4000000000000001
2021-04-05,0.10030490502986089,0.2500051769698103,3.999917170198265,0.39943910517226866
2021-04-06,0.09962070268574444,0.2500019185982252,3.9999693026639807,0.3969580412218104
2021-04-07,0.10075727008250042,0.2500363280249676,3.999418836050672,0.3973906770419739
2021-04-08,0.10158490588149231,0.2500516369133665,3.999173979998629,0.3986913981496855
2021-04-09,0.10122115670859816,0.25005978840511606,3.99904361424126,0.3975985741043694
2021-04-12,0.10123931577995499,0.2501306082181446,3.9979113596840468,0.3931044177868026
2021-04-13,0.10045077640269293,0.2501164227344207,3.9981381033176806,0.390457153500684
2021-04-14,0.10086041989942399,0.25013872085929617,3.997781697150771,0.3900133271304459
2021-04-15,0.09983122941829269,0.2500843538303835,3.9986507939566547,0.3892386030749304
2021-04-16,0.09975324043110664,0.250060562591993,3.999031233212223,0.3894840477497583
2021-04-19,0.10071984254364817,0.25007950273353374,3.9987283606586748,0.39269057557285364
2021-04-20,0.09997346744875246,0.25007534491770617,3.9987948445260613,0.3886197836560674
2021-04-21,0.10040469435145871,0.25012192521406995,3.998050147519605,0.38756871149453437
2021-04-22,0.10197324960193047,0.2501708243336005,3.9972686769681394,0.3907877312891449
2021-04-23,0.10191136902647427,0.2501584497999731,3.9974664089883865,0.39086687666712316
2021-04-26,0.10242594315303435,0.2502290003424706,3.9963393476830076,0.3895833018753212
2021-04-27,0.10177878434651658,0.25024277925674254,3.996119300505475,0.38744614611757633
2021-04-28,0.09994376217609972,0.25014462157212025,3.9976873926577143,0.3849483149213613
2021-04-29,0.10005617191020678,0.2501376592872527,3.9977986635415887,0.38480364904839665
2021-04-30,0.10030839143620858,0.2501019555687379,3.998369375905022,0.3882312534696167
2021-05-03,0.10000000000000002,0.25,4.0,0.4000000000000001
2021-05-04,0.09993518715299739,0.25000160973128016,3.9999742444653554,0.39860225156573786
2021-05-05,0.10172669772606141,0.2500137698291629,3.99977969486765,0.40194693706203694
2021-05-06,0.10141396393989492,0.25001540532241323,3.9997535300291855,0.4013057591611493
2021-05-07,0.10210923171534829,0.2500267732036665,3.999571674611907,0.40411713382781633
2021-05-10,0.1025908118733429,0.25002102035904367,3.9996637025316755,0.4058695103777331
2021-05-11,0.10262405052177322,0.2500183687446581,3.999706121678174,0.40605471799400245
2021-05-12,0.10305485251711875,0.25001874163849613,3.9997001562623136,0.40703635361306206
2021-05-13,0.10461024402394357,0.25004125610825634,3.999340011182179,0.41088424061269607
2021-05-14,0.1045613341382209,0.25003482238565045,3.9994429194250913,0.41317710639348215
2021-05-17,0.10522576654403824,0.2500457752525138,3.9992677300391484,0.41282042816430464
2021-05-18,0.10490008972280575,0.25002372551503826,3.9996204277815735,0.41371315985630297
2021-05-19,0.10437733179047375,0.2500260762045559,3.999582824240547,0.41318458774262123
2021-05-20,0.10459420463646867,0.2500251163042955,3.9995981795002553,0.41272899853748674
2021-05-21,0.10570994792021943,0.25007100962708395,3.9988641685865174,0.41280806010609206
2021-05-24,0.10583496220608425,0.25009034985446016,3.9985549245780536,0.4136015838586245
2021-05-25,0.10578577730215022,0.25008603997749534,3.9986238339812474,0.415188075661333
2021-05-26,0.10540997619358472,0.2500270200934067,3.9995677252259116,0.41548673909894296
2021-05-27,0.10627325573009785,0.25005946247313954,3.9990488266662427,0.41648220167278427
2021-05-28,0.10646219416419878,0.2500467061886795,3.999252840569005,0.41787085653447165
2021-06-01,0.09999999999999999,0.25,4.0,0.39999999999999997
2021-06-02,0.10131073620283104,0.250010585360224,3.9998306414073026,0.40157024167780997
2021-06-03,0.10043238435584446,0.2500070600938782,3.999887041687934,0.3995008777094463
2021-06-04,0.10009500252404784,0.25001165885883603,3.999813466957673,0.3966228699570125
2021-06-07,0.09991298349000687,0.25001594513004866,3.9997448941900027,0.39625965084714204
2021-06-08,0.10060190913657005,0.2500381972721749,3.999388937008959,0.39704619781963946
2021-06-09,0.10076591845669078,0.25005017907451893,3.9991972959234876,0.39607294725582975
2021-06-10,0.10057156327032842,0.2500495513196321,3.9992073359960765,0.396909274420567
2021-06-11,0.1006203495727275,0.2500341847382648,3.9994531189677036,0.3957930704642072
2021-06-14,0.1005170430275883,0.2500666036896507,3.9989346247972657,0.395515605508371
2021-06-15,0.1003684189379329,0.25005149941232174,3.9991761791080194,0.39501732260773115
2021-06-16,0.10063731255032525,0.2500471345208027,3.99924598982679,0.3950521424389025
2021-06-17,0.10115531637872867,0.2500573499342218,3.9990826115011315,0.3958051787371343
2021-06-18,0.10112095529968797,0.2500589086063908,3.9990576843397565,0.39554770153628765
2021-06-21,0.10225657161950724,0.25007109146145956,3.9988628599804303,0.39780803783848945
2021-06-22,0.10165185540732613,0.2500631792301621,3.998989387716231,0.39621197466821595
2021-06-23,0.1012072414269445,0.25007840598518344,3.9987458975536163,0.39387130960497874
2021-06-24,0.10040664436573754,0.2500553645268353,3.9991143637019735,0.3916211880208085
2021-06-25,0.10025732332746297,0.2500724653715487,3.9988408900365573,0.39126578183494837
2021-06-28,0.10066967978439738,0.2500919063590271,3.998530038650748,0.3913015882537065
2021-06-29,0.10136109948199017,0.2501149054806031,3.99816235693139,0.39234773543596413
2021-06-30,0.10082167893498632,0.2500807344765688,3.9987086653957924,0.39303590367097657
2021-07-01,0.1,0.25,4.0,0.4
2021-07-02,0.10112192480099642,0.25000556751500413,3.999910921743712,0.40188238084177963
2021-07-06,0.1009560709370962,0.2500096644064747,3.999845375473822,0.3998534453191045
2021-07-07,0.10012895453655152,0.2500009907157145,3.9999841486113845,0.39963183540433905
2021-07-08,0.09964458265885238,0.25000199657982464,3.999968054977929,0.39666992005767104
2021-07-09,0.10010952823518371,0.25001243445309174,3.9998010586454398,0.3958367541751083
2021-07-12,0.10022279195917558,0.2500120204943855,3.999807681336894,0.39703060836814374
2021-07-13,0.10004552586336807,0.2500117471979576,3.9998120536640496,0.39703670648024214
2021-07-14,0.0994800572602751,0.25001819896262756,3.9997088377933596,0.3928076623400106
2021-07-15,0.09948833919458286,0.2500284452145452,3.99954492834572,0.3912704521585751
2021-07-16,0.09886274291688199,0.25002552492642377,3.9995916428703624,0.3898901605861855
2021-07-19,0.09891359809824032,0.2500265960364086,3.999574508682993,0.3895871783793698
2021-07-20,0.0985516944793396,0.25003552153914815,3.999431736116061,0.3878342983749972
2021-07-21,0.09899942981345301,0.2500879822215299,3.9985927796969953,0.3881469530783095
2021-07-22,0.0990716193676624,0.25006979796725126,3.998883544229353,0.3882577441817945
2021-07-23,0.09963188949584056,0.2501143745974797,3.9981708432765806,0.3895528729594645
2021-07-26,0.09947289446464769,0.2500928721009546,3.9985145981942725,0.3896414025989849
2021-07-27,0.09888158070338611,0.25007400519014233,3.998816267367157,0.38866190825718944
2021-07-28,0.09834580028582234,0.25003360540437486,3.999462385796973,0.3887841141600463
2021-07-29,0.09882435505907872,0.25004869766090043,3.999220989169614,0.3861045364998468
2021-07-30,0.09939279470928557,0.25007188603457764,3.9988501540782124,0.3865775004322635
2021-08-02,0.10000000000000002,0.25,4.0,0.4000000000000001
2021-08-03,0.10179438714308839,0.2500295152207727,3.9995278122145437,0.3997291278384928
2021-08-04,0.10197687152777903,0.2500169892943252,3.999728189762253,0.4029840978171353
2021-08-05,0.10232111134864656,0.2500295778986005,3.9995268096063024,0.40241481208111585
2021-08-06,0.10332852397281285,0.25004013877192227,3.999357882744436,0.4053303829000536
2021-08-09,0.10326294715310082,0.2500447076749786,3.999284805099147,0.40491273459496835
2021-08-10,0.10301866356337436,0.2500323032718835,3.9994832144253234,0.4042818020585477
2021-08-11,0.10391576093530576,0.25005905051807753,3.9990554148237356,0.40505012578776467
2021-08-12,0.1040119108971014,0.2500848027411262,3.9986436162422234,0.403757594998993
2021-08-13,0.1035950745678871,0.2500593448432893,3.999050707849747,0.4043794933313291
2021-08-16,0.10407465367425163,0.2500762092077944,3.9987810242639905,0.40516950946162666
2021-08-17,0.10554581550866154,0.2501442875879508,3.997692730234344,0.40662401680360816
2021-08-18,0.1050062494927983,0.2501229354312167,3.99803399986483,0.40591661245109356
2021-08-19,0.1042973283124291,0.25013419140870446,3.9978540893118413,0.4055626061825984
2021-08-20,0.10406526677080796,0.25012733759362343,3.9979636357249313,0.4062389421548846
2021-08-23,0.1039056975409258,0.2501003518264667,3.9983950150292253,0.40773775825447556
2021-08-24,0.1033592740618309,0.25003774102573667,3.999396234735095,0.4090207830216659
2021-08-25,0.10340641841807274,0.2500202661559934,3.9996757677878683,0.4098205426525334
2021-08-26,0.10303875520334042,0.25004118127772723,3.999341208075937,0.4056228959189991
2021-08-27,0.10298025506032021,0.2500371733357818,3.9994053150531843,0.4059940026286132
2021-08-30,0.10256126651781965,0.25000743641567036,3.999881020888387,0.40657501675664826
2021-08-31,0.10212717252164355,0.2500113662827919,3.999818147743266,0.40651139430038846
2021-09-01,0.10000000000000002,0.25,4.0,0.4000000000000001
2021-09-02,0.10038987730673882,0.2500049346443632,3.999921047248604,0.39941187506198905
2021-09-03,0.10214853304520317,0.2500523418485954,3.999162705724594,0.40187843248722194
2021-09-07,0.10250698598722412,0.2500802720340672,3.998716059712919,0.40281437892772537
2021-09-08,0.1024555925241782,0.2500642023063331,3.998973026834854,0.40309917186031247
2021-09-09,0.10301219326939595,0.25010897301342433,3.9982571914616036,0.404585648994735
2021-09-10,0.10324328177979948,0.25012643434616966,3.9979780730253456,0.4047049076734574
2021-09-13,0.10383315017408992,0.2501713488923797,3.997260295503249,0.4047115138874558
2021-09-14,0.10458699352278993,0.25022340651807096,3.9964286871291583,0.4049469224586728
2021-09-15,0.1047624265085072,0.2501622460302357,3.997405747145138,0.4073626649761577
2021-09-16,0.10544648630994753,0.25019632540423614,3.9968612583910823,0.40943013834456055
2021-09-17,0.10538737090103084,0.25021626092468974,3.996542815820354,0.4103033023286348
2021-09-20,0.10518030043017837,0.25018040331255237,3.997115628399927,0.4099489823409075
2021-09-21,0.103829030003236,0.2501343370492366,3.9978517615642644,0.40835505337766603
2021-09-22,0.10432034812267464,0.25015936498826497,3.997451784573047,0.407437481939102
2021-09-23,0.10351076558810286,0.25009875789065816,3.99842049770273,0.4082917472919351
2021-09-24,0.10454686913036866,0.25012272131872115,3.9980374223009547,0.40901384125724305
2021-09-27,0.10509065379837784,0.2501463121153593,3.997660375415939,0.40998854230456266
2021-09-28,0.10526136823048934,0.2500887230118976,3.9985809354243713,0.4108632063248948
2021-09-29,0.1051601429508068,0.25009300649781696,3.9985124494423996,0.4103046485167803
2021-09-30,0.1054877405727052,0.2500733358918841,3.9988269698307093,0.41174279247073187
2021-10-01,0.1,0.25,4.0,0.4
2021-10-04,0.1006316432324159,0.25001637619470407,3.999737998047115,0.3991607823310627
2021-10-05,0.1005912634896424,0.25002333142851785,3.999626731979219,0.39732370681215673
2021-10-06,0.10066631247110286,0.25003390197233843,3.99945764199061,0.39601253509598017
2021-10-07,0.1005697680245194,0.2500152129860764,3.999756607033713,0.39788768342670644
2021-10-08,0.0995336567968674,0.25002738197722524,3.9995619363445924,0.3926127501799278
2021-10-11,0.09870744407749427,0.25001386685880805,3.999778142564934,0.3903990523217585
2021-10-12,0.09911523400128124,0.25003660815751677,3.9994143552372345,0.3901325304967951
2021-10-13,0.09989593576091393,0.2500409947259211,3.9993441919239516,0.3911300890102674
2021-10-14,0.09931208325660314,0.25003663726589137,3.9994138896396625,0.38960302647096284
2021-10-15,0.09788599791554596,0.2500278808453659,3.999553956218456,0.3869391267458918
2021-10-18,0.09848757990293092,0.2500158911397927,3.999745757924102,0.39010893696004273
2021-10-19,0.09894147501907034,0.25004582811822745,3.9992668844975765,0.38841578135708166
2021-10-20,0.10098670830169072,0.25012151152712925,3.998056760070138,0.3917499449774505
2021-10-21,0.10066520042277353,0.25009971072500226,3.9984052644489156,0.3920199925235224
2021-10-22,0.1025439384578508,0.2502022640922385,3.996766390696386,0.39402113015922113
2021-10-25,0.10181897496392317,0.25011101114205414,3.9982246100793843,0.3952937929218004
2021-10-26,0.10154588459342137,0.250113095979481,3.9981912825629844,0.3941229386692499
2021-10-27,0.10133038594121156,0.2501131566997567,3.998190311917217,0.3929147370388296
2021-10-28,0.10169612314428784,0.2501155904456673,3.9981514075878066,0.39274795244508875
2021-10-29,0.10159912164264753,0.2501302941399073,3.9979163796955453,0.3924974023868248
2021-11-01,0.1,0.25,4.0,0.4
2021-11-02,0.10118010082081122,0.2500071175051826,3.999886123159154,0.40135457154743837
2021-11-03,0.10051746503542357,0.25000280809515363,3.999955070982202,0.4005660301197316
2021-11-04,0.10095969656212142,0.250003378945029,3.9999459376102315,0.40238743514087594
2021-11-05,0.10130982045889399,0.2500037995249339,3.9999392085249723,0.4033197402697826
2021-11-08,0.10195939621929916,0.25004098716251527,3.9993443128987707,0.40295645591400503
2021-11-09,0.10241976417297424,0.2500671448238879,3.9989259712796703,0.4023979094855001
2021-11-10,0.1027445667506968,0.250093077328837,3.9985113169891604,0.402132278576303
2021-11-11,0.10196717631053914,0.25005872366645354,3.99906064198693,0.403030647476721
2021-11-12,0.10189131082776101,0.25013864888296133,3.997782847495491,0.4005368044393106
2021-11-15,0.1018105913822529,0.2501485354542662,3.9976248439112956,0.39870117958643786
2021-11-16,0.10178909013557827,0.25008765541629374,3.9985980049091534,0.3994481351714869
2021-11-17,0.1022435906345467,0.25013020945904213,3.9979177331786713,0.39872665919847183
2021-11-18,0.10172746326454235,0.2501091533116999,3.9982543092045275,0.3976356484935073
2021-11-19,0.10192094645046666,0.250167746183181,3.997317860743596,0.3976606934407885
2021-11-22,0.10271437719124281,0.2502602103574144,3.9958409631792,0.3977513680740839
2021-11-23,0.10167928950888837,0.2501850401905313,3.9970415466825617,0.3957833199943526
2021-11-24,0.10228662607542899,0.25020281921477977,3.9967575231099906,0.3961787471519416
2021-11-26,0.10303159465558762,0.2502469520678159,3.996052666123998,0.39717409587122415
2021-11-29,0.10283559191004832,0.2503017372381006,3.995178024069188,0.396268052245062
2021-11-30,0.10360985976026266,0.25036099837373704,3.994232354462844,0.39616464097469173
2021-12-01,0.1,0.25,4.0,0.4
2021-12-02,0.10080659868100623,0.25000585138046694,3.9999063801037513,0.40130713843699306
2021-12-03,0.10236704564104614,0.2500365092024724,3.999415938054985,0.40249894782311463
2021-12-06,0.10251505085217855,0.25004650941595113,3.999255987759081,0.40210677898420133
2021-12-07,0.10237964076390862,0.25002626543231893,3.9995797972301266,0.40321609408111203
2021-12-08,0.10189260316719922,0.25001367209693454,3.999781258411672,0.403806784139783
2021-12-09,0.10261397322334567,0.2500223564463492,3.999642328843437,0.40507895842843766
2021-12-10,0.10299125933092443,0.25001798385534535,3.999712279011805,0.40782912141236294
2021-12-13,0.10361471435540244,0.250022635167149,3.999637870113098,0.40782448077513106
2021-12-14,0.10363224816416701,0.2500308550090618,3.9995063807775133,0.4085074644284212
2021-12-15,0.10349243372188462,0.25001232084984865,3.9998028761173567,0.4096577110458139
2021-12-16,0.1029833625712209,0.2500014039334913,3.9999775371902846,0.41095996955320224
2021-12-17,0.1036943528463791,0.2500041333725798,3.99993386713213,0.4128040210008167
2021-12-20,0.10472627834880928,0.25001391881999,3.9997773112784167,0.4140521613293945
2021-12-21,0.10353199491480651,0.25000175219744375,3.9999719650373913,0.4123520865957541
2021-12-22,0.10276785055283695,0.2500011021187228,3.9999823661781737,0.4100876412928008
2021-12-23,0.10255391958336207,0.25000264259473387,3.999957718931185,0.4087205591733274
2021-12-27,0.10319878225481896,0.25000941783128244,3.999849320375782,0.40986286236493297
2021-12-28,0.10291523068958534,0.2500077815666849,3.999875498808299,0.40832360286618236
2021-12-29,0.10461863918144594,0.2500529714129003,3.99915263693767,0.40854460599770465
2021-12-30,0.10492319442271134,0.2500415128415846,3.9993359048085604,0.4109048877611261
2021-12-31,0.10592334942158863,0.2501704415047893,3.9972747938763016,0.40887401373898324
2022-01-03,0.10000000000000002,0.25,4.0,0.4000000000000001
2022-01-04,0.10070330126288994,0.2500022380823619,3.9999641910027837,0.4007510361313332
2022-01-05,0.10093691227267491,0.2500122399864194,3.999804169805125,0.39917227692498214
2022-01-06,0.10254990160345247,0.25005217113340444,3.9991654360261224,0.4012749794051492
2022-01-07,0.10189498031037153,0.25005761879727795,3.999078311669845,0.4003744517511695
2022-01-10,0.10170595233320141,0.2500982540730648,3.9984285524354584,0.39700671360349604
2022-01-11,0.1012935302218142,0.2501245902689827,3.998007548656472,0.39520374271298925
2022-01-12,0.1007616835687702,0.25010120887882825,3.9983813132406363,0.3938340291701408
2022-01-13,0.10084395765147365,0.2501150315474495,3.9981603417157645,0.3928769833414174
2022-01-14,0.100731417611048,0.25008909130033474,3.9985750469983077,0.3923220067002585
2022-01-18,0.10077792583452751,0.25008611524104374,3.998622630593294,0.3918552828577737
2022-01-19,0.10120329256811292,0.2501073457377887,3.9982832053577306,0.3923812683198878
2022-01-20,0.1023061444331524,0.25015565113177757,3.9975111314723715,0.39308860773263665
2022-01-21,0.1016518025688277,0.25009670597526557,3.998453302695236,0.39468629795564164
2022-01-24,0.10221694811755148,0.25008802865123125,3.998592037344514,0.39685094068091914
2022-01-25,0.10177508859172645,0.2500691759757934,3.9988934905627853,0.39706472230884504
2022-01-26,0.10121020723962021,0.25006514840190763,3.998957897134823,0.39432927142730767
2022-01-27,0.10162513126601487,0.25007790295164023,3.9987539410604334,0.39509314251049266
2022-01-28,0.10123443142192572,0.2500915413621919,3.998535874317167,0.3924851090147554
2022-01-31,0.10093499444613077,0.25006356128353024,3.9989832779601473,0.393124333550963
2022-02-01,0.1,0.25,4.0,0.4
2022-02-02,0.10132165747217556,0.25000658851577584,3.99989458652566,0.4025411222138051
2022-02-03,0.1035088673473752,0.25005294977371334,3.999152983018017,0.4046157371395387
2022-02-04,0.10376296640284231,0.2500533463707496,3.9991466401626075,0.4056360923114935
2022-02-07,0.10319687981407802,0.2500742261222057,3.9988127345491504,0.4042056370839516
2022-02-08,0.10261137790216304,0.25005633663176785,3.9990988169701804,0.4038578918996875
2022-02-09,0.10313823396274514,0.2500590925248382,3.9990547430330716,0.4045945028375402
2022-02-10,0.10438947011328269,0.2500876320072951,3.9985983791906583,0.4060487551039383
2022-02-11,0.10551378517200102,0.2501413652970505,3.9977394335098055,0.4075230668925548
2022-02-14,0.10617283279435837,0.2502109659408408,3.9966273909690964,0.40658449516877054
2022-02-15,0.10519488693779129,0.250135659373564,3.9978306272059925,0.4076169138624627
2022-02-16,0.10429543965962919,0.25007964485271794,3.998726088198584,0.40952408739805113
2022-02-17,0.10393385385668862,0.25007274670199076,3.998836391362911,0.408118820516402
2022-02-18,0.10388842210422408,0.2500764812741192,3.9987766738602604,0.40894172993685335
2022-02-22,0.1044835215162273,0.25006442669529716,3.998969438457943,0.4105066313876602
2022-02-23,0.10428093815656429,0.25004716999535015,3.9992454224480762,0.40970050131039
2022-02-24,0.10474963176780133,0.2500674048277024,3.998921813456674,0.4098676404792322
2022-02-25,0.10472831467129169,0.2500618783306148,3.999010191700904,0.4089788160247358
2022-02-28,0.10525379487614418,0.25008973361844417,3.998564777255814,0.4086451460657313
2022-03-01,0.10000000000000002,0.25,4.0,0.4000000000000001
2022-03-02,0.09983995349894528,0.25000224594045706,3.999964065275516,0.39812940190164514
2022-03-03,0.10063478523378591,0.25001898299779923,3.9996962950961303,0.3996846752309329
2022-03-04,0.1012762321371883,0.2500328434741592,3.999474573440787,0.3985800136941772
2022-03-07,0.10039166328579645,0.2500175163965713,3.9997197572902286,0.39807314348556505
2022-03-08,0.10143166507539354,0.2500402639881473,3.9993558799290145,0.3991556669516131
2022-03-09,0.1019569955179983,0.25001461095247957,3.9997662384222443,0.40275055300445406
2022-03-10,0.1016480715205647,0.2500339391226108,3.9994570477475198,0.40008193931202884
2022-03-11,0.10329087773685867,0.2500917588004996,3.9985323978536567,0.40248435907057234
2022-03-14,0.10302245082705913,0.2500777308162959,3.998756693512178,0.40288842271736564
2022-03-15,0.10284276910459247,0.25007662468365977,3.9987743807122045,0.4042198629246887
2022-03-16,0.10258616259886144,0.25004844343025134,3.9992250552799007,0.4045373166914136
2022-03-17,0.102526414644132,0.2500198817671525,3.999681917021767,0.40552829745245467
2022-03-18,0.10273735236105497,0.25005092927385264,3.999185297587167,0.40515389508275196
2022-03-21,0.1032043142055343,0.2500621488052075,3.999005866253578,0.40692364842378415
2022-03-22,0.10349632814716112,0.25008012156864623,3.9987184656158408,0.40737663264973745
2022-03-23,0.1034677794665581,0.25005680482466797,3.999091329272838,0.4085151947903316
2022-03-24,0.10356423340400597,0.2501018920360369,3.998370391599881,0.40787964763584394
2022-03-25,0.10357312086245936,0.2500578340474293,3.999074869257352,0.40761985558315467
2022-03-28,0.10391736504043046,0.25004917396134085,3.9992133713451348,0.4073152702242477
2022-03-29,0.10350696599092334,0.2500373625053868,3.999402289241697,0.4078948009185183
2022-03-30,0.10439842126012817,0.2500768953357057,3.998770052937478,0.4099965353981
2022-03-31,0.10589025544826301,0.25014281826333506,3.997716212452924,0.4113485095846159
2022-04-01,0.10000000000000002,0.25,4.0,0.4000000000000001
2022-04-04,0.10028882064272436,0.2500136754575331,3.9997812046479764,0.3975342605675996
2022-04-05,0.1003440711104065,0.25001411645620775,3.9997741494535135,0.3980232096765099
2022-04-06,0.0997671094987177,0.250030618063226,3.9995101709788474,0.3956670342904395
2022-04-07,0.10088166086257445,0.2500841899932742,3.998653413584018,0.3948010755127638
2022-04-08,0.10145375252618578,0.25014370700352706,3.9977020088932314,0.3955138956519771
2022-04-11,0.10181853964266739,0.2501429426199956,3.9977142250187288,0.3990042106358452
2022-04-12,0.10337421267916165,0.2501315118739735,3.9978969163383185,0.4031199027508099
2022-04-13,0.10410284444534267,0.2501292576272996,3.9979329466928304,0.4034089029826998
2022-04-14,0.1050852661639632,0.25019147980538886,3.996938667846918,0.4063488296111556
2022-04-18,0.10507859873528061,0.2501930779175856,3.9969131373386886,0.4069434756389485
2022-04-19,0.10479485042214687,0.2502662202187542,3.995745007560005,0.40535679483921105
2022-04-20,0.10459676368673666,0.25026845184156854,3.9957093778365884,0.40470404839053087
2022-04-21,0.10479526281345522,0.2502166678670069,3.996536316003983,0.4038700025988429
2022-04-22,0.10523841629093568,0.2502254174831233,3.996396569375075,0.4046881484110941
2022-04-25,0.1054697575418978,0.25021281504296294,3.9965978554227704,0.4047207827788115
2022-04-26,0.10546179970828651,0.2502281389359936,3.996353105019065,0.40316651430132666
2022-04-27,0.1052433180675952,0.25026079123497624,3.99583168847682,0.4019193516921583
2022-04-28,0.10609672710427145,0.2503024672128602,3.9951663726494075,0.40306984989983874
2022-04-29,0.10645152832330261,0.2503930689027326,3.9937207702360915,0.4034966467018019
2022-05-02,0.1,0.25,4.0,0.4
2022-05-03,0.10093854548971927,0.25001214748050177,3.999805649755435,0.4002610245288798
2022-05-04,0.10252436784642079,0.25007277145146234,3.9988359956017607,0.4022550648350736
2022-05-05,0.10324181334772214,0.2500664029872792,3.998937834327427,0.4040766521926034
2022-05-06,0.10249064338568437,0.25004267565188815,3.999317306107417,0.403950170957486
2022-05-09,0.1028528019000787,0.25004579652678477,3.9992673897754587,0.4052524680378979
2022-05-10,0.103184674205358,0.2500598324364883,3.999042910076275,0.4066363197247349
2022-05-11,0.10330331101397333,0.25003222391371277,3.99948448382839,0.4088282698952358
2022-05-12,0.1040616782328815,0.25007661326217867,3.9987745633439404,0.41037537079007735
2022-05-13,0.10532135715054847,0.25007307839934556,3.9988310872995476,0.41215710787255316
2022-05-16,0.10574282008728018,0.25008326248173346,3.9986682438335586,0.4131726552715334
2022-05-17,0.10666726534848447,0.2500954141348635,3.998473956266754,0.41491212280094336
2022-05-18,0.10786470457289643,0.2501161054180634,3.9981431756604504,0.417093470119597
2022-05-19,0.1080190733721053,0.25010475087978906,3.998324687885047,0.41788026276101986
2022-05-20,0.10769749573482809,0.25011115061708067,3.9982223804607444,0.4166194497560099
2022-05-23,0.10818968037837923,0.2500996772711832,3.9984057992833772,0.41927533059010813
2022-05-24,0.10718625822720868,0.2500726546424939,3.9988378634585575,0.4168557781630878
2022-05-25,0.10681420226509492,0.25007062856430495,3.9988702621381735,0.41679552371601297
2022-05-26,0.10886407115157402,0.2501425820076204,3.9977199882326944,0.418628581006181
2022-05-27,0.10886160270380155,0.2501469934336156,3.9976494871019965,0.4194024264627472
2022-05-31,0.10972366071741968,0.2501248099270991,3.9980040376300856,0.42311833029855084
2022-06-01,0.10000000000000003,0.25,4.0,0.40000000000000013
2022-06-02,0.10017125118864437,0.25000289645952495,3.999953657184521,0.3991303190733019
2022-06-03,0.1010390343848988,0.2500134679326115,3.9997845246862442,0.399375412877146
2022-06-06,0.10066050061471696,0.2500067546608442,3.9998919283464422,0.39943950214160145
2022-06-07,0.10103409378572042,0.25002215432653124,3.9996455621848246,0.3998646797946121
2022-06-08,0.10185906680351713,0.25002545007246096,3.9995928402896013,0.4017972743789649
2022-06-09,0.10274710230913846,0.25004398457141397,3.9992963706527176,0.4021349018454939
2022-06-10,0.10283890765579852,0.25006298015592693,3.9989925712972365,0.40163093425781127
2022-06-13,0.10175880716772127,0.250032180089874,3.99948518482921,0.400263034610044
2022-06-14,0.10305833358732769,0.25006827744420856,3.998907859167002,0.40158336824103463
2022-06-15,0.1031721069262768,0.2500721761495193,3.998845514912844,0.401567880001786
2022-06-16,0.10340149246793608,0.2501069053395263,3.9982902456950375,0.4015308107769693
2022-06-17,0.10294637509679994,0.25007383932032834,3.9988189197154083,0.4002353206095682
2022-06-21,0.10309732783676753,0.2501001679862774,3.9983979541144032,0.4004310781902722
2022-06-22,0.10224014095187571,0.2500575194693931,3.9990799001843236,0.39996393519894186
2022-06-23,0.10311582663489673,0.25007226772396435,3.998844050567908,0.4010955753728702
2022-06-24,0.10293478200604533,0.250083184026843,3.9986694982764766,0.39915382471502714
2022-06-27,0.10218211766853148,0.2500533611192217,3.999146404287743,0.3990979239011581
2022-06-28,0.10107280720337651,0.2500326029813115,3.999478420319226,0.3973271063081913
2022-06-29,0.09981006187545602,0.25003837484339797,3.9993860967393986,0.39533071444164686
2022-06-30,0.10017991450291994,0.25003612952606297,3.9994220111128507,0.3937687022022522
2022-07-01,0.1,0.25,4.0,0.4
2022-07-05,0.10114949273211876,0.25000678767750095,3.999891400108549,0.4019733287244068
2022-07-06,0.10109799113042643,0.2500100394819954,3.999839374738451,0.4014568340219117
2022-07-07,0.10157236307136353,0.2500088767890525,3.999857976418014,0.4034358889133927
2022-07-08,0.10224892431189318,0.2500160372644593,3.9997434202280018,0.4042033550362688
2022-07-11,0.1028309404635188,0.25002518402971363,3.9995970961115557,0.40455180380590955
2022-07-12,0.10364473476288098,0.250073680289276,3.998821462711457,0.4033286979957122
2022-07-13,0.1035510699413242,0.25005442005334116,3.999129468643993,0.40441633264707955
2022-07-14,0.10408750557907759,0.25006315131999046,3.9989898340534045,0.4067112874323219
2022-07-15,0.10328052879396814,0.25008056795259914,3.9987113280610527,0.4047753959773605
2022-07-18,0.1021485734201923,0.2501136940059137,3.998181722814249,0.4015807562326266
2022-07-19,0.1029913055452146,0.2501691760036072,3.9972950144168875,0.4021000190288005
2022-07-20,0.10236029758249493,0.2500797436992125,3.9987245076625095,0.4021427440684741
2022-07-21,0.10166898373600837,0.2500213621107271,3.999658235431616,0.4027358834367678
2022-07-22,0.10260927966910925,0.25006647741503935,3.998936644115972,0.4023823581912618
2022-07-25,0.10234799987128759,0.2500801557702753,3.9987179187404385,0.4015798127802547
2022-07-26,0.10277218770455074,0.2501034702494924,3.9983451609145733,0.40306981844701395
2022-07-27,0.10412731273815862,0.25010270264418444,3.9983574324771602,0.40489725359404743
2022-07-28,0.10420117689542895,0.250106124820934,3.9983027233577753,0.4054739062760993
2022-07-29,0.1040224600137945,0.25009901567967263,3.9984163763395304,0.40677239218889566
2022-08-01,0.10000000000000002,0.25,4.0,0.4000000000000001
2022-08-02,0.09992619200061395,0.25000299334299186,3.9999521070855697,0.39824005026135345
2022-08-03,0.10032929502162913,0.25000558068054984,3.999910711104374,0.39942767975838855
2022-08-04,0.10037031190532474,0.2500034413066172,3.99994493985204,0.3990240759509346
2022-08-05,0.1011229043027957,0.2500153196960822,3.999754899882122,0.39928597692085055
2022-08-08,0.10123441304332613,0.2500177116819907,3.9997166331637617,0.4010205925393404
2022-08-09,0.10068022852772417,0.2500342472209781,3.999452119517886,0.3968440051732482
2022-08-10,0.09952342113659068,0.250009810113344,3.999843044345507,0.3945689030246737
2022-08-11,0.0989526652915356,0.25000831140588653,3.9998670219267547,0.3926225164055642
2022-08-12,0.09891304480277403,0.2500146277873985,3.999765969095041,0.39192124254079475
2022-08-15,0.09896597090343033,0.25001200889505626,3.9998078669083243,0.3923668541704736
2022-08-16,0.0983328699256009,0.2500064894246611,3.999896171900561,0.3912567035835339
2022-08-17,0.09830681600409927,0.2500166322745181,3.9997339013110165,0.3881615315194906
2022-08-18,0.09747754963350855,0.2500195181676946,3.999687733696351,0.3858515226799688
2022-08-19,0.09862073915399888,0.25003800507396706,3.999392011243158,0.3878956619668421
2022-08-22,0.0995704756995218,0.2500740064040142,3.9988162479567,0.3908846368170063
2022-08-23,0.09955017729579857,0.2500616905331019,3.9990131949764813,0.3912884324838932
2022-08-24,0.09890724480912093,0.25009643616230937,3.998457616369283,0.39048589258991534
2022-08-25,0.09921200012911637,0.25008426797712746,3.9986521666827093,0.3882738741107734
2022-08-26,0.0991677281797932,0.2501024100642707,3.9983621099173834,0.3858284669569671
2022-08-29,0.09921909235969271,0.2501338831505565,3.997859016157744,0.38660273704865117
2022-08-30,0.09857141343233106,0.25011538467219974,3.9981546969235664,0.38536088780131567
2022-08-31,0.09859701634862482,0.2501421292521151,3.9977272240779267,0.3843219132673803
2022-09-01,0.1,0.25,4.0,0.4
2022-09-02,0.09961594348759122,0.25000450837792404,3.999927867254022,0.3968455262682618
2022-09-06,0.09966418485181704,0.2500005532926158,3.99999114733774,0.39769099335853786
2022-09-07,0.10049407697624804,0.25001207904884165,3.9998067445559013,0.39757462303697466
2022-09-08,0.10000282573685405,0.2500153324991447,3.999754695058236,0.39697530530289993
2022-09-09,0.10006085357277907,0.25003239862869087,3.999481689111194,0.39451914860091747
2022-09-12,0.09972407324916321,0.25001600812890173,3.9997438863371744,0.3941907170779765
2022-09-13,0.09878367247179068,0.25001859548276895,3.9997024944047377,0.3925142732175837
2022-09-14,0.0991338622415739,0.2500153828695278,3.9997538892311146,0.3923531982162107
2022-09-15,0.09943239973260633,0.2500146855889205,3.999765044379119,0.39307600288454136
2022-09-16,0.09810325838965456,0.2500097450918325,3.9998440846083194,0.38971952026562834
2022-09-19,0.09817230818969015,0.250011332023261,3.999818695845996,0.38857613511684186
2022-09-20,0.09844704588893796,0.2500075190374429,3.999879699019104,0.3902931783006124
2022-09-21,0.09875983418848029,0.25001248235472284,3.999800292295724,0.391667730665514
2022-09-22,0.09877745988677762,0.25001993472790307,3.999681069784699,0.3910614544142443
2022-09-23,0.09952437408033574,0.25001601409058216,3.9997437909625044,0.3931159637628574
2022-09-26,0.09998065502973359,0.2500222266348206,3.9996444054575506,0.39473143364506996
2022-09-27,0.09988121465796738,0.2500325639906613,3.9994790440070433,0.39363565256428995
2022-09-28,0.09988270525423051,0.2500365047145588,3.9994160098406355,0.394406023597776
2022-09-29,0.10174019326795386,0.25005376934066836,3.999139875542606,0.39765880091086236
2022-09-30,0.10221725460429779,0.25006981336992656,3.9988832979241153,0.3996282497889536
2022-10-03,0.10000000000000002,0.25,4.0,0.4000000000000001
2022-10-04,0.1003752863520867,0.2500073238185535,3.9998828223358958,0.3989879259803313
2022-10-05,0.10094460094894984,0.25000325108615584,3.9999479832979494,0.40211710121241273
2022-10-06,0.10090607134862703,0.2500036992081709,3.9999408135450376,0.4010117631100282
2022-10-07,0.10031653781919418,0.2500046481604696,3.9999256308152065,0.39934044120864776
2022-10-10,0.0999144447997425,0.2500062322652211,3.9999002862422324,0.3978882229746094
2022-10-11,0.0998486314853123,0.2500033188631948,3.9999468988938243,0.3978540910506543
2022-10-12,0.10008350332059504,0.25000392081673983,3.999937267916007,0.3980138397365165
2022-10-13,0.10015171712120999,0.2500141639891652,3.999773389012219,0.39743853031500614
2022-10-14,0.09981663645330252,0.25000520208324767,3.9999167683999484,0.39666496001767415
2022-10-17,0.10032846583840199,0.25001510708912966,3.999758301179388,0.3967261272412164
2022-10-18,0.10034190365705864,0.25001373448434605,3.999780260322508,0.39771178319140976
2022-10-19,0.10199188477375076,0.2500426060189391,3.999318419854641,0.3997499662894789
2022-10-20,0.10307139806417707,0.250078660964215,3.998741820451026,0.4004474476750778
2022-10-21,0.10328362826066882,0.2500618253450561,3.9990110390505103,0.40259926937186635
2022-10-24,0.1019000501889705,0.2500244485302733,3.999608861766647,0.40207294338891714
2022-10-25,0.10198034287847821,0.2500521709011916,3.9991654397399783,0.40090796231908843
2022-10-26,0.10292782750576719,0.2500810841184439,3.998703074745062,0.40109386554727733
2022-10-27,0.10227764893542718,0.2500823410731142,3.9986829766106493,0.3974532847574881
2022-10-28,0.10177296284279053,0.2500936949061363,3.9985014431304,0.39459672348596814
2022-10-31,0.09993234951661191,0.25005168692459145,3.9991731801496377,0.3913332918074893
2022-11-01,0.10000000000000002,0.25,4.0,0.4000000000000001
2022-11-02,0.10006914135349176,0.2500074891109135,3.999880177814831,0.39782014927046094
2022-11-03,0.10066191134033513,0.2500098371780037,3.999842611344982,0.39901345729849874
2022-11-04,0.10005270258689114,0.2500101310518137,3.9998379097395604,0.3985265493041015
2022-11-07,0.1007894650344671,0.25001067489391127,3.9998292089901235,0.40000185578350916
2022-11-08,0.10057325624970179,0.25000252820977703,3.9999595490526416,0.40023507755737453
2022-11-09,0.10137771708623883,0.25001320360585266,3.9997887534632213,0.40122909142873076
2022-11-10,0.10164195545627853,0.2500407224689591,3.999348546611816,0.40045732550312435
2022-11-11,0.10162430827669276,0.250045473116535,3.9992725624508494,0.4018672441617486
2022-11-14,0.10207174626214155,0.25007841637952244,3.9987457313484676,0.4033328750861344
2022-11-15,0.10274665906907654,0.25013533510147723,3.99783580993989,0.404119033041244
2022-11-16,0.10480964348832185,0.25023029158758336,3.99631872566471,0.40496965834326526
2022-11-17,0.10538140513974151,0.2502814005814115,3.995502652921746,0.4067057248803342
2022-11-18,0.10492338150892999,0.25033926243139876,3.9945791574505143,0.4056042153190533
2022-11-21,0.10454262857902383,0.25029559461209555,3.9952760716775115,0.40433633942236713
2022-11-22,0.1049904621966676,0.25035034922918364,3.994402256992853,0.4044566726316031
2022-11-23,0.10436560380273309,0.25034617456343955,3.994468865936646,0.4050551664531338
2022-11-25,0.10533269804807494,0.25040965280071525,3.993456277805053,0.40627862402976433
2022-11-28,0.1051889614434137,0.2505139959215028,3.9917929388398106,0.4037962111557601
2022-11-29,0.10546848674910175,0.25056514295082005,3.990978107422851,0.403312030130514
2022-11-30,0.10514983943900744,0.2505706667055485,3.9908901275149002,0.40371122950031424
2022-12-01,0.10000000000000002,0.25,4.0,0.4000000000000001
2022-12-02,0.10120246235015092,0.250003220960194,3.999948465300861,0.402842062191982
2022-12-05,0.10151428848292832,0.250002292639312,3.9999633181074015,0.40513223697487255
2022-12-06,0.10194061603774994,0.25001131927999015,3.9998188997198567,0.403973547437778
2022-12-07,0.10251848338039121,0.25000575009491577,3.999908000597369,0.407621654472458
2022-12-08,0.1034647712016394,0.2500259391488681,3.999585016675367,0.40693679164936153
2022-12-09,0.10397895422281742,0.25003216732128475,3.999485389074064,0.40861310595644795
2022-12-12,0.10543694395952545,0.2500821587757228,3.9986858914506334,0.409567088773757
2022-12-13,0.1050953245162016,0.2500557950474475,3.9991074784339724,0.409864620145747
2022-12-14,0.10573584877478735,0.25011580399773975,3.9981479939149978,0.4088161685282403
2022-12-15,0.10534554516515962,0.2501080045667233,3.9982726731691716,0.40857423932798
2022-12-16,0.10383441501620325,0.2500612527583142,3.9990201959297806,0.4065481397797138
2022-12-19,0.10561381270295903,0.2501356149110121,3.997831337835512,0.4080494398495511
2022-12-20,0.10649508374954028,0.25015194130130425,3.9975704157958742,0.41089894452915476
2022-12-21,0.10651785403416038,0.25014817790544275,3.9976305579087805,0.4103461682781989
2022-12-22,0.10633003119427092,0.250128745257294,3.9979411361591155,0.41095746073654427
2022-12-23,0.10546932550281882,0.2501042236018681,3.9983331172841923,0.40989935817268985
2022-12-27,0.10491995930129078,0.2501715675859841,3.9972568012002387,0.4078412495573807
2022-12-28,0.1051692482605769,0.2501764105693824,3.9971794212095233,0.4096293718681944
2022-12-29,0.10497787315339822,0.2501953924384692,3.996876162481413,0.4106529964386303
2022-12-30,0.10607057141381901,0.25021228804187,3.9966062731206153,0.41216434798462726
2023-01-03,0.10000000000000002,0.25,4.0,0.4000000000000001
2023-01-04,0.10079631644428232,0.2500029923005548,3.9999521237641638,0.4011300694717455
2023-01-05,0.10121992043564196,0.25000642930736633,3.999897133727574,0.4027462631449946
2023-01-06,0.10224426054268333,0.250018085785884,3.999710648358463,0.403265895573112
2023-01-09,0.10153001700382543,0.25001109536391947,3.9998224820557935,0.4023644993393698
2023-01-10,0.10206893199605406,0.2500237670855954,3.9996197627789956,0.4029404889404279
2023-01-11,0.10219576466153366,0.25003418344980083,3.99945313957749,0.4032228393086513
2023-01-12,0.10148771195029833,0.25003030076041305,3.9995152465869794,0.4020766786095026
2023-01-13,0.10180172605703745,0.25003067365179577,3.999509281779747,0.4031465224251423
2023-01-17,0.10242871465701776,0.2500363284139488,3.9994188298287816,0.4045190501788445
2023-01-18,0.10256761273644475,0.25004783295162425,3.999234819177441,0.40513529931398606
2023-01-19,0.10262404718279085,0.25004122766774767,3.9993404660802185,0.40687911682892547
2023-01-20,0.10400536663260404,0.2500318372526344,3.9994906688206715,0.40972173583052857
2023-01-23,0.10463458470648598,0.2500723910497925,3.998842078495933,0.4089602611984666
2023-01-24,0.10477404655468331,0.250104699790074,3.9983255046360684,0.4098061503194954
2023-01-25,0.1045134302574697,0.2500868006876399,3.998611671029399,0.41024321348858106
2023-01-26,0.10435676138176546,0.2500933457202955,3.998507025926233,0.4110179931693959
2023-01-27,0.10409197848241608,0.2500786903379443,3.9987413507670255,0.4096219367393043
2023-01-30,0.10526535936116051,0.2500762952385212,3.9987796486116616,0.41283317108164064
2023-01-31,0.10560005134182848,0.25009908327764363,3.9984152956285146,0.413199341807552
2023-02-01,0.10000000000000002,0.25,4.0,0.4000000000000001
2023-02-02,0.10112949090219064,0.25000640998838614,3.9998974428153833,0.4013383843285849
2023-02-03,0.09991158452690126,0.2500032296314086,3.9999483265650073,0.3973129277329841
2023-02-06,0.09930855720577902,0.2500027151097486,3.999956558715814,0.3956848463834376
2023-02-07,0.10006830046448154,0.25001300890573586,3.999791868338487,0.396652149020316
2023-02-08,0.1008141397477884,0.25004330574807065,3.9993072280349025,0.39713429561044644
2023-02-09,0.10176369999737464,0.2500882112444667,3.9985891179111928,0.39764904795446077
2023-02-10,0.10121043919209546,0.2500948986197016,3.998482198233945,0.39694992819741626
2023-02-13,0.10288040477365581,0.2502413940506695,3.9961414209414037,0.3977688612721768
2023-02-14,0.10327839567408831,0.25019900442861637,3.996818461702982,0.40021561703831793
2023-02-15,0.10343315749492402,0.25017942772904467,3.9971312152933853,0.40111310125065125
2023-02-16,0.10395370576348968,0.2502045579584524,3.9967297484886526,0.4016346288564023
2023-02-17,0.10301596778213822,0.2501610452431389,3.9974249349177065,0.40180134949289636
2023-02-21,0.10356266427848301,0.2501655726719641,3.997352590603165,0.4009268036288572
2023-02-22,0.10290148882940096,0.25016486351760253,3.997363922090667,0.39806503390222703
2023-02-23,0.10349678422652493,0.2502371128077476,3.9962097899054685,0.39708443087657314
2023-02-24,0.10331118765078932,0.2502357415339166,3.9962316888471405,0.39865369187279115
2023-02-27,0.10230369919387991,0.2502246759389298,3.9964084127500743,0.3959205120933419
2023-02-28,0.10141612312750463,0.2502240584942843,3.9964182741558494,0.3942967307982181
2023-03-01,0.1,0.25,4.0,0.4
2023-03-02,0.10022796515759934,0.2500059237563289,3.999905222144501,0.3994064692557942
2023-03-03,0.10076418751290589,0.25001930731932864,3.9996911067463445,0.399267830779129
2023-03-06,0.10014906050508333,0.25002458715373765,3.9996066442261933,0.3974340248561976
2023-03-07,0.10002562252773828,0.250023126203996,3.9996300149614616,0.39664531623137383
2023-03-08,0.10099372395417333,0.25003615185763023,3.999421653911058,0.3977458979216027
2023-03-09,0.10209135049383239,0.25007849185636183,3.9987445244766286,0.3989764119716257
2023-03-10,0.10055426137336392,0.25006840320201024,3.9989058481417987,0.3950537982277877
2023-03-13,0.10078310506546825,0.25010967796082634,3.9982459221615003,0.3936233510373014
2023-03-14,0.10201614148003224,0.25018276685680685,3.9970778665676607,0.3959562861441459
2023-03-15,0.1004408010066477,0.25018176480221765,3.997093876088669,0.39175257714818096
2023-03-16,0.10002067469467868,0.25013895295616134,3.997777987722117,0.3907221514021367
2023-03-17,0.09947051393421535,0.25011070982043,3.998229426952417,0.3898685499921962
2023-03-20,0.09972161052442842,0.2500652275839563,3.9989566308824864,0.3917176988290807
2023-03-21,0.0999445380356785,0.2500656251194856,3.998950273641901,0.39115405587593843
2023-03-22,0.09995358788762913,0.2500546877629518,3.999125187159,0.3925822860462111
2023-03-23,0.10035390135074429,0.25004376389481475,3.999299900239333,0.3941010638677252
2023-03-24,0.10003488307935028,0.2500290471349743,3.9995352998332447,0.39455647483066014
2023-03-27,0.09954361020020776,0.2500616931328711,3.9990131534006963,0.3931018760150017
2023-03-28,0.10017787268992483,0.2500910750441549,3.998543329958675,0.39371628082520543
2023-03-29,0.10125306665638159,0.25012320966305485,3.9980296164722846,0.3933596998546107
2023-03-30,0.10199200020603494,0.25013054902847137,3.9979123057302925,0.39458840905913733
2023-03-31,0.10132747342936994,0.25014177716043173,3.9977328511527954,0.39306845833729465
2023-04-03,0.1,0.25,4.0,0.4
2023-04-04,0.10008765050610113,0.25000445575657565,3.999928709165408,0.39862794041903293
2023-04-05,0.10163055169159506,0.25005658239843864,3.9990948864789573,0.3972695278513037
2023-04-06,0.10143291611895952,0.25005921554390936,3.9990527756590684,0.3973671008201529
2023-04-10,0.10288049693058715,0.2501345118450206,3.99784896783689,0.39789786865569776
2023-04-11,0.10315674692433055,0.25014180086942717,3.9977324722387975,0.39961501148927014
2023-04-12,0.1028487966647028,0.2501856699752301,3.997031485052705,0.39655957254637886
2023-04-13,0.10357776167367189,0.2501933886673591,3.996908173019453,0.398124945263995
2023-04-14,0.10277509784086564,0.2501411426132105,3.9977429924284182,0.39861539356428666
2023-04-17,0.1023326184276654,0.2501649221041771,3.9973629859407955,0.39671885551396446
2023-04-18,0.10157448372953456,0.2501773419359134,3.9971645404089577,0.39457195535909684
2023-04-19,0.10156473618633058,0.2501619420972531,3.9974106037729724,0.395815301376101
2023-04-20,0.10133080143734022,0.25018662870469177,3.9970161681995875,0.3962152847771233
2023-04-21,0.10103273452095382,0.25018445452570665,3.997050903485489,0.39529707054645413
2023-04-24,0.10206757418139487,0.2501361895592743,3.9978221534514575,0.39804847866754495
2023-04-25,0.10201117002972789,0.25013225229276703,3.9978850821266785,0.39958627840398336
2023-04-26,0.10177769203095031,0.2501250127782563,3.9980007952524588,0.3999717097812768
2023-04-27,0.10307307686360251,0.2501204145209543,3.9980742951960173,0.40433332061358684
2023-04-28,0.10354800850996751,0.25014103104003604,3.9977447755860016,0.40477821470240716
2023-05-01,0.1,0.25,4.0,0.4
2023-05-02,0.10017320604674766,0.25000325604450657,3.9999479039664028,0.3993408636129636
2023-05-03,0.10220041510219326,0.2500447322110166,3.99928441266295,0.4015012803515917
2023-05-04,0.10286316622347731,0.2500929492418428,3.9985133648569535,0.40018810844505615
2023-05-05,0.10405877373517093,0.25019726061946623,3.9968463184772234,0.4000777459241105
2023-05-08,0.10470243564317422,0.2502114193606253,3.9966201484941726,0.4024235925265354
2023-05-09,0.10508752014153103,0.25029858505676345,3.9952283380795666,0.4024267617012971
2023-05-10,0.10373648293722398,0.25018486418631536,3.997044358587933,0.40254334379359036
2023-05-11,0.10394267727224253,0.2502040667780224,3.9967375945459196,0.40407876428883927
2023-05-12,0.10353965801067327,0.250218992739383,3.9964991827840812,0.40266954255834586
2023-05-15,0.10538370804105575,0.2503693405002543,3.9940992695109343,0.40375172795466086
2023-05-16,0.10536172090545702,0.2503796240452436,3.993935224614364,0.4054344144453341
2023-05-17,0.10479884168325206,0.2503649180423167,3.994169821472272,0.4032758444831518
2023-05-18,0.1050888274757312,0.250338797389835,3.9945865779756478,0.40301126538039933
2023-05-19,0.10527802090117562,0.25027577239019994,3.995592503620047,0.4061843084440218
2023-05-22,0.10518034629809138,0.2502083681031458,3.996668886740672,0.40690755517426325
2023-05-23,0.10608078868275822,0.25027362707808726,3.995626753305463,0.40773980175974184
2023-05-24,0.1054138584746837,0.250218092674867,3.9965135586713885,0.40565995069051974
2023-05-25,0.10455923164596086,0.25015102653187876,3.997585034385465,0.4052519839511832
2023-05-26,0.10577139783133255,0.2502190063181699,3.9964989659036307,0.4042897547297937
2023-05-30,0.10598168952196035,0.25021176574861176,3.9966146156560116,0.40451140199698105
2023-05-31,0.10770832626954453,0.2503072193902607,3.9950905229020712,0.40672218411457134
2023-06-01,0.10000000000000002,0.25,4.0,0.4000000000000001
2023-06-02,0.10046908234455926,0.25000146173116256,3.9999766124381444,0.4008512373723
2023-06-05,0.10057775542173364,0.2500035824222749,3.99994268206495,0.40026052091045894
2023-06-06,0.10222573566872359,0.25003616091849457,3.9994215089791534,0.40088060521506286
2023-06-07,0.10227552895374105,0.2500626202775677,3.9989983264592173,0.39828361468879847
2023-06-08,0.10211150156306138,0.2500432291145801,3.999308453746447,0.4001634031648322
2023-06-09,0.10248720220200895,0.25003153670559736,3.999495476354497,0.40245538572363687
2023-06-12,0.10250176644453124,0.25001879972570745,3.99969922700648,0.4041572965782622
2023-06-13,0.10240426392975736,0.25003086082697334,3.999506287713904,0.4034403558410812
2023-06-14,0.1032285708701903,0.25007458927648346,3.9988069275379114,0.4026780785646669
2023-06-15,0.10235052185585915,0.2500617313267997,3.9990125425994267,0.4025777519398028
2023-06-16,0.1022941449825084,0.25005549807975036,3.9991122278026032,0.4021900684757198
2023-06-20,0.10284530830859226,0.25006357041494226,3.998983131931824,0.4029909953767348
2023-06-21,0.10403921621385018,0.25010897506811763,3.9982571586151523,0.4035822317595878
2023-06-22,0.10368668889048827,0.25005053336862704,3.999191629500705,0.40536762562289247
2023-06-23,0.10410448413329264,0.2500826165453626,3.998678571961476,0.4048786678302273
2023-06-26,0.10335151072555372,0.2500572638684818,3.9990839879218716,0.40528321897918357
2023-06-27,0.1038781635091979,0.2500731823084944,3.9988294257254005,0.40699584458907667
2023-06-28,0.10450020183055227,0.250043276580132,3.999307694560336,0.4092049124010894
2023-06-29,0.10328742126563148,0.25006315619405767,3.9989897561077146,0.4038992209458925
2023-06-30,0.10330126134212361,0.2500896100341838,3.9985667531862434,0.404250504155124
2023-07-03,0.1,0.25,4.0,0.4
2023-07-05,0.10061220804610069,0.2500117906768983,3.999811358066491,0.39854822938745915
2023-07-06,0.10044289642329209,0.2500065593152681,3.9998950537092135,0.3988749725864509
2023-07-07,0.10176112225179085,0.2500159280819062,3.9997451669255093,0.40296784841946554
2023-07-10,0.10113465751343588,0.2500090096924341,3.9998558501160386,0.4006369459762512
2023-07-11,0.10130952764325517,0.2500154560722505,3.9997527181320174,0.4004292892613689
2023-07-12,0.10099896875058154,0.2500224599241177,3.9996406734959007,0.39921005778939705
2023-07-13,0.1005020560516459,0.25002256508588155,3.9996389912106727,0.39787442969523173
2023-07-14,0.10127598598377435,0.25002083454606555,3.999666675041648,0.3999561257988682
2023-07-17,0.1008046957522964,0.2500106678243098,3.9998293220940906,0.399450410954282
2023-07-18,0.10037073367823428,0.2500033230883425,3.9999468312932573,0.39940865713947366
2023-07-19,0.0999266755825099,0.25000756973853266,3.9998788878506266,0.39768724722823084
2023-07-20,0.10132288711595826,0.2500230342462419,3.9996314860138975,0.40053925590269585
2023-07-21,0.10156792604573565,0.2500190403436503,3.9996953777020483,0.40099024558856394
2023-07-24,0.1013118906213423,0.25001936405504255,3.999690199115325,0.4007045441147662
2023-07-25,0.10111207966765504,0.25001468699641266,3.9997650218618896,0.3996521174532243
2023-07-26,0.10041204835786344,0.2500183956985569,3.9997056904792068,0.39834831735653914
2023-07-27,0.10102800233490677,0.2500126249584516,3.999798010865192,0.4010135249506667
2023-07-28,0.10089661436668991,0.25001133796405994,3.9998186008018313,0.4004641795375635
2023-07-31,0.1012138536574824,0.25002159365528764,3.999654531355121,0.3995865499682515
2023-08-01,0.10000000000000002,0.25,4.0,0.4000000000000001
2023-08-02,0.10067413792739938,0.250013092155231,3.9997905364856194,0.39922464340383507
2023-08-03,0.10140414752071858,0.2500339158038667,3.9994574207461793,0.39947170436503604
2023-08-04,0.1026612030702572,0.2500480414533007,3.999231484429609,0.4011619121059195
2023-08-07,0.1028715074878368,0.25005890065044095,3.999057811574989,0.4014032587874969
2023-08-08,0.10415984933672076,0.25010923137501956,3.99825306128176,0.40288665049477185
2023-08-09,0.10309330731649688,0.2500660661840971,3.998943220324049,0.40278582289883547
2023-08-10,0.1024460502180382,0.2500471396405811,3.9992459079412166,0.40248053842296344
2023-08-11,0.10241361141481173,0.25004647579284167,3.999256525528795,0.4052223188953119
2023-08-14,0.10276954820161935,0.2500624045622464,3.9990017761789405,0.40150633240754413
2023-08-15,0.10261888655075264,0.25005374039883865,3.9991403384128077,0.4020562944957126
2023-08-16,0.10387786567362221,0.25008347230310307,3.9986648889295346,0.40400510029171555
2023-08-17,0.10404144002262737,0.2501074079782564,3.998282210365144,0.4036047536301492
2023-08-18,0.1049994558987947,0.2501363761443822,3.9978191713419005,0.40678348162902733
2023-08-21,0.10539006682296453,0.25012593962637664,3.9979859805573983,0.40792129446371894
2023-08-22,0.10495590945546963,0.2501001909319036,3.9983975872784376,0.4097292430282381
2023-08-23,0.10541644998674853,0.25009526447464586,3.9984763490049127,0.41022063498037975
2023-08-24,0.10505115935663915,0.2500642689261271,3.998971961465697,0.409946274413144
2023-08-25,0.1056142429009183,0.25011056083783945,3.9982318085654747,0.40974997371331234
2023-08-28,0.10677369825636092,0.2501423546680746,3.997723621523216,0.4112148541755489
2023-08-29,0.10682754199834958,0.25009584339178725,3.9984670934072724,0.41472413616456005
2023-08-30,0.10781690479687775,0.250131407212725,3.997898589158566,0.41577549212052184
2023-08-31,0.10786370158638153,0.2502024394934208,3.99676358881503,0.4137891332327748
2023-09-01,0.10000000000000002,0.25,4.0,0.4000000000000001
2023-09-05,0.10126363529236751,0.25001691699710277,3.999729346360943,0.40136645817650785
2023-09-06,0.10195594210519367,0.2500388403112269,3.9993786515538376,0.40160227748566907
2023-09-07,0.10339573745827874,0.2501270177667689,3.997968747752195,0.4038025808421189
2023-09-08,0.10338565975982834,0.2500879242162024,3.998593707129555,0.40341565072015845
2023-09-11,0.10320844911601501,0.250101918428187,3.9983699696695245,0.4020921820936974
2023-09-12,0.10363136621447144,0.25014049886631107,3.9977532807850333,0.4019847539902606
2023-09-13,0.10301541826557746,0.25014817436801384,3.99763061444061,0.39972253482030223
2023-09-14,0.10300910925855183,0.2501079534418007,3.9982734904617767,0.4007568206809511
2023-09-15,0.10435575833667024,0.25020358262149356,3.996745328434381,0.3999368242337011
2023-09-18,0.10553162827688835,0.2503518674236028,3.9943780339691664,0.39858482564248615
2023-09-19,0.10450986746396665,0.25038973962462713,3.993773872280687,0.39441332945644564
2023-09-20,0.1039462447971791,0.2503638091598977,3.9941875119871604,0.391561512933883
2023-09-21,0.10525261193182169,0.25045488095204294,3.9927351233832806,0.3939891072596917
2023-09-22,0.10549740871963882,0.25047874846776885,3.9923546652848203,0.39378360525654554
2023-09-25,0.10559031045502353,0.2504082176853865,3.9934791647149632,0.3958677031039946
2023-09-26,0.10471862725864291,0.2503538351805392,3.9943466385440582,0.39484220046451257
2023-09-27,0.10520255539871937,0.2504078023144049,3.9934857890107933,0.39835307307608425
2023-09-28,0.10491728220828034,0.2503645844441216,3.994175143502328,0.3994719737133998
2023-09-29,0.10482530834198962,0.25041103799012704,3.9934341873517054,0.3982405918074243
2023-10-02,0.1,0.25,4.0,0.4
2023-10-03,0.10109754480500477,0.25002322842004143,3.9996283798079366,0.4015074686063361
2023-10-04,0.10203243908227946,0.25004955136989343,3.9992073351922133,0.4017123595943402
2023-10-05,0.10108453045420815,0.2500341339219428,3.9994539318067117,0.40074446026665755
2023-10-06,0.10161386939405717,0.25004734576138943,3.9992426112543566,0.40031462644349547
2023-10-09,0.10246080423100352,0.250063680695248,3.99898136834472,0.4011549161184873
2023-10-10,0.1025542386567319,0.2500709903615638,3.9988644766598287,0.39915598972075095
2023-10-11,0.10281251555920812,0.2500791168588608,3.998734530738039,0.3995536493756646
2023-10-12,0.1034954682365555,0.2500896796340836,3.9985656403860443,0.40087745107920436
2023-10-13,0.10255877860811308,0.2500502609849164,3.999195985883503,0.40079626745404706
2023-10-16,0.10376133825111608,0.25007076151733726,3.998868136092234,0.4043091118122524
2023-10-17,0.10367952918628938,0.2500495401926266,3.9992075139576193,0.40575101411178166
2023-10-18,0.10599273334351361,0.2501155422278536,3.9981521783600584,0.4091876178397718
2023-10-19,0.10700745444787006,0.25015651458115157,3.9974973335167605,0.410782904254672
2023-10-20,0.10756192862704717,0.2501536457814992,3.997543177417716,0.4138698754785007
2023-10-23,0.10766521656827534,0.25018958453881085,3.9969689459429683,0.41200838033357184
2023-10-24,0.1073920905511772,0.25017238663543195,3.997243714420278,0.41142232561154946
2023-10-25,0.10696887483998284,0.2501385956577508,3.9977836981552346,0.41118254081836425
2023-10-26,0.10613410803007828,0.2500832608361013,3.998668270146144,0.41193633240698874
2023-10-27,0.10549951568408356,0.2500715092245633,3.998856179581832,0.41205562124338596
2023-10-30,0.10504083263639057,0.25008981186880497,3.998563526148725,0.41022817375255904
2023-10-31,0.10334786344733511,0.25005038808941144,3.999193953030084,0.4065282001097975
2023-11-01,0.10000000000000002,0.25,4.0,0.4000000000000001
2023-11-02,0.09971664411731626,0.2500025019632346,3.999959968988871,0.3970705670156607
2023-11-03,0.10013954855138017,0.2500094044187391,3.9998495349603194,0.39681735325607254
2023-11-06,0.10080863227768586,0.25003311359167374,3.999470252700563,0.39713766264615163
2023-11-07,0.10179326916067268,0.25006805720236414,3.9989113811155965,0.397296901839345
2023-11-08,0.10010164684675352,0.2500740874898582,3.9988149513513878,0.3942139327405163
2023-11-09,0.0999974694124328,0.25008257051931276,3.9986793078919285,0.3941081467508033
2023-11-10,0.09957202858232657,0.25003078569710535,3.9995074894954312,0.39381942886197807
2023-11-13,0.10028844207745927,0.25006538491058883,3.9989541149709753,0.3963183378742871
2023-11-14,0.0996877626197369,0.250045725370624,3.999268527857356,0.3949404434733225
2023-11-15,0.10150162532896703,0.25006263103737264,3.9989981543885573,0.3964960109069394
2023-11-16,0.10292521057184202,0.2500986909792653,3.9984215674399755,0.3981679506110814
2023-11-17,0.10323044944287653,0.2501065936111069,3.9982952290930385,0.3993529947714285
2023-11-20,0.1035739234924306,0.25011923232743466,3.998093192173586,0.40037886919809124
2023-11-21,0.10343920150008404,0.250116230461563,3.9981411768224953,0.4002774616714396
2023-11-22,0.10361211144459423,0.25014047852733734,3.9977536058431746,0.4009917758997896
2023-11-24,0.10401155854686946,0.2501348229802147,3.9978439950326248,0.40250248401156946
2023-11-27,0.10261687685343222,0.2500922731918897,3.998524173646598,0.3995981045183053
2023-11-28,0.10306884359674266,0.2501337132993183,3.997861730870987,0.40078895292300887
2023-11-29,0.10300527341405961,0.2501656155175884,3.997351905980432,0.40057503985470033
2023-11-30,0.10372552891836084,0.2502296960596512,3.9963282366039174,0.40131012998043275
2023-12-01,0.10000000000000002,0.25,4.0,0.4000000000000001
2023-12-04,0.10066666169798638,0.250007325915337,3.9998827887893262,0.3992509981040144
2023-12-05,0.10172493869439293,0.2500338792674998,3.9994580051695543,0.39901775373692855
2023-12-06,0.10348612861597621,0.2501377837170804,3.9977966748560267,0.39837084407072987
2023-12-07,0.10360586784729123,0.25016401818760914,3.9973774295952325,0.39731948538747075
2023-12-08,0.10377500050532446,0.2502069028720238,3.996692291545136,0.39589236761907004
2023-12-11,0.10414268729574816,0.25029598574627754,3.9952698283131465,0.39419953769755867
2023-12-12,0.10392456656996484,0.25026837650138284,3.9957105806952584,0.39425565743858104
2023-12-13,0.10355158600420965,0.250251574056085,3.995978861559071,0.39304180336038375
2023-12-14,0.1033634551245526,0.25021279875957725,3.9965981155139594,0.3938765954045209
2023-12-15,0.1033301103851267,0.2502699396973424,3.995685623328653,0.39180636998900936
2023-12-18,0.10271537965932585,0.25024226822884504,3.9961274611110302,0.3907764901019093
2023-12-19,0.10203643298430859,0.25019650603190596,3.9968583728842177,0.38979901748122403
2023-12-20,0.1027671521726185,0.2502158085889587,3.996550040700055,0.3917670208052936
2023-12-21,0.10264010968202851,0.25019931849386257,3.9968134446558463,0.3931201303600319
2023-12-22,0.10129507969450906,0.25013620626282285,3.997821886485642,0.39221542338323
2023-12-26,0.10066121678778454,0.2501000433895416,3.99839994606661,0.3915826760034249
2023-12-27,0.09928485787366854,0.2500857200714039,3.9986289489639084,0.3878258407030052
2023-12-28,0.09873494331491714,0.2500558141846527,3.99910717237534,0.38734617420104317
2023-12-29,0.09968650434112786,0.25005541996617786,3.9991134770654386,0.3900974670691151
2024-01-02,0.10000000000000003,0.25,4.0,0.40000000000000013
2024-01-03,0.10066505843913076,0.2500092294799388,3.999852333772509,0.4007689041310486
2024-01-04,0.10144871267603922,0.25002028537779253,3.999675460288962,0.4011607062644693
2024-01-05,0.1023646734260252,0.2500254162089182,3.999593381996061,0.40328663888798766
2024-01-08,0.1022381011662834,0.2500553506647805,3.999114585396659,0.39993076890722956
2024-01-09,0.10196226676842472,0.2500806301200177,3.9987103340234067,0.3968157776937342
2024-01-10,0.10295799922610553,0.25014905996025116,3.997616461796421,0.39634493576520724
2024-01-11,0.10347331450485812,0.25021249154924186,3.996603022528153,0.3948591743868731
2024-01-12,0.10424206537846036,0.2502293293091916,3.996334093851832,0.3964501107870828
2024-01-16,0.10501454971348516,0.2503045052975954,3.9951338423216414,0.3963464713805269
2024-01-17,0.10294247465496241,0.2502215917887827,3.996457671183392,0.3917438700690495
2024-01-18,0.10222825775952873,0.2502127227846815,3.996599329045877,0.3904603562715717
2024-01-19,0.10129248278403512,0.250249466677107,3.996012512147666,0.38532385690079196
2024-01-22,0.10181362417677094,0.2502781259245003,3.9955549303644022,0.38637252653843746
2024-01-23,0.10284163529548863,0.2504448309012029,3.992895347057438,0.38634386615746913
2024-01-24,0.10170242174773435,0.2503849376550723,3.9938504662672227,0.38550756328340074
2024-01-25,0.10277616977912835,0.2504542539035808,3.9927451197733594,0.38881409863372945
2024-01-26,0.10225561366672983,0.2503836055522447,3.9938717145413953,0.3910673237335335
2024-01-29,0.10121657808257338,0.25036786744361894,3.9941227690697683,0.39188041827184994
2024-01-30,0.10033208337441413,0.25036236880413454,3.994210490883827,0.3889519522596837
2024-01-31,0.10020087550461182,0.25028882573949196,3.9953841209068983,0.3905642311148504
2024-02-01,0.10000000000000002,0.25,4.0,0.4000000000000001
2024-02-02,0.10079155791589482,0.2500201114759581,3.999678242268762,0.39908851707223214
2024-02-05,0.10168189222546999,0.25006361049144266,3.998982491033899,0.3999947294194467
2024-02-06,0.10200191103684988,0.2500976214238989,3.998438666895861,0.3986837762310927
2024-02-07,0.1024830833697747,0.2500593997473182,3.999049829802387,0.40083217689783884
2024-02-08,0.10205585663971886,0.2500531450835026,3.9991498593871335,0.40000305223098703
2024-02-09,0.10221532257609113,0.25006658713983704,3.9989348894532672,0.40151195008795915
2024-02-12,0.10291488380566313,0.25009204834052773,3.998527768617379,0.3989017078223473
2024-02-13,0.10079285337001836,0.25002852507694695,3.9995436508384286,0.3962354997905673
2024-02-14,0.10066957788098872,0.25003828351768054,3.999387557502924,0.39811634635659926
2024-02-15,0.10054886554694469,0.25003514530608784,3.9994377541438055,0.39882550718281023
2024-02-16,0.1010916624394837,0.2500249917467527,3.9996001720215553,0.40020168825140323
2024-02-20,0.10128414641808957,0.25000925977630484,3.9998518490665007,0.40095532710028675
2024-02-21,0.10068912054862376,0.25000438079683057,3.9999299084789377,0.40069409940926054
2024-02-22,0.10152118324656766,0.25001524512451856,3.9997560928812805,0.40322775384268317
2024-02-23,0.10155599825950329,0.2500149298206014,3.999761137135096,0.40313010031778373
2024-02-26,0.10200683298631341,0.2500293594651142,3.9995303037182994,0.4011405500243169
2024-02-27,0.10132594219258648,0.2500233517574474,3.9996264067770753,0.40000308584675415
2024-02-28,0.10199990163822159,0.2500340350173127,3.9994555138493793,0.40062165062946153
2024-02-29,0.10242340108527206,0.2500464935037905,3.9992562422589657,0.4007256932484935
2024-03-01,0.1,0.25,4.0,0.4
2024-03-04,0.10090875327736865,0.25002784356397434,3.9995545525877847,0.3978786428897394
2024-03-05,0.10003636338368706,0.2500093869558777,3.999849814345101,0.396780672633591
2024-03-06,0.09994462598900092,0.25002274806126173,3.999636064135154,0.3947340423195823
2024-03-07,0.10065346484344263,0.2500389967523263,3.9993761492753874,0.3948493409211776
2024-03-08,0.10041468939498607,0.2500438784890765,3.9992980673737484,0.3946381797206374
2024-03-11,0.10060603446832024,0.2500850116116522,3.998640276582681,0.3945274453422023
2024-03-12,0.10011142455014607,0.2500181145475634,3.9997101882382213,0.3956506821769359
2024-03-13,0.1002890260523535,0.25001603754223,3.999743415784241,0.39633809613749277
2024-03-14,0.09992896577375797,0.2500132652713415,3.999787766919854,0.39507400134444853
2024-03-15,0.10041339554993997,0.2500272180567815,3.9995645584989816,0.39479923110178783
2024-03-18,0.10077066036534728,0.2500252658381459,3.999595787440742,0.39629943947610796
2024-03-19,0.10101862821242666,0.25002517372034466,3.999597261028238,0.3972834901619613
2024-03-20,0.09995636560401909,0.25002889770814984,3.999537690108388,0.3952061333383816
2024-03-21,0.10004270853274047,0.25003163402408857,3.9994939196520147,0.3938839045319167
2024-03-22,0.09982616220638103,0.25003835379728034,3.9993864333739544,0.3931881284601348
2024-03-25,0.09925712153383527,0.25002769103268224,3.99955699254642,0.39069986345972996
2024-03-26,0.09919581681071823,0.25004265100790196,3.9993177002766522,0.3902861879155765
2024-03-27,0.099711611917082,0.2500916988231928,3.9985333567867416,0.3899868699163266
2024-03-28,0.10005139747754295,0.2501078150399656,3.9982757029811586,0.38925937773229463
2024-04-01,0.1,0.25,4.0,0.4
2024-04-02,0.10039032376661629,0.2500047436758538,3.9999241026264696,0.39888437752874173
2024-04-03,0.10085152860776914,0.2500148304890696,3.9997627262504296,0.3989713055639538
2024-04-04,0.10095305817853782,0.25001353371903795,3.9997834722170973,0.39995257090992126
2024-04-05,0.10031947218883393,0.2500164536484026,3.9997367589506614,0.39790926982465324
2024-04-08,0.10062375861743877,0.25003050662861576,3.9995119534967616,0.3965359154633885
2024-04-09,0.10038345308437172,0.25003231585689567,3.9994830131171657,0.3961595693042551
2024-04-10,0.10033600683331245,0.25004695041937974,3.9992489343413147,0.39628256449875265
2024-04-11,0.09913916084336899,0.25000964319637353,3.9998457148092332,0.39327668582185593
2024-04-12,0.0992692916727262,0.25000910038648644,3.9998543991163142,0.393877486764473
2024-04-15,0.1000414946661035,0.2500303199741017,3.9995149392424914,0.3948803537609765
2024-04-16,0.10099482606961262,0.2500736356806956,3.9988221760283493,0.395925325238753
2024-04-17,0.1017129164870549,0.2500831288179429,3.998670381031526,0.39687167756504566
2024-04-18,0.10214881118404623,0.25009764167667353,3.9984383431044144,0.39710230553891207
2024-04-19,0.1019442407759567,0.2501033675164401,3.9983468032843135,0.3953847623094199
2024-04-22,0.1010340389894286,0.2500810445398399,3.998703707592248,0.39311110286034895
2024-04-23,0.09999595228284054,0.2500799876671903,3.9987206066677072,0.3904032748843727
2024-04-24,0.10018234050434617,0.2500630716374861,3.998991108330021,0.3919300425903748
2024-04-25,0.09923142615243351,0.25006333173178047,3.9989869489246286,0.39009800554406093
2024-04-26,0.0998848384776997,0.25014300295769176,3.9977132607188546,0.38999549685620455
2024-04-29,0.1001025113352034,0.25017521777726087,3.997198479068908,0.38776272512858073
2024-04-30,0.09945425262638924,0.25017578391987155,3.9971894334916467,0.3856264594470574
2024-05-01,0.10000000000000003,0.25,4.0,0.40000000000000013
2024-05-02,0.10025037055182627,0.25000105381349025,3.9999831390552294,0.39961473751038035
2024-05-03,0.10099999674654468,0.2500029285106505,3.9999531443784613,0.4016315518608694
2024-05-06,0.10096228293587647,0.2500083813610072,3.9998659027195553,0.3999043788630818
2024-05-07,0.1006079340685327,0.2500031014248872,3.999950377817403,0.4008673334054737
2024-05-08,0.10119862311578573,0.25000699853868685,3.9998880265156136,0.40150730530562706
2024-05-09,0.10186833036441574,0.2500150704748654,3.9997588869369074,0.40272389783477014
2024-05-10,0.10207229714314049,0.250033325576434,3.9994668618456015,0.40071432448721567
2024-05-13,0.1016120972490692,0.25003111390339766,3.9995022394947264,0.4000800283464178
2024-05-14,0.10180660271228208,0.2500375640776714,3.999399065051526,0.40036597800161977
2024-05-15,0.10177918389588189,0.25003856354161635,3.9993830784968507,0.4028814995961566
2024-05-16,0.101084868714215,0.25002818521892267,3.999549087333526,0.4001651105787922
2024-05-17,0.10172252828613798,0.2500229259959005,3.9996332177009903,0.40174104215832485
2024-05-20,0.10164198901742594,0.25001253654250655,3.9997994253779443,0.40396573789143475
2024-05-21,0.10175243703197025,0.250009355598305,3.9998503160286525,0.40447479450768886
2024-05-22,0.10201790873661958,0.2500117380061907,3.9998122007185053,0.40484996581297367
2024-05-23,0.10228258391087218,0.25001066706767516,3.999829334199212,0.4048668959379548
2024-05-24,0.10180852573817152,0.2500084174753298,3.9998653249292193,0.40464525580115235
2024-05-28,0.10272588399391884,0.25002244147489494,3.999640968630455,0.4054610224528985
2024-05-29,0.10313791248531608,0.25005888408353305,3.9990580765206745,0.4050370943976051
2024-05-30,0.10329838948956101,0.2500328187071602,3.9994749696087113,0.4056348393242311
2024-05-31,0.10331954187315091,0.25003089868925,3.999505682067105,0.40621797019112776
2024-06-03,0.10000000000000003,0.25,4.0,0.40000000000000013
2024-06-04,0.10044457123068538,0.250007815782998,3.999874951381443,0.3993801423175244
2024-06-05,0.1016667634838035,0.25000659560391003,3.9998944731214934,0.40331838036694684
2024-06-06,0.10085019056559671,0.250002719565779,3.999956487420877,0.40213945036541987
2024-06-07,0.10138437389135597,0.2500058063123759,3.999907101159584,0.4027562839061641
2024-06-10,0.10158639468067397,0.2500123219769449,3.999802858085594,0.40212584005812835
2024-06-11,0.10250370652509486,0.2500239788015737,3.999616375970199,0.4036876653179447
2024-06-12,0.1019898269084173,0.2500242271830353,3.9996124026330047,0.4041723737772228
2024-06-13,0.10230671075250498,0.2500221020065977,3.9996463991555897,0.40439420248284896
2024-06-14,0.10290406336544161,0.250054354228071,3.999130521390219,0.40655480399936555
2024-06-17,0.10434538054635703,0.2500793144913678,3.998731370620891,0.40676092816886006
2024-06-18,0.10457057971275831,0.2500756688679342,3.9987896644519356,0.40777893459865616
2024-06-20,0.10262679762694323,0.25005966389424106,3.9990456054637216,0.40406621628964634
2024-06-21,0.10286402078039124,0.25004722486871284,3.999244544805684,0.4065857836926789
2024-06-24,0.10241679430169548,0.25002195469158806,3.999648755780425,0.40657459103486426
2024-06-25,0.10378283962619339,0.2500305693134519,3.9995109507843645,0.4083030305727442
2024-06-26,0.1033722194628491,0.25003245878616676,3.9994807268412376,0.40672447919119165
2024-06-27,0.10278149846102336,0.25003594813301877,3.999424912564978,0.4048370880287649
2024-06-28,0.10244588188102884,0.2500222568494921,3.999643922108815,0.40447249414255665
2024-07-01,0.1,0.25,4.0,0.4
2024-07-02,0.10036047853821724,0.25000388854687067,3.9999377842177855,0.39930716806162125
2024-07-03,0.10063013720627695,0.2500031390733835,3.999949775456498,0.4011069833827627
2024-07-05,0.10053857684674647,0.2500116563780884,3.9998135066459333,0.3981952703460381
2024-07-08,0.10244566045423004,0.25004750221273114,3.999240108982321,0.4014053226774271
2024-07-09,0.10333860810627357,0.25010176344608437,3.9983724473641096,0.401098652108435
2024-07-10,0.10429344721092733,0.25019374340643247,3.996902505973257,0.40147753175041867
2024-07-11,0.10489726928318806,0.2502528241124336,3.9959589009501846,0.40056990620271743
2024-07-12,0.10660919780403251,0.2504271663751276,3.993176996229112,0.4018083056861116
2024-07-15,0.10562727526520872,0.2504882874503159,3.9922026302261693,0.39796992054610925
2024-07-16,0.10538238973843661,0.2505319588056351,3.99150673138595,0.397913508908376
2024-07-17,0.10594462596487936,0.25058602892330883,3.9906454653385612,0.39746306634762196
2024-07-18,0.10519381063262627,0.2504450706291048,3.992891525028034,0.39791250174150267
2024-07-19,0.1042131671757517,0.2503829842755311,3.9938816245578472,0.39885894619035767
2024-07-22,0.10409206823381743,0.25034235574226177,3.9945297991425113,0.3993262138677982
2024-07-23,0.1039134862309307,0.250319179091106,3.9948996462474042,0.3992662614398697
2024-07-24,0.10284844946532314,0.25030977948853284,3.995049662235877,0.3968090547643923
2024-07-25,0.10293453223465816,0.2502402685179889,3.996159394818238,0.39635556833734276
2024-07-26,0.1030220826590548,0.2501904574970885,3.996954999819036,0.39838506878247093
2024-07-29,0.10369458830871825,0.25023082914106504,3.996310140651216,0.3976571940225151
2024-07-30,0.10333645054511398,0.2502228142851653,3.9964381459651976,0.39778853764091904
2024-07-31,0.10242853287892974,0.2502486336644218,3.9960258138351286,0.3956504601705
2024-08-01,0.1,0.25,4.0,0.4
2024-08-02,0.10056553603841477,0.25000379328384725,3.999939308379326,0.39993902245587953
2024-08-05,0.10029384960178553,0.2500270089375607,3.999567903680879,0.3976785240847853
2024-08-06,0.10067150306795374,0.25003195399335093,3.9994888014457257,0.39925196282331304
2024-08-07,0.10117966276027587,0.2500243347886525,3.9996106812775154,0.3986192653194919
2024-08-08,0.10184083731055314,0.2500201311360773,3.999677927757484,0.40141936633019815
2024-08-09,0.10039567676686974,0.2500095122746498,3.999847809396319,0.3994103295171302
2024-08-12,0.10084921766968122,0.25001734508048146,3.999722497965477,0.39838895195554036
2024-08-13,0.10095027130535411,0.25001798197505176,3.9997123090921747,0.3985957844271876
2024-08-14,0.10131281881910717,0.25001046156781803,3.99983262191906,0.4020795626637734
2024-08-15,0.10134822657615047,0.2500254911430396,3.999592183294222,0.3999254134801399
2024-08-16,0.10056390010280096,0.25001096121801747,3.9998246282008747,0.3998717674193796
2024-08-19,0.10075115138225657,0.2500099987464543,3.999840026454871,0.3997063473149942
2024-08-20,0.10082751401927198,0.2500075833298412,3.9998786704028704,0.401062067378202
2024-08-21,0.10155652197563461,0.2500282999717061,3.999547251703758,0.4008170743858777
2024-08-22,0.1019110037314798,0.25003333643580805,3.999466688141937,0.4009208651769261
2024-08-23,0.10032332687114995,0.2500108788583243,3.9998259458408536,0.398541969043149
2024-08-26,0.10027735798484988,0.25001276936664824,3.9997957005687255,0.39814889844001433
2024-08-27,0.10076084334434927,0.2500274686575338,3.9995605497638915,0.39821061672321617
2024-08-28,0.10037677268670701,0.25001563856033815,3.999749798685743,0.39721396065646675
2024-08-29,0.10004835698758695,0.2500403106372093,3.999355133784524,0.39415533846249473
2024-08-30,0.10032055289401025,0.2500309048242874,3.9995055839307683,0.3960665432203318
2024-09-03,0.1,0.25,4.0,0.4
2024-09-04,0.10056639608451107,0.25000543922821683,3.9999129742419424,0.40049387289218896
2024-09-05,0.10175108337436602,0.2500514010126238,3.9991777528553625,0.40019622678541855
2024-09-06,0.10102555745310611,0.25002927278917475,3.9995316902081393,0.39843545092475274
2024-09-09,0.1012114912395938,0.25005854201642985,3.9990635470245044,0.39577877549363283
2024-09-10,0.10035665861264598,0.2500332513321306,3.9994680494381694,0.3938933942712307
2024-09-11,0.10104484117289551,0.2500404088746087,3.9993535624935093,0.3965857835863905
2024-09-12,0.100535608182976,0.2500304140067391,3.999513435085729,0.395416738698025
2024-09-13,0.10010731631905406,0.2500225754328818,3.9996388256885567,0.395622893883814
2024-09-16,0.09974212644579096,0.25002469139748995,3.9996049766548745,0.39484124439053525
2024-09-17,0.09991259400565686,0.2500292855975329,3.999531485322403,0.39486003393733504
2024-09-18,0.10141044516418686,0.2500850602129613,3.998639499490472,0.3953222524846094
2024-09-19,0.10112720834777197,0.250075253989288,3.99879629850475,0.3964630683172663
2024-09-20,0.10052715303208573,0.2500761413390119,3.9987821095030625,0.3941854051746765
2024-09-23,0.10037539723798475,0.25012075309812354,3.998068883183377,0.39212746718161384
2024-09-24,0.1004983954882045,0.25015250470645467,3.9975614122811423,0.3904013155037883
2024-09-25,0.0998010079157871,0.25014729094547306,3.9976447325107323,0.3904182823141214
2024-09-26,0.09977564002601111,0.2501513275711893,3.997580223576527,0.3882008870116258
2024-09-27,0.10065909481127007,0.2501963767599022,3.9968604379896253,0.38883384934749415
2024-09-30,0.10095184337713793,0.2501890889393854,3.9969768635365033,0.3888589958787115
2024-10-01,0.10000000000000003,0.25,4.0,0.40000000000000013
2024-10-02,0.10029858838361175,0.2500062107715949,3.999900630123136,0.3983887742984322
2024-10-03,0.10039070995353869,0.25000467544634136,3.999925194257539,0.39987840492909976
2024-10-04,0.09985558058012015,0.25000899596734794,3.999856069701602,0.39760427368245654
2024-10-07,0.10034002247641763,0.2500233832335058,3.999625903254273,0.3970871076496687
2024-10-08,0.10041518250906165,0.25001096436682124,3.9998245778244326,0.3977591650996179
2024-10-09,0.10020649085328416,0.2500220630978558,3.9996470215854965,0.39626535640559013
2024-10-10,0.10055986063493527,0.2500447621349325,3.999283934051643,0.3960604104512069
2024-10-11,0.10122275090833478,0.2500501903161264,3.9991971161299587,0.39876127188685456
2024-10-14,0.10150689066084105,0.2500560229595741,3.9991038334704196,0.3975380648148764
2024-10-15,0.10210404180166946,0.25007647989633075,3.9987766958913937,0.3983748492202498
2024-10-16,0.10327017309924835,0.25010418869561923,3.998333675318872,0.40036041198296435
2024-10-17,0.10335959714578236,0.2501095082871032,3.998248634562465,0.4006673525243485
2024-10-18,0.10364402715571863,0.2501258527114382,3.9979873697968613,0.4010154924609961
2024-10-21,0.10303382014114269,0.2501596084165842,3.997447894684606,0.3988790454185698
2024-10-22,0.10338897695644263,0.25015921463505686,3.997454187161738,0.40120817508465306
2024-10-23,0.10264627793872562,0.25008723408967715,3.9986047414216133,0.40134457909893745
2024-10-24,0.10208485459379571,0.25008145017853123,3.998697221589637,0.39989578659292335
2024-10-25,0.10188809851960345,0.2500881709448178,3.998589762250895,0.39934327973758477
2024-10-28,0.10099456896812642,0.25009605517094474,3.9984637075402234,0.398188847689655
2024-10-29,0.10110143493408558,0.2500861838942748,3.9986215328982553,0.3970216874862086
2024-10-30,0.10151889636832048,0.2501061083035906,3.9983029874110585,0.3976815988847421
2024-10-31,0.10076839060557269,0.2501412512211324,3.9977412566629,0.394541829929267
2024-11-01,0.10000000000000002,0.25,4.0,0.4000000000000001
2024-11-04,0.10132334204080633,0.25002906074479064,3.9995350821267883,0.3993844651642527
2024-11-05,0.10080133473486932,0.25004047860882705,3.999352447106928,0.39873306518734464
2024-11-06,0.1024419045182318,0.2500853511636761,3.9986348474506173,0.40148507010491236
2024-11-07,0.10309274893355504,0.2500952812644864,3.998476080572098,0.402464195032583
2024-11-08,0.10237656219029481,0.25004458399447665,3.9992867832805747,0.40286242037496645
2024-11-11,0.10203242225356027,0.2500590327161631,3.9990556995198796,0.40192420991183275
2024-11-12,0.10155717010747452,0.2500378428541782,3.9993946059725007,0.40016940889327607
2024-11-13,0.10136189009108651,0.25002116668445895,3.9996613617200554,0.3996398554443134
2024-11-14,0.1004247148378614,0.2500100328910324,3.999839480185393,0.398698238605928
2024-11-15,0.10044349222010869,0.2500087841076186,3.9998594592162036,0.39844502430215556
2024-11-18,0.10181983627304236,0.25004241732524,3.9993214379273123,0.39840839749265033
2024-11-19,0.10175519274973213,0.25004694705032227,3.999248988225994,0.39778032069357516
2024-11-20,0.100489966302234,0.25003936231726975,3.999370302069163,0.3965356316428591
2024-11-21,0.10004460803051689,0.25002722123524834,3.999564507654585,0.3959760339072244
2024-11-22,0.09997156559428695,0.2500064900495159,3.999896161903403,0.39757041468250987
2024-11-25,0.09995725287247724,0.25000442961464076,3.9999291274215008,0.3969719095374561
2024-11-26,0.10101093389471394,0.25002770209111375,3.999556815650713,0.39828017252914955
2024-11-27,0.10105403702667773,0.250039990607018,3.999360252623256,0.397679174188594
2024-11-29,0.10148356119189614,0.2500468018736641,3.999251310181719,0.39784697860235385
2024-12-02,0.1,0.25,4.0,0.4
2024-12-03,0.10135335187485463,0.25000534882171366,3.9999144206835755,0.4028182101595556
2024-12-04,0.10175094172428954,0.2500080554647055,3.999871116717571,0.40352624301562484
2024-12-05,0.1020742893551386,0.2500272008297033,3.999564834072244,0.4016670942491176
2024-12-06,0.10192255940377588,0.2500115676031368,3.9998149269132193,0.4030081824611477
2024-12-09,0.10165687742685822,0.25001878608081723,3.9996994452919044,0.400751294779221
2024-12-10,0.10231043563689296,0.25004309287560983,3.9993106328174997,0.4006796506488785
2024-12-11,0.10170799350524479,0.25002786024554663,3.9995542857420885,0.3995620613887866
2024-12-12,0.10135030433029864,0.25003651109312525,3.999415907813373,0.3983823861207255
2024-12-13,0.10223796108679509,0.25006256601179233,3.9989991942770136,0.40090395122515937
2024-12-16,0.101707986686597,0.2500463154928193,3.999259089377454,0.40058683364704056
2024-12-17,0.1015482157754312,0.25005148053239695,3.999176481062422,0.4001605582047301
2024-12-18,0.10117437487863729,0.2500355511671475,3.99943126220281,0.4002581327438977
2024-12-19,0.10243807826819017,0.2500713762819445,3.998858305448537,0.4003092448985598
2024-12-20,0.10328318728355056,0.25009320510929756,3.998509274024349,0.40222643624171783
2024-12-23,0.10275833969899248,0.25006442394289213,3.998969482473735,0.4036673627624785
2024-12-24,0.10348820439422951,0.25009727845400975,3.998444150138521,0.4054768449908454
2024-12-26,0.10444831611351392,0.25012963365184804,3.997926936525586,0.40899213574099424
2024-12-27,0.10424029742908747,0.2501121171769089,3.9982069293055544,0.4082314585491977
2024-12-30,0.10502435453604264,0.2501329735422182,3.9978735543685406,0.40763855525840065
2024-12-31,0.10397003993520576,0.25009997904936093,3.9984009746863483,0.4054515250798665
2025-01-02,0.10000000000000002,0.25,4.0,0.4000000000000001
2025-01-03,0.10061076924909931,0.25002741459128325,3.999561414634022,0.39789237348028494
2025-01-06,0.10085383809631779,0.2500339664225545,3.9994566110670404,0.39621623926018756
2025-01-07,0.09992456187397541,0.2500434331055137,3.9993051910226276,0.39430539548800786
2025-01-08,0.09956906312943532,0.25004355829136415,3.999303188745804,0.3930554392747295
2025-01-10,0.10041127727697167,0.2501656915870906,3.9973506904797467,0.39036586231434633
2025-01-13,0.10026054796305937,0.25017465837401076,3.9972074170078464,0.3906334372873647
2025-01-14,0.10129516123294505,0.25020834202111364,3.9966693033584617,0.3894972282815724
2025-01-15,0.10164710014844608,0.2501983387151351,3.996829096209773,0.39292173812304904
2025-01-16,0.10053401436936629,0.2501249419838036,3.9980019268320444,0.39043806616041227
2025-01-17,0.10053734545494011,0.25008800298487355,3.998592447717232,0.3909112441128682
2025-01-21,0.10067505613613206,0.2501043026171049,3.998331854094256,0.3909837797465726
2025-01-22,0.101602120291307,0.2501136440420724,3.9981825215092495,0.3945748793612341
2025-01-23,0.10274377769283924,0.2501222262644359,3.998045335414427,0.3965313383957961
2025-01-24,0.10361724152728129,0.2502087365470916,3.9966630014607456,0.3958963810564287
2025-01-27,0.10264360320121987,0.25018877502738274,3.996981878545717,0.39358085497830375
2025-01-28,0.10300255727804897,0.25020340570946475,3.9967481544243895,0.3954799998142782
2025-01-29,0.10267749749680502,0.2501861212825276,3.9970242748626745,0.39403973208685167
2025-01-30,0.1028655890084045,0.25018606715068586,3.997025139684157,0.39494215839106445
2025-01-31,0.10293725870104366,0.2501395268143017,3.997768816211038,0.39806716522308894
2025-02-03,0.1,0.25,4.0,0.4
2025-02-04,0.10019362599477233,0.2500165412683332,3.9997353572167778,0.3966500408825069
2025-02-05,0.09969017731938962,0.250012596649931,3.9997984637558304,0.39422596284243794
2025-02-06,0.0996491722609776,0.2500137515316191,3.9997799875961246,0.394490354707579
2025-02-07,0.09969944288703908,0.25000979254997674,3.99984332533735,0.3953981309464201
2025-02-10,0.10139754256845009,0.2500692441198809,3.9988924008608158,0.3969174133229795
2025-02-11,0.10042845254778252,0.250038620880437,3.999382161358897,0.3946242815545391
2025-02-12,0.10152951212777385,0.25008823660490387,3.9985887124304327,0.39456914923069003
2025-02-13,0.10123915057871023,0.2500743324460257,3.99881103437848,0.3954373938175934
2025-02-14,0.10104628951740713,0.2500746715677172,3.9988056116639235,0.3931694084811612
2025-02-18,0.10125855973276515,0.2500817673184299,3.9986921506624546,0.3930468053508008
2025-02-19,0.10236678183022187,0.2501609731571355,3.997426086809562,0.392642850687847
2025-02-20,0.10292570300216901,0.25021232088026973,3.996605748597467,0.3929926314465783
2025-02-21,0.10251558114507814,0.25027588861179423,3.9955906481711123,0.38949315953259234
2025-02-24,0.10230459084949348,0.25031984747398994,3.9948889794042692,0.38739353305805013
2025-02-25,0.10315017784594413,0.25040023154092117,3.9936065308173525,0.38823172286472163
2025-02-26,0.10266524908066978,0.25034599343625585,3.9944717559645078,0.3879355320885955
2025-02-27,0.1010720465836022,0.2502183722313589,3.996509093566367,0.38581057409635416
2025-02-28,0.09974250228129633,0.25013352215760837,3.9978647858718555,0.38441865303413325
2025-03-03,0.1,0.25,4.0,0.4
2025-03-04,0.10065269172013651,0.2500038004354172,3.9999391939576827,0.4008355320723416
2025-03-05,0.10202415150316291,0.25003850068007527,3.9993840839715395,0.4002976959759498
2025-03-06,0.10128993047516952,0.2500408784846594,3.999346051175198,0.39974920940068065
2025-03-07,0.100391637474425,0.25000424720256476,3.999932045913423,0.3994296915143701
2025-03-10,0.09955132851288555,0.25001388405144737,3.9997778675132376,0.39607491102768627
2025-03-11,0.10076006232884399,0.2500314007678212,3.9994976508114615,0.3969407223071935
2025-03-12,0.10057466103685954,0.2500332861847435,3.9994674919447495,0.3970075950728513
2025-03-13,0.10061370637983272,0.2500355799424663,3.999430801928678,0.39722897935056467
2025-03-14,0.10137106920272655,0.25005617200319513,3.9991014498423274,0.39848861441009387
2025-03-17,0.10178559119561323,0.2501435561631557,3.9977044195683846,0.39695130848888277
2025-03-18,0.10114912794294895,0.25013197425533207,3.9978895260276106,0.3947075578777323
2025-03-19,0.10161384929555614,0.2501789000359878,3.997139646293719,0.39442647348522253
2025-03-20,0.10166636775349483,0.25016947550475227,3.9972902288832746,0.39451004894973757
2025-03-21,0.10133956977993842,0.2501113003362997,3.99821998708335,0.3953408610787086
2025-03-24,0.10162536960055271,0.2501214692608406,3.9980574356739615,0.3961513326357203
2025-03-25,0.10106563395849266,0.2500946473903399,3.998486214857815,0.39689121344326483
2025-03-26,0.1014069934983093,0.25009166421545287,3.9985339101046744,0.3979076315489294
2025-03-27,0.10086403149753964,0.2500733486018807,3.9988267665900303,0.3980849552394181
2025-03-28,0.10069870758402247,0.25005299148743293,3.9991523158812425,0.3975057831129888
2025-03-31,0.10081374314345355,0.2500638120400657,3.9989792678989393,0.39545368615137594
2025-04-01,0.1,0.25,4.0,0.4
2025-04-02,0.10080732354011368,0.25000325054252454,3.9999479919958243,0.4010438553718513
2025-04-03,0.10239451100448786,0.25005204562359507,3.9991674433461997,0.4019169636846259
2025-04-04,0.10215054281707099,0.2500468215173762,3.999250995999996,0.401364562893561
2025-04-07,0.10382141149563928,0.25010449735976753,3.99832874081241,0.40339926930018005
2025-04-08,0.10336019560514068,0.2500639867996073,3.998976473175107,0.4042838098621921
2025-04-09,0.10412390335527955,0.2500548903218968,3.9991219476359587,0.4069784724534339
2025-04-10,0.10396677779353178,0.25005650251483114,3.999096164038721,0.40632680243894553
2025-04-11,0.10337830535022093,0.25004113345740336,3.999341972949257,0.40489549809791786
2025-04-14,0.10406783443131036,0.2500486270666246,3.999222118238439,0.4067996373874968
2025-04-15,0.10501814642752105,0.2500769756575249,3.9987687685789943,0.4079791288829146
2025-04-16,0.10575698806412115,0.2500976712642817,3.9984378700723133,0.40928796644836385
2025-04-17,0.10618132760122528,0.2501131228114758,3.998190853639278,0.4100480069746992
2025-04-21,0.10526547477935355,0.2500829327878547,3.9986735154305784,0.40925555461547014
2025-04-22,0.1055363066341097,0.2500964437900648,3.9984574944193008,0.41005797900377033
2025-04-23,0.10592231484880707,0.2500706128381586,3.9988705136144196,0.4117406031147676
2025-04-24,0.10564858048796805,0.2500629531694005,3.998993002864237,0.4115011942961958
2025-04-25,0.10628052015620311,0.25007170656059097,3.998853024013357,0.4137783352484833
2025-04-28,0.10557443396033647,0.25006139867095634,3.999017862472454,0.4127856596029174
2025-04-29,0.1053769738111424,0.2500638757355181,3.9989782492920227,0.41145924163786285
2025-04-30,0.10625987962067449,0.2501176475823915,3.998118524086106,0.4108225974258298
2025-05-01,0.1,0.25,4.0,0.4
2025-05-02,0.1003367149486367,0.2500101473321633,3.999837649275094,0.39765340323693055
2025-05-05,0.10066561429979477,0.25003287511920125,3.999474067253187,0.3948206913851647
2025-05-06,0.1007776156673895,0.25009024190591966,3.9985566505077217,0.39037789506551374
2025-05-07,0.09960102132376887,0.25006520323259673,3.998957020301044,0.3897770888373715
2025-05-08,0.09913576976647702,0.2500437893132395,3.9992994936869293,0.3893646565331054
2025-05-09,0.09970249319874344,0.2500649898492682,3.9989604326570083,0.3882938855582191
2025-05-12,0.10073338885528661,0.2500969184888018,3.998449905110588,0.39001686773839794
2025-05-13,0.10033298965702253,0.2500815128379906,3.998696219691482,0.38944063269853496
2025-05-14,0.10137650004426511,0.25015162200971686,3.997575518263704,0.38951572226429293
2025-05-15,0.10139709534123877,0.2501384465724932,3.997786080878166,0.38974578345888533
2025-05-16,0.10003547841885076,0.2500782769097224,3.9987479614672705,0.3892607673824183
2025-05-19,0.10006891474697667,0.2500903273671835,3.998555284114593,0.3903194066339367
2025-05-20,0.09921794590649265,0.2500727303164584,3.9988366533789375,0.3896132705731048
2025-05-21,0.0986984815624124,0.2500406057870076,3.9993504129158577,0.3896815258374271
2025-05-22,0.0997637743910558,0.25004382991147334,3.999298844342788,0.3911998033416052
2025-05-23,0.1001493797990486,0.25004769580240244,3.999237012726722,0.3915180207892048
2025-05-27,0.09940664759436924,0.25004039245454385,3.9993538251296545,0.3890988621141712
2025-05-28,0.09915792265068578,0.2500325630445662,3.999479059140622,0.3900418907797345
2025-05-29,0.09909586175456007,0.25007335635396366,3.9988266426294556,0.3886492166863035
2025-05-30,0.09958246084179352,0.2501054222890377,3.9983139543625588,0.3897509031170931
2025-06-02,0.10000000000000002,0.25,4.0,0.4000000000000001
2025-06-03,0.10100858331380973,0.2500117452439135,3.9998120849258174,0.40154042243531235
2025-06-04,0.10178224891667102,0.250023944674472,3.99961692189917,0.40109075239853675
2025-06-05,0.10176776827724354,0.25003576513184533,3.9994278397440226,0.4005221278621769
2025-06-06,0.10236111082716184,0.2500615226443804,3.9990158798726037,0.4010524209255602
2025-06-09,0.10206298768495785,0.2500297879560133,3.99952344948565,0.4011908976819768
2025-06-10,0.10297368189600825,0.2500624473257915,3.999001092303793,0.4012157608064633
2025-06-11,0.10354525723174587,0.25007095864551077,3.9988649838286685,0.4026850109848329
2025-06-12,0.104121205711103,0.2501107142764196,3.9982293557196873,0.4028917726105084
2025-06-13,0.10281079293463358,0.25008042332866853,3.9987136405545374,0.40274200977019153
2025-06-16,0.10193416897228529,0.25007042166009813,3.998873570738504,0.4005046772613133
2025-06-17,0.1016824758751702,0.25004845867456665,3.9992248114653695,0.3996230230633086
2025-06-18,0.1015191883637758,0.2500679286638228,3.9989134366140306,0.3965564805896011
2025-06-20,0.10332374664742516,0.2501350332225468,3.9978406347834263,0.39845894655524555
2025-06-23,0.10297803803644862,0.2501220024276429,3.9980489133069663,0.39901766973528874
2025-06-24,0.10357505003531442,0.2501495511557129,3.9976086120479213,0.4002447597397881
2025-06-25,0.10294365876359782,0.2501422019740689,3.9977260618488737,0.39815532830791067
2025-06-26,0.10354398470656075,0.2501941246197599,3.9968964160120883,0.39815380808513956
2025-06-27,0.10529153339853169,0.2503177604109504,3.9949222874089525,0.4001148866923715
2025-06-30,0.10587072131437211,0.2504215985213218,3.993265780207279,0.39902709435252237
2025-07-01,0.09999999999999999,0.25,4.0,0.39999999999999997
2025-07-02,0.1003429094915834,0.25001133498703076,3.9998186484299785,0.3984628991223135
2025-07-03,0.10121433145517478,0.2500316915692993,3.9994929991618204,0.3997560657999204
2025-07-07,0.10128429547660694,0.2500418117265236,3.999331124243023,0.3969231656579412
2025-07-08,0.10148383233171722,0.2500541355900249,3.9991340180813704,0.3980237700802689
2025-07-09,0.10036053888510355,0.2500560343764815,3.999103650881752,0.3950635228088678
2025-07-10,0.1017515937806044,0.2501317290936582,3.997893444480066,0.3964614940426934
2025-07-11,0.10177518527324841,0.25017023211267775,3.9972781395893486,0.3979582929927181
2025-07-14,0.10080915066532424,0.250084567972212,3.9986473700013123,0.39589035775803305
2025-07-15,0.100307226493153,0.2500886291296721,3.998582436474932,0.39318219471866517
2025-07-16,0.09912430058698626,0.25007720155552604,3.9987651564389584,0.39025199077384587
2025-07-17,0.09998737931572209,0.2501199344846532,3.998081968398076,0.3898832785395827
2025-07-18,0.09996461223336525,0.25010638695753556,3.9982985327351335,0.3899378705186616
2025-07-21,0.1002401516107706,0.25017497043607556,3.9972024309902694,0.38792510612636405
2025-07-22,0.10054736392391472,0.2502003382314507,3.9967971549060755,0.3896071446088907
2025-07-23,0.1011524231723515,0.25026738746463284,3.9957263714247127,0.3885794809271881
2025-07-24,0.1007450852220496,0.25021456427229893,3.9965699155375236,0.3880410569456112
2025-07-25,0.1007953514124485,0.2501805558867955,3.997113190732901,0.38795546849144547
2025-07-28,0.10046736393296508,0.25015458923041095,3.9975281008293866,0.38844989461894897
2025-07-29,0.10118182792506766,0.25017695131623596,3.9971707814759916,0.3893139797591336
2025-07-30,0.10034050852636835,0.25012162578856906,3.998054933663803,0.388651460796283
2025-07-31,0.10115179608616147,0.25028316964680164,3.995474411688149,0.38897498342841746
2025-08-01,0.10000000000000002,0.25,4.0,0.4000000000000001
2025-08-04,0.10065533220226375,0.25000259932171254,3.999958411285009,0.4006749954251144
2025-08-05,0.10105523859210762,0.25000927494579384,3.99985160637267,0.40058865617876205
2025-08-06,0.1001483788594118,0.2500027205507347,3.999956471661929,0.39833391939758833
2025-08-07,0.10112701061595453,0.25002406921690784,3.999614929602846,0.3985043605653862
2025-08-08,0.10028190024418622,0.25003438337823136,3.9994499415997624,0.3973370137087642
2025-08-11,0.10110743740053867,0.25002913525535864,3.99953389023517,0.39802514865865174
2025-08-12,0.10057981979346961,0.2500114982558015,3.9998160363682196,0.3982449005132702
2025-08-13,0.09951354076592238,0.2500169696338216,3.999728504287586,0.3939970098116365
2025-08-14,0.10137306760483722,0.25006040192853174,3.999033802584241,0.39583263601630253
2025-08-15,0.10152592244373945,0.2501190027331849,3.998096862183449,0.3915845360740585
2025-08-18,0.10107808215551187,0.2501259440020456,3.9979859106171802,0.3901712685508669
2025-08-19,0.10035335880867094,0.2501323206304005,3.997883989880764,0.3904346588540687
2025-08-20,0.10011995398320186,0.25012257272030725,3.9980397975444735,0.38905900729387954
2025-08-21,0.09904919697369914,0.25011413962098783,3.998174599466295,0.3878910755242385
2025-08-22,0.09949337946919733,0.2501264631411864,3.997977612770784,0.38596409994335384
2025-08-25,0.09868059067207617,0.250069522037823,3.998887956640914,0.387580451779538
2025-08-26,0.09785173196785688,0.25008133266900656,3.9986991005184027,0.384009839580261
2025-08-27,0.09864172740875292,0.25007345126198155,3.998825124992503,0.38514301087589764
2025-08-28,0.09901250436785537,0.25008965625338886,3.998566014208952,0.3858523819246923
2025-08-29,0.09907433208576773,0.2501104378803509,3.9982337741473426,0.38437346414792195
2025-09-02,0.1,0.25,4.0,0.4
2025-09-03,0.10098706703086599,0.2500245918069703,3.9996065697891146,0.397624519109982
2025-09-04,0.101050247947771,0.250033108880501,3.9994703280593638,0.3981659632502384
2025-09-05,0.10097618647833488,0.2500243418375875,3.9996105685165118,0.3984488100476756
2025-09-08,0.10029857429696915,0.250017732047283,3.9997163073652766,0.39575143758496906
2025-09-09,0.10088310592790045,0.25005874100048586,3.9990603647726797,0.393207364579313
2025-09-10,0.1011771016197389,0.2501003315955611,3.9983953384640314,0.39146768743568366
2025-09-11,0.10135780191061734,0.25008013249055366,3.998718290977286,0.39339365837323426
2025-09-12,0.10065583101985541,0.2500784712279774,3.998744854323652,0.39169928520182495
2025-09-15,0.10193414195438825,0.2501088317837067,3.9982594491696988,0.3949982914493921
2025-09-16,0.10101310800562437,0.25011870069579933,3.998101690189992,0.3948764866753155
2025-09-17,0.10233585180153154,0.2501834152744968,3.9970675070640387,0.39471689607861987
2025-09-18,0.10190060855825692,0.2502576500918974,3.995881842704065,0.3937797835727027
2025-09-19,0.10134995425940063,0.2502710031679733,3.9956686445566145,0.39352899681842807
2025-09-22,0.10129299319505784,0.25027527891342305,3.9956003818736203,0.3934758718756425
2025-09-23,0.10252269519472546,0.25032670193356243,3.9947795911336836,0.3943447089105125
2025-09-24,0.1028268613539402,0.250377959728772,3.9939617731659536,0.39247908631766937
2025-09-25,0.1025402545134212,0.2504490858264081,3.9928275110300158,0.38980316762602685
2025-09-26,0.10240320316485492,0.2504427613369763,3.9929283428339053,0.3885042951060099
2025-09-29,0.10170236731838461,0.250477493770455,3.99237466387471,0.3863810812592398
2025-09-30,0.10138057906787976,0.25045270406458,3.992769827480669,0.38433804244023884
2025-10-01,0.1,0.25,4.0,0.4
2025-10-02,0.10038939259510488,0.2500047773895213,3.999923563228332,0.3986879220833657
2025-10-03,0.10095934132316343,0.250013447181568,3.999784856667198,0.4005219102762402
2025-10-06,0.1005779686679124,0.2500184483329896,3.999704848452383,0.3985325645354262
2025-10-07,0.10132767790181647,0.25002062893866295,3.9996699642145446,0.39943923479126325
2025-10-08,0.10094933649456612,0.2500239968013321,3.999616088029324,0.39726904070143354
2025-10-09,0.10103343513673206,0.25003872399578975,3.999380512023563,0.39629122766495417
2025-10-10,0.10141927495157389,0.25006004878953425,3.99903945008689,0.39730087523761015
2025-10-13,0.10107886943204619,0.25008230277419435,3.9986835889900028,0.39551775592572475
2025-10-14,0.10143705659436406,0.250083675251801,3.9986616439203124,0.3965836353927841
2025-10-15,0.10036730441405034,0.2500911495096653,3.998542139378478,0.3938805030983876
2025-10-16,0.10175147770948154,0.25014564168910985,3.99767108971995,0.39454768469765905
2025-10-17,0.1023770454470903,0.2501922370985308,3.996926569732776,0.3935138476028921
2025-10-20,0.10269567344908466,0.25020657217456493,3.9966975739642714,0.39313713496720626
2025-10-21,0.10338793120550573,0.25026563595489076,3.9957543359258696,0.39298817384346874
2025-10-22,0.10275402501398671,0.2502548236191794,3.9959269737063345,0.39086688958171023
2025-10-23,0.1023502635253777,0.25019699897298975,3.9968504982266233,0.3912896356153893
2025-10-24,0.10289274705236033,0.25021575111838584,3.996550958643946,0.391774809733989
2025-10-27,0.10192068742745863,0.2501512065942705,3.997582156866975,0.39128283134551495
2025-10-28,0.10260789921036503,0.2502640989627012,3.995778875774898,0.390447625557721
2025-10-29,0.10297084169938997,0.25033831564959785,3.9945942649854462,0.39032418593345736
2025-10-30,0.1040888613246152,0.25041924283321093,3.993303344767476,0.390698727466843
2025-10-31,0.10314929432525474,0.2502859579411,3.9954299003675264,0.3922390497253675
2025-11-03,0.1,0.25,4.0,0.4
2025-11-04,0.10036706834537025,0.2500037129741897,3.9999405932952667,0.399597599146569
2025-11-05,0.10103340666109281,0.25001660504098744,3.9997343369895817,0.39864023376874846
2025-11-06,0.10268864077432276,0.2500643373376471,3.9989708674442412,0.4004030334668337
2025-11-07,0.10302611155354986,0.2501117389536256,3.998212975462998,0.3979820968694977
2025-11-10,0.10402676321840996,0.25012895254634704,3.9979378229503735,0.4004562296441553
2025-11-11,0.10377454831886994,0.2501706713516616,3.9972711213390526,0.39764625657903974
2025-11-12,0.10395396135393285,0.2501623739797902,3.997403702607918,0.39931167480529584
2025-11-13,0.1043000523057143,0.25015609705905917,3.9975040055246414,0.40124234801210373
2025-11-14,0.1051086771638761,0.25022333380748407,3.9964298484224354,0.40173536487845923
2025-11-17,0.10451421186433675,0.2501947127356011,3.9968870207771836,0.40016050123258784
2025-11-18,0.10428283627971517,0.2501850544758142,3.997041318456022,0.39908220702532465
2025-11-19,0.10457050883864252,0.2502110807140979,3.9966255576932004,0.3998599250340886
2025-11-20,0.10536680084417291,0.25030722857783977,3.9950903762614396,0.4004169357980677
2025-11-21,0.10476122895118953,0.2502924763659251,3.9953258464629595,0.3992721198215818
2025-11-24,0.10519922151692239,0.2503108059486632,3.995033279566414,0.39990968987207215
2025-11-25,0.10517605821049462,0.250265555485472,3.995755620705264,0.39994322210723
2025-11-26,0.10553901627827067,0.25035060293865224,3.994398208999111,0.3995045965797214
2025-11-28,0.10499248638581933,0.25033353999503105,3.9946704705244422,0.3965680673154206
2025-12-01,0.10000000000000002,0.25,4.0,0.4000000000000001
2025-12-02,0.10032020854676355,0.2500050892119749,3.999918574265973,0.3999583320442299
2025-12-03,0.10042979425203749,0.25000774975180173,3.999876007814807,0.3985542088316174
2025-12-04,0.10062534167018314,0.2500116661546954,3.999813350234814,0.3987152108151499
2025-12-05,0.10109347834610821,0.25001960093515935,3.999686409624109,0.4003491014095754
2025-12-08,0.10091029916577834,0.25002162648740534,3.999654006132043,0.3995255116299195
2025-12-09,0.10188698706350907,0.2500293221971807,3.999530899865295,0.4001389521471162
2025-12-10,0.10275827570938076,0.25006928433917236,3.9988917577085816,0.4005136557312994
2025-12-11,0.10320605552474846,0.25011705136284956,3.998128054649425,0.3992076326246416
2025-12-12,0.1024646878121601,0.2501041766470138,3.998333867935987,0.3980249450783846
2025-12-15,0.10275276883169746,0.25010458371680744,3.9983273602546068,0.40150677128506396
2025-12-16,0.10314966278896784,0.2501843787298424,3.9970521144321087,0.4009423646869138
2025-12-17,0.10369787334259961,0.25023080478041787,3.9963105297028414,0.4010443474275902
2025-12-18,0.10325584803918826,0.25024445937383827,3.99609247094701,0.40200905502173395
2025-12-19,0.10406185709695977,0.25032937393884913,3.9947369510231012,0.40385908978293755
2025-12-22,0.10314166678135898,0.2503010378866278,3.995189186762156,0.40226207394434
2025-12-23,0.10440361981380665,0.2503907663310225,3.993757496144952,0.4047487918498923
2025-12-24,0.10517852321129458,0.2503584955019773,3.9942722854080346,0.40597327759235136
2025-12-26,0.10391577337262192,0.25028207757739357,3.9954918453590613,0.4028069375290927
2025-12-29,0.10483650726227867,0.2503029681461361,3.9951583770918893,0.40365708524716426
2025-12-30,0.10471033556972198,0.2502967780815991,3.995257180953366,0.40521411076839176
2025-12-31,0.10451533998413678,0.2503100494323188,3.9950453538238357,0.40402979934818656
