session,nav,return,gross_return,cost_usd,terminal_settlement_usd,cost_return,traded_notional_usd,turnover,half_turnover,gross_exposure,net_exposure,cash_weight,rebalance
2020-01-02,99940.03597841298,-0.000599640215870223,0.0,59.96402158704778,0.0,-0.0005996402158704778,99940.03597841298,0.9994003597841298,0.4997001798920649,1.0,1.0,0.0,True
2020-01-03,98055.64546580058,-0.018855211469199662,-0.018855211469199582,0.0,0.0,-0.0,0.0,0.0,0.0,0.9999999999999999,0.9999999999999999,0.0,False
2020-01-06,97441.30395983791,-0.00626523340950258,-0.0062652334095024175,0.0,0.0,-0.0,0.0,0.0,0.0,1.0,1.0,0.0,False
2020-01-07,98616.6683447454,0.012062280954203253,0.01206228095420314,0.0,0.0,-0.0,0.0,0.0,0.0,1.0,1.0,0.0,False
2020-01-08,99130.49520130665,0.005210344916185994,0.005210344916186168,0.0,0.0,-0.0,0.0,0.0,0.0,1.0,1.0,0.0,False
2020-01-09,99155.12566541725,0.00024846505669695595,0.00024846505669690245,0.0,0.0,-0.0,0.0,0.0,0.0,0.9999999999999998,0.9999999999999998,0.0,False
2020-01-10,99326.65619205097,0.0017299209242347402,0.0017299209242349941,0.0,0.0,-0.0,0.0,0.0,0.0,1.0000000000000002,1.0000000000000002,0.0,False
2020-01-13,98854.44535336549,-0.004754119959222702,-0.00475411995922258,0.0,0.0,-0.0,0.0,0.0,0.0,1.0000000000000004,1.0000000000000004,0.0,False
2020-01-14,98607.42871730181,-0.0024987913814162876,-0.002498791381416525,0.0,0.0,-0.0,0.0,0.0,0.0,1.0,1.0,0.0,False
2020-01-15,98605.48421241484,-1.971965918046159e-05,-1.971965918048631e-05,0.0,0.0,-0.0,0.0,0.0,0.0,1.0,1.0,0.0,False
2020-01-16,98716.57124281442,0.0011265806490059482,0.0011265806490060413,0.0,0.0,-0.0,0.0,0.0,0.0,1.0,1.0,0.0,False
2020-01-17,99161.63864383912,0.004508537881952712,0.0045085378819525465,0.0,0.0,-0.0,0.0,0.0,0.0,1.0000000000000002,1.0000000000000002,0.0,False
2020-01-21,99417.04997003138,0.00257570699400822,0.0025757069940081897,0.0,0.0,-0.0,0.0,0.0,0.0,1.0,1.0,0.0,False
2020-01-22,100064.46789493773,0.006512141781530589,0.006512141781530464,0.0,0.0,-0.0,0.0,0.0,0.0,1.0000000000000002,1.0000000000000002,0.0,False
2020-01-23,99530.93218757567,-0.005331919697232013,-0.005331919697231876,0.0,0.0,-0.0,0.0,0.0,0.0,1.0,1.0,0.0,False
2020-01-24,100257.67938690036,0.007301722021000101,0.007301722020999949,0.0,0.0,-0.0,0.0,0.0,0.0,0.9999999999999999,0.9999999999999999,0.0,False
2020-01-27,101266.88548361325,0.010066122644015296,0.010066122644015246,0.0,0.0,-0.0,0.0,0.0,0.0,0.9999999999999999,0.9999999999999999,0.0,False
2020-01-28,100658.34226663595,-0.006009301205138429,-0.006009301205138489,0.0,0.0,-0.0,0.0,0.0,0.0,1.0,1.0,0.0,False
2020-01-29,100248.773976261,-0.004068895643940196,-0.004068895643940094,0.0,0.0,-0.0,0.0,0.0,0.0,1.0,1.0,0.0,False
2020-01-30,101173.30662643311,0.00922238361130523,0.00922238361130521,0.0,0.0,-0.0,0.0,0.0,0.0,1.0,1.0,0.0,False
2020-01-31,101202.07447741232,0.0002843423027125702,0.0002843423027124668,0.0,0.0,-0.0,0.0,0.0,0.0,0.9999999999999999,0.9999999999999999,0.0,False
2020-02-03,102261.65242016081,0.010469923153452632,0.010492047993483331,2.2390797085967233,0.0,-2.212484003078882e-05,3731.799514327872,0.036491859048143484,0.018245929524071742,1.0,1.0,0.0,True
2020-02-04,101913.38521374713,-0.0034056481405441152,-0.0034056481405440983,0.0,0.0,-0.0,0.0,0.0,0.0,0.9999999999999998,0.9999999999999998,0.0,False
2020-02-05,102610.94951693868,0.006844677975601732,0.006844677975601725,0.0,0.0,-0.0,0.0,0.0,0.0,1.0,1.0,0.0,False
2020-02-06,102673.64641800956,0.0006110156992606974,0.0006110156992606,0.0,0.0,-0.0,0.0,0.0,0.0,1.0,1.0,0.0,False
2020-02-07,102802.85180766018,0.0012584085026510206,0.0012584085026509971,0.0,0.0,-0.0,0.0,0.0,0.0,0.9999999999999999,0.9999999999999999,0.0,False
2020-02-10,103679.0611806427,0.008523201035530503,0.008523201035530672,0.0,0.0,-0.0,0.0,0.0,0.0,1.0000000000000002,1.0000000000000002,0.0,False
2020-02-11,103640.76734681039,-0.0003693497355805597,-0.00036934973558078795,0.0,0.0,-0.0,0.0,0.0,0.0,0.9999999999999998,0.9999999999999998,0.0,False
2020-02-12,103210.23953401,-0.004154039224349981,-0.0041540392243499275,0.0,0.0,-0.0,0.0,0.0,0.0,0.9999999999999999,0.9999999999999999,0.0,False
2020-02-13,103075.13651261356,-0.0013090079240821728,-0.0013090079240823105,0.0,0.0,-0.0,0.0,0.0,0.0,0.9999999999999999,0.9999999999999999,0.0,False
2020-02-14,103408.95977228164,0.003238639995662096,0.0032386399956619858,0.0,0.0,-0.0,0.0,0.0,0.0,0.9999999999999999,0.9999999999999999,0.0,False
2020-02-18,102366.74175034056,-0.010078604641572286,-0.010078604641572212,0.0,0.0,-0.0,0.0,0.0,0.0,0.9999999999999999,0.9999999999999999,0.0,False
2020-02-19,102597.32246719988,0.0022524963959649202,0.0022524963959649033,0.0,0.0,-0.0,0.0,0.0,0.0,0.9999999999999999,0.9999999999999999,0.0,False
2020-02-20,102489.35567243346,-0.001052335403791127,-0.0010523354037910025,0.0,0.0,-0.0,0.0,0.0,0.0,1.0,1.0,0.0,False
2020-02-21,103094.17173319102,0.005901257323644549,0.005901257323644548,0.0,0.0,-0.0,0.0,0.0,0.0,1.0,1.0,0.0,False
2020-02-24,101690.13502101814,-0.013618972717551303,-0.013618972717551182,0.0,0.0,-0.0,0.0,0.0,0.0,1.0000000000000002,1.0000000000000002,0.0,False
2020-02-25,101215.78984940465,-0.004664613450610977,-0.00466461345061103,0.0,0.0,-0.0,0.0,0.0,0.0,1.0000000000000002,1.0000000000000002,0.0,False
2020-02-26,100641.45055057114,-0.0056744041585611305,-0.0056744041585612215,0.0,0.0,-0.0,0.0,0.0,0.0,1.0000000000000002,1.0000000000000002,0.0,False
2020-02-27,100216.00456350888,-0.004227343552132945,-0.004227343552133115,0.0,0.0,-0.0,0.0,0.0,0.0,0.9999999999999999,0.9999999999999999,0.0,False
2020-02-28,100582.64760955948,0.003658527873342532,0.0036585278733424617,0.0,0.0,-0.0,0.0,0.0,0.0,1.0,1.0,0.0,False
2020-03-02,100849.7528211008,0.002655579445255407,0.002668138059205275,1.263178641389734,0.0,-1.2558613949924302e-05,2105.2977356495567,0.02087532500074108,0.01043766250037054,1.0000000000000002,1.0000000000000002,0.0,True
2020-03-03,100617.10555896383,-0.002306869929068367,-0.0023068699290686285,0.0,0.0,-0.0,0.0,0.0,0.0,1.0,1.0,0.0,False
2020-03-04,100307.96562847619,-0.0030724391123184702,-0.0030724391123183492,0.0,0.0,-0.0,0.0,0.0,0.0,1.0000000000000002,1.0000000000000002,0.0,False
2020-03-05,100235.02082978137,-0.0007272084349212449,-0.0007272084349213825,0.0,0.0,-0.0,0.0,0.0,0.0,0.9999999999999998,0.9999999999999998,0.0,False
2020-03-06,99874.13406625639,-0.0036004059313543557,-0.003600405931354317,0.0,0.0,-0.0,0.0,0.0,0.0,1.0,1.0,0.0,False
2020-03-09,100341.18735924664,0.004676418948277528,0.004676418948277378,0.0,0.0,-0.0,0.0,0.0,0.0,0.9999999999999999,0.9999999999999999,0.0,False
2020-03-10,100766.12259583118,0.0042349034107316275,0.004234903410731713,0.0,0.0,-0.0,0.0,0.0,0.0,0.9999999999999998,0.9999999999999998,0.0,False
2020-03-11,101083.94881849426,0.0031540979693926996,0.003154097969392735,0.0,0.0,-0.0,0.0,0.0,0.0,1.0000000000000002,1.0000000000000002,0.0,False
2020-03-12,101335.06832282561,0.002484266862014417,0.0024842668620144244,0.0,0.0,-0.0,0.0,0.0,0.0,1.0,1.0,0.0,False
2020-03-13,101619.95411493219,0.0028113248140220204,0.002811324814021888,0.0,0.0,-0.0,0.0,0.0,0.0,0.9999999999999999,0.9999999999999999,0.0,False
2020-03-16,102838.49240008865,0.011991132015059636,0.011991132015059644,0.0,0.0,-0.0,0.0,0.0,0.0,0.9999999999999998,0.9999999999999998,0.0,False
2020-03-17,102840.76141975088,2.2063914097536497e-05,2.2063914097818498e-05,0.0,0.0,-0.0,0.0,0.0,0.0,1.0000000000000002,1.0000000000000002,0.0,False
2020-03-18,102464.64497398943,-0.0036572701385038098,-0.003657270138504166,0.0,0.0,-0.0,0.0,0.0,0.0,0.9999999999999999,0.9999999999999999,0.0,False
2020-03-19,102326.62768629337,-0.0013469747319291292,-0.0013469747319291925,0.0,0.0,-0.0,0.0,0.0,0.0,1.0,1.0,0.0,False
2020-03-20,101595.9521361077,-0.007140619863147735,-0.007140619863147613,0.0,0.0,-0.0,0.0,0.0,0.0,1.0,1.0,0.0,False
2020-03-23,100987.0926389952,-0.005992950351967008,-0.005992950351967001,0.0,0.0,-0.0,0.0,0.0,0.0,1.0,1.0,0.0,False
2020-03-24,100529.90070091252,-0.0045272314128006474,-0.004527231412800438,0.0,0.0,-0.0,0.0,0.0,0.0,1.0000000000000002,1.0000000000000002,0.0,False
2020-03-25,100583.52372605113,0.0005334037412227932,0.0005334037412224441,0.0,0.0,-0.0,0.0,0.0,0.0,1.0,1.0,0.0,False
2020-03-26,100974.55721929806,0.003887649574814578,0.0038876495748143888,0.0,0.0,-0.0,0.0,0.0,0.0,1.0,1.0,0.0,False
2020-03-27,101172.72652908898,0.001962566761847917,0.0019625667618483203,0.0,0.0,-0.0,0.0,0.0,0.0,1.0,1.0,0.0,False
2020-03-30,100612.91238587648,-0.005533251523586635,-0.005533251523586796,0.0,0.0,-0.0,0.0,0.0,0.0,1.0,1.0,0.0,False
2020-03-31,100762.15079076776,0.0014832927638444016,0.0014832927638443807,0.0,0.0,-0.0,0.0,0.0,0.0,1.0,1.0,0.0,False
2020-04-01,100994.36172404341,0.002304545223114962,0.0023221817897023035,1.777098381912511,0.0,-1.7636566587414845e-05,2961.830636520852,0.029326176931659124,0.014663088465829562,1.0000000000000002,1.0000000000000002,2.8817282430336945e-16,True
2020-04-02,100915.08171387376,-0.0007849944176713253,-0.0007849944176715248,0.0,0.0,-0.0,0.0,0.0,0.0,0.9999999999999998,0.9999999999999998,2.883992160780515e-16,False
2020-04-03,100356.77381153472,-0.005532452561669898,-0.00553245256167001,0.0,0.0,-0.0,0.0,0.0,0.0,0.9999999999999997,0.9999999999999997,2.9000364750055956e-16,False
2020-04-06,100666.3393198174,0.0030846498599490513,0.0030846498599491215,0.0,0.0,-0.0,0.0,0.0,0.0,0.9999999999999997,0.9999999999999997,2.8911183870778e-16,False
2020-04-07,100947.83540134544,0.0027963277837461664,0.0027963277837463147,0.0,0.0,-0.0,0.0,0.0,0.0,0.9999999999999997,0.9999999999999997,2.8830564163187405e-16,False
2020-04-08,99997.91749338096,-0.009409987883225335,-0.009409987883225323,0.0,0.0,-0.0,0.0,0.0,0.0,0.9999999999999998,0.9999999999999998,2.910443655855147e-16,False
2020-04-09,100039.28008281038,0.00041363450826015224,0.0004136345082601138,0.0,0.0,-0.0,0.0,0.0,0.0,0.9999999999999996,0.9999999999999996,2.9092402936768614e-16,False
2020-04-13,100442.04024308873,0.004026020178723444,0.0040260201787235776,0.0,0.0,-0.0,0.0,0.0,0.0,0.9999999999999998,0.9999999999999998,2.8975745998684344e-16,False
2020-04-14,100020.38101200474,-0.004198035305371106,-0.0041980353053712545,0.0,0.0,-0.0,0.0,0.0,0.0,0.9999999999999998,0.9999999999999998,2.9097900010239486e-16,False
2020-04-15,100179.13383415063,0.0015872047330718342,0.001587204733071787,0.0,0.0,-0.0,0.0,0.0,0.0,0.9999999999999998,0.9999999999999998,2.905178887343537e-16,False
2020-04-16,99481.9654689827,-0.006959217338833423,-0.006959217338833241,0.0,0.0,-0.0,0.0,0.0,0.0,0.9999999999999999,0.9999999999999999,2.9255383445161155e-16,False
2020-04-17,100207.19647297979,0.00729007514656721,0.007290075146567168,0.0,0.0,-0.0,0.0,0.0,0.0,0.9999999999999997,0.9999999999999997,2.904365303202686e-16,False
2020-04-20,100844.5238918426,0.00636009629343004,0.006360096293429927,0.0,0.0,-0.0,0.0,0.0,0.0,0.9999999999999998,0.9999999999999998,2.8860100016881467e-16,False
2020-04-21,100495.97442975924,-0.0034563052968269448,-0.003456305296826771,0.0,0.0,-0.0,0.0,0.0,0.0,0.9999999999999999,0.9999999999999999,2.896019529327074e-16,False
2020-04-22,100824.95742803958,0.0032735937946477556,0.00327359379464768,0.0,0.0,-0.0,0.0,0.0,0.0,0.9999999999999997,0.9999999999999997,2.886570071453349e-16,False
2020-04-23,99424.44215745958,-0.013890561487016395,-0.013890561487016456,0.0,0.0,-0.0,0.0,0.0,0.0,1.0,1.0,2.92723095299259e-16,False
2020-04-24,99065.66946648956,-0.0036084958907973697,-0.0036084958907975015,0.0,0.0,-0.0,0.0,0.0,0.0,0.9999999999999997,0.9999999999999997,2.937832108082458e-16,False
2020-04-27,98900.00650943168,-0.0016722539498299493,-0.0016722539498299014,0.0,0.0,-0.0,0.0,0.0,0.0,0.9999999999999997,0.9999999999999997,2.942753138641926e-16,False
2020-04-28,98373.00436500351,-0.0053286360944568845,-0.005328636094456764,0.0,0.0,-0.0,0.0,0.0,0.0,0.9999999999999998,0.9999999999999998,2.958518004466628e-16,False
2020-04-29,98550.31231171128,0.001802404509776867,0.001802404509776597,0.0,0.0,-0.0,0.0,0.0,0.0,0.9999999999999997,0.9999999999999997,2.9531951522060404e-16,False
2020-04-30,99571.73905165076,0.010364520578166614,0.01036452057816655,0.0,0.0,-0.0,0.0,0.0,0.0,0.9999999999999997,0.9999999999999997,2.9229006878785857e-16,False
2020-05-01,98682.98629697834,-0.008925753061432395,-0.00890799277394316,1.768422711331652,0.0,-1.7760287488946233e-05,2947.3711855527536,0.029866529981501706,0.014933264990750853,1.0000000000000002,1.0000000000000002,2.949224739627165e-16,True
2020-05-04,98164.12103545072,-0.005257899877149419,-0.005257899877149825,0.0,0.0,-0.0,0.0,0.0,0.0,0.9999999999999997,0.9999999999999997,2.964813431806029e-16,False
2020-05-05,98203.33920805165,0.000399516362875163,0.00039951636287529734,0.0,0.0,-0.0,0.0,0.0,0.0,0.9999999999999996,0.9999999999999996,2.9636294133618923e-16,False
2020-05-06,99059.23040842949,0.008715499974645047,0.008715499974645114,0.0,0.0,-0.0,0.0,0.0,0.0,0.9999999999999997,0.9999999999999997,2.9380230733406847e-16,False
2020-05-07,98404.02321100503,-0.00661429727167262,-0.006614297271672442,0.0,0.0,-0.0,0.0,0.0,0.0,0.9999999999999998,0.9999999999999998,2.9575854225316746e-16,False
2020-05-08,98563.62404623294,0.0016218933943958902,0.0016218933943959808,0.0,0.0,-0.0,0.0,0.0,0.0,0.9999999999999999,0.9999999999999999,2.9527963017149265e-16,False
2020-05-11,99643.31193032785,0.010954222661176294,0.010954222661176167,0.0,0.0,-0.0,0.0,0.0,0.0,0.9999999999999998,0.9999999999999998,2.9208011950750446e-16,False
2020-05-12,98889.46478313008,-0.007565456552918182,-0.007565456552918124,0.0,0.0,-0.0,0.0,0.0,0.0,0.9999999999999998,0.9999999999999998,2.9430668393807134e-16,False
2020-05-13,98145.68207731107,-0.007521354346999187,-0.0075213543469992185,0.0,0.0,-0.0,0.0,0.0,0.0,0.9999999999999998,0.9999999999999998,2.965370441239392e-16,False
2020-05-14,98022.0286501291,-0.0012598967633090652,-0.0012598967633089464,0.0,0.0,-0.0,0.0,0.0,0.0,0.9999999999999999,0.9999999999999999,2.9691112148488853e-16,False
2020-05-15,97511.84575598691,-0.005204777958260687,-0.005204777958260563,0.0,0.0,-0.0,0.0,0.0,0.0,0.9999999999999998,0.9999999999999998,2.9846456326509256e-16,False
2020-05-18,98010.6515944943,0.0051153358306395,0.0051153358306391325,0.0,0.0,-0.0,0.0,0.0,0.0,0.9999999999999997,0.9999999999999997,2.969455868648525e-16,False
2020-05-19,98207.61022878479,0.0020095635636152576,0.0020095635636154835,0.0,0.0,-0.0,0.0,0.0,0.0,0.9999999999999998,0.9999999999999998,2.96350052597078e-16,False
2020-05-20,97021.86028542028,-0.012073910979018665,-0.012073910979018755,0.0,0.0,-0.0,0.0,0.0,0.0,0.9999999999999997,0.9999999999999997,2.9997188645028703e-16,False
2020-05-21,97214.43862951086,0.0019848964297741745,0.0019848964297742295,0.0,0.0,-0.0,0.0,0.0,0.0,0.9999999999999998,0.9999999999999998,2.993776528160583e-16,False
2020-05-22,96812.24868634068,-0.004137142062846655,-0.00413714206284687,0.0,0.0,-0.0,0.0,0.0,0.0,0.9999999999999996,0.9999999999999996,3.0062136611480225e-16,False
2020-05-26,97400.00091723028,0.006071052360263174,0.00607105236026333,0.0,0.0,-0.0,0.0,0.0,0.0,0.9999999999999998,0.9999999999999998,2.988072914030658e-16,False
2020-05-27,97111.21791282976,-0.0029649178817352517,-0.002964917881735216,0.0,0.0,-0.0,0.0,0.0,0.0,0.9999999999999997,0.9999999999999997,2.996958650323824e-16,False
2020-05-28,96951.97937669624,-0.0016397542895245643,-0.0016397542895245968,0.0,0.0,-0.0,0.0,0.0,0.0,0.9999999999999997,0.9999999999999997,3.0018809975662256e-16,False
2020-05-29,97126.53426378134,0.0018004262337636412,0.0018004262337637752,0.0,0.0,-0.0,0.0,0.0,0.0,0.9999999999999999,0.9999999999999999,2.9964860454808353e-16,False
2020-06-01,97495.63562668911,0.00380021140160669,0.0038136788553698848,1.3080471094199377,0.0,-1.3467453763638623e-05,2180.0785156998963,0.02236048058074434,0.01118024029037217,1.0,1.0,0.0,True
2020-06-02,97561.00476403038,0.0006704827033650052,0.0006704827033652159,0.0,0.0,-0.0,0.0,0.0,0.0,1.0,1.0,0.0,False
2020-06-03,97050.89775200957,-0.005228595310745376,-0.00522859531074529,0.0,0.0,-0.0,0.0,0.0,0.0,1.0,1.0,0.0,False
2020-06-04,97396.9769127111,0.003565955274168253,0.0035659552741681196,0.0,0.0,-0.0,0.0,0.0,0.0,1.0,1.0,0.0,False
2020-06-05,96816.17021379399,-0.005963292879589521,-0.005963292879589497,0.0,0.0,-0.0,0.0,0.0,0.0,1.0000000000000002,1.0000000000000002,0.0,False
2020-06-08,96709.28603170773,-0.0011039910156560584,-0.001103991015656335,0.0,0.0,-0.0,0.0,0.0,0.0,0.9999999999999999,0.9999999999999999,0.0,False
2020-06-09,95861.27347760326,-0.008768677641011968,-0.008768677641011784,0.0,0.0,-0.0,0.0,0.0,0.0,0.9999999999999999,0.9999999999999999,0.0,False
2020-06-10,96002.71944106431,0.0014755276904818704,0.0014755276904814987,0.0,0.0,-0.0,0.0,0.0,0.0,0.9999999999999998,0.9999999999999998,0.0,False
2020-06-11,95621.47359873816,-0.003971198363398432,-0.003971198363398175,0.0,0.0,-0.0,0.0,0.0,0.0,1.0,1.0,0.0,False
2020-06-12,94872.04797444394,-0.00783741973522678,-0.007837419735226912,0.0,0.0,-0.0,0.0,0.0,0.0,0.9999999999999998,0.9999999999999998,0.0,False
2020-06-15,95510.40967979237,0.006728659483775434,0.006728659483775588,0.0,0.0,-0.0,0.0,0.0,0.0,1.0,1.0,0.0,False
2020-06-16,95476.40427776836,-0.00035603869921629894,-0.00035603869921634935,0.0,0.0,-0.0,0.0,0.0,0.0,1.0,1.0,0.0,False
2020-06-17,95249.52283952564,-0.002376308994447074,-0.0023763089944471953,0.0,0.0,-0.0,0.0,0.0,0.0,0.9999999999999999,0.9999999999999999,0.0,False
2020-06-18,95901.90617897855,0.00684920322962701,0.00684920322962691,0.0,0.0,-0.0,0.0,0.0,0.0,0.9999999999999998,0.9999999999999998,0.0,False
2020-06-19,95537.52183404949,-0.0037995526830199022,-0.0037995526830194954,0.0,0.0,-0.0,0.0,0.0,0.0,1.0000000000000002,1.0000000000000002,0.0,False
2020-06-22,95353.64792480966,-0.0019246250657330988,-0.0019246250657333891,0.0,0.0,-0.0,0.0,0.0,0.0,0.9999999999999999,0.9999999999999999,0.0,False
2020-06-23,95337.0734949689,-0.0001738206162161804,-0.00017382061621598358,0.0,0.0,-0.0,0.0,0.0,0.0,1.0000000000000002,1.0000000000000002,0.0,False
2020-06-24,95111.33862072928,-0.002367755438303254,-0.0023677554383035133,0.0,0.0,-0.0,0.0,0.0,0.0,1.0,1.0,0.0,False
2020-06-25,95486.12086345933,0.003940458079604525,0.0039404580796048826,0.0,0.0,-0.0,0.0,0.0,0.0,1.0000000000000002,1.0000000000000002,0.0,False
2020-06-26,95192.71966888114,-0.003072710378482668,-0.0030727103784828095,0.0,0.0,-0.0,0.0,0.0,0.0,0.9999999999999999,0.9999999999999999,0.0,False
2020-06-29,95073.18783297221,-0.001255682538798264,-0.0012556825387981278,0.0,0.0,-0.0,0.0,0.0,0.0,1.0,1.0,0.0,False
2020-06-30,95885.82495910389,0.008547490040613281,0.008547490040613084,0.0,0.0,-0.0,0.0,0.0,0.0,0.9999999999999999,0.9999999999999999,0.0,False
2020-07-01,95227.56367090346,-0.006865053186758119,-0.006850719218242895,1.3744243960000577,0.0,-1.433396851501524e-05,2290.707326666763,0.024054739793216633,0.012027369896608317,1.0000000000000002,1.0000000000000002,1.5281200807212452e-16,True
2020-07-02,93901.9293170641,-0.013920700086590632,-0.01392070008659096,0.0,0.0,-0.0,0.0,0.0,0.0,0.9999999999999998,0.9999999999999998,1.549692890678705e-16,False
2020-07-06,94857.21345762981,0.010173211003366545,0.010173211003366751,0.0,0.0,-0.0,0.0,0.0,0.0,1.0,1.0,1.534086306980418e-16,False
2020-07-07,96253.37995291878,0.014718611736498133,0.014718611736497755,0.0,0.0,-0.0,0.0,0.0,0.0,0.9999999999999997,0.9999999999999997,1.5118342062881067e-16,False
2020-07-08,96028.80038435486,-0.002333212284844066,-0.0023332122848440714,0.0,0.0,-0.0,0.0,0.0,0.0,0.9999999999999998,0.9999999999999998,1.5153698859220227e-16,False
2020-07-09,95060.73952164232,-0.01008094299666229,-0.010080942996662332,0.0,0.0,-0.0,0.0,0.0,0.0,0.9999999999999996,0.9999999999999996,1.530801811725212e-16,False
2020-07-10,94951.62409787429,-0.0011478495151322488,-0.0011478495151321533,0.0,0.0,-0.0,0.0,0.0,0.0,0.9999999999999998,0.9999999999999998,1.5325609610812999e-16,False
2020-07-13,94595.83862371923,-0.0037470183110118738,-0.003747018311011774,0.0,0.0,-0.0,0.0,0.0,0.0,1.0,1.0,1.538325093374463e-16,False
2020-07-14,94343.03378098378,-0.0026724731913531086,-0.0026724731913530834,0.0,0.0,-0.0,0.0,0.0,0.0,0.9999999999999999,0.9999999999999999,1.542447242278529e-16,False
2020-07-15,93424.6846628374,-0.009734148684240052,-0.009734148684239989,0.0,0.0,-0.0,0.0,0.0,0.0,1.0,1.0,1.5576092422343847e-16,False
2020-07-16,93552.22765677811,0.001365195873028524,0.001365195873028475,0.0,0.0,-0.0,0.0,0.0,0.0,0.9999999999999998,0.9999999999999998,1.5554856995767674e-16,False
2020-07-17,93798.98939529265,0.002637689606065363,0.0026376896060653983,0.0,0.0,-0.0,0.0,0.0,0.0,0.9999999999999999,0.9999999999999999,1.5513936047904955e-16,False
2020-07-20,92996.80440603619,-0.008552170918130653,-0.008552170918130769,0.0,0.0,-0.0,0.0,0.0,0.0,0.9999999999999998,0.9999999999999998,1.5647758351815284e-16,False
2020-07-21,93370.95203837146,0.004023231063958743,0.004023231063958943,0.0,0.0,-0.0,0.0,0.0,0.0,0.9999999999999998,0.9999999999999998,1.5585056070100515e-16,False
2020-07-22,94301.28993128084,0.009963889974336615,0.009963889974336419,0.0,0.0,-0.0,0.0,0.0,0.0,0.9999999999999998,0.9999999999999998,1.5431300291831757e-16,False
2020-07-23,94094.80469837144,-0.0021896331753241682,-0.002189633175324112,0.0,0.0,-0.0,0.0,0.0,0.0,0.9999999999999998,0.9999999999999998,1.5465163326513297e-16,False
2020-07-24,93872.8320615973,-0.0023590318029320656,-0.0023590318029321476,0.0,0.0,-0.0,0.0,0.0,0.0,0.9999999999999998,0.9999999999999998,1.5501732406260207e-16,False
2020-07-27,93797.83651099658,-0.0007989058064372667,-0.0007989058064370201,0.0,0.0,-0.0,0.0,0.0,0.0,1.0,1.0,1.5514126732188358e-16,False
2020-07-28,94133.23843723144,0.0035757959747348966,0.0035757959747345297,0.0,0.0,-0.0,0.0,0.0,0.0,0.9999999999999997,0.9999999999999997,1.5458849042009904e-16,False
2020-07-29,93518.35960881496,-0.00653200547037891,-0.006532005470378994,0.0,0.0,-0.0,0.0,0.0,0.0,0.9999999999999998,0.9999999999999998,1.5560490249441031e-16,False
2020-07-30,93617.88615314246,0.0010642460447747304,0.0010642460447749477,0.0,0.0,-0.0,0.0,0.0,0.0,0.9999999999999999,0.9999999999999999,1.5543947664618775e-16,False
2020-07-31,93584.88138217872,-0.00035254770557147097,-0.00035254770557146024,0.0,0.0,-0.0,0.0,0.0,0.0,1.0,1.0,1.554942958034027e-16,False
2020-08-03,94514.21423329615,0.009930373767556011,0.009941602933070693,1.0508801227326094,0.0,-1.1229165514898303e-05,1751.466871221016,0.01853104754157168,0.00926552377078584,1.0,1.0,0.0,True
2020-08-04,94263.20401807269,-0.0026557932820969743,-0.00265579328209679,0.0,0.0,-0.0,0.0,0.0,0.0,0.9999999999999999,0.9999999999999999,0.0,False
2020-08-05,95134.77003519607,0.009246089459852058,0.009246089459852043,0.0,0.0,-0.0,0.0,0.0,0.0,1.0,1.0,0.0,False
2020-08-06,94379.32372920436,-0.007940801304425538,-0.007940801304425447,0.0,0.0,-0.0,0.0,0.0,0.0,1.0,1.0,0.0,False
2020-08-07,94651.71215995197,0.0028861028028677183,0.0028861028028674247,0.0,0.0,-0.0,0.0,0.0,0.0,0.9999999999999998,0.9999999999999998,0.0,False
2020-08-10,95055.99840759455,0.0042713041150208575,0.004271304115021003,0.0,0.0,-0.0,0.0,0.0,0.0,0.9999999999999999,0.9999999999999999,0.0,False
2020-08-11,94533.48137635386,-0.005496939067434536,-0.0054969390674343985,0.0,0.0,-0.0,0.0,0.0,0.0,1.0,1.0,0.0,False
2020-08-12,94487.40212550771,-0.0004874384204966997,-0.00048743842049664746,0.0,0.0,-0.0,0.0,0.0,0.0,1.0000000000000002,1.0000000000000002,0.0,False
2020-08-13,95148.76656392922,0.006999498594987497,0.006999498594987264,0.0,0.0,-0.0,0.0,0.0,0.0,0.9999999999999998,0.9999999999999998,0.0,False
2020-08-14,94981.26743698464,-0.0017603919944884083,-0.0017603919944881516,0.0,0.0,-0.0,0.0,0.0,0.0,1.0000000000000002,1.0000000000000002,0.0,False
2020-08-17,93787.17916285401,-0.012571829228567033,-0.012571829228567082,0.0,0.0,-0.0,0.0,0.0,0.0,1.0000000000000002,1.0000000000000002,0.0,False
2020-08-18,93774.06021708692,-0.0001398799482422719,-0.00013987994824209756,0.0,0.0,-0.0,0.0,0.0,0.0,1.0,1.0,0.0,False
2020-08-19,93462.89368390777,-0.0033182580818065244,-0.0033182580818063943,0.0,0.0,-0.0,0.0,0.0,0.0,1.0000000000000002,1.0000000000000002,0.0,False
2020-08-20,93452.41944274347,-0.00011206844504219049,-0.00011206844504245541,0.0,0.0,-0.0,0.0,0.0,0.0,0.9999999999999999,0.9999999999999999,0.0,False
2020-08-21,93358.61675401965,-0.0010037481028652984,-0.0010037481028651032,0.0,0.0,-0.0,0.0,0.0,0.0,1.0000000000000002,1.0000000000000002,0.0,False
2020-08-24,92509.77773812576,-0.009092240710146693,-0.009092240710146814,0.0,0.0,-0.0,0.0,0.0,0.0,1.0000000000000002,1.0000000000000002,0.0,False
2020-08-25,91649.01435599301,-0.009304566535327519,-0.009304566535327493,0.0,0.0,-0.0,0.0,0.0,0.0,1.0000000000000002,1.0000000000000002,0.0,False
2020-08-26,92081.56239832641,0.004719614775705594,0.004719614775705383,0.0,0.0,-0.0,0.0,0.0,0.0,0.9999999999999999,0.9999999999999999,0.0,False
2020-08-27,92048.74481239605,-0.0003563969276324519,-0.0003563969276322895,0.0,0.0,-0.0,0.0,0.0,0.0,1.0,1.0,0.0,False
2020-08-28,90726.98354408544,-0.01435936221623102,-0.014359362216231195,0.0,0.0,-0.0,0.0,0.0,0.0,0.9999999999999998,0.9999999999999998,0.0,False
2020-08-31,91072.09414071846,0.0038038363356953653,0.0038038363356952595,0.0,0.0,-0.0,0.0,0.0,0.0,0.9999999999999999,0.9999999999999999,0.0,False
2020-09-01,91236.4958591839,0.0018051821473592522,0.0018214717811818122,1.4835310649961597,0.0,-1.6289633822451778e-05,2472.5517749936,0.027100027768237216,0.013550013884118608,1.0000000000000002,1.0000000000000002,1.5949664760061092e-16,True
2020-09-02,90880.82315992705,-0.003898359926117645,-0.0038983599261179238,0.0,0.0,-0.0,0.0,0.0,0.0,0.9999999999999998,0.9999999999999998,1.6012085633026447e-16,False
2020-09-03,90057.42891377739,-0.009060153919388414,-0.0090601539193885,0.0,0.0,-0.0,0.0,0.0,0.0,0.9999999999999999,0.9999999999999999,1.6158483985034837e-16,False
2020-09-04,90487.23902807733,0.0047726225308013515,0.004772622530801193,0.0,0.0,-0.0,0.0,0.0,0.0,0.9999999999999997,0.9999999999999997,1.6081731948801678e-16,False
2020-09-08,90760.8617727402,0.0030238821252792647,0.0030238821252793445,0.0,0.0,-0.0,0.0,0.0,0.0,0.9999999999999997,0.9999999999999997,1.6033249292854867e-16,False
2020-09-09,91915.87997400938,0.012725950136538877,0.012725950136538943,0.0,0.0,-0.0,0.0,0.0,0.0,1.0,1.0,1.583177491471727e-16,False
2020-09-10,91953.87938765375,0.00041341511015424715,0.00041341511015426135,0.0,0.0,-0.0,0.0,0.0,0.0,1.0,1.0,1.582523252446995e-16,False
2020-09-11,92308.7482316499,0.003859204705220831,0.0038592047052205436,0.0,0.0,-0.0,0.0,0.0,0.0,0.9999999999999998,0.9999999999999998,1.5764394499044282e-16,False
2020-09-14,92278.38250724033,-0.00032895825142553736,-0.00032895825142556685,0.0,0.0,-0.0,0.0,0.0,0.0,0.9999999999999997,0.9999999999999997,1.5769582033175628e-16,False
2020-09-15,92744.45200537324,0.005050689939177788,0.005050689939177899,0.0,0.0,-0.0,0.0,0.0,0.0,0.9999999999999999,0.9999999999999999,1.5690335015968148e-16,False
2020-09-16,93105.92423368845,0.0038975078346925596,0.0038975078346926225,0.0,0.0,-0.0,0.0,0.0,0.0,1.0,1.0,1.5629419232059504e-16,False
2020-09-17,93523.70259059902,0.004487129689642266,0.004487129689642335,0.0,0.0,-0.0,0.0,0.0,0.0,1.0,1.0,1.5559601283182737e-16,False
2020-09-18,93306.84785094285,-0.0023187142259053495,-0.0023187142259054605,0.0,0.0,-0.0,0.0,0.0,0.0,1.0,1.0,1.559576340164599e-16,False
2020-09-21,93174.82782303928,-0.0014149018099344213,-0.0014149018099343024,0.0,0.0,-0.0,0.0,0.0,0.0,1.0,1.0,1.5617861141642604e-16,False
2020-09-22,93032.96641378371,-0.001522529341562051,-0.001522529341562293,0.0,0.0,-0.0,0.0,0.0,0.0,0.9999999999999998,0.9999999999999998,1.5641676052383564e-16,False
2020-09-23,93541.89898653029,0.005470454102076028,0.005470454102076099,0.0,0.0,-0.0,0.0,0.0,0.0,0.9999999999999999,0.9999999999999999,1.5556574525456532e-16,False
2020-09-24,94410.47253611272,0.009285395731676305,0.009285395731676272,0.0,0.0,-0.0,0.0,0.0,0.0,0.9999999999999999,0.9999999999999999,1.541345450082419e-16,False
2020-09-25,94151.7205175204,-0.002740713097197367,-0.002740713097197373,0.0,0.0,-0.0,0.0,0.0,0.0,1.0,1.0,1.5455814453925919e-16,False
2020-09-28,93985.5431383075,-0.0017649956718738258,-0.0017649956718737334,0.0,0.0,-0.0,0.0,0.0,0.0,1.0,1.0,1.5483142132777277e-16,False
2020-09-29,94247.05292782137,0.0027824469677111274,0.002782446967711182,0.0,0.0,-0.0,0.0,0.0,0.0,1.0,1.0,1.5440180648949696e-16,False
2020-09-30,94077.55864229448,-0.0017984040907538246,-0.0017984040907538376,0.0,0.0,-0.0,0.0,0.0,0.0,1.0000000000000002,1.0000000000000002,1.546799836047695e-16,False
2020-10-01,94673.87360053162,0.006338546268026324,0.006353031126194065,1.3627000937460847,0.0,-1.4484858168220526e-05,2271.1668229101415,0.023989027243601822,0.011994513621800911,1.0,1.0,0.0,True
2020-10-02,93416.92752934911,-0.01327658860232217,-0.013276588602322146,0.0,0.0,-0.0,0.0,0.0,0.0,1.0,1.0,0.0,False
2020-10-05,92897.4614382818,-0.00556072764118809,-0.005560727641187955,0.0,0.0,-0.0,0.0,0.0,0.0,0.9999999999999999,0.9999999999999999,0.0,False
2020-10-06,92428.21551692115,-0.005051224372502383,-0.005051224372502565,0.0,0.0,-0.0,0.0,0.0,0.0,0.9999999999999998,0.9999999999999998,0.0,False
2020-10-07,91136.42889092788,-0.013976106957910184,-0.013976106957909974,0.0,0.0,-0.0,0.0,0.0,0.0,1.0,1.0,0.0,False
2020-10-08,90618.32816261437,-0.005684891701578265,-0.005684891701578331,0.0,0.0,-0.0,0.0,0.0,0.0,0.9999999999999999,0.9999999999999999,0.0,False
2020-10-09,90319.86470639652,-0.003293632339831598,-0.0032936323398314294,0.0,0.0,-0.0,0.0,0.0,0.0,1.0,1.0,0.0,False
2020-10-12,90218.95771576693,-0.001117218133105169,-0.0011172181331051275,0.0,0.0,-0.0,0.0,0.0,0.0,1.0,1.0,0.0,False
2020-10-13,90798.71205616333,0.006426081115045834,0.006426081115045761,0.0,0.0,-0.0,0.0,0.0,0.0,1.0,1.0,0.0,False
2020-10-14,90566.07262331469,-0.0025621446337780185,-0.0025621446337781013,0.0,0.0,-0.0,0.0,0.0,0.0,0.9999999999999999,0.9999999999999999,0.0,False
2020-10-15,90100.23798245983,-0.005143588844714109,-0.0051435888447139665,0.0,0.0,-0.0,0.0,0.0,0.0,1.0,1.0,0.0,False
2020-10-16,90217.09539357557,0.001296971170470007,0.0012969711704699668,0.0,0.0,-0.0,0.0,0.0,0.0,1.0,1.0,0.0,False
2020-10-19,90971.51095480927,0.008362224010233676,0.008362224010233819,0.0,0.0,-0.0,0.0,0.0,0.0,1.0000000000000002,1.0000000000000002,0.0,False
2020-10-20,90609.80484610569,-0.003976037167100155,-0.003976037167100388,0.0,0.0,-0.0,0.0,0.0,0.0,1.0,1.0,0.0,False
2020-10-21,90123.10483035918,-0.005371383555820897,-0.005371383555820787,0.0,0.0,-0.0,0.0,0.0,0.0,0.9999999999999999,0.9999999999999999,0.0,False
2020-10-22,90431.38232219197,0.0034206266241390004,0.003420626624138653,0.0,0.0,-0.0,0.0,0.0,0.0,0.9999999999999997,0.9999999999999997,0.0,False
2020-10-23,90229.64055424878,-0.00223088227518653,-0.0022308822751863316,0.0,0.0,-0.0,0.0,0.0,0.0,0.9999999999999999,0.9999999999999999,0.0,False
2020-10-26,90743.62384317517,0.00569639073999606,0.005696390739996215,0.0,0.0,-0.0,0.0,0.0,0.0,1.0,1.0,0.0,False
2020-10-27,90776.1197705143,0.00035810700479954605,0.00035810700479935057,0.0,0.0,-0.0,0.0,0.0,0.0,1.0,1.0,0.0,False
2020-10-28,91230.47899726975,0.005005272619099443,0.005005272619099485,0.0,0.0,-0.0,0.0,0.0,0.0,1.0,1.0,0.0,False
2020-10-29,90870.70240854511,-0.003943600786480594,-0.003943600786480673,0.0,0.0,-0.0,0.0,0.0,0.0,1.0,1.0,0.0,False
2020-10-30,91015.49921044438,0.0015934376874107148,0.0015934376874108514,0.0,0.0,-0.0,0.0,0.0,0.0,1.0000000000000002,1.0000000000000002,0.0,False
2020-11-02,90910.35620643462,-0.0011552208681144815,-0.001136851679747589,1.6718808493317772,0.0,-1.8369188367204193e-05,2786.4680822196287,0.03065015862966298,0.01532507931483149,1.0,1.0,0.0,True
2020-11-03,90119.89481371561,-0.008694954301180724,-0.00869495430118065,0.0,0.0,-0.0,0.0,0.0,0.0,0.9999999999999999,0.9999999999999999,0.0,False
2020-11-04,89296.89825372098,-0.009132240574579287,-0.009132240574579212,0.0,0.0,-0.0,0.0,0.0,0.0,1.0,1.0,0.0,False
2020-11-05,89818.36357418084,0.0058396801082407634,0.0058396801082407435,0.0,0.0,-0.0,0.0,0.0,0.0,1.0,1.0,0.0,False
2020-11-06,89687.0534257536,-0.0014619521354203302,-0.0014619521354203723,0.0,0.0,-0.0,0.0,0.0,0.0,0.9999999999999999,0.9999999999999999,0.0,False
2020-11-09,89247.90654369192,-0.004896435609017202,-0.004896435609017216,0.0,0.0,-0.0,0.0,0.0,0.0,1.0,1.0,0.0,False
2020-11-10,89209.06258474622,-0.00043523663971523074,-0.0004352366397150515,0.0,0.0,-0.0,0.0,0.0,0.0,1.0000000000000002,1.0000000000000002,0.0,False
2020-11-11,89834.61147258888,0.007012167482966181,0.0070121674829662535,0.0,0.0,-0.0,0.0,0.0,0.0,1.0000000000000002,1.0000000000000002,0.0,False
2020-11-12,88699.08048038757,-0.012640239364176353,-0.012640239364176535,0.0,0.0,-0.0,0.0,0.0,0.0,1.0000000000000002,1.0000000000000002,0.0,False
2020-11-13,88043.22037973758,-0.007394215330056353,-0.007394215330056287,0.0,0.0,-0.0,0.0,0.0,0.0,1.0,1.0,0.0,False
2020-11-16,87540.4177592918,-0.00571086130513121,-0.005710861305131435,0.0,0.0,-0.0,0.0,0.0,0.0,0.9999999999999999,0.9999999999999999,0.0,False
2020-11-17,88049.48153189596,0.005815185552391577,0.005815185552391713,0.0,0.0,-0.0,0.0,0.0,0.0,0.9999999999999999,0.9999999999999999,0.0,False
2020-11-18,88127.06228712684,0.0008811040551417459,0.000881104055142004,0.0,0.0,-0.0,0.0,0.0,0.0,1.0000000000000002,1.0000000000000002,0.0,False
2020-11-19,88752.34146401375,0.007095200505489174,0.007095200505489344,0.0,0.0,-0.0,0.0,0.0,0.0,1.0000000000000002,1.0000000000000002,0.0,False
2020-11-20,88118.86676729316,-0.007137554753723796,-0.007137554753724147,0.0,0.0,-0.0,0.0,0.0,0.0,1.0,1.0,0.0,False
2020-11-23,87559.45607157436,-0.00634836461522037,-0.00634836461522026,0.0,0.0,-0.0,0.0,0.0,0.0,1.0,1.0,0.0,False
2020-11-24,87836.76831315557,0.0031671307020744166,0.003167130702074465,0.0,0.0,-0.0,0.0,0.0,0.0,1.0000000000000002,1.0000000000000002,0.0,False
2020-11-25,87941.93446857244,0.0011972908092647838,0.001197290809264764,0.0,0.0,-0.0,0.0,0.0,0.0,1.0,1.0,0.0,False
2020-11-27,88084.43977631071,0.001620447726098151,0.0016204477260980217,0.0,0.0,-0.0,0.0,0.0,0.0,0.9999999999999999,0.9999999999999999,0.0,False
2020-11-30,88131.29787858433,0.0005319679888140527,0.0005319679888140126,0.0,0.0,-0.0,0.0,0.0,0.0,0.9999999999999999,0.9999999999999999,0.0,False
2020-12-01,88266.79724090957,0.0015374715406086814,0.0015517598395716637,1.2592463320809903,0.0,-1.4288298962938384e-05,2098.7438868016507,0.023776935511262854,0.011888467755631427,1.0,1.0,0.0,True
2020-12-02,88240.62989138214,-0.0002964574488413252,-0.0002964574488410421,0.0,0.0,-0.0,0.0,0.0,0.0,0.9999999999999999,0.9999999999999999,0.0,False
2020-12-03,88569.02215535616,0.0037215539415147436,0.003721553941514673,0.0,0.0,-0.0,0.0,0.0,0.0,0.9999999999999999,0.9999999999999999,0.0,False
2020-12-04,89008.56298523625,0.004962692589166373,0.004962692589166263,0.0,0.0,-0.0,0.0,0.0,0.0,0.9999999999999998,0.9999999999999998,0.0,False
2020-12-07,88215.05690817462,-0.008914940882634448,-0.008914940882634174,0.0,0.0,-0.0,0.0,0.0,0.0,1.0000000000000002,1.0000000000000002,0.0,False
2020-12-08,87198.65257960586,-0.011521891661043449,-0.011521891661043537,0.0,0.0,-0.0,0.0,0.0,0.0,1.0000000000000002,1.0000000000000002,0.0,False
2020-12-09,87522.39343933256,0.003712681906766324,0.003712681906766304,0.0,0.0,-0.0,0.0,0.0,0.0,1.0000000000000002,1.0000000000000002,0.0,False
2020-12-10,87991.36197553351,0.005358269098593826,0.005358269098593783,0.0,0.0,-0.0,0.0,0.0,0.0,1.0,1.0,0.0,False
2020-12-11,87603.50950312227,-0.004407847130711295,-0.004407847130711176,0.0,0.0,-0.0,0.0,0.0,0.0,1.0,1.0,0.0,False
2020-12-14,86897.14575825904,-0.008063190035075718,-0.00806319003507577,0.0,0.0,-0.0,0.0,0.0,0.0,1.0000000000000002,1.0000000000000002,0.0,False
2020-12-15,86869.95089162623,-0.0003129546591607024,-0.00031295465916102866,0.0,0.0,-0.0,0.0,0.0,0.0,0.9999999999999997,0.9999999999999997,0.0,False
2020-12-16,87286.444860515,0.004794453831433065,0.00479445383143333,0.0,0.0,-0.0,0.0,0.0,0.0,0.9999999999999998,0.9999999999999998,0.0,False
2020-12-17,88265.19619075216,0.01121309651001634,0.011213096510016498,0.0,0.0,-0.0,0.0,0.0,0.0,1.0000000000000002,1.0000000000000002,0.0,False
2020-12-18,88466.17111943493,0.0022769442244079396,0.002276944224408081,0.0,0.0,-0.0,0.0,0.0,0.0,1.0000000000000002,1.0000000000000002,0.0,False
2020-12-21,88329.41242636605,-0.0015458868778693846,-0.0015458868778693898,0.0,0.0,-0.0,0.0,0.0,0.0,1.0,1.0,0.0,False
2020-12-22,87768.1945636002,-0.006353691792455818,-0.006353691792456053,0.0,0.0,-0.0,0.0,0.0,0.0,0.9999999999999998,0.9999999999999998,0.0,False
2020-12-23,88079.43363767472,0.003546148757212819,0.0035461487572128305,0.0,0.0,-0.0,0.0,0.0,0.0,1.0,1.0,0.0,False
2020-12-24,87891.8264444672,-0.002129977288219953,-0.0021299772882201694,0.0,0.0,-0.0,0.0,0.0,0.0,0.9999999999999998,0.9999999999999998,0.0,False
2020-12-28,87577.98217791223,-0.0035708015096632684,-0.0035708015096630923,0.0,0.0,-0.0,0.0,0.0,0.0,1.0,1.0,0.0,False
2020-12-29,88427.69494896542,0.009702356116483957,0.009702356116484076,0.0,0.0,-0.0,0.0,0.0,0.0,1.0000000000000002,1.0000000000000002,0.0,False
2020-12-30,89421.37273286216,0.011237178402877301,0.011237178402877152,0.0,0.0,-0.0,0.0,0.0,0.0,1.0,1.0,0.0,False
2020-12-31,90017.39378924806,0.006665308730681829,0.006665308730682234,0.0,0.0,-0.0,0.0,0.0,0.0,1.0000000000000002,1.0000000000000002,0.0,False
2021-01-04,89461.83098180116,-0.006171727308031172,-0.006159098459394334,1.1368160408736219,0.0,-1.2628848637133133e-05,1894.6934014560366,0.021178521662029402,0.010589260831014701,1.0000000000000002,1.0000000000000002,1.6266060138347813e-16,True
2021-01-05,89898.67923033901,0.004883068496851051,0.004883068496850702,0.0,0.0,-0.0,0.0,0.0,0.0,0.9999999999999999,0.9999999999999999,1.618701782156536e-16,False
2021-01-06,89903.02246508063,4.831255340809193e-05,4.831255340803918e-05,0.0,0.0,-0.0,0.0,0.0,0.0,0.9999999999999999,0.9999999999999999,1.6186235823182678e-16,False
2021-01-07,89931.71287611221,0.0003191262122774763,0.00031912621227767946,0.0,0.0,-0.0,0.0,0.0,0.0,1.0000000000000002,1.0000000000000002,1.6181072018958677e-16,False
2021-01-08,90462.78851258584,0.005905321042925404,0.0059053210429253445,0.0,0.0,-0.0,0.0,0.0,0.0,1.0,1.0,1.6086078560735813e-16,False
2021-01-11,91057.04283748334,0.0065690471703159226,0.006569047170315871,0.0,0.0,-0.0,0.0,0.0,0.0,0.9999999999999999,0.9999999999999999,1.5981097974309135e-16,False
2021-01-12,91422.60891847301,0.004014693093450372,0.004014693093450318,0.0,0.0,-0.0,0.0,0.0,0.0,0.9999999999999997,0.9999999999999997,1.5917195320190067e-16,False
2021-01-13,91712.64273572252,0.003172451767463169,0.003172451767463216,0.0,0.0,-0.0,0.0,0.0,0.0,0.9999999999999998,0.9999999999999998,1.586685847697071e-16,False
2021-01-14,92046.74801447094,0.003642957707708616,0.0036429577077088412,0.0,0.0,-0.0,0.0,0.0,0.0,0.9999999999999999,0.9999999999999999,1.5809265989580753e-16,False
2021-01-15,91398.10540227592,-0.00704688243948659,-0.0070468824394867196,0.0,0.0,-0.0,0.0,0.0,0.0,1.0,1.0,1.5921462665247425e-16,False
2021-01-19,91401.7359669996,3.9722538095254833e-05,3.972253809532584e-05,0.0,0.0,-0.0,0.0,0.0,0.0,1.0,1.0,1.5920830249461335e-16,False
2021-01-20,90880.78527002034,-0.005699571145643678,-0.005699571145643623,0.0,0.0,-0.0,0.0,0.0,0.0,1.0,1.0,1.601209230876576e-16,False
2021-01-21,90464.58205768722,-0.0045796612682924565,-0.004579661268292477,0.0,0.0,-0.0,0.0,0.0,0.0,1.0,1.0,1.6085759639156265e-16,False
2021-01-22,91542.72495701331,0.011917845357850565,0.011917845357850225,0.0,0.0,-0.0,0.0,0.0,0.0,0.9999999999999998,0.9999999999999998,1.5896309876290168e-16,False
2021-01-25,92344.08033778511,0.008753894764964576,0.008753894764964807,0.0,0.0,-0.0,0.0,0.0,0.0,0.9999999999999998,0.9999999999999998,1.5758362826439387e-16,False
2021-01-26,93029.55006254485,0.00742299584610473,0.0074229958461047565,0.0,0.0,-0.0,0.0,0.0,0.0,1.0,1.0,1.5642250466205017e-16,False
2021-01-27,92981.86966580334,-0.0005125295855934464,-0.0005125295855937976,0.0,0.0,-0.0,0.0,0.0,0.0,0.9999999999999997,0.9999999999999997,1.5650271693470497e-16,False
2021-01-28,93658.2329158805,0.007274141211702334,0.007274141211702498,0.0,0.0,-0.0,0.0,0.0,0.0,1.0,1.0,1.5537251531786545e-16,False
2021-01-29,93760.18255951534,0.0010885283702330995,0.0010885283702331025,0.0,0.0,-0.0,0.0,0.0,0.0,0.9999999999999998,0.9999999999999998,1.5520357182677048e-16,False
2021-02-01,94097.71441200023,0.0035999487551194864,0.0036187230493657492,1.7602812559577412,0.0,-1.8774294246285012e-05,2933.8020932629024,0.031177667068030497,0.015588833534015249,1.0000000000000002,1.0000000000000002,0.0,True
2021-02-02,93767.56327599408,-0.0035085988864789197,-0.003508598886479081,0.0,0.0,-0.0,0.0,0.0,0.0,1.0,1.0,0.0,False
2021-02-03,93849.77563797015,0.0008767676060226215,0.0008767676060224663,0.0,0.0,-0.0,0.0,0.0,0.0,0.9999999999999998,0.9999999999999998,0.0,False
2021-02-04,93948.55808005949,0.0010525591714827254,0.0010525591714830905,0.0,0.0,-0.0,0.0,0.0,0.0,1.0000000000000002,1.0000000000000002,0.0,False
2021-02-05,93617.63461136886,-0.003522390076584503,-0.0035223900765846074,0.0,0.0,-0.0,0.0,0.0,0.0,1.0,1.0,0.0,False
2021-02-08,93655.40589802021,0.0004034633732004078,0.00040346337320037475,0.0,0.0,-0.0,0.0,0.0,0.0,1.0,1.0,0.0,False
2021-02-09,93596.31104760256,-0.0006309817340602875,-0.0006309817340602597,0.0,0.0,-0.0,0.0,0.0,0.0,0.9999999999999999,0.9999999999999999,0.0,False
2021-02-10,94457.6638490646,0.009202849896765342,0.009202849896765501,0.0,0.0,-0.0,0.0,0.0,0.0,1.0000000000000002,1.0000000000000002,0.0,False
2021-02-11,95091.74300510569,0.006712839701967344,0.006712839701967105,0.0,0.0,-0.0,0.0,0.0,0.0,1.0,1.0,0.0,False
2021-02-12,95084.08074655263,-8.057753818480062e-05,-8.057753818468873e-05,0.0,0.0,-0.0,0.0,0.0,0.0,1.0,1.0,0.0,False
2021-02-16,94914.72470764534,-0.0017811187485602398,-0.0017811187485600889,0.0,0.0,-0.0,0.0,0.0,0.0,1.0,1.0,0.0,False
2021-02-17,94831.8540869621,-0.00087310605323343,-0.000873106053233555,0.0,0.0,-0.0,0.0,0.0,0.0,1.0,1.0,0.0,False
2021-02-18,94636.59965401122,-0.002058954080680908,-0.0020589540806810274,0.0,0.0,-0.0,0.0,0.0,0.0,0.9999999999999998,0.9999999999999998,0.0,False
2021-02-19,94308.79654149253,-0.0034638090729922633,-0.003463809072992087,0.0,0.0,-0.0,0.0,0.0,0.0,1.0000000000000002,1.0000000000000002,0.0,False
2021-02-22,94177.74954235076,-0.0013895522363506219,-0.0013895522363505883,0.0,0.0,-0.0,0.0,0.0,0.0,0.9999999999999999,0.9999999999999999,0.0,False
2021-02-23,93433.97164387061,-0.007897596853763011,-0.007897596853763242,0.0,0.0,-0.0,0.0,0.0,0.0,0.9999999999999997,0.9999999999999997,0.0,False
2021-02-24,92914.41405078983,-0.005560692582576965,-0.00556069258257663,0.0,0.0,-0.0,0.0,0.0,0.0,1.0000000000000002,1.0000000000000002,0.0,False
2021-02-25,93011.48406302724,0.001044725010958425,0.0010447250109583337,0.0,0.0,-0.0,0.0,0.0,0.0,1.0000000000000002,1.0000000000000002,0.0,False
2021-02-26,93137.12140863237,0.0013507724005350497,0.001350772400534843,0.0,0.0,-0.0,0.0,0.0,0.0,0.9999999999999999,0.9999999999999999,0.0,False
2021-03-01,92222.18947901303,-0.009823493745368617,-0.009806696203178585,1.5644747263108798,0.0,-1.6797542189938e-05,2607.4578771848,0.02827317003917164,0.01413658501958582,1.0000000000000002,1.0000000000000002,0.0,True
2021-03-02,92324.70041753555,0.0011115647882753432,0.001111564788275149,0.0,0.0,-0.0,0.0,0.0,0.0,0.9999999999999999,0.9999999999999999,0.0,False
2021-03-03,92812.2151199834,0.00528043633223918,0.005280436332239188,0.0,0.0,-0.0,0.0,0.0,0.0,0.9999999999999998,0.9999999999999998,0.0,False
2021-03-04,93474.7742321669,0.0071387059486403,0.007138705948640276,0.0,0.0,-0.0,0.0,0.0,0.0,0.9999999999999999,0.9999999999999999,0.0,False
2021-03-05,94093.58774609742,0.006620112420849811,0.006620112420850041,0.0,0.0,-0.0,0.0,0.0,0.0,1.0000000000000002,1.0000000000000002,0.0,False
2021-03-08,93678.35841076268,-0.004412939768597135,-0.004412939768597176,0.0,0.0,-0.0,0.0,0.0,0.0,1.0,1.0,0.0,False
2021-03-09,93275.5897024781,-0.004299485122471025,-0.004299485122470862,0.0,0.0,-0.0,0.0,0.0,0.0,1.0000000000000002,1.0000000000000002,0.0,False
2021-03-10,93049.43821174081,-0.0024245517123895333,-0.0024245517123896517,0.0,0.0,-0.0,0.0,0.0,0.0,1.0,1.0,0.0,False
2021-03-11,93222.75234846772,0.0018626027202068851,0.0018626027202070397,0.0,0.0,-0.0,0.0,0.0,0.0,1.0000000000000002,1.0000000000000002,0.0,False
2021-03-12,93442.32554790333,0.002355360616417279,0.0023553606164169916,0.0,0.0,-0.0,0.0,0.0,0.0,1.0,1.0,0.0,False
2021-03-15,94118.48748138492,0.007236141967966736,0.007236141967966847,0.0,0.0,-0.0,0.0,0.0,0.0,1.0,1.0,0.0,False
2021-03-16,94463.79226401582,0.0036688305546686006,0.0036688305546685343,0.0,0.0,-0.0,0.0,0.0,0.0,0.9999999999999999,0.9999999999999999,0.0,False
2021-03-17,94454.47746327682,-9.860710136389006e-05,-9.860710136373346e-05,0.0,0.0,-0.0,0.0,0.0,0.0,1.0,1.0,0.0,False
2021-03-18,94079.49177158423,-0.0039700149930783635,-0.0039700149930783106,0.0,0.0,-0.0,0.0,0.0,0.0,1.0000000000000002,1.0000000000000002,0.0,False
2021-03-19,93952.28372111842,-0.001352133691098767,-0.0013521336910990197,0.0,0.0,-0.0,0.0,0.0,0.0,0.9999999999999999,0.9999999999999999,0.0,False
2021-03-22,94419.55301346719,0.0049734745536975655,0.004973474553697612,0.0,0.0,-0.0,0.0,0.0,0.0,0.9999999999999999,0.9999999999999999,0.0,False
2021-03-23,94261.2368755688,-0.0016767304318398013,-0.001676730431839755,0.0,0.0,-0.0,0.0,0.0,0.0,0.9999999999999999,0.9999999999999999,0.0,False
2021-03-24,93987.05477575789,-0.0029087471043144353,-0.0029087471043142757,0.0,0.0,-0.0,0.0,0.0,0.0,1.0,1.0,0.0,False
2021-03-25,94162.46978605073,0.0018663741587749971,0.001866374158774756,0.0,0.0,-0.0,0.0,0.0,0.0,0.9999999999999999,0.9999999999999999,0.0,False
2021-03-26,94022.68014631576,-0.001484557914130602,-0.0014845579141305265,0.0,0.0,-0.0,0.0,0.0,0.0,1.0,1.0,0.0,False
2021-03-29,93376.67763272293,-0.006870709413808851,-0.006870709413808693,0.0,0.0,-0.0,0.0,0.0,0.0,1.0000000000000002,1.0000000000000002,0.0,False
2021-03-30,93657.3546799945,0.0030058581477439006,0.0030058581477437466,0.0,0.0,-0.0,0.0,0.0,0.0,1.0,1.0,0.0,False
2021-03-31,93648.92090215086,-9.004928521061384e-05,-9.004928521044332e-05,0.0,0.0,-0.0,0.0,0.0,0.0,1.0000000000000002,1.0000000000000002,0.0,False
2021-04-01,93756.65206131244,0.0011503726697945638,0.0011661864947274758,1.4809476402973751,0.0,-1.5813824932854746e-05,2468.246067162292,0.02632567424232525,0.013162837121162625,1.0000000000000004,1.0000000000000004,0.0,True
2021-04-05,93825.98912586892,0.0007395428807668303,0.0007395428807664145,0.0,0.0,-0.0,0.0,0.0,0.0,0.9999999999999999,0.9999999999999999,0.0,False
2021-04-06,93164.07006888834,-0.007054751707361251,-0.007054751707361188,0.0,0.0,-0.0,0.0,0.0,0.0,1.0,1.0,0.0,False
2021-04-07,92970.11446185391,-0.0020818713361385743,-0.0020818713361383688,0.0,0.0,-0.0,0.0,0.0,0.0,1.0000000000000002,1.0000000000000002,0.0,False
2021-04-08,93513.16509226081,0.00584113113714313,0.005841131137143011,0.0,0.0,-0.0,0.0,0.0,0.0,1.0,1.0,0.0,False
2021-04-09,92954.28204296398,-0.005976517303691198,-0.005976517303691222,0.0,0.0,-0.0,0.0,0.0,0.0,1.0,1.0,0.0,False
2021-04-12,91642.40224868788,-0.014113172254611617,-0.014113172254611565,0.0,0.0,-0.0,0.0,0.0,0.0,1.0000000000000002,1.0000000000000002,0.0,False
2021-04-13,90735.35442994341,-0.009897687058475713,-0.009897687058475556,0.0,0.0,-0.0,0.0,0.0,0.0,1.0000000000000002,1.0000000000000002,0.0,False
2021-04-14,90579.91784370037,-0.0017130763109880487,-0.0017130763109881343,0.0,0.0,-0.0,0.0,0.0,0.0,1.0000000000000002,1.0000000000000002,0.0,False
2021-04-15,90677.12552257745,0.0010731703140294258,0.001073170314029218,0.0,0.0,-0.0,0.0,0.0,0.0,1.0,1.0,0.0,False
2021-04-16,90916.50298022671,0.002639888023244108,0.0026398880232441834,0.0,0.0,-0.0,0.0,0.0,0.0,0.9999999999999999,0.9999999999999999,0.0,False
2021-04-19,91635.23943586618,0.0079054564581722,0.007905456458172526,0.0,0.0,-0.0,0.0,0.0,0.0,1.0000000000000002,1.0000000000000002,0.0,False
2021-04-20,90195.20824966967,-0.01571481883019865,-0.015714818830199095,0.0,0.0,-0.0,0.0,0.0,0.0,1.0,1.0,0.0,False
2021-04-21,90166.65346352439,-0.0003165887268228307,-0.0003165887268228604,0.0,0.0,-0.0,0.0,0.0,0.0,0.9999999999999999,0.9999999999999999,0.0,False
2021-04-22,91253.09147972784,0.012049221907109553,0.012049221907109641,0.0,0.0,-0.0,0.0,0.0,0.0,0.9999999999999998,0.9999999999999998,0.0,False
2021-04-23,90785.35319878676,-0.005125725313591012,-0.005125725313590881,0.0,0.0,-0.0,0.0,0.0,0.0,1.0,1.0,0.0,False
2021-04-26,90388.47469919486,-0.004371613763762938,-0.004371613763762852,0.0,0.0,-0.0,0.0,0.0,0.0,1.0000000000000002,1.0000000000000002,0.0,False
2021-04-27,90099.52633959851,-0.0031967389709578464,-0.0031967389709578586,0.0,0.0,-0.0,0.0,0.0,0.0,1.0000000000000002,1.0000000000000002,0.0,False
2021-04-28,89582.42269406794,-0.005739249322815887,-0.005739249322816099,0.0,0.0,-0.0,0.0,0.0,0.0,1.0,1.0,0.0,False
2021-04-29,89385.30261909383,-0.002200432507248551,-0.00220043250724851,0.0,0.0,-0.0,0.0,0.0,0.0,0.9999999999999999,0.9999999999999999,0.0,False
2021-04-30,90411.40502685212,0.011479542807288245,0.011479542807288051,0.0,0.0,-0.0,0.0,0.0,0.0,0.9999999999999999,0.9999999999999999,0.0,False
2021-05-03,91151.154260147,0.008182034479778055,0.008195340662547143,1.2030306797257289,0.0,-1.3306182769402041e-05,2005.051132876215,0.021996700825618665,0.010998350412809332,1.0,1.0,0.0,True
2021-05-04,90905.54191949143,-0.0026945609482309507,-0.002694560948230829,0.0,0.0,-0.0,0.0,0.0,0.0,1.0,1.0,0.0,False
2021-05-05,91870.96981740739,0.010620121474782751,0.010620121474782649,0.0,0.0,-0.0,0.0,0.0,0.0,0.9999999999999999,0.9999999999999999,0.0,False
2021-05-06,91995.32661939398,0.001353602800032938,0.0013536028000331137,0.0,0.0,-0.0,0.0,0.0,0.0,1.0000000000000002,1.0000000000000002,0.0,False
2021-05-07,93038.80696345275,0.011342753837658481,0.011342753837658285,0.0,0.0,-0.0,0.0,0.0,0.0,0.9999999999999999,0.9999999999999999,0.0,False
2021-05-10,92795.40417322623,-0.0026161426416627664,-0.0026161426416627053,0.0,0.0,-0.0,0.0,0.0,0.0,1.0,1.0,0.0,False
2021-05-11,92879.43795270342,0.0009055812647824624,0.0009055812647822864,0.0,0.0,-0.0,0.0,0.0,0.0,0.9999999999999998,0.9999999999999998,0.0,False
2021-05-12,93146.30342801807,0.0028732460186779996,0.002873246018678075,0.0,0.0,-0.0,0.0,0.0,0.0,0.9999999999999998,0.9999999999999998,0.0,False
2021-05-13,94763.77878976759,0.017364890524071974,0.017364890524071957,0.0,0.0,-0.0,0.0,0.0,0.0,1.0,1.0,0.0,False
2021-05-14,95440.63849181603,0.00714259932109762,0.0071425993210978605,0.0,0.0,-0.0,0.0,0.0,0.0,1.0000000000000002,1.0000000000000002,0.0,False
2021-05-17,94894.49635941262,-0.005722322702715887,-0.005722322702716034,0.0,0.0,-0.0,0.0,0.0,0.0,1.0,1.0,0.0,False
2021-05-18,95491.03907407375,0.00628637842601254,0.0062863784260123795,0.0,0.0,-0.0,0.0,0.0,0.0,0.9999999999999999,0.9999999999999999,0.0,False
2021-05-19,95167.57228181086,-0.003387404675866734,-0.0033874046758667954,0.0,0.0,-0.0,0.0,0.0,0.0,0.9999999999999999,0.9999999999999999,0.0,False
2021-05-20,94950.22858957009,-0.0022837999018948674,-0.002283799901894777,0.0,0.0,-0.0,0.0,0.0,0.0,1.0,1.0,0.0,False
2021-05-21,95470.93477829281,0.0054839908914123825,0.005483990891412492,0.0,0.0,-0.0,0.0,0.0,0.0,1.0,1.0,0.0,False
2021-05-24,95547.37683282749,0.0008006840481054045,0.0008006840481052494,0.0,0.0,-0.0,0.0,0.0,0.0,1.0,1.0,0.0,False
2021-05-25,95615.17867581839,0.0007096149076863956,0.0007096149076861093,0.0,0.0,-0.0,0.0,0.0,0.0,1.0,1.0,0.0,False
2021-05-26,95770.30610093608,0.0016224142156722188,0.0016224142156725059,0.0,0.0,-0.0,0.0,0.0,0.0,1.0000000000000002,1.0000000000000002,0.0,False
2021-05-27,96124.08279183936,0.0036940123228845767,0.003694012322884515,0.0,0.0,-0.0,0.0,0.0,0.0,1.0000000000000002,1.0000000000000002,0.0,False
2021-05-28,96780.57067093578,0.006829587966192152,0.006829587966192266,0.0,0.0,-0.0,0.0,0.0,0.0,1.0,1.0,0.0,False
2021-06-01,95926.73527830912,-0.008822384355738011,-0.008805447585165452,1.6391503214156498,0.0,-1.693677057339262e-05,2731.9172023594165,0.028478718821530004,0.014239359410765002,1.0,1.0,0.0,True
2021-06-02,96265.30452945668,0.0035294566229662205,0.0035294566229665475,0.0,0.0,-0.0,0.0,0.0,0.0,1.0,1.0,0.0,False
2021-06-03,95544.81743920276,-0.007484390079849135,-0.007484390079849132,0.0,0.0,-0.0,0.0,0.0,0.0,1.0,1.0,0.0,False
2021-06-04,94827.110045659,-0.007511735463835545,-0.00751173546383546,0.0,0.0,-0.0,0.0,0.0,0.0,1.0,1.0,0.0,False
2021-06-07,94736.05097092806,-0.0009602641553360103,-0.0009602641553362355,0.0,0.0,-0.0,0.0,0.0,0.0,0.9999999999999998,0.9999999999999998,0.0,False
2021-06-08,94957.12103028818,0.0023335367802903573,0.0023335367802904874,0.0,0.0,-0.0,0.0,0.0,0.0,1.0,1.0,0.0,False
2021-06-09,94372.82257660112,-0.0061532873716831915,-0.006153287371683369,0.0,0.0,-0.0,0.0,0.0,0.0,1.0,1.0,0.0,False
2021-06-10,94706.04586180707,0.0035309242227599125,0.0035309242227603496,0.0,0.0,-0.0,0.0,0.0,0.0,1.0000000000000002,1.0000000000000002,0.0,False
2021-06-11,93903.55032744324,-0.00847354070229911,-0.008473540702299257,0.0,0.0,-0.0,0.0,0.0,0.0,1.0,1.0,0.0,False
2021-06-14,93574.54548430856,-0.003503646475425448,-0.0035036464754252725,0.0,0.0,-0.0,0.0,0.0,0.0,1.0000000000000002,1.0000000000000002,0.0,False
2021-06-15,93406.86105265729,-0.0017919876691186998,-0.0017919876691190092,0.0,0.0,-0.0,0.0,0.0,0.0,0.9999999999999998,0.9999999999999998,0.0,False
2021-06-16,93559.87881148115,0.0016381854298432863,0.0016381854298433023,0.0,0.0,-0.0,0.0,0.0,0.0,0.9999999999999998,0.9999999999999998,0.0,False
2021-06-17,93725.61089233379,0.0017714011920277883,0.0017714011920278879,0.0,0.0,-0.0,0.0,0.0,0.0,1.0,1.0,0.0,False
2021-06-18,93481.39280370818,-0.0026056708118569194,-0.0026056708118568496,0.0,0.0,-0.0,0.0,0.0,0.0,0.9999999999999999,0.9999999999999999,0.0,False
2021-06-21,94130.0267164985,0.006938641940779755,0.0069386419407797715,0.0,0.0,-0.0,0.0,0.0,0.0,0.9999999999999999,0.9999999999999999,0.0,False
2021-06-22,94081.87494581306,-0.0005115452780063423,-0.0005115452780062005,0.0,0.0,-0.0,0.0,0.0,0.0,1.0,1.0,0.0,False
2021-06-23,93072.32265026422,-0.010730571601919037,-0.010730571601919175,0.0,0.0,-0.0,0.0,0.0,0.0,1.0,1.0,0.0,False
2021-06-24,92123.04612471619,-0.010199342817682866,-0.01019934281768286,0.0,0.0,-0.0,0.0,0.0,0.0,0.9999999999999999,0.9999999999999999,0.0,False
2021-06-25,92165.07930927831,0.00045627219604993385,0.0004562721960496955,0.0,0.0,-0.0,0.0,0.0,0.0,1.0,1.0,0.0,False
2021-06-28,92174.50805854566,0.0001023028389712799,0.00010230283897150514,0.0,0.0,-0.0,0.0,0.0,0.0,1.0000000000000002,1.0000000000000002,0.0,False
2021-06-29,92079.95212450776,-0.0010258360584668447,-0.0010258360584667753,0.0,0.0,-0.0,0.0,0.0,0.0,1.0000000000000002,1.0000000000000002,0.0,False
2021-06-30,91984.68973114993,-0.0010345617168546761,-0.0010345617168548075,0.0,0.0,-0.0,0.0,0.0,0.0,1.0,1.0,0.0,False
2021-07-01,92199.19561847633,0.002331973809482246,0.0023553316447199914,2.148563227171289,0.0,-2.335783523813631e-05,3580.938711952149,0.038838248441314525,0.019419124220657263,1.0,1.0,0.0,True
2021-07-02,92937.01028063026,0.00800239803834124,0.008002398038341468,0.0,0.0,-0.0,0.0,0.0,0.0,1.0000000000000002,1.0000000000000002,0.0,False
2021-07-06,92296.49503493168,-0.006891928670445635,-0.006891928670445747,0.0,0.0,-0.0,0.0,0.0,0.0,1.0000000000000002,1.0000000000000002,0.0,False
2021-07-07,91978.44157877208,-0.003445997120900657,-0.0034459971209006637,0.0,0.0,-0.0,0.0,0.0,0.0,1.0000000000000002,1.0000000000000002,0.0,False
2021-07-08,91271.61414327512,-0.007684707670238322,-0.007684707670238261,0.0,0.0,-0.0,0.0,0.0,0.0,1.0,1.0,0.0,False
2021-07-09,91357.42916261498,0.0009402158616933498,0.0009402158616932042,0.0,0.0,-0.0,0.0,0.0,0.0,1.0,1.0,0.0,False
2021-07-12,92099.47822345656,0.008122481856628783,0.008122481856628712,0.0,0.0,-0.0,0.0,0.0,0.0,1.0,1.0,0.0,False
2021-07-13,91713.11675540163,-0.004195045134973818,-0.004195045134973927,0.0,0.0,-0.0,0.0,0.0,0.0,0.9999999999999998,0.9999999999999998,0.0,False
2021-07-14,90380.90010875759,-0.014525911819102788,-0.014525911819102781,0.0,0.0,-0.0,0.0,0.0,0.0,1.0,1.0,0.0,False
2021-07-15,89602.33252334651,-0.008614293334921475,-0.008614293334921358,0.0,0.0,-0.0,0.0,0.0,0.0,0.9999999999999999,0.9999999999999999,0.0,False
2021-07-16,88924.14180659897,-0.007568895782605223,-0.00756889578260526,0.0,0.0,-0.0,0.0,0.0,0.0,0.9999999999999998,0.9999999999999998,0.0,False
2021-07-19,88736.94724845518,-0.002105103904751937,-0.0021051039047518694,0.0,0.0,-0.0,0.0,0.0,0.0,1.0,1.0,0.0,False
2021-07-20,88222.46237350802,-0.0057978653864060314,-0.005797865386406061,0.0,0.0,-0.0,0.0,0.0,0.0,0.9999999999999999,0.9999999999999999,0.0,False
2021-07-21,88243.06564237652,0.0002335376763942243,0.00023353767639412005,0.0,0.0,-0.0,0.0,0.0,0.0,0.9999999999999999,0.9999999999999999,0.0,False
2021-07-22,88126.28339071263,-0.0013234156226753502,-0.001323415622675256,0.0,0.0,-0.0,0.0,0.0,0.0,1.0,1.0,0.0,False
2021-07-23,88674.04690548341,0.006215665675383564,0.006215665675383719,0.0,0.0,-0.0,0.0,0.0,0.0,1.0,1.0,0.0,False
2021-07-26,88369.43585886038,-0.00343517700221474,-0.0034351770022148327,0.0,0.0,-0.0,0.0,0.0,0.0,1.0,1.0,0.0,False
2021-07-27,88048.13216648107,-0.003635914264435103,-0.0036359142644349163,0.0,0.0,-0.0,0.0,0.0,0.0,1.0,1.0,0.0,False
2021-07-28,88280.32887992538,0.002637156606630553,0.0026371566066302967,0.0,0.0,-0.0,0.0,0.0,0.0,1.0,1.0,0.0,False
2021-07-29,87569.82758205953,-0.00804824026915707,-0.008048240269157144,0.0,0.0,-0.0,0.0,0.0,0.0,0.9999999999999999,0.9999999999999999,0.0,False
2021-07-30,88044.03860175319,0.005415232995055197,0.005415232995055123,0.0,0.0,-0.0,0.0,0.0,0.0,1.0,1.0,0.0,False
2021-08-02,88233.64007843658,0.0021534845481250287,0.0021713147546966413,1.5698433956763587,0.0,-1.7830206571704207e-05,2616.405659460598,0.029652625768992646,0.014826312884496323,1.0000000000000002,1.0000000000000002,0.0,True
2021-08-03,88185.3030931784,-0.0005478294357482705,-0.000547829435748426,0.0,0.0,-0.0,0.0,0.0,0.0,0.9999999999999997,0.9999999999999997,0.0,False
2021-08-04,89150.79599223922,0.010948455867307638,0.010948455867307921,0.0,0.0,-0.0,0.0,0.0,0.0,1.0,1.0,0.0,False
2021-08-05,88998.55278319716,-0.0017077044276230247,-0.00170770442762291,0.0,0.0,-0.0,0.0,0.0,0.0,1.0,1.0,0.0,False
2021-08-06,90336.4043217247,0.015032284196649481,0.015032284196649509,0.0,0.0,-0.0,0.0,0.0,0.0,1.0,1.0,0.0,False
2021-08-09,90057.77172121182,-0.00308438887517104,-0.0030843888751712475,0.0,0.0,-0.0,0.0,0.0,0.0,0.9999999999999998,0.9999999999999998,0.0,False
2021-08-10,89255.46395312621,-0.008908812118617382,-0.008908812118617172,0.0,0.0,-0.0,0.0,0.0,0.0,1.0,1.0,0.0,False
2021-08-11,89523.11613588709,0.0029987204245718324,0.00299872042457197,0.0,0.0,-0.0,0.0,0.0,0.0,1.0,1.0,0.0,False
2021-08-12,88879.53699297748,-0.007188971638707575,-0.007188971638707778,0.0,0.0,-0.0,0.0,0.0,0.0,0.9999999999999998,0.9999999999999998,0.0,False
2021-08-13,88564.11914285572,-0.0035488241815062604,-0.0035488241815061234,0.0,0.0,-0.0,0.0,0.0,0.0,0.9999999999999999,0.9999999999999999,0.0,False
2021-08-16,88755.39113757806,0.0021597007521050315,0.0021597007521051625,0.0,0.0,-0.0,0.0,0.0,0.0,1.0000000000000002,1.0000000000000002,0.0,False
2021-08-17,89070.56005484724,0.0035509833625841924,0.0035509833625840333,0.0,0.0,-0.0,0.0,0.0,0.0,1.0,1.0,0.0,False
2021-08-18,88728.97546610855,-0.003834988671097994,-0.0038349886710980926,0.0,0.0,-0.0,0.0,0.0,0.0,1.0,1.0,0.0,False
2021-08-19,89044.94174562833,0.0035610270248243037,0.00356102702482446,0.0,0.0,-0.0,0.0,0.0,0.0,1.0000000000000002,1.0000000000000002,0.0,False
2021-08-20,89345.03123773125,0.0033700902737425764,0.0033700902737425617,0.0,0.0,-0.0,0.0,0.0,0.0,1.0,1.0,0.0,False
2021-08-23,89989.87890111857,0.007217498885545126,0.007217498885545006,0.0,0.0,-0.0,0.0,0.0,0.0,0.9999999999999999,0.9999999999999999,0.0,False
2021-08-24,90281.5024283716,0.0032406258438626434,0.003240625843862706,0.0,0.0,-0.0,0.0,0.0,0.0,1.0,1.0,0.0,False
2021-08-25,91053.73172739464,0.008553571642604396,0.008553571642604514,0.0,0.0,-0.0,0.0,0.0,0.0,1.0,1.0,0.0,False
2021-08-26,89878.43687738357,-0.012907706556495424,-0.012907706556495641,0.0,0.0,-0.0,0.0,0.0,0.0,1.0,1.0,0.0,False
2021-08-27,89861.65251094897,-0.0001867451973769363,-0.00018674519737701457,0.0,0.0,-0.0,0.0,0.0,0.0,1.0,1.0,0.0,False
2021-08-30,89678.24817959343,-0.002040963261088491,-0.0020409632610881153,0.0,0.0,-0.0,0.0,0.0,0.0,1.0000000000000004,1.0000000000000004,0.0,False
2021-08-31,89824.88942036731,0.001635192967643695,0.0016351929676434406,0.0,0.0,-0.0,0.0,0.0,0.0,0.9999999999999999,0.9999999999999999,0.0,False
2021-09-01,89440.84910834618,-0.004275433173358878,-0.004261307066160819,1.2688760169974849,0.0,-1.4126107197965267e-05,2114.793361662475,0.023644267480698478,0.011822133740349239,1.0000000000000002,1.0000000000000002,0.0,True
2021-09-02,89195.6694865526,-0.002741248816819586,-0.002741248816819442,0.0,0.0,-0.0,0.0,0.0,0.0,1.0000000000000002,1.0000000000000002,0.0,False
2021-09-03,90272.2507402759,0.01206988253937169,0.012069882539371244,0.0,0.0,-0.0,0.0,0.0,0.0,0.9999999999999999,0.9999999999999999,0.0,False
2021-09-07,90081.31904173651,-0.0021150652273943527,-0.0021150652273942325,0.0,0.0,-0.0,0.0,0.0,0.0,1.0,1.0,0.0,False
2021-09-08,90039.49355302138,-0.00046430812914433073,-0.0004643081291444795,0.0,0.0,-0.0,0.0,0.0,0.0,0.9999999999999998,0.9999999999999998,0.0,False
2021-09-09,89973.30054399259,-0.000735155279275479,-0.0007351552792754803,0.0,0.0,-0.0,0.0,0.0,0.0,0.9999999999999999,0.9999999999999999,0.0,False
2021-09-10,90214.31893740124,0.002678776836588348,0.0026787768365883614,0.0,0.0,-0.0,0.0,0.0,0.0,0.9999999999999999,0.9999999999999999,0.0,False
2021-09-13,89990.8449216251,-0.0024771457392612772,-0.00247714573926107,0.0,0.0,-0.0,0.0,0.0,0.0,1.0,1.0,0.0,False
2021-09-14,90042.17286026344,0.0005703684489577476,0.0005703684489577114,0.0,0.0,-0.0,0.0,0.0,0.0,1.0000000000000002,1.0000000000000002,0.0,False
2021-09-15,90675.04675307544,0.0070286386113112,0.0070286386113112215,0.0,0.0,-0.0,0.0,0.0,0.0,1.0,1.0,0.0,False
2021-09-16,91353.64613505258,0.007483860293175049,0.007483860293175091,0.0,0.0,-0.0,0.0,0.0,0.0,1.0,1.0,0.0,False
2021-09-17,91623.54958235097,0.0029544901459037654,0.0029544901459035385,0.0,0.0,-0.0,0.0,0.0,0.0,1.0,1.0,0.0,False
2021-09-20,91896.97940858264,0.002984274539439502,0.0029842745394395853,0.0,0.0,-0.0,0.0,0.0,0.0,1.0000000000000002,1.0000000000000002,0.0,False
2021-09-21,91321.00735732997,-0.006267584146502192,-0.006267584146502346,0.0,0.0,-0.0,0.0,0.0,0.0,1.0,1.0,0.0,False
2021-09-22,91240.43539086086,-0.0008822938861574592,-0.0008822938861573045,0.0,0.0,-0.0,0.0,0.0,0.0,1.0000000000000002,1.0000000000000002,0.0,False
2021-09-23,91731.93821583214,0.005386896970249522,0.005386896970249648,0.0,0.0,-0.0,0.0,0.0,0.0,1.0,1.0,0.0,False
2021-09-24,92175.86432649897,0.004839384398728441,0.004839384398728346,0.0,0.0,-0.0,0.0,0.0,0.0,1.0,1.0,0.0,False
2021-09-27,92368.92668885754,0.002094500157597823,0.002094500157597874,0.0,0.0,-0.0,0.0,0.0,0.0,1.0,1.0,0.0,False
2021-09-28,93121.8572037688,0.008151339870468455,0.008151339870468316,0.0,0.0,-0.0,0.0,0.0,0.0,0.9999999999999999,0.9999999999999999,0.0,False
2021-09-29,93245.40446503024,0.0013267267746936984,0.0013267267746939245,0.0,0.0,-0.0,0.0,0.0,0.0,1.0000000000000002,1.0000000000000002,0.0,False
2021-09-30,93809.58057448853,0.006050444123172571,0.006050444123172336,0.0,0.0,-0.0,0.0,0.0,0.0,1.0,1.0,0.0,False
2021-10-01,94007.88466168579,0.002113900157988624,0.0021309611026594697,1.6004800637800831,0.0,-1.7060944670882934e-05,2667.4667729668054,0.0283744429505676,0.0141872214752838,1.0000000000000002,1.0000000000000002,1.5479462473531952e-16,True
2021-10-04,93870.83066035685,-0.0014578990030694738,-0.001457899003069868,0.0,0.0,-0.0,0.0,0.0,0.0,0.9999999999999998,0.9999999999999998,1.550206291560213e-16,False
2021-10-05,94076.04671293356,0.002186153580756356,0.0021861535807563195,0.0,0.0,-0.0,0.0,0.0,0.0,0.9999999999999998,0.9999999999999998,1.5468246952139686e-16,False
2021-10-06,92779.63400493821,-0.013780476043506185,-0.01378047604350616,0.0,0.0,-0.0,0.0,0.0,0.0,0.9999999999999997,0.9999999999999997,1.5684385247297185e-16,False
2021-10-07,93052.29407155095,0.0029387922202648298,0.0029387922202650475,0.0,0.0,-0.0,0.0,0.0,0.0,0.9999999999999998,0.9999999999999998,1.5638427159224477e-16,False
2021-10-08,91054.41692581256,-0.02147047706531713,-0.02147047706531735,0.0,0.0,-0.0,0.0,0.0,0.0,0.9999999999999997,0.9999999999999997,1.5981558852024895e-16,False
2021-10-11,90155.415718403,-0.00987323007232066,-0.009873230072320657,0.0,0.0,-0.0,0.0,0.0,0.0,0.9999999999999999,0.9999999999999999,1.6140921887398538e-16,False
2021-10-12,90176.08340101977,0.00022924504814358926,0.00022924504814361138,0.0,0.0,-0.0,0.0,0.0,0.0,0.9999999999999998,0.9999999999999998,1.6137222509047548e-16,False
2021-10-13,90485.12016523034,0.003427036887777124,0.0034270368877772402,0.0,0.0,-0.0,0.0,0.0,0.0,0.9999999999999999,0.9999999999999999,1.6082108529882403e-16,False
2021-10-14,89824.51647470533,-0.0073006886581872266,-0.007300688658187156,0.0,0.0,-0.0,0.0,0.0,0.0,0.9999999999999999,0.9999999999999999,1.6200382478501494e-16,False
2021-10-15,89542.05470940455,-0.0031445954443888313,-0.003144595444388757,0.0,0.0,-0.0,0.0,0.0,0.0,1.0,1.0,1.6251486829951505e-16,False
2021-10-18,90186.94912566102,0.007202140026263404,0.007202140026263332,0.0,0.0,-0.0,0.0,0.0,0.0,1.0,1.0,1.6135278296298832e-16,False
2021-10-19,89773.08006847357,-0.004589012725231267,-0.004589012725231299,0.0,0.0,-0.0,0.0,0.0,0.0,0.9999999999999998,0.9999999999999998,1.620966465366624e-16,False
2021-10-20,90908.80896252528,0.012651107583536492,0.012651107583536748,0.0,0.0,-0.0,0.0,0.0,0.0,1.0,1.0,1.6007156395994021e-16,False
2021-10-21,90922.24421217921,0.0001477882045455292,0.00014778820454525057,0.0,0.0,-0.0,0.0,0.0,0.0,0.9999999999999998,0.9999999999999998,1.6004791076656677e-16,False
2021-10-22,91353.98795630719,0.004748494143198334,0.0047484941431983115,0.0,0.0,-0.0,0.0,0.0,0.0,0.9999999999999999,0.9999999999999999,1.5929151593608313e-16,False
2021-10-25,92033.34513774037,0.007436535575853664,0.007436535575853423,0.0,0.0,-0.0,0.0,0.0,0.0,0.9999999999999997,0.9999999999999997,1.5811568303409964e-16,False
2021-10-26,92056.43400000346,0.00025087496524789366,0.0002508749652482493,0.0,0.0,-0.0,0.0,0.0,0.0,1.0,1.0,1.5807602571664143e-16,False
2021-10-27,91426.30458840274,-0.006845033901711761,-0.006845033901712136,0.0,0.0,-0.0,0.0,0.0,0.0,0.9999999999999997,0.9999999999999997,1.5916551909080154e-16,False
2021-10-28,91456.13547223255,0.0003262833816166655,0.0003262833816169326,0.0,0.0,-0.0,0.0,0.0,0.0,1.0,1.0,1.5911360296636446e-16,False
2021-10-29,91524.99826303236,0.0007529597707605085,0.0007529597707604245,0.0,0.0,-0.0,0.0,0.0,0.0,0.9999999999999999,0.9999999999999999,1.5899388696568246e-16,False
2021-11-01,90769.57784590551,-0.008253705888700003,-0.00823650682144961,1.5741446002298318,0.0,-1.7199067250522316e-05,2623.5743337163867,0.028903173267987175,0.014451586633993587,1.0000000000000002,1.0000000000000002,0.0,True
2021-11-02,90887.2485159552,0.0012963668317313992,0.0012963668317312106,0.0,0.0,-0.0,0.0,0.0,0.0,1.0,1.0,0.0,False
2021-11-03,90624.56070812457,-0.0028902603183604825,-0.0028902603183606503,0.0,0.0,-0.0,0.0,0.0,0.0,0.9999999999999998,0.9999999999999998,0.0,False
2021-11-04,91268.80636851206,0.007108952091502196,0.00710895209150225,0.0,0.0,-0.0,0.0,0.0,0.0,0.9999999999999999,0.9999999999999999,0.0,False
2021-11-05,91362.73551171183,0.0010291483688360525,0.0010291483688361378,0.0,0.0,-0.0,0.0,0.0,0.0,0.9999999999999999,0.9999999999999999,0.0,False
2021-11-08,91210.84909939468,-0.0016624547356912656,-0.0016624547356911925,0.0,0.0,-0.0,0.0,0.0,0.0,0.9999999999999999,0.9999999999999999,0.0,False
2021-11-09,91258.90291633157,0.0005268432145011381,0.0005268432145008244,0.0,0.0,-0.0,0.0,0.0,0.0,0.9999999999999997,0.9999999999999997,0.0,False
2021-11-10,91295.46159751668,0.0004006039960684493,0.0004006039960686223,0.0,0.0,-0.0,0.0,0.0,0.0,0.9999999999999999,0.9999999999999999,0.0,False
2021-11-11,91535.84698812684,0.002633048635757085,0.002633048635757286,0.0,0.0,-0.0,0.0,0.0,0.0,1.0000000000000002,1.0000000000000002,0.0,False
2021-11-12,90723.92937774317,-0.008869941526722047,-0.008869941526722193,0.0,0.0,-0.0,0.0,0.0,0.0,1.0,1.0,0.0,False
2021-11-15,90367.31282702154,-0.003930788196318202,-0.003930788196318073,0.0,0.0,-0.0,0.0,0.0,0.0,1.0,1.0,0.0,False
2021-11-16,90817.45272728088,0.004981224805489015,0.004981224805488764,0.0,0.0,-0.0,0.0,0.0,0.0,0.9999999999999999,0.9999999999999999,0.0,False
2021-11-17,90819.07475481434,1.7860306414263505e-05,1.786030641425095e-05,0.0,0.0,-0.0,0.0,0.0,0.0,0.9999999999999999,0.9999999999999999,0.0,False
2021-11-18,90225.94125296386,-0.006530935306836905,-0.0065309353068368405,0.0,0.0,-0.0,0.0,0.0,0.0,1.0,1.0,0.0,False
2021-11-19,90389.29961456906,0.0018105476023484446,0.0018105476023484585,0.0,0.0,-0.0,0.0,0.0,0.0,1.0,1.0,0.0,False
2021-11-22,90362.00951215695,-0.0003019174009365466,-0.00030191740093644763,0.0,0.0,-0.0,0.0,0.0,0.0,1.0000000000000002,1.0000000000000002,0.0,False
2021-11-23,89625.09771176818,-0.008155106381179222,-0.008155106381179288,0.0,0.0,-0.0,0.0,0.0,0.0,1.0,1.0,0.0,False
2021-11-24,89762.77572444823,0.0015361546731342823,0.0015361546731342004,0.0,0.0,-0.0,0.0,0.0,0.0,0.9999999999999999,0.9999999999999999,0.0,False
2021-11-26,90339.9764453568,0.006430290465620825,0.006430290465621047,0.0,0.0,-0.0,0.0,0.0,0.0,1.0000000000000002,1.0000000000000002,0.0,False
2021-11-29,90676.67559291351,0.0037270227512220533,0.0037270227512217436,0.0,0.0,-0.0,0.0,0.0,0.0,1.0,1.0,0.0,False
2021-11-30,90846.11094738352,0.0018685660161459339,0.0018685660161462492,0.0,0.0,-0.0,0.0,0.0,0.0,1.0000000000000004,1.0000000000000004,0.0,False
2021-12-01,90176.23038136071,-0.007373794640596065,-0.007355323243556458,1.678054584889229,0.0,-1.84713970404427e-05,2796.7576414820487,0.03101377809697836,0.01550688904848918,1.0,1.0,0.0,True
2021-12-02,90538.71543128467,0.004019740550153639,0.004019740550153887,0.0,0.0,-0.0,0.0,0.0,0.0,0.9999999999999999,0.9999999999999999,0.0,False
2021-12-03,90388.77760290491,-0.0016560631290770678,-0.0016560631290771797,0.0,0.0,-0.0,0.0,0.0,0.0,1.0,1.0,0.0,False
2021-12-06,89928.40708917374,-0.005093226459524369,-0.00509322645952418,0.0,0.0,-0.0,0.0,0.0,0.0,1.0,1.0,0.0,False
2021-12-07,90173.72583400567,0.0027279338395116426,0.00272793383951142,0.0,0.0,-0.0,0.0,0.0,0.0,0.9999999999999998,0.9999999999999998,0.0,False
2021-12-08,90944.60112545293,0.008548779417923758,0.008548779417924044,0.0,0.0,-0.0,0.0,0.0,0.0,1.0,1.0,0.0,False
2021-12-09,91686.47748143182,0.00815745351343633,0.008157453513436297,0.0,0.0,-0.0,0.0,0.0,0.0,1.0,1.0,0.0,False
2021-12-10,92569.26243628489,0.009628300476827167,0.009628300476827176,0.0,0.0,-0.0,0.0,0.0,0.0,1.0,1.0,0.0,False
2021-12-13,92245.48802060807,-0.0034976449758327144,-0.0034976449758329564,0.0,0.0,-0.0,0.0,0.0,0.0,1.0,1.0,0.0,False
2021-12-14,92328.39846055345,0.0008988021173117478,0.0008988021173119271,0.0,0.0,-0.0,0.0,0.0,0.0,1.0,1.0,0.0,False
2021-12-15,92658.75034874499,0.0035780095149455793,0.0035780095149454266,0.0,0.0,-0.0,0.0,0.0,0.0,1.0,1.0,0.0,False
2021-12-16,92650.99575675689,-8.368979679640454e-05,-8.36897967965817e-05,0.0,0.0,-0.0,0.0,0.0,0.0,1.0,1.0,0.0,False
2021-12-17,92925.76303214506,0.002965615999525051,0.0029656159995250777,0.0,0.0,-0.0,0.0,0.0,0.0,1.0,1.0,0.0,False
2021-12-20,93634.02317371637,0.007621784513368146,0.0076217845133682805,0.0,0.0,-0.0,0.0,0.0,0.0,1.0,1.0,0.0,False
2021-12-21,93190.83711506428,-0.004733173302079119,-0.004733173302079342,0.0,0.0,-0.0,0.0,0.0,0.0,1.0,1.0,0.0,False
2021-12-22,92560.21325978255,-0.006767015672400123,-0.006767015672400062,0.0,0.0,-0.0,0.0,0.0,0.0,1.0,1.0,0.0,False
2021-12-23,92331.30586116677,-0.002473064727858021,-0.002473064727858181,0.0,0.0,-0.0,0.0,0.0,0.0,0.9999999999999998,0.9999999999999998,0.0,False
2021-12-27,92671.0432766278,0.0036795473896131803,0.003679547389613319,0.0,0.0,-0.0,0.0,0.0,0.0,0.9999999999999999,0.9999999999999999,0.0,False
2021-12-28,92566.00160753036,-0.0011334896574314302,-0.0011334896574312719,0.0,0.0,-0.0,0.0,0.0,0.0,1.0,1.0,0.0,False
2021-12-29,92742.57207598431,0.0019075088627311665,0.0019075088627310446,0.0,0.0,-0.0,0.0,0.0,0.0,1.0000000000000002,1.0000000000000002,0.0,False
2021-12-30,93545.38936264216,0.008656405237500886,0.008656405237500617,0.0,0.0,-0.0,0.0,0.0,0.0,0.9999999999999999,0.9999999999999999,0.0,False
2021-12-31,92976.11624766709,-0.006085528307207211,-0.006085528307207029,0.0,0.0,-0.0,0.0,0.0,0.0,1.0,1.0,0.0,False
2022-01-03,93529.79114490072,0.005955022855103742,0.0059671389233251,1.1265049674209398,0.0,-1.2116068221436444e-05,1877.5082790348997,0.020073664689822985,0.010036832344911492,1.0,1.0,1.5558588392250705e-16,True
2022-01-04,93670.4159833382,0.0015035299097334587,0.001503529909733425,0.0,0.0,-0.0,0.0,0.0,0.0,1.0,1.0,1.5535230708226278e-16,False
2022-01-05,93154.31250987074,-0.005509780948973919,-0.005509780948974021,0.0,0.0,-0.0,0.0,0.0,0.0,0.9999999999999998,0.9999999999999998,1.5621300652962164e-16,False
2022-01-06,93755.36159100635,0.006452187396819964,0.006452187396819711,0.0,0.0,-0.0,0.0,0.0,0.0,0.9999999999999998,0.9999999999999998,1.5521155250669706e-16,False
2022-01-07,93747.83474545345,-8.028176122598651e-05,-8.028176122578061e-05,0.0,0.0,-0.0,0.0,0.0,0.0,0.9999999999999998,0.9999999999999998,1.5522401416393871e-16,False
2022-01-10,92946.90418793193,-0.008543456600317523,-0.008543456600317542,0.0,0.0,-0.0,0.0,0.0,0.0,0.9999999999999999,0.9999999999999999,1.5656159132469791e-16,False
2022-01-11,92421.11922131534,-0.00565683140509432,-0.005656831405094158,0.0,0.0,-0.0,0.0,0.0,0.0,1.0,1.0,1.5745227228335386e-16,False
2022-01-12,92033.54155331076,-0.004193605003597445,-0.004193605003597509,0.0,0.0,-0.0,0.0,0.0,0.0,0.9999999999999999,0.9999999999999999,1.5811534558775622e-16,False
2022-01-13,91961.6937099253,-0.0007806702010249023,-0.0007806702010250198,0.0,0.0,-0.0,0.0,0.0,0.0,0.9999999999999998,0.9999999999999998,1.5823887796442666e-16,False
2022-01-14,91678.98030274283,-0.003074251851800769,-0.0030742518518006787,0.0,0.0,-0.0,0.0,0.0,0.0,0.9999999999999998,0.9999999999999998,1.5872684425932136e-16,False
2022-01-18,91650.1705687371,-0.0003142457945167765,-0.00031424579451668475,0.0,0.0,-0.0,0.0,0.0,0.0,1.0000000000000002,1.0000000000000002,1.5877673918187636e-16,False
2022-01-19,91712.90283545986,0.0006844751770069823,0.0006844751770067832,0.0,0.0,-0.0,0.0,0.0,0.0,0.9999999999999999,0.9999999999999999,1.5866813478223592e-16,False
2022-01-20,92008.64846239581,0.003224689414384141,0.0032246894143841843,0.0,0.0,-0.0,0.0,0.0,0.0,0.9999999999999999,0.9999999999999999,1.581581239541222e-16,False
2022-01-21,91856.75050893771,-0.001650909517708854,-0.0016509095177088607,0.0,0.0,-0.0,0.0,0.0,0.0,0.9999999999999997,0.9999999999999997,1.5841966047939985e-16,False
2022-01-24,92165.51078476406,0.003361323736313926,0.0033613237363140634,0.0,0.0,-0.0,0.0,0.0,0.0,1.0000000000000002,1.0000000000000002,1.5788894462213992e-16,False
2022-01-25,92279.31066995744,0.0012347339500904386,0.0012347339500902493,0.0,0.0,-0.0,0.0,0.0,0.0,0.9999999999999999,0.9999999999999999,1.576942341974428e-16,False
2022-01-26,91233.72518685386,-0.011330659879365435,-0.01133065987936542,0.0,0.0,-0.0,0.0,0.0,0.0,0.9999999999999998,0.9999999999999998,1.5950149134613742e-16,False
2022-01-27,91167.97509256097,-0.0007206775143536737,-0.0007206775143536789,0.0,0.0,-0.0,0.0,0.0,0.0,0.9999999999999998,0.9999999999999998,1.5961652338546065e-16,False
2022-01-28,90078.77294865585,-0.011947201227177295,-0.011947201227177462,0.0,0.0,-0.0,0.0,0.0,0.0,0.9999999999999997,0.9999999999999997,1.6154655255640884e-16,False
2022-01-31,90126.96507190274,0.0005349997748564927,0.0005349997748567521,0.0,0.0,-0.0,0.0,0.0,0.0,0.9999999999999998,0.9999999999999998,1.6146017140106098e-16,False
2022-02-01,90203.32528067724,0.0008472515269273284,0.0008633037408218427,1.4467373210013692,0.0,-1.6052213894556097e-05,2411.2288683356155,0.026730613185902315,0.013365306592951157,1.0000000000000002,1.0000000000000002,0.0,True
2022-02-02,90798.76664254423,0.006601102121393199,0.006601102121393205,0.0,0.0,-0.0,0.0,0.0,0.0,1.0,1.0,0.0,False
2022-02-03,91516.1193019375,0.007900466998823186,0.007900466998823272,0.0,0.0,-0.0,0.0,0.0,0.0,1.0,1.0,0.0,False
2022-02-04,91796.18165677217,0.003060251647151402,0.0030602516471513372,0.0,0.0,-0.0,0.0,0.0,0.0,0.9999999999999999,0.9999999999999999,0.0,False
2022-02-07,91449.79457796035,-0.003773436678520814,-0.0037734366785207745,0.0,0.0,-0.0,0.0,0.0,0.0,0.9999999999999999,0.9999999999999999,0.0,False
2022-02-08,91586.81850668743,0.0014983514108417584,0.0014983514108420726,0.0,0.0,-0.0,0.0,0.0,0.0,1.0000000000000002,1.0000000000000002,0.0,False
2022-02-09,91529.64325295904,-0.0006242738273981585,-0.0006242738273983704,0.0,0.0,-0.0,0.0,0.0,0.0,1.0,1.0,0.0,False
2022-02-10,91825.21569485732,0.0032292537301976676,0.0032292537301974976,0.0,0.0,-0.0,0.0,0.0,0.0,0.9999999999999996,0.9999999999999996,0.0,False
2022-02-11,92493.34495275277,0.00727609788705208,0.0072760978870521804,0.0,0.0,-0.0,0.0,0.0,0.0,0.9999999999999999,0.9999999999999999,0.0,False
2022-02-14,92042.60456793128,-0.004873219635982862,-0.0048732196359825685,0.0,0.0,-0.0,0.0,0.0,0.0,1.0000000000000002,1.0000000000000002,0.0,False
2022-02-15,92619.36726871946,0.006266257930179542,0.006266257930179373,0.0,0.0,-0.0,0.0,0.0,0.0,0.9999999999999998,0.9999999999999998,0.0,False
2022-02-16,93050.90701812817,0.004659281985339714,0.00465928198533971,0.0,0.0,-0.0,0.0,0.0,0.0,1.0,1.0,0.0,False
2022-02-17,92485.54401677282,-0.006075846216579084,-0.006075846216578968,0.0,0.0,-0.0,0.0,0.0,0.0,0.9999999999999999,0.9999999999999999,0.0,False
2022-02-18,92855.41430047444,0.0039992226637552974,0.003999222663755111,0.0,0.0,-0.0,0.0,0.0,0.0,0.9999999999999999,0.9999999999999999,0.0,False
2022-02-22,92984.31152037146,0.0013881497473040572,0.0013881497473042942,0.0,0.0,-0.0,0.0,0.0,0.0,1.0,1.0,0.0,False
2022-02-23,92821.66348220198,-0.0017491987143857246,-0.001749198714385793,0.0,0.0,-0.0,0.0,0.0,0.0,1.0,1.0,0.0,False
2022-02-24,92546.05536052777,-0.0029692219610679693,-0.0029692219610679767,0.0,0.0,-0.0,0.0,0.0,0.0,1.0,1.0,0.0,False
2022-02-25,92205.62323486227,-0.0036785157869699825,-0.003678515786970053,0.0,0.0,-0.0,0.0,0.0,0.0,0.9999999999999997,0.9999999999999997,0.0,False
2022-02-28,92147.15697045672,-0.0006340856702050646,-0.0006340856702049359,0.0,0.0,-0.0,0.0,0.0,0.0,0.9999999999999997,0.9999999999999997,0.0,False
2022-03-01,92625.5804590578,0.005191950618232077,0.00520251752818691,0.9737107103139206,0.0,-1.056690995497671e-05,1622.8511838565346,0.017520366577408623,0.008760183288704312,1.0,1.0,0.0,True
2022-03-02,92013.86281967872,-0.00660419763468556,-0.006604197634685566,0.0,0.0,-0.0,0.0,0.0,0.0,0.9999999999999999,0.9999999999999999,0.0,False
2022-03-03,92470.45026709478,0.004962159324957804,0.004962159324957995,0.0,0.0,-0.0,0.0,0.0,0.0,1.0,1.0,0.0,False
2022-03-04,91949.78989813381,-0.0056305594647487744,-0.005630559464748771,0.0,0.0,-0.0,0.0,0.0,0.0,1.0,1.0,0.0,False
2022-03-07,91750.09751991578,-0.002171754589534669,-0.002171754589534753,0.0,0.0,-0.0,0.0,0.0,0.0,1.0,1.0,0.0,False
2022-03-08,91914.17325372862,0.0017882894759562173,0.0017882894759561686,0.0,0.0,-0.0,0.0,0.0,0.0,1.0,1.0,0.0,False
2022-03-09,93213.23375840862,0.014133407924955765,0.014133407924956053,0.0,0.0,-0.0,0.0,0.0,0.0,1.0000000000000002,1.0000000000000002,0.0,False
2022-03-10,92518.50326346194,-0.0074531315665680165,-0.007453131566568112,0.0,0.0,-0.0,0.0,0.0,0.0,1.0,1.0,0.0,False
2022-03-11,93286.58391687396,0.008301913955793161,0.008301913955793095,0.0,0.0,-0.0,0.0,0.0,0.0,1.0000000000000002,1.0000000000000002,0.0,False
2022-03-14,93347.99597026983,0.0006583160280644318,0.0006583160280643364,0.0,0.0,-0.0,0.0,0.0,0.0,0.9999999999999999,0.9999999999999999,0.0,False
2022-03-15,93894.5098837572,0.005854586462267886,0.00585458646226769,0.0,0.0,-0.0,0.0,0.0,0.0,0.9999999999999998,0.9999999999999998,0.0,False
2022-03-16,94044.83651728928,0.0016010162225479352,0.0016010162225480076,0.0,0.0,-0.0,0.0,0.0,0.0,0.9999999999999998,0.9999999999999998,0.0,False
2022-03-17,94356.30936112956,0.003311961138696029,0.0033119611386959466,0.0,0.0,-0.0,0.0,0.0,0.0,1.0,1.0,0.0,False
2022-03-18,94210.2768127151,-0.0015476712622951583,-0.0015476712622947664,0.0,0.0,-0.0,0.0,0.0,0.0,1.0000000000000002,1.0000000000000002,0.0,False
2022-03-21,94854.82568307832,0.00684159830720521,0.006841598307204984,0.0,0.0,-0.0,0.0,0.0,0.0,0.9999999999999999,0.9999999999999999,0.0,False
2022-03-22,94641.62647979196,-0.002247636867719227,-0.002247636867719029,0.0,0.0,-0.0,0.0,0.0,0.0,1.0,1.0,0.0,False
2022-03-23,95027.02182263459,0.004072154686869389,0.004072154686869338,0.0,0.0,-0.0,0.0,0.0,0.0,1.0000000000000002,1.0000000000000002,0.0,False
2022-03-24,94741.4876445247,-0.0030047682504753537,-0.0030047682504753697,0.0,0.0,-0.0,0.0,0.0,0.0,1.0,1.0,0.0,False
2022-03-25,94722.16825820328,-0.00020391685629761458,-0.0002039168562976645,0.0,0.0,-0.0,0.0,0.0,0.0,0.9999999999999999,0.9999999999999999,0.0,False
2022-03-28,94126.41561883048,-0.006289474262760164,-0.00628947426276024,0.0,0.0,-0.0,0.0,0.0,0.0,0.9999999999999997,0.9999999999999997,0.0,False
2022-03-29,94112.44035824445,-0.0001484733110694858,-0.00014847331106929086,0.0,0.0,-0.0,0.0,0.0,0.0,0.9999999999999999,0.9999999999999999,0.0,False
2022-03-30,94942.03164606393,0.008814895083600005,0.008814895083600078,0.0,0.0,-0.0,0.0,0.0,0.0,1.0000000000000002,1.0000000000000002,0.0,False
2022-03-31,94998.04217094061,0.0005899444524790631,0.000589944452478758,0.0,0.0,-0.0,0.0,0.0,0.0,0.9999999999999999,0.9999999999999999,0.0,False
2022-04-01,94947.34692392303,-0.0005336451768801487,-0.0005160254931455158,1.6738354584451485,0.0,-1.761968373446296e-05,2789.7257640752478,0.02938130105780588,0.01469065052890294,1.0000000000000002,1.0000000000000002,3.065259999318704e-16,True
2022-04-04,94247.02093941033,-0.007375940531269887,-0.007375940531270048,0.0,0.0,-0.0,0.0,0.0,0.0,0.9999999999999998,0.9999999999999998,3.0880371779012537e-16,False
2022-04-05,94025.5713343801,-0.002349672199958408,-0.0023496721999585993,0.0,0.0,-0.0,0.0,0.0,0.0,0.9999999999999996,0.9999999999999996,3.0953101420923773e-16,False
2022-04-06,93038.21262988898,-0.010500959371784191,-0.010500959371784208,0.0,0.0,-0.0,0.0,0.0,0.0,0.9999999999999997,0.9999999999999997,3.12815881067173e-16,False
2022-04-07,92634.91874641305,-0.0043347122873077515,-0.004334712287307773,0.0,0.0,-0.0,0.0,0.0,0.0,0.9999999999999996,0.9999999999999996,3.1417775122581024e-16,False
2022-04-08,92886.53029284942,0.0027161630823593352,0.0027161630823595677,0.0,0.0,-0.0,0.0,0.0,0.0,0.9999999999999996,0.9999999999999996,3.133267047975219e-16,False
2022-04-11,93712.72995477669,0.00889471981914336,0.008894719819143358,0.0,0.0,-0.0,0.0,0.0,0.0,0.9999999999999997,0.9999999999999997,3.1056432216603285e-16,False
2022-04-12,95299.22391360771,0.016929332435375866,0.016929332435375997,0.0,0.0,-0.0,0.0,0.0,0.0,0.9999999999999999,0.9999999999999999,3.053942021932666e-16,False
2022-04-13,95095.40403798173,-0.0021387359440696585,-0.002138735944069766,0.0,0.0,-0.0,0.0,0.0,0.0,0.9999999999999999,0.9999999999999999,3.060487596762241e-16,False
2022-04-14,95845.45511318103,0.007887353577042733,0.007887353577042787,0.0,0.0,-0.0,0.0,0.0,0.0,0.9999999999999999,0.9999999999999999,3.0365373530091605e-16,False
2022-04-18,95763.39653588877,-0.0008561551217568519,-0.0008561551217569162,0.0,0.0,-0.0,0.0,0.0,0.0,0.9999999999999997,0.9999999999999997,3.0391393277103123e-16,False
2022-04-19,95784.62966961469,0.0002217249439138147,0.0002217249439138432,0.0,0.0,-0.0,0.0,0.0,0.0,0.9999999999999997,0.9999999999999997,3.0384656240902267e-16,False
2022-04-20,95813.44917425976,0.00030087817580426446,0.00030087817580400246,0.0,0.0,-0.0,0.0,0.0,0.0,0.9999999999999994,0.9999999999999994,3.037551691078504e-16,False
2022-04-21,96053.38413276807,0.0025041887185579537,0.0025041887185582594,0.0,0.0,-0.0,0.0,0.0,0.0,0.9999999999999998,0.9999999999999998,3.029964089188722e-16,False
2022-04-22,96091.89393931258,0.0004009208722024482,0.0004009208722025171,0.0,0.0,-0.0,0.0,0.0,0.0,0.9999999999999997,0.9999999999999997,3.0287498001771517e-16,False
2022-04-25,95805.0374276512,-0.0029852311147342547,-0.0029852311147343536,0.0,0.0,-0.0,0.0,0.0,0.0,0.9999999999999997,0.9999999999999997,3.0378183901563584e-16,False
2022-04-26,94793.76046320348,-0.010555571936511243,-0.010555571936511163,0.0,0.0,-0.0,0.0,0.0,0.0,0.9999999999999997,0.9999999999999997,3.070226385631264e-16,False
2022-04-27,94074.6936266588,-0.007585592480254033,-0.007585592480254004,0.0,0.0,-0.0,0.0,0.0,0.0,0.9999999999999998,0.9999999999999998,3.0936938867145336e-16,False
2022-04-28,94343.39046346887,0.002856207407662792,0.0028562074076626262,0.0,0.0,-0.0,0.0,0.0,0.0,0.9999999999999996,0.9999999999999996,3.084882821547857e-16,False
2022-04-29,94073.43576172464,-0.0028614055570618246,-0.002861405557061657,0.0,0.0,-0.0,0.0,0.0,0.0,0.9999999999999998,0.9999999999999998,3.093735252792275e-16,False
2022-05-02,93504.18345100715,-0.006051148298222397,-0.006037031368031504,1.3280281254729858,0.0,-1.4116930190970194e-05,2213.380209121643,0.023671120280600758,0.011835560140300379,1.0000000000000002,1.0000000000000002,0.0,True
2022-05-03,93373.66181100465,-0.001395890912954556,-0.0013958909129545562,0.0,0.0,-0.0,0.0,0.0,0.0,1.0,1.0,0.0,False
2022-05-04,93964.23130730542,0.006324797430522944,0.006324797430523085,0.0,0.0,-0.0,0.0,0.0,0.0,1.0000000000000002,1.0000000000000002,0.0,False
2022-05-05,94421.17023737272,0.004862902869634533,0.00486290286963455,0.0,0.0,-0.0,0.0,0.0,0.0,1.0000000000000002,1.0000000000000002,0.0,False
2022-05-06,94343.0291827783,-0.0008275798149713909,-0.0008275798149715652,0.0,0.0,-0.0,0.0,0.0,0.0,1.0,1.0,0.0,False
2022-05-09,94883.28882424995,0.005726545417838569,0.0057265454178386625,0.0,0.0,-0.0,0.0,0.0,0.0,1.0,1.0,0.0,False
2022-05-10,95559.84424954117,0.007130396023101504,0.0071303960231013765,0.0,0.0,-0.0,0.0,0.0,0.0,0.9999999999999999,0.9999999999999999,0.0,False
2022-05-11,95872.44565002098,0.0032712631852296337,0.0032712631852298106,0.0,0.0,-0.0,0.0,0.0,0.0,1.0,1.0,0.0,False
2022-05-12,96152.38534646631,0.0029199181740626745,0.002919918174062726,0.0,0.0,-0.0,0.0,0.0,0.0,1.0000000000000002,1.0000000000000002,0.0,False
2022-05-13,96966.097227103,0.008462732127805683,0.008462732127805735,0.0,0.0,-0.0,0.0,0.0,0.0,1.0,1.0,0.0,False
2022-05-16,97651.09516606906,0.007064303489102253,0.007064303489102423,0.0,0.0,-0.0,0.0,0.0,0.0,1.0000000000000002,1.0000000000000002,0.0,False
2022-05-17,98077.6024398504,0.00436766503290098,0.0043676650329008805,0.0,0.0,-0.0,0.0,0.0,0.0,1.0000000000000002,1.0000000000000002,0.0,False
2022-05-18,98645.6576922714,0.0057918957875156,0.005791895787515759,0.0,0.0,-0.0,0.0,0.0,0.0,1.0,1.0,0.0,False
2022-05-19,99003.02820216594,0.0036227698031003897,0.003622769803100209,0.0,0.0,-0.0,0.0,0.0,0.0,1.0,1.0,0.0,False
2022-05-20,98332.82536943551,-0.00676951851777563,-0.006769518517775686,0.0,0.0,-0.0,0.0,0.0,0.0,1.0,1.0,0.0,False
2022-05-23,98748.89348496094,0.004231223032209908,0.004231223032209846,0.0,0.0,-0.0,0.0,0.0,0.0,1.0,1.0,0.0,False
2022-05-24,97784.81569651919,-0.009762922443162125,-0.009762922443161971,0.0,0.0,-0.0,0.0,0.0,0.0,0.9999999999999999,0.9999999999999999,0.0,False
2022-05-25,97298.86455868608,-0.004969597113536395,-0.0049695971135362855,0.0,0.0,-0.0,0.0,0.0,0.0,1.0,1.0,0.0,False
2022-05-26,98108.21697271711,0.008318210265885195,0.00831821026588496,0.0,0.0,-0.0,0.0,0.0,0.0,1.0,1.0,0.0,False
2022-05-27,98387.81354589984,0.002849879264042565,0.002849879264042555,0.0,0.0,-0.0,0.0,0.0,0.0,0.9999999999999999,0.9999999999999999,0.0,False
2022-05-31,99229.81036437818,0.008557938103640472,0.008557938103640493,0.0,0.0,-0.0,0.0,0.0,0.0,0.9999999999999999,0.9999999999999999,0.0,False
2022-06-01,99133.71463852566,-0.0009684158973966017,-0.0009485950199485566,1.9668219104334683,0.0,-1.9820877448129478e-05,3278.036517389114,0.033066162143620716,0.016533081071810358,1.0000000000000002,1.0000000000000002,0.0,True
2022-06-02,98630.15769179612,-0.005079573065184473,-0.005079573065184658,0.0,0.0,-0.0,0.0,0.0,0.0,1.0,1.0,0.0,False
2022-06-03,98401.74433060343,-0.0023158572037008662,-0.0023158572037009465,0.0,0.0,-0.0,0.0,0.0,0.0,1.0,1.0,0.0,False
2022-06-06,98459.37793591752,0.0005856969884645569,0.0005856969884644847,0.0,0.0,-0.0,0.0,0.0,0.0,0.9999999999999998,0.9999999999999998,0.0,False
2022-06-07,98376.21163945984,-0.0008446762329923363,-0.0008446762329922691,0.0,0.0,-0.0,0.0,0.0,0.0,1.0000000000000002,1.0000000000000002,0.0,False
2022-06-08,98929.86122038396,0.005627880680679098,0.005627880680679082,0.0,0.0,-0.0,0.0,0.0,0.0,1.0,1.0,0.0,False
2022-06-09,98731.9248687443,-0.002000774581081388,-0.002000774581081469,0.0,0.0,-0.0,0.0,0.0,0.0,0.9999999999999999,0.9999999999999999,0.0,False
2022-06-10,98930.79348048926,0.002014228042341193,0.002014228042341264,0.0,0.0,-0.0,0.0,0.0,0.0,1.0,1.0,0.0,False
2022-06-13,98314.72970766306,-0.006227219565844155,-0.006227219565844121,0.0,0.0,-0.0,0.0,0.0,0.0,1.0,1.0,0.0,False
2022-06-14,98580.79787235902,0.0027062899474687985,0.00270628994746859,0.0,0.0,-0.0,0.0,0.0,0.0,0.9999999999999998,0.9999999999999998,0.0,False
2022-06-15,98820.5498585976,0.0024320353599593947,0.00243203535995956,0.0,0.0,-0.0,0.0,0.0,0.0,1.0,1.0,0.0,False
2022-06-16,98367.83344709752,-0.004581197050085972,-0.004581197050086148,0.0,0.0,-0.0,0.0,0.0,0.0,0.9999999999999998,0.9999999999999998,0.0,False
2022-06-17,98323.69596915809,-0.00044869828268789824,-0.0004486982826878002,0.0,0.0,-0.0,0.0,0.0,0.0,0.9999999999999999,0.9999999999999999,0.0,False
2022-06-21,98095.19398581279,-0.0023239767493786756,-0.0023239767493785065,0.0,0.0,-0.0,0.0,0.0,0.0,0.9999999999999998,0.9999999999999998,0.0,False
2022-06-22,97933.65527593684,-0.001646754579019638,-0.0016467545790197133,0.0,0.0,-0.0,0.0,0.0,0.0,0.9999999999999999,0.9999999999999999,0.0,False
2022-06-23,98897.01496207535,0.009836860305317607,0.00983686030531759,0.0,0.0,-0.0,0.0,0.0,0.0,0.9999999999999999,0.9999999999999999,0.0,False
2022-06-24,98983.12761232277,0.0008707305299400225,0.0008707305299403018,0.0,0.0,-0.0,0.0,0.0,0.0,1.0,1.0,0.0,False
2022-06-27,99049.90841460509,0.0006746685409242392,0.0006746685409238563,0.0,0.0,-0.0,0.0,0.0,0.0,1.0,1.0,0.0,False
2022-06-28,97972.99700566533,-0.010872411960564432,-0.01087241196056429,0.0,0.0,-0.0,0.0,0.0,0.0,0.9999999999999999,0.9999999999999999,0.0,False
2022-06-29,97383.55195104556,-0.006016403219610389,-0.006016403219610244,0.0,0.0,-0.0,0.0,0.0,0.0,1.0,1.0,0.0,False
2022-06-30,97179.34767881823,-0.0020969072100592845,-0.0020969072100591774,0.0,0.0,-0.0,0.0,0.0,0.0,1.0000000000000002,1.0000000000000002,0.0,False
2022-07-01,97105.50022926403,-0.0007599088830918532,-0.0007466283434470454,1.2905941795591547,0.0,-1.328053964536397e-05,2150.990299265258,0.0221507711358325,0.01107538556791625,0.9999999999999994,0.9999999999999994,0.0,True
2022-07-05,97760.72814470502,0.006747588075793898,0.006747588075794184,0.0,0.0,-0.0,0.0,0.0,0.0,0.9999999999999999,0.9999999999999999,0.0,False
2022-07-06,97500.73894605562,-0.0026594441713299055,-0.0026594441713300005,0.0,0.0,-0.0,0.0,0.0,0.0,0.9999999999999999,0.9999999999999999,0.0,False
2022-07-07,98226.05682035068,0.0074391013046204435,0.007439101304620631,0.0,0.0,-0.0,0.0,0.0,0.0,0.9999999999999999,0.9999999999999999,0.0,False
2022-07-08,98481.69525901266,0.002602552183577078,0.002602552183577258,0.0,0.0,-0.0,0.0,0.0,0.0,1.0,1.0,0.0,False
2022-07-11,98425.2145391781,-0.0005735149022975117,-0.0005735149022974824,0.0,0.0,-0.0,0.0,0.0,0.0,1.0000000000000002,1.0000000000000002,0.0,False
2022-07-12,98197.52568848102,-0.0023133183073371644,-0.0023133183073373617,0.0,0.0,-0.0,0.0,0.0,0.0,0.9999999999999998,0.9999999999999998,0.0,False
2022-07-13,98410.4036675382,0.002167854816754744,0.0021678548167549496,0.0,0.0,-0.0,0.0,0.0,0.0,1.0,1.0,0.0,False
2022-07-14,99443.92071915846,0.010502111698594607,0.010502111698594436,0.0,0.0,-0.0,0.0,0.0,0.0,0.9999999999999999,0.9999999999999999,0.0,False
2022-07-15,98339.91400424522,-0.01110180196968591,-0.0111018019696858,0.0,0.0,-0.0,0.0,0.0,0.0,1.0,1.0,0.0,False
2022-07-18,97225.75525539905,-0.011329669749335691,-0.011329669749335634,0.0,0.0,-0.0,0.0,0.0,0.0,1.0,1.0,0.0,False
2022-07-19,97210.68364251788,-0.00015501667065054292,-0.00015501667065078074,0.0,0.0,-0.0,0.0,0.0,0.0,0.9999999999999998,0.9999999999999998,0.0,False
2022-07-20,97287.26984921796,0.0007878373428760188,0.0007878373428760952,0.0,0.0,-0.0,0.0,0.0,0.0,0.9999999999999999,0.9999999999999999,0.0,False
2022-07-21,97840.04711997077,0.00568190752612896,0.005681907526129143,0.0,0.0,-0.0,0.0,0.0,0.0,1.0,1.0,0.0,False
2022-07-22,97760.91681354019,-0.0008087721619098875,-0.0008087721619096998,0.0,0.0,-0.0,0.0,0.0,0.0,1.0000000000000004,1.0000000000000004,0.0,False
2022-07-25,97505.88230115149,-0.0026087573715692924,-0.002608757371569681,0.0,0.0,-0.0,0.0,0.0,0.0,0.9999999999999998,0.9999999999999998,0.0,False
2022-07-26,97881.32944608384,0.003850507641915968,0.003850507641916347,0.0,0.0,-0.0,0.0,0.0,0.0,1.0000000000000002,1.0000000000000002,0.0,False
2022-07-27,98536.63588262844,0.006694907397079897,0.0066949073970796165,0.0,0.0,-0.0,0.0,0.0,0.0,0.9999999999999999,0.9999999999999999,0.0,False
2022-07-28,98680.45017131673,0.001459500696366245,0.0014595006963666012,0.0,0.0,-0.0,0.0,0.0,0.0,1.0000000000000002,1.0000000000000002,0.0,False
2022-07-29,99129.21754282297,0.004547682653728735,0.00454768265372862,0.0,0.0,-0.0,0.0,0.0,0.0,1.0,1.0,0.0,False
2022-08-01,99182.55132101009,0.000538022789941639,0.0005553329280925684,1.7159404504964082,0.0,-1.7310138151298698e-05,2859.900750827347,0.028834217661641202,0.014417108830820601,1.0,1.0,0.0,True
2022-08-02,98964.15906173055,-0.0022019221765399166,-0.0022019221765397167,0.0,0.0,-0.0,0.0,0.0,0.0,1.0000000000000002,1.0000000000000002,0.0,False
2022-08-03,99360.0274523276,0.004000118773809014,0.00400011877380895,0.0,0.0,-0.0,0.0,0.0,0.0,1.0000000000000002,1.0000000000000002,0.0,False
2022-08-04,99414.97558796094,0.0005530205359465246,0.0005530205359464212,0.0,0.0,-0.0,0.0,0.0,0.0,1.0,1.0,0.0,False
2022-08-05,99493.97887021994,0.0007946819057367271,0.0007946819057366325,0.0,0.0,-0.0,0.0,0.0,0.0,1.0,1.0,0.0,False
2022-08-08,100371.24889809442,0.008817317769739486,0.008817317769739383,0.0,0.0,-0.0,0.0,0.0,0.0,0.9999999999999999,0.9999999999999999,0.0,False
2022-08-09,98972.48260139917,-0.013935925995255838,-0.013935925995255593,0.0,0.0,-0.0,0.0,0.0,0.0,1.0000000000000002,1.0000000000000002,0.0,False
2022-08-10,98241.87287957151,-0.007381948018522544,-0.007381948018522654,0.0,0.0,-0.0,0.0,0.0,0.0,1.0000000000000002,1.0000000000000002,0.0,False
2022-08-11,97715.39997504756,-0.005358946130529452,-0.00535894613052946,0.0,0.0,-0.0,0.0,0.0,0.0,1.0000000000000002,1.0000000000000002,0.0,False
2022-08-12,97390.97179949039,-0.0033201335269570365,-0.0033201335269572073,0.0,0.0,-0.0,0.0,0.0,0.0,0.9999999999999999,0.9999999999999999,0.0,False
2022-08-15,97365.06215777135,-0.0002660374081940864,-0.00026603740819416526,0.0,0.0,-0.0,0.0,0.0,0.0,0.9999999999999999,0.9999999999999999,0.0,False
2022-08-16,96510.26222281104,-0.008779329217447396,-0.0087793292174474,0.0,0.0,-0.0,0.0,0.0,0.0,1.0,1.0,0.0,False
2022-08-17,95780.03184045822,-0.007566349583290499,-0.007566349583290545,0.0,0.0,-0.0,0.0,0.0,0.0,0.9999999999999998,0.9999999999999998,0.0,False
2022-08-18,95203.73749688608,-0.006016852704038289,-0.006016852704038393,0.0,0.0,-0.0,0.0,0.0,0.0,0.9999999999999997,0.9999999999999997,0.0,False
2022-08-19,96486.58195456538,0.013474727898379557,0.013474727898379951,0.0,0.0,-0.0,0.0,0.0,0.0,1.0000000000000002,1.0000000000000002,0.0,False
2022-08-22,97473.73273511251,0.010230964353281413,0.010230964353281177,0.0,0.0,-0.0,0.0,0.0,0.0,0.9999999999999998,0.9999999999999998,0.0,False
2022-08-23,97147.5842698929,-0.003346013906186718,-0.0033460139061864606,0.0,0.0,-0.0,0.0,0.0,0.0,1.0,1.0,0.0,False
2022-08-24,96835.37718541366,-0.0032137400721348186,-0.003213740072134822,0.0,0.0,-0.0,0.0,0.0,0.0,1.0,1.0,0.0,False
2022-08-25,95879.34074321477,-0.009872801345817472,-0.009872801345817474,0.0,0.0,-0.0,0.0,0.0,0.0,1.0,1.0,0.0,False
2022-08-26,94917.57095520623,-0.01003104298124402,-0.010031042981244154,0.0,0.0,-0.0,0.0,0.0,0.0,1.0,1.0,0.0,False
2022-08-29,94851.32368624218,-0.0006979452623721016,-0.0006979452623720988,0.0,0.0,-0.0,0.0,0.0,0.0,1.0,1.0,0.0,False
2022-08-30,94567.35655801758,-0.0029938130243066796,-0.0029938130243066493,0.0,0.0,-0.0,0.0,0.0,0.0,1.0,1.0,0.0,False
2022-08-31,94544.3805764212,-0.00024295890709691292,-0.00024295890709680467,0.0,0.0,-0.0,0.0,0.0,0.0,1.0,1.0,0.0,False
2022-09-01,93437.21940475205,-0.011710491569345338,-0.011697274580686331,1.2495920058611982,0.0,-1.3216988659110629e-05,2082.653343101997,0.0222890353990524,0.0111445176995262,1.0000000000000002,1.0000000000000002,1.557400286638535e-16,True
2022-09-02,93047.73071793585,-0.004168453313331266,-0.004168453313331444,0.0,0.0,-0.0,0.0,0.0,0.0,0.9999999999999998,0.9999999999999998,1.5639194116919854e-16,False
2022-09-06,93404.11757967893,0.003830151031016804,0.0038301510310168427,0.0,0.0,-0.0,0.0,0.0,0.0,0.9999999999999999,0.9999999999999999,1.557952219392604e-16,False
2022-09-07,93678.7012250611,0.002939738123942215,0.0029397381239422314,0.0,0.0,-0.0,0.0,0.0,0.0,0.9999999999999998,0.9999999999999998,1.553385672310527e-16,False
2022-09-08,94017.19880887572,0.003613388949547769,0.003613388949547887,0.0,0.0,-0.0,0.0,0.0,0.0,0.9999999999999999,0.9999999999999999,1.5477928945691024e-16,False
2022-09-09,93203.40738414241,-0.008655771869864326,-0.008655771869864605,0.0,0.0,-0.0,0.0,0.0,0.0,0.9999999999999997,0.9999999999999997,1.561307213629049e-16,False
2022-09-12,93576.34057798922,0.004001282831965103,0.004001282831965312,0.0,0.0,-0.0,0.0,0.0,0.0,0.9999999999999999,0.9999999999999999,1.555084879199659e-16,False
2022-09-13,92992.77954600993,-0.006236202744997588,-0.0062362027449979224,0.0,0.0,-0.0,0.0,0.0,0.0,0.9999999999999998,0.9999999999999998,1.564843560909696e-16,False
2022-09-14,93258.44815971749,0.0028568735659322275,0.002856873565932579,0.0,0.0,-0.0,0.0,0.0,0.0,1.0,1.0,1.5603857361474386e-16,False
2022-09-15,93296.23709492048,0.00040520656250109255,0.0004052065625010801,0.0,0.0,-0.0,0.0,0.0,0.0,1.0,1.0,1.5597537137067592e-16,False
2022-09-16,92427.85361588371,-0.009307808182588029,-0.009307808182588024,0.0,0.0,-0.0,0.0,0.0,0.0,0.9999999999999999,0.9999999999999999,1.5744080013847803e-16,False
2022-09-19,92238.79545185792,-0.002045467428157366,-0.0020454674281573677,0.0,0.0,-0.0,0.0,0.0,0.0,1.0,1.0,1.577635002395702e-16,False
2022-09-20,92407.12447202351,0.0018249264785059616,0.0018249264785058325,0.0,0.0,-0.0,0.0,0.0,0.0,0.9999999999999998,0.9999999999999998,1.5747611790227797e-16,False
2022-09-21,92887.77640792224,0.005201459721260404,0.005201459721260437,0.0,0.0,-0.0,0.0,0.0,0.0,0.9999999999999999,0.9999999999999999,1.566612507167923e-16,False
2022-09-22,92767.49526483093,-0.0012949081972108978,-0.0012949081972108817,0.0,0.0,-0.0,0.0,0.0,0.0,1.0,1.0,1.5686437568271422e-16,False
2022-09-23,93630.45326735683,0.009302374717160777,0.009302374717160868,0.0,0.0,-0.0,0.0,0.0,0.0,0.9999999999999998,0.9999999999999998,1.5541861350189797e-16,False
2022-09-26,94056.88458590707,0.004554408354006334,0.004554408354006379,0.0,0.0,-0.0,0.0,0.0,0.0,1.0,1.0,1.5471398284594285e-16,False
2022-09-27,93868.88224393004,-0.0019988153212252557,-0.001998815321225406,0.0,0.0,-0.0,0.0,0.0,0.0,0.9999999999999998,0.9999999999999998,1.5502384688625436e-16,False
2022-09-28,94100.31165613438,0.002465454010658563,0.002465454010658422,0.0,0.0,-0.0,0.0,0.0,0.0,0.9999999999999996,0.9999999999999996,1.5464258271049219e-16,False
2022-09-29,95014.09083861207,0.009710692413186228,0.009710692413186743,0.0,0.0,-0.0,0.0,0.0,0.0,1.0,1.0,1.531553383285462e-16,False
2022-09-30,95825.52464027394,0.008540141725295713,0.008540141725295606,0.0,0.0,-0.0,0.0,0.0,0.0,1.0,1.0,1.518584456802537e-16,False
2022-10-03,95385.02285718572,-0.0045969149111561025,-0.004584176954192487,1.220621408874205,0.0,-1.2737956963516558e-05,2034.3690147903417,0.02132769821517156,0.01066384910758578,1.0000000000000002,1.0000000000000002,0.0,True
2022-10-04,94992.59029116834,-0.0041141948102789705,-0.004114194810278893,0.0,0.0,-0.0,0.0,0.0,0.0,1.0,1.0,0.0,False
2022-10-05,95941.27495941299,0.009986933352767569,0.009986933352767478,0.0,0.0,-0.0,0.0,0.0,0.0,1.0,1.0,0.0,False
2022-10-06,95269.57201626475,-0.007001188418982229,-0.007001188418982241,0.0,0.0,-0.0,0.0,0.0,0.0,1.0,1.0,0.0,False
2022-10-07,94749.89849069987,-0.005454769183555919,-0.005454769183555969,0.0,0.0,-0.0,0.0,0.0,0.0,1.0,1.0,0.0,False
2022-10-10,94488.0826330157,-0.0027632310097922552,-0.0027632310097923905,0.0,0.0,-0.0,0.0,0.0,0.0,0.9999999999999998,0.9999999999999998,0.0,False
2022-10-11,94716.47722088828,0.002417178775440343,0.0024171787754403732,0.0,0.0,-0.0,0.0,0.0,0.0,1.0,1.0,0.0,False
2022-10-12,94438.22568639349,-0.002937731033280322,-0.0029377310332800877,0.0,0.0,-0.0,0.0,0.0,0.0,1.0,1.0,0.0,False
2022-10-13,94104.3403880995,-0.0035354888962307873,-0.003535488896230927,0.0,0.0,-0.0,0.0,0.0,0.0,0.9999999999999999,0.9999999999999999,0.0,False
2022-10-14,93863.70650629669,-0.0025570965250955036,-0.0025570965250952616,0.0,0.0,-0.0,0.0,0.0,0.0,1.0000000000000004,1.0000000000000004,0.0,False
2022-10-17,93635.71151981791,-0.0024290004621060346,-0.0024290004621063633,0.0,0.0,-0.0,0.0,0.0,0.0,1.0,1.0,0.0,False
2022-10-18,93353.90088382046,-0.0030096491116832214,-0.003009649111683156,0.0,0.0,-0.0,0.0,0.0,0.0,1.0,1.0,0.0,False
2022-10-19,94291.17807407967,0.010040043119629916,0.010040043119629947,0.0,0.0,-0.0,0.0,0.0,0.0,1.0000000000000002,1.0000000000000002,0.0,False
2022-10-20,94395.0799568967,0.0011019258104443264,0.0011019258104441787,0.0,0.0,-0.0,0.0,0.0,0.0,1.0,1.0,0.0,False
2022-10-21,95114.38495339722,0.007620153474407587,0.007620153474407397,0.0,0.0,-0.0,0.0,0.0,0.0,1.0,1.0,0.0,False
2022-10-24,94702.99392934979,-0.004325224036816344,-0.004325224036816014,0.0,0.0,-0.0,0.0,0.0,0.0,1.0000000000000002,1.0000000000000002,0.0,False
2022-10-25,94554.23953518902,-0.0015707464778964564,-0.001570746477896598,0.0,0.0,-0.0,0.0,0.0,0.0,1.0,1.0,0.0,False
2022-10-26,94452.12537392571,-0.0010799532814740331,-0.001079953281474126,0.0,0.0,-0.0,0.0,0.0,0.0,1.0,1.0,0.0,False
2022-10-27,93070.23766749985,-0.014630562318795004,-0.014630562318794943,0.0,0.0,-0.0,0.0,0.0,0.0,1.0,1.0,0.0,False
2022-10-28,92331.41186156918,-0.007938368101843452,-0.007938368101843488,0.0,0.0,-0.0,0.0,0.0,0.0,1.0,1.0,0.0,False
2022-10-31,91218.17200340804,-0.012057000274513396,-0.012057000274513386,0.0,0.0,-0.0,0.0,0.0,0.0,0.9999999999999998,0.9999999999999998,0.0,False
2022-11-01,90215.62881678576,-0.010990608171635219,-0.010975774445990044,1.3531053373243933,0.0,-1.4833725644862073e-05,2255.1755622073224,0.024997240144366946,0.012498620072183473,1.0000000000000002,1.0000000000000002,0.0,True
2022-11-02,89430.0986039685,-0.008707251981943775,-0.008707251981943626,0.0,0.0,-0.0,0.0,0.0,0.0,1.0000000000000002,1.0000000000000002,0.0,False
2022-11-03,90158.61132536708,0.008146169273778092,0.008146169273777926,0.0,0.0,-0.0,0.0,0.0,0.0,1.0000000000000002,1.0000000000000002,0.0,False
2022-11-04,90076.40553186998,-0.0009117908127536101,-0.0009117908127538024,0.0,0.0,-0.0,0.0,0.0,0.0,0.9999999999999998,0.9999999999999998,0.0,False
2022-11-07,90700.33757748619,0.0069266978620217134,0.006926697862021687,0.0,0.0,-0.0,0.0,0.0,0.0,0.9999999999999998,0.9999999999999998,0.0,False
2022-11-08,90942.39576623753,0.0026687683333543877,0.0026687683333543504,0.0,0.0,-0.0,0.0,0.0,0.0,0.9999999999999999,0.9999999999999999,0.0,False
2022-11-09,91335.42982262625,0.004321791317209112,0.004321791317209164,0.0,0.0,-0.0,0.0,0.0,0.0,1.0000000000000002,1.0000000000000002,0.0,False
2022-11-10,90848.33986651342,-0.005332979294658813,-0.005332979294658909,0.0,0.0,-0.0,0.0,0.0,0.0,1.0,1.0,0.0,False
2022-11-11,91048.23151614405,0.0022002785072829933,0.002200278507283067,0.0,0.0,-0.0,0.0,0.0,0.0,0.9999999999999999,0.9999999999999999,0.0,False
2022-11-14,91240.37109054757,0.0021103053975239927,0.002110305397523927,0.0,0.0,-0.0,0.0,0.0,0.0,1.0,1.0,0.0,False
2022-11-15,90869.07311417157,-0.0040694483367185175,-0.004069448336718599,0.0,0.0,-0.0,0.0,0.0,0.0,0.9999999999999997,0.9999999999999997,0.0,False
2022-11-16,91285.07717308385,0.004578059890515185,0.00457805989051523,0.0,0.0,-0.0,0.0,0.0,0.0,0.9999999999999999,0.9999999999999999,0.0,False
2022-11-17,91608.84308137694,0.00354675614371458,0.0035467561437146082,0.0,0.0,-0.0,0.0,0.0,0.0,1.0,1.0,0.0,False
2022-11-18,91299.53708039985,-0.0033763771113486385,-0.003376377111348384,0.0,0.0,-0.0,0.0,0.0,0.0,1.0000000000000002,1.0000000000000002,0.0,False
2022-11-21,90667.26653683152,-0.006925232742544418,-0.006925232742544759,0.0,0.0,-0.0,0.0,0.0,0.0,0.9999999999999997,0.9999999999999997,0.0,False
2022-11-22,90245.61772039636,-0.004650507647805613,-0.004650507647805327,0.0,0.0,-0.0,0.0,0.0,0.0,1.0,1.0,0.0,False
2022-11-23,90448.83328803506,0.0022518053814903904,0.0022518053814904572,0.0,0.0,-0.0,0.0,0.0,0.0,1.0000000000000002,1.0000000000000002,0.0,False
2022-11-25,90670.549836455,0.002451292519317194,0.0024512925193170805,0.0,0.0,-0.0,0.0,0.0,0.0,1.0,1.0,0.0,False
2022-11-28,90238.27169095691,-0.004767569472974409,-0.004767569472974244,0.0,0.0,-0.0,0.0,0.0,0.0,1.0,1.0,0.0,False
2022-11-29,90163.92986008243,-0.0008238392589021704,-0.00082383925890214,0.0,0.0,-0.0,0.0,0.0,0.0,1.0,1.0,0.0,False
2022-11-30,90444.7567046389,0.003114625160995921,0.0031146251609956987,0.0,0.0,-0.0,0.0,0.0,0.0,1.0,1.0,0.0,False
2022-12-01,90789.61148376293,0.003812877514284274,0.0038297162535953872,1.5229756802168637,0.0,-1.6838739311228093e-05,2538.2928003614397,0.027957496240949693,0.013978748120474846,1.0000000000000002,1.0000000000000002,0.0,True
2022-12-02,91639.010303676,0.009355682946886157,0.009355682946885897,0.0,0.0,-0.0,0.0,0.0,0.0,0.9999999999999998,0.9999999999999998,0.0,False
2022-12-05,92237.08321057311,0.006526400764425455,0.0065264007644257075,0.0,0.0,-0.0,0.0,0.0,0.0,0.9999999999999999,0.9999999999999999,0.0,False
2022-12-06,91674.15281965691,-0.006103081009522504,-0.006103081009522615,0.0,0.0,-0.0,0.0,0.0,0.0,0.9999999999999999,0.9999999999999999,0.0,False
2022-12-07,92602.89747477001,0.010130932509844426,0.010130932509844471,0.0,0.0,-0.0,0.0,0.0,0.0,1.0,1.0,0.0,False
2022-12-08,92277.81584311658,-0.0035104909297465348,-0.0035104909297465647,0.0,0.0,-0.0,0.0,0.0,0.0,1.0000000000000002,1.0000000000000002,0.0,False
2022-12-09,92792.01342692223,0.0055722773573212425,0.0055722773573212946,0.0,0.0,-0.0,0.0,0.0,0.0,1.0,1.0,0.0,False
2022-12-12,93046.57439000055,0.0027433499250320015,0.002743349925031748,0.0,0.0,-0.0,0.0,0.0,0.0,0.9999999999999999,0.9999999999999999,0.0,False
2022-12-13,92872.5732663464,-0.0018700433067512234,-0.0018700433067509914,0.0,0.0,-0.0,0.0,0.0,0.0,1.0,1.0,0.0,False
2022-12-14,92194.90748335185,-0.007296726677865295,-0.007296726677865453,0.0,0.0,-0.0,0.0,0.0,0.0,0.9999999999999999,0.9999999999999999,0.0,False
2022-12-15,92041.97780926233,-0.0016587648739398997,-0.0016587648739397824,0.0,0.0,-0.0,0.0,0.0,0.0,1.0,1.0,0.0,False
2022-12-16,90950.62606550466,-0.011857108785941817,-0.011857108785941827,0.0,0.0,-0.0,0.0,0.0,0.0,1.0,1.0,0.0,False
2022-12-19,91461.70554151338,0.005619306849417693,0.005619306849417491,0.0,0.0,-0.0,0.0,0.0,0.0,0.9999999999999999,0.9999999999999999,0.0,False
2022-12-20,92482.31037628044,0.011158821374742667,0.011158821374742773,0.0,0.0,-0.0,0.0,0.0,0.0,0.9999999999999999,0.9999999999999999,0.0,False
2022-12-21,92076.6136203475,-0.00438674979336362,-0.004386749793363601,0.0,0.0,-0.0,0.0,0.0,0.0,1.0000000000000002,1.0000000000000002,0.0,False
2022-12-22,92169.80402053945,0.0010120963025008756,0.0010120963025007953,0.0,0.0,-0.0,0.0,0.0,0.0,1.0,1.0,0.0,False
2022-12-23,91848.51597393888,-0.0034858275984722686,-0.003485827598472244,0.0,0.0,-0.0,0.0,0.0,0.0,1.0,1.0,0.0,False
2022-12-27,91416.92182860072,-0.004698977885071232,-0.004698977885071359,0.0,0.0,-0.0,0.0,0.0,0.0,1.0,1.0,0.0,False
2022-12-28,92063.27784135514,0.007070419784712012,0.0070704197847123226,0.0,0.0,-0.0,0.0,0.0,0.0,1.0000000000000002,1.0000000000000002,0.0,False
2022-12-29,92004.86424064686,-0.0006344940358189444,-0.000634494035819062,0.0,0.0,-0.0,0.0,0.0,0.0,1.0,1.0,0.0,False
2022-12-30,92789.50567000656,0.008528260280971756,0.008528260280972037,0.0,0.0,-0.0,0.0,0.0,0.0,1.0000000000000002,1.0000000000000002,0.0,False
2023-01-03,92533.0675976604,-0.002763653825877177,-0.0027492767792233423,1.3340390520805487,0.0,-1.4377046654660278e-05,2223.398420134248,0.024027803506670418,0.012013901753335209,1.0,1.0,0.0,True
2023-01-04,92993.58917645748,0.004976832507049833,0.0049768325070499156,0.0,0.0,-0.0,0.0,0.0,0.0,1.0,1.0,0.0,False
2023-01-05,92759.56454454118,-0.002516567367587319,-0.002516567367587293,0.0,0.0,-0.0,0.0,0.0,0.0,1.0,1.0,0.0,False
2023-01-06,93196.46174926811,0.004709996288492224,0.004709996288492141,0.0,0.0,-0.0,0.0,0.0,0.0,1.0,1.0,0.0,False
2023-01-09,92897.65698706819,-0.0032061813999314515,-0.0032061813999316392,0.0,0.0,-0.0,0.0,0.0,0.0,0.9999999999999999,0.9999999999999999,0.0,False
2023-01-10,92810.01665316382,-0.0009434073662004661,-0.0009434073662003224,0.0,0.0,-0.0,0.0,0.0,0.0,0.9999999999999999,0.9999999999999999,0.0,False
2023-01-11,92828.13028910875,0.00019516897634686003,0.00019516897634689657,0.0,0.0,-0.0,0.0,0.0,0.0,1.0,1.0,0.0,False
2023-01-12,92298.5638275347,-0.005704805859223283,-0.005704805859223469,0.0,0.0,-0.0,0.0,0.0,0.0,0.9999999999999999,0.9999999999999999,0.0,False
2023-01-13,92576.4412146205,0.0030106360875239435,0.003010636087524141,0.0,0.0,-0.0,0.0,0.0,0.0,1.0000000000000002,1.0000000000000002,0.0,False
2023-01-17,92979.07135961344,0.00434916421187026,0.004349164211869991,0.0,0.0,-0.0,0.0,0.0,0.0,0.9999999999999998,0.9999999999999998,0.0,False
2023-01-18,93474.47622739348,0.005328133100662713,0.005328133100662789,0.0,0.0,-0.0,0.0,0.0,0.0,1.0,1.0,0.0,False
2023-01-19,94044.92814316101,0.006102755947835492,0.006102755947835631,0.0,0.0,-0.0,0.0,0.0,0.0,1.0,1.0,0.0,False
2023-01-20,94915.38914751164,0.009255799558117062,0.009255799558116791,0.0,0.0,-0.0,0.0,0.0,0.0,0.9999999999999996,0.9999999999999996,0.0,False
2023-01-23,94942.06314899093,0.0002810292589943142,0.0002810292589946237,0.0,0.0,-0.0,0.0,0.0,0.0,1.0,1.0,0.0,False
2023-01-24,94968.09934887796,0.00027423250584068803,0.0002742325058408227,0.0,0.0,-0.0,0.0,0.0,0.0,1.0000000000000002,1.0000000000000002,0.0,False
2023-01-25,94978.81000392108,0.00011278160894612199,0.00011278160894609928,0.0,0.0,-0.0,0.0,0.0,0.0,0.9999999999999999,0.9999999999999999,0.0,False
2023-01-26,95070.56119162864,0.0009660174485632833,0.0009660174485631224,0.0,0.0,-0.0,0.0,0.0,0.0,0.9999999999999999,0.9999999999999999,0.0,False
2023-01-27,94691.6232697989,-0.003985859734917718,-0.003985859734917723,0.0,0.0,-0.0,0.0,0.0,0.0,1.0,1.0,0.0,False
2023-01-30,95687.7993759694,0.010520213634231945,0.010520213634232212,0.0,0.0,-0.0,0.0,0.0,0.0,1.0,1.0,0.0,False
2023-01-31,95678.97884591867,-9.218029997826171e-05,-9.218029997831133e-05,0.0,0.0,-0.0,0.0,0.0,0.0,1.0000000000000002,1.0000000000000002,0.0,False
2023-02-01,95490.2206128527,-0.0019728286750420043,-0.0019547769181478217,1.7271736660362458,0.0,-1.8051756894455203e-05,2878.6227767270766,0.03014518860964602,0.01507259430482301,1.0,1.0,0.0,True
2023-02-02,96239.80955561785,0.007849902722543822,0.007849902722543822,0.0,0.0,-0.0,0.0,0.0,0.0,1.0,1.0,0.0,False
2023-02-03,95141.83778164425,-0.011408706844323824,-0.011408706844323787,0.0,0.0,-0.0,0.0,0.0,0.0,0.9999999999999998,0.9999999999999998,0.0,False
2023-02-06,94235.86340255453,-0.009522355256254111,-0.00952235525625384,0.0,0.0,-0.0,0.0,0.0,0.0,1.0000000000000002,1.0000000000000002,0.0,False
2023-02-07,94692.58687068113,0.004846599284346498,0.0048465992843462835,0.0,0.0,-0.0,0.0,0.0,0.0,1.0,1.0,0.0,False
2023-02-08,94713.8560606143,0.00022461304138010618,0.00022461304138014063,0.0,0.0,-0.0,0.0,0.0,0.0,1.0,1.0,0.0,False
2023-02-09,94814.67443870426,0.0010644522595029127,0.0010644522595030339,0.0,0.0,-0.0,0.0,0.0,0.0,1.0000000000000002,1.0000000000000002,0.0,False
2023-02-10,94174.40175924898,-0.006752885913975271,-0.00675288591397555,0.0,0.0,-0.0,0.0,0.0,0.0,0.9999999999999999,0.9999999999999999,0.0,False
2023-02-13,94329.18827038263,0.0016436155498957827,0.0016436155498961481,0.0,0.0,-0.0,0.0,0.0,0.0,1.0,1.0,0.0,False
2023-02-14,95554.595448913,0.012990752925996718,0.01299075292599676,0.0,0.0,-0.0,0.0,0.0,0.0,1.0000000000000002,1.0000000000000002,0.0,False
2023-02-15,96074.62155014568,0.005442188298632855,0.005442188298632726,0.0,0.0,-0.0,0.0,0.0,0.0,1.0,1.0,0.0,False
2023-02-16,96437.78933177731,0.003780059455577245,0.0037800594555773186,0.0,0.0,-0.0,0.0,0.0,0.0,1.0,1.0,0.0,False
2023-02-17,96142.00104896608,-0.003067140846557792,-0.0030671408465577665,0.0,0.0,-0.0,0.0,0.0,0.0,0.9999999999999998,0.9999999999999998,0.0,False
2023-02-21,95741.333703635,-0.004167453776284691,-0.0041674537762847646,0.0,0.0,-0.0,0.0,0.0,0.0,0.9999999999999999,0.9999999999999999,0.0,False
2023-02-22,94673.9656213098,-0.011148456377568339,-0.011148456377568502,0.0,0.0,-0.0,0.0,0.0,0.0,0.9999999999999998,0.9999999999999998,0.0,False
2023-02-23,94711.46494848089,0.0003960891140979417,0.00039608911409793696,0.0,0.0,-0.0,0.0,0.0,0.0,0.9999999999999998,0.9999999999999998,0.0,False
2023-02-24,95315.47797754013,0.006377401398951932,0.006377401398952385,0.0,0.0,-0.0,0.0,0.0,0.0,1.0,1.0,0.0,False
2023-02-27,94212.18483238466,-0.011575172978888437,-0.011575172978888618,0.0,0.0,-0.0,0.0,0.0,0.0,1.0,1.0,0.0,False
2023-02-28,93753.81767991227,-0.004865264013225956,-0.004865264013225957,0.0,0.0,-0.0,0.0,0.0,0.0,0.9999999999999999,0.9999999999999999,0.0,False
2023-03-01,93291.92005428193,-0.0049267073817443885,-0.004911428653068375,1.4324391426781937,0.0,-1.5278728676081515e-05,2387.398571130323,0.025590232394088197,0.012795116197044099,1.0,1.0,0.0,True
2023-03-02,92767.11243482216,-0.00562543486246625,-0.005625434862466172,0.0,0.0,-0.0,0.0,0.0,0.0,1.0,1.0,0.0,False
2023-03-03,92722.18965792892,-0.000484253262974077,-0.00048425326297423703,0.0,0.0,-0.0,0.0,0.0,0.0,0.9999999999999998,0.9999999999999998,0.0,False
2023-03-06,91790.19685816886,-0.010051453737216165,-0.010051453737216122,0.0,0.0,-0.0,0.0,0.0,0.0,1.0,1.0,0.0,False
2023-03-07,91893.42193793315,0.0011245762978784324,0.0011245762978784849,0.0,0.0,-0.0,0.0,0.0,0.0,1.0,1.0,0.0,False
2023-03-08,92447.282655786,0.006027207455904016,0.006027207455903903,0.0,0.0,-0.0,0.0,0.0,0.0,0.9999999999999998,0.9999999999999998,0.0,False
2023-03-09,92280.07472511823,-0.0018086841047598723,-0.0018086841047598888,0.0,0.0,-0.0,0.0,0.0,0.0,0.9999999999999998,0.9999999999999998,0.0,False
2023-03-10,91131.95910631049,-0.012441641624453825,-0.01244164162445355,0.0,0.0,-0.0,0.0,0.0,0.0,1.0000000000000002,1.0000000000000002,0.0,False
2023-03-13,90615.91924667572,-0.005662556414844255,-0.0056625564148442345,0.0,0.0,-0.0,0.0,0.0,0.0,1.0000000000000002,1.0000000000000002,0.0,False
2023-03-14,91412.75071430823,0.008793504212690983,0.008793504212690787,0.0,0.0,-0.0,0.0,0.0,0.0,0.9999999999999999,0.9999999999999999,0.0,False
2023-03-15,90130.32304512186,-0.014028980193303009,-0.014028980193302941,0.0,0.0,-0.0,0.0,0.0,0.0,1.0,1.0,0.0,False
2023-03-16,89970.95743120796,-0.0017681686754202897,-0.0017681686754200316,0.0,0.0,-0.0,0.0,0.0,0.0,1.0000000000000002,1.0000000000000002,0.0,False
2023-03-17,89500.91908698216,-0.005224334136770703,-0.005224334136770883,0.0,0.0,-0.0,0.0,0.0,0.0,1.0000000000000002,1.0000000000000002,0.0,False
2023-03-20,89744.97326021772,0.0027268342685775604,0.002726834268577433,0.0,0.0,-0.0,0.0,0.0,0.0,0.9999999999999999,0.9999999999999999,0.0,False
2023-03-21,89406.09926718396,-0.003775966282269505,-0.003775966282269514,0.0,0.0,-0.0,0.0,0.0,0.0,1.0,1.0,0.0,False
2023-03-22,89709.2549747646,0.0033907721068857644,0.003390772106885906,0.0,0.0,-0.0,0.0,0.0,0.0,1.0,1.0,0.0,False
2023-03-23,90274.07984159599,0.006296171637923731,0.006296171637923726,0.0,0.0,-0.0,0.0,0.0,0.0,0.9999999999999999,0.9999999999999999,0.0,False
2023-03-24,91206.49801241698,0.010328747437327701,0.010328747437327639,0.0,0.0,-0.0,0.0,0.0,0.0,0.9999999999999999,0.9999999999999999,0.0,False
2023-03-27,90996.17841085809,-0.0023059716812091624,-0.0023059716812092695,0.0,0.0,-0.0,0.0,0.0,0.0,0.9999999999999998,0.9999999999999998,0.0,False
2023-03-28,91306.0668243284,0.0034055101970451584,0.00340551019704497,0.0,0.0,-0.0,0.0,0.0,0.0,0.9999999999999998,0.9999999999999998,0.0,False
2023-03-29,90439.68430686997,-0.009488772735390505,-0.00948877273539064,0.0,0.0,-0.0,0.0,0.0,0.0,0.9999999999999997,0.9999999999999997,0.0,False
2023-03-30,91108.20570355277,0.0073919032536031715,0.007391903253603567,0.0,0.0,-0.0,0.0,0.0,0.0,1.0,1.0,0.0,False
2023-03-31,90741.90123928768,-0.004020543061258097,-0.004020543061258152,0.0,0.0,-0.0,0.0,0.0,0.0,0.9999999999999999,0.9999999999999999,0.0,False
2023-04-03,90453.16412870464,-0.0031819601158855626,-0.003167174970980375,1.3416321587951288,0.0,-1.478514490518802e-05,2236.0535979918814,0.02472020137839662,0.01236010068919831,1.0000000000000002,1.0000000000000002,1.6087790149232503e-16,True
2023-04-04,90466.68583011678,0.0001494884290935694,0.00014948842909329744,0.0,0.0,-0.0,0.0,0.0,0.0,0.9999999999999999,0.9999999999999999,1.6085385570212246e-16,False
2023-04-05,89730.05777420198,-0.008142533896931758,-0.00814253389693166,0.0,0.0,-0.0,0.0,0.0,0.0,1.0,1.0,1.6217436597428146e-16,False
2023-04-06,89790.16324691463,0.0006698476987934132,0.0006698476987932585,0.0,0.0,-0.0,0.0,0.0,0.0,0.9999999999999997,0.9999999999999997,1.6206580656669968e-16,False
2023-04-10,90517.34076106925,0.008098632276176465,0.008098632276176377,0.0,0.0,-0.0,0.0,0.0,0.0,0.9999999999999998,0.9999999999999998,1.6076383934850975e-16,False
2023-04-11,90720.64970566236,0.002246077302798355,0.0022460773027988645,0.0,0.0,-0.0,0.0,0.0,0.0,0.9999999999999999,0.9999999999999999,1.6040356055186616e-16,False
2023-04-12,89663.65040693965,-0.011651143396261943,-0.011651143396262177,0.0,0.0,-0.0,0.0,0.0,0.0,0.9999999999999997,0.9999999999999997,1.6229447677317167e-16,False
2023-04-13,89785.16976908082,0.0013552801117249214,0.0013552801117252575,0.0,0.0,-0.0,0.0,0.0,0.0,1.0000000000000002,1.0000000000000002,1.6207481999302374e-16,False
2023-04-14,90048.91121517638,0.0029374722660087116,0.0029374722660087302,0.0,0.0,-0.0,0.0,0.0,0.0,1.0,1.0,1.6160012411026627e-16,False
2023-04-17,89066.01905729565,-0.010915092082924405,-0.010915092082924772,0.0,0.0,-0.0,0.0,0.0,0.0,0.9999999999999998,0.9999999999999998,1.6338346972716597e-16,False
2023-04-18,88733.61414783791,-0.0037321181857684627,-0.0037321181857684657,0.0,0.0,-0.0,0.0,0.0,0.0,0.9999999999999998,0.9999999999999998,1.6399552039120255e-16,False
2023-04-19,89177.92332068757,0.005007225019702188,0.005007225019702039,0.0,0.0,-0.0,0.0,0.0,0.0,0.9999999999999996,0.9999999999999996,1.6317844917780327e-16,False
2023-04-20,89163.09621055768,-0.00016626435756494917,-0.00016626435756487022,0.0,0.0,-0.0,0.0,0.0,0.0,0.9999999999999998,0.9999999999999998,1.6320558444945277e-16,False
2023-04-21,89239.72592380784,0.0008594330671201078,0.0008594330671199509,0.0,0.0,-0.0,0.0,0.0,0.0,0.9999999999999996,0.9999999999999996,1.630654406176814e-16,False
2023-04-24,90067.05719133321,0.00927088534798659,0.009270885347986736,0.0,0.0,-0.0,0.0,0.0,0.0,0.9999999999999999,0.9999999999999999,1.61567566235162e-16,False
2023-04-25,90402.28739197591,0.003722006814662171,0.0037220068146621692,0.0,0.0,-0.0,0.0,0.0,0.0,0.9999999999999999,0.9999999999999999,1.6096844060229472e-16,False
2023-04-26,90510.1498293315,0.0011931383648280391,0.0011931383648280918,0.0,0.0,-0.0,0.0,0.0,0.0,0.9999999999999998,0.9999999999999998,1.6077661185851926e-16,False
2023-04-27,91814.03348841066,0.014405938577472188,0.01440593857747243,0.0,0.0,-0.0,0.0,0.0,0.0,1.0,1.0,1.5849336616067178e-16,False
2023-04-28,91669.41894707874,-0.0015750810179815389,-0.0015750810179817705,0.0,0.0,-0.0,0.0,0.0,0.0,0.9999999999999999,0.9999999999999999,1.5874339987654718e-16,False
2023-05-01,91154.63467152872,-0.00561565985104806,-0.0056018505623268156,1.2658894731657995,0.0,-1.380928872142851e-05,2109.815788609666,0.023145136799978944,0.011572568399989472,1.0,1.0,0.0,True
2023-05-02,91469.51639133484,0.0034543687322183825,0.0034543687322183773,0.0,0.0,-0.0,0.0,0.0,0.0,0.9999999999999998,0.9999999999999998,0.0,False
2023-05-03,91884.21934271339,0.004533783141525749,0.004533783141525912,0.0,0.0,-0.0,0.0,0.0,0.0,0.9999999999999999,0.9999999999999999,0.0,False
2023-05-04,91705.87885515623,-0.0019409261876838224,-0.0019409261876838246,0.0,0.0,-0.0,0.0,0.0,0.0,0.9999999999999999,0.9999999999999999,0.0,False
2023-05-05,90985.17256170166,-0.007858888682511611,-0.007858888682511675,0.0,0.0,-0.0,0.0,0.0,0.0,1.0,1.0,0.0,False
2023-05-08,91958.53411322592,0.01069802391004071,0.010698023910040716,0.0,0.0,-0.0,0.0,0.0,0.0,1.0,1.0,0.0,False
2023-05-09,92067.90309735024,0.0011893293556599627,0.0011893293556599581,0.0,0.0,-0.0,0.0,0.0,0.0,1.0,1.0,0.0,False
2023-05-10,91755.40438975353,-0.003394219886449279,-0.0033942198864491927,0.0,0.0,-0.0,0.0,0.0,0.0,1.0000000000000002,1.0000000000000002,0.0,False
2023-05-11,92411.64354258633,0.007152049050378251,0.007152049050378358,0.0,0.0,-0.0,0.0,0.0,0.0,1.0000000000000002,1.0000000000000002,0.0,False
2023-05-12,92152.18484455995,-0.0028076407699297867,-0.00280764076993006,0.0,0.0,-0.0,0.0,0.0,0.0,1.0,1.0,0.0,False
2023-05-15,91950.83182772565,-0.002185005349291891,-0.0021850053492919663,0.0,0.0,-0.0,0.0,0.0,0.0,0.9999999999999999,0.9999999999999999,0.0,False
2023-05-16,92121.93113216071,0.0018607695116410472,0.0018607695116410093,0.0,0.0,-0.0,0.0,0.0,0.0,1.0,1.0,0.0,False
2023-05-17,91589.65255292918,-0.005777978953436236,-0.0057779789534361465,0.0,0.0,-0.0,0.0,0.0,0.0,0.9999999999999999,0.9999999999999999,0.0,False
2023-05-18,91763.69763073183,0.0019002700954899865,0.0019002700954899791,0.0,0.0,-0.0,0.0,0.0,0.0,1.0,1.0,0.0,False
2023-05-19,92846.39437495213,0.011798748003564619,0.011798748003564615,0.0,0.0,-0.0,0.0,0.0,0.0,1.0,1.0,0.0,False
2023-05-22,93184.58969645089,0.0036425250950833377,0.0036425250950830193,0.0,0.0,-0.0,0.0,0.0,0.0,0.9999999999999999,0.9999999999999999,0.0,False
2023-05-23,93138.90716119793,-0.0004902370166759429,-0.0004902370166759465,0.0,0.0,-0.0,0.0,0.0,0.0,0.9999999999999999,0.9999999999999999,0.0,False
2023-05-24,92848.07111281659,-0.0031226053348252236,-0.0031226053348250293,0.0,0.0,-0.0,0.0,0.0,0.0,1.0,1.0,0.0,False
2023-05-25,92787.2939458137,-0.0006545872873227054,-0.000654587287322785,0.0,0.0,-0.0,0.0,0.0,0.0,0.9999999999999999,0.9999999999999999,0.0,False
2023-05-26,92671.10361294953,-0.001252222453345997,-0.00125222245334603,0.0,0.0,-0.0,0.0,0.0,0.0,0.9999999999999998,0.9999999999999998,0.0,False
2023-05-30,92518.39522618082,-0.0016478533309208787,-0.0016478533309208163,0.0,0.0,-0.0,0.0,0.0,0.0,1.0,1.0,0.0,False
2023-05-31,93162.78063901525,0.0069649436877834425,0.006964943687783218,0.0,0.0,-0.0,0.0,0.0,0.0,1.0,1.0,0.0,False
2023-06-01,92104.40691006373,-0.01136047809749785,-0.011342890974997901,1.6384652355193752,0.0,-1.7587122499789463e-05,2730.7753925322922,0.029648166756105508,0.014824083378052754,1.0000000000000002,1.0000000000000002,0.0,True
2023-06-02,92470.76199668896,0.003977606489371954,0.003977606489371955,0.0,0.0,-0.0,0.0,0.0,0.0,0.9999999999999999,0.9999999999999999,0.0,False
2023-06-05,92212.50964529157,-0.002792800078868507,-0.002792800078868334,0.0,0.0,-0.0,0.0,0.0,0.0,1.0000000000000002,1.0000000000000002,0.0,False
2023-06-06,92648.84031734834,0.004731794782889764,0.004731794782889778,0.0,0.0,-0.0,0.0,0.0,0.0,1.0000000000000002,1.0000000000000002,0.0,False
2023-06-07,91853.60729527271,-0.008583302493066602,-0.008583302493066703,0.0,0.0,-0.0,0.0,0.0,0.0,1.0,1.0,0.0,False
2023-06-08,92555.24464233953,0.007638647710495938,0.0076386477104956035,0.0,0.0,-0.0,0.0,0.0,0.0,0.9999999999999999,0.9999999999999999,0.0,False
2023-06-09,93344.81569535693,0.008530808341207674,0.008530808341207768,0.0,0.0,-0.0,0.0,0.0,0.0,0.9999999999999998,0.9999999999999998,0.0,False
2023-06-12,93907.74845442007,0.006030680492212337,0.0060306804922124774,0.0,0.0,-0.0,0.0,0.0,0.0,0.9999999999999999,0.9999999999999999,0.0,False
2023-06-13,93308.68608184834,-0.006379264570084975,-0.006379264570084813,0.0,0.0,-0.0,0.0,0.0,0.0,1.0,1.0,0.0,False
2023-06-14,93598.72974230695,0.003108431515198795,0.0031084315151988376,0.0,0.0,-0.0,0.0,0.0,0.0,1.0,1.0,0.0,False
2023-06-15,93796.14546534006,0.0021091709639289302,0.002109170963928938,0.0,0.0,-0.0,0.0,0.0,0.0,1.0,1.0,0.0,False
2023-06-16,93084.09180753386,-0.007591502340246192,-0.0075915023402461914,0.0,0.0,-0.0,0.0,0.0,0.0,1.0,1.0,0.0,False
2023-06-20,93138.8760654175,0.0005885458709413705,0.0005885458709411159,0.0,0.0,-0.0,0.0,0.0,0.0,0.9999999999999999,0.9999999999999999,0.0,False
2023-06-21,93385.32081772824,0.00264599233662266,0.002645992336622708,0.0,0.0,-0.0,0.0,0.0,0.0,1.0,1.0,0.0,False
2023-06-22,93847.49174537392,0.00494907468966943,0.004949074689669404,0.0,0.0,-0.0,0.0,0.0,0.0,0.9999999999999999,0.9999999999999999,0.0,False
2023-06-23,93758.13978325784,-0.0009520974983381336,-0.0009520974983381951,0.0,0.0,-0.0,0.0,0.0,0.0,0.9999999999999999,0.9999999999999999,0.0,False
2023-06-26,93763.65220443491,5.879405446629349e-05,5.8794054466253264e-05,0.0,0.0,-0.0,0.0,0.0,0.0,0.9999999999999999,0.9999999999999999,0.0,False
2023-06-27,94425.02897905938,0.0070536584174691885,0.007053658417469197,0.0,0.0,-0.0,0.0,0.0,0.0,0.9999999999999999,0.9999999999999999,0.0,False
2023-06-28,95045.01355218417,0.006565892325670175,0.0065658923256704345,0.0,0.0,-0.0,0.0,0.0,0.0,1.0,1.0,0.0,False
2023-06-29,93339.21422011493,-0.01794727854010647,-0.017947278540106495,0.0,0.0,-0.0,0.0,0.0,0.0,1.0,1.0,0.0,False
2023-06-30,93487.030960394,0.0015836510036444373,0.0015836510036443437,0.0,0.0,-0.0,0.0,0.0,0.0,1.0,1.0,0.0,False
2023-07-03,93560.64843333121,0.0007874618776630982,0.0008082399740370775,1.9424825390370182,0.0,-2.0778096374244204e-05,3237.4708983950304,0.03460219374756419,0.017301096873782094,1.0,1.0,0.0,True
2023-07-05,92772.69591529324,-0.008421836864453192,-0.008421836864453159,0.0,0.0,-0.0,0.0,0.0,0.0,1.0,1.0,0.0,False
2023-07-06,93003.84455456231,0.002491558933246152,0.002491558933246101,0.0,0.0,-0.0,0.0,0.0,0.0,1.0,1.0,0.0,False
2023-07-07,94018.27831388726,0.010907438979361972,0.010907438979362132,0.0,0.0,-0.0,0.0,0.0,0.0,1.0,1.0,0.0,False
2023-07-10,93420.70344028984,-0.006355943592185054,-0.006355943592185087,0.0,0.0,-0.0,0.0,0.0,0.0,1.0,1.0,0.0,False
2023-07-11,93515.40573470661,0.0010137184898988405,0.0010137184898986102,0.0,0.0,-0.0,0.0,0.0,0.0,0.9999999999999999,0.9999999999999999,0.0,False
2023-07-12,92976.2247388519,-0.0057656916699299066,-0.00576569166992987,0.0,0.0,-0.0,0.0,0.0,0.0,0.9999999999999999,0.9999999999999999,0.0,False
2023-07-13,92474.28734205803,-0.005398556439602631,-0.0053985564396025615,0.0,0.0,-0.0,0.0,0.0,0.0,1.0,1.0,0.0,False
2023-07-14,93474.81005329534,0.010819469281622363,0.010819469281622291,0.0,0.0,-0.0,0.0,0.0,0.0,1.0,1.0,0.0,False
2023-07-17,92898.34286929907,-0.006167085909750347,-0.0061670859097503385,0.0,0.0,-0.0,0.0,0.0,0.0,1.0,1.0,0.0,False
2023-07-18,93073.5123947925,0.0018856044153541252,0.0018856044153539896,0.0,0.0,-0.0,0.0,0.0,0.0,0.9999999999999999,0.9999999999999999,0.0,False
2023-07-19,92114.13124604899,-0.010307778486687846,-0.010307778486687735,0.0,0.0,-0.0,0.0,0.0,0.0,1.0,1.0,0.0,False
2023-07-20,93416.1602833615,0.01413495431916556,0.014134954319165663,0.0,0.0,-0.0,0.0,0.0,0.0,1.0000000000000002,1.0000000000000002,0.0,False
2023-07-21,93628.38291314227,0.002271797825312394,0.002271797825312077,0.0,0.0,-0.0,0.0,0.0,0.0,0.9999999999999999,0.9999999999999999,0.0,False
2023-07-24,93490.58034633912,-0.0014718033412046694,-0.0014718033412046182,0.0,0.0,-0.0,0.0,0.0,0.0,0.9999999999999999,0.9999999999999999,0.0,False
2023-07-25,93725.09540419717,0.0025084351491806434,0.002508435149180614,0.0,0.0,-0.0,0.0,0.0,0.0,1.0,1.0,0.0,False
2023-07-26,92788.91484963751,-0.009988579371643214,-0.009988579371643144,0.0,0.0,-0.0,0.0,0.0,0.0,1.0,1.0,0.0,False
2023-07-27,93283.63423178685,0.005331664703170924,0.005331664703170683,0.0,0.0,-0.0,0.0,0.0,0.0,0.9999999999999998,0.9999999999999998,0.0,False
2023-07-28,92975.76607328016,-0.0033003448144153236,-0.003300344814415025,0.0,0.0,-0.0,0.0,0.0,0.0,1.0000000000000002,1.0000000000000002,0.0,False
2023-07-31,92907.54028776128,-0.0007338018109482869,-0.0007338018109482235,0.0,0.0,-0.0,0.0,0.0,0.0,1.0000000000000002,1.0000000000000002,0.0,False
2023-08-01,92602.45861185364,-0.003283712763923252,-0.0032698250153113543,1.2902765637225184,0.0,-1.3887748612504024e-05,2150.460939537531,0.02322218015308131,0.011611090076540655,1.0,1.0,0.0,True
2023-08-02,92202.32622975839,-0.0043209693143507755,-0.004320969314350753,0.0,0.0,-0.0,0.0,0.0,0.0,0.9999999999999999,0.9999999999999999,0.0,False
2023-08-03,92464.68816291202,0.0028455023195386175,0.002845502319538644,0.0,0.0,-0.0,0.0,0.0,0.0,0.9999999999999999,0.9999999999999999,0.0,False
2023-08-04,92964.7073076334,0.005407676753750756,0.005407676753750836,0.0,0.0,-0.0,0.0,0.0,0.0,1.0000000000000002,1.0000000000000002,0.0,False
2023-08-07,93343.5983243683,0.0040756436255007245,0.0040756436255007696,0.0,0.0,-0.0,0.0,0.0,0.0,1.0,1.0,0.0,False
2023-08-08,93473.82657439078,0.0013951492374435492,0.0013951492374434246,0.0,0.0,-0.0,0.0,0.0,0.0,1.0,1.0,0.0,False
2023-08-09,93631.83774014069,0.0016904321941304534,0.0016904321941302062,0.0,0.0,-0.0,0.0,0.0,0.0,0.9999999999999999,0.9999999999999999,0.0,False
2023-08-10,93414.73447092544,-0.0023186906767522775,-0.002318690676752222,0.0,0.0,-0.0,0.0,0.0,0.0,0.9999999999999999,0.9999999999999999,0.0,False
2023-08-11,94643.10698444398,0.013149665526275722,0.013149665526275939,0.0,0.0,-0.0,0.0,0.0,0.0,1.0,1.0,0.0,False
2023-08-14,93626.38165231975,-0.01074272986717717,-0.010742729867177229,0.0,0.0,-0.0,0.0,0.0,0.0,1.0,1.0,0.0,False
2023-08-15,94029.77929767632,0.004308589504767868,0.004308589504767533,0.0,0.0,-0.0,0.0,0.0,0.0,0.9999999999999997,0.9999999999999997,0.0,False
2023-08-16,94947.6332126875,0.009761310957728364,0.009761310957728695,0.0,0.0,-0.0,0.0,0.0,0.0,1.0,1.0,0.0,False
2023-08-17,94586.69229289198,-0.0038014735868876492,-0.0038014735868876146,0.0,0.0,-0.0,0.0,0.0,0.0,1.0,1.0,0.0,False
2023-08-18,95517.78727105765,0.009843826394547062,0.009843826394547001,0.0,0.0,-0.0,0.0,0.0,0.0,0.9999999999999999,0.9999999999999999,0.0,False
2023-08-21,96022.25128349285,0.005281362004373458,0.005281362004373617,0.0,0.0,-0.0,0.0,0.0,0.0,1.0000000000000002,1.0000000000000002,0.0,False
2023-08-22,96531.69994651225,0.005305527169065405,0.005305527169065507,0.0,0.0,-0.0,0.0,0.0,0.0,1.0000000000000002,1.0000000000000002,0.0,False
2023-08-23,96174.58819615308,-0.0036994246507316975,-0.003699424650731748,0.0,0.0,-0.0,0.0,0.0,0.0,1.0000000000000002,1.0000000000000002,0.0,False
2023-08-24,96263.84366645526,0.0009280566933140832,0.00092805669331418,0.0,0.0,-0.0,0.0,0.0,0.0,1.0000000000000002,1.0000000000000002,0.0,False
2023-08-25,96149.46934794747,-0.0011881337182430007,-0.001188133718243345,0.0,0.0,-0.0,0.0,0.0,0.0,0.9999999999999998,0.9999999999999998,0.0,False
2023-08-28,96476.15444681451,0.003397679686456101,0.0033976796864561318,0.0,0.0,-0.0,0.0,0.0,0.0,0.9999999999999999,0.9999999999999999,0.0,False
2023-08-29,97256.85652829657,0.008092176620829505,0.008092176620829833,0.0,0.0,-0.0,0.0,0.0,0.0,1.0,1.0,0.0,False
2023-08-30,97595.14877607982,0.0034783382874894464,0.0034783382874891623,0.0,0.0,-0.0,0.0,0.0,0.0,0.9999999999999998,0.9999999999999998,0.0,False
2023-08-31,96959.41606955972,-0.006513978558285838,-0.006513978558285627,0.0,0.0,-0.0,0.0,0.0,0.0,1.0,1.0,0.0,False
2023-09-01,97320.81324368213,0.0037273035335025906,0.003743497566300428,1.570163963919034,0.0,-1.619403279814084e-05,2616.9399398650567,0.026889394281515915,0.013444697140757958,1.0,1.0,0.0,True
2023-09-05,97898.30921925069,0.005933941120308539,0.005933941120308777,0.0,0.0,-0.0,0.0,0.0,0.0,1.0000000000000002,1.0000000000000002,0.0,False
2023-09-06,98333.60835956356,0.004446441861809758,0.00444644186180968,0.0,0.0,-0.0,0.0,0.0,0.0,1.0000000000000002,1.0000000000000002,0.0,False
2023-09-07,98977.57943036183,0.006548840030801584,0.006548840030801609,0.0,0.0,-0.0,0.0,0.0,0.0,1.0,1.0,0.0,False
2023-09-08,98850.25178039663,-0.0012864292165760682,-0.0012864292165760385,0.0,0.0,-0.0,0.0,0.0,0.0,1.0000000000000002,1.0000000000000002,0.0,False
2023-09-11,98338.36775302856,-0.005178378589315691,-0.005178378589315822,0.0,0.0,-0.0,0.0,0.0,0.0,0.9999999999999998,0.9999999999999998,0.0,False
2023-09-12,97706.6894679012,-0.006423518099403336,-0.006423518099403277,0.0,0.0,-0.0,0.0,0.0,0.0,0.9999999999999999,0.9999999999999999,0.0,False
2023-09-13,96694.0092829127,-0.01036449183268251,-0.010364491832682687,0.0,0.0,-0.0,0.0,0.0,0.0,0.9999999999999999,0.9999999999999999,0.0,False
2023-09-14,97023.10566798467,0.003403482671910707,0.003403482671910915,0.0,0.0,-0.0,0.0,0.0,0.0,1.0,1.0,0.0,False
2023-09-15,97016.88477082136,-6.411768743619373e-05,-6.411768743622933e-05,0.0,0.0,-0.0,0.0,0.0,0.0,0.9999999999999999,0.9999999999999999,0.0,False
2023-09-18,96859.14644456706,-0.0016258852943682456,-0.0016258852943680465,0.0,0.0,-0.0,0.0,0.0,0.0,1.0,1.0,0.0,False
2023-09-19,95041.42546301866,-0.01876664257606986,-0.018766642576069876,0.0,0.0,-0.0,0.0,0.0,0.0,1.0000000000000002,1.0000000000000002,0.0,False
2023-09-20,94351.18715447717,-0.0072624995382678526,-0.0072624995382680685,0.0,0.0,-0.0,0.0,0.0,0.0,1.0,1.0,0.0,False
2023-09-21,94960.37728758463,0.006456623933200456,0.006456623933200317,0.0,0.0,-0.0,0.0,0.0,0.0,0.9999999999999998,0.9999999999999998,0.0,False
2023-09-22,94691.01372617474,-0.0028365889974734104,-0.0028365889974734377,0.0,0.0,-0.0,0.0,0.0,0.0,0.9999999999999999,0.9999999999999999,0.0,False
2023-09-25,95044.23951673912,0.0037302989657057584,0.0037302989657060906,0.0,0.0,-0.0,0.0,0.0,0.0,1.0000000000000002,1.0000000000000002,0.0,False
2023-09-26,94520.08884919257,-0.005514807317220316,-0.005514807317220271,0.0,0.0,-0.0,0.0,0.0,0.0,1.0000000000000002,1.0000000000000002,0.0,False
2023-09-27,95668.45864530014,0.012149478593273422,0.012149478593273004,0.0,0.0,-0.0,0.0,0.0,0.0,0.9999999999999998,0.9999999999999998,0.0,False
2023-09-28,95709.40581127835,0.00042801113928292445,0.00042801113928297844,0.0,0.0,-0.0,0.0,0.0,0.0,0.9999999999999999,0.9999999999999999,0.0,False
2023-09-29,95646.53939116753,-0.0006568468331605848,-0.0006568468331605163,0.0,0.0,-0.0,0.0,0.0,0.0,0.9999999999999999,0.9999999999999999,0.0,False
2023-10-02,97243.74848581746,0.016699078762460795,0.016717749067189043,1.7857500366222756,0.0,-1.867030472811001e-05,2976.250061037126,0.030605519157503827,0.015302759578751914,1.0000000000000002,1.0000000000000002,1.4964370928676386e-16,True
2023-10-03,97963.85414593678,0.0074051614765173746,0.0074051614765170155,0.0,0.0,-0.0,0.0,0.0,0.0,0.9999999999999997,0.9999999999999997,1.4854371906079622e-16,False
2023-10-04,97820.39757454829,-0.0014643826811344685,-0.0014643826811343947,0.0,0.0,-0.0,0.0,0.0,0.0,0.9999999999999998,0.9999999999999998,1.487615629171506e-16,False
2023-10-05,97278.54666242261,-0.00553924258703542,-0.0055392425870354825,0.0,0.0,-0.0,0.0,0.0,0.0,0.9999999999999998,0.9999999999999998,1.4959017920842418e-16,False
2023-10-06,97040.58031545582,-0.0024462366588655637,-0.0024462366588655217,0.0,0.0,-0.0,0.0,0.0,0.0,0.9999999999999998,0.9999999999999998,1.499570095424207e-16,False
2023-10-09,97376.25069599945,0.0034590722711307365,0.003459072271130561,0.0,0.0,-0.0,0.0,0.0,0.0,0.9999999999999997,0.9999999999999997,1.4944008548651887e-16,False
2023-10-10,97065.86779276439,-0.003187459991698116,-0.0031874599916980268,0.0,0.0,-0.0,0.0,0.0,0.0,0.9999999999999998,0.9999999999999998,1.499179429316512e-16,False
2023-10-11,97109.2142413217,0.00044656736237969064,0.00044656736237981245,0.0,0.0,-0.0,0.0,0.0,0.0,1.0,1.0,1.4985102435495512e-16,False
2023-10-12,98014.57605052476,0.009323129800568486,0.009323129800568545,0.0,0.0,-0.0,0.0,0.0,0.0,1.0,1.0,1.4846684865387367e-16,False
2023-10-13,97992.92140668628,-0.0002209328929537735,-0.00022093289295385148,0.0,0.0,-0.0,0.0,0.0,0.0,0.9999999999999998,0.9999999999999998,1.4849965711272226e-16,False
2023-10-16,99295.16518004067,0.013289161652298098,0.013289161652298062,0.0,0.0,-0.0,0.0,0.0,0.0,0.9999999999999998,0.9999999999999998,1.465521025316944e-16,False
2023-10-17,99584.60618074151,0.0029149556292698,0.0029149556292697963,0.0,0.0,-0.0,0.0,0.0,0.0,0.9999999999999998,0.9999999999999998,1.4612615128442433e-16,False
2023-10-18,100678.9563500851,0.010989149943088528,0.010989149943088633,0.0,0.0,-0.0,0.0,0.0,0.0,0.9999999999999999,0.9999999999999999,1.4453780368726032e-16,False
2023-10-19,100808.71622471347,0.001288848030736034,0.0012888480307359606,0.0,0.0,-0.0,0.0,0.0,0.0,0.9999999999999998,0.9999999999999998,1.4435175621053509e-16,False
2023-10-20,101313.0833418673,0.005003209405321174,0.005003209405320986,0.0,0.0,-0.0,0.0,0.0,0.0,0.9999999999999996,0.9999999999999996,1.4363312958567633e-16,False
2023-10-23,101265.88480533636,-0.0004658681285186761,-0.00046586812851856583,0.0,0.0,-0.0,0.0,0.0,0.0,0.9999999999999999,0.9999999999999999,1.437000748706243e-16,False
2023-10-24,100760.90071984223,-0.004986714790127578,-0.004986714790127554,0.0,0.0,-0.0,0.0,0.0,0.0,0.9999999999999998,0.9999999999999998,1.444202575047171e-16,False
2023-10-25,101136.84592641203,0.00373106238515164,0.0037310623851515533,0.0,0.0,-0.0,0.0,0.0,0.0,0.9999999999999999,0.9999999999999999,1.4388341949040947e-16,False
2023-10-26,101746.08716496677,0.006023929587422705,0.0060239295874228264,0.0,0.0,-0.0,0.0,0.0,0.0,0.9999999999999998,0.9999999999999998,1.430218658411207e-16,False
2023-10-27,101601.82209549462,-0.0014178930462284134,-0.0014178930462282325,0.0,0.0,-0.0,0.0,0.0,0.0,0.9999999999999999,0.9999999999999999,1.4322494349254525e-16,False
2023-10-30,100866.14914160183,-0.007240745674829907,-0.007240745674829973,0.0,0.0,-0.0,0.0,0.0,0.0,0.9999999999999999,0.9999999999999999,1.4426956270470897e-16,False
2023-10-31,99806.41392651128,-0.010506351477767129,-0.01050635147776714,0.0,0.0,-0.0,0.0,0.0,0.0,0.9999999999999999,0.9999999999999999,1.4580140349578747e-16,False
2023-11-01,98902.09461639001,-0.009060733419268274,-0.009049990137620145,1.0722484151321274,0.0,-1.0743281648428301e-05,1787.0806918868793,0.01806899362817891,0.009034496814089455,1.0000000000000002,1.0000000000000002,0.0,True
2023-11-02,97938.91553375001,-0.009738712677176964,-0.009738712677177037,0.0,0.0,-0.0,0.0,0.0,0.0,1.0000000000000002,1.0000000000000002,0.0,False
2023-11-03,97919.03258218817,-0.00020301380154641446,-0.00020301380154652467,0.0,0.0,-0.0,0.0,0.0,0.0,0.9999999999999999,0.9999999999999999,0.0,False
2023-11-06,98351.72747074625,0.004418904855855166,0.004418904855855339,0.0,0.0,-0.0,0.0,0.0,0.0,1.0,1.0,0.0,False
2023-11-07,98293.81788816853,-0.0005888008687487956,-0.0005888008687487499,0.0,0.0,-0.0,0.0,0.0,0.0,1.0000000000000002,1.0000000000000002,0.0,False
2023-11-08,97109.04601125821,-0.01205337123295247,-0.012053371232952729,0.0,0.0,-0.0,0.0,0.0,0.0,0.9999999999999999,0.9999999999999999,0.0,False
2023-11-09,96994.52949588139,-0.0011792569289944543,-0.0011792569289944916,0.0,0.0,-0.0,0.0,0.0,0.0,0.9999999999999999,0.9999999999999999,0.0,False
2023-11-10,97057.12124909494,0.000645312199964998,0.0006453121999650042,0.0,0.0,-0.0,0.0,0.0,0.0,0.9999999999999999,0.9999999999999999,0.0,False
2023-11-13,98188.94133612713,0.011661381179103758,0.011661381179103853,0.0,0.0,-0.0,0.0,0.0,0.0,1.0,1.0,0.0,False
2023-11-14,97657.30481884697,-0.005414423559779724,-0.0054144235597796886,0.0,0.0,-0.0,0.0,0.0,0.0,1.0,1.0,0.0,False
2023-11-15,97603.51839866988,-0.0005507669935890247,-0.0005507669935893365,0.0,0.0,-0.0,0.0,0.0,0.0,1.0,1.0,0.0,False
2023-11-16,98441.0106067954,0.00858055346636899,0.008580553466369082,0.0,0.0,-0.0,0.0,0.0,0.0,0.9999999999999999,0.9999999999999999,0.0,False
2023-11-17,98578.13671417227,0.0013929774443761644,0.001392977444376252,0.0,0.0,-0.0,0.0,0.0,0.0,0.9999999999999999,0.9999999999999999,0.0,False
2023-11-20,98983.64830257803,0.004113605733709003,0.004113605733709094,0.0,0.0,-0.0,0.0,0.0,0.0,1.0,1.0,0.0,False
2023-11-21,98957.20878447007,-0.00026710995766832113,-0.00026710995766836927,0.0,0.0,-0.0,0.0,0.0,0.0,0.9999999999999999,0.9999999999999999,0.0,False
2023-11-22,99259.58325262374,0.00305560829643281,0.0030556082964328032,0.0,0.0,-0.0,0.0,0.0,0.0,1.0,1.0,0.0,False
2023-11-24,99711.25842668864,0.004550443990031239,0.004550443990031204,0.0,0.0,-0.0,0.0,0.0,0.0,1.0,1.0,0.0,False
2023-11-27,99090.39437087279,-0.006226619396969446,-0.006226619396969508,0.0,0.0,-0.0,0.0,0.0,0.0,0.9999999999999999,0.9999999999999999,0.0,False
2023-11-28,99606.65495654033,0.005209996276079876,0.005209996276080044,0.0,0.0,-0.0,0.0,0.0,0.0,1.0,1.0,0.0,False
2023-11-29,99028.66690398534,-0.005802705178757028,-0.005802705178757212,0.0,0.0,-0.0,0.0,0.0,0.0,1.0,1.0,0.0,False
2023-11-30,99475.82741363533,0.004515465305450661,0.004515465305450869,0.0,0.0,-0.0,0.0,0.0,0.0,1.0000000000000002,1.0000000000000002,0.0,False
2023-12-01,99743.11721511457,0.0026869824401440923,0.002703292997682536,1.6225062067106266,0.0,-1.6310557538405825e-05,2704.177011184378,0.02711097365875764,0.01355548682937882,1.0000000000000002,1.0000000000000002,0.0,True
2023-12-04,99336.82799068098,-0.004073355994653305,-0.004073355994653412,0.0,0.0,-0.0,0.0,0.0,0.0,1.0000000000000002,1.0000000000000002,0.0,False
2023-12-05,99432.51063508805,0.0009632142111086761,0.0009632142111083794,0.0,0.0,-0.0,0.0,0.0,0.0,1.0,1.0,0.0,False
2023-12-06,99274.33415698603,-0.0015907923584723704,-0.0015907923584722713,0.0,0.0,-0.0,0.0,0.0,0.0,1.0,1.0,0.0,False
2023-12-07,98670.25061874773,-0.006084992091541452,-0.0060849920915415166,0.0,0.0,-0.0,0.0,0.0,0.0,1.0,1.0,0.0,False
2023-12-08,98472.26385848837,-0.0020065496846092268,-0.002006549684608988,0.0,0.0,-0.0,0.0,0.0,0.0,1.0000000000000002,1.0000000000000002,0.0,False
2023-12-11,97734.70766946531,-0.007489989161648447,-0.0074899891616485165,0.0,0.0,-0.0,0.0,0.0,0.0,0.9999999999999999,0.9999999999999999,0.0,False
2023-12-12,97839.81696929476,0.0010754552025153963,0.0010754552025152007,0.0,0.0,-0.0,0.0,0.0,0.0,0.9999999999999998,0.9999999999999998,0.0,False
2023-12-13,97231.6415963811,-0.006216031384283172,-0.006216031384283068,0.0,0.0,-0.0,0.0,0.0,0.0,0.9999999999999998,0.9999999999999998,0.0,False
2023-12-14,97409.48134337232,0.0018290316204825352,0.001829031620482624,0.0,0.0,-0.0,0.0,0.0,0.0,0.9999999999999999,0.9999999999999999,0.0,False
2023-12-15,96923.31861792033,-0.004990917914224791,-0.0049909179142247975,0.0,0.0,-0.0,0.0,0.0,0.0,1.0,1.0,0.0,False
2023-12-18,96598.10027605969,-0.0033554189693264513,-0.0033554189693264873,0.0,0.0,-0.0,0.0,0.0,0.0,1.0,1.0,0.0,False
2023-12-19,96536.17461159991,-0.0006410650342274504,-0.0006410650342272404,0.0,0.0,-0.0,0.0,0.0,0.0,1.0000000000000002,1.0000000000000002,0.0,False
2023-12-20,97259.64201961333,0.0074942622382145885,0.007494262238214692,0.0,0.0,-0.0,0.0,0.0,0.0,1.0000000000000002,1.0000000000000002,0.0,False
2023-12-21,97467.23791124606,0.0021344505009679438,0.002134450500967899,0.0,0.0,-0.0,0.0,0.0,0.0,1.0,1.0,0.0,False
2023-12-22,97265.73682915262,-0.002067372446492466,-0.0020673724464926515,0.0,0.0,-0.0,0.0,0.0,0.0,0.9999999999999998,0.9999999999999998,0.0,False
2023-12-26,97193.75935715911,-0.0007400084998063772,-0.0007400084998061823,0.0,0.0,-0.0,0.0,0.0,0.0,0.9999999999999999,0.9999999999999999,0.0,False
2023-12-27,95827.38206982908,-0.01405828209925486,-0.0140582820992547,0.0,0.0,-0.0,0.0,0.0,0.0,1.0000000000000002,1.0000000000000002,0.0,False
2023-12-28,95652.43896195653,-0.0018256066699711138,-0.0018256066699714798,0.0,0.0,-0.0,0.0,0.0,0.0,0.9999999999999999,0.9999999999999999,0.0,False
2023-12-29,96778.06223282928,0.011767847041730395,0.011767847041730282,0.0,0.0,-0.0,0.0,0.0,0.0,0.9999999999999998,0.9999999999999998,0.0,False
2024-01-02,96755.03697681229,-0.00023791813439699716,-0.00022345042307148131,1.400157067042391,0.0,-1.4467711325670938e-05,2333.595111737319,0.024118241440705238,0.012059120720352619,0.9999999999999994,0.9999999999999994,0.0,True
2024-01-03,96843.32432853113,0.0009124832616207446,0.0009124832616210051,0.0,0.0,-0.0,0.0,0.0,0.0,1.0,1.0,0.0,False
2024-01-04,97237.27406276838,0.004067908004694365,0.004067908004694568,0.0,0.0,-0.0,0.0,0.0,0.0,1.0000000000000002,1.0000000000000002,0.0,False
2024-01-05,97659.08627588538,0.004337968306728834,0.004337968306728866,0.0,0.0,-0.0,0.0,0.0,0.0,1.0000000000000002,1.0000000000000002,0.0,False
2024-01-08,96360.93330051914,-0.01329270040167052,-0.01329270040167062,0.0,0.0,-0.0,0.0,0.0,0.0,1.0,1.0,0.0,False
2024-01-09,95346.55658057748,-0.010526846152248637,-0.010526846152248576,0.0,0.0,-0.0,0.0,0.0,0.0,1.0,1.0,0.0,False
2024-01-10,95473.40240718976,0.0013303660998504885,0.0013303660998504286,0.0,0.0,-0.0,0.0,0.0,0.0,0.9999999999999999,0.9999999999999999,0.0,False
2024-01-11,95157.6364861477,-0.0033073705668865694,-0.003307370566886427,0.0,0.0,-0.0,0.0,0.0,0.0,1.0000000000000002,1.0000000000000002,0.0,False
2024-01-12,95956.95565334521,0.008399947673289221,0.0083999476732892,0.0,0.0,-0.0,0.0,0.0,0.0,1.0000000000000002,1.0000000000000002,0.0,False
2024-01-16,95984.25354371838,0.00028448057972774166,0.000284480579727441,0.0,0.0,-0.0,0.0,0.0,0.0,0.9999999999999999,0.9999999999999999,0.0,False
2024-01-17,94660.16473137884,-0.013794854504301068,-0.013794854504300956,0.0,0.0,-0.0,0.0,0.0,0.0,0.9999999999999999,0.9999999999999999,0.0,False
2024-01-18,93927.87759564802,-0.007735958814448107,-0.007735958814448119,0.0,0.0,-0.0,0.0,0.0,0.0,1.0,1.0,0.0,False
2024-01-19,92302.78689977076,-0.01730147361439549,-0.017301473614395456,0.0,0.0,-0.0,0.0,0.0,0.0,0.9999999999999999,0.9999999999999999,0.0,False
2024-01-22,92285.36083895077,-0.0001887923583380191,-0.00018879235833788564,0.0,0.0,-0.0,0.0,0.0,0.0,1.0,1.0,0.0,False
2024-01-23,92051.20989273838,-0.00253724907269981,-0.002537249072699869,0.0,0.0,-0.0,0.0,0.0,0.0,1.0,1.0,0.0,False
2024-01-24,91737.23704991571,-0.0034108497127688375,-0.003410849712768737,0.0,0.0,-0.0,0.0,0.0,0.0,1.0,1.0,0.0,False
2024-01-25,92449.89183045324,0.007768435190060874,0.007768435190060938,0.0,0.0,-0.0,0.0,0.0,0.0,1.0000000000000002,1.0000000000000002,0.0,False
2024-01-26,92893.16301835488,0.0047947182968539614,0.004794718296853838,0.0,0.0,-0.0,0.0,0.0,0.0,1.0000000000000002,1.0000000000000002,0.0,False
2024-01-29,93077.45295668655,0.0019838913041991812,0.0019838913041992493,0.0,0.0,-0.0,0.0,0.0,0.0,1.0,1.0,0.0,False
2024-01-30,91993.42458137046,-0.011646519547763523,-0.011646519547763832,0.0,0.0,-0.0,0.0,0.0,0.0,0.9999999999999999,0.9999999999999999,0.0,False
2024-01-31,92213.95220877549,0.0023972107616230254,0.0023972107616235016,0.0,0.0,-0.0,0.0,0.0,0.0,1.0000000000000002,1.0000000000000002,0.0,False
2024-02-01,92313.21250902102,0.001076413035858259,0.0010901248948345988,1.2644247084050126,0.0,-1.3711858977070115e-05,2107.3745140083547,0.022828212692156555,0.011414106346078277,1.0,1.0,0.0,True
2024-02-02,92273.61386832624,-0.0004289596214724911,-0.0004289596214721191,0.0,0.0,-0.0,0.0,0.0,0.0,1.0000000000000002,1.0000000000000002,0.0,False
2024-02-05,92647.79047807012,0.0040550770047635964,0.004055077004763182,0.0,0.0,-0.0,0.0,0.0,0.0,0.9999999999999999,0.9999999999999999,0.0,False
2024-02-06,92135.10623671851,-0.005533690967762128,-0.0055336909677617865,0.0,0.0,-0.0,0.0,0.0,0.0,1.0,1.0,0.0,False
2024-02-07,93148.59105615565,0.010999985356648256,0.010999985356648206,0.0,0.0,-0.0,0.0,0.0,0.0,0.9999999999999998,0.9999999999999998,0.0,False
2024-02-08,92813.86948925663,-0.0035934152422899546,-0.0035934152422897707,0.0,0.0,-0.0,0.0,0.0,0.0,1.0,1.0,0.0,False
2024-02-09,93221.57467901136,0.004392718372784987,0.004392718372785015,0.0,0.0,-0.0,0.0,0.0,0.0,1.0,1.0,0.0,False
2024-02-12,92259.50850828171,-0.010320209394041324,-0.010320209394041456,0.0,0.0,-0.0,0.0,0.0,0.0,0.9999999999999999,0.9999999999999999,0.0,False
2024-02-13,91639.85800896774,-0.006716386303514121,-0.0067163863035139566,0.0,0.0,-0.0,0.0,0.0,0.0,1.0,1.0,0.0,False
2024-02-14,92405.44864852529,0.008354341180697,0.008354341180696896,0.0,0.0,-0.0,0.0,0.0,0.0,0.9999999999999998,0.9999999999999998,0.0,False
2024-02-15,92259.03523541866,-0.0015844673149472133,-0.0015844673149469953,0.0,0.0,-0.0,0.0,0.0,0.0,1.0,1.0,0.0,False
2024-02-16,92740.73350769216,0.005221150113312367,0.005221150113312037,0.0,0.0,-0.0,0.0,0.0,0.0,0.9999999999999999,0.9999999999999999,0.0,False
2024-02-20,92776.08779763366,0.00038121641488397806,0.0003812164148841334,0.0,0.0,-0.0,0.0,0.0,0.0,1.0,1.0,0.0,False
2024-02-21,92906.1082235289,0.0014014432919271513,0.0014014432919272242,0.0,0.0,-0.0,0.0,0.0,0.0,1.0,1.0,0.0,False
2024-02-22,94008.76997466055,0.011868560337052081,0.011868560337051864,0.0,0.0,-0.0,0.0,0.0,0.0,0.9999999999999998,0.9999999999999998,0.0,False
2024-02-23,94165.26673199375,0.0016647038076913478,0.0016647038076914665,0.0,0.0,-0.0,0.0,0.0,0.0,1.0,1.0,0.0,False
2024-02-26,93335.9586409921,-0.008806942514822946,-0.008806942514822917,0.0,0.0,-0.0,0.0,0.0,0.0,1.0,1.0,0.0,False
2024-02-27,92887.81502026737,-0.004801403738172061,-0.004801403738171905,0.0,0.0,-0.0,0.0,0.0,0.0,1.0000000000000002,1.0000000000000002,0.0,False
2024-02-28,93135.68524096056,0.0026684901635281033,0.0026684901635278943,0.0,0.0,-0.0,0.0,0.0,0.0,1.0,1.0,0.0,False
2024-02-29,93264.10491161529,0.0013788449649827506,0.0013788449649827388,0.0,0.0,-0.0,0.0,0.0,0.0,1.0000000000000002,1.0000000000000002,0.0,False
2024-03-01,92405.80649532836,-0.009202880541236302,-0.009191665983148788,1.0459157220348343,0.0,-1.121455808776624e-05,1743.1928700580575,0.018864324718083348,0.009432162359041674,1.0,1.0,0.0,True
2024-03-04,91917.40408056435,-0.0052854082799299595,-0.005285408279929781,0.0,0.0,-0.0,0.0,0.0,0.0,1.0,1.0,0.0,False
2024-03-05,91377.3342459835,-0.005875599294639433,-0.005875599294639491,0.0,0.0,-0.0,0.0,0.0,0.0,0.9999999999999998,0.9999999999999998,0.0,False
2024-03-06,90917.17703071187,-0.005035791633326792,-0.00503579163332646,0.0,0.0,-0.0,0.0,0.0,0.0,1.0000000000000004,1.0000000000000004,0.0,False
2024-03-07,90415.7985600518,-0.005514672661808495,-0.005514672661808609,0.0,0.0,-0.0,0.0,0.0,0.0,1.0,1.0,0.0,False
2024-03-08,90067.96339152161,-0.0038470618417330016,-0.0038470618417331304,0.0,0.0,-0.0,0.0,0.0,0.0,0.9999999999999998,0.9999999999999998,0.0,False
2024-03-11,89644.19216291742,-0.004705016219386238,-0.004705016219386231,0.0,0.0,-0.0,0.0,0.0,0.0,0.9999999999999999,0.9999999999999999,0.0,False
2024-03-12,89961.96601818802,0.003544834836517685,0.0035448348365178252,0.0,0.0,-0.0,0.0,0.0,0.0,1.0,1.0,0.0,False
2024-03-13,90268.31101654406,0.0034052723824877784,0.0034052723824878487,0.0,0.0,-0.0,0.0,0.0,0.0,1.0,1.0,0.0,False
2024-03-14,89991.36164492676,-0.0030680686112155575,-0.003068068611215563,0.0,0.0,-0.0,0.0,0.0,0.0,1.0,1.0,0.0,False
2024-03-15,89699.02959803019,-0.003248445645816611,-0.0032484456458167256,0.0,0.0,-0.0,0.0,0.0,0.0,0.9999999999999999,0.9999999999999999,0.0,False
2024-03-18,89931.57362990805,0.002592492169870342,0.002592492169870319,0.0,0.0,-0.0,0.0,0.0,0.0,1.0,1.0,0.0,False
2024-03-19,89711.43952555474,-0.0024477955346273728,-0.0024477955346272526,0.0,0.0,-0.0,0.0,0.0,0.0,1.0,1.0,0.0,False
2024-03-20,89002.64779296814,-0.00790079544297917,-0.007900795442979227,0.0,0.0,-0.0,0.0,0.0,0.0,1.0,1.0,0.0,False
2024-03-21,88396.69138659134,-0.006808296397949221,-0.006808296397949329,0.0,0.0,-0.0,0.0,0.0,0.0,0.9999999999999998,0.9999999999999998,0.0,False
2024-03-22,88115.12235596204,-0.0031852892479639072,-0.0031852892479637103,0.0,0.0,-0.0,0.0,0.0,0.0,1.0000000000000002,1.0000000000000002,0.0,False
2024-03-25,87513.324265427,-0.006829680019099671,-0.006829680019099704,0.0,0.0,-0.0,0.0,0.0,0.0,1.0,1.0,0.0,False
2024-03-26,87584.78916581789,0.0008166173664496679,0.0008166173664495611,0.0,0.0,-0.0,0.0,0.0,0.0,1.0,1.0,0.0,False
2024-03-27,87930.65799576054,0.003948960010485836,0.003948960010485873,0.0,0.0,-0.0,0.0,0.0,0.0,1.0,1.0,0.0,False
2024-03-28,87448.71309868585,-0.005480965434125684,-0.005480965434125708,0.0,0.0,-0.0,0.0,0.0,0.0,0.9999999999999998,0.9999999999999998,0.0,False
2024-04-01,87622.85556436422,0.0019913668195647993,0.002008318303851603,1.4823854859988703,0.0,-1.6951484286864216e-05,2470.642476664784,0.028195847574663566,0.014097923787331783,1.0,1.0,0.0,True
2024-04-02,87357.67753864368,-0.003026356810818087,-0.003026356810817698,0.0,0.0,-0.0,0.0,0.0,0.0,1.0000000000000002,1.0000000000000002,0.0,False
2024-04-03,87611.53548952026,0.0029059603921393062,0.002905960392138987,0.0,0.0,-0.0,0.0,0.0,0.0,0.9999999999999997,0.9999999999999997,0.0,False
2024-04-04,87571.32639032255,-0.000458947545811772,-0.00045894754581169523,0.0,0.0,-0.0,0.0,0.0,0.0,0.9999999999999999,0.9999999999999999,0.0,False
2024-04-05,86757.74238263047,-0.009290529688516624,-0.009290529688516395,0.0,0.0,-0.0,0.0,0.0,0.0,1.0000000000000002,1.0000000000000002,0.0,False
2024-04-08,86297.13401710326,-0.005309132682311812,-0.00530913268231181,0.0,0.0,-0.0,0.0,0.0,0.0,1.0,1.0,0.0,False
2024-04-09,86212.98443515193,-0.0009751144451061178,-0.0009751144451060811,0.0,0.0,-0.0,0.0,0.0,0.0,1.0000000000000002,1.0000000000000002,0.0,False
2024-04-10,86544.39951117072,0.003844143410533185,0.0038441434105329314,0.0,0.0,-0.0,0.0,0.0,0.0,0.9999999999999998,0.9999999999999998,0.0,False
2024-04-11,85243.59778850492,-0.015030455234690265,-0.015030455234690014,0.0,0.0,-0.0,0.0,0.0,0.0,0.9999999999999999,0.9999999999999999,0.0,False
2024-04-12,85468.52114911556,0.002638595348458894,0.002638595348458563,0.0,0.0,-0.0,0.0,0.0,0.0,0.9999999999999999,0.9999999999999999,0.0,False
2024-04-15,85972.49049638306,0.005896549284949426,0.005896549284949798,0.0,0.0,-0.0,0.0,0.0,0.0,1.0,1.0,0.0,False
2024-04-16,85963.87018199831,-0.0001002682873902927,-0.00010026828739038805,0.0,0.0,-0.0,0.0,0.0,0.0,1.0,1.0,0.0,False
2024-04-17,86335.37124629303,0.004321595380805787,0.004321595380805631,0.0,0.0,-0.0,0.0,0.0,0.0,0.9999999999999997,0.9999999999999997,0.0,False
2024-04-18,86211.43369731952,-0.0014355361792555144,-0.0014355361792554417,0.0,0.0,-0.0,0.0,0.0,0.0,1.0,1.0,0.0,False
2024-04-19,86039.60499127829,-0.0019931080910277066,-0.0019931080910277465,0.0,0.0,-0.0,0.0,0.0,0.0,0.9999999999999999,0.9999999999999999,0.0,False
2024-04-22,85223.40849297003,-0.00948628830166054,-0.00948628830166042,0.0,0.0,-0.0,0.0,0.0,0.0,1.0,1.0,0.0,False
2024-04-23,84085.1163806779,-0.013356566375610668,-0.013356566375610708,0.0,0.0,-0.0,0.0,0.0,0.0,0.9999999999999999,0.9999999999999999,0.0,False
2024-04-24,84522.93114639875,0.005206804540041743,0.0052068045400418,0.0,0.0,-0.0,0.0,0.0,0.0,1.0,1.0,0.0,False
2024-04-25,84220.46694604732,-0.003578486882187537,-0.0035784868821875913,0.0,0.0,-0.0,0.0,0.0,0.0,1.0,1.0,0.0,False
2024-04-26,83997.34469126155,-0.0026492640432486114,-0.0026492640432485373,0.0,0.0,-0.0,0.0,0.0,0.0,1.0,1.0,0.0,False
2024-04-29,83136.36533614907,-0.010250078240890415,-0.010250078240890274,0.0,0.0,-0.0,0.0,0.0,0.0,1.0000000000000002,1.0000000000000002,0.0,False
2024-04-30,82383.51358823347,-0.009055624994808942,-0.009055624994808973,0.0,0.0,-0.0,0.0,0.0,0.0,1.0000000000000002,1.0000000000000002,0.0,False
2024-05-01,82500.82520352319,0.0014239695562883181,0.0014397134137382256,1.2970342941985988,0.0,-1.574385745042864e-05,2161.7238236643316,0.026202038990379324,0.013101019495189662,1.0,1.0,0.0,True
2024-05-02,82213.29480109308,-0.0034851821387336113,-0.003485182138733328,0.0,0.0,-0.0,0.0,0.0,0.0,0.9999999999999999,0.9999999999999999,0.0,False
2024-05-03,82288.74216403921,0.0009177027040294661,0.0009177027040293078,0.0,0.0,-0.0,0.0,0.0,0.0,0.9999999999999999,0.9999999999999999,0.0,False
2024-05-06,82309.618464033,0.0002536956993726136,0.0002536956993725606,0.0,0.0,-0.0,0.0,0.0,0.0,0.9999999999999999,0.9999999999999999,0.0,False
2024-05-07,82480.3511821118,0.0020742742010571025,0.002074274201057308,0.0,0.0,-0.0,0.0,0.0,0.0,1.0000000000000002,1.0000000000000002,0.0,False
2024-05-08,82701.4763093485,0.0026809430860503802,0.0026809430860503143,0.0,0.0,-0.0,0.0,0.0,0.0,1.0000000000000002,1.0000000000000002,0.0,False
2024-05-09,83582.98925274362,0.010658974697111523,0.010658974697111627,0.0,0.0,-0.0,0.0,0.0,0.0,0.9999999999999999,0.9999999999999999,0.0,False
2024-05-10,83199.26026387989,-0.004590993840904445,-0.004590993840904478,0.0,0.0,-0.0,0.0,0.0,0.0,1.0,1.0,0.0,False
2024-05-13,83158.51968783264,-0.0004896747389102618,-0.0004896747389104469,0.0,0.0,-0.0,0.0,0.0,0.0,0.9999999999999999,0.9999999999999999,0.0,False
2024-05-14,83704.55758826957,0.006566229202812801,0.006566229202812781,0.0,0.0,-0.0,0.0,0.0,0.0,0.9999999999999998,0.9999999999999998,0.0,False
2024-05-15,84282.93146954392,0.00690970596988616,0.006909705969886371,0.0,0.0,-0.0,0.0,0.0,0.0,0.9999999999999999,0.9999999999999999,0.0,False
2024-05-16,83343.77685582895,-0.011142880264604194,-0.011142880264604162,0.0,0.0,-0.0,0.0,0.0,0.0,1.0,1.0,0.0,False
2024-05-17,83421.75991765017,0.0009356794803780932,0.0009356794803783645,0.0,0.0,-0.0,0.0,0.0,0.0,1.0000000000000002,1.0000000000000002,0.0,False
2024-05-20,84193.0953654401,0.009246214039974054,0.00924621403997369,0.0,0.0,-0.0,0.0,0.0,0.0,0.9999999999999998,0.9999999999999998,0.0,False
2024-05-21,84418.90950287625,0.00268209805633135,0.0026820980563314716,0.0,0.0,-0.0,0.0,0.0,0.0,1.0,1.0,0.0,False
2024-05-22,84577.90875071746,0.0018834553629929474,0.0018834553629926884,0.0,0.0,-0.0,0.0,0.0,0.0,0.9999999999999999,0.9999999999999999,0.0,False
2024-05-23,84459.92412987942,-0.0013949815333668125,-0.0013949815333667865,0.0,0.0,-0.0,0.0,0.0,0.0,0.9999999999999999,0.9999999999999999,0.0,False
2024-05-24,84340.4213395536,-0.001414905253076637,-0.001414905253076462,0.0,0.0,-0.0,0.0,0.0,0.0,1.0,1.0,0.0,False
2024-05-28,84658.49112592197,0.003771261529365688,0.0037712615293657606,0.0,0.0,-0.0,0.0,0.0,0.0,0.9999999999999999,0.9999999999999999,0.0,False
2024-05-29,84414.19893677163,-0.00288561945649346,-0.0028856194564935624,0.0,0.0,-0.0,0.0,0.0,0.0,0.9999999999999997,0.9999999999999997,0.0,False
2024-05-30,84494.491020405,0.0009511679864842026,0.0009511679864844966,0.0,0.0,-0.0,0.0,0.0,0.0,1.0,1.0,0.0,False
2024-05-31,84943.40346031987,0.0053129196293573155,0.00531291962935695,0.0,0.0,-0.0,0.0,0.0,0.0,0.9999999999999997,0.9999999999999997,0.0,False
2024-06-03,84815.35103606812,-0.0015075028670302748,-0.001491931240137588,1.3227069856606442,0.0,-1.5571626892469976e-05,2204.5116427677403,0.025991489001869553,0.012995744500934776,1.0,1.0,0.0,True
2024-06-04,84871.81201295486,0.0006656928987149868,0.000665692898715231,0.0,0.0,-0.0,0.0,0.0,0.0,1.0,1.0,0.0,False
2024-06-05,86291.37690293802,0.01672598777278944,0.016725987772789212,0.0,0.0,-0.0,0.0,0.0,0.0,0.9999999999999999,0.9999999999999999,0.0,False
2024-06-06,85481.61383537862,-0.009384055471385433,-0.009384055471385289,0.0,0.0,-0.0,0.0,0.0,0.0,1.0,1.0,0.0,False
2024-06-07,85567.51054747365,0.0010048559946522762,0.001004855994652267,0.0,0.0,-0.0,0.0,0.0,0.0,1.0,1.0,0.0,False
2024-06-10,85378.74817851711,-0.002206005150188539,-0.0022060051501885843,0.0,0.0,-0.0,0.0,0.0,0.0,1.0,1.0,0.0,False
2024-06-11,85807.52399365004,0.005022043825664957,0.005022043825664998,0.0,0.0,-0.0,0.0,0.0,0.0,1.0,1.0,0.0,False
2024-06-12,85909.26643063052,0.0011857053116695049,0.0011857053116692833,0.0,0.0,-0.0,0.0,0.0,0.0,0.9999999999999998,0.9999999999999998,0.0,False
2024-06-13,86295.7215102519,0.004498409725491426,0.004498409725491598,0.0,0.0,-0.0,0.0,0.0,0.0,1.0,1.0,0.0,False
2024-06-14,87008.20816586522,0.008256338125971707,0.008256338125971412,0.0,0.0,-0.0,0.0,0.0,0.0,0.9999999999999999,0.9999999999999999,0.0,False
2024-06-17,86876.85161180359,-0.0015097030134354483,-0.001509703013435168,0.0,0.0,-0.0,0.0,0.0,0.0,1.0000000000000002,1.0000000000000002,0.0,False
2024-06-18,87282.04170844029,0.004663959260945871,0.004663959260945629,0.0,0.0,-0.0,0.0,0.0,0.0,0.9999999999999999,0.9999999999999999,0.0,False
2024-06-20,86116.69498278364,-0.013351506253135192,-0.01335150625313515,0.0,0.0,-0.0,0.0,0.0,0.0,1.0,1.0,0.0,False
2024-06-21,87024.16189688595,0.010537642141094095,0.010537642141094069,0.0,0.0,-0.0,0.0,0.0,0.0,1.0,1.0,0.0,False
2024-06-24,86996.66268291207,-0.0003159951601311439,-0.0003159951601313567,0.0,0.0,-0.0,0.0,0.0,0.0,0.9999999999999999,0.9999999999999999,0.0,False
2024-06-25,87519.31734198167,0.006007755274183291,0.006007755274183463,0.0,0.0,-0.0,0.0,0.0,0.0,1.0000000000000002,1.0000000000000002,0.0,False
2024-06-26,87003.87592305308,-0.0058894588598594755,-0.005889458859859453,0.0,0.0,-0.0,0.0,0.0,0.0,1.0000000000000002,1.0000000000000002,0.0,False
2024-06-27,86338.58909475675,-0.007646634373906669,-0.007646634373906931,0.0,0.0,-0.0,0.0,0.0,0.0,0.9999999999999999,0.9999999999999999,0.0,False
2024-06-28,86320.8455504142,-0.000205511168627881,-0.00020551116862779894,0.0,0.0,-0.0,0.0,0.0,0.0,1.0,1.0,0.0,False
2024-07-01,86247.9156714925,-0.0008448698394538656,-0.0008342171789288963,0.9195466639080913,0.0,-1.0652660525330997e-05,1532.5777731801522,0.0177692576288558,0.0088846288144279,1.0,1.0,0.0,True
2024-07-02,86219.89786313707,-0.0003248520052606674,-0.00032485200526068396,0.0,0.0,-0.0,0.0,0.0,0.0,1.0,1.0,0.0,False
2024-07-03,86718.72517287341,0.005785524247873264,0.005785524247873568,0.0,0.0,-0.0,0.0,0.0,0.0,1.0000000000000002,1.0000000000000002,0.0,False
2024-07-05,85677.89944690726,-0.01200231811400898,-0.012002318114009276,0.0,0.0,-0.0,0.0,0.0,0.0,0.9999999999999998,0.9999999999999998,0.0,False
2024-07-08,86539.7710028645,0.010059438449367075,0.01005943844936702,0.0,0.0,-0.0,0.0,0.0,0.0,0.9999999999999997,0.9999999999999997,0.0,False
2024-07-09,86518.37865580624,-0.00024719671441630897,-0.0002471967144160457,0.0,0.0,-0.0,0.0,0.0,0.0,1.0,1.0,0.0,False
2024-07-10,86466.15920859113,-0.0006035647919716558,-0.0006035647919716789,0.0,0.0,-0.0,0.0,0.0,0.0,1.0000000000000002,1.0000000000000002,0.0,False
2024-07-11,85972.7582110695,-0.005706290206916154,-0.005706290206916188,0.0,0.0,-0.0,0.0,0.0,0.0,1.0,1.0,0.0,False
2024-07-12,86299.52792216974,0.00380085178025813,0.0038008517802581633,0.0,0.0,-0.0,0.0,0.0,0.0,1.0,1.0,0.0,False
2024-07-15,84979.60811605038,-0.015294635299856418,-0.015294635299856214,0.0,0.0,-0.0,0.0,0.0,0.0,1.0000000000000002,1.0000000000000002,0.0,False
2024-07-16,85095.18324254404,0.0013600336487291642,0.0013600336487291159,0.0,0.0,-0.0,0.0,0.0,0.0,1.0000000000000002,1.0000000000000002,0.0,False
2024-07-17,84545.09981530938,-0.006464330955922248,-0.006464330955922327,0.0,0.0,-0.0,0.0,0.0,0.0,0.9999999999999999,0.9999999999999999,0.0,False
2024-07-18,84749.63495908461,0.002419243033860541,0.0024192430338604853,0.0,0.0,-0.0,0.0,0.0,0.0,1.0,1.0,0.0,False
2024-07-19,84929.7609524645,0.0021253896074815426,0.0021253896074816202,0.0,0.0,-0.0,0.0,0.0,0.0,1.0000000000000002,1.0000000000000002,0.0,False
2024-07-22,85409.64516330793,0.005650365731183715,0.00565036573118342,0.0,0.0,-0.0,0.0,0.0,0.0,0.9999999999999999,0.9999999999999999,0.0,False
2024-07-23,85484.84194526749,0.0008804249428244759,0.0008804249428246341,0.0,0.0,-0.0,0.0,0.0,0.0,1.0,1.0,0.0,False
2024-07-24,85011.00116040319,-0.0055429801831730074,-0.005542980183173079,0.0,0.0,-0.0,0.0,0.0,0.0,1.0,1.0,0.0,False
2024-07-25,84634.84627002403,-0.004424778972658028,-0.004424778972658162,0.0,0.0,-0.0,0.0,0.0,0.0,0.9999999999999999,0.9999999999999999,0.0,False
2024-07-26,85290.41718428725,0.007745874697658639,0.007745874697658823,0.0,0.0,-0.0,0.0,0.0,0.0,1.0,1.0,0.0,False
2024-07-29,85530.87082496371,0.002819233961031342,0.0028192339610313053,0.0,0.0,-0.0,0.0,0.0,0.0,1.0,1.0,0.0,False
2024-07-30,85262.07592781473,-0.00314266526876672,-0.0031426652687668232,0.0,0.0,-0.0,0.0,0.0,0.0,0.9999999999999999,0.9999999999999999,0.0,False
2024-07-31,85055.07821449434,-0.002427781766604409,-0.002427781766604305,0.0,0.0,-0.0,0.0,0.0,0.0,0.9999999999999999,0.9999999999999999,0.0,False
2024-08-01,84199.16016902366,-0.010063103384752692,-0.010041901299132638,1.8033450507171542,0.0,-2.1202085619972353e-05,3005.5750845285907,0.0356952576204927,0.01784762881024635,1.0,1.0,0.0,True
2024-08-02,84502.93231263386,0.0036077811583916652,0.0036077811583916314,0.0,0.0,-0.0,0.0,0.0,0.0,0.9999999999999999,0.9999999999999999,0.0,False
2024-08-05,83722.62342679962,-0.009234104243239116,-0.00923410424323902,0.0,0.0,-0.0,0.0,0.0,0.0,1.0,1.0,0.0,False
2024-08-06,84134.77926986587,0.004922873008472051,0.0049228730084719076,0.0,0.0,-0.0,0.0,0.0,0.0,0.9999999999999999,0.9999999999999999,0.0,False
2024-08-07,84210.08716505431,0.0008950863821355348,0.0008950863821355514,0.0,0.0,-0.0,0.0,0.0,0.0,1.0,1.0,0.0,False
2024-08-08,85304.31658121735,0.012994042079760737,0.01299404207976057,0.0,0.0,-0.0,0.0,0.0,0.0,0.9999999999999998,0.9999999999999998,0.0,False
2024-08-09,84599.45354851005,-0.008262923389535715,-0.008262923389535793,0.0,0.0,-0.0,0.0,0.0,0.0,0.9999999999999998,0.9999999999999998,0.0,False
2024-08-12,84411.0869000795,-0.0022265705099682176,-0.002226570509968218,0.0,0.0,-0.0,0.0,0.0,0.0,0.9999999999999998,0.9999999999999998,0.0,False
2024-08-13,85116.74651913096,0.008359797805787883,0.008359797805788135,0.0,0.0,-0.0,0.0,0.0,0.0,1.0000000000000002,1.0000000000000002,0.0,False
2024-08-14,85888.84431656318,0.009071044524225025,0.009071044524225007,0.0,0.0,-0.0,0.0,0.0,0.0,1.0000000000000002,1.0000000000000002,0.0,False
2024-08-15,85356.18966350904,-0.006201674469980212,-0.006201674469980274,0.0,0.0,-0.0,0.0,0.0,0.0,1.0000000000000002,1.0000000000000002,0.0,False
2024-08-16,85625.15694929077,0.0031511163612394366,0.003151116361239667,0.0,0.0,-0.0,0.0,0.0,0.0,1.0000000000000002,1.0000000000000002,0.0,False
2024-08-19,85773.36855036674,0.0017309352339491824,0.0017309352339488293,0.0,0.0,-0.0,0.0,0.0,0.0,0.9999999999999999,0.9999999999999999,0.0,False
2024-08-20,85750.64862500476,-0.0002648832119568345,-0.0002648832119569245,0.0,0.0,-0.0,0.0,0.0,0.0,0.9999999999999998,0.9999999999999998,0.0,False
2024-08-21,85481.24525721355,-0.00314170647232459,-0.003141706472324421,0.0,0.0,-0.0,0.0,0.0,0.0,0.9999999999999999,0.9999999999999999,0.0,False
2024-08-22,85255.66285305607,-0.002638969559681792,-0.0026389695596817204,0.0,0.0,-0.0,0.0,0.0,0.0,1.0,1.0,0.0,False
2024-08-23,84311.06838795202,-0.011079551005686472,-0.011079551005686462,0.0,0.0,-0.0,0.0,0.0,0.0,1.0,1.0,0.0,False
2024-08-26,84262.92296540219,-0.0005710451008436035,-0.0005710451008436704,0.0,0.0,-0.0,0.0,0.0,0.0,1.0000000000000002,1.0000000000000002,0.0,False
2024-08-27,84491.1307333021,0.0027082821230115517,0.0027082821230115946,0.0,0.0,-0.0,0.0,0.0,0.0,1.0,1.0,0.0,False
2024-08-28,84461.53484098677,-0.0003502840127532769,-0.0003502840127535433,0.0,0.0,-0.0,0.0,0.0,0.0,0.9999999999999997,0.9999999999999997,0.0,False
2024-08-29,83638.3665886916,-0.009746072621636959,-0.009746072621636782,0.0,0.0,-0.0,0.0,0.0,0.0,0.9999999999999999,0.9999999999999999,0.0,False
2024-08-30,84213.07285842646,0.006871323450888145,0.0068713234508882125,0.0,0.0,-0.0,0.0,0.0,0.0,0.9999999999999999,0.9999999999999999,0.0,False
2024-09-03,84416.14380948164,0.0024113946227395378,0.002424392708036363,1.0946087041202024,0.0,-1.2998085296808814e-05,1824.3478402003375,0.021611081745684345,0.010805540872842172,1.0,1.0,1.7238308422627067e-16,True
2024-09-04,84121.3437246535,-0.003492224016930612,-0.003492224016930639,0.0,0.0,-0.0,0.0,0.0,0.0,1.0,1.0,1.7298719426068929e-16,False
2024-09-05,83958.42032669387,-0.0019367664702659715,-0.0019367664702660409,0.0,0.0,-0.0,0.0,0.0,0.0,0.9999999999999999,0.9999999999999999,1.7332288020359755e-16,False
2024-09-06,83243.09537678293,-0.008519990575424186,-0.008519990575424238,0.0,0.0,-0.0,0.0,0.0,0.0,0.9999999999999999,0.9999999999999999,1.7481227917463387e-16,False
2024-09-09,82517.99237552247,-0.008710668410135791,-0.008710668410135817,0.0,0.0,-0.0,0.0,0.0,0.0,0.9999999999999997,0.9999999999999997,1.7634839153798202e-16,False
2024-09-10,82212.95866492734,-0.003696572127045772,-0.003696572127045683,0.0,0.0,-0.0,0.0,0.0,0.0,0.9999999999999999,0.9999999999999999,1.7700269476586552e-16,False
2024-09-11,82926.35124287596,0.0086773738536301,0.008677373853630009,0.0,0.0,-0.0,0.0,0.0,0.0,0.9999999999999998,0.9999999999999998,1.7547998929492245e-16,False
2024-09-12,82812.50619089357,-0.0013728453052148648,-0.001372845305214826,0.0,0.0,-0.0,0.0,0.0,0.0,0.9999999999999998,0.9999999999999998,1.75721227356926e-16,False
2024-09-13,83077.87063389698,0.0032044005816187493,0.00320440058161852,0.0,0.0,-0.0,0.0,0.0,0.0,0.9999999999999997,0.9999999999999997,1.7515994472816278e-16,False
2024-09-16,82868.33392853223,-0.0025221723157556886,-0.0025221723157555246,0.0,0.0,-0.0,0.0,0.0,0.0,0.9999999999999998,0.9999999999999998,1.7560284536330603e-16,False
2024-09-17,82883.14767433504,0.00017876244278758335,0.00017876244278765713,0.0,0.0,-0.0,0.0,0.0,0.0,0.9999999999999999,0.9999999999999999,1.755714597802719e-16,False
2024-09-18,82721.28357699874,-0.0019529192830886055,-0.001952919283088785,0.0,0.0,-0.0,0.0,0.0,0.0,0.9999999999999997,0.9999999999999997,1.7591500759078065e-16,False
2024-09-19,83244.80186426191,0.00632870120754192,0.006328701207542171,0.0,0.0,-0.0,0.0,0.0,0.0,1.0,1.0,1.748086955879245e-16,False
2024-09-20,82888.835347212,-0.0042761410812214296,-0.004276141081221532,0.0,0.0,-0.0,0.0,0.0,0.0,0.9999999999999999,0.9999999999999999,1.755594124034982e-16,False
2024-09-23,82284.6659029591,-0.007288912212629284,-0.007288912212629257,0.0,0.0,-0.0,0.0,0.0,0.0,1.0,1.0,1.7684844519546794e-16,False
2024-09-24,81598.93407524312,-0.008333652694472726,-0.0083336526944726,0.0,0.0,-0.0,0.0,0.0,0.0,1.0,1.0,1.7833462401541175e-16,False
2024-09-25,81249.72426503315,-0.004279587891282466,-0.004279587891282464,0.0,0.0,-0.0,0.0,0.0,0.0,1.0,1.0,1.791011029268127e-16,False
2024-09-26,80700.83354770129,-0.006755600985689503,-0.006755600985689687,0.0,0.0,-0.0,0.0,0.0,0.0,0.9999999999999999,0.9999999999999999,1.803192679511221e-16,False
2024-09-27,80718.97099233982,0.0002247491610827268,0.00022474916108294229,0.0,0.0,-0.0,0.0,0.0,0.0,1.0,1.0,1.802787504531967e-16,False
2024-09-30,80778.956102028,0.0007431352128344226,0.0007431352128343473,0.0,0.0,-0.0,0.0,0.0,0.0,0.9999999999999997,0.9999999999999997,1.8014487845060824e-16,False
2024-10-01,82087.63011637883,0.016200679948103147,0.01621373615907948,1.0546670932952555,0.0,-1.3056210976075953e-05,1757.778488825426,0.021413164231610885,0.010706582115805443,1.0000000000000002,1.0000000000000002,1.772729363454157e-16,True
2024-10-02,81290.32217591218,-0.009712887792427183,-0.009712887792427613,0.0,0.0,-0.0,0.0,0.0,0.0,0.9999999999999996,0.9999999999999996,1.7901165647832617e-16,False
2024-10-03,81500.48516236914,0.0025853383383345196,0.0025853383383347586,0.0,0.0,-0.0,0.0,0.0,0.0,1.0,1.0,1.7855004420373492e-16,False
2024-10-04,80927.2421171812,-0.007033615125675574,-0.007033615125675451,0.0,0.0,-0.0,0.0,0.0,0.0,0.9999999999999998,0.9999999999999998,1.798147922462987e-16,False
2024-10-07,80711.45140800494,-0.0026664779810956496,-0.0026664779810956427,0.0,0.0,-0.0,0.0,0.0,0.0,0.9999999999999998,0.9999999999999998,1.8029554635073254e-16,False
2024-10-08,80776.04304855393,0.0008002785159006987,0.0008002785159003606,0.0,0.0,-0.0,0.0,0.0,0.0,0.9999999999999996,0.9999999999999996,1.8015137507564954e-16,False
2024-10-09,79657.81290835589,-0.013843586513960338,-0.013843586513960214,0.0,0.0,-0.0,0.0,0.0,0.0,0.9999999999999998,0.9999999999999998,1.826803259726504e-16,False
2024-10-10,79589.9198246242,-0.0008523091615607603,-0.000852309161560653,0.0,0.0,-0.0,0.0,0.0,0.0,0.9999999999999997,0.9999999999999997,1.828361589059505e-16,False
2024-10-11,80426.43025775171,0.010510256009438779,0.010510256009438668,0.0,0.0,-0.0,0.0,0.0,0.0,0.9999999999999998,0.9999999999999998,1.8093449108372308e-16,False
2024-10-14,80144.61800218574,-0.003503975678925575,-0.003503975678925311,0.0,0.0,-0.0,0.0,0.0,0.0,1.0,1.0,1.815707104370999e-16,False
2024-10-15,80152.63902085145,0.00010008181292331386,0.00010008181292315806,0.0,0.0,-0.0,0.0,0.0,0.0,0.9999999999999998,0.9999999999999998,1.8155254032972288e-16,False
2024-10-16,80751.7283729366,0.0074743559214476285,0.007474355921447709,0.0,0.0,-0.0,0.0,0.0,0.0,0.9999999999999999,0.9999999999999999,1.8020561939134702e-16,False
2024-10-17,80686.58342398179,-0.0008067313265909259,-0.0008067313265910699,0.0,0.0,-0.0,0.0,0.0,0.0,0.9999999999999998,0.9999999999999998,1.8035111428502633e-16,False
2024-10-18,80395.90901325691,-0.0036025123185285945,-0.0036025123185286093,0.0,0.0,-0.0,0.0,0.0,0.0,0.9999999999999998,0.9999999999999998,1.8100318047237092e-16,False
2024-10-21,79236.76666037399,-0.014417927070042635,-0.014417927070042672,0.0,0.0,-0.0,0.0,0.0,0.0,0.9999999999999997,0.9999999999999997,1.8365104788714465e-16,False
2024-10-22,79882.53161199013,0.00814981452213992,0.00814981452214021,0.0,0.0,-0.0,0.0,0.0,0.0,0.9999999999999999,0.9999999999999999,1.8216642530871735e-16,False
2024-10-23,79923.01830304669,0.0005068278413260519,0.0005068278413259803,0.0,0.0,-0.0,0.0,0.0,0.0,0.9999999999999999,0.9999999999999999,1.8207414506281387e-16,False
2024-10-24,79486.53479935696,-0.005461299046974122,-0.005461299046974177,0.0,0.0,-0.0,0.0,0.0,0.0,1.0,1.0,1.8307396674291275e-16,False
2024-10-25,79158.30193406467,-0.004129414700500211,-0.004129414700500516,0.0,0.0,-0.0,0.0,0.0,0.0,0.9999999999999996,0.9999999999999996,1.8383308980639767e-16,False
2024-10-28,78887.06279028546,-0.0034265407058016173,-0.0034265407058016225,0.0,0.0,-0.0,0.0,0.0,0.0,0.9999999999999996,0.9999999999999996,1.8446516721064745e-16,False
2024-10-29,78715.02790048526,-0.002180774435188937,-0.002180774435188661,0.0,0.0,-0.0,0.0,0.0,0.0,1.0,1.0,1.8486832332402873e-16,False
2024-10-30,78861.69942243112,0.0018633230001681156,0.0018633230001681939,0.0,0.0,-0.0,0.0,0.0,0.0,1.0,1.0,1.845244945891663e-16,False
2024-10-31,78327.4686268758,-0.00677427445094303,-0.006774274450943351,0.0,0.0,-0.0,0.0,0.0,0.0,0.9999999999999996,0.9999999999999996,1.857830398897097e-16,False
2024-11-01,78832.08688054721,0.0064424174879855745,0.006457226056512701,1.1599176867373706,0.0,-1.4808568527380938e-05,1933.1961445622846,0.024522599576674967,0.012261299788337484,1.0,1.0,0.0,True
2024-11-04,78457.77058937232,-0.00474827327281202,-0.004748273272811747,0.0,0.0,-0.0,0.0,0.0,0.0,1.0000000000000002,1.0000000000000002,0.0,False
2024-11-05,78182.41955212118,-0.0035095444999611036,-0.003509544499961193,0.0,0.0,-0.0,0.0,0.0,0.0,0.9999999999999999,0.9999999999999999,0.0,False
2024-11-06,78919.70451741139,0.009430316553437956,0.00943031655343817,0.0,0.0,-0.0,0.0,0.0,0.0,1.0000000000000002,1.0000000000000002,0.0,False
2024-11-07,79356.2783569359,0.0055318737214506974,0.005531873721450504,0.0,0.0,-0.0,0.0,0.0,0.0,0.9999999999999999,0.9999999999999999,0.0,False
2024-11-08,79485.3125116439,0.0016260106620376025,0.0016260106620377456,0.0,0.0,-0.0,0.0,0.0,0.0,1.0000000000000002,1.0000000000000002,0.0,False
2024-11-11,79129.38655493488,-0.004477883340483602,-0.004477883340483606,0.0,0.0,-0.0,0.0,0.0,0.0,1.0,1.0,0.0,False
2024-11-12,78966.87279267667,-0.002053772553201716,-0.0020537725532017497,0.0,0.0,-0.0,0.0,0.0,0.0,1.0,1.0,0.0,False
2024-11-13,79058.67024380289,0.0011624805172065766,0.0011624805172065046,0.0,0.0,-0.0,0.0,0.0,0.0,0.9999999999999999,0.9999999999999999,0.0,False
2024-11-14,78990.01017132489,-0.0008684698625244236,-0.0008684698625243828,0.0,0.0,-0.0,0.0,0.0,0.0,1.0,1.0,0.0,False
2024-11-15,78939.67170418934,-0.0006372763723712094,-0.0006372763723712885,0.0,0.0,-0.0,0.0,0.0,0.0,0.9999999999999998,0.9999999999999998,0.0,False
2024-11-18,79067.43003943822,0.0016184300300565724,0.0016184300300568788,0.0,0.0,-0.0,0.0,0.0,0.0,1.0000000000000002,1.0000000000000002,0.0,False
2024-11-19,78869.39390099171,-0.0025046487327048395,-0.002504648732705155,0.0,0.0,-0.0,0.0,0.0,0.0,0.9999999999999998,0.9999999999999998,0.0,False
2024-11-20,78355.9562015317,-0.006509973946351666,-0.006509973946351371,0.0,0.0,-0.0,0.0,0.0,0.0,1.0000000000000002,1.0000000000000002,0.0,False
2024-11-21,78238.34329795396,-0.0015010078273467453,-0.0015010078273469452,0.0,0.0,-0.0,0.0,0.0,0.0,0.9999999999999999,0.9999999999999999,0.0,False
2024-11-22,78591.78424735845,0.0045174902037288245,0.004517490203728994,0.0,0.0,-0.0,0.0,0.0,0.0,1.0,1.0,0.0,False
2024-11-25,78119.53556426507,-0.006008881050556525,-0.006008881050556528,0.0,0.0,-0.0,0.0,0.0,0.0,1.0,1.0,0.0,False
2024-11-26,78172.472108763,0.0006776351666144542,0.0006776351666143602,0.0,0.0,-0.0,0.0,0.0,0.0,0.9999999999999999,0.9999999999999999,0.0,False
2024-11-27,77858.68951807318,-0.004013978095169457,-0.004013978095169453,0.0,0.0,-0.0,0.0,0.0,0.0,1.0,1.0,0.0,False
2024-11-29,77853.67568912523,-6.439652374046201e-05,-6.439652374023151e-05,0.0,0.0,-0.0,0.0,0.0,0.0,1.0000000000000002,1.0000000000000002,0.0,False
2024-12-02,77782.39884768955,-0.0009155231375368444,-0.0009004787327057119,1.1712622146944345,0.0,-1.5044404831588947e-05,1952.103691157391,0.025096607013526995,0.012548303506763498,1.0,1.0,0.0,True
2024-12-03,78535.38097386397,0.009680623602891014,0.009680623602891267,0.0,0.0,-0.0,0.0,0.0,0.0,1.0000000000000002,1.0000000000000002,0.0,False
2024-12-04,78655.79852816809,0.0015332905094609384,0.0015332905094607278,0.0,0.0,-0.0,0.0,0.0,0.0,1.0,1.0,0.0,False
2024-12-05,78028.93533559325,-0.00796970095409233,-0.007969700954092256,0.0,0.0,-0.0,0.0,0.0,0.0,1.0000000000000002,1.0000000000000002,0.0,False
2024-12-06,78372.83145867423,0.0044072897009541645,0.004407289700954175,0.0,0.0,-0.0,0.0,0.0,0.0,1.0,1.0,0.0,False
2024-12-09,77893.24144249661,-0.0061193401750516685,-0.0061193401750518975,0.0,0.0,-0.0,0.0,0.0,0.0,1.0,1.0,0.0,False
2024-12-10,77727.37719469226,-0.0021293791955852015,-0.0021293791955851768,0.0,0.0,-0.0,0.0,0.0,0.0,1.0,1.0,0.0,False
2024-12-11,77722.28145677315,-6.555911318539831e-05,-6.555911318552223e-05,0.0,0.0,-0.0,0.0,0.0,0.0,0.9999999999999999,0.9999999999999999,0.0,False
2024-12-12,77398.76928799626,-0.004162412151486161,-0.004162412151485956,0.0,0.0,-0.0,0.0,0.0,0.0,0.9999999999999999,0.9999999999999999,0.0,False
2024-12-13,77761.92499134947,0.004692008757942068,0.004692008757942073,0.0,0.0,-0.0,0.0,0.0,0.0,1.0,1.0,0.0,False
2024-12-16,77372.16476583907,-0.005012224498734508,-0.005012224498734597,0.0,0.0,-0.0,0.0,0.0,0.0,1.0,1.0,0.0,False
2024-12-17,77057.11840258834,-0.0040718307960516675,-0.004071830796051725,0.0,0.0,-0.0,0.0,0.0,0.0,1.0,1.0,0.0,False
2024-12-18,76798.63468144395,-0.0033544431261228747,-0.003354443126122695,0.0,0.0,-0.0,0.0,0.0,0.0,1.0000000000000002,1.0000000000000002,0.0,False
2024-12-19,76711.98003208704,-0.0011283358059207549,-0.0011283358059209134,0.0,0.0,-0.0,0.0,0.0,0.0,1.0,1.0,0.0,False
2024-12-20,77364.56198478135,0.00850691055583952,0.008506910555839527,0.0,0.0,-0.0,0.0,0.0,0.0,1.0,1.0,0.0,False
2024-12-23,77694.22664207013,0.004261184304948706,0.004261184304948979,0.0,0.0,-0.0,0.0,0.0,0.0,1.0000000000000004,1.0000000000000004,0.0,False
2024-12-24,78505.32615500066,0.010439636868607716,0.010439636868607513,0.0,0.0,-0.0,0.0,0.0,0.0,1.0000000000000002,1.0000000000000002,0.0,False
2024-12-26,79310.33015267286,0.010254132262093929,0.010254132262093915,0.0,0.0,-0.0,0.0,0.0,0.0,0.9999999999999999,0.9999999999999999,0.0,False
2024-12-27,78985.3862621394,-0.004097119377866054,-0.0040971193778658165,0.0,0.0,-0.0,0.0,0.0,0.0,1.0000000000000002,1.0000000000000002,0.0,False
2024-12-30,79041.58904277359,0.0007115592300539486,0.000711559230053707,0.0,0.0,-0.0,0.0,0.0,0.0,0.9999999999999999,0.9999999999999999,0.0,False
2024-12-31,78500.40908912559,-0.006846774719510451,-0.006846774719510571,0.0,0.0,-0.0,0.0,0.0,0.0,0.9999999999999998,0.9999999999999998,0.0,False
2025-01-02,78172.63633961654,-0.004175427278817256,-0.004160303282538934,1.1872398948947136,0.0,-1.5123996278118481e-05,1978.733158157856,0.025311965918428762,0.012655982959214381,1.0000000000000002,1.0000000000000002,0.0,True
2025-01-03,77888.58722498573,-0.003633613089326637,-0.0036336130893269442,0.0,0.0,-0.0,0.0,0.0,0.0,1.0,1.0,0.0,False
2025-01-06,77335.78828821171,-0.007097303423635459,-0.007097303423635417,0.0,0.0,-0.0,0.0,0.0,0.0,1.0,1.0,0.0,False
2025-01-07,76870.30760310724,-0.006018955717755681,-0.00601895571775562,0.0,0.0,-0.0,0.0,0.0,0.0,1.0,1.0,0.0,False
2025-01-08,76933.98070933214,0.0008283186084496741,0.0008283186084496469,0.0,0.0,-0.0,0.0,0.0,0.0,1.0,1.0,0.0,False
2025-01-10,76535.98490797298,-0.0051732121188796665,-0.005173212118879518,0.0,0.0,-0.0,0.0,0.0,0.0,1.0000000000000002,1.0000000000000002,0.0,False
2025-01-13,77006.58498343147,0.00614874266038834,0.006148742660388213,0.0,0.0,-0.0,0.0,0.0,0.0,1.0,1.0,0.0,False
2025-01-14,76569.68044649641,-0.005673599693182929,-0.0056735996931826784,0.0,0.0,-0.0,0.0,0.0,0.0,1.0000000000000002,1.0000000000000002,0.0,False
2025-01-15,77826.74021712907,0.016417200167252233,0.01641720016725194,0.0,0.0,-0.0,0.0,0.0,0.0,1.0,1.0,0.0,False
2025-01-16,77519.07615961299,-0.003953192137531758,-0.003953192137531661,0.0,0.0,-0.0,0.0,0.0,0.0,1.0000000000000002,1.0000000000000002,0.0,False
2025-01-17,77560.56707376686,0.0005352348893894465,0.0005352348893892375,0.0,0.0,-0.0,0.0,0.0,0.0,0.9999999999999999,0.9999999999999999,0.0,False
2025-01-21,77023.52530057615,-0.006924159962367615,-0.0069241599623675616,0.0,0.0,-0.0,0.0,0.0,0.0,1.0,1.0,0.0,False
2025-01-22,77946.82472241258,0.011987239200404787,0.011987239200404868,0.0,0.0,-0.0,0.0,0.0,0.0,1.0,1.0,0.0,False
2025-01-23,78305.09820868836,0.004596383336353593,0.004596383336353611,0.0,0.0,-0.0,0.0,0.0,0.0,1.0,1.0,0.0,False
2025-01-24,78093.25990826385,-0.002705293847661716,-0.0027052938476619702,0.0,0.0,-0.0,0.0,0.0,0.0,0.9999999999999998,0.9999999999999998,0.0,False
2025-01-27,77340.55647705024,-0.009638519791564715,-0.00963851979156448,0.0,0.0,-0.0,0.0,0.0,0.0,1.0,1.0,0.0,False
2025-01-28,77474.8606816219,0.001736530103859657,0.0017365301038596594,0.0,0.0,-0.0,0.0,0.0,0.0,1.0,1.0,0.0,False
2025-01-29,77032.06362057348,-0.00571536440534004,-0.005715364405340051,0.0,0.0,-0.0,0.0,0.0,0.0,1.0,1.0,0.0,False
2025-01-30,77475.92070573934,0.0057619783802249636,0.005761978380225059,0.0,0.0,-0.0,0.0,0.0,0.0,0.9999999999999999,0.9999999999999999,0.0,False
2025-01-31,78175.81220033884,0.009033664759632298,0.009033664759632262,0.0,0.0,-0.0,0.0,0.0,0.0,0.9999999999999999,0.9999999999999999,0.0,False
2025-02-03,78322.6347819445,0.0018781075306184558,0.0018947914111627224,1.3042759122116545,0.0,-1.6683880544396844e-05,2173.7931870194243,0.027753879760997153,0.013876939880498576,1.0000000000000002,1.0000000000000002,0.0,True
2025-02-04,77420.18160061973,-0.011522252588121784,-0.011522252588121722,0.0,0.0,-0.0,0.0,0.0,0.0,1.0,1.0,0.0,False
2025-02-05,76825.47303177328,-0.007681570316049213,-0.0076815703160491985,0.0,0.0,-0.0,0.0,0.0,0.0,1.0,1.0,0.0,False
2025-02-06,77055.49796193851,0.0029941231871113416,0.0029941231871114353,0.0,0.0,-0.0,0.0,0.0,0.0,1.0,1.0,0.0,False
2025-02-07,77585.09994689752,0.00687299412717568,0.006872994127175689,0.0,0.0,-0.0,0.0,0.0,0.0,1.0,1.0,0.0,False
2025-02-10,77974.55708155916,0.005019741354051366,0.00501974135405127,0.0,0.0,-0.0,0.0,0.0,0.0,0.9999999999999998,0.9999999999999998,0.0,False
2025-02-11,77155.22287695525,-0.010507712198312591,-0.010507712198312258,0.0,0.0,-0.0,0.0,0.0,0.0,1.0,1.0,0.0,False
2025-02-12,77257.66726967963,0.0013277700316900454,0.0013277700316897552,0.0,0.0,-0.0,0.0,0.0,0.0,1.0,1.0,0.0,False
2025-02-13,77732.70125919212,0.006148697032934081,0.006148697032934306,0.0,0.0,-0.0,0.0,0.0,0.0,1.0000000000000002,1.0000000000000002,0.0,False
2025-02-14,77033.31512052893,-0.008997321942166292,-0.008997321942166635,0.0,0.0,-0.0,0.0,0.0,0.0,1.0,1.0,0.0,False
2025-02-18,77176.66039726415,0.001860821860138362,0.001860821860138659,0.0,0.0,-0.0,0.0,0.0,0.0,1.0,1.0,0.0,False
2025-02-19,76980.41023838802,-0.0025428692802452746,-0.002542869280245396,0.0,0.0,-0.0,0.0,0.0,0.0,0.9999999999999998,0.9999999999999998,0.0,False
2025-02-20,76892.0725604637,-0.001147534517558002,-0.0011475345175577338,0.0,0.0,-0.0,0.0,0.0,0.0,1.0,1.0,0.0,False
2025-02-21,76231.85962479321,-0.008586228900922532,-0.008586228900922591,0.0,0.0,-0.0,0.0,0.0,0.0,1.0,1.0,0.0,False
2025-02-24,76075.69458433978,-0.00204855346861621,-0.002048553468616407,0.0,0.0,-0.0,0.0,0.0,0.0,0.9999999999999999,0.9999999999999999,0.0,False
2025-02-25,76064.54595604018,-0.00014654652002221713,-0.0001465465200219162,0.0,0.0,-0.0,0.0,0.0,0.0,1.0,1.0,0.0,False
2025-02-26,76055.35389496664,-0.00012084553924573971,-0.00012084553924585387,0.0,0.0,-0.0,0.0,0.0,0.0,0.9999999999999999,0.9999999999999999,0.0,False
2025-02-27,75792.73014313239,-0.0034530606773185424,-0.0034530606773185337,0.0,0.0,-0.0,0.0,0.0,0.0,1.0,1.0,0.0,False
2025-02-28,75608.15150344321,-0.002435307968727485,-0.002435307968727596,0.0,0.0,-0.0,0.0,0.0,0.0,0.9999999999999999,0.9999999999999999,0.0,False
2025-03-03,75392.83626606312,-0.0028477780913646056,-0.002827127287798623,1.5613690846840271,0.0,-2.065080356597426e-05,2602.281807806712,0.03451558589803714,0.01725779294901857,1.0000000000000002,1.0000000000000002,0.0,True
2025-03-04,75666.41581782521,0.003628720781860828,0.0036287207818606346,0.0,0.0,-0.0,0.0,0.0,0.0,1.0,1.0,0.0,False
2025-03-05,75448.68024268375,-0.002877572206746004,-0.002877572206746026,0.0,0.0,-0.0,0.0,0.0,0.0,1.0,1.0,0.0,False
2025-03-06,75223.02559717474,-0.00299083621851548,-0.0029908362185152105,0.0,0.0,-0.0,0.0,0.0,0.0,1.0,1.0,0.0,False
2025-03-07,74943.43959257794,-0.003716760956864573,-0.003716760956864696,0.0,0.0,-0.0,0.0,0.0,0.0,1.0,1.0,0.0,False
2025-03-10,74091.03484267395,-0.011373974220265204,-0.011373974220265369,0.0,0.0,-0.0,0.0,0.0,0.0,1.0,1.0,0.0,False
2025-03-11,74280.4583612686,0.00255663210801238,0.0025566321080124415,0.0,0.0,-0.0,0.0,0.0,0.0,1.0,1.0,0.0,False
2025-03-12,74153.2246148248,-0.0017128831626884722,-0.0017128831626886394,0.0,0.0,-0.0,0.0,0.0,0.0,0.9999999999999999,0.9999999999999999,0.0,False
2025-03-13,74322.94116201813,0.002288727807521651,0.0022887278075217187,0.0,0.0,-0.0,0.0,0.0,0.0,1.0,1.0,0.0,False
2025-03-14,74697.95588576734,0.005045746547243102,0.005045746547243281,0.0,0.0,-0.0,0.0,0.0,0.0,1.0,1.0,0.0,False
2025-03-17,73723.75891700678,-0.01304181563214879,-0.013041815632148984,0.0,0.0,-0.0,0.0,0.0,0.0,1.0,1.0,0.0,False
2025-03-18,72910.50535394425,-0.01103109194388796,-0.01103109194388799,0.0,0.0,-0.0,0.0,0.0,0.0,1.0,1.0,0.0,False
2025-03-19,73005.58621163508,0.0013040762401694828,0.0013040762401695138,0.0,0.0,-0.0,0.0,0.0,0.0,1.0,1.0,0.0,False
2025-03-20,72823.80323755284,-0.002489987184751352,-0.0024899871847514536,0.0,0.0,-0.0,0.0,0.0,0.0,0.9999999999999999,0.9999999999999999,0.0,False
2025-03-21,73127.16144669295,0.004165646336137474,0.0041656463361375295,0.0,0.0,-0.0,0.0,0.0,0.0,1.0,1.0,0.0,False
2025-03-24,73102.81245112975,-0.0003329678751573528,-0.00033296787515727926,0.0,0.0,-0.0,0.0,0.0,0.0,1.0000000000000002,1.0000000000000002,0.0,False
2025-03-25,73385.85588783398,0.0038718542722750993,0.003871854272275062,0.0,0.0,-0.0,0.0,0.0,0.0,1.0000000000000002,1.0000000000000002,0.0,False
2025-03-26,73578.39290403706,0.002623625682002695,0.002623625682002434,0.0,0.0,-0.0,0.0,0.0,0.0,0.9999999999999997,0.9999999999999997,0.0,False
2025-03-27,73608.25635402558,0.0004058725504847427,0.0004058725504848353,0.0,0.0,-0.0,0.0,0.0,0.0,0.9999999999999999,0.9999999999999999,0.0,False
2025-03-28,73369.43522384236,-0.003244488349711583,-0.0032444883497115286,0.0,0.0,-0.0,0.0,0.0,0.0,1.0,1.0,0.0,False
2025-03-31,72871.23491701574,-0.006790297694219127,-0.006790297694219229,0.0,0.0,-0.0,0.0,0.0,0.0,0.9999999999999999,0.9999999999999999,0.0,False
2025-04-01,73183.4742364957,0.004284808948764818,0.004298788797157126,1.018728816301264,0.0,-1.3979848392323409e-05,1697.8813605021069,0.023200015354439482,0.011600007677219741,1.0000000000000002,1.0000000000000002,0.0,True
2025-04-02,73807.1584666292,0.008522200355206344,0.00852220035520605,0.0,0.0,-0.0,0.0,0.0,0.0,0.9999999999999998,0.9999999999999998,0.0,False
2025-04-03,73983.66281069037,0.0023914258146242595,0.0023914258146244577,0.0,0.0,-0.0,0.0,0.0,0.0,1.0,1.0,0.0,False
2025-04-04,73596.85703552769,-0.005228259327365814,-0.005228259327365685,0.0,0.0,-0.0,0.0,0.0,0.0,1.0,1.0,0.0,False
2025-04-07,73924.92113759047,0.004457583044672919,0.004457583044672685,0.0,0.0,-0.0,0.0,0.0,0.0,1.0,1.0,0.0,False
2025-04-08,74246.38430529897,0.004348508767566761,0.004348508767566966,0.0,0.0,-0.0,0.0,0.0,0.0,1.0,1.0,0.0,False
2025-04-09,74740.3868040428,0.006653556309389019,0.006653556309388827,0.0,0.0,-0.0,0.0,0.0,0.0,1.0,1.0,0.0,False
2025-04-10,74489.7748442328,-0.0033530995827874,-0.00335309958278737,0.0,0.0,-0.0,0.0,0.0,0.0,1.0,1.0,0.0,False
2025-04-11,74433.81829622187,-0.0007511977063690001,-0.0007511977063691428,0.0,0.0,-0.0,0.0,0.0,0.0,0.9999999999999999,0.9999999999999999,0.0,False
2025-04-14,74842.76671410701,0.005494121183702516,0.005494121183702853,0.0,0.0,-0.0,0.0,0.0,0.0,1.0000000000000002,1.0000000000000002,0.0,False
2025-04-15,75084.23481760088,0.003226338550741392,0.0032263385507415613,0.0,0.0,-0.0,0.0,0.0,0.0,1.0000000000000002,1.0000000000000002,0.0,False
2025-04-16,74876.22423261458,-0.002770362986206254,-0.002770362986206525,0.0,0.0,-0.0,0.0,0.0,0.0,1.0,1.0,0.0,False
2025-04-17,75211.78447667851,0.0044815326561000735,0.004481532656099943,0.0,0.0,-0.0,0.0,0.0,0.0,1.0,1.0,0.0,False
2025-04-21,75384.21704166016,0.002292626962402622,0.002292626962402695,0.0,0.0,-0.0,0.0,0.0,0.0,0.9999999999999999,0.9999999999999999,0.0,False
2025-04-22,75382.22532544757,-2.642086488069406e-05,-2.6420864880675115e-05,0.0,0.0,-0.0,0.0,0.0,0.0,1.0,1.0,0.0,False
2025-04-23,75630.33816170465,0.003291397079164371,0.003291397079164203,0.0,0.0,-0.0,0.0,0.0,0.0,0.9999999999999999,0.9999999999999999,0.0,False
2025-04-24,75474.88289097429,-0.0020554617962700306,-0.0020554617962699135,0.0,0.0,-0.0,0.0,0.0,0.0,1.0,1.0,0.0,False
2025-04-25,76034.5953376018,0.007415876980372937,0.0074158769803727275,0.0,0.0,-0.0,0.0,0.0,0.0,0.9999999999999998,0.9999999999999998,0.0,False
2025-04-28,75714.15346676105,-0.004214421993277484,-0.004214421993277292,0.0,0.0,-0.0,0.0,0.0,0.0,1.0000000000000002,1.0000000000000002,0.0,False
2025-04-29,75520.39645236851,-0.0025590593768918257,-0.0025590593768916488,0.0,0.0,-0.0,0.0,0.0,0.0,1.0000000000000002,1.0000000000000002,0.0,False
2025-04-30,75584.8007533054,0.0008528067113300342,0.0008528067113298977,0.0,0.0,-0.0,0.0,0.0,0.0,0.9999999999999999,0.9999999999999999,0.0,False
2025-05-01,75963.32792269644,0.005007979985638622,0.005025605741504735,1.3322392453142955,0.0,-1.7625755866744614e-05,2220.3987421904926,0.029229364515776665,0.014614682257888333,1.0,1.0,0.0,True
2025-05-02,75307.18303697278,-0.008637653242250964,-0.008637653242250796,0.0,0.0,-0.0,0.0,0.0,0.0,1.0,1.0,0.0,False
2025-05-05,74577.88408735555,-0.009684321205577162,-0.00968432120557728,0.0,0.0,-0.0,0.0,0.0,0.0,1.0,1.0,0.0,False
2025-05-06,73820.55734014044,-0.010154843577058648,-0.010154843577058672,0.0,0.0,-0.0,0.0,0.0,0.0,0.9999999999999999,0.9999999999999999,0.0,False
2025-05-07,73762.86487615888,-0.0007815230074155188,-0.000781523007415334,0.0,0.0,-0.0,0.0,0.0,0.0,1.0000000000000002,1.0000000000000002,0.0,False
2025-05-08,73325.47847340077,-0.005929628729747005,-0.005929628729747158,0.0,0.0,-0.0,0.0,0.0,0.0,0.9999999999999999,0.9999999999999999,0.0,False
2025-05-09,73108.08972462191,-0.002964709583964331,-0.0029647095839642774,0.0,0.0,-0.0,0.0,0.0,0.0,1.0,1.0,0.0,False
2025-05-12,73410.42450446398,0.004135449045117756,0.0041354490451179365,0.0,0.0,-0.0,0.0,0.0,0.0,1.0,1.0,0.0,False
2025-05-13,73390.40091121367,-0.0002727622593858836,-0.0002727622593857815,0.0,0.0,-0.0,0.0,0.0,0.0,1.0,1.0,0.0,False
2025-05-14,73473.66640443272,0.001134555639228374,0.001134555639228235,0.0,0.0,-0.0,0.0,0.0,0.0,1.0,1.0,0.0,False
2025-05-15,73273.531853416,-0.0027238949791219547,-0.0027238949791220345,0.0,0.0,-0.0,0.0,0.0,0.0,0.9999999999999999,0.9999999999999999,0.0,False
2025-05-16,73511.8330202213,0.003252213463410092,0.0032522134634102758,0.0,0.0,-0.0,0.0,0.0,0.0,1.0,1.0,0.0,False
2025-05-19,73736.70438628839,0.0030589818921429313,0.003058981892143123,0.0,0.0,-0.0,0.0,0.0,0.0,1.0000000000000002,1.0000000000000002,0.0,False
2025-05-20,73366.20658971272,-0.005024604769894858,-0.0050246047698950655,0.0,0.0,-0.0,0.0,0.0,0.0,1.0,1.0,0.0,False
2025-05-21,73159.03872983897,-0.0028237504636473565,-0.0028237504636473097,0.0,0.0,-0.0,0.0,0.0,0.0,1.0,1.0,0.0,False
2025-05-22,73642.70328810936,0.00661113878295283,0.006611138782952991,0.0,0.0,-0.0,0.0,0.0,0.0,1.0,1.0,0.0,False
2025-05-23,73657.06895179095,0.00019507246529748556,0.00019507246529760109,0.0,0.0,-0.0,0.0,0.0,0.0,1.0,1.0,0.0,False
2025-05-27,72974.51602710677,-0.009266631626774546,-0.009266631626774591,0.0,0.0,-0.0,0.0,0.0,0.0,0.9999999999999999,0.9999999999999999,0.0,False
2025-05-28,73185.21363228129,0.002887276499322633,0.0028872764993226664,0.0,0.0,-0.0,0.0,0.0,0.0,0.9999999999999999,0.9999999999999999,0.0,False
2025-05-29,72729.14190010839,-0.006231746954575179,-0.006231746954575105,0.0,0.0,-0.0,0.0,0.0,0.0,1.0000000000000002,1.0000000000000002,0.0,False
2025-05-30,73363.28719791121,0.008719273749631329,0.008719273749631409,0.0,0.0,-0.0,0.0,0.0,0.0,1.0000000000000002,1.0000000000000002,0.0,False
2025-06-02,73910.80499995293,0.007463103453430264,0.007475254767627378,0.8914603532746277,0.0,-1.2151314197109876e-05,1485.767255457713,0.020101923330303133,0.010050961665151566,1.0000000000000002,1.0000000000000002,0.0,True
2025-06-03,74135.03808118586,0.003033833567812838,0.00303383356781306,0.0,0.0,-0.0,0.0,0.0,0.0,1.0000000000000002,1.0000000000000002,0.0,False
2025-06-04,74220.07190247742,0.0011470125799144526,0.001147012579914451,0.0,0.0,-0.0,0.0,0.0,0.0,1.0000000000000002,1.0000000000000002,0.0,False
2025-06-05,74219.93777523375,-1.8071559381160895e-06,-1.8071559383684986e-06,0.0,0.0,-0.0,0.0,0.0,0.0,1.0,1.0,0.0,False
2025-06-06,74412.70214473693,0.0025972046768207857,0.002597204676820831,0.0,0.0,-0.0,0.0,0.0,0.0,1.0,1.0,0.0,False
2025-06-09,74324.3885810724,-0.0011868076433073638,-0.0011868076433075455,0.0,0.0,-0.0,0.0,0.0,0.0,0.9999999999999999,0.9999999999999999,0.0,False
2025-06-10,74577.45889372971,0.003404943081116052,0.003404943081116416,0.0,0.0,-0.0,0.0,0.0,0.0,1.0000000000000002,1.0000000000000002,0.0,False
2025-06-11,74798.28905085046,0.0029610844938472436,0.002961084493846977,0.0,0.0,-0.0,0.0,0.0,0.0,0.9999999999999999,0.9999999999999999,0.0,False
2025-06-12,74598.61500252542,-0.0026695002099487164,-0.002669500209948589,0.0,0.0,-0.0,0.0,0.0,0.0,1.0,1.0,0.0,False
2025-06-13,74288.03662026249,-0.004163326386856014,-0.004163326386856126,0.0,0.0,-0.0,0.0,0.0,0.0,1.0,1.0,0.0,False
2025-06-16,73892.99808129811,-0.005317660244323008,-0.00531766024432292,0.0,0.0,-0.0,0.0,0.0,0.0,1.0,1.0,0.0,False
2025-06-17,73432.43566472469,-0.006232828935519685,-0.006232828935519812,0.0,0.0,-0.0,0.0,0.0,0.0,1.0,1.0,0.0,False
2025-06-18,72672.74571454374,-0.01034542764793367,-0.010345427647933775,0.0,0.0,-0.0,0.0,0.0,0.0,0.9999999999999999,0.9999999999999999,0.0,False
2025-06-20,72903.0693924334,0.003169326762392677,0.00316932676239284,0.0,0.0,-0.0,0.0,0.0,0.0,1.0,1.0,0.0,False
2025-06-23,73546.69701598588,0.008828539441705141,0.008828539441705346,0.0,0.0,-0.0,0.0,0.0,0.0,1.0,1.0,0.0,False
2025-06-24,74332.04004751818,0.01067815501437952,0.010678155014379595,0.0,0.0,-0.0,0.0,0.0,0.0,1.0,1.0,0.0,False
2025-06-25,73701.40430470604,-0.008484036525958305,-0.008484036525958518,0.0,0.0,-0.0,0.0,0.0,0.0,0.9999999999999999,0.9999999999999999,0.0,False
2025-06-26,73965.02862341527,0.0035769239568261835,0.00357692395682643,0.0,0.0,-0.0,0.0,0.0,0.0,1.0,1.0,0.0,False
2025-06-27,74575.42241839918,0.008252464797812165,0.008252464797811951,0.0,0.0,-0.0,0.0,0.0,0.0,1.0,1.0,0.0,False
2025-06-30,74263.11139572127,-0.004187854557842319,-0.004187854557842187,0.0,0.0,-0.0,0.0,0.0,0.0,1.0,1.0,0.0,False
2025-07-01,74237.77736599426,-0.0003411388137510851,-0.00032861401506931995,0.9301305197336749,0.0,-1.2524798682044787e-05,1550.2175328894582,0.020881526432316343,0.010440763216158172,1.0000000000000002,1.0000000000000002,0.0,True
2025-07-02,73337.19914488029,-0.012130996550100082,-0.012130996550100208,0.0,0.0,-0.0,0.0,0.0,0.0,0.9999999999999999,0.9999999999999999,0.0,False
2025-07-03,73471.64641269512,0.0018332751916148027,0.0018332751916151054,0.0,0.0,-0.0,0.0,0.0,0.0,1.0000000000000002,1.0000000000000002,0.0,False
2025-07-07,73113.00195820905,-0.00488139945131405,-0.004881399451314125,0.0,0.0,-0.0,0.0,0.0,0.0,1.0,1.0,0.0,False
2025-07-08,73236.96602572099,0.0016955133039511239,0.001695513303950982,0.0,0.0,-0.0,0.0,0.0,0.0,0.9999999999999999,0.9999999999999999,0.0,False
2025-07-09,72478.57334238802,-0.010355326339797077,-0.010355326339797005,0.0,0.0,-0.0,0.0,0.0,0.0,1.0,1.0,0.0,False
2025-07-10,72764.86391139324,0.003950002818802645,0.003950002818802714,0.0,0.0,-0.0,0.0,0.0,0.0,1.0000000000000002,1.0000000000000002,0.0,False
2025-07-11,73016.28932381514,0.003455313442598751,0.0034553134425985956,0.0,0.0,-0.0,0.0,0.0,0.0,1.0,1.0,0.0,False
2025-07-14,72437.30323777616,-0.007929546836751511,-0.007929546836751627,0.0,0.0,-0.0,0.0,0.0,0.0,0.9999999999999998,0.9999999999999998,0.0,False
2025-07-15,72129.45533725954,-0.0042498531385977145,-0.0042498531385974005,0.0,0.0,-0.0,0.0,0.0,0.0,1.0000000000000002,1.0000000000000002,0.0,False
2025-07-16,71281.49939472196,-0.011756028637298632,-0.011756028637298807,0.0,0.0,-0.0,0.0,0.0,0.0,1.0,1.0,0.0,False
2025-07-17,71194.26356661439,-0.0012238214522467539,-0.0012238214522466095,0.0,0.0,-0.0,0.0,0.0,0.0,1.0,1.0,0.0,False
2025-07-18,70922.00650907916,-0.0038241431808685444,-0.0038241431808687925,0.0,0.0,-0.0,0.0,0.0,0.0,1.0,1.0,0.0,False
2025-07-21,70294.23700933426,-0.008851547363716183,-0.00885154736371595,0.0,0.0,-0.0,0.0,0.0,0.0,1.0000000000000002,1.0000000000000002,0.0,False
2025-07-22,70492.47992879243,0.00282018737086287,0.0028201873708629723,0.0,0.0,-0.0,0.0,0.0,0.0,1.0000000000000002,1.0000000000000002,0.0,False
2025-07-23,70182.60970417848,-0.004395791223786638,-0.004395791223786973,0.0,0.0,-0.0,0.0,0.0,0.0,1.0,1.0,0.0,False
2025-07-24,69763.4731386684,-0.005972085781317471,-0.00597208578131779,0.0,0.0,-0.0,0.0,0.0,0.0,0.9999999999999997,0.9999999999999997,0.0,False
2025-07-25,69723.5910356724,-0.0005716759960721074,-0.0005716759960719296,0.0,0.0,-0.0,0.0,0.0,0.0,0.9999999999999999,0.9999999999999999,0.0,False
2025-07-28,70043.15084363554,0.004583237943089236,0.004583237943089429,0.0,0.0,-0.0,0.0,0.0,0.0,0.9999999999999999,0.9999999999999999,0.0,False
2025-07-29,70391.26356392395,0.004969975166673191,0.004969975166673244,0.0,0.0,-0.0,0.0,0.0,0.0,1.0000000000000002,1.0000000000000002,0.0,False
2025-07-30,70239.96039734292,-0.0021494594488081775,-0.0021494594488083623,0.0,0.0,-0.0,0.0,0.0,0.0,1.0,1.0,0.0,False
2025-07-31,70419.51372439429,0.0025562845712845395,0.00255628457128482,0.0,0.0,-0.0,0.0,0.0,0.0,1.0000000000000002,1.0000000000000002,0.0,False
2025-08-01,70007.48609619448,-0.005851043360117325,-0.0058356734442567984,1.082342000926118,0.0,-1.5369915861136938e-05,1803.9033348768635,0.02576689361202088,0.01288344680601044,1.0000000000000002,1.0000000000000002,0.0,True
2025-08-04,70090.32488451255,0.0011832847162123183,0.0011832847162123682,0.0,0.0,-0.0,0.0,0.0,0.0,1.0000000000000002,1.0000000000000002,0.0,False
2025-08-05,70120.61812344335,0.00043220286081857573,0.00043220286081848655,0.0,0.0,-0.0,0.0,0.0,0.0,0.9999999999999999,0.9999999999999999,0.0,False
2025-08-06,69950.97553568467,-0.002419296810248106,-0.002419296810247957,0.0,0.0,-0.0,0.0,0.0,0.0,1.0,1.0,0.0,False
2025-08-07,70189.0881322602,0.003403992506924469,0.003403992506924538,0.0,0.0,-0.0,0.0,0.0,0.0,1.0000000000000002,1.0000000000000002,0.0,False
2025-08-08,69843.66415873356,-0.004921334394254351,-0.004921334394254498,0.0,0.0,-0.0,0.0,0.0,0.0,1.0,1.0,0.0,False
2025-08-11,70115.47542422242,0.0038917097028459136,0.0038917097028458893,0.0,0.0,-0.0,0.0,0.0,0.0,0.9999999999999999,0.9999999999999999,0.0,False
2025-08-12,70224.12790690173,0.0015496219917490173,0.0015496219917490806,0.0,0.0,-0.0,0.0,0.0,0.0,1.0,1.0,0.0,False
2025-08-13,68817.67535878265,-0.020028052893496295,-0.02002805289349629,0.0,0.0,-0.0,0.0,0.0,0.0,0.9999999999999999,0.9999999999999999,0.0,False
2025-08-14,69328.97192910989,0.007429727430657618,0.007429727430657584,0.0,0.0,-0.0,0.0,0.0,0.0,1.0,1.0,0.0,False
2025-08-15,68143.41471770838,-0.01710045855885134,-0.017100458558851405,0.0,0.0,-0.0,0.0,0.0,0.0,0.9999999999999999,0.9999999999999999,0.0,False
2025-08-18,67862.51661149111,-0.004122160701528044,-0.004122160701527938,0.0,0.0,-0.0,0.0,0.0,0.0,1.0,1.0,0.0,False
2025-08-19,68050.55004884799,0.002770799651202971,0.002770799651202855,0.0,0.0,-0.0,0.0,0.0,0.0,0.9999999999999998,0.9999999999999998,0.0,False
2025-08-20,67919.17053545505,-0.0019306164799348657,-0.0019306164799349,0.0,0.0,-0.0,0.0,0.0,0.0,0.9999999999999999,0.9999999999999999,0.0,False
2025-08-21,67396.11664130389,-0.007701123114837172,-0.007701123114836956,0.0,0.0,-0.0,0.0,0.0,0.0,1.0,1.0,0.0,False
2025-08-22,66787.80916690888,-0.009025853486967939,-0.009025853486968285,0.0,0.0,-0.0,0.0,0.0,0.0,0.9999999999999998,0.9999999999999998,0.0,False
2025-08-25,67241.37403250387,0.006791132562253832,0.006791132562254133,0.0,0.0,-0.0,0.0,0.0,0.0,1.0000000000000002,1.0000000000000002,0.0,False
2025-08-26,66403.37260129218,-0.012462586365451167,-0.012462586365451181,0.0,0.0,-0.0,0.0,0.0,0.0,1.0,1.0,0.0,False
2025-08-27,66936.21274861557,0.00802429344248412,0.008024293442484223,0.0,0.0,-0.0,0.0,0.0,0.0,1.0000000000000002,1.0000000000000002,0.0,False
2025-08-28,67004.32845451451,0.0010176211515695588,0.0010176211515693155,0.0,0.0,-0.0,0.0,0.0,0.0,0.9999999999999998,0.9999999999999998,0.0,False
2025-08-29,66586.25989003567,-0.0062394262299434455,-0.00623942622994336,0.0,0.0,-0.0,0.0,0.0,0.0,1.0000000000000002,1.0000000000000002,0.0,False
2025-09-02,66394.02700278754,-0.002886975294386529,-0.0028744833980641742,0.8317886550363859,0.0,-1.2491896322305066e-05,1386.3144250606433,0.02087984597444947,0.010439922987224735,1.0000000000000002,1.0000000000000002,0.0,True
2025-09-03,65975.36454485804,-0.006305724729001927,-0.006305724729001995,0.0,0.0,-0.0,0.0,0.0,0.0,1.0,1.0,0.0,False
2025-09-04,66317.45486762498,0.005185122130463515,0.005185122130463526,0.0,0.0,-0.0,0.0,0.0,0.0,1.0,1.0,0.0,False
2025-09-05,66669.63328359475,0.005310493544614214,0.005310493544614193,0.0,0.0,-0.0,0.0,0.0,0.0,0.9999999999999999,0.9999999999999999,0.0,False
2025-09-08,66050.16006327713,-0.009291684831721714,-0.009291684831721506,0.0,0.0,-0.0,0.0,0.0,0.0,1.0000000000000002,1.0000000000000002,0.0,False
2025-09-09,65785.38150112488,-0.004008749742598461,-0.004008749742598453,0.0,0.0,-0.0,0.0,0.0,0.0,1.0000000000000002,1.0000000000000002,0.0,False
2025-09-10,65436.34310597571,-0.005305713627931197,-0.005305713627931349,0.0,0.0,-0.0,0.0,0.0,0.0,0.9999999999999998,0.9999999999999998,0.0,False
2025-09-11,65935.51423499126,0.007628346960146137,0.007628346960146347,0.0,0.0,-0.0,0.0,0.0,0.0,1.0,1.0,0.0,False
2025-09-12,65535.944896754896,-0.006060001849872876,-0.0060600018498730155,0.0,0.0,-0.0,0.0,0.0,0.0,0.9999999999999999,0.9999999999999999,0.0,False
2025-09-15,66129.80711228924,0.009061625898122205,0.009061625898122339,0.0,0.0,-0.0,0.0,0.0,0.0,1.0,1.0,0.0,False
2025-09-16,66101.31910216098,-0.0004307892518102818,-0.00043078925181026063,0.0,0.0,-0.0,0.0,0.0,0.0,1.0,1.0,0.0,False
2025-09-17,65630.82132187286,-0.00711782740010003,-0.0071178274001000835,0.0,0.0,-0.0,0.0,0.0,0.0,1.0,1.0,0.0,False
2025-09-18,65392.73309672043,-0.003627689252657329,-0.0036276892526573724,0.0,0.0,-0.0,0.0,0.0,0.0,0.9999999999999999,0.9999999999999999,0.0,False
2025-09-19,65194.90923258832,-0.0030251658672764137,-0.0030251658672762536,0.0,0.0,-0.0,0.0,0.0,0.0,1.0000000000000002,1.0000000000000002,0.0,False
2025-09-22,65046.11903215763,-0.002282236484138167,-0.002282236484138242,0.0,0.0,-0.0,0.0,0.0,0.0,1.0000000000000002,1.0000000000000002,0.0,False
2025-09-23,64939.34799137142,-0.0016414667373686465,-0.0016414667373687102,0.0,0.0,-0.0,0.0,0.0,0.0,1.0,1.0,0.0,False
2025-09-24,64438.38922340446,-0.0077142562015485305,-0.007714256201548622,0.0,0.0,-0.0,0.0,0.0,0.0,1.0,1.0,0.0,False
2025-09-25,63590.70287430849,-0.013154989739999401,-0.013154989739999477,0.0,0.0,-0.0,0.0,0.0,0.0,0.9999999999999999,0.9999999999999999,0.0,False
2025-09-26,63320.47446797633,-0.004249495509843326,-0.004249495509843313,0.0,0.0,-0.0,0.0,0.0,0.0,1.0,1.0,0.0,False
2025-09-29,62680.22080066069,-0.01011132138056614,-0.010111321380566177,0.0,0.0,-0.0,0.0,0.0,0.0,1.0,1.0,0.0,False
2025-09-30,62416.00114805867,-0.00421535931473993,-0.0042153593147398055,0.0,0.0,-0.0,0.0,0.0,0.0,1.0,1.0,0.0,False
2025-10-01,62078.997109072516,-0.005399321212308017,-0.005381663508694154,1.1021232490439792,0.0,-1.7657703614007617e-05,1836.8720817399653,0.02958874268009564,0.01479437134004782,1.0000000000000002,1.0000000000000002,0.0,True
2025-10-02,61775.84153517176,-0.004883383882122172,-0.0048833838821222605,0.0,0.0,-0.0,0.0,0.0,0.0,0.9999999999999999,0.9999999999999999,0.0,False
2025-10-03,62614.375883946035,0.013573823163491205,0.013573823163491202,0.0,0.0,-0.0,0.0,0.0,0.0,1.0,1.0,0.0,False
2025-10-06,62547.39884314494,-0.0010696751321970233,-0.0010696751321970295,0.0,0.0,-0.0,0.0,0.0,0.0,1.0,1.0,0.0,False
2025-10-07,62841.3873083471,0.004700250859982491,0.004700250859982526,0.0,0.0,-0.0,0.0,0.0,0.0,1.0,1.0,0.0,False
2025-10-08,62086.7124251991,-0.012009201506723577,-0.012009201506723716,0.0,0.0,-0.0,0.0,0.0,0.0,0.9999999999999999,0.9999999999999999,0.0,False
2025-10-09,61837.6915589171,-0.004010856052041989,-0.0040108560520419854,0.0,0.0,-0.0,0.0,0.0,0.0,0.9999999999999998,0.9999999999999998,0.0,False
2025-10-10,61986.53080308686,0.0024069340303227715,0.0024069340303228565,0.0,0.0,-0.0,0.0,0.0,0.0,0.9999999999999998,0.9999999999999998,0.0,False
2025-10-13,61596.80454404702,-0.006287273283253847,-0.006287273283253654,0.0,0.0,-0.0,0.0,0.0,0.0,1.0,1.0,0.0,False
2025-10-14,61837.3280063289,0.0039048042193468024,0.00390480421934683,0.0,0.0,-0.0,0.0,0.0,0.0,1.0000000000000002,1.0000000000000002,0.0,False
2025-10-15,61205.289983112394,-0.010220978874634024,-0.01022097887463408,0.0,0.0,-0.0,0.0,0.0,0.0,1.0,1.0,0.0,False
2025-10-16,61074.39659005187,-0.0021385960771796997,-0.002138596077179678,0.0,0.0,-0.0,0.0,0.0,0.0,1.0,1.0,0.0,False
2025-10-17,60764.44030139021,-0.005075061007023374,-0.0050750610070235515,0.0,0.0,-0.0,0.0,0.0,0.0,0.9999999999999999,0.9999999999999999,0.0,False
2025-10-20,60840.18722128887,0.0012465665695751138,0.0012465665695753254,0.0,0.0,-0.0,0.0,0.0,0.0,1.0,1.0,0.0,False
2025-10-21,60599.29615877673,-0.003959406989264669,-0.0039594069892647625,0.0,0.0,-0.0,0.0,0.0,0.0,0.9999999999999999,0.9999999999999999,0.0,False
2025-10-22,60309.478243760255,-0.0047825293920430445,-0.00478252939204297,0.0,0.0,-0.0,0.0,0.0,0.0,1.0,1.0,0.0,False
2025-10-23,60405.21808220572,0.0015874758202765182,0.0015874758202765631,0.0,0.0,-0.0,0.0,0.0,0.0,1.0,1.0,0.0,False
2025-10-24,60325.41275935271,-0.0013211660413907644,-0.001321166041390758,0.0,0.0,-0.0,0.0,0.0,0.0,1.0,1.0,0.0,False
2025-10-27,60438.449566302326,0.0018737842275615701,0.0018737842275614947,0.0,0.0,-0.0,0.0,0.0,0.0,0.9999999999999999,0.9999999999999999,0.0,False
2025-10-28,60436.22402870297,-3.682320799636152e-05,-3.6823207996308446e-05,0.0,0.0,-0.0,0.0,0.0,0.0,1.0,1.0,0.0,False
2025-10-29,60490.449918170816,0.000897241519292935,0.0008972415192931096,0.0,0.0,-0.0,0.0,0.0,0.0,1.0,1.0,0.0,False
2025-10-30,60388.998051657654,-0.0016771550988693429,-0.0016771550988693795,0.0,0.0,-0.0,0.0,0.0,0.0,0.9999999999999999,0.9999999999999999,0.0,False
2025-10-31,60508.40020591517,0.0019772170115386345,0.0019772170115388166,0.0,0.0,-0.0,0.0,0.0,0.0,1.0000000000000002,1.0000000000000002,0.0,False
2025-11-03,60434.30876724107,-0.0012244818640380073,-0.001211588550380522,0.7801537827864368,0.0,-1.2893313657798056e-05,1300.2563046440614,0.021514923331100368,0.010757461665550184,1.0000000000000002,1.0000000000000002,0.0,True
2025-11-04,60412.107231620495,-0.00036736641939727477,-0.00036736641939750776,0.0,0.0,-0.0,0.0,0.0,0.0,1.0,1.0,0.0,False
2025-11-05,60320.86550036907,-0.001510321944268589,-0.0015103219442685373,0.0,0.0,-0.0,0.0,0.0,0.0,1.0,1.0,0.0,False
2025-11-06,60839.1124677492,0.008591504168270925,0.00859150416827089,0.0,0.0,-0.0,0.0,0.0,0.0,1.0000000000000002,1.0000000000000002,0.0,False
2025-11-07,60252.152099675084,-0.009647747053924571,-0.009647747053924694,0.0,0.0,-0.0,0.0,0.0,0.0,1.0,1.0,0.0,False
2025-11-10,60575.13340739946,0.005360494131231519,0.0053604941312314575,0.0,0.0,-0.0,0.0,0.0,0.0,1.0,1.0,0.0,False
2025-11-11,60006.74922926628,-0.009383127137508662,-0.00938312713750878,0.0,0.0,-0.0,0.0,0.0,0.0,1.0,1.0,0.0,False
2025-11-12,60084.06599195212,0.0012884677753570717,0.0012884677753571417,0.0,0.0,-0.0,0.0,0.0,0.0,1.0,1.0,0.0,False
2025-11-13,60626.85646905431,0.00903385062480444,0.009033850624804649,0.0,0.0,-0.0,0.0,0.0,0.0,1.0000000000000002,1.0000000000000002,0.0,False
2025-11-14,60728.102852925585,0.0016699923065111033,0.001669992306510942,0.0,0.0,-0.0,0.0,0.0,0.0,1.0,1.0,0.0,False
2025-11-17,60722.59547471909,-9.06891199916604e-05,-9.068911999166913e-05,0.0,0.0,-0.0,0.0,0.0,0.0,1.0,1.0,0.0,False
2025-11-18,60542.3465338474,-0.0029683998100301645,-0.0029683998100301563,0.0,0.0,-0.0,0.0,0.0,0.0,1.0,1.0,0.0,False
2025-11-19,60693.20606890082,0.0024918019153599147,0.002491801915359921,0.0,0.0,-0.0,0.0,0.0,0.0,0.9999999999999999,0.9999999999999999,0.0,False
2025-11-20,60688.5501429706,-7.671247297325046e-05,-7.671247297341817e-05,0.0,0.0,-0.0,0.0,0.0,0.0,0.9999999999999998,0.9999999999999998,0.0,False
2025-11-21,60466.98835961108,-0.0036508004036602815,-0.003650800403660289,0.0,0.0,-0.0,0.0,0.0,0.0,0.9999999999999999,0.9999999999999999,0.0,False
2025-11-24,60361.84767725022,-0.0017388112954388468,-0.0017388112954386625,0.0,0.0,-0.0,0.0,0.0,0.0,1.0,1.0,0.0,False
2025-11-25,60267.52708016813,-0.0015625863142296748,-0.0015625863142297233,0.0,0.0,-0.0,0.0,0.0,0.0,1.0,1.0,0.0,False
2025-11-26,60019.54746306042,-0.004114647292195128,-0.004114647292194988,0.0,0.0,-0.0,0.0,0.0,0.0,1.0,1.0,0.0,False
2025-11-28,59760.4388347962,-0.0043170706747446275,-0.004317070674744676,0.0,0.0,-0.0,0.0,0.0,0.0,1.0,1.0,0.0,False
2025-12-01,59396.793742607275,-0.006085047219853923,-0.006068804883476769,0.9706491496007862,0.0,-1.62423363771488e-05,1617.7485826679772,0.02723584968616236,0.01361792484308118,1.0000000000000002,1.0000000000000002,0.0,True
2025-12-02,59275.66580940529,-0.0020393008707992877,-0.0020393008707993267,0.0,0.0,-0.0,0.0,0.0,0.0,1.0,1.0,0.0,False
2025-12-03,59418.560541302286,0.0024106811782842463,0.002410681178284171,0.0,0.0,-0.0,0.0,0.0,0.0,1.0,1.0,0.0,False
2025-12-04,59599.670288280155,0.0030480332294817725,0.0030480332294818935,0.0,0.0,-0.0,0.0,0.0,0.0,1.0000000000000002,1.0000000000000002,0.0,False
2025-12-05,59930.517270621065,0.005551154574188422,0.005551154574188246,0.0,0.0,-0.0,0.0,0.0,0.0,0.9999999999999998,0.9999999999999998,0.0,False
2025-12-08,59966.83829792407,0.0006060522911723876,0.0006060522911724539,0.0,0.0,-0.0,0.0,0.0,0.0,0.9999999999999999,0.9999999999999999,0.0,False
2025-12-09,60060.089825922376,0.0015550516026043848,0.001555051602604449,0.0,0.0,-0.0,0.0,0.0,0.0,1.0,1.0,0.0,False
2025-12-10,60139.1099879541,0.0013156850457725078,0.0013156850457725397,0.0,0.0,-0.0,0.0,0.0,0.0,0.9999999999999999,0.9999999999999999,0.0,False
2025-12-11,60041.67954974542,-0.0016200844712899176,-0.0016200844712897992,0.0,0.0,-0.0,0.0,0.0,0.0,1.0,1.0,0.0,False
2025-12-12,59891.260383090535,-0.002505245818952506,-0.0025052458189525513,0.0,0.0,-0.0,0.0,0.0,0.0,1.0,1.0,0.0,False
2025-12-15,60595.97300938764,0.011766535247204057,0.011766535247204033,0.0,0.0,-0.0,0.0,0.0,0.0,1.0,1.0,0.0,False
2025-12-16,60404.89163299728,-0.0031533675737950295,-0.0031533675737950282,0.0,0.0,-0.0,0.0,0.0,0.0,1.0000000000000002,1.0000000000000002,0.0,False
2025-12-17,60256.22664432019,-0.002461141550925028,-0.0024611415509249524,0.0,0.0,-0.0,0.0,0.0,0.0,1.0000000000000002,1.0000000000000002,0.0,False
2025-12-18,60291.88403117753,0.0005917626914777596,0.0005917626914776778,0.0,0.0,-0.0,0.0,0.0,0.0,1.0,1.0,0.0,False
2025-12-19,60474.73721218775,0.0030327992556289374,0.0030327992556288437,0.0,0.0,-0.0,0.0,0.0,0.0,1.0,1.0,0.0,False
2025-12-22,60020.73096003689,-0.007507370400930968,-0.007507370400930948,0.0,0.0,-0.0,0.0,0.0,0.0,0.9999999999999999,0.9999999999999999,0.0,False
2025-12-23,60432.67563163447,0.0068633731213947335,0.006863373121394806,0.0,0.0,-0.0,0.0,0.0,0.0,1.0,1.0,0.0,False
2025-12-24,60464.2868512491,0.000523081582674223,0.0005230815826739759,0.0,0.0,-0.0,0.0,0.0,0.0,0.9999999999999999,0.9999999999999999,0.0,False
2025-12-26,59996.092842838734,-0.007743314819245062,-0.007743314819245079,0.0,0.0,-0.0,0.0,0.0,0.0,1.0,1.0,0.0,False
2025-12-29,60326.81898485482,0.0055124613344810225,0.005512461334481101,0.0,0.0,-0.0,0.0,0.0,0.0,0.9999999999999999,0.9999999999999999,0.0,False
2025-12-30,60447.59240301169,0.002001985521351335,0.0020019855213514537,0.0,0.0,-0.0,0.0,0.0,0.0,1.0,1.0,0.0,False
2025-12-31,60203.98382814758,-0.004030079035074463,-0.004030079035074277,0.0,0.0,-0.0,0.0,0.0,0.0,1.0000000000000002,1.0000000000000002,0.0,False
