session,TEST01,TEST02,TEST03,TEST04,TEST05,TEST06,TEST07,TEST08,TEST09,TEST10,TEST11,TEST12,TEST13,TEST14,TEST15,TEST16,TEST17,TEST18,TEST19,TEST20,TEST_BENCHMARK
2020-01-02,-0.0,-0.0,-0.0,-0.0,-0.0,-0.0,-0.0,-0.0,0.0,0.0,-0.0,-0.0,-0.0,0.0,-0.0,-0.0,-0.0,-0.0,-0.0,-0.0,-0.0
2020-01-03,-0.0010300985524176573,-0.0009673754099071394,-0.0011460914063779856,-0.0009689619024825123,-0.0010385554227365587,-0.0009585806253302462,-0.0007890981207114342,-0.001616732709899604,-0.00028352419866713987,-0.0007198180645744954,-0.002021393755809847,-0.0007034908588449295,-0.0008466613366668595,-0.0011469486579345433,-0.0004955752212924879,-0.0008585497054374945,-0.0007189297505130865,-0.000681705006385158,-0.0012906574312135709,-0.0005724633319968307,-0.0
2020-01-06,-0.0001428299920605779,-0.0002879375543962,-0.00014886978996160735,0.00012925521833176713,-0.000400197040287907,-0.0005175605703907277,7.997120510481225e-05,-8.717435592799494e-05,-0.00011756240194318784,-0.0006285005373759219,0.00028910848428670394,-0.00010723636817241453,-0.000278431103588601,-0.0010246832557961741,-0.0005882035597295024,-0.0006135648755429949,-0.0005095683287216019,-0.00048148036457592913,-0.00011318227103100244,-0.000716585947723356,-0.0
2020-01-07,0.0011875067412814527,0.0007092130017609906,0.0005279581877632416,0.0004083839375722048,0.0010444408054224984,0.0008024788360869168,0.00020283289235657244,-0.00012047305774944094,0.0010441301073542822,0.00046129750716668435,0.0003807957883611026,0.0001602063960023045,0.0006963054635253802,0.0006642169207229626,0.0007052507791326598,0.001314648391971222,0.000855798736764431,0.00023947037406528903,0.0005108580039734653,0.00026696114066892006,0.0
2020-01-08,0.0003255830497653503,0.0006272724539070027,0.0006683268766521101,0.0005090024501262078,0.00039856166659469824,0.0007413146104821428,-0.0007675785843476399,1.458297544792512e-05,0.00011126564915236451,0.00048124380497099363,8.00154532440281e-07,0.00035807064013902734,8.229015764293592e-05,-0.0001862369765789054,0.0009144365666117958,0.00011149111861132196,0.00010930463376173124,9.180695818920179e-05,-0.0002057064921299004,0.0008245132026553642,0.0
2020-01-09,-0.0007612476982471467,0.000134050136924684,-0.00026644328048877077,0.00022969031522452127,-0.0004814701848331144,-0.00012830402996121435,0.00016801751290208532,8.902211641553036e-05,0.00024685833292058533,0.00019808389201009566,0.0003798288782232911,0.00035930713532291824,-0.0006117618745172963,-0.000388648458683923,0.0004358872612177272,0.0004244147060384851,0.00012650852179011193,9.166554451405949e-05,0.00027162748305058595,-0.00026862125312631275,-0.0
2020-01-10,6.0071996842195514e-05,-0.00021264224810230536,0.0001168823582325825,0.0005833953281194788,-0.00028197027607787794,0.0002956297814692816,-0.00024008052285733638,-0.0001141305697069778,-8.46782241393445e-06,2.6857620450988456e-05,0.0006341811678924078,-9.79898856152112e-05,0.0007150247762426438,5.033016049899797e-05,0.0001008895983842249,-8.355621307845314e-05,-9.111600453193539e-05,0.00032307227134652656,-7.401841661325813e-05,2.7557823752956246e-05,0.0
2020-01-13,0.00019167636456346565,-0.00019550945173888413,0.00043493336568644703,-0.0003070745741224175,-0.00048225990709595046,-0.0005194252257060431,-0.0006318750736286516,-0.0007866306986460969,0.0001259729401997412,0.00020016178981249736,-0.00025906957569046173,-0.0007102820302270083,-9.913131043604128e-05,-0.0002783981212658589,-0.00018185107256786238,-0.00014273628541617566,-0.00022545871227208755,0.00016638623967320362,-0.0006106934455867509,-0.00044285517475764355,-0.0
2020-01-14,-0.0001539017037533973,0.00014708421036973573,-0.00014826245406939607,-0.000253810680872317,0.000666598079454029,-0.00025545110000090764,-0.0008178396167174082,-9.749055466798445e-05,-0.0002472109183202839,-0.00020414804950440394,0.00017668804512263833,0.0003104157848744921,-0.0002145391423488489,-0.0003388519192765121,-0.00019780447557914008,-0.00027864618654426936,0.0002250963799582063,-0.0001878440143440705,-0.0003286481513660171,-0.0003002249138306698,-0.0
2020-01-15,-0.0006009166680007714,-0.0002520507471523738,0.00023092602281165583,7.272949066130157e-05,-0.0003270554756070926,0.00026409509135589106,0.0003743782202934124,-0.00024627536532251693,-9.116034323154465e-05,0.0001966712052319759,0.0003770968515106099,0.00017504636960892253,-0.0005842630700118643,7.750802988074553e-05,0.00016114765182639692,0.0006768084457204258,5.7717849520100245e-05,-9.333399417453234e-05,9.240868038183022e-05,-0.0005811979044830583,0.0
2020-01-16,0.0006401390585510495,0.00028023430133082897,0.0002111955425239392,0.0001165915303097237,-7.49023181224628e-05,-5.6404724084761446e-05,0.00010009686033840327,4.3986889552928905e-05,-0.00018740027153334293,0.00013494924719209135,0.00048751176508426747,-6.697216789869826e-05,-0.0008700670292478809,-6.0595816190770546e-05,-0.00018471950673781725,0.00038239897735618664,0.0007223707380700163,-1.618384323386687e-05,-7.304692939881299e-05,-0.00040260165485498024,-0.0
2020-01-17,0.00046836367157973265,0.00017252473770456116,0.0004931008258390099,3.1312967669206565e-05,0.0002557377481444674,0.00036985810004178517,0.00032371420437427576,-0.00012854733515940505,0.0003010791037574614,-0.00024260646093240764,0.0007877543214373466,0.00051467241848699,0.0009021817634490496,-0.0005566171520972056,6.186877781890378e-05,0.0005400249865717342,0.00040788589530028663,-0.0001782278535254925,-1.8489761059231293e-05,2.946922551478361e-06,0.0
2020-01-21,7.809069232415109e-05,-0.00039584995752536465,0.00020852386140562493,0.0005788333665336966,6.327449370988965e-05,0.00028165510206572356,0.00020124691189642838,6.170198395708784e-05,-3.4983068002276065e-05,6.344122603384468e-05,0.00014388243532704464,0.00019994294299836417,4.037279009067389e-05,0.0002761042204399857,-0.00010773671465843628,-0.0001574716377252448,0.0007378415944997373,0.0006231900003752265,-0.0002146931797226479,-7.166007001531927e-05,0.0
2020-01-22,6.300228972389667e-05,0.00035170811275450116,0.0002676088499582837,0.0004062414981557436,3.1739851502573654e-05,0.00031752251648178484,-0.000512417659618711,6.725514495971211e-05,0.00037091465597505706,0.0010300418903215404,-6.778996453707284e-05,0.0007012118480706843,0.0004519437411490279,3.2701387407977515e-05,0.0007947941009924737,0.0008862571407529057,0.0011165990044530389,0.00010519543733510416,0.00017149877557586386,-7.388683988392146e-05,0.0
2020-01-23,0.00019221124251853834,-0.00011161731048588592,-0.0001564970017352275,-0.0005141738020327341,0.00021371465672352644,7.840010431348525e-06,-0.0005071749748092507,-0.00018016733402561266,-0.0003639472799723156,-0.0005196775103393488,-0.00028344265906570567,-0.0001972585002637767,-0.0005124479270209329,-0.0005930486974431317,-0.0003651187635404962,0.0005477848605862006,-0.0008148541115810306,-9.873759356823224e-05,-0.0003989948459010224,-0.0006763121557067854,-0.0
2020-01-24,6.787207125948036e-05,0.00017759777575596564,5.665838042171759e-05,0.0009376127395798412,0.0004137967670707486,-4.26062249522223e-05,9.338095312489596e-05,0.0007809538115808087,0.0005445888363836266,0.0004818196327564788,0.00030832486460198556,0.00041470085868988926,0.00014627314031796738,2.373226743752361e-06,0.000672521351615169,0.00013099311282537294,0.000688350565722007,0.000542797760504368,0.0008243021075721704,5.941028942592614e-05,0.0
2020-01-27,0.0008700270421260998,0.0004482012811277761,0.0005885490555564941,0.0005128711756301569,0.0007546763586242736,0.00014261721648422195,0.00018787070984361556,0.0005051397126775362,0.0010169661900759177,5.821442294756501e-05,0.0004527399816411721,0.000864702590291059,0.0003631275401491064,0.0004940430799257803,0.00031979762902712946,0.0005455634552334595,0.0006738581060332648,0.00019904584957881527,0.00026849752632034335,0.0007996137207214597,0.0
2020-01-28,-7.777615071812144e-05,-0.0005174578944730033,0.00045451052456379977,-0.0006720705768693555,-6.01952996638425e-05,-0.00028161426396697346,-0.00033865652738808546,-8.546258203849406e-05,-0.0002474540922489494,-0.000596782898378788,-0.0006338721768249158,-0.0011561890379229488,-0.00017725303659666596,-0.0002323217262510777,-0.00046978762406854564,6.110344117173065e-05,-0.00019069344873900106,-0.00016923203179470753,-0.00014395136860173078,-0.0004741444343288135,-0.0
2020-01-29,-0.0001607586494916933,-2.9593700004043462e-05,0.00018762516578399506,-0.0005487144062328955,7.001412942904457e-05,-0.000250168323469505,-0.0001470570379518659,-0.00044135253363548324,0.0005520692867951562,-0.0007388523651861595,-9.175535095303956e-05,0.00015558660990247746,-0.00020695359646443566,-1.650079017729027e-05,-0.00010952999722186678,-0.000990747856649275,-0.0005006689088872356,-0.0002465288765599963,-0.00026586143943493136,-0.00028914700353105215,-0.0
2020-01-30,0.0004390411902391482,0.0003633011164345145,0.0005088893667390781,0.0009188392176114738,0.0009448287546632039,0.0001965621602038543,0.0006852434503851565,0.0004347149732056692,0.0008132815798874933,0.0007015522284216935,-0.00017233592439666365,0.00020646207905762243,5.516169989111816e-05,0.0004963774143477092,-7.720701367141445e-05,0.0008159765356654331,7.062229312889795e-05,0.0007216178248469629,0.00026831931905242125,0.0008311353455918389,0.0
2020-01-31,-0.00011174837899447907,9.890965861593657e-06,0.00026336807603981197,0.0006080239811828478,0.00042642261863346886,3.585409727566208e-05,-0.0005334078661401893,-0.00013732767587959878,0.0007402358329697163,-0.0003514917213630303,-1.8519737761320775e-05,0.00012848260377900357,-0.000363106420027336,-0.00042823593852734634,0.00018699827736560676,0.0003261716836017363,-0.000434011362687636,-4.567521948225637e-05,0.00025614399420603663,-0.0002737255073398242,-0.0
2020-02-03,0.0007775944637573981,0.0005211769652393458,9.912898766442114e-05,0.0007829704332549457,0.001247769576377149,0.0007131332433609474,0.0003678865998050081,0.00038716079570879334,0.00040399739184079984,0.0008314501276497504,0.0004522810219881216,0.000997150896425732,0.0003554870794068037,-0.0005882625403167622,0.00035700526037031995,0.00021299623667491,0.0012141328646941302,-0.0006047721968540734,0.0005810753450895249,0.001382685441346066,0.0
2020-02-04,-0.00042152999056545564,-0.0005227649643790244,-0.00020983925329970954,0.0003430980276756701,0.00030740944916271,0.0002969691566239052,0.0001303802882935079,0.00010847095047312738,-0.0007001707194289496,-0.00030462204463383986,-7.83257420087724e-05,-0.00022572464333514008,-0.0007326693852887088,-7.634312371934126e-05,-0.0003114257883060245,-0.0008859700955439864,5.192393054233025e-05,-0.00044571700298124957,7.767686518674876e-05,0.0001935259449881044,-0.0
2020-02-05,-0.00015422944828268154,9.895870838804539e-05,0.0007438192638741691,0.0008471167576867501,0.0001800662004814761,0.000915458897439073,8.977207013450203e-05,0.00023890997313334418,0.00016375465219959856,0.00045622919554242074,0.000711899273017819,0.0002529496287875418,0.00012318008192013766,0.0006346899540247948,0.0001443333058793291,0.0005216747872720648,-6.333060767953349e-05,-0.00011162830838300836,0.0006081388935217048,0.0004429146966441774,0.0
2020-02-06,0.0002532967958597105,-0.0007227413594769719,0.0005666187051037814,0.00024178842779752144,0.00034075858569431106,-0.00042676943369888667,-2.545030496955625e-05,-9.759060427590857e-05,-0.00016699234212051476,0.00018597243514990343,0.0002962719990716603,2.2840047472292375e-05,-1.169743901406173e-05,-2.901063282314653e-05,0.0007270965848788813,-0.00035092006394707713,-0.0003251654431165023,0.0007061903861467574,-0.0005283121562157203,-4.516848825587321e-05,0.0
2020-02-07,0.0002953807282912747,0.00026780854874880824,-0.0001956901724113287,0.0001974348058728023,0.000330282831111279,-0.0003332998909947942,0.0002408130957291415,-9.277821709572617e-05,-0.0002513847570642925,-0.0004896680434585274,0.0008678802853145877,-0.00042944195815450785,0.0002131263159829704,0.0003107684620467528,6.601621048666492e-05,-0.00046955518667427616,-0.0006244610315978223,0.0005720882936688095,0.00023157131457777306,0.0005515168682714082,0.0
2020-02-10,0.0006079384259159992,1.8662475745250474e-05,0.0002775993815990772,0.0006494765860323955,0.0011353535221982325,0.0003432322795914685,0.0004488200901845877,0.0002657908875778626,-0.0003172925581842667,0.0005103521453330486,0.00027017924416327033,0.0011974618942908644,0.0009566055778933588,9.385663842793513e-05,0.00041961771099667235,0.0005565376672172601,0.0008392077585280055,-0.0003121020103859597,0.00035763994365436096,0.00020426337475124706,0.0
2020-02-11,4.656128436613263e-05,-4.812370193431461e-05,0.0006738814566753481,0.00016662084217401206,-0.0004483415841893607,-6.80774117155119e-05,0.00014045967461739098,-3.5224546346805125e-05,0.0002523818959390533,2.6243929076800302e-05,1.7676659628160265e-06,-0.00011120855201817853,-0.0002620876373252858,-0.00021818228213186036,0.00021096293467587349,0.0003557055622971168,-7.890808059406689e-05,-0.00044724457853520625,-0.00027584750017814593,-0.00025068910639659565,-0.0
2020-02-12,-0.00037015764012901314,-0.00012440211847550593,-0.0002298531319885735,-0.0005359688802039358,-6.443906155597875e-05,-0.00034203525245527373,-0.00022669863941699746,-0.00038347112296517957,-0.0008788687523521987,0.00013993735755617558,-0.00018798127939464377,0.0003179109727134064,-0.00024375302972236363,-0.0005809005552957289,-0.0005592735928707762,-0.00032865285822605513,-7.866920752739834e-05,-0.000732500671041004,0.0009489327748421714,0.0003068054641589443,-0.0
2020-02-13,0.00015463992360033243,8.778551665950412e-05,0.000529824848934968,0.00013972186609092946,-0.0003680922776294763,-0.00031322468252813527,-0.00023102854455330014,0.0004002108974080231,0.0001951248947166946,-0.00045674096428673664,-6.321146112268737e-05,-0.00023963574695059443,-0.0007674448261154233,0.00012287209751490072,0.00027793565144384406,0.00028822841400478533,-0.00011773420919029347,-4.349134159170296e-05,-0.0006482726299594716,-0.00025647535052847104,-0.0
2020-02-14,0.00011599736701581789,-0.00028177211402179186,0.00021147823856649614,0.0006634531158495747,0.0003175491383710991,2.5187032443122998e-05,-0.00027947907376201013,0.0010697061787899851,0.0008592700526571474,-0.00015303862587468973,-0.00031955950159693746,0.0001449232915096119,0.0002434980577885179,-0.00018618014506282347,0.00012076774637795154,0.0003592216791910473,0.00045630159620909614,-0.0001977338340993666,0.00010095423744102041,-3.1904442130883186e-05,0.0
2020-02-18,-0.0006033029404920713,-0.0004397998686987846,-0.00035948866584869057,-0.000526939684667315,-0.0005200816389259042,-0.0002615178604245246,-0.00034476192152613336,-0.000643434893592755,-0.0006859211255831893,-0.00019972098634438585,-0.0008630631785216452,-0.00010343076947700793,-0.0007358496719736974,0.00028493247081186,-0.0009272529572612825,-0.0009045512426648587,-0.0005663979173117252,-0.0005095618746392669,-0.0004961741436009158,-0.0006722857708299167,-0.0
2020-02-19,7.438655988067341e-05,0.0007418118088121558,7.983728329161003e-05,7.726222419288362e-05,0.00035965565688669886,-0.0002803275943463963,0.0002182299854516065,0.000291100933745904,0.0003092280335836346,0.0006734447627870511,0.00018813330849484265,-0.0002051801300264698,7.391453189912255e-05,8.091579561784472e-06,-1.9351033477441624e-06,-1.001438604095694e-05,0.00028391403017627046,-0.0002887801346570495,0.0001560833270765904,-0.0004963602814573079,0.0
2020-02-20,0.0005597367740709209,0.0004444556371128384,0.00019138973333701867,2.2070814721916054e-05,-0.0006570697991320786,0.0006661764401771933,-0.0004930064111276286,0.00022185017915183136,-0.00027719312734059094,-0.0003545251265455518,-0.000706178098941743,-0.00018316818502632393,2.040035009893475e-05,0.0001342691479483135,-0.0005288659266750426,0.00022733231634082784,-4.930015786341891e-05,4.805936507752687e-06,-0.0005041553779124068,0.00020863947730623527,-0.0
2020-02-21,-0.0002831034023991711,0.0006641579368445686,0.0008367085586437286,0.00010355930662884202,0.0006138414140079967,0.000334632039449046,0.0005255831584121829,0.0002393712732312377,0.0005961814504037568,-0.00010550747543398125,0.0002096344834335571,0.0006482657323343711,0.0004951708297305486,0.00015661359704863544,0.00035162562432824226,0.00012788249804992444,-7.885004115012644e-05,-0.00025101101467427307,0.0004046874503616248,0.0003118139043938366,0.0
2020-02-24,-0.0004889224742688038,-0.0005445281000811021,-0.0010828466819899495,-0.0011702587373760922,-0.0006061220303166016,-0.00029815265756031115,-0.00022040334069036634,-0.0010368303572846843,-0.0010548338091484178,-0.0007685307553836466,-0.0008901351425526732,-0.0007497492394976856,-0.0011495399734010798,-0.00019791596800529734,-0.0009349421696540898,-0.00037150949940516534,-0.0009042980186236269,0.0002005384812800452,-0.0010589260260200578,-0.00029106621757157597,-0.0
2020-02-25,-0.0008036533374069225,-0.0005657255578809349,-0.0003541031399032657,0.00019229597868289768,-0.00016558804239717002,-0.0004223835923237891,-0.00044821212923693975,0.0003998429426628557,-0.0002522066261543909,-0.0005630827590585365,-0.00031732862890574695,-0.0003888157946494781,6.368485660474811e-05,0.00024334989363580592,-0.0005240020180867249,-0.00035411883215004337,-0.0003146210220515541,0.0003015300280854933,-0.0001149185416679684,-0.00027655712840936526,-0.0
2020-02-26,-0.0004996731860510879,-0.00021360308765978382,-0.00015319051501030693,-0.0006489051827644096,0.00022109201553325387,-0.00026773630972370315,-0.0007220767709737914,-0.00023343947217517217,-7.196423507070299e-05,-0.0003217685770156671,-7.009335042928926e-05,-7.734416738627366e-05,-0.0004686670617375554,-0.000594368408010696,-0.00035753793766012744,-0.00021134258299694464,-0.0003469469679441575,0.0003929867576839742,-0.0004101353211762681,-0.0006196897979925121,-0.0
2020-02-27,-0.0003723311516653716,-0.00027938096246630405,-0.0002842586146835051,-0.0002265482265256023,-0.000372807789211248,-0.0001924226381778639,-0.00048950026699065,-0.00011803790816016248,-0.00023575766833951555,-0.0005925099869415158,-0.0006013513393518029,0.0002678661168730483,0.00021119496341318148,-0.00013231067153446225,-0.0002062480773523843,-7.48868386956718e-05,0.000253875101065554,-1.3746748879103481e-05,-0.00030923627486599954,-0.00045894456964373597,-0.0
2020-02-28,-0.000643411652825243,0.00026845873829322875,-0.00010259811673478768,-0.00014329554186719165,0.0002007247592749376,0.0003772992929116692,-0.0005058469185795362,0.0006011621099777904,-0.000479957498515228,0.00040398035756521937,0.00037469477035244873,0.0006350358369265986,0.0005742924311796768,0.0005308054963188515,0.0004872495105595484,-1.2173335958066786e-05,0.00011352049389976897,0.0006170122840447174,4.8700617442335654e-05,0.00031287423907572334,0.0
2020-03-02,8.809702552244861e-05,-0.0002646058231255652,0.000320778980943025,0.0004118501241359459,-1.0161687800249919e-05,-0.00011576197571859794,0.0006385817872807209,0.0002337790147080394,0.0003723789747951749,2.8824462796587742e-05,-0.00024303169039664992,-0.0002902104540377103,0.0005108063564074032,6.322594847810205e-05,0.0003573026266955438,0.00019474775842111538,-7.449204860781366e-05,0.00026876677802865873,0.000503359517034934,-0.00032609761635583813,-0.0
2020-03-03,-0.00019870904107271444,-0.0001262223087994119,0.0003205129023439391,0.00023291593609395814,3.61798677881442e-06,0.00047735152917594015,-0.0002228056024859704,-8.247298189165699e-05,-0.0005192872879336619,0.00028573926025784465,-0.00022205917435776386,-0.0002684563194205126,-0.0005642425460789025,-0.0003879497032977798,-4.421725570618042e-05,-0.0008216514663918874,4.2795659557282047e-05,-0.000417263488774844,0.0001366536987539524,6.888027418092692e-05,-0.0
2020-03-04,-0.0007727504278518375,1.8125858303105347e-05,-0.00019841508881802034,-0.00012444335586415448,0.000740070272382932,-0.0005682131565172273,-0.0003390487664975685,-0.0003813937134082126,-1.1669547624279575e-05,-0.0008946152979087311,0.00012335476338482646,-0.00020374746572300614,0.00010056487513164199,-1.4717800871102224e-05,0.00013574839405280258,-0.00041336960941170894,-9.459366852781605e-05,-0.00016858602958254204,2.1336067433629058e-05,-2.60754144010803e-05,-0.0
2020-03-05,0.0003510283199587475,0.00014887488241118214,0.00013760085718987405,-0.0003534270409917032,8.624894891700162e-05,0.0003958998903295813,-0.0003302191132814559,-0.0001100356398418752,0.00026472048219386,-0.0005493922849778241,-3.3868392140823165e-05,0.00031239971508202196,-0.00048796751046660254,-0.0001991410535220271,-0.0004335503936268217,-9.812844108758352e-05,5.448930419033571e-05,0.00020927359616673086,0.0002125998954431573,-0.0003046144568671584,0.0
2020-03-06,0.00022368173240952183,-0.00010506088059255386,-0.0007080546252829523,-0.0003990628354876539,-0.0004865288425883067,-0.00023847523162329656,-0.0004080699600344466,0.0001437695038982199,-0.00023536827444354272,0.0001723024024899442,-0.0005915453354659611,-0.0006980328462665841,0.00017605440531413607,-0.0002229562857157263,-3.3501995983601606e-05,0.00013055112823784657,0.0002549955158808839,0.00012595293420790678,-0.0002666330257118018,-0.0004344234145963493,-0.0
2020-03-09,0.0007259625339410567,4.5346174126943663e-07,-0.00011033809540838062,0.00040145502052757,0.0008723291950028368,-0.0001549514072421808,-3.949737122660902e-05,0.000442381226360452,0.001090877156764664,-4.8174714637915146e-05,7.321883563695165e-05,-0.00019448129591828758,0.0007043301310097981,-7.195211985415617e-05,0.00034768687872642695,-0.00029859821320504673,0.00012696414039679543,0.00020179932062058416,0.0004011327516006451,0.00020582151344090396,0.0
2020-03-10,0.0003200750402766916,-0.0002804093706917644,0.0002328348161074056,0.0002568722053990447,8.554477157978153e-05,0.0008769340165216116,0.0006790241077533497,0.0001261206443906917,0.00045510759386357486,-0.00031739772581813397,-0.00042759460031812784,-5.827516620825773e-05,0.0005349938194625686,0.00031713608015354524,0.0005270781811244029,0.00017418252281640927,0.0002860755126222939,0.000386452344769306,-2.158645608234181e-05,8.173507300966224e-05,0.0
2020-03-11,0.00013094096408837415,0.0006776201944824324,0.0001233565609476098,0.0001514120872580947,-0.0004607403789971714,0.000772698391687188,-0.00031999517554948077,0.0007339270955303771,4.314529071526215e-05,4.101684155863047e-05,0.0002413833394316683,-0.00021073190478777026,-3.590274248477306e-05,-0.0005075066729189736,5.944358191809439e-06,0.00021840588557571654,-0.00011427060327234445,-3.394179233340581e-06,0.0008960601157096728,0.0007707285014597536,0.0
2020-03-12,0.0006341012521979052,0.0010368070942067458,-0.00017621344271590142,0.00023540351129180604,-9.96205721526195e-05,-0.00058102810675535,-0.00036916563310358905,0.00010764166301659068,0.0003791268330908545,0.0002389298674373456,-0.0009070702601415919,0.00045715818144736065,0.00035369524124841627,-0.00022606236867123665,5.7387252822156105e-05,0.00024167795910155527,0.0006076163724459237,1.681032357091213e-05,0.00023253776231505448,0.0002445339313620862,0.0
2020-03-13,0.0006927814318725551,0.0002503640863666898,-0.00016035361724363426,0.00035495516600330773,-0.0003514697351129425,0.00015231877158238476,0.00027247241461062605,0.00044022272677665214,0.00016563584348781624,3.2085863248403555e-05,0.0003833099692128615,0.0003660070351883477,-0.00010615436707880968,-0.00018352983739284057,-1.3783828176757299e-05,5.2560038789906574e-05,-0.0002349701055176767,-0.00042768432104380423,0.0011067998599813462,1.975741846745593e-05,0.0
2020-03-16,0.0010049938949099782,0.00011442835123676946,0.0001986176989755065,0.0005645999200235062,-5.491518656082569e-05,0.0008342430201262299,0.0005220087903749891,0.0006654896521859084,0.0006051270704426994,0.0007181288456506465,0.0007631419898407675,0.0003994484191365573,0.000583177916440001,0.000499650243168017,0.0010806641747606953,0.00034939292087047494,0.0005558408814383,0.0007232639926843318,0.00141365640485409,0.0004501730145010016,0.0
2020-03-17,-0.0003632297662632307,-0.0002940403587568561,0.0001365003009706785,0.00013929259490097926,-0.00014429493552347,0.00013807359732810343,-9.42425190494939e-05,0.0006716083562612007,6.780522987756091e-05,9.476858098691554e-05,0.0005246595249989655,-8.515828062638632e-05,-5.1680752473373263e-05,-0.000527084411381205,8.090191820903328e-05,-0.0001024819545018414,0.00032791807953135764,-0.00019011386161681078,-0.0002075779528691352,-9.955947590517368e-05,-0.0
2020-03-18,-1.0616221644600215e-05,9.832402625821956e-05,-0.0007515369531399493,-0.00043017931299840583,-0.00010363641848661124,0.00045960935274477353,0.00011145443151287926,0.00018923663232917634,-0.0002386547311503296,1.6912158411864206e-05,0.0006690688569024868,-0.0009475532491167463,-0.0007834480546451941,-0.00037069156191867054,-0.000612964029720354,0.0002525143243796716,-0.0003900953349588506,-0.0005248648096825467,3.277991226047367e-06,-0.000293427234807026,-0.0
2020-03-19,-5.38816759272962e-05,0.00026749277508310494,-0.000540350360985685,0.0006912157945543312,0.0002044702846677121,0.00026075349161298964,-0.00015374978860035912,-0.0001976627447331319,-0.00013446649700307687,0.0002609734359119338,0.00012137273267837305,-0.0003518581182766623,-0.0004852416852152094,6.305317046870824e-05,1.9909041688855888e-05,-0.0004369145169784463,9.921974565796708e-05,-0.00040606010271851655,-8.25890053897087e-05,-0.0004926607084250759,-0.0
2020-03-20,-0.0009523333121352917,-0.0007233750511944294,-0.0008944072271003098,-0.00039068637858588243,-6.292629915116056e-05,-0.0001989172812589988,-0.0002917711035359881,-0.0003602436464858678,-0.00047149209880822793,-0.00028497675432532843,-0.0005035834063366485,0.00014493566107015763,0.0005027404698668246,2.8689373782930778e-05,-0.0004492729692270715,-0.0010091830062648648,-0.0010165577833863824,-0.00017947605554409415,4.567817123836762e-05,-7.346116576534826e-05,-0.0
2020-03-23,-0.000183693595343312,-0.00039215731689490015,-0.00018565848322773124,-0.0002771591111391968,-0.0001384344946231832,0.00047425472496272745,-0.0008127402142030527,-0.0003626288560869335,-0.0010282930147869837,-0.00035426177984671127,0.00041615777870970827,-0.0005044929573629651,-0.0003739199307563427,-0.0011766179418120977,3.6607730575016665e-05,-0.00017237843888789648,-0.000727125086028294,-0.00010708991803614534,-0.00031809033407301647,0.00019477088689430982,-0.0
2020-03-24,0.0005680172934284312,-0.00017718774549985584,-0.0008278423083037395,-4.624567372011379e-05,-0.0005563259028783502,8.942043414204879e-05,-0.0007965398910066403,-0.0005170399241691959,0.00015650529704313668,3.688988795241592e-05,-0.0006693294557657594,-0.0006018953172944429,-0.00018744317086284574,-0.00042145928789484545,-5.573711666550366e-05,0.0002686618271650148,-0.00027486991818988785,-0.0003029107059683242,0.00019133944488010368,-0.00040323917919208435,-0.0
2020-03-25,0.00021891050512618174,0.00029190212230877696,-3.2093944453687242e-06,-0.00016202998943570557,0.000293276785129169,-0.00014682964310012587,-0.0002469715434767746,-0.000509452540352358,-0.0002155205879059898,0.00017752411393922248,-0.000682532068525731,0.0004455502808915024,-1.7580462553669606e-05,0.00040338653183231846,0.00042631163275779025,-0.0003708032201506471,0.0008228810792720394,0.0003526071467668093,-0.0006799159478173237,0.00013589894096232796,-0.0
2020-03-26,0.0006446914222118101,-2.1806482702906018e-05,0.0006280742771461569,0.00010358932874115419,0.0005851189398457243,-0.00010052179663245507,-0.00026540048723148774,0.00021164316733578064,0.00014976473019425766,-0.00021614496783390767,0.0007388667875424626,-0.00028020297146978316,-4.480442698786313e-05,0.00022041547340872876,0.00047352412087743584,0.0005530173155058004,0.0001510753199721465,0.0006128915069768993,-0.00012205341436871613,-0.00013408826771684965,0.0
2020-03-27,8.842414097442318e-05,-0.0005352842270312544,0.000570515894517644,1.8377199875888966e-05,0.00015871861317507682,0.0004810906075888963,0.00010658079056202458,-0.00017102826498943688,-0.0002487211427091644,-1.2508126783567702e-05,0.00023005032254374433,0.0005342688470374423,3.2034976303798783e-05,0.0001528715256446808,0.000357871714240689,0.00019552119382616957,7.855007421957379e-05,-8.048709888679679e-05,-4.998904045462168e-05,5.57087621931101e-05,0.0
2020-03-30,-0.0002482290266616337,8.332373105469359e-06,-0.0008008923762118011,-0.0005375596609376386,-6.16992893614676e-05,-0.0005184981052303207,-0.0007857502217401425,-0.0004037889448032121,-0.00046549612834293364,-5.4886004004571254e-05,-0.0008676721257344288,0.0007709447202812708,-0.00034921220716241624,-1.0996425251422591e-05,0.00019445752600700684,-0.0005959499762244904,0.0001940357494735919,0.0001307411380264591,-0.00046677460740540433,-0.0006643579314087105,-0.0
2020-03-31,0.0004135730527129094,0.0006557425992682647,0.00034051443994282,0.00041532619637862044,-0.00018760485438015505,0.00012083844701079014,9.337035494666736e-05,0.00022965831349814903,-0.00010612788749511725,5.136232965361548e-05,-0.0002150073406027669,0.00021519324505607414,-0.0005373127670524334,-7.433429400906752e-05,0.0005665550145354701,1.0603528956712107e-05,-0.0001250041745864608,2.3733493495234984e-05,-0.00036685762244308866,-4.092931104185756e-05,0.0
2020-04-01,-7.802325529198583e-05,0.0001868478991665524,-0.0001267221920535225,-0.00037143631601396944,0.0005853904979490637,0.00013637543892522827,0.00014060814901620174,0.00023479167455931586,0.0005411232065643028,2.331423533766832e-05,0.0003990427069202816,0.0006381345605742334,0.00047754301879107057,0.0002717369746237518,-3.220853951253667e-05,-4.752987434780898e-05,-0.0008603683054918829,-0.00024279162966730133,0.0005438785460833612,-9.752500642972008e-05,0.0
2020-04-02,-0.0003767728416102012,0.00010238250587908394,-0.0004570491385767483,0.0005739964287676536,0.0005838391659883313,8.5027161568485e-05,-5.333087391422575e-05,-3.686992202344697e-05,0.00037695103300979806,-0.0005264620005702547,-0.00034393921956389905,-0.0006235783485098012,0.0005250528462477533,0.00012565531200521286,-0.00043970625345669535,1.970913547906239e-05,0.000567396585967106,-0.00037012239054545765,-0.00042689302707146776,-9.028057674181355e-05,-0.0
2020-04-03,0.0002638454724118086,-0.0003446126211036232,-0.0002154639806455619,0.00010120041721878026,-6.533801078305371e-05,-0.0002458870715741899,-3.791833847702487e-05,0.0004308573748376734,-0.00016989303323116915,-0.0011749682840483846,-0.00042908576460031183,-0.0007680072945169393,-0.0005916366921611815,-0.0001405508876707769,-0.00046440276028847984,-0.00024129972304067968,3.4477505217659316e-05,-0.00047698312273753254,-0.0004103681380182789,-0.0005864176084587441,-0.0
2020-04-06,0.0006417348244787412,-0.00013741418162677472,0.000584485303618409,0.0003901302597572314,-5.004156072817062e-05,-0.0003030724782846344,4.472186070595402e-05,0.0003962195301556258,-2.9325779876049876e-05,2.7105129513442507e-05,0.0008392658135169557,-0.00011744664515654006,1.4384535930642099e-05,2.1165689482332174e-05,0.00040964615164570186,0.0005467940151968879,3.0185137711635655e-06,5.539359226894232e-06,0.0004185702998571001,-0.0006208307812357902,0.0
2020-04-07,-0.0002929881518868132,0.0004153227927227255,0.0002681438554706289,-0.0005634616196430552,1.1994061001268896e-06,0.00046181908320615717,-0.0001761472888976655,0.0008107802870329547,-0.0005383444676757359,9.932666787651122e-05,0.0008133847786539165,0.0003363971153204656,0.0005841597500696174,4.1191350599055226e-05,-0.000715474830660912,0.00035861437748161264,7.915813368008193e-05,0.0007414304577118117,0.0004838906567891108,-0.00041207457020427926,0.0
2020-04-08,-6.174014007160061e-05,-0.0002649118220560875,-0.0006531120963382666,-0.0006847178407475286,-0.0005527730850746159,-0.0005419985210289085,3.5201465372776926e-05,-0.0005718099073304852,-0.00012100687044772772,-0.0007592930834562211,-0.0003551066352200397,-0.0003904250294999372,-0.0006776390465143659,-0.0008004011609444492,-0.00039598327753888454,-0.00095430386312364,-3.2430289008324033e-05,-0.0005825638420344186,-0.0005991702580151726,-0.0004458025801474258,-0.0
2020-04-09,-4.481366757486187e-05,0.00015868624468349615,0.00023305380495685892,0.0004754455711097033,-0.00014110312785264395,0.0006924936264862579,-0.00012657382845878727,0.00026850212135515525,-0.0002506493981956682,0.0004510574081235036,-6.781353611922563e-05,-7.731820584507298e-05,0.00012276963003290286,0.0002001162435728805,-0.000104436429108128,-0.0005126769156655014,-6.039224671611335e-05,-0.00014497792874354286,-0.00037630438725994524,-0.0002814304705211538,-0.0
2020-04-13,0.00019994337891714913,0.0006092491497617793,-0.0007099097968825991,0.001555067051736523,0.0003069596465849864,0.00018731487326453347,0.0005771782410574067,-5.7552240199646245e-05,-0.00031081369714344693,-0.0002795100976230089,0.00040182914969706033,-0.00036438441669093066,0.0016074363698263957,-0.0004230476845263816,0.0004943116921446023,0.0002917837682477924,0.00013210959429607897,0.000131434154741738,-0.00020420714658806767,-0.00011917181189838635,0.0
2020-04-14,-8.661714633718879e-05,-0.0006258258446170177,-0.0005032589018659454,0.00017872400623594173,-0.00014991563502944307,0.00019923887195105486,-0.0003643202860626367,-0.00045648132965579274,-0.00023279895192641325,6.995669521318528e-05,-0.00045322226280520027,-0.00028112424270368706,-2.630902431172157e-05,-0.0005248592692470582,-0.0002822160576888038,-0.0004251799201223447,0.0004750295219872309,-0.0007028570699951064,0.00014105581446475848,-0.00014705427285506624,-0.0
2020-04-15,0.0004123427624273419,-0.00013586768202144238,-0.00022546133601824528,0.0004425045730514211,0.0004132178717032181,0.0002848929761322802,5.311531268318491e-05,0.0008299569271292085,-5.7609993229693793e-05,0.0001982690227593896,-0.0007351050121988526,-0.00016080098371605407,8.586515368874528e-05,0.0002909519038484663,-6.912421858303662e-05,-2.775844503240603e-06,-0.00038959962248580083,0.00010745269413212988,0.00046372752219096667,-0.00021874729391819917,0.0
2020-04-16,-0.000381051116947171,-0.0003480678460487307,-0.00036509563209189013,-0.00023089586009202834,-0.0002763776830512892,5.95907172967503e-05,-0.00045387034976954513,-0.0006980679524278184,-0.0009160946741866653,0.0003487825417840077,-0.0013706447288723736,-0.0006952220173931475,-9.732752436963293e-05,-0.0002956397772240944,5.713080700739066e-05,-0.00020861559898983695,-0.00022648128704594528,-0.00016917247659564293,-0.0002836968859952155,-0.0004083999938203632,-0.0
2020-04-17,0.000890972858708152,0.00018252911896541346,0.0003003353873670125,8.773785123387343e-05,7.822718113955393e-05,0.0005979998034731548,0.000462626895670705,-0.0004152411687779476,-0.00010074021248488123,0.000559058391594157,0.0003468618569562075,2.5510297274299528e-05,0.0006813650606015033,0.0002067242779901695,0.00034183448628431333,0.000674645685905474,-4.963186377669891e-05,0.0008853498207044767,0.0004654095537479677,0.0010684998639902616,0.0
2020-04-20,0.00047730529350134315,0.0006287556632675885,0.000296857497082753,0.000741118174733224,0.00018136737594824239,0.0004532462427625414,0.00020917246254741666,0.00010880930756819716,0.0004539680250332579,-0.00014965303162365863,0.0006505108071706871,0.0003987788359912818,0.0001292996233844569,-0.0002402104187448384,0.00026176336759059043,-7.689782769077897e-05,0.0009186192514389802,0.0008112982170151473,-0.00010698615010904222,0.00021297357656253836,0.0
2020-04-21,0.00015820169743553268,-0.00013185012545479776,-0.00012313020850220942,-0.0004789705776290407,-0.0002645468477122922,0.0003297578147981905,-3.1958424015041165e-05,-0.0007788560505148313,-0.00028426895857967333,0.0002970339304492806,-5.9100672291690674e-05,-0.0003008175793763544,-0.0007056107118565725,-7.921293987538889e-05,-0.00023269584946158286,-0.0008351971816015132,3.8263593565450584e-05,6.199455681009311e-05,9.660774178159773e-05,-0.0001319485047959281,-0.0
2020-04-22,-0.0001921377830305647,-0.00024204958557412027,0.00011180941977142914,-0.0003345422829238869,4.2010685966429776e-05,0.0010258539776452488,0.0006476775903502034,-0.0002262929813469038,0.0002745932437439387,0.0006926257097652049,0.00038645710436626714,9.892306295838807e-05,0.00032672757727621204,-0.00011042295698742048,0.0002032428100838076,6.589210701190648e-05,-0.00013801490501513033,2.9145429875507688e-05,0.00038126036959041076,0.00023083520112075187,0.0
2020-04-23,8.888083043876999e-05,-0.0006457837483893248,-0.0004672669549437139,-0.0011668595339816732,-4.153284855021967e-05,-0.0008150757692302105,-0.00030763434057537247,-0.0009640032267631744,-0.0005958444104052122,-0.0012877351479804115,-0.0003490195032141395,-0.0012157283977989916,-0.0004258440650351656,-0.00048490366937657214,-0.0007719866147015191,-0.0009450097167258874,-0.0012289946146778307,-0.0007332022688113014,-0.000613063800138989,-0.0009199536861555171,-0.0
2020-04-24,-0.00016176659065419025,-0.0002588705826417872,-0.0002600622414595226,2.38333885283376e-05,0.0003719151920194678,-4.2939139080455916e-05,5.227077453071459e-05,-0.00030256633413373456,4.644106426082055e-05,-9.353713747358258e-05,0.000166759714124981,-0.00013274653854428295,-0.00044241638892349665,-0.0004848261075029523,-0.0004250161846944272,-0.0002865079404241905,-0.00044914309893801386,-0.0001771648506329648,-0.00024887315547733575,-0.0005032797336808863,-0.0
2020-04-27,0.00018123417559856445,0.0002496997380831457,-0.0001721240643748273,-0.00010113966424789651,0.00022188331702664173,-8.423730844524119e-05,-0.0005631171063595764,-0.0007830132525285669,-0.0003570972946319131,0.00022142137803618042,-1.1910147577771971e-05,6.754436772309047e-06,0.0005195929624252602,-0.0006653985847540384,0.0004202158307657313,-0.00010455005118959229,-1.219390961688889e-05,-9.400819070046895e-05,-0.0004392934648184626,-0.00010497274929248995,-0.0
2020-04-28,-0.0009056554242726366,-0.00015812709866453456,-0.00015020218732400076,-0.0002703675447545402,-0.0002620824773842182,-0.0001258988071086118,-0.0007225059700298018,0.00012013365874741455,-0.000205844589445303,-0.0003672680737634394,-0.00020026764701618288,-0.0003512764187787062,0.000222050380233695,-0.0007426229048144409,-0.00027394468637937915,-0.0006155869434014863,0.00011209155354140466,-0.00032902635222187195,0.00011350400916902143,-0.00021573857078914635,-0.0
2020-04-29,-8.623740066048359e-05,0.00036930627096548265,0.00048226793950510624,0.00020817133200946714,-0.0002806888528030098,0.00023581357780738478,0.00028471516471095093,-0.0004418943760215788,0.0004137538218734919,-0.0006373087493113652,0.00019448699554344497,0.00024410593033521853,0.0005068153839694634,5.2659731109447815e-05,4.771637073603174e-05,0.0008984337477267366,-0.00018139783309084517,-0.00012252186422638726,-0.0002713019052081029,-0.00011449077519385714,0.0
2020-04-30,0.0010372839700601574,0.0006851993177549786,0.00036370182529158525,0.00017794506348548932,0.0006589139775355214,-0.00020492189967859893,0.0008470220146745152,0.0005035157824743693,0.000335548311873709,0.000450565776316897,0.00048016968275190164,0.0008340130743620639,0.0005006595752942859,0.0005679265598650632,0.0002129526268221818,0.0005569804130093552,0.00028045453382547864,0.0008005307798056439,0.0005564271983526383,0.0007196319942893143,0.0
2020-05-01,-0.00023486537020981957,-0.0003962790254318919,-0.0003382308469392736,-0.000579376303567676,-0.0006185207269709213,-0.0004176881521704316,-0.0005168570569878091,-0.00042397463279786134,6.809590541221011e-05,-0.0005151532660680972,-0.0008849224681455283,-0.0007834692467529039,-0.0011310513596403348,-0.0006906638713909677,-0.00024938925271262717,-0.0005131553450239315,-0.0005040043445500764,-0.0002215731618931674,-0.0001635334642952113,0.00020661921619316237,-0.0
2020-05-04,-0.0008990626603339823,-0.0004799164434327985,0.00017742754392244817,-0.00044638892533256365,0.0003414429106542216,0.00012060452233912944,-0.0004733944554585312,5.963287282160223e-05,-0.0008124369451973147,0.0003061817989283955,0.00018095467830744338,-0.0002058962172311274,-0.00029026390556761153,-0.0004947095636474331,-0.00042515178405148625,-0.00019373793359352964,-0.0005005546017092799,-0.0004939410794947974,0.00017011084199299863,-0.0008988005310656077,-0.0
2020-05-05,0.0004290185152665093,0.00017151729276862067,-0.0003175775355956084,-0.0004191174974466605,-0.0004969269465496387,-0.0001981630261756169,0.0005566546836608306,0.00019547511069257159,-0.00021791913133275352,4.0628187338060874e-05,-6.37040008922346e-05,-0.0003860652043813234,-0.000571176966761205,0.00034691678446047993,-5.755257136282291e-05,0.0002569898597469314,-0.00010839764767484785,0.000589580076880735,0.00044378560726125217,0.00020555077297201762,0.0
2020-05-06,0.0002648126583614998,0.0003393162781771701,0.001090294296265019,0.00027639984665708416,0.0005920027277962514,0.0007812996112855416,0.0007009452025808877,0.0008804775711754171,-0.00013771726007304753,0.00031575145111588203,0.0003041842975005125,0.000483629872656075,-0.0003640604895472265,0.0008463238815732862,0.00015756557888037937,0.00023641390309139937,0.0001246304227073661,0.0005329199197257664,0.0008697672130945416,0.0004205429916213082,0.0
2020-05-07,0.0001556971914518891,0.00025360055803784026,-0.0008178533556364136,-0.0007043690750392093,-0.0006461452760874922,-0.00027552501685747135,3.366991862034617e-05,-0.0004722013286887511,-0.0005784969723920178,-0.0005473743245799538,-0.0005289905802848175,-0.00042506387115542085,-0.00010740178271551818,-0.00024249584656080937,-0.0002653425092839164,0.0004760832138654351,-0.0001884470264385522,-0.0008426409882611994,-0.00045410702196545786,-0.00043689317770095296,-0.0
2020-05-08,4.431646829478535e-05,0.0005493794630213612,-4.614318240886224e-05,0.00027075167904511507,7.154775138439832e-05,8.048733836874662e-06,-8.104751639144919e-05,-8.90839318794602e-05,2.0203426731300987e-05,0.0001899496329824493,-0.0003943977475280794,6.573743825061487e-05,0.00047373234824472297,-2.5076335915162472e-05,-0.0003777387712839915,-0.00046634078198612536,-9.304457804618354e-05,0.000405028602250425,0.0009090692544489543,0.0001870014413442926,0.0
2020-05-11,0.0005874742702964476,0.0007498549031633645,0.00018315924027259288,0.0007321300548709198,0.000747130788495427,0.0008404635372340022,0.00033848637902787954,0.0006679852406642994,0.0007793370785551863,0.0005389883676639925,0.0004809637608623685,0.0008055017365530623,-0.00016482640768606443,0.0003006078886775624,0.0006472388708285114,6.692288648153158e-06,0.0005116608890795689,0.00028113603023972774,0.0009316203162553251,0.0009886174274738398,0.0
2020-05-12,-4.468965942733251e-05,-0.00033181126089657875,0.0003071623572183574,-0.000895945262571061,-9.978747786290734e-05,-0.00022228619440384833,-0.00012657422154286924,-9.845946024574082e-05,-0.000497053024465659,-0.0007388466170565415,-0.00027369972556031536,-0.00017025058069744092,-0.0005307010853409897,-0.0002697790122546685,-0.0006381194727326831,-0.0010135881302507875,-0.00034558247624782187,-0.000600375059987142,-0.0006080144390657081,-0.00036705574952638565,-0.0
2020-05-13,-0.0006732841244426221,-0.0003929777006679778,-0.0005345688253866404,-0.00044537570178838855,-0.00037768103727254854,-0.00021013904960714156,-0.00045283951832237885,-6.600547922977392e-05,-0.0005443945610747163,-0.00026098197016108474,-0.0005954525572211021,2.6930051481061633e-05,-0.0003476500115128752,-0.0004673967038460729,-0.00010043210393233414,-0.00034638611264545336,-0.0008244110906905489,-0.00041678971524713895,-0.00047378692628666344,-1.773120914481897e-05,-0.0
2020-05-14,-0.00046206928008966734,-0.0005672822967699667,-0.00029044888961110414,0.0005214568725240656,0.00015429171211217528,0.00024760719294148945,-0.00033215705429155684,-7.444270216632009e-07,-0.0006328646017070776,-0.0003090426554258908,0.00024666374468611995,-0.0002544344627568245,-0.00020861905337026692,0.00020975854353740282,5.55793442412515e-05,5.135429461177622e-05,9.2210675570578e-05,0.00018766487302864383,0.00015906072088762345,-0.00012788201640605417,-0.0
2020-05-15,-0.0002081682337556341,-0.00021888048428387544,-0.0002707282501302767,-0.00047607152657942243,-0.00037698540898864046,-7.141267004426705e-05,-0.0004646906065995454,-6.0752173563470376e-05,-0.000539399538886098,-0.0010448323284330987,-0.00026774172716356823,0.00010617258210251964,-0.000600696109914682,0.00020204668095332533,-0.00010269329192126765,-0.0002527300971912519,-6.584773714569668e-05,-0.0001605902409938856,-0.000317968127843336,-1.28086678783912e-05,-0.0
2020-05-18,0.0005200235496476634,0.0002718664057808106,0.0002666302160549676,0.00037432198430978244,0.00032193169108338455,-0.00035399648813534663,5.41396826369874e-05,0.000227210276860417,0.00032361044521006814,0.00045789550135901837,-0.0003016598006796079,0.0004153777412307185,0.000668722700044121,0.00038381774964360544,0.000523356248626074,0.0003919594243069349,0.0003014202567230283,0.0004497319495267921,-0.00022389119964117869,4.286749605089177e-05,0.0
2020-05-19,-0.0003932628431723364,0.00015531817198065494,-4.211039425942225e-05,0.00010788141478165205,0.00042849711080067106,-6.062792455782933e-05,0.00037987783418859703,0.00022324523739111383,0.00036221706433839867,0.00026956032747899657,0.0005439557579508253,-5.791924525553879e-05,-0.00038614467290629416,-0.00010352160852173485,0.0006146611918271577,0.0002302455815679279,2.58531785426138e-05,-0.00048024713003975235,0.000105361109541536,8.672340193824712e-05,0.0
2020-05-20,-0.0010659641991704275,-0.00033222471955320803,-0.00053761860734773,-0.00010729388144861565,-0.000382217334342792,-0.0011423110680025784,-0.001027647161738904,0.00022799871592560966,-0.0006097166828086322,-0.0004171459355515097,-0.00041859198708058427,-0.0004564794461116013,-0.0011222658306448054,-0.0006505610888489642,-4.801066418249578e-05,-0.0006130764409225384,-0.0005762015868066156,-0.0008721406768660792,-0.001331972878898111,-0.0005904695046181716,-0.0
2020-05-21,0.0004298187385861093,0.0004816632884679163,-0.001085822245059972,0.00025098461926385747,-3.6511567709164e-05,0.00038201358368227455,0.0003693207086229956,6.79827374296791e-05,0.0005472132404685895,-5.259235208325837e-06,0.0004494162078248248,0.00010494409636056577,-0.00031323677324944065,-0.0004332101749157666,-0.00031431810817459673,0.00029668310402415827,0.0001656151344291372,0.00015881215989616902,0.000280642975255687,0.00018814393977953134,0.0
2020-05-22,-0.00036318647707659805,-0.00040987881339484624,-0.00013324771862612778,-0.0003059275057609766,-0.000259163602575074,0.00015907624292979493,-0.00040606687593308226,-0.0002984026138970769,-0.0004710026501178991,-0.00017994941932179438,0.00015423443450503213,0.0003370575186642694,1.1250021267041128e-05,-0.0001760979744694713,-0.00037133774303676006,-0.0002242468604977778,-0.00012109966632937792,-0.00040581008989715455,6.844056117952879e-05,-0.0007417828304585188,-0.0
2020-05-26,0.00022145855042136794,0.00012597600381341522,0.00036017892961306204,0.00038282370821483597,0.0007311056231263962,0.0007050237039321007,0.000288574955293393,0.00021789696987627418,0.00021591019192948816,0.0006429816653780637,3.124073862586342e-05,0.0006630980125180887,0.00025270770414644505,0.0003353162234760969,0.0001940057625859744,0.00021791342252665787,-5.0279220691412015e-05,0.0002862397231962867,0.000277000987707137,-2.812129542620493e-05,0.0
2020-05-27,-0.0008068414611866208,0.0003441945595974767,0.0001889972899325012,-0.00014125253299290211,-0.000567674568581283,7.278669858220149e-07,-0.00022165928316676773,-3.580003043462721e-05,-0.0002655166486819404,-0.00039073407830533303,-0.00035445229711071044,-0.00029781322545186477,-0.000413776081440293,-0.0006579191332480533,5.3180344687392583e-05,-0.0003427625586557636,0.00037308756891437966,8.921268844468563e-05,0.00023876050593606865,0.00024312319302261643,-0.0
2020-05-28,-0.0003984338316793475,9.977580706442469e-05,0.0002811307173621197,-0.0002040487235257623,-0.0005130337109961842,0.00017077934216556582,-0.00024989310204581754,-0.0009608097032011636,0.00034559167938583244,0.00012696534609676953,0.00018891816500431243,-0.00032469332995362294,1.0913347599152165e-05,0.0006531020486174623,-0.00035817093071916265,-9.049750555326203e-05,-0.00041232679628381777,-0.0004493661538471485,0.00012983503425580207,0.0003145080107292511,-0.0
2020-05-29,0.00014855080335833556,2.0676789695984145e-05,9.043972799129743e-05,-0.0003026175829435615,0.00037110832891382606,-0.00040899825799902063,5.5999596693661336e-05,0.00011298134942141893,0.00019589256622269785,-0.00035837680175278833,0.0008030922188266961,0.0005048527959686921,0.0002558447639438293,0.0003559027684925485,-3.979988451397182e-05,0.0005768973129656741,0.0001771069791368879,-9.881013248498157e-05,-0.0002080976818791276,-0.00045221942629432267,0.0
2020-06-01,0.0005255032406618974,0.00018724793818278965,0.0005010735559067336,0.0006438907110544208,6.62052502840053e-05,0.00018580525524262954,6.299552113572804e-05,0.0005440888632538445,-0.0003960365303837814,0.0002744279706943554,0.00024565486319482713,0.0007115894768917519,-0.0005533389004650073,-7.663763691661501e-05,-3.803873873730772e-05,-0.0002027458647123956,0.0006173350112743772,0.0002517253305251062,0.00024260433487491336,2.0329203407611956e-05,0.0
2020-06-02,-0.00013921273627998663,9.476794056592073e-05,-0.00025483125125355107,0.0005039695776546504,-0.00037785254682026195,-0.00036450277418073043,-6.928098897736044e-05,-5.346295594963467e-05,0.0004637968287427906,0.00013973292941557022,-8.879863520595552e-05,0.00024115509744120352,0.0003118664356719369,0.0008496850093797634,0.00023532898831716274,-3.738689231393976e-05,1.1095564983776284e-05,-0.0006134945007698676,-5.10641791918398e-05,-0.0001310282078644309,0.0
2020-06-03,0.00011297301141601168,-0.0004562240668718017,-0.0001970054570277976,-0.0008400080997865663,6.019382812025391e-06,-0.0005874220774023597,-4.7866519269357365e-06,-0.00040067281503616294,0.00018089982064525888,-0.00011602327014578668,0.00012180188993933828,-0.0002371972163476591,-5.3582137337126436e-05,-0.0006507797282435513,-0.0002455669946445768,-0.0004092031804180343,-0.0003836039615684035,-0.00011259043498191476,-0.0005788203155862661,-0.0003768030082329802,-0.0
2020-06-04,-8.403450274242994e-05,0.0003204756501436155,-4.426686214104559e-05,5.0535245999290846e-05,-0.0002282991879832862,0.0007110878317263459,0.00016517643530122476,0.0008901010875812792,6.969157344950447e-05,-0.00016656378565751973,-6.37525410536078e-05,0.0006148468570570933,0.00011388807323709616,0.0004503450088440808,-0.0002693356378748773,0.0007674123311106546,-0.0006092564306904689,0.0001994318143159961,0.0005526031630002351,0.00012586915054493825,0.0
2020-06-05,-0.0005228178105389584,0.0006029859350177211,-0.0006927668443420098,-0.00036142267664257896,-0.0003502677919417717,9.789529909655687e-05,-0.0003293649528545564,-0.00016992110247819893,-0.0006074963293921605,-0.0005667488386144481,-0.000169285070310149,-0.000350141425461861,-0.0003696750420800505,-0.00025722660583034644,-0.0004622217495168036,-0.00013424499213416649,-0.0009598053388396623,-0.0002493813414466163,-6.542186075495498e-05,-4.596434052448182e-05,-0.0
2020-06-08,0.0006057222617306521,0.0001400576426139689,6.066913581102642e-06,-0.00033164572212254474,-0.00014394259707337638,0.00030415828250351755,-0.00015484274452886391,-0.0007213617388934863,0.00037704697547021195,-0.00041392356449813727,-7.88325044144124e-05,0.00010158391712568234,0.0007391688921734047,-9.18336201201262e-05,-0.0005874603509915353,-0.00021560248163815765,6.018239317709419e-05,-0.00011661938577026849,-0.00018075032882358916,-0.0004011632551574717,0.0
2020-06-09,-0.00032178445354544944,-0.00016507433248467963,9.525017241555855e-05,-0.001034672020933429,-0.0004906757466503769,-0.00046210973746643594,-0.0005362930711409734,-0.0008859401298371448,0.0002993448448880017,-0.0005832085642107872,-0.000299977324335027,-0.00022650440645780793,-0.0006565799311187055,-0.0005185612660902196,-0.001207652094058444,-0.0007221374941423099,-0.00031735451235898775,-0.0001507213979568304,-0.0003154279553535548,-0.0002685982201741817,-0.0
2020-06-10,-6.361418910483661e-05,-0.0004728961999563501,0.0001925900568688078,-0.00010201150022629377,-0.0001766944988918991,-0.00021990597608874645,-9.402449565983682e-05,4.1942398015645804e-05,0.00044132855711363306,0.0002157759408740931,-0.00020176100370366474,-2.0326662023263173e-05,7.359557713948046e-05,0.0006410627425751465,0.0002895858444030865,0.00047587980335330994,0.000503105431863641,7.341773784656938e-05,-0.0001348220384628944,1.3300164545870312e-05,0.0
2020-06-11,-0.00027686685547911833,-0.00039693726731323696,0.00030235664589243843,-0.0003359557588156069,2.8810802671856302e-05,-0.0001559143823278794,4.7031549591674326e-05,-0.0004965704983854413,-0.0008203376393307398,-0.0008374131300846763,-0.0003516713263525883,0.00038081404196507783,-0.00010671864355292615,8.814627513035743e-05,-0.00010690562250112292,-0.0003336303129602495,5.867434656788115e-05,0.00020768424720856652,-0.0003902212579859688,-0.0004755735773364722,-0.0
2020-06-12,0.00012036212763675588,7.7192444272731e-05,-0.0006204739991177642,-0.0008325380920982947,-0.00031019764841906845,3.5053774690711304e-05,-0.0006175290395948399,-0.00031239230242638535,-9.224900622847656e-05,-0.0004949058858790569,-0.0005715842630219776,-0.0005222722683920533,-0.00034389694331958786,-0.0004085610707794181,-0.00028527964762655323,-0.0007903557025490127,-0.0008984797514535069,-0.0009565100652507447,0.00018409634711162324,-0.00019689874278199329,-0.0
2020-06-15,0.000729784733741666,0.00035375333796263585,0.0005734711743214727,0.00025660447164343433,0.0005416887235921929,0.00035364052945152576,-0.0005783110417659031,0.00010046249595219363,0.00035841607176035777,0.0004064103944264321,0.0004338938756800655,0.00023276562541431583,0.00011221389788273529,-0.0005277261852660036,0.0007406096155511882,0.0005595159574297728,0.0006333208080480034,0.0002255897808320001,0.001104903621592119,0.0001176515955253841,0.0
2020-06-16,-0.00021801649817183814,-0.001496654475679159,-0.00015650979474938272,0.0004604827627040618,-0.00013891485980740617,-0.0004892054186132038,9.118289216668306e-05,0.0004714948374850658,-0.00027017573909624026,3.586139002103514e-05,0.00012939767540117038,0.0007623102968132761,0.00010592980981467705,0.0001816776064040581,-0.000504337520920845,0.00018143685702595404,-0.00033755843507076317,8.690966607417794e-05,0.0007114589397330882,3.719130924924126e-05,0.0
2020-06-17,-0.0001850934153829709,6.877574595886968e-05,-8.821306183486758e-05,0.00012411614804905675,0.0005727683177304398,-0.00013074567093293812,-0.0002589733923447961,-0.0005431151030329323,0.0002927524149983128,-0.0001365307939273442,0.00014112933368615817,-0.0008516059567667626,0.00038999409662114273,-0.0006127883791212523,-0.000869854799273672,-0.0005890863995354292,0.0001319914710594518,-5.7289731920858035e-05,-7.218209658525552e-05,0.00029764227810845156,-0.0
2020-06-18,0.0004513021650340468,0.0010796600107361562,0.0004900252223034579,0.0003576440697918473,-0.0002554416189877126,-0.0002594075322479528,0.00020168578491310812,0.00033265703345992167,0.0005862510272453772,-0.00011236840095881078,0.00012296177937651606,0.0004998935986867193,0.0007150366932783777,0.0006039804987589103,1.7620319174703297e-05,-5.743319600070938e-05,0.0002485245251746526,0.0008972586736011072,0.0004942759339397229,0.0004350766423474717,0.0
2020-06-19,-0.0004727994909587084,-0.0008262048473206242,0.0001143239502461477,-0.0007427237943788964,-0.0006659718250242437,0.0001622103740650498,0.00019564692893253997,-4.130719974216561e-05,0.00035653744387649224,-0.00014757088102485244,-0.0001908731649140045,-0.0003594880319085321,-0.00014964020122179366,-0.000372334894791941,-0.0008178208344107038,-0.0008683074921988283,0.0008146784832877636,-0.0005983558461842326,0.0002484929604202475,0.0005619556802317902,-0.0
2020-06-22,-5.327666887221799e-06,0.0005454301271662276,0.0001034663589237999,0.0002549815914797754,0.0006153038838725,-0.00022835350725296445,-0.0009249955559096681,0.00013153427576128538,-0.00037632888360935235,2.3413091360449477e-05,0.00023273096026910808,1.4668105961012961e-05,-0.0002991096995161003,-0.00020065637299706578,-0.00018803860137825684,-0.0001988383161547802,-0.00019215170291691825,-0.0004722844903590574,5.226887977283758e-05,-0.0008123375433190002,0.0
2020-06-23,8.378643105571632e-05,-0.00090010519965861,-0.00018144922522890113,0.00012784548905846665,0.00024505160816975483,-0.0003466890275683815,0.0006099723698512075,0.0001304497068970334,0.00023064330974730167,2.2464517000379496e-05,0.00038316010850748545,-0.00035109370362478145,-0.00018128061646191052,-0.00014363256647810312,0.0002663914361391047,0.00018238577947110886,5.446455341316753e-05,-4.256031661208473e-05,-0.0004407926245624291,7.71673546684916e-05,0.0
2020-06-24,0.0002351031778327558,0.0001590725945159127,0.00014194303039525967,-1.919774924983782e-05,-4.8740062704288536e-05,0.0001169300203642469,0.0001962931460028877,-0.0010036784083637795,-0.000506874684366003,-0.00011101554740868851,-0.0006832281138199595,-0.0003043863724218851,0.00016935365206468305,0.00018953698031833386,-6.070113584892341e-05,0.00016430458326349384,-0.0001126406247624597,-0.0008210483464174713,0.0004892748500569375,-0.0005580564277547285,-0.0
2020-06-25,0.0005741534362807882,0.00013407186301492928,0.000758271744970277,0.0007942475688536267,0.0002883316392509799,0.00033144087316792063,-8.127987727471009e-05,0.0001619646549686403,0.0002339135792168591,2.8027028506192925e-05,0.0002488878744748951,0.00014839721813872235,-0.0004358331923635812,-0.0004855599880584672,0.0004683352085078157,0.00028131943421474514,5.2196540738718735e-05,0.0009202286759669982,-0.0002943982336648972,-0.0001862579693055708,0.0
2020-06-26,-0.00026792747834662067,-0.0009648971163797462,-0.00035935958944073473,-0.00042707381393928276,5.594928820765223e-05,-6.266162354066733e-05,-0.00029523075764541776,-0.00019160734865105713,0.0003898826662501301,-0.00029281665797056984,-0.00043004159586639587,-6.170600052115274e-05,0.0007135373520768739,0.00011361983183979473,-1.3606780986512154e-05,-0.0005922308189363081,-0.0004908442071422391,0.00018054426424139958,0.0002916922150589683,-0.00036793220679092424,-0.0
2020-06-29,-0.00019060960946909623,4.530672738264031e-05,-0.0007728672624571873,-0.0010952560377503512,-5.124549517473199e-06,0.0006570767102158526,6.486547303230656e-05,0.00018711308739755508,-0.0006437094792642831,-0.0004555243478078269,0.00020771905107793773,0.00020720880172511188,-0.00012612368628206792,9.807710904762834e-06,-0.00023909952506974397,-0.00020446743957716078,0.0006538831996540118,7.071179649318642e-05,0.00016465050549729183,0.00020875633501640523,-0.0
2020-06-30,0.000636880987057904,0.000777023646763576,0.000568907779666828,1.7367410332329917e-05,4.911049084015105e-05,0.0006178079322715379,0.0005598603255550544,0.0006253314697297549,-9.651575719790305e-05,0.0006938268110389878,0.0010409564025823904,-0.00043671464520043246,-9.952809454514362e-05,0.0003623054253239083,0.00019203982981244057,0.0008640228918547594,0.00017356472983077654,0.0006596054109477986,0.0011006084890083092,0.00024102850494005668,0.0
2020-07-01,-0.0005067945917190918,-0.00015735044533054303,-0.00040837727593488147,-0.00011051695375991485,2.5281730769028504e-07,-0.0005210883513365031,-0.0004980019645902654,-0.00019807646618209831,4.995491959674846e-05,-0.000686063579356642,-0.0012183180358651612,-0.00033230898442254236,-0.0002289156496604084,-0.00044349931974211953,-0.00012544642072575323,-0.0004573921303794669,-0.0005112973257917391,0.00015918985591119626,1.6926841280987535e-05,-0.0006735961575423865,-0.0
2020-07-02,-0.0004643044395521657,-0.0004656388196893791,-0.0007162144922446102,-0.0006609044270484477,-0.00043909111862187053,-0.0004886071390405256,-0.0012362003565127512,-0.0005607210477182434,-0.0006752714638855573,-0.0006150470425631605,-0.0008999103460561876,-0.0007314706713552889,-0.0009505755913954364,-0.0005000597904643134,-0.00120588531085169,-0.00040122390906335295,-0.0007086182281521692,-0.0008854567296209427,-0.0008760740454220375,-0.00043942511733283124,-0.0
2020-07-06,0.00042754516658968637,0.0003136847421943936,0.0006507081374679104,3.086168747911937e-05,0.000961246753638611,0.00035768380387940355,0.001183000502343149,0.0009321978433784755,0.0008666192963495597,0.001092723326624543,0.0005463634873979013,0.0004335031568419212,0.00030806821080236525,0.0003035063458636023,-0.0006490960081578945,0.0006862630600747241,0.0005238157558928858,0.0003286893045351126,0.0008331263124340008,4.270011773728343e-05,0.0
2020-07-07,0.00038092939067381997,6.762715282119662e-05,0.0005606708685872042,0.00022021586159809276,0.0013554175780967537,0.0011637939972678733,0.0010563452926195312,0.001134118513040122,0.00043978772906468007,0.0011191329553034567,0.0007153141690110151,0.0007287518654418918,0.00018856344453743813,0.0005618156378612628,0.0008272680075465797,0.0009942917198017033,0.0004793830732449272,0.0008326781818546881,0.0005935513689688969,0.0012989549291566203,0.0
2020-07-08,-0.00044134821060208063,0.00013226395750946227,-0.0002021046516124494,-0.00022797242347387235,7.635633750512878e-06,-9.978170471151042e-06,-5.37952834168218e-05,-1.2082021704392812e-05,-9.044940380512065e-05,7.149192622572838e-05,0.00021983496247734546,-0.00039784593173399207,-0.0001879517004348639,-8.560605982041897e-05,-2.5413659702149752e-05,4.33071928148543e-05,0.00022436610535636292,-0.00028318321830018024,-0.0004503255306717594,-0.0005640557972290843,-0.0
2020-07-09,-3.027247880347244e-05,7.478737630566622e-05,-0.000570506014606513,-0.0009526949621973728,-0.0009944296035313564,-0.00040884070378923457,-0.00048032979080569224,0.0002183072250019746,-0.00029683785509889777,-0.00046061351149543055,-0.0005109366963434401,-0.0010699378610863103,-0.0012528338768856618,6.465896279894008e-05,1.1834964983820302e-05,-0.00027700714873821306,-0.00048448790850342123,-0.0008542053702183753,-0.0011701654730676418,-0.0006364322705816982,-0.0
2020-07-10,-0.00013629007044079115,0.00031497330647065736,0.00043092444961653255,9.748527636982375e-05,0.0005489662067412044,-0.0005946060081073468,0.00013722104220960564,-0.0003123309445143035,-8.16653287863705e-06,-0.0001296283948585265,-0.0002678758257812155,-5.5874553146378046e-06,-0.000280976761322335,-0.0006163962145626138,0.00015898854037319277,-0.0006136727917815397,-7.481830785130277e-05,-0.00026278054206986323,-0.00012243504763069602,0.000589156560200639,-0.0
2020-07-13,0.0004979191202215886,-0.0007796060420167768,-6.472878763759366e-05,-0.0002129204428715344,-0.0004447105656911266,-5.358256769017948e-05,0.00018716499941572826,-0.0005048214086263631,-0.0007060624037494923,-0.0003997646643637997,-0.00043145226637716596,-0.0004150781686971233,-0.0003494791851202446,0.00010008651281014709,3.2830757479111054e-05,0.00046061343424495034,0.00012066861199936425,5.7532916803257305e-05,-0.0006515415703112387,-0.00019008659083328254,-0.0
2020-07-14,-0.0002302330068118122,-0.0005780126948585042,-0.0004842994507690527,-0.00025995998027543335,7.220050281670878e-05,-6.801069497455967e-05,-0.000795376984373031,-5.2984809390654664e-05,0.000937068618418175,-0.0001394922085930763,-0.00046104285479138995,9.088256369149455e-05,-0.00021378665778263206,-9.829678489616981e-05,-0.0001555524898597012,-0.0006967851643431451,-0.00034772302408272933,0.0002669725860567783,0.0004407772461368933,0.00010118209732875827,-0.0
2020-07-15,-0.000206461122151273,-0.0005970825068123572,-0.00072583640664609,-0.0005544501361298366,-0.0004083942854515713,-0.0006696835949244642,-0.00043313235054949115,-0.0004487457217078941,-0.00023644913598843596,-0.0001073813594852319,-0.0005592245473678816,-0.0006226846196092608,-0.0005474433858076228,-0.00038516958334199156,-0.000584025654931172,-0.00019995345691514187,-0.0005132041603034174,-0.0007458975466220519,-0.0008395834875139533,-0.00034934562198084957,-0.0
2020-07-16,0.0010199994767712823,-0.00038554692267763814,0.0002154481751558249,0.00025126749849426464,1.735037827574511e-05,9.031277789719575e-05,8.420732167432032e-06,-0.0007142010830395295,-0.00030873699792430373,0.00031234550350886845,-2.982252592671527e-05,0.00040113209557380127,0.0001708216260645102,-0.00036907741055309113,6.854568403606481e-05,0.00015343354016495475,0.0001603381202367152,9.985285032178411e-05,3.3576955191932615e-05,0.0001697353992893764,0.0
2020-07-17,-0.00022537341969543326,0.00016414275667049516,-0.00024299367577090668,0.00016226953589402036,0.00043270626283257644,0.0003058113938770048,9.645882978472807e-05,-7.709445952529878e-05,0.0002662852849718059,0.0004420953719536661,0.000281755361849663,0.0001310696621474652,0.0004417214304002066,-0.00046109745382744773,0.0004801662147653155,-6.824351399194185e-05,0.0004800382492679668,0.00013162883265325915,3.3119464234273594e-05,-0.00013677652242602024,0.0
2020-07-20,-0.001106222367636216,-0.00027003197282587157,-0.0009520471058421633,-0.0003329797178953736,-0.0003397813297148193,-0.00041775500239423316,-0.00014457426732607362,-0.0002950548302885987,-0.0002678944591344769,1.4230974113730452e-05,-0.000461826137474728,-0.0004018779684604167,-0.00027563985789268505,-0.00028989301697145397,-0.0002494326997954525,-0.0007670569341199984,-0.000504558614615994,-0.0008893062384606371,-0.0003426989760933924,-0.00025777039530191544,-0.0
2020-07-21,0.0006599782303203298,-0.00029453172803209685,0.0004154489312944577,0.00025717205259454836,0.00039558277975630814,-0.0002954424697044728,-0.0004314296161537747,0.00018252153236328052,0.0005610068349363674,0.00015253528479793654,-2.6410728051117806e-05,0.00011314093839559749,0.0006316642826070573,-0.00024032264638728003,0.0005267864325244032,0.0003973532705782273,9.099636369585183e-05,0.0003505231076255022,-9.966421132533172e-05,0.0006763224221231491,0.0
2020-07-22,0.0002971173143511381,0.0008293301870124274,0.0008076268711444422,0.0005409189975384216,0.00030715179793338877,0.0004832578485621605,0.00010793904017976418,0.00031119420994829013,0.0009308590894740371,0.0006773867939180388,0.00022253421047295873,0.00043057727438211373,0.0003941492680246622,0.0009163067138387826,0.0006199358581321666,0.0008723626969233941,-0.00015926525149370996,0.0005326774270018392,0.0009441048178424337,-0.0001022751908503295,0.0
2020-07-23,4.6989740769173216e-05,0.00025856648927849625,-7.482202676824556e-05,-0.00030085834843967234,-7.818748085361187e-06,-0.00011012478766497791,-0.00018401372309911605,6.86074692360417e-05,-2.2249227997056493e-05,-0.0006417242608084135,-0.00018793336863229645,-2.7656559517963758e-05,0.0001620684117757409,-0.0002984429411569613,-0.00026315486238444655,1.768823991206166e-05,-0.00018843860333270118,-0.00027033637095467115,0.00010775528438378672,-0.00027373498183752874,0.0
2020-07-24,-0.0003005508084181475,-0.00027755743855998656,1.3476065971996493e-05,-0.00033528247952850957,-0.00037317930649025886,-2.141549105693992e-05,-3.489961234729737e-05,-4.655777284713645e-05,-0.0007190873880117758,0.0007279629092160642,-0.0002793170353886999,0.0003192637237764711,3.7304567857704734e-05,0.0001019734147819432,0.0003181080151626543,-0.0001949496687753354,-0.0006626829983295016,-0.00025271611290216754,-9.344599507906484e-05,-0.0002854783919641601,-0.0
2020-07-27,6.039798995714813e-05,-9.340569976438414e-05,3.117453783344962e-05,-0.00016710142544082657,-0.00010791740019674563,-4.57143540338173e-06,0.00025510767130380136,0.00021809996851885613,0.00013043132345360242,-0.0001894564218332925,-0.00028783488879243694,-0.0005675209461754383,0.0003606859430398451,-0.00023336236895632443,0.0003441808922120995,0.0004231801715461539,-0.0005159695554652269,0.00014926880568710558,-0.00025688522608839984,-0.00034740774187262495,-0.0
2020-07-28,-0.00015822995565616262,-0.0004964451300680312,0.0003869721948867559,0.0008691052833397642,0.00014064330261804003,3.34585555698225e-05,0.0007481629824895576,-4.775514323754775e-05,-0.0004095311352398424,0.0004272560123728849,0.0003991754373420009,-4.8457692799176934e-05,-7.708835234169658e-05,-4.024069430818673e-05,0.0002472893043204662,3.0866208356181835e-05,0.0002973566816023873,0.0005096245550242527,0.00036092023135120613,0.00040271332911185373,0.0
2020-07-29,-0.0005493460669688709,-0.0005776661609330564,-0.0002678270482604624,-0.0009316299163018378,0.00017175171338987583,-0.0006352485141483165,-0.0005858897209850935,-0.00017546994940708632,-5.502255134078434e-05,-0.0006607121265686576,-5.072463235013135e-07,-0.00010709049100615757,-0.00019950025699694846,-0.000783276845659155,-0.0002907956648906243,-0.0005081487261703933,0.0006656618853851284,-0.00035584636674989173,9.513251681529728e-06,-0.0006949546681246906,-0.0
2020-07-30,0.00021050178506508213,5.19567170312425e-05,-0.0008622552969082351,-9.220315332022048e-05,-4.123909527931087e-05,7.412716112609248e-05,0.000343920745095966,-0.00033525055789868346,-0.00021020916903091185,-0.00010720876951295822,-0.0003521089614942121,0.00033218280242038663,-0.00024479970675088766,0.00019819687010011073,0.00023161899599224888,-2.0481764558606806e-05,0.00011872270932485572,0.0007086861614513009,0.0009806559251445922,7.943264677709608e-05,0.0
2020-07-31,-0.00046233266543979596,-4.342464029896765e-05,-0.000185141002546508,-6.717781803819687e-05,-0.0008835892247367358,0.00023094348397446353,0.0001461488242297873,-0.0002821575892900741,0.00012042395272404479,-0.0001961039632260624,0.00027876375023289817,0.0003616887707647086,-0.0002968943156507341,0.0001425199746336827,-0.00027488933707772283,0.0007785457944443973,1.2344696282495974e-05,0.00028618116622987567,-0.00043546741117959334,0.0004170698483965768,-0.0
2020-08-03,0.00027838953430273057,0.0006317063387677854,0.0006899023361883076,0.00040106386071393465,0.001035801406540885,0.000617874122731368,0.0007228035950459221,0.0011189356952864122,0.00029941624461840685,9.075414942300956e-05,0.0007461391270483308,0.0004995899432748512,0.0003861797953843453,0.0004026785554158752,0.00044045616141945103,0.00023765775000881957,0.0002557968504640254,0.0007196518484592599,0.0004730851560825197,-0.00010627953810554663,0.0
2020-08-04,-0.00016510235722487772,4.196624466531462e-05,-0.00018717817232903882,0.00033237097403782107,0.00011372241544371772,0.0004545558983863772,-5.2016694408762986e-05,-0.0004018755841244003,-0.00021573084720851729,-0.0009115927918569075,1.9435652975574588e-05,-0.0005049202629787696,0.00011509235289135499,0.00016340374039546242,-0.0003619039751819375,0.00024748204364375407,-0.0004104583705095976,-0.00028948001557170804,-0.000710995142769427,6.743160962777716e-05,-0.0
2020-08-05,-2.7808839756057096e-05,0.00038106900131951475,0.0004844005584219479,0.0003676822938595697,0.00042851275617490604,0.0008791091544162734,0.000332960797469764,0.00024038580071631606,0.00019159988761936788,0.0008644355122883686,0.0010096637498349789,8.388322645534429e-05,9.226220922859488e-05,0.0004795026928479161,0.0003781793470019756,-0.00012344837365829716,0.0011852715873126322,0.000865436127887595,0.0007019660883427548,0.00043102588206857625,0.0
2020-08-06,-0.00044701667547315815,-0.00020400842378257337,-4.1026013240444084e-05,-0.00038872987681470915,-0.00045875442114824423,0.00022442690730211867,-0.0006760387240752831,-0.0007351522129880998,-5.279601460083712e-05,-0.00011195486628597299,-0.00036843207209313373,-0.00040226473126385784,-0.0006339461827852664,-0.0007755761259410804,5.664263338657383e-05,-0.000636482135165846,-0.0005908366485569371,-0.0005756057331350207,-0.0007763688704357252,-0.00034688111732795025,-0.0
2020-08-07,0.00020884348712480792,0.0005233958836179614,0.0001992992469633405,0.00045825628434341956,-0.00016222956765859725,0.0006698618521306169,-0.00022488299888602907,-0.00011786634257683331,-4.7782729229984256e-05,-0.000150592319443497,0.000314864975365184,0.0004293362065436854,-5.5685654438020566e-05,0.0003017595962546231,0.0004653868622228083,6.091116601898349e-05,-0.0005329127615062667,0.00043162933516626095,0.00026224605893665574,-0.000147735778081694,0.0
2020-08-10,-4.470281338929818e-05,6.207323167897082e-05,0.0006271890347785548,0.000738507564110361,0.0007705998142560714,0.0006693115780608928,0.0002131487055303033,0.00013998665844121053,0.0003622285541663693,0.00025090529976292715,0.00014045794031069454,5.492527526883685e-06,0.00011039014730596718,-1.0524735726896743e-05,0.0002928341515267862,4.833119864160977e-05,0.00017908368630527795,-0.0007660813287553783,0.0005205428577052217,-3.846995721552489e-05,0.0
2020-08-11,-0.00032799400183575937,-0.0001282245723494166,0.00015883438424454068,0.0002607083244397933,-0.00022169765436855858,-0.0006749856958967809,-0.00025356132129397826,8.993057353386075e-06,-0.00044596171036794435,4.994575550673878e-05,-0.0002244284718695776,-0.0003493926446983604,-0.000558314530139892,-0.00114999444759799,9.868458925536425e-05,-0.0003295218403761818,-0.0003849279374601322,-0.00040577438241351304,-0.00038002182381246033,-0.0002393041437536755,-0.0
2020-08-12,4.7169904015745504e-05,-1.0374564707180026e-05,1.3753959678957608e-05,7.341215017770725e-06,-0.0005583357907220275,0.0002939459809625184,-8.928195116446224e-05,4.754520327329038e-05,-2.596001033063651e-05,-0.00018755660511157415,0.00021934101910344377,0.00019092735302099687,0.00014451926350680927,-8.018810516978106e-05,-7.427989099375436e-05,1.98265794210175e-05,0.00026045005470948706,-0.00042768009259733025,-0.00026914823215034347,-9.453710259595063e-06,0.0
2020-08-13,0.00011352160936233627,0.00011999153080591963,0.0002824341819039316,0.0003391419921386251,0.00045874565959767654,0.0008101341548852383,0.0005688707018568379,0.00022737412390698883,0.00035560913486285835,0.0004870981962893439,0.00036908083225723273,0.00035064141491394544,0.00021609374839507485,-0.00024265753692682564,-6.705244342601365e-05,0.00010213561192245597,0.0008882700168682913,0.00023887533605816214,0.0007956697262119179,0.000585520603103268,0.0
2020-08-14,0.00015340190413356584,9.846176803625904e-05,-0.0011088857034396813,-7.149916880883544e-05,0.0003369528626515592,0.0004282268459325249,-0.0001539669045419568,-0.0005107535260353907,-3.143774134608367e-05,0.00026671836895960906,7.948616675353984e-05,-0.00023705870817649903,0.00014222882676914305,-0.0004993847395618572,-0.00014157984116428313,0.00035832889296713734,4.395412798054959e-05,-0.0006083148335138028,0.00016267879948622741,-0.0004679493915698769,-0.0
2020-08-17,3.359012215511701e-05,-0.0006711939506804596,-0.0005847957273409011,-0.00043194414480476624,-0.0004175218686492674,-0.0007897553709822076,-0.0007788706726284793,-0.0007034700384021635,-0.0007894421779760011,-0.000977914802766653,-0.0007212102192528406,-0.0008078218194989224,-0.0004404199824287139,-0.0005326602168991833,-0.0004996223360372711,-0.0008104539352976866,-0.00039204215777118517,-0.0004420927861623072,-0.0008648112628249381,-0.0009493758803182507,-0.0
2020-08-18,-0.00016195419478468669,0.00013709857940530232,-0.00047539337353834685,-0.0003081338707992796,-0.00031948523229478166,0.00024594310005671274,-9.155528148682422e-05,-0.0005251697392460428,0.00024506379137388765,0.00018687073863979866,-0.0002286273197619008,0.0003259640537801332,0.0006074977267546262,-2.4956293786616914e-05,0.0002393618060256119,0.0002572864195565152,0.00023408920177623565,0.00015848995164693874,4.905354119717191e-05,-0.0006913235527565523,0.0
2020-08-19,-7.725054854216087e-05,-0.00024105522546034487,-0.00016915313616673897,8.312298527736105e-05,-0.0005986221474188945,-0.00023712839636186637,3.913091933756174e-05,9.9606328413116e-06,-0.00034190043087162556,-0.00012025813168736682,-0.0004931334497466997,0.00011801402887915532,-0.0002055148514737612,-0.0005179512900293867,-6.948775677375123e-05,-1.017343881932175e-05,0.0007113342036948134,-0.0004611125121325825,-0.0005447928812083889,-0.00019228665514370763,-0.0
2020-08-20,-0.0001739731748124768,-0.0001996110942844545,-3.691327529657713e-05,-1.9010136413891236e-05,-0.00041109334274888295,0.0005954822707027294,-0.00044320056371318484,0.00018465667561978703,9.926228094227099e-05,0.0005698066530819003,-0.00022123619774180793,-0.00045841400529686633,-0.0005178646356741864,8.948790397126044e-05,0.00026771813485007237,-0.0004200520200308123,0.0007316041844859175,-0.0001954893551455323,0.0002777206030648907,0.00016905064939738874,-0.0
2020-08-21,0.00010963931483887532,-0.0001336981146475706,0.00022467174311103038,-3.459207080112297e-05,0.0005100910034541338,-0.0005450593864114954,5.446646995358232e-05,-3.073407656933315e-05,-2.3207203620515292e-05,0.00018011377973774855,0.000340159341023545,-0.00015625289841291961,-9.126636576269908e-05,-5.504741696969796e-05,-0.0007394591246307541,-0.00014403751963479528,-0.00013455675286194407,5.6915197211851904e-05,2.5322340342679755e-05,-0.00041721636221570284,-0.0
2020-08-24,7.54608278322522e-05,-0.0006552478382602057,1.6499041484503477e-05,-0.0009533101090854108,-0.000498261989945482,-0.000796073754420322,-0.0004822735413648937,-0.0003077567296932875,-0.000266445360247612,-0.0006285304731240627,-0.000644905745625052,-0.00023498277540074162,-0.00046052331466455343,-0.0005923348076877394,-0.000758599893691886,-0.0004658103949733383,-0.00014663128865731378,-0.0004707878431855138,6.21683344343391e-05,-0.0008838930538704945,-0.0
2020-08-25,-0.0002711595300920454,-0.0010270777077047736,-0.0004605839074388106,-0.0004379357051377993,-0.0010355542419980806,-0.0011535544171564962,-0.0006991715252099603,-0.0001363791546884276,-0.0005919453156308441,-0.00055968840443563,-0.00022169357887527272,-0.000835103115886861,-0.0007577541034457562,-0.00041080476403823266,-0.00048064521630481025,0.00013703448711326367,0.00018774263665535714,2.3713397523406555e-05,-0.0007788534974215851,0.00020484712884586597,-0.0
2020-08-26,-0.00048605415095525706,0.00027219005426417937,0.0009472949457597023,-0.0005383060029616794,0.00027174522063801225,0.00020114920229321424,3.6621091436983914e-05,0.0001716753756438647,-0.0001359779622354174,0.0008611708783832028,0.00023742260508970487,0.00026277053390203484,0.0006606828430453078,0.0005348559514297119,0.000308902757079101,1.0973783310526216e-05,0.00040914283370609145,-9.68636019548009e-05,0.0002199477932811416,0.0005702706245497587,0.0
2020-08-27,1.773747462572635e-05,-5.9665798103942844e-05,-6.116466961201007e-05,-0.0003498245616106241,-9.083946195624653e-05,0.0006857799502284707,-0.000671341416472099,0.00033839802589513885,8.218520695598983e-06,-0.0002725803942295351,-0.00030102843997308596,-0.00025052179098562674,-0.0002478021978086541,-0.0008560772499225655,0.0005945051513493175,0.0011176425981657754,-0.00017608938458440774,4.530035501085065e-05,-0.0001455077666505353,0.0003184641283061648,-0.0
2020-08-28,-0.00028078881993611566,-0.00041235023498334747,-0.0011981192319475927,-0.0009174820197435149,-0.0008600992674036848,-0.0007773060307503406,-0.0006462990521023415,-0.001053323619299426,-0.0008785976202441516,-0.0005190599172968679,-0.00025789218381934865,-0.001111756246821681,-0.0009274711603069513,-0.00024284417024314012,-0.0010724619969169947,-0.00045045993013175407,-0.0009478329518072286,-0.0006011097167231347,-0.0006226102369824313,-0.0005814978087711455,-0.0
2020-08-31,0.00014844343929484128,3.893890498335916e-05,2.8658757756412555e-05,0.00032686562366628644,-0.00013023055869357695,0.00027779151516410245,-0.00024229881405521015,0.00010052703787315312,0.0007272118379528967,0.0001453505411472696,0.0004933572463982186,0.0008199401411609858,0.00028387498769463104,8.721237773509388e-06,-2.3662005586982162e-05,0.0003521038156830233,0.0002763342225428004,-0.0003206639705380771,2.6794905774018528e-05,0.0004657774697035972,0.0
2020-09-01,0.00043252089830555016,0.0007415586144549769,-4.944130810369286e-05,0.000744668390245804,-0.00028481452977421575,0.0002928482492726356,0.0004342822517598887,-8.010531000284042e-05,0.00010512651707731758,0.00047177015422933876,8.444947524601473e-05,-3.725278341093203e-05,-0.00023229872443100282,-0.00018087477501800854,-6.700842043376202e-05,0.00040000347106768086,-0.0003384511173139091,0.00010741396282186341,-0.0007041115413617534,-1.881169344914109e-05,0.0
2020-09-02,-0.0004361753901333976,-0.00032754253247759273,1.2609552173470375e-05,5.532662252683008e-06,0.00018568688468300067,-0.0002353366204827623,-0.00022682529879218264,3.1898382180117765e-05,-0.0006754058979584145,0.0002010995712790287,-0.00022303345700196435,-1.1127367642155275e-05,0.00014358643327245791,-0.00033539622782609584,-0.00045558421204404127,-0.0007961381689518156,0.00011873200540754026,-0.0002250391841764732,4.3040593855780965e-05,-0.0006929416537351075,-0.0
2020-09-03,-0.0008791219417217434,-0.000667967373419893,-0.0006978958461318183,0.00014405572372240902,-0.00027894848616120564,-0.00023516235464391105,-0.0005632361739829286,-0.0008693530803767547,-0.0005628922153703541,-0.00037434927883550314,-0.0003304715030686632,-0.0007586618174359775,-9.623877891299081e-05,-0.0006719082758069065,-0.000670815879513709,4.6130851151829214e-05,0.0001241377177763644,-0.0005354771993710744,-0.00034634259473887466,-0.000835635412546797,-0.0
2020-09-04,0.0002847914278542909,-0.00010775112551922128,0.0001348850803394692,0.00047259414618286134,0.00041136774712590064,0.00037789751159776716,0.0006436186793354842,0.000743226805229074,-0.00010915976667256943,9.784125510448593e-05,-0.0002966255064215522,0.0007806816549043436,0.00028900163443523947,-0.00012394804786926717,0.00025287616054215327,-0.00022323786747488765,0.00010215166773224801,0.0008583354270857268,-5.20331688304318e-05,0.00023610881612007808,0.0
2020-09-08,-0.0005052995615681097,-0.0004968082878660157,4.657334138416861e-05,0.0005071176689109131,0.0001914911156428166,-0.00019409812039166357,-0.0002594218836014831,0.0003015636857038965,0.0004695829962523187,-4.7966890524181205e-05,-0.00018404180999216982,0.0007912100431754926,0.00031476189705844336,0.00039368618397914385,0.000443162022001459,0.00040284831500014996,-5.5450192332317755e-05,0.0005583878737859531,-7.2648440216751e-05,0.0004192321688772812,0.0
2020-09-09,0.0005734188242133341,0.001176443465969307,0.0005130221469450933,0.0013590387592214105,0.0007991663500883135,0.0006390970113308316,0.00040945773374368566,0.0012968474940565696,0.0009314099436358447,6.802561607851732e-05,0.0008213964910941651,0.00014970849061604266,0.0005065540169424356,0.0007213002837414921,0.000711653221803623,0.0004620921392610634,0.000306073643944713,0.00041282202730095287,0.00026226098887458557,0.0006061614876769636,0.0
2020-09-10,0.0005581173512091975,0.0005932750216750942,0.00040394812904665406,-0.0001387897789422347,-4.1790069053294954e-05,0.0003823846895404184,-0.000513483707062526,0.00011111208249312175,0.0001008847705589909,0.00015675688484851193,-0.0004261335143842231,6.603928864356338e-05,-0.0004092642168922921,-0.0005440293358278209,-0.0001776472462061989,-0.00015533495688142045,0.00028758458901488235,0.0003499301835297253,-0.0005218927188684948,0.0003317476637126073,0.0
2020-09-11,-0.0005458897829202083,0.00032267133867996164,0.00033840983260989484,-0.00017153029224430146,4.248232868361781e-05,0.00044175851417301124,0.0005617685879999218,-8.069320393900943e-05,0.0002142939777255897,0.00014112776010548136,-0.00014483108299217243,0.0005855805622854702,-1.5687934281399676e-07,0.00034308086765450245,4.486236221682539e-05,0.0007245557234781658,0.00011106886909256509,0.00038168291743982414,0.0004670963764941444,8.186592802007405e-05,0.0
2020-09-14,-0.00047444681184183215,-0.0003545143559604089,0.00036802335077283784,0.00019857156350452763,0.00037138303263967463,0.0004177985827065443,0.000607443359279253,0.00019196904206519657,-7.186147941990758e-05,-0.00032492065565770546,-0.000174024187194299,-0.00020952855688463,-0.00021765923971712198,0.00014117086806245536,-0.0004014092514949993,-7.61806329542132e-05,-0.0005510722373244553,9.795185663897986e-06,0.0001560334951523317,6.447067717728689e-05,-0.0
2020-09-15,-0.00012222996978328028,0.0008605380571705081,0.00011938793470681443,0.00024088411374150088,0.0007449735593610613,0.0003584982022262311,-0.00035243638599919975,0.0006080802546805951,0.0005321502267769295,-0.0004029517607280218,0.0012123333498333486,0.00038325208204441726,-0.00047832341644486536,-0.00028198982776106955,0.000568433891267212,-0.00030081436158294273,0.0012508401667561597,-0.00015404680255750886,-0.00023602212836731904,0.0005001327538373284,0.0
2020-09-16,0.0001507099008939942,5.738193846513466e-05,0.0006061479159554574,0.00026639109386976547,-0.0002552596479057698,0.00031161163777595,-0.00010416572838713284,-7.183561591112915e-05,0.00036225173703287295,0.00024592853758167375,0.00041148123356686474,-0.000415416877963574,-0.00018700757461462394,0.0002376659149604385,0.0006880915197788411,0.0005138028263895129,-0.0004497471365967579,-0.00015551458230888534,0.001040343239559984,0.0006446475025500056,0.0
2020-09-17,0.00021691186808769564,0.00026181355830260636,-0.0001236687156759621,0.0002784342546905177,0.000289188150402376,0.0006335020262592737,0.00037401410589769143,-0.0003517116399517366,0.0006027884374169852,0.00046043854705256533,0.0007348467948804778,8.033244396693558e-05,-7.316320150889337e-05,0.0005600196116733405,-0.0002024988517769462,-7.090541554832183e-05,-0.00014883343410483906,0.0005453848519907749,-3.8449373392676435e-05,0.00045868567098047,0.0
2020-09-18,0.0003324186630383585,0.00036292087359344615,-0.0006325818311029898,-0.00036238938082465357,0.0001566449662054333,-0.00036027326901282394,-0.0003169943621916608,-0.0007897007616336875,-0.00021014373579939752,-2.542703656619554e-06,-0.00042399876275152793,-3.4071710017569254e-05,-0.0004947792824268062,-0.0006912073222655831,-6.00267478424235e-05,0.0003308121096384377,0.00018752270093455806,3.724098006894713e-05,0.00010823988413221353,0.0005441954660088874,-0.0
2020-09-21,0.00020897402055110114,0.00011523784671386608,-0.0005410198210900076,0.00046515329866480236,0.0005578624882568648,-0.0003486177957133846,-0.00012542976410051456,-2.5156001020245585e-05,-0.0003407805349540687,-0.00045491312436240583,1.0028611845246766e-05,-0.0003246174341482286,0.0003371679288348934,-1.6355827979348886e-05,-0.0003860308523099659,-0.0001217041664391838,0.00011365426637126735,-0.0002205524209198382,-0.00011466592218246331,-0.0002031366059526889,-0.0
2020-09-22,4.297884736994089e-05,0.0006511106811450955,-0.0001243807208552935,-0.0005359809828424066,0.0005154575202237248,-0.0001764229913131662,-0.00016694351240145218,0.0004101607215502722,0.00010425717718727744,9.717532581367149e-06,-0.0007441716237105363,-0.00025508765676058264,4.8845267986107213e-05,-0.0003556127179798757,-0.0001053900902233918,-0.0005711754973176994,-0.00038142114620852305,0.0003367758764132528,-0.0005670139659774303,0.00034176793957102654,-0.0
2020-09-23,0.0002691246106412318,0.0003230109678077645,0.0006402034199271997,0.0004827507975214855,-5.46240885413796e-05,-0.00022404007707442435,0.00036187135038534177,-0.00023084220505763337,0.0007752739198393479,0.0001602621171866693,0.00010935696419745562,-0.00030268923599618047,0.000549700768530705,0.00040318012437475474,0.00019384644262000682,0.0005058507275968824,-4.590340211491187e-05,0.0007672314702519702,0.00034322919493371464,0.00044366023504609843,0.0
2020-09-24,0.0005452100415415426,0.00029452770371094666,0.00021320516214173873,0.0006313284661232106,0.0009118882750173123,0.000573050287023287,8.683858192911084e-05,0.00032934766891248277,0.0008259087067151561,0.0007085044198700536,0.0005910666242462325,0.0006438984529702397,0.0005908258076348809,9.516650364488786e-05,-4.385598276123243e-05,0.0006002797175904848,0.0005816492149760807,0.0009749858883202227,0.00035475275438885554,-0.0002231825623192199,0.0
2020-09-25,-0.00041271404121115553,-0.0003463886231168309,-0.0002874971044579501,-0.0007034977567414526,-0.0001083830696099463,0.0002469679510826973,-5.436578321215712e-05,-0.0002444394478059023,0.0004407971712051522,-0.0004547285111001333,-0.0006101159042645656,-0.0005853733637026062,0.00025129038963050645,0.00023283015820833777,0.00029203919469097153,-0.0008589371495153751,9.0864123092157e-06,0.0004140271778365075,-0.00034018932998917966,0.00037887853256649354,-0.0
2020-09-28,0.00017993983486100875,-0.0007773497651236872,-0.0001870393886418647,-0.0004164373724871609,0.0002659724085418636,-0.00036947939723771324,-0.0004922179578398661,0.0005555989249144405,-5.902198192125669e-05,0.0002810033841159192,2.3325890872463515e-05,0.00041689768170231835,-0.00010321918116539817,-0.0001931907898702624,-0.00016385792739226333,-0.00013274096122631738,-0.00035986532102288906,-0.0001257271374551205,0.00034057436689938756,-0.000448160982397335,-0.0
2020-09-29,-0.0002874337036702361,-4.35523291513011e-06,0.0002895977155425128,-0.00014195393215116057,0.00039242749461383886,0.0002490518576583187,-4.932009175127177e-05,0.0008905371598166654,-0.00025531209834317296,0.0006092958605158052,0.00025402537610946254,-0.0001442549159180813,0.0006172423197298668,-0.00011824170413089401,-6.995039370276557e-05,0.00019303428794388024,0.00043841393318381464,-0.00039414674500432614,0.00030755627476112933,6.233505422926362e-06,0.0
2020-09-30,0.0002202505164931011,0.0003390646986806442,-0.00022822502620605925,0.00013637633319318215,-0.0005404103415117455,-0.0002884824240042209,-0.0006473731504756685,8.692139474042855e-05,-0.00038261714005618033,-2.2694883088883963e-05,-0.00026896806822534087,0.00021324097503704658,-0.0004941782249574894,-0.0003050466974742025,-2.2324710877214223e-05,2.0149176630784725e-05,0.00013659062734732816,-0.00018400213337604567,0.00018638248351053854,0.0002469425038661602,-0.0
2020-10-01,0.0006654737632787166,0.0004884456575616377,8.396654022222495e-05,0.0001465147566042616,0.0004918059651783885,-8.504266596948742e-05,0.00012410471141428137,0.0006015086952720701,0.0007718709068270783,0.00040932247049958184,-1.9877056130436754e-05,0.0005125039560660008,0.0002459196691490118,0.0005543935342885991,-3.21639160888131e-05,0.0002028706761663296,0.0007429666541800957,0.0002411936288447893,0.00019571100791442934,1.1542170915305982e-05,0.0
2020-10-02,-0.0005514450306424944,-0.0006181398390771919,-0.0010961359835485183,-0.0006552040736871155,-0.00027325383446407666,9.419872394255122e-05,-0.0008257057953911294,-0.00032067799336254473,-0.001276927874027922,-0.00035088524098115246,-0.0008755822672076641,-0.0009700250406089183,-0.0009839578244972113,-0.0008783548577948884,-0.0006895275402677035,-0.00036450413441997394,-0.000642685834942036,-0.0008456555557118604,-0.0005019948556319042,-0.0006501237500003919,-0.0
2020-10-05,-0.0002885578046687162,-0.000574986463344191,-0.0004225941013402935,-0.0007365327323029139,-0.00023512855482042176,-0.0005858744956443264,0.00010368404525444531,-0.000679030248040564,0.0002967039109373554,-0.000588935259402219,-0.00034616737776027156,-0.0004250877196663839,0.00020701609200631543,0.00014429845856488952,-0.0008688365141904861,-2.726239218865077e-05,5.7364137765675687e-05,-0.0003581899613861229,-0.00023640795894587594,3.7972979848005807e-06,-0.0
2020-10-06,-7.387137024554447e-05,-0.00013374340813530894,0.00019596138004775445,0.0005948130949368113,-0.0003026848047322804,-0.000667714165132127,-0.00023559445661656966,3.062366543268919e-05,-0.0004890398698576277,-0.00038406753001347645,-0.00032285115937697486,-0.0003704904428015577,-6.711502797941347e-05,-0.00013970315287921545,-0.0010259294930880904,-0.00020518735979603377,-0.0002958299345290995,-0.0006149507413304114,-3.9265038276728986e-05,-0.0005045845581293604,-0.0
2020-10-07,-0.0016553328527963776,-0.00028918832663659934,-0.000610933332789294,-0.0006244516616996119,-0.0012039223615750276,-0.0005698464330415218,-0.0006044255792336315,-0.0010059345645801235,2.8573129051399933e-05,-0.0005785113020518958,-0.00046276431604219746,-0.0007717583796979039,-0.00023070428004841705,-0.0011366540365653022,-0.0009564106665503463,-0.0007360132848485573,-0.00045795804588376864,-0.00038941420142577854,-0.0009927990742218693,-0.0007276573872731501,-0.0
2020-10-08,-0.00015661271119232184,-0.00011445353302389776,-0.0005229843313892824,-9.07783344573532e-05,-2.5245119961242938e-05,-0.00017119872531548365,-0.0002742583633879062,-0.0003241039259761976,-0.00029187634845882787,0.0004447941761018738,-0.00045050709702928196,-0.0007092219088431062,-0.0007683040899826683,-0.0002548681988385416,-0.00043573647207364953,-0.00021518915913957057,-0.00014090831476169043,0.0003033416641964644,-0.0010983785338763328,-0.0003884023741693148,-0.0
2020-10-09,-0.0002874265601335566,-0.00019437775772578901,0.00018059816264622323,-0.00044615949020529927,-0.00017845198125468354,-1.756522619026116e-05,-0.0010031170230599578,0.00014756543481149478,1.9229920581806207e-06,-0.000679374568924876,0.00030795400783557197,-6.273584475001239e-05,-0.00046504596260464056,-0.0002341701145163513,-0.0008340120312745106,-0.00046831002402395995,4.649416218548937e-05,0.0005857630465407829,0.00022057553612081753,8.624090263390864e-05,-0.0
2020-10-12,-6.784029184404021e-05,-0.00033279071620418864,-0.00025616093370521396,-0.00028168829789886713,-0.00037481689384039405,0.0006551215362611232,-0.0007426110988579132,-2.282128598735339e-05,0.0007933054507408504,0.0005243743634102399,0.000509005476078053,-0.00028630466935693216,-0.0006760644605464432,-0.0005456606958892594,-0.0002138215108457328,-0.0004117876804232933,0.00013319044351811087,3.655061012191982e-05,-5.588035515006551e-05,0.0004994828773142721,-0.0
2020-10-13,0.0005563218913081826,0.0006222169670940453,0.000811482621037966,0.0009896664442842734,0.00020208060898453746,4.592193715980282e-05,0.0002004970350113994,0.0007059625787457195,0.00020722032291414143,0.0002532126776573324,0.0004055358695268464,0.0002701219737720419,0.00043823140036121984,0.0003156179850448236,0.00012310013294404955,-7.64393209440674e-05,-0.0003519113738495854,0.0002625171225595654,0.0005138415553185907,-6.911731388512318e-05,0.0
2020-10-14,-8.871718795947336e-05,-0.0011698527483849767,0.00043081907420586995,-0.0007464465120332893,-9.234432876871806e-06,-0.0002704668796643313,3.324675425273796e-05,0.00039614230097788486,-0.00018974778998892037,-7.650890189896521e-05,-0.00018703531162328767,0.0002815176358304866,-0.00021127470154454607,0.00012474744644996668,-8.005327367575286e-05,-9.757996977658474e-05,-0.00028515029819859084,-7.789508081571453e-05,-0.00030225322298276273,-3.640153407098031e-05,-0.0
2020-10-15,-0.0006767313837483886,-0.00014759430551412978,-0.0002685368238075008,-0.00018665001510331097,-0.000477126594887351,0.00028380795025001226,-0.0003572886516704153,-0.0009187172961143989,-0.0005400741913722428,0.00014515472290467483,-0.00047727335945456915,-8.181205352441212e-05,-1.8718286901412986e-05,0.00011058313568205145,-6.456311556136004e-05,-0.0005792345706149495,-0.00025571902923506425,0.0001972753026118906,-0.0003596255273745275,-0.00047074475127856214,-0.0
2020-10-16,-5.917357537700953e-05,0.0008801817681018971,-0.0005447814736762928,-0.00043721778900722305,-9.680782565375769e-06,0.0003261442889869827,-0.0003053489719971364,-0.0007802662418651224,-0.0003685796276670896,0.0007133098283980408,0.00010127745636611898,-0.00022500056683577525,3.795621167805303e-07,0.0003685788459074817,0.0005574329016922932,-6.535164990514603e-05,0.00015341271429948112,0.0004741498389016733,0.0005173426006988615,1.620438965267302e-07,-0.0
2020-10-19,0.0003164314320946246,-0.0002303938655296882,0.0011066403821917508,0.00015659220578002287,-0.0003104414745170494,0.0005968873365553136,0.0002079945882960358,0.0007005630683484653,0.0001856737609781958,0.00046337572495372083,0.0004766717812668527,0.0006503470068718048,-0.0004432727705874834,0.001141325203426469,0.0004296300045008398,0.0007518991000370173,0.0005921455217554522,0.0002232608792325329,0.00042690176599230706,0.0009199923585866344,0.0
2020-10-20,-0.00022296934197263088,-0.0003502266267847728,-0.00013503269940741023,-0.0004867083709069695,0.0001993778145136736,-0.0004906520477481703,-0.0003686999889234711,0.00015256618218515743,-0.00046530951981143236,0.0001448370022392346,-0.00034271823542288593,-3.455946654894755e-05,-0.0008284699931030732,-0.00027309322976832613,-0.0005865171919887093,-0.00033715702674048123,-7.68075406645568e-05,0.0001585712065673592,0.0005043387043552194,-0.0001368067971691962,-0.0
2020-10-21,-0.00018884263507616263,-0.0002500789010238558,-0.0003705829834801734,-0.0005857213371549579,-0.00024021358251743446,0.00014844596370237168,2.2031051268023897e-05,-0.00016076007926352155,-0.0006882460466475121,-0.0005971180314776654,-0.00039118401617932366,-0.0004910007139804571,-0.000212672934790257,-5.69029948384228e-05,-1.5611980757252968e-05,-0.00019881322509238933,-0.0005030103228265173,-0.00020134610720402125,6.331316966646954e-05,-0.00045306784814772835,-0.0
2020-10-22,0.0005147811446416325,-2.5788467561767373e-07,0.0005055935693256362,0.0001702665281534328,-0.00021964688384332873,0.00045910185382007503,0.00040060062936586176,0.000301178458230653,8.735454139256431e-05,-2.4566731620835802e-05,0.0002872708109326455,-1.797842524338771e-05,0.000312903312096717,-5.168342888356272e-05,0.0006221990019639061,8.067553058159053e-05,0.0004872207634465445,-0.00010000849063242348,-7.381848551294383e-05,-0.0003205591894005064,0.0
2020-10-23,-0.00043106710302633197,0.00030210456231595056,0.00019381840153723202,-0.0009348831106722692,-0.0008962558831322745,9.964433921115454e-06,-0.00024313402967775783,0.0002583766792231219,9.976956715476545e-05,-0.0005480811001525003,-3.2938206029261836e-05,0.00028757694013472723,-0.000804824176681586,0.0006136322002223288,-0.00043255963198213346,0.00039527599323118355,-0.0003450593956873165,-0.00011516687486165994,9.948589979497863e-05,0.00029308255918135667,-0.0
2020-10-26,0.0002431376995919199,0.0003503874632557809,0.0006657237312681218,7.321513605221849e-05,0.0005253513133981908,-1.8998186462942847e-05,0.0001636598552176624,0.0005012404692659959,-0.00012645164001679886,6.243189762563496e-06,-1.3854524910976095e-05,0.00045362908847369505,0.00014990385925709403,-0.00012938021057299156,-0.00017809679239023078,0.0007645438644383153,0.0006352209295483945,0.0008127564057078733,0.0007921028340887966,2.60562550235328e-05,0.0
2020-10-27,0.0004436267514716282,5.4570923272280305e-05,-0.00023936151509090355,-2.8898910957158495e-05,0.00019004734616158268,4.027530996022595e-05,9.473971929282574e-05,-0.00010732191110640949,-5.472807012912198e-05,0.00020314493635479664,4.121755721315144e-05,-0.0005200349211871339,-0.0003370678445775804,0.0006608341546869331,-0.0004702391946581597,-0.0001639899220941841,0.00047499887322647986,0.00026641274313921856,8.100297546084263e-05,-0.000271121995639963,0.0
2020-10-28,-0.0004005472730465045,0.00047968150127980573,0.0003237577733272063,-0.00026221095838889507,0.00026700848675350605,0.0008092086095509547,0.00033888802606101134,0.0005465900060703751,0.0006842176044518721,0.0002823657951300323,-1.0188666982381897e-05,-0.0001473560238806871,-0.00017626670690979777,0.000830274299937289,3.886894664313772e-06,0.00045781958573312345,0.0002034197320870994,2.5657100530370224e-05,0.0004416457565701832,0.00030742107616060874,0.0
2020-10-29,-0.00021618470648664234,-0.0002793587509536801,-0.0007241586789653284,0.00023203799429519483,1.7170579809553424e-05,-0.0007009172355618651,0.0002847974185685828,-0.00041600682446512666,-0.0007772046928076394,0.0003274996115032829,-0.0005480554297620352,-4.007609603763141e-05,-0.0004804830183884686,-0.0005864068601994693,-0.00014376074169486467,0.0004505174476034773,-0.0005243576524133477,4.5624298978927176e-05,0.00021755394921475893,-8.18313987183511e-05,-0.0
2020-10-30,-0.00019787222459400863,0.0011155880824779015,0.00024087162339514004,-0.00019697531078094298,0.0002952991606000125,-0.00028924405607561136,-7.816007086700822e-06,8.891783435987942e-05,0.0006663931157994123,0.0007457749539290149,1.2348993203490868e-07,-0.00039935472745624383,4.1903324421791706e-05,0.0003794818679567978,0.000486939492708636,-0.0004125076281684694,-0.00024632047464265657,0.00026534872470423043,-0.0008558424850467257,-0.000127271069022641,0.0
2020-11-02,-0.00017783306152198777,-7.882734055437694e-07,-6.349152469220755e-05,-0.0001299973217353426,1.400031708076447e-05,-0.0002824381413961217,0.00034717261548122765,1.660482467412923e-05,-0.0002881152311587175,-0.0001063507108170767,-0.00025286780381136056,0.00022034686042602433,-0.00027951632826898215,0.00011107784594733263,0.0002435868916907943,0.0002923507264775731,-0.00044204076855243593,-0.0001715865688126571,0.00019672956837993606,-0.00038369559573293784,-0.0
2020-11-03,-0.0006518820848742056,-0.0002668507242777562,-0.00023684621932878455,-0.0005424761661193045,-0.00042417443478939273,-0.0004789868633525651,-0.0007412285359244152,-0.000636003143267455,-0.0002648830233317633,-0.0005730890022915158,-0.0005917489766999961,0.00034232601218505684,-0.0010303497472976151,-0.00047939412058431436,-0.00020026515564980916,-0.0009444517468445489,-0.0006581172576545613,-0.0005965141596427192,0.0001361850798114461,0.00014379596875356836,-0.0
2020-11-04,-0.0004897118175935737,-0.0010346806806013123,-0.00048567770488863624,-0.0004600698427466867,-0.0005786467957681003,-0.00043764070332945917,-0.0006516551615611775,-0.0006897572574125477,1.5235317100567083e-05,-2.6437265189293408e-05,-6.631319886997339e-05,-0.0003066051589229541,-0.0003873412064751011,-0.00047962454458908124,-0.00041847902425153196,-0.0004178140427817527,-0.0004934494398942847,-0.0008187895390304472,-0.0007092409396385155,-0.00019554156813535016,-0.0
2020-11-05,0.0008374155772187097,6.9939402019775545e-06,0.00010979034008912763,0.0006536274567317424,0.00034381483450214817,0.000532483702229428,-0.0005446785274375015,0.0009705772571850555,0.0007615388479616229,0.0006434906880785469,6.026869786743902e-05,-0.00012815727131848715,7.371631549469022e-05,0.00028977830323930793,0.0003361440982928895,0.00014680892998369474,1.4539477894638767e-06,-0.0003742262562791356,0.0005667864946469926,0.0005520527317630323,0.0
2020-11-06,-0.0005386658690570225,0.000304286294663157,-0.00039681826506809834,0.0007763557659275424,0.00039546749655313714,6.877048546386463e-05,-3.89876214674406e-05,-0.0004070974069026994,7.300924429282514e-05,6.220766148835024e-05,0.0005521856359076223,-3.1564135011333525e-05,-0.00041509249703808906,3.3160342403749106e-05,6.505196701771235e-05,-0.00068189171619431,-0.0006492379505389662,-0.00031434779432139184,-9.596836670989922e-05,-0.00022277540682908174,-0.0
2020-11-09,-0.0006879143938434889,-0.0007436612345854448,-4.3089090998408755e-06,-2.0454319651101965e-05,-0.0003195973709718114,-0.0002615418327423537,-5.293587386682234e-05,-0.00015120846126554118,-0.0005372733162835377,-3.457146429607136e-05,-6.244000759471382e-05,8.20374236107983e-05,-0.00038022326273639157,0.0002421521203237822,0.0001767354950360688,9.777208131735586e-05,-0.0004400656645243381,-0.00033334570773446503,-0.0008832751188772917,-0.000582315791232007,-0.0
2020-11-10,-0.00047141230829293203,-0.0007640954884491181,0.000498775355006043,0.0003686628468478346,0.000498412181897258,7.578048408726253e-05,-0.0008955614854210788,0.00018123684077303448,-0.00030141441249650094,0.00017390861846601312,-0.0003139611883383715,1.3169606949190874e-05,-0.00013988548312741337,0.00018012183833553323,-2.9501107628396258e-05,2.94562354219643e-05,1.0542977416976933e-05,0.00040655221524101974,0.00025471367149863046,-0.00021073803790200185,-0.0
2020-11-11,0.0009058299366412394,0.00032201901259093805,0.00012733855035120442,0.0009535589991076752,0.0004594350304529456,0.0005442227164237976,0.0003715639107168339,0.0003033254167162022,0.00012154474640548768,-2.556323861514289e-05,0.000734614681405494,0.0004995430434777049,0.00032738669450525456,5.239261538121902e-05,0.0004199445233735625,-3.384692611933649e-06,0.00019714465193905876,0.0005961673679864285,0.00031910826122603166,-0.000214024744507748,0.0
2020-11-12,-0.000787001409379644,-0.00014874281079242744,-0.0004413924929302997,-0.0005714548686256256,-0.0005097016716688498,-0.0012372927180386462,-0.00040535295270785726,-0.00039953984246595336,2.8140166867917465e-05,-0.0010769621416856561,-0.0009000995476099932,-0.0009326868279096383,-0.0007004195323997109,-0.00037627133063134854,-0.0007909195419171373,-0.00050603206155569,-0.0009192583748298011,-0.0005549869228332414,-0.000661763436387314,-0.0007485010466756188,-0.0
2020-11-13,-0.0004170535179523272,-0.00039011311541263836,-0.0002646319658679424,0.0001422903421808346,0.00043734896073311644,-3.87719215075564e-05,-0.000214475593201663,-0.0003009859357483291,-0.0005603506649433131,-0.00043478965391643574,0.000280410140951253,-0.0006774847616648278,-0.00034556185084524065,-0.0010396582162166533,-0.0003800347449123637,-9.536900678912222e-05,-0.001206888549035199,-0.0010529051316437628,-0.00018824315390168645,-0.0006469469903624296,-0.0
2020-11-16,-0.0003883757262169229,-0.00036235154840803536,-0.00025285902897228136,2.5599975073306802e-05,0.0003377428538307401,-0.0005462670545781246,-0.000650063415715473,-0.0005628857163874124,-0.000142551258011067,-0.0003254442200220713,-0.00017851566833915056,6.45688467036278e-05,-0.0002623842277804569,-0.00038862688349581697,-0.0003482557121631366,-0.000858140125580946,0.00014003616258931602,-0.0001453900580827655,-0.0005893167404043777,-0.0002773817591703871,-0.0
2020-11-17,8.24272276456137e-05,-0.00023031472297470844,-0.00012122877375491195,0.0004950904385287583,0.0010530642911189471,0.0002596492671213781,0.0006577493126044316,0.0006044878505655517,5.0145448465951415e-05,0.000514024845485237,0.0006213855563069239,0.00016789807527239873,0.0006812725204953898,0.0003122532817743932,-1.998689384253101e-06,-0.0006684394486746744,0.00038292532706361013,-0.00015718406942475218,0.0006849663370920205,0.0004270114770644081,0.0
2020-11-18,2.0285316846895533e-06,0.00023424656068447998,-0.00037214530850779174,0.00022125774532491104,-0.00020763430936056272,0.00020378951779843305,8.480783445934496e-05,-0.00010732562058431569,-0.0003258264526449591,3.881926424134259e-05,9.851347396217902e-05,-0.0008323288050713575,0.0006258748704663687,0.00031440285286208535,0.00039339366844766735,6.642570712847981e-05,0.00018839468584055255,0.00037609766060649983,-0.00023691242306493715,0.00011522460086889404,0.0
2020-11-19,0.0010571185982711567,0.0004376132207359859,-5.293970635498115e-05,-0.0004476127816038722,0.0010474432622502021,0.00019457497517206597,0.00041356689824096596,0.0008350324012722634,0.0002315610575947165,-0.0003796554904449793,0.00032436184358435033,0.00011249018619795488,0.00021288019838068385,0.0008433995952954681,0.0007525618986955236,-4.654771894585266e-05,0.0002723595025872561,0.0005201001559435807,0.0007517645164727071,1.5127892144148344e-05,0.0
2020-11-20,0.00017192630421527104,-0.0009104193677100046,-0.0010479957592617742,-0.00022360013082495966,-0.0003681966198506599,-0.00014375163008027478,-0.0003473096314061504,-0.00016648125687558502,-0.00043072902555707564,-0.0010479457192623604,-0.00040794916215539106,-0.0002023408697437406,-0.0005253401007043057,-0.00024109926641379347,-0.0003347518284037935,0.00014615946779826365,-0.00013428135100364134,-0.00028863394612312787,8.55801191790013e-05,-0.0007203949795400441,-0.0
2020-11-23,-0.000608613156484291,8.52805653899193e-05,0.000179457599184567,-0.0008986232218614014,-0.0004167292571065864,-0.000260020966757807,-0.00016961003829617368,-0.0005645132622362373,-0.00039859614861912664,-4.916687464552812e-05,-0.0006538408630228367,6.19344233669502e-05,-0.0007988032837260726,-0.00044178231839512954,-0.00019661395243604165,-0.00041856208304970886,-0.0002159335481394791,-2.1780648915656274e-05,0.00023454435450817704,-0.0007963919339777976,-0.0
2020-11-24,0.00035629983227359604,0.0003856748583050568,0.0002546699204930001,-0.0004591140637087753,-0.0006707057662079771,2.9570163091872526e-05,0.0005047448331603728,0.00025431368383632284,-0.0003886441782366764,-9.99477220694027e-05,0.00025640876387031825,0.0007083512379019117,0.00034795098853868437,-0.00011534127024378211,0.0004437141256394622,0.00022785284634572385,0.00015949218719980973,0.00047663116402702686,0.0003022002356213334,0.00019300886223658738,0.0
2020-11-25,-0.0002697860659203476,0.0004062321396338544,1.0903072610860992e-05,9.221430872182012e-05,0.0001433987765997319,0.0005589552657779077,-4.8832535414308256e-05,-0.0003073697213253987,-4.125632788259988e-06,-5.855279768553885e-05,0.0003914482143101019,5.189556586770095e-05,-0.00028809473647819047,0.0003164665038416529,-2.951855718753766e-05,-4.190690662159406e-05,0.00027886491275273833,5.919210879642063e-05,-0.00013100780367925082,6.691469745240077e-05,0.0
2020-11-27,-0.0004603328109937676,0.00035553568769512034,-0.0005973752622931394,-0.0002393142446169027,-0.00023300932100549853,0.0004124701597038817,0.0002525523214210162,0.00025160536853859094,0.0006955076131884062,-3.562354940492765e-05,-0.00026712196548236993,0.00039454406388438713,0.0009530525585808554,9.192983311924947e-05,0.0002321004301920181,-0.00036428055799912155,0.0004862614534638248,0.00010687846367083303,-9.619828814997585e-05,-0.0003187342274144583,0.0
2020-11-30,0.0003045164781817796,0.00017869610517732103,-0.0006647503984250773,-5.12514800756881e-05,0.00010050790798288447,5.9654931314002305e-05,0.0003827409762352732,-0.0001279804302329119,-0.0003473302633419243,-0.00035825417476354474,0.0005061505344325959,-5.1772604301852e-06,0.0009156279399213515,-0.00022648167587971643,-0.00012735354466340918,-3.457832278644496e-05,0.000427428662875247,-0.0005064403538745254,-0.0003289282694372074,0.0004351706266041926,-0.0
2020-12-01,0.00048395991292193223,0.00026210468751985993,7.866532570519036e-05,0.00013524410763813153,-0.00034052226742736194,0.0003324727712920579,3.606940687421729e-05,-0.00020839339169355917,0.0003959498076532463,-0.00023816017918222644,0.0003048607754778948,0.0002109412541096706,8.631732478691126e-06,0.000419676792876467,-0.00011250030653202188,-0.0003593708211212181,-0.00020521960745861173,-4.022944007221408e-05,2.3158258635453316e-05,0.00036442101987606447,0.0
2020-12-02,0.0004156416316401955,0.0003534886562988614,0.0007391948316928241,0.0001135907040594297,0.0006787182870016116,-0.00019734197867419252,-0.0003443653141228186,-0.00024428114431451206,-0.0011630038418620533,0.00040646607448742146,-0.00010339451916911434,-1.5877483367099372e-05,-0.0005332271247378227,0.00045876981110690705,0.000232078200782082,-0.00043177069122920505,0.00013682421852655443,-0.000299283378084264,-0.00019068751738426365,-0.00030799687149158365,0.0
2020-12-03,5.9076444865687855e-05,-0.00041658748716796385,-2.182493241781369e-05,-9.36576164915484e-05,0.0004218487806507716,0.0009806012254277609,0.00045660964652860444,0.0010703158873259474,-5.646835169152422e-05,0.00014049650412132546,6.373955199057263e-05,0.00035827182627842677,0.0004471630770884572,-0.00011381883896963824,0.0004043952742385756,-0.0001597834706946182,-0.0003398857327767936,-0.0001285694691700942,0.00033554089511292416,0.000314090727265613,0.0
2020-12-04,0.00017388637887834658,-0.0002927854927309423,0.0005393498966678697,0.000544106010697999,0.0010482290215469306,-0.00015128316943411067,0.000732555675012992,0.0002666332374329621,-0.0004252997949015027,0.00045677508598752285,0.0008799550406390536,-2.4343401918295968e-05,0.0009608338051783388,-0.0002936055375961889,0.0005592395334702753,-0.0001808598487067447,6.225157964165351e-05,-2.5008513115504897e-05,-5.064431736529036e-05,0.0001827073997808995,0.0
2020-12-07,-0.00018674051820612216,-0.0006950391331197644,-0.0006265275328099165,-0.00048093268154056796,-0.000834073753255789,-0.00041041535639782674,2.7834450290756617e-06,-0.0006074248078815099,-1.5001756731767239e-05,-0.00018121311855116083,-0.0001207655051858845,0.00024421914248791524,-0.0009158504754167615,-0.0004789989666190538,-0.00045643326700013393,-0.0005096231518121112,-0.0005115051727363819,-0.0011152008430122668,-0.0006617682856691587,-0.0003544291442049877,-0.0
2020-12-08,-0.0004917383742479734,-0.0006556463833684303,-0.000612590216324828,-0.0004706449396657298,-8.396604272305261e-05,-0.0007278085871503998,-0.0003803158309556451,-0.0008442366371869542,-0.00030607902275838085,-0.0005219358784295262,-0.00022834747316529273,-0.0014782643637985561,4.031992188592283e-05,-0.0010148106601603213,-0.0010599376217763836,-0.0007420262637745024,-0.00036009164051494197,-0.00027250021442674465,-0.0007490498069775405,-0.0005622216255242592,-0.0
2020-12-09,0.00014968651187451004,0.0004121312052472531,0.0007197953861103877,-0.00013359588208148874,-0.0003580163709936751,0.00017252481030836114,-0.0005463531613946105,0.0004528552287877127,-7.417440295428295e-05,0.0005768433461901673,0.00020226696368549568,0.000482519456726928,-0.0003658004511180876,-0.00015848337434261445,0.0006772785982212245,0.0003740881815742578,0.00024247578217597622,0.0003532571257761619,1.3876722679288439e-05,0.0005195062302933392,0.0
2020-12-10,-0.00023135011624161894,0.0004434012958829119,0.00022174539279504033,0.000274844486286769,0.0004213675723008499,0.0001791190568936152,0.00011608957541516615,0.00011550647613238194,0.00042472378721043655,0.0003517580954321932,0.0005442113941556186,0.0004495197542177884,-0.00017134715525277824,-2.5787080180152718e-05,8.197645080226921e-05,-0.00020783256417081713,0.00056919100883249,0.0007279228921154229,0.000214144267728712,0.0008590645082374852,0.0
2020-12-11,-0.00024088020542436327,0.0001088889426739714,-0.0005335985245301732,0.00010333578623151091,-0.0005161582368598444,-0.0005505565628022633,-0.0004870936881193448,-0.0006683663226246592,0.00013596148188669652,0.0002022424445044918,-0.00016265090768504258,-0.0001510747884113166,-0.0001710709401394527,8.322649533790338e-05,-0.0005500282098461871,-0.0003559784680418913,-0.0004008560985711748,1.5797025178788383e-07,-7.474614885380708e-05,-0.00017860114968801707,-0.0
2020-12-14,-0.00013791581716905907,-0.00011265702666469178,-1.9484277298718447e-05,-0.00017675676341204503,-0.0006879032561168956,-9.89115894076112e-05,-0.0004991494565889205,-0.0005258759064762169,-3.9582753570964806e-05,-0.00023553897333410213,-0.0005934377425276837,-0.000933878007173074,-0.00015858965327888059,-0.00028108025991388123,-0.0007053043628346652,-0.0006585528920730383,-0.0007142853073144333,-0.00033813562182529247,-0.0008116593608461179,-0.0003344910072494777,-0.0
2020-12-15,-0.0003884257740827832,-0.0002718376947039563,5.0087973079578656e-05,-0.00024834513350379176,-0.00015040604793583345,-0.00038840423223508025,0.000621846387753182,1.890822160911243e-05,-0.00010739155824411709,0.0003824015594708803,7.303911615505772e-05,-0.0005510774712060452,9.708433805246414e-06,0.0008740621813867629,-0.0005767596716336143,9.906133082074049e-05,-0.00024502937549989297,0.000308819196770378,-0.0003788679742390381,0.0005556558732721851,0.0
2020-12-16,0.0004886523443528148,0.00034693172256925094,0.0006640621273888272,7.528273389778957e-05,-5.507903490040407e-05,0.0006051706174565734,-0.00011337236113253053,0.00011948519603325565,-0.0004985816389810676,-6.559233939252117e-05,0.0006722862975305565,0.0004699463512601192,0.0004226336015439584,4.105295555289505e-05,0.0001874167946302738,0.0003389170321760159,0.0004996873138314177,0.0003185447978152389,0.0001970636097974778,7.994571000338804e-05,0.0
2020-12-17,0.0006266972347323679,0.0002108063188314375,0.00027772060127966155,0.00016274535400159852,6.829768857675402e-05,0.0007349623341025978,0.0012964922964120076,0.0001954400765099015,0.0001879474350737956,0.0006256739556528661,0.0011066918134287544,0.0009661982978731418,0.0008972264386827663,0.0009667545775997996,0.0007158388037055172,0.0005417772760302805,0.0003722219181177056,0.0009664891245480088,0.00010630476076250288,0.00018681020409503358,0.0
2020-12-18,0.0004142625796107475,8.294293552148539e-05,0.0006597784733590231,-7.94039067681092e-05,-5.032061044703231e-06,1.654494979615773e-05,1.6269841692571238e-05,1.2802290119097471e-05,0.000401807058880837,-0.0005133143324501085,6.464478785833189e-05,0.00022602240966490653,0.0005820603675114327,0.00032276980547795244,-1.938596411392681e-06,-0.00018928121092929572,-0.0006896489561146829,-2.8864160843695584e-05,0.000592315117390082,0.00039220683208744347,0.0
2020-12-21,0.00020854515821251313,1.362642188940351e-05,-3.178323821761845e-06,-0.0005823614421131641,-5.803647391954323e-05,8.764231250242441e-05,-0.0003727448031837927,-0.0002592122681078607,0.0006149145108755564,0.00040318252623811236,-0.0005835974186037722,0.00018272234776000064,-0.00032243177597155115,-0.0002949824288868659,0.00036503722402444745,-8.621368000609833e-05,0.00011996542855915504,-0.00010654822029443113,-0.000332600825922095,-0.0005396151471000662,-0.0
2020-12-22,-0.0004958553826260383,-0.0014227616573907807,-9.63410738327093e-05,-0.00028715688255522053,0.00016201413868391297,-0.0003012900904149173,5.145799479040764e-05,-0.0004491333965912864,-0.0002588254037103852,-0.00048125085013365213,0.0003420131384039677,-0.0004066413807014651,-0.0005543790242669233,-0.000296302364869903,0.00020117076440603858,-0.0004056341212807479,-0.0005551796134776568,-0.000344512300206352,-0.00021967116548873822,-0.000535413121193603,-0.0
2020-12-23,-0.0005646405963979286,0.0008244149836060573,5.695515982955885e-05,0.00022543338364399562,0.00011259541894027862,-0.00037853554884804665,0.0003374620972422102,0.00010295852683642975,-0.00020027187238157035,-0.0001670564555309195,0.0006166669323632796,0.00012473704611762175,0.00038050670332832274,-0.0001881119881045766,0.0003219721323757461,0.00044670175802211565,7.370965090685006e-05,0.0007181727119693727,0.00016153455889772095,0.000540944154396312,0.0
2020-12-24,-0.00026474903383568604,0.000117327789621501,-0.00026618526989104414,-0.00034657910608322534,0.00033157160886075566,-0.00045709305644603865,0.0001518712285885965,0.0006845181982030015,0.0007418927380148653,-0.0005735046542917745,6.511076473278596e-05,0.0003507144338019375,8.145729122265015e-05,1.1932486167035454e-05,-0.0007632921804036499,-3.830180735350806e-05,-0.000458088783336975,-0.00030448586977344414,-0.0005020948100349869,-0.0006919992559829658,-0.0
2020-12-28,3.205918966593568e-05,-0.00047997510396748767,-0.00029042490363365115,-0.0003032525871637342,-0.000807743564321971,-4.8881302102955236e-05,-0.0005619412804150795,0.00018580149835350227,-0.00013580444122365055,-0.0002975294810878765,0.00036960294064860373,-0.00039258124412480173,-7.411972977262341e-05,6.610961222020221e-05,0.00022211694151368365,-0.00024124788784578717,-0.0002628218206316182,0.00017381674737015643,-0.0005499344606426646,-0.00017405063250127542,-0.0
2020-12-29,0.0003888290288475725,0.001226567902536422,0.00043958331379849436,0.0004884315510468139,0.00042811176780883616,0.0007812773218872162,0.000767676279938338,0.0012586842440278055,0.00014804474879174392,0.0004936435526493664,0.0007434482359616809,0.0009995652831806857,0.0003539899911246275,0.000450295149880202,0.0004982844851861424,0.00012523844942183022,-0.000407871093625939,0.00010368125683237161,0.00034027411881453964,7.460052837532682e-05,0.0
2020-12-30,0.00026143429236874245,0.0003809736579136696,0.0008708000814661416,0.0008514977688109777,0.0007544070579232459,0.0005867009096700439,0.00014661231759715123,0.00031112686490454187,0.0004568833309605987,0.001163378011784165,0.00020119759631079173,-6.806396483589864e-05,0.000740025231873557,0.0008021732798059061,0.0010980516201818638,0.0002842197515040486,0.00046407305570572726,0.0005463780233847927,0.0007377207389399456,0.0006475887766071412,0.0
2020-12-31,-0.00031137663472412865,0.0003659977449533454,0.0002626737717136849,0.00010708326804307545,0.0004454156697557834,0.00018543592722404593,4.494022345777211e-05,0.0009188337735433723,0.0006624443189433198,0.0006424804638117179,-0.00014519268981964993,0.00010914049802974939,-6.087818521344378e-05,0.0007720599359628967,0.00011366479457556739,0.0003921238642598614,1.6003329314302674e-05,0.00026264768440493466,0.000917241113011694,0.0009645698594343328,0.0
2021-01-04,0.0003530764196595658,-0.00041911642809957795,-0.0008070710737496158,-0.0004427836691845227,-0.0005576602783883969,-0.0003168089296586031,-0.0002882092192880721,-0.00017682175434972068,-0.0002745846821291303,-0.00044805093824858383,-0.0007569496766546936,-6.143897442271732e-05,-0.00016793410031849717,0.0002739620766569154,-0.00030487583276686244,-0.00026581594228507975,-0.0006500341972582546,-0.0006157123980247506,0.0003823163419482747,-0.0006145852028320115,-0.0
2021-01-05,0.0005336551853020955,0.0008228525539084043,-0.0003431428964430161,-5.145198409909347e-05,0.0005715795230613053,0.00013071180579583564,-4.233184916215272e-05,0.0005898826329051477,0.0005226816157884008,-0.00033852612243614474,0.000246250299534212,0.0009106391478082899,0.00028377520066958934,-0.00016587524300548664,0.00027602544565624726,0.0002133230352344584,0.0005121188450628479,1.2095676013978986e-05,0.0006903129103782215,-0.000491507285122439,0.0
2021-01-06,0.00045642378986884927,0.0001493007745834343,-0.0004150965724332335,-0.00021252517127353504,-1.6106471720210205e-06,-0.0004261207768802674,0.0005496552500920271,0.00034691256639849305,-0.0003794993384577272,-0.0006078078569961887,2.1160299749747566e-05,0.00019185286562252186,0.00022606109510508332,0.00016577843514388896,-0.0001420677562377638,-0.00042918707953044943,0.00014357091808284576,0.00035875430055129964,-0.00025187233705582004,0.00030462979424685454,0.0
2021-01-07,0.00047481043098544096,0.0001841054891507732,0.00033853031878436715,0.0003111766231294913,-0.0001438342498199049,0.00014897069841906076,-7.357960359667872e-05,9.143446484787842e-06,-0.00037201727343884897,-0.00022455119254935106,-7.34672863902608e-05,-0.00023667671062518696,0.00040470001462204275,0.0003756172387769249,-0.0004370122730133899,-0.0001543231887371604,4.408092020081047e-05,1.1428878444738437e-05,-0.00017826450979270252,-8.971155875727409e-05,0.0
2021-01-08,0.0005703782986411033,0.000790310725178479,-4.7220045835688853e-05,0.000306551075425317,0.0005272903805270386,0.000533622515886356,0.00027895592480497896,0.000615253372548955,9.69916851828634e-05,-0.00010760136419488999,0.0003173032000121556,0.0010253384037795202,-1.939948109063588e-06,-2.525888857454271e-05,-0.00047853922918580493,0.00025565909239910056,0.00010253495265353632,1.738546457370602e-05,0.0008406922424872639,0.0002876131847249606,0.0
2021-01-11,0.00010050351926885301,0.00039864092285892504,0.0002823303254510119,0.00020152266871648232,0.0001867648020860073,0.00020611836323573636,-0.0001253035048372666,0.0003599060860319294,8.322715454421068e-05,0.0002940472216101879,0.0004829965990487633,0.00014267983928699176,0.0004230380312324663,-0.00027407299805972876,0.0011842405215061827,0.0005956767197812415,0.0004986511295501775,0.0004958222946065727,0.000724809687751052,0.00030744778664607535,0.0
2021-01-12,0.00015895586410818722,0.00019899625061698003,0.00025476474115605866,0.0006542830084440447,2.9580867054795432e-05,0.0008268436448807281,0.0005722040932683716,-0.0004147048556650736,0.00032323734124557974,0.0001557567094440221,2.1046273841527265e-05,0.00045517661912064316,0.00022163250694368577,0.00019995225328295446,-0.00036804809342807934,-0.0004458439299631707,6.078981269345718e-05,0.00020508432925450952,0.0005000663083701783,0.0004049193487809185,0.0
2021-01-13,3.474012582112489e-05,0.0005885949250615577,0.00015772744745806388,0.0006514616078916627,-1.1337630699773268e-05,-0.0001691401130792486,-4.963470250436838e-05,0.00014127060243287958,0.00039994503842178016,0.00018251004808106676,-6.670798829505594e-05,6.836853165817592e-05,-9.43248477610215e-05,3.8422153706758644e-05,-0.0003874012926622135,-0.00017806134584496617,0.0007080693693208234,0.00029960126039545816,0.0004769966305841758,0.0003813519474763353,0.0
2021-01-14,0.001044457231489058,0.0010258350410442339,0.000249059071692981,-0.00048138589288689655,-0.0002732492751382318,-0.00013073467992983997,0.0004990429013530212,0.0004091370100020637,0.0009530724856326426,-0.000222877568338914,-6.72811678057215e-05,0.00015433061728027496,-0.0003634808549316244,3.961143755282804e-05,0.0002913727100281167,-0.0005482247721756175,0.0005396758057600811,0.0004847916827249097,-5.1020796704625696e-05,9.082672106010216e-05,0.0
2021-01-15,-0.0003110514418382542,-0.00040366691487530616,-0.00043064469288880416,-0.000267175307713911,-0.0006257617806066149,-0.00044488182774594974,-0.00012061085556908404,-0.0004019035928478324,-0.0007558629167007418,-0.0004211162709779264,-0.00016996876846165994,-0.0007081899366242313,0.00016575728165826387,-0.0006452227778994586,-0.0009634488589333152,-0.0003643301602705517,4.803647375294596e-06,4.730191166399354e-05,0.00010925140365046933,-0.00034016057988109973,-0.0
2021-01-19,-0.00013892650931423572,7.322356427689074e-05,-0.0009011693007073635,0.00010772620059661311,0.00040683816586609616,0.00011307159540789215,-0.0001284799801846092,0.00019515513117147854,-8.092059205636982e-05,-0.00044660816735959735,4.127385548979099e-06,0.0008336046635943538,4.372294568143696e-06,0.0007633212904247632,-0.0005123505542475998,0.0004249781676526255,0.0003787586792876262,-0.0007847714452311164,-0.00023525363885318728,-3.6974412346057346e-05,0.0
2021-01-20,1.2894609391723519e-05,-9.571505028905063e-05,-0.00025366287417612817,-0.0003129494104508763,-6.434527731631605e-05,-0.0008112007717114874,-0.0001409049455846721,-0.0004197424760446628,-0.0003970195992676714,-0.00017129386270768265,-5.2136148194722644e-05,0.00027568330387127085,-0.0002757486421407309,-0.0003083391061829389,-0.001096287199240206,-2.3475762230029265e-05,-0.0003765528367438046,-0.000188370452143918,-0.0007360929579844182,-0.00026431168649730094,-0.0
2021-01-21,-0.000737119365310562,0.00011173665897773584,-0.00019658714476356352,-0.0002389804019940408,-1.7526772914097207e-05,-0.0001398317656304038,-0.0005234057832013595,-0.00026672905550387537,2.4488446235799522e-05,-5.9162602995781976e-05,0.00018995914797775723,0.0002779985440170928,-0.0007563618076071083,-0.0001462889164806803,-0.00023343607431651196,-0.00014670888759311162,-0.0003470117209934052,-0.0009432889905392068,-7.423559520294814e-05,-0.00035716918045420557,-0.0
2021-01-22,0.001035547655386206,0.00028396603785121497,0.0010110126236793924,-0.00012835424459512024,0.0006569196922458399,0.0005548094281409941,0.000669029864434328,0.0004476665539157818,0.0008706642433912315,0.0003306630877349773,0.001479857902918987,0.00021151575644289724,0.000851499891318441,0.0006505255616713554,9.461517851752349e-05,0.00011179614533948936,0.0004190335913603777,0.0014147372494072237,0.0002789922082596734,0.0006733469304294086,0.0
2021-01-25,0.0002685790683961698,0.00041502071854916786,0.0010486194163248771,0.000989114386429712,0.00027547104560824196,-0.0002485545526803556,0.0004230787860880435,0.000421817769758732,0.00033360085335452477,0.0006090806304829682,0.0007300691859848722,-0.00015660129168720006,0.0008419789948779599,-0.00010073480664407318,0.0006586825637426259,0.0005959952005364941,0.0008066253853126127,0.0005450838882652058,3.5513977231687895e-05,0.00026145354503253953,0.0
2021-01-26,0.0005821545739008179,-0.00016108696607626294,-8.977766417815264e-05,0.0005654252954642213,-0.00019102011812431314,0.00033505419443402806,0.00024064527488109727,0.00014932954232568498,0.0011095663003075288,-0.0002903722848290165,0.0005918820611510732,0.00029351728242476145,0.0006766925274134431,0.0008807755563444918,0.0003330237132681521,0.00011163540956668013,0.0003964838947293859,0.0007319065791730418,0.0007002832248963132,0.00045687744903178084,0.0
2021-01-27,0.00046834786147232694,-0.0003534754599801363,-4.4533893774554125e-05,-0.00022672899792436203,-0.00024447838555755237,-0.0002002385513724976,9.299016925882685e-05,0.0003984560290402772,-0.0001740286174307343,-0.0006020711704472912,-0.0003490182729872598,0.000990284216626492,5.604228228367336e-05,0.0002927887832048458,9.881945241583681e-05,9.390200882185034e-05,-8.743895237474824e-06,-0.00014486686379981835,-0.0005726354048078519,-8.334087539839407e-05,0.0
2021-01-28,0.0005445878150138471,0.00021035395446785128,-0.0001604684577752891,0.0001783024557371249,0.00014591626040615457,0.00021739068847813258,-0.00017097082946442645,0.000510582331097741,0.0007530800379174252,0.00046031268440968246,0.000525998112067019,0.0002855568799422241,0.000655531911741629,0.000436775635481597,0.00020879325164797853,0.0005392907370226679,0.0010005157569635847,0.00026219955467365766,0.0005456054624091977,0.00012478696946469835,0.0
2021-01-29,4.3955590733572466e-05,-1.135848940578889e-05,0.0005211216413975454,-0.0005845655828817094,-0.0002479192093974337,-0.0004434072308527934,-1.7796522432128212e-05,9.564927464798872e-05,0.0005280554873461481,0.00034764461720528415,3.121953485052831e-05,0.00039659287210460465,-0.00028527178014338525,0.00037791867370352145,-8.144442933475053e-05,-9.0557686813667e-05,-0.00011132814817044285,0.0003973983610783194,-0.00014908077593975104,0.0003717021725374402,0.0
2021-02-01,6.93739062051013e-05,0.0007055050537349869,0.00040543615945409247,-4.700409106757565e-05,0.0003942155220758067,0.00019827569920298016,0.00028695597780362077,0.0007922949952389568,-0.00042671820848157914,-1.9913773174450178e-05,0.0003851986747300764,-0.0003142973215596827,0.00014000397108552507,4.55058101479987e-05,-0.0002320385357505403,0.0003369263514501865,-0.00016390267530199865,0.00024643778991691455,0.0006258280954600482,0.0001906396481952814,0.0
2021-02-02,-0.0003206763676398384,-0.00011332450200552958,-0.0001782162233272544,-0.0004698781757635662,3.878397966804448e-05,0.0003156997494702219,-0.0002526029506379535,-0.00013509227439824635,-9.875068180904001e-05,0.00044990096406148926,-0.0004380683850804202,-0.0005910744235054832,-0.00031993530676472927,7.753971425139561e-06,-0.0005809490210320623,-0.00035817919950197345,-0.0004416036010749913,0.0002862829446690807,-0.00014086922900517497,-0.00016780015422679376,-0.0
2021-02-03,-8.518784390651835e-05,-0.00020307272472915854,0.00017453100606913737,-0.0003453281525335578,0.0008943943036522341,0.0002112276010607084,0.0004487911547244105,0.000537015818988841,-0.0008386472313688333,-0.0003936612033401505,0.00018567461125819175,8.774215488750725e-05,0.00020926534526559314,-0.000542256979986017,-0.0002646687983087814,0.00021139853169002522,0.0004887144838836807,-0.00017725538997523464,0.0004925921952501524,-0.00021450127655976388,0.0
2021-02-04,-0.00013441898863480488,-0.00023177703394649217,0.0005066705369881983,0.00028998156491924043,-0.0002503639177911864,-0.0007433053986812129,-0.00011061547847180461,0.00011893951328673276,0.0003056322547454899,-0.0002166558750511599,0.00023342021698415547,0.0007548791261999203,-0.000612697984543931,0.00030581417606727514,0.0005441590648603329,0.000683781872306384,8.819477418919295e-05,-5.442169830012553e-05,-0.0003608263740916077,-6.383117955150686e-05,0.0
2021-02-05,0.00015690358922857453,0.00012052979953370045,6.522065872332254e-05,8.660653749433344e-05,0.0002026516379300277,-0.0002588274227795987,-0.0005219487176059994,-0.0004888861723710838,-0.000736840459286285,-0.0003099678987085145,0.00030535787462977255,2.575729004557997e-05,0.0002910985420029967,-0.0002943434176730683,-0.0004959141549044227,-0.00018765059222880358,-0.00019988131246780814,-0.00018037942025563687,-0.0009537390307209609,-0.0001481374071707339,-0.0
2021-02-08,-4.6952002525985755e-05,0.00038390097267395587,0.0004027719247117082,-1.8592632625407027e-05,0.0005603889175104046,-7.686966497559321e-05,-0.00039868496749292974,-0.0003819640872449523,0.00018529926989792157,0.00015278945371037576,0.0005440747635834631,-0.0007354548332862345,0.0005554201426389492,6.0333144626564536e-05,-0.0007930358203180214,-0.0002746553350779008,7.379262619483352e-05,0.000224491708947291,-0.00013395507615869995,0.00012036486841063198,-0.0
2021-02-09,-0.0002909603771130867,-7.2494479858032425e-06,0.00014621162881821824,-0.00012349785010436245,-0.00010167787639824698,-0.00039988115578712006,-0.00015717189244367726,6.725725194866082e-05,0.00024247357333372354,-0.00022108022064012907,0.00043513419546703595,0.00021531793324618243,-0.00042258551644496736,-0.00031045537707679715,7.14966880663737e-05,-0.00018639055470507032,-0.0007884077872222651,0.00013054238921595806,0.00019362265679372288,0.0008763200049713899,-0.0
2021-02-10,0.0003248775824548825,0.00035520929867726293,0.00039704811232994406,0.0006566489607950533,0.0006960786103685828,0.0006236689136835216,0.0011792218249661321,-0.0004235171237858568,0.000888424994774125,0.0001370773998437838,0.0007864637255180425,0.00010656131996677253,0.0007101659362782423,0.00042759928769827354,0.00022155291532215224,0.0008166853918624383,0.00013310150362224078,4.592771251598671e-05,0.0005266904997140379,0.000593363030159882,0.0
2021-02-11,0.0006332605441148612,0.0006507828259827531,0.0005378664658925233,0.00024817207695156324,0.0007151788469313652,0.0005577203397915492,0.00035201210161486666,0.0003447340641352483,0.0005644116877460796,0.00046715650780887414,0.00010852337390315944,1.6971657844187782e-05,-0.00026594872768896693,0.0001669837084720094,0.0002329549683627226,0.0006268753574440926,0.0001554270453618761,-7.441664233035052e-05,0.0006509203963705473,2.325310325814272e-05,0.0
2021-02-12,0.00024351796422471123,-0.0003420737490797157,0.0003029101982770995,-0.0003688009113022161,-1.2703808703892323e-05,-0.00022419667594097137,-0.00019651480617739726,0.00011676045077624326,2.8008243725246084e-05,5.458866328559665e-05,0.000271177788591236,0.00018469352583609089,3.7516286619484526e-05,-0.0003847884317898419,-8.318633040993429e-05,-4.3734065996054755e-06,0.00011622822410687624,0.00012718688834335328,0.00019870125653271762,-0.0001452289084997696,0.0
2021-02-16,0.00027081924850354245,0.00021247794273256156,8.483757870713558e-06,-0.00015178183342285973,2.8363176401096885e-05,-0.0004952603591244266,-0.0002762168018819735,-1.2194863095101804e-06,-5.8273436864654094e-05,-4.53453800085741e-05,-0.00020273148392048858,0.0005592595880099837,-0.0006888351971769996,0.00019599243515382606,0.0005767696330429302,-0.00046685749757787413,-0.00026481690362194275,-0.0004634492793995018,-0.0002921074524396047,-0.00022638941852633348,0.0
2021-02-17,-7.297040904641232e-05,0.0008193424372513496,-0.00010933296254061612,-8.503426223541784e-05,-0.00021127187002112105,-0.0006738112170565227,-0.000537822507566125,-1.4502007686687942e-05,-8.414457246603063e-06,0.00019085981203715706,-5.647802254329686e-05,0.0004917979333120476,-8.30294198406641e-05,0.0005592007610880647,-0.00011433600338670031,-0.0003175799207662361,-0.0003304835883445623,-0.00028915095527022713,0.00017934748178285195,-0.00020943687515383302,0.0
2021-02-18,0.00014998566589574053,2.081646111328414e-05,0.0003578425117853116,3.4823465560910477e-05,-0.0009152304670474169,-0.00027572014389723833,-0.0003362688748713478,-0.00048320321273542555,-0.00044288147865469683,-9.905335746731031e-05,0.0005909419804131297,6.542723360551633e-05,-0.00021790369730417518,-0.0005468994719577516,0.00022910190531055382,1.1728121238505904e-05,-0.0001565201089132332,-3.787523870832708e-05,8.608452050826528e-06,-1.6673826097884016e-05,-0.0
2021-02-19,-0.0005288023438240144,-0.0005849715695784182,0.000297775420294855,-0.0002913954354964297,-0.0002804615025889028,-0.00034007588207640347,-3.140366947252112e-05,0.00018330274519889767,-0.000369989292485164,-0.00034594649432376673,-0.00011491989354080294,-0.00018005715983668687,0.00010467109403007603,-0.00012463277681410627,-4.84383346032799e-05,-9.518480258058081e-05,0.00016168183833052447,-0.0005608961061540063,0.00014720282675738784,-0.00046126773422874374,-0.0
2021-02-22,-0.00012840169829931794,0.00010864927785232638,-0.0003160558366718673,3.610333971280974e-05,-0.00029253708809840487,-0.0002093657891732026,-0.0001829087433687576,-0.0001530077454253908,-0.00013751671022653328,-9.827692138033691e-05,4.455141800551728e-05,0.00044193626613140953,0.0005378766235804905,-0.0001820184789460023,-0.0005090943612791626,0.0003167434412071596,-0.0007735123868636451,4.221593552262542e-05,-0.0003640791953549149,0.00042914641672460956,-0.0
2021-02-23,0.00013613708464758407,-0.00037661591304592235,-0.00031092897090678366,-0.0007291902403052683,-0.0005917574619199073,-0.00042469498831992285,-0.0005273832654581658,-0.0005356940699712981,-0.0004744819117785669,-0.0004879113825839674,-8.334193314215053e-05,-0.00077642917752656,0.0003864807319699533,-0.00038570925733187464,-0.00013505784816115747,-0.0009281695071032907,-0.0010913222780943664,-0.0002301622020958833,-0.00043675533430392405,0.00010539107166822948,-0.0
2021-02-24,-3.936163159928828e-05,-0.0008523637596487006,-0.00023380161035201666,-0.00011000821905878067,-0.0002003055287367254,-0.00013996359327438752,-0.000626027572788442,-0.00015142697995637,-0.0009425911887436041,-0.0006622741816570927,-0.00040016772700786325,0.00030086139187590437,6.123754938959406e-05,-0.00031420019954892246,-0.0006005688937942202,-3.997686722786342e-05,0.00024940520212993867,-0.000609826828126635,-0.00020620550207256,-4.31264423785957e-05,-0.0
2021-02-25,-0.0001988450126027496,0.00039851843076127956,0.00033600442957139,0.00014740205180261627,-0.0003660633496434905,0.00029818797341326877,0.0003638519425478088,0.00018424043174038908,-0.0002908757776943732,-3.503238692303929e-05,-0.0006409513914416421,-0.00011275507398752328,0.0001804648386489616,0.00017719579977546694,-0.0002684741995493796,0.0006534489041257978,-0.0003718782591109091,-0.0001162874099660593,0.0006450396543209161,6.153341516960499e-05,0.0
2021-02-26,-0.00018707457214939426,0.0005156630277906758,-7.20990304717149e-05,0.000995453159648353,0.00040077854945216835,0.00017832238274894977,8.417672532608647e-05,-1.0475857555714672e-05,-0.0009556473121767475,0.00012378898728552737,-0.00034199246572900826,0.0002120369653077922,0.0002559098269096985,0.00017723029827026388,-0.0002980021251603346,-0.0007378723669050223,-2.5757044068324183e-05,0.0005465375675385163,4.5695695389196227e-05,0.0004440999890838761,0.0
2021-03-01,-0.00046070048900510543,-0.0006207100728022307,0.0001735693511274224,-0.0006343935277697438,-0.00033108920437041487,-0.00020254631434176964,-0.0006967305424851791,-0.000647927051251933,-0.0005709114938977753,-0.001130854484240721,-0.0002888365613319295,-0.0006901543745243756,-0.00036965873467814447,-0.000881819528238661,-0.00020007769847776052,-0.0004991419547882444,-0.0009693761128171985,-0.0003540858902930163,-0.0002903118482461961,-0.0001409396707456066,-0.0
2021-03-02,0.0005750446326356906,-0.00016113418443233218,0.00011863164444217977,8.410877478964851e-05,-0.0001691693225926716,-0.0002588092719769952,-0.00013703762784273433,-3.107524095809499e-05,9.707282840626386e-05,0.00030155894703838283,-0.0003512925011707413,-0.00043370495312391457,-0.0004422131430974974,0.00035237165716199835,0.0008959578718700789,0.0002361200871452529,-0.0001350001701706849,5.746219845533806e-05,-1.677384414213723e-05,0.0005294464058381187,-0.0
2021-03-03,-0.0003904114131790019,-5.227419696003196e-05,0.0004706226634506934,0.00127499940136039,0.000260711933718086,-9.842723819300452e-05,0.0010520415458553168,0.0007537748211018942,-0.000655394647945689,0.00029192839332361787,0.0002443886161800604,0.0004412473749284097,0.0006783071160940346,0.00031429723380162715,2.2254323447728374e-06,-0.00021070926220950842,0.0002355022503164366,0.0003032592311578815,0.0002688025554793009,9.554452161390229e-05,0.0
2021-03-04,0.000398172547269501,0.0002467121746246887,0.0009223626511580878,0.0003774115727344863,-0.0001142246869999507,0.00011741406427112707,0.0007373356679824613,0.0004699133312010571,0.0003779635169639108,-7.133491508199345e-05,-0.00012668941011239327,0.000382236432780294,0.0005424560820825156,0.0005131875668366985,0.00038167862136862895,0.0001262951207939376,0.0008617966791591348,-1.5779092803314586e-05,0.0007040463118301956,0.00030775171258120237,0.0
2021-03-05,-0.00018877932770298392,9.443930609079625e-05,0.00013755267903638386,0.00027444268302139667,0.0005474110403988135,8.397859322960067e-05,0.0008220847188948625,0.0002833042323799146,0.00024539338598673525,0.0008556321447494454,4.0219590595471944e-05,0.000254152324780071,0.0005513857511133078,0.0007247355311964787,0.0004059077439366493,0.00048347827757521435,0.000547826403082945,9.432915446384721e-05,0.0003327757921169022,2.9842395904189094e-05,0.0
2021-03-08,-0.00020336394273533925,-0.0003318632312333192,-1.4992026231017878e-05,-0.0003357567510593139,8.094961227914198e-05,-0.0006857282009902177,-0.0006143763401524399,0.00031738884230005906,-0.0003883919251260974,3.0999015434783266e-05,1.4307164294241415e-05,-3.702098168165464e-05,-0.0007873847481410521,-0.0006678684698902532,-0.00017160463091173543,-0.00016559135457698809,-0.00043726511932747395,-0.0008148375264839444,-0.00013952130977378814,0.0009389821554092338,0.0
2021-03-09,-0.000354648578599209,0.00042243329443128686,-0.0006812741569592233,0.00030882825484916963,-0.00013923332665697518,-0.0004086486502809721,-0.0002902656404424148,-0.0002261704880546674,-0.0003738867779638873,-0.0007073505515395448,9.023484809828175e-05,0.0003016641540134267,-7.253998694358287e-05,-1.0796198299096791e-05,0.0002650497434876744,-0.0003564011708976365,-0.0009042462257824011,-0.00044358845171817043,-0.0004098881478640481,-0.000308757065348872,-0.0
2021-03-10,-0.00043880011551719286,-0.000133979275512101,-0.0003611952382628091,-0.0007236150329596237,-0.000122286028827771,8.529169415332908e-05,-0.0005342069274702418,-0.0001607801160244706,6.783820916068359e-05,0.0002525705203811435,9.408811364278279e-05,0.0004725234583631482,5.367545061105554e-05,-0.00036025284900298026,0.00048207143634393043,-0.00021889480133560656,-0.00012229233327524285,-0.0005006844513430497,-0.0004070162728072191,0.00015139284729258375,-0.0
2021-03-11,-8.329041553432362e-05,0.00029990427779677114,-0.000420518383135915,0.0002552618159999185,-0.00012286368748426563,0.0003696864192081749,0.0002954470872495282,0.00015759680269282147,-0.0002340774543544507,0.0005817579705026238,-0.00015402703782766672,0.0005504115864597715,9.653872892194996e-05,0.00046209629337257873,-0.00011134832563387526,-0.00030428368001564153,-7.946815182821663e-05,0.00028329124117183697,-0.00014013930170572088,0.00016062693435114054,0.0
2021-03-12,0.00011116462152778336,0.0004193537923344805,0.0003703754333988905,-5.534105416097768e-05,-0.00041758438588099017,0.0002873644800764149,0.0004898738549218196,0.00032435959743440455,0.0001351506385691739,-0.00021072265666703172,0.0002158083252262788,0.0002143582034683182,-6.390428954204582e-05,-0.00017164371767041983,0.0007415241803872154,-0.00025699121785257873,-0.00013999086056854716,-9.648537768285844e-05,2.7978143278224187e-05,0.00043071290581943696,0.0
2021-03-15,0.0001739583150642904,0.0006374537181737141,0.0005114203357140296,0.0003041508094976453,0.0006888905183448089,0.00040217349623256196,0.0004909531398511027,0.00021540028727742473,0.00047356770087255887,0.0002560025269760278,-0.00013164422605323352,-0.00021350998415769527,-0.00011090026573098452,0.0006998119269141214,0.0001821009210574943,0.0005156499233228586,0.000767311083517114,0.0006177371329914857,0.0003828911286658711,0.0003727234794356505,0.0
2021-03-16,-0.00019300507366284877,0.00017007642109081235,0.00021637595795559166,-0.00018781473507569575,0.0005485712993031189,0.000802036692836143,8.079313379175083e-06,-8.735612513684865e-05,2.4830193745915966e-05,0.00015477817603777285,0.0003258705297500004,0.000542400636747234,-0.00018653041456776916,-5.692417559714569e-05,-2.741272945614896e-05,0.0006304183149100602,-0.0002989261884935539,0.0002155347136203569,0.000410156468755655,0.0006576712785267085,0.0
2021-03-17,0.00023258293494340205,6.41363635707488e-05,-6.699889528070677e-05,0.0004414062895885483,-0.0002184891379876368,-0.00039883429928390846,-0.0002688476063179691,0.0002901721313408266,0.00031204745077255646,-0.0007003122955611137,0.00029631492627441193,0.00020833432352408937,2.1822734340728527e-05,0.0001102556993990157,-8.345616185687576e-05,0.00010618067742617566,-0.0001570796338563988,1.9610320949576296e-05,-0.00037517082419973464,6.771790085053084e-05,-0.0
2021-03-18,-7.716205671697682e-05,-0.00044144615916580154,-7.660695671644588e-05,-0.00044738846389870087,-0.00019848238700038116,-0.0006686946729020173,-0.0001280003084164122,0.00018760553490035107,-0.000197360640285138,-0.0002286873119605206,-0.0003620357774247519,-7.531732323879856e-05,-0.0004174935362886607,-0.00024700427693037056,-4.032131414457678e-05,0.00013171030650582357,-0.00011976210688632924,-0.00034364714424935377,-0.0004848360069916543,0.00026491560873240406,-0.0
2021-03-19,0.0002049790476707146,6.968619602371006e-05,-0.0004827603252271706,-0.0005150019345462392,0.0003535855564118813,0.0003009511858048531,0.00017093814841130645,-0.0004800929393425947,-0.00016848179477639173,0.00021083205708711131,0.0003704557930086597,-0.0004989437818450987,-0.00016726740849969874,-0.00014028438555113628,-0.00012515274396299072,6.244965855824728e-05,-0.00048741143629530304,0.00015561642015422963,-0.00021053965683688172,2.4308652653772252e-05,-0.0
2021-03-22,-0.0004622204486809747,0.0001870448888530895,0.00013671363865967208,0.0005055705304554471,0.0004651362131133112,7.42236931119194e-05,0.00011803249443349596,0.00013159029267538838,0.0008717429388965214,0.00029641972554248283,0.0003564777185044878,0.00037212999073651183,0.0005862688403811095,-0.0002985382780023873,0.00033625107757738205,0.0007105548850321478,0.0005057701957124232,0.00047459333974714664,-0.0001970980993071874,-0.00019718908374437478,0.0
2021-03-23,5.1305772706629636e-05,-0.00018640572983456323,0.00019191625952773135,-0.00022941927510022688,-0.0002502764373992755,-0.00027956278709538173,-6.0247820487941395e-06,-0.00021240128448296483,0.0002995796787606197,-3.996552060251113e-05,3.297006467852039e-05,0.0005080028843728052,-0.00048207166200912106,-0.00018047062518706462,2.904228313995989e-05,-2.848884263952596e-05,-0.00039613817467424505,-0.00038752883402703824,-0.000246846492434458,0.0001360530725091495,-0.0
2021-03-24,7.726679250014347e-05,-0.0006243743327079041,-0.0007782890387930224,-3.961691102456921e-05,-0.000679041627436765,3.561346549102564e-05,-0.00014202308806377987,0.0001551360544154216,-0.0007438403860141289,0.0001737654537055159,-0.00024334613516768339,-0.0005193505364490625,-0.0002703397236216135,0.00016620659091555833,0.0003298439791547439,-6.863124146610517e-05,-0.0001759198571988754,0.00044571355180963795,0.00015362352625949,-0.0001611436406223025,-0.0
2021-03-25,-0.0002762635303770417,0.0001265436155692731,0.0003109384876745056,0.0003729332109096758,-0.00038165333125562945,-7.55668992374884e-05,0.00017394464495910632,0.0001660452170460756,-5.919303923415756e-05,-0.00032443136297823137,-0.00011046111216274557,0.0003252590232289202,0.0006498756064391529,0.0005996593591194234,0.00027497494005207783,0.00021915667805169216,-0.00016162402871625043,-0.00021985379854915288,0.000539031790177412,-0.00028294131194186187,0.0
2021-03-26,-0.00012767196903485512,-0.00020635612936379587,-0.0007138564032125696,3.041425390147118e-05,-0.0002405346294807464,-0.0004173739614664192,0.00011740375370361426,0.0010534041137648222,0.0007137313713539712,0.0005012144260058926,-0.0006406317476070247,-0.00043463406424112716,-0.00024082169968039452,0.0005562789073373492,0.00042139156940649815,-0.00035979674398279704,-0.0010566809811841879,-0.0001955613498733393,-0.00024121588358275956,-3.260746894128923e-06,-0.0
2021-03-29,-0.00020313799655079682,-0.0008260313011090839,-0.00020672529845317,-0.0009526823575134503,0.0003338895864943202,-0.0004573852620769071,5.130782268761559e-05,-0.00028897138444625284,-0.0005127638061275569,-0.0004465128337454313,-0.0006115023298736598,-0.00021284488937290148,-0.00014434470606756612,1.414958854299994e-05,-0.00050085820662908,-0.000444841563177154,-0.0003004506760593625,-0.0003463573800393944,-0.0004108695677024329,-0.00040377685258942756,-0.0
2021-03-30,0.000710614100873973,0.00026548472143993613,-0.00030805297776509774,0.0003364818595317792,-0.00016120905424950327,0.00019751174214881358,0.00010427020972316608,0.0006607741098841763,0.00011491524512456658,-0.00014040843904029272,0.0004294788352620918,-0.00024690422606437235,3.064706900440931e-05,0.0001867667959440178,2.254743953917845e-05,-0.0002234409579381136,0.00034973221395164975,0.0006036698530631362,6.260659421350342e-05,1.0373013096728512e-05,0.0
2021-03-31,0.0005522252198262833,0.00022713140207577395,0.00038170489031903954,-0.0001433269905623514,-0.00031155841832998174,-3.4021287381938706e-05,-0.00012874597435284872,0.00049178870978897,0.00032119669888798475,-0.0003101953134528156,0.00041412569186123085,-0.00023524211567844814,0.0001370275111199822,5.1588505757131983e-05,-0.00011415025200798112,-0.00030073828499735844,-0.00044592384457213476,-0.00047024274821657166,-7.596385890296662e-05,-9.672882639144307e-05,-0.0
2021-04-01,-0.0005019728113581581,0.000948702240664779,-0.00032391388822476495,-4.1679958817244634e-05,-0.00013943493383178324,0.0005826599172845586,4.4414854957641716e-05,0.00027805437769314013,0.00030169198146227347,-0.0001530906947648716,-0.0003012856789317677,-4.726863446403983e-05,-0.000635064778845733,0.0007760679068057646,-0.000237935961744554,0.0007907874130714785,-0.00013766696340638404,0.0003160345453274324,0.0003079002589716407,-0.000660812697121932,0.0
2021-04-05,0.0009546215784033921,-5.517199976363686e-05,-0.0004958193357892883,4.3570894257261026e-05,-0.00010435865230243871,-1.9784109911941133e-05,-0.00019136859907132326,9.472628818096854e-05,0.00036051139740086454,1.4293706633294883e-05,0.00010561255006437123,0.00022604335740591402,1.0572977714140566e-05,0.00026396485153451504,-0.0002707385397647533,0.000719264927278296,-9.90130067063333e-05,-0.0006911806823647672,-5.698492027291226e-05,-6.921980215920943e-05,0.0
2021-04-06,-0.0006457484400040686,-0.0005014141655640851,-0.00026427259564159965,-0.0008774172068395654,-0.0003168220766152808,-0.0004208145190894269,-0.0005886513233600699,-0.0002809207713334837,-5.5992859834347475e-05,-0.0003946168321149611,-0.0008660421335852024,-2.1728838902999147e-06,-0.00029457894853255923,-0.00028455389380521864,-0.0001789445181765782,-0.0004344086922282864,-0.00012582470642395315,-2.8524360885329843e-05,-0.0005025545259586276,9.523746521756569e-06,-0.0
2021-04-07,0.00021642435039072758,-0.0005152838997265658,-0.00027184086925502736,-6.158821717959021e-05,-0.0005762900034772204,0.00037343317222413225,6.0318022689104916e-05,-0.00012625434060179716,-0.0001221163478034694,-8.401415189259038e-05,-0.0004671494075237056,0.00029938291892538576,-0.00047917520175891446,-0.00022719600327827006,0.000103061284542276,-0.0002800282802475542,-0.00025587747835281906,-0.00019485316615289777,0.0007249868283477961,-0.0001978105460073694,-0.0
2021-04-08,0.0007617176187325255,0.0004745528331481576,-0.00011732057492512649,-6.903985586408972e-05,0.000778228621588542,0.0007581123606984273,0.00015736206605830024,0.0008062283086892969,0.00013210378295907827,0.00012117434356525658,0.0004906615652580319,0.000183048183261353,0.0005244535693681931,0.00035312789364489095,0.00044790000531456627,-0.0003465213941885293,0.0004154351352218928,0.00027399963815295526,-4.545065134108009e-05,-0.0002586423121996318,0.0
2021-04-09,-0.0006875097619990076,-0.0002469783716934874,-0.0001333218082006503,-0.0004131468108632408,-0.0003701317477298144,-0.00027380333165723676,-3.4948153471508564e-05,-0.0006333001433979166,-0.00016946013529832804,-0.0002606967569216515,-0.000495551196619446,-0.00019742063760391416,-4.480030619310902e-05,-0.00018575811714911656,5.075494076798425e-05,-0.0006653437192974925,-0.0003078360445370383,-0.0005564596703781406,-4.762627803164057e-06,-0.000346042903644943,-0.0
2021-04-12,-0.000423311847774289,-0.0008640396874794429,-0.001262366790834522,-0.0005225295961813197,0.00027935866455559605,-0.001152904474610965,-0.0006032896171648755,-0.00064744380767004,-0.0007368045346167208,-0.0009656210858106578,-0.0012376488669485243,-0.0009900774991278216,-0.0004304724477813264,-0.0008563563040081921,-0.0009848719356268028,-0.0008606160732568755,-0.0007714471185753058,-0.000601251298963451,-6.673050673571949e-05,-0.00041474742600030597,-0.0
2021-04-13,-0.0005684419125075983,-0.000570513372806671,-0.0008535105950257347,-0.0001379547734220775,-0.0009422333433621395,-0.0008066556184470442,-0.0002288802858061365,-0.0006191287599960523,-0.0006921329732626785,-0.0002573953611791957,8.320386006804667e-05,-0.0005622076882143781,0.00010758831632317036,-0.0007382814319118568,-0.0006569250634101575,-0.0006599945782964062,7.528347749658541e-05,-0.0006315873719472312,-0.0006194099891991542,-0.0006185095935688474,-0.0
2021-04-14,0.00021268428640353016,-0.0006700404042695647,-0.0001811124819238842,-0.00027110218391412363,0.0005742783291407547,-0.000356183114786308,0.00023726466547597464,-0.0005934547177730636,0.0005361084837941431,0.0002643191332769294,-3.7402597800931463e-06,2.8703575061484823e-05,-0.00014114590822008368,-8.928985056206326e-06,-0.00040070517846562423,-0.0001825745145541862,-0.00034934854295333315,-0.0005000201527870588,0.00017100723079799374,-7.908557045541508e-05,0.0
2021-04-15,9.761568455896398e-05,0.00032964528738073015,0.0002834191601912795,0.0005155077450688587,0.0005113954991571348,2.656932699105151e-05,0.0003121464634931999,0.000312760500500488,-0.00012179335014662912,1.1915123698239774e-05,-0.0003673263001450018,-0.00031343769605276053,0.00019211744071012085,-0.00014436251194612691,6.24779829516932e-05,8.726194028010176e-05,0.00026150884413460676,-0.0002543200157063629,-0.000588385606618408,-0.00014154520447196136,0.0
2021-04-16,0.000403653950095766,-0.00029159609817612666,0.00041142920896651043,0.00030276823114915496,-0.00017694435667604187,-0.00020475257111022383,-0.00019743350101339584,0.00034419128604456237,0.0005786681737855546,-0.0002555851123185418,1.674305366201329e-05,0.00016919446985146438,0.0001420507187609395,0.00018049734109191486,0.0001426100772661759,0.00023876941998677748,0.0004231057373938768,0.00024396731033417913,-1.9240904600361945e-05,0.00018779158874998554,-0.0
2021-04-19,0.00038558461497998655,0.0003237750258159798,0.0007107707052243712,0.00019498605528137184,0.0002118938011706296,0.0008964251366204854,0.0004927061219071421,0.00012371502126284082,0.00044598136055920253,0.0004515146536067176,0.00030903423193853595,0.0002929758542847765,0.0002686884382240155,0.0005797635821990758,0.0008124128987648985,8.891514521255315e-05,0.00030154903639452305,0.00019843702173695627,0.0007592923715288879,5.703538145957587e-05,0.0
2021-04-20,-0.0008316581413072321,-0.0012062372209838568,-0.0007796937423416317,-0.0011270343439459154,-0.0010869664951632023,-0.0012921111285822745,-0.0004901235457838292,-0.00038197804950443147,-0.0008194867929746811,-0.001048998173116575,-0.0005797848625423295,-0.0006930468504956177,-0.00035334256742816325,-0.0006521654832243769,-0.001161292790460519,-0.00023459990393714318,-0.0007319222061595251,-0.0009868748762428866,-0.0007136679776870351,-0.0005438336783178694,-0.0
2021-04-21,0.0005181089778299183,-8.436301232085548e-05,-0.0007175486243037461,-0.0003850667127587884,-0.00020520969368471043,-0.0002871336737722162,-0.00043410401552064796,-0.0004410430382755729,-0.0005333303094894719,0.00012691882031850527,-2.773466382959026e-06,0.0005488732755095269,0.00022328423614806716,0.0002887593673170693,0.00024590268507138313,0.00023411502711013097,0.000306347483974257,0.0001274974753548011,0.00013206157024424326,2.2114900808205567e-05,0.0
2021-04-22,0.0006762332295457732,0.0003309608782270333,0.0005585597406094484,0.0005278517037896777,0.0004468701428554893,0.0005193416221888832,0.0010469982557579317,0.0004499598777368651,0.0012024296905783916,0.000386535570983362,0.0005400794785152375,0.00029832288631903206,2.283320584473591e-05,0.0004885509117564253,0.0009479062181817889,0.0007476465308420908,0.0003193013222334606,0.0005925565913162252,0.0010733992192975498,0.0008728848305302395,0.0
2021-04-23,-5.702420808925835e-05,-0.00030049794481328733,0.00019678862915187143,-0.0005575868000363452,-0.0003054895815406802,-0.00012572412313697508,0.0004909064966347479,-0.00035296832997201147,-0.00032102614520681784,0.0006030303760148468,1.9283026849311567e-05,-1.3124381463308026e-05,-4.8868494916611735e-05,-0.0016506646431320323,-0.0006675781421474604,-0.00046222810925734847,-0.0009896196446159667,-8.016872534614984e-05,-2.4608931545351703e-05,-0.0004785556370220543,-0.0
2021-04-26,-0.0003512575372586802,6.376533299430187e-05,0.0003217211967327271,0.0003105566299087817,-0.0006661016874129168,-0.000991043976192914,0.0002379257295054554,-6.989780176399463e-05,-0.0009189222750099205,-0.0005336888165998515,-0.0005523771329957637,0.00041106028544358466,-0.0002831062153733065,-0.0003994358999662665,-0.0005346101079339844,8.937391674282121e-05,-0.0001886038626931454,1.6643244838914564e-05,0.00015217694346318867,-0.0004857917301918841,-0.0
2021-04-27,-0.0006000728756398311,0.0002861595642101261,-4.280904376808388e-05,-0.0004367552609577197,0.0005955877844847688,-0.0007877252366153675,7.969077524789125e-05,-0.0001759713980807097,0.00014179482586176495,-0.0011386457731759404,-0.0004371233074351382,0.0002864595730254147,-0.0003264933655856303,4.1008149172772724e-05,-0.0007181661259099282,-4.67079784812476e-05,0.00037114327579415275,0.00021193783415047372,-0.000510932144820277,1.088175756464972e-05,-0.0
2021-04-28,-0.0004622923902750234,1.0928942257540228e-05,-0.0006520913528051149,-0.0005488716727632777,-0.0003401990227887967,-0.0003226723964188171,-4.092621576654963e-05,-0.00027096549683816904,-0.00026742844263620146,-0.0004589278723209371,4.710037576860571e-05,-0.000323292034930104,-0.0003394377789243249,-0.0005280231091913368,-2.6173983265183536e-05,0.0002683893415751195,-4.664525984608436e-05,-0.0002237310660214364,-0.0011420396483882336,-7.195023923777321e-05,-0.0
2021-04-29,-0.0003149857168625779,0.0002442683402092507,-0.0002641190409607604,-4.221616330517293e-06,-6.386548194653189e-05,0.0003711450737553382,-0.00020964652354270546,-0.00022093934582807434,-0.00041963432139670217,-0.0006703165268931511,-0.00027244336031238483,-0.0004431588256356981,0.00017481585933712046,0.00020798557257790647,-0.0003363295795352639,0.0001438766731453235,-6.013204777678939e-05,-0.0001658083548140374,4.537310293254341e-05,5.770361262920137e-05,-0.0
2021-04-30,0.0007033711980399524,0.0008942895753590077,0.00105497893344482,0.00016089031682812974,0.00018807655942241805,0.0010281989075123367,0.000384707562607278,0.0003646168267798764,0.0007397752662943027,0.00014534473439967678,0.0003661547180371375,0.00016153665546837076,0.0008033969581680866,0.0007105778117195285,0.0005634431381677301,0.0007149437321507379,0.0006819658107714311,0.0006974867705499929,0.00041647410289191657,0.0006993132286753211,0.0
2021-05-03,0.0008926334607315727,0.0007105665194981418,2.3505375665564614e-05,0.0005060910978194023,0.0004282614670479076,0.00036498783861319613,0.0008964327746682886,0.0009865894597609025,-0.0003780490312157353,6.273841484861604e-05,0.00034410230035774664,-3.6470511925904236e-05,0.0004781953488141106,0.0004201167986901433,0.0004372041249173249,0.00034076100265944506,0.0004787252041621167,0.000267421005204196,0.0008024851312451247,0.00016904288098498117,0.0
2021-05-04,-0.00014310858434758434,-0.00010166050147788487,-0.000490557412863879,0.0002562832825092398,-0.00021407032194670773,-0.00014853942510837935,-0.0004294390012144821,-0.00029136461547935586,-0.0003387463010254166,-0.0004053882148982391,-0.00023162174182246863,0.00015129356704558504,-0.0001647071179790682,-0.0002955033334308188,0.0005415030542896715,0.00032976009826286563,-7.84966770110307e-05,-0.00023027429177528423,-4.517601452433961e-05,-0.0003647473954332514,-0.0
2021-05-05,0.0010393138163481625,0.000892447450556655,0.0008623620198907877,0.0005842427373327719,0.0005367857522826854,0.000245695774723497,0.0001664264879739446,0.0013238642442663037,0.0004321008666703447,0.00016504773932162175,0.00036542814970634183,0.0008050884342774212,-0.00017772703962904308,0.000540276155912115,0.000825462755937681,9.286999166762853e-05,0.0003881761321027284,-1.8876826416879228e-05,0.0005551952826102918,0.000995941549247587,0.0
2021-05-06,0.0004990645944934372,0.0003938161575798015,-0.00013562602030369055,5.8056125088581225e-05,1.0090191346862463e-05,0.00023543152593581218,-0.0001222358996216814,-0.00020970189939661167,0.0003115945411928302,0.0003478015582534062,-0.00042311792047248733,5.692586234963065e-05,-0.00022981794141717333,-1.9200947998423532e-07,-0.00027124361316840814,-0.00018545381651489522,0.0001820264516106707,0.000641764409033391,2.600355785267693e-05,0.0001684169456709455,0.0
2021-05-07,0.0005922278484076158,0.000733633410533668,8.229195062107958e-05,0.0005729751180411435,0.0007759574852076313,0.001028626927112031,0.0007137477932305619,0.0005843809617985131,0.0012789299574801957,0.0004759425375445748,0.0006471505954100595,1.4795019168363745e-05,0.00016152777848236832,0.0007126151576955169,0.00039541418065939897,0.0005920564943048121,0.00030881374422545363,0.0012245848714811374,0.00010804082895464068,0.00033904117729951865,0.0
2021-05-10,-0.00031433140552625656,-0.000539238709468045,0.0005066699292074314,-0.00061875073133174,5.8744298514318006e-05,0.0004214944264668272,-0.00031949682918409173,0.00018035345301749064,-0.0001079238099910017,0.0003524324392737463,0.0003462845255625847,-0.00014869710412775212,8.554952884636217e-05,-0.0008390585791288122,0.0002571525567061374,-0.000422637602324126,-0.0001306263637445669,-8.309406360275384e-05,-0.0006615186887543852,-0.000639449912074072,-0.0
2021-05-11,0.0006023190586162692,-0.0002549137470724588,0.0002030404376383313,0.0001788862121381229,0.00028999003033741466,3.235830425010085e-05,-3.630022601262224e-05,-6.0983419292432164e-05,0.00020565719567973556,5.616752534311151e-05,-1.9751932698375545e-05,0.0005247564156567184,4.364580652232791e-06,-0.00021161615570493338,-0.00033762897094142744,-0.0002784029077869645,0.0003479964213759638,0.00031308789686081536,-0.00026310836817537264,-0.00039033708608194326,0.0
2021-05-12,8.849200731044213e-05,1.142140642511281e-05,-2.6094423091719663e-05,0.00016381015843648712,0.0001052156023844678,-0.00018914006274689882,6.889876047723612e-05,0.0005981582397610717,0.001087324387089147,0.0004330902250603568,0.0004376916255628559,0.00032386906581029364,-0.00020527546281642875,-0.00024163384073442633,0.0005260599284993328,-0.00021184723377316053,3.963458833103202e-05,0.00035878832883227605,-0.0002715240374497028,-0.00022369324468970024,0.0
2021-05-13,0.0009630633405395019,0.0011689517557214456,0.000493521274283833,0.001210178545389308,0.0009854877060522834,0.0009078306564354169,0.0005300155772694628,0.0011083559173208583,0.0009287579535523218,0.0007950473107555039,0.0007240790987792962,0.0011841478685887458,0.0009186490164599328,1.352796651323207e-05,0.0008212024570275766,0.0010038802677232932,0.0010925410594642946,0.0009830507640451907,0.0008505530649219804,0.0006820489232284762,0.0
2021-05-14,0.00012805786489550794,0.00023768473006870175,0.000951627049488171,0.00045957253976968836,0.00016099724623823804,0.0007351133611664184,-0.0005938808104737015,0.00017615934497245978,0.00042215084762183095,0.0008060078238968315,5.096833064224033e-05,0.0014275112688758417,0.0002132841884815504,6.727724550237978e-05,0.0005348625115948171,0.00018416649928964813,0.0004721981360591743,0.0006851946005509094,-0.00031729595391986643,0.00034094249637701794,0.0
2021-05-17,-0.0005151992692220409,0.0002059668263285716,-0.00020193381413384392,-0.0002662576952982732,0.0001595099051152139,-0.0003392066095538877,-0.00052688276780355,0.00029320136300716647,-0.0006490392382598809,-2.834329067753833e-05,-4.8645614283805476e-05,-8.105549741997156e-05,-0.0010463775976876995,-0.0006816613052916532,-0.0002663559808721492,0.00014111757070507392,-0.00022097185229052004,-0.0006548596640753591,-0.0003429452350978892,-0.0006523829359039983,-0.0
2021-05-18,-0.00024156497895417144,0.0007472562409122131,0.0007691933327478163,0.0006449596966798102,0.0003959600107708046,-0.00036521268536457137,0.0003492217460980237,-8.144046300411754e-05,0.0009911015782102346,3.7028802560867854e-06,0.0004247379427386873,-0.0005000755391511452,0.0006322247230295685,0.00013272045727900315,9.502994249769332e-05,0.0009206615312438477,0.0001553881396648169,0.00021680309757111536,0.0009070930094537581,8.861776333290461e-05,0.0
2021-05-19,0.00012621284949861414,0.0003309504834704363,0.00021966891105891344,-0.00020196894610055775,-0.0001541351276356814,-0.00022299203438781644,7.040445818021546e-05,-0.0003012574274215157,-0.0003605410254499725,0.0001222337270569282,-0.00013537965588347268,-0.0004947484364041418,0.0002469944677396688,-0.00025040353784083226,-0.00034169582918047893,-1.4058874101808322e-06,-0.0005603455099033723,-0.0008439706114111081,-0.0001178912201729998,-0.000517134323669441,-0.0
2021-05-20,-0.00041098685404315874,0.00029953965492213744,-0.00032095515410401833,-4.614480984899892e-05,-0.00020130605590720188,-0.00023025214989996605,3.9292739886233094e-05,6.646199975015262e-05,-3.9377423638025e-05,-0.00012473504860565894,0.00010488160472383303,-2.5463953716559286e-05,-0.00020794227097790987,2.5101858506353195e-05,0.00047989908724337577,-0.00031102382336336426,-0.0005137663276761763,-0.0004894897790764779,-0.00011113510696218302,-0.00026639808910716413,-0.0
2021-05-21,0.0013387241268638678,-0.00010752983870383649,8.152470329920686e-05,0.0001535250026070582,0.0002251447437222736,-0.00037809335771539406,0.0004530994995680567,0.0005541383974408087,0.0003578749100150998,0.00019235734838966904,-0.00019154082252284337,0.00027234458407665,0.0003694817265793022,0.00016163358714566502,0.00016002870919369942,0.0003872001852251069,0.000467356999478652,-0.00030939572485246377,0.0002560505856381784,0.0010400655259637345,0.0
2021-05-24,-0.000376177861097064,0.0001889545125617119,0.0005271816327587944,0.00017835484780174337,2.4996529368917404e-05,9.400676878023746e-05,-0.00019742134092548712,0.00013084059838938816,4.5687383490149546e-05,4.838017615215075e-05,-9.194484283332523e-05,-4.729856523039838e-05,-9.655708170144738e-05,-0.0005417997217882816,0.0011151215166940473,-0.0002991620873233926,0.00021897043888917788,-0.0006221119416441672,8.511549118352018e-05,0.00041554759457897454,0.0
2021-05-25,-0.00036360769252150976,-0.00013406575177897696,0.000608948441219921,-4.942351188910715e-05,6.450445079164368e-05,0.0002574620582173874,-0.00020188694269189048,4.001499229204382e-05,-7.169020466335317e-05,0.0003522012176375863,0.0004175912707028569,2.9816019692340163e-05,-0.00046104833992384686,0.00018934206098948842,0.0001421879990124541,6.0478053176067e-05,-0.0002621141561530111,-8.791959618902736e-05,-9.763821789025914e-05,0.0002764627576553026,0.0
2021-05-26,0.00018977873645109058,-0.0005866217987243066,-0.0006702058847848447,0.0005957136800266515,-0.00018940962797550374,0.000655732380919972,0.0001337330476743129,-8.145232058686405e-05,9.741879698997472e-05,-0.0007493004333638492,0.0003458038456312508,-0.0002709497786775884,0.000731228517337111,0.0007951931043896898,-0.000301479183388025,0.0008643842074584233,0.0001464204334970982,0.00013317015266567676,-4.6886043227133466e-05,-0.00016985761664063052,0.0
2021-05-27,0.0006430993469173232,-1.14336359581232e-06,0.0002976384032891988,0.0008274459980045332,0.00037108685397456556,-0.00036860874770357075,2.41979357363357e-05,0.0005102689922320604,0.0007436655380478489,-2.350076258337392e-05,0.00039405437016790747,0.0002335296217088419,0.00034999612128936374,0.00044874712207218097,-0.00047214208456638926,2.863996192730664e-05,0.00017368183805056045,-0.00012987863124164998,-8.673043185226974e-05,-0.0002700357589904463,0.0
2021-05-28,0.0001501119437791767,0.0005970758589019973,8.359720047533286e-05,0.0004472647875255135,0.0004199620956309048,0.00037756060348073905,0.000419795699087107,0.00021592561423637645,0.0009702763045061152,0.0003642250917403084,0.0004858961580985097,0.0006213409588906572,0.00044007126555506215,0.00034339296897932276,0.0005688585314435893,0.00023131201618020728,0.0004476358061594265,-6.44033930876775e-05,-0.0003808697372764151,9.055819188601167e-05,0.0
2021-06-01,-0.00034297376646203175,-0.000383576598542265,-0.0009136020193718201,2.4511962572731696e-06,8.861890898970348e-05,-0.0001976233287221772,-0.00038435230035921387,-0.0008705858112929515,-0.0006366104923131734,-0.0004517173209103934,-0.000675458894900997,7.062148663260195e-05,-0.000619278511680261,-0.0005746629985700707,-0.0006218491182718594,-0.0005952656966229397,0.00021932790581315594,-0.0007624799652507881,-0.00011924331102231009,-0.0010371869485649348,-0.0
2021-06-02,-0.0004533512488998858,0.0008981236272727286,0.0002835014803616919,-0.0003468347210899946,-1.9380051514999993e-05,0.00037375767303803314,0.0006412275442021718,-0.0001335754799076105,3.457819605672263e-05,-0.00020234299907977423,-0.00040492898193300586,0.0007882845700427742,0.0005859822104120392,2.0072919467284398e-05,0.0004798296947425284,4.853654565849518e-05,0.0003930795023103783,0.00024102923860038755,-0.0001168670812160266,0.0004187339844426096,0.0
2021-06-03,-0.0005004824758087586,-0.000210671863580078,-0.0007436571919298519,-0.0007591962817108995,-3.6319562764189994e-05,-0.0006245419783610419,-0.00043666055185094456,0.00025838946557693755,-0.0005512197656695572,-0.0010901394656887117,-0.0003561159361278498,-0.0006116721686897623,-0.000755410740299328,-0.00046436290566256703,0.0005463645324363021,-0.00010114117447155721,-0.0005137016754480783,-0.0004819171890359401,0.00028879607824258094,-0.00034072922900583666,-0.0
2021-06-04,-0.000762595867014376,0.0004662857839527899,-0.0005588779277827648,-0.000501803686754867,-0.0010698601728305302,-0.0007704829643240505,-2.5158271660335952e-05,-0.0006544005599697291,0.0005380791301965781,0.00019239601597149852,-0.000174004795992665,-0.0004086976444750586,-0.0004847766558381437,-0.0003128106828954695,-0.00016855479927894778,-0.0008458863723101747,-0.00013862041368806086,-0.0007502323936745532,-0.0006712404202516408,-0.0004104927652149587,-0.0
2021-06-07,-0.0006587899338312423,5.280740975379737e-05,-0.00028794739304935244,3.256025436099066e-06,0.0002759644389517166,2.2706377331941614e-05,0.0007116848043599279,8.443108740007475e-05,3.4393113864404505e-05,-7.576027507986968e-05,0.0002667273070905729,-0.00012178249325580643,0.0002474191847336391,-0.0004071579776285896,0.0001100510638220798,-6.881890464336252e-05,-0.00037816086818920943,0.0003125506366421524,-0.00048736590098091305,-0.0005964718580642962,-0.0
2021-06-08,6.724328958681192e-05,3.798591588670011e-05,-0.00014413923510003514,-3.979815150059843e-05,-0.0004788178957543671,5.9865869671668945e-05,4.9021791683818854e-05,0.000503390167409903,0.00042473186864986837,0.0005523577786035907,-0.00015526879499596117,0.00023723406844720224,-0.00019142950370661766,0.0001047301174861416,0.00047271497332287504,-0.0004432426419329698,0.0008060280805760069,-0.0002762132752369373,0.0007012251644962647,4.591719269712182e-05,0.0
2021-06-09,-0.0009386085433817161,-0.0006591826729717578,-0.0002098814005114559,-0.0007461015958772424,-0.0005246516767532187,-0.00038136431507916705,-1.4585434173803313e-05,8.149419423396164e-07,5.598230284474012e-05,8.90730227322276e-05,-0.0005243263855948408,-0.000219577624493686,0.00012957098105768512,-0.00041651320962532223,9.613706384535551e-05,0.0003452695394207281,-0.0006264998177467209,-0.0006283294006168942,-0.0007099572675544534,-0.00027055587914616663,-0.0
2021-06-10,-0.0002137725626761399,0.0006444487010916606,-0.00011549261327882018,0.0006204954477956863,0.00034679424832693176,0.0006829084073202463,-9.082380715373852e-05,-2.771502304168535e-05,0.0010383385129095202,-4.003959182630543e-05,-6.532195344625057e-05,0.00016050074018384718,0.0003466233292116479,-0.0003572750834518632,-0.00021373053446368796,0.0005805017667947513,0.00039421687297106953,0.0004891741330819693,-0.000552674883332561,-9.623188425592869e-05,0.0
2021-06-11,-0.0005268576453148602,-0.0005668718093450142,0.00017592629787168014,0.00037458342688272524,-0.0005777976364835795,-0.0005107368594570618,-5.9346799581813524e-05,-0.000735823197192664,-0.0004774844846470561,-0.0012473470458225471,-0.0005520684969987717,0.00013982937442038302,-0.0003002400390128501,-0.0005931904692507055,9.966968910639873e-05,-0.0006413347389807072,-0.0003741430901492686,-0.0009509784047587062,-0.0008608942004921308,-0.00028843457309270763,-0.0
2021-06-14,-0.00037592447364100557,-0.00034691991503184283,6.324984022258825e-05,0.00033723407386532613,-0.0003663553815651044,-0.0007700048765420997,0.00029714063922300525,0.0005497381238021757,-0.0005177692621259034,-0.00026623483835168464,-0.0007584995891084401,-7.580092448341307e-05,-0.0003653457974463781,0.0003201345695702949,-0.00013108558941076937,-0.0007571974301571355,-0.00025666487537303744,0.00031514820956175734,-0.00015269525347731648,-0.00024579372495628983,-0.0
2021-06-15,-1.8514495053912783e-05,0.00029912400081708355,0.00046663454602897904,0.0002221141151533125,-0.0003201072997957317,-0.00023364839381889675,-0.00034710332500552437,-0.0005343491178899628,0.0005104161973490221,-0.00016855512341622196,-0.0003326770162528788,-0.00011767284904873181,-1.7136889895881173e-05,-0.00010812657452267442,0.00040061864347945726,1.2943105847799038e-05,-0.0003288929382023677,-0.0005123231453362194,-0.0006099686796012042,-5.476242995445483e-05,-0.0
2021-06-16,9.298304445037813e-05,0.0004133304226292055,-6.413234529505905e-05,7.201761020120445e-05,0.00024031537128808245,0.00015761130640180117,0.00020560360401640065,-0.0002040533384357088,0.0003234420814840753,0.0001470774820066903,8.648147584761172e-06,0.00013988654387307834,0.0006756348941404865,-0.001228437716689431,0.00018010955049705817,-2.284079361139409e-05,0.0004717359764914131,1.988528200691751e-05,-0.00019708681802949035,0.00020645512483283317,-0.0
2021-06-17,0.00037161661813461144,0.0005016857124227207,-0.00010895457957937392,-0.00021366072245461781,-0.00023683004261476168,0.00019992410623363775,0.00018951301219217637,0.00021525741409816513,0.00025606819993916904,-0.0003000575247623122,4.728278047609942e-05,0.0003274855065827767,0.0001479180267939438,-0.0001456840849426715,0.0005320873895204485,0.0008572744882861663,0.0002855216091334267,-0.0002594981276533895,-0.0006015167869468613,-0.00029403180283146623,0.0
2021-06-18,-1.2860002744368852e-05,-0.0004256595777632903,0.0003378034110786548,-0.0002523626920846841,-0.0002862789511749844,-0.00015790373423313426,-0.0001466478014139652,-0.00035702017794812785,0.00027516990569839835,-0.00020919174455282977,-0.00037793973595775333,-3.9351826223469304e-05,-8.430867270021706e-05,3.7264999485128987e-05,-0.0003812189031323127,0.00021413273205414223,-0.00033618592471032076,-0.00026511762918278805,9.780435316509694e-05,-0.0002357988395160252,-0.0
2021-06-21,0.0005745445159313663,0.00019944111817415627,5.770434905243071e-06,0.0009456574237786719,7.28178043575373e-05,0.000721019687359251,0.0005148471381299656,0.0004110252407802151,0.00041298292418264794,0.00026289737452308393,-3.178804706347084e-05,0.0007738497597310759,0.0004654088876718218,9.888833727677062e-05,-0.0003447391635172144,0.00043430405249310984,0.0008255469887973985,2.493776253014497e-05,0.0003365402509708605,0.00023468944976713616,0.0
2021-06-22,2.112835429886345e-05,2.0295415188567855e-06,-3.9532842010060106e-05,-0.0001015667812602428,0.0002971571077972186,-0.00036506197897282383,0.00021450823560286873,-0.0004940107116944609,0.0006101512596515885,0.0003574521265588996,-0.0001687966855795375,-0.0004434279866565575,-0.00038772947499296744,0.00019584910594595112,0.0002318768578912903,-0.0001637515820117288,-1.9080307050172526e-05,-0.00030950004086827343,-0.00039836959966886023,0.0004491301234939474,0.0
2021-06-23,-0.0003981261126313045,-0.0002621057317895815,-0.0002725492124736964,-0.0006912944584979862,-0.00021985791311983057,-0.0006641463726457651,-0.0006039418798723717,-0.000596406714726705,-0.00047271242031694756,-0.000618642790070392,-0.0006811127273377699,-0.0004232402060922465,-0.0005819973077128134,-0.0006324376666492705,-0.00019323382193554722,-0.0006210416513751585,-0.0002735270744119742,-0.00104070345330689,-0.001255706382309254,-0.00022778770464366966,-0.0
2021-06-24,-0.0003474084783485756,6.227578929380847e-07,-0.0009818269722173902,-0.0001568526205040647,-0.0011517083108704763,-2.3495266304543776e-06,-0.0002648216949730811,-0.00030470063121103784,-0.0002458839420398723,-0.0003793265882607125,-0.000279675682990766,-0.0005978427724030919,-0.0006114595677808831,-0.0004556445040371272,-0.0007866671940876775,-0.0004402506324654812,-0.001041563399570558,-0.0006942328798111917,-0.0007954197917865916,-0.0006623303855867664,-0.0
2021-06-25,4.91659824257026e-05,0.00013885072426148449,0.0002497815592936054,0.0004188920943814676,0.00035223526920356477,-0.0006830120750021423,0.0004138052832488419,0.00024016996912260078,0.00020224226137744643,0.00010065450824348746,1.3989967188273102e-06,-0.00010672853802362657,-0.000754440400877705,1.3478691407392562e-05,-7.358100844555456e-05,0.00012706462093971328,-0.00045692720020161937,0.00015858844453942419,0.00021076996696413667,-0.00014613695352735202,0.0
2021-06-28,-0.0001873138745670598,0.0006758675747584875,0.0001476483074866408,-0.00036157928797973625,-0.0002608775857751983,-7.393713842543842e-05,-0.00026719038307229437,-0.00025808947180007283,-0.0001859235590748382,0.00024512203077956674,0.0009968343883238904,0.00021455179101067534,0.00021981211373232518,-0.00026914675982565693,-0.0008806767982728817,-0.00030735734868950876,0.00019349346469058995,0.0001697798608076739,0.00029548659261533763,-4.201077750996727e-06,-0.0
2021-06-29,-0.00013356408819717135,0.00031308565719023664,0.000422033364504586,-0.0001170533900055858,5.6606552187668e-05,0.0003978145997303942,-2.581697583563216e-05,-0.0003809459359507946,-0.00010389397462626907,-0.00030630794440923784,-0.00013548913208306763,0.0004441485734077397,-0.000351814274274406,0.000166902861252455,-8.128083733042243e-05,-0.0005030246138452697,8.517623426833444e-05,-0.00026135572343690544,-9.858197889801703e-05,-0.0004124750321154101,-0.0
2021-06-30,-0.0002748450655599974,-9.203998561064761e-05,0.0003129441649282001,-0.0001808452010508717,-0.0003184978332650723,0.00041717191305546845,-0.00065977684872086,7.166960519329504e-05,-0.00015211444638123524,-0.0010567196545462427,0.00014553025708694589,-0.000218646353200326,0.00023519604853004794,0.000507289926181813,-0.0004581528553771161,0.0006687600796486727,0.0007602882190693382,-0.00023943042378354334,-0.00016518472531339566,-0.00033715853773928013,-0.0
2021-07-01,0.00020461071594937946,0.0003889634683205967,0.0005340276473962047,9.390956650682969e-05,0.00018962971018413507,0.00029860414213104457,0.0002860975967664781,-0.0003889680217810222,0.00017486858683186973,-1.3925325421578681e-05,-3.8893817708485953e-05,0.0006847670814804243,-0.0001979581668576544,0.00019533628871168463,0.0002575630628501247,8.0992613150843e-05,-0.00018410419313463744,6.960114039999722e-06,-0.00012406165138822414,-9.308777330801968e-05,0.0
2021-07-02,0.00023768657982773384,0.0008676709883055799,0.00023194422557958337,0.0006568822255905492,0.0011635640245249098,0.0005104956463741205,0.0006986830424500211,0.0007200865993448934,0.00011106104851804632,0.00018975371756665412,0.00015357461630135515,-0.0002304847867728221,0.000985331489405172,0.00030697814399180954,0.0003878148363967159,0.0004190582131094244,0.000507093040379547,0.0002710739953423524,0.00037711462509064646,-0.0005629842329848255,0.0
2021-07-06,-0.0005362363739392244,0.00039719257439784617,-0.0006057658901312175,-0.0005902608339281305,-0.0002653102896026368,-0.0006716852346852366,-0.0003982580324027683,-0.00025235830230196075,-0.00015241533763483387,-0.0007080233535320547,0.00023979190580391898,-9.802583238405135e-05,-0.0004080377341552175,-0.0005998601378723527,-0.0003004658729463572,-0.0006061893628812934,-0.000392699229395,-0.0003062152432023678,2.6709406598687156e-06,-0.000639777030312677,-0.0
2021-07-07,-0.0005507468765755846,9.475605638064916e-05,0.00041201060235369766,5.849130793676374e-05,-0.000492001363104585,0.0001570188505415383,-0.00027754842812055097,-0.0005714621694693383,-0.00018188937600098067,-0.0008409213723759042,2.6419449261173204e-05,-0.0006297977510770858,0.0003531441621523978,5.433821914446097e-06,0.00014011525241596338,0.00015450778137322826,-2.6052483524769856e-05,-0.00047390475981624435,-0.00037543971378440884,-0.00042813011138106847,-0.0
2021-07-08,-0.0007138521674686706,-0.0003005707354049083,-0.0008377943035109116,-0.00026658013948006437,-0.00038614635634265837,-0.0007224969222588535,-0.0003790032601787333,-0.0006701356066451323,-0.00022859479564467193,-0.000489485213276677,-0.0009249546441202385,-0.0005166508222251793,-0.0003689155351852867,-0.00047808992555207114,-0.00021804040993649002,6.325152496028302e-05,-3.1929906202627686e-05,-0.000425446171064652,-0.000432806507651989,0.0006435342269512717,-0.0
2021-07-09,0.0004195310322975969,1.0630046114836386e-05,-0.0004106374270231635,0.0009068173125623389,-0.0004325226747733239,-0.00031156170483700725,-4.8357611295574745e-05,-0.00013467937038117852,0.0001641949848562151,4.4685705132741886e-05,-0.0002717485407120703,0.00010506954345542459,6.887977317100426e-05,0.0002808686515231983,0.00015544313128640485,0.00010845979209810999,7.73727972321792e-05,-1.426679912050224e-05,0.00035995304612308716,-0.0001379158260171126,0.0
2021-07-12,0.000376005608056285,0.0005726139787355339,0.0005432568417137873,0.0004767809221933025,0.000861784154441058,0.00048383906092688914,0.0004355336455596601,-0.0001910823615724504,0.00015620248603485072,0.0003766573332510615,0.00030421327610982495,0.0002102918403918122,0.0009218841414593837,0.0006199957171455449,0.00047222137393869857,0.00043246123010330694,9.576747916887991e-05,-0.0004865746031758482,0.0008836792766946083,0.0005769504554525207,0.0
2021-07-13,-0.00041145008954918653,0.0004863290177140439,0.00044762904856449054,-0.00015327265100909115,-6.0759641707346446e-06,-0.00028516692107589286,-0.0003906273154192263,5.644325482238418e-05,-0.00021386805142308756,-0.0008900437924890993,-0.00029405368849760584,-0.00109286156282626,-0.0004506208009742715,0.00023091946698218795,-0.00032388153151059724,-1.5975311219881015e-05,-0.00023555795882318018,-0.0002503767531585592,-0.0002195502227300541,-0.00018298330818030658,-0.0
2021-07-14,-0.0004045605986664654,-0.0005695232264008846,-0.0006293955853489237,-0.0005073388026942539,-0.0010773274044195706,-0.0006156132668321697,-0.0007759842434279824,-0.000960960276631665,-0.001277740872567792,-0.0012546949867012552,-0.0012108757168045286,-0.00046194952270708483,-0.0006962000927042993,-0.0003473408031448378,-0.0003522295147221577,-0.0006716151330024645,-0.0010902198736679211,-0.0004094535134040275,-0.0006768558209912347,-0.000536032564263264,-0.0
2021-07-15,-0.000659768559485731,-0.00032903107994697295,-0.00012245281277923115,-0.0006085582621314262,-0.0008335309657886209,-0.00031801843517411597,-0.0007860310956052342,-0.00032513519496572526,-0.0005071763973661407,-7.248350013051086e-05,-0.00042270543217244085,-0.00019193805431220892,-0.00029102532943125694,-0.00013506825100600853,-0.0008078222951324581,-0.0002814752267293343,-0.00034342756933079127,1.541344378888883e-05,-0.0007483318757730364,-0.0008457264414490028,-0.0
2021-07-16,-0.0007079675191817759,-0.00022144685706403807,-0.0009349038126252202,-0.0008806412223691279,-0.0002224572286889777,0.0003914179347962638,-2.1599209121451846e-05,-3.911487228593113e-05,-0.0005646741593094768,-0.0002808144917636225,-0.0008676179041799416,-0.0002756300784508345,-8.938808847793374e-05,-0.0006853245151964992,-8.097848711641193e-05,-9.819463901039304e-05,-0.0012105291609505664,0.00018122892912961439,-0.00020230565173713454,-0.0007579547490018021,-0.0
2021-07-19,0.00020158651813955296,-0.0002810938388486576,-0.00032506791696245395,-0.0002394379784758057,0.0001756812448416432,8.96679643210547e-07,-6.696822023563511e-05,0.00018494246648581453,-0.00011382578030322579,-0.00014502586378545496,-0.0001033506330779293,-0.0002280009860193762,-0.00014093387109018679,-0.00046082462087322553,0.00028054609626411013,-0.00021813024539633948,-0.0003481933054285473,-0.00011908208858734923,-0.0004826675196530502,0.00032384595861103643,-0.0
2021-07-20,-0.0002918067285739739,-0.0001749061991693523,-0.0007599939127347501,-0.00020194591107228167,-0.0005159896212336614,-0.0003289059547047852,-0.00025940727723282526,-2.082248214237367e-05,-0.0003524664376148816,-0.0005496569433620158,0.00014199277145108115,-0.00023208027446624112,-0.0001473339492768428,-0.0005973419580528503,-0.0004803667766031663,-0.000530735533689713,0.00020274333679113802,-0.0005237210475305917,0.0003917300592222538,-0.000566850546410228,-0.0
2021-07-21,-0.00012478736310845713,6.708522593165924e-05,0.00028456550075375674,-0.0005508266956880131,0.00040712459268074636,0.0002552182631153845,2.897791773942704e-05,0.0004095517651645857,-0.0006876268909214191,1.3774380306801092e-05,0.00031458335282400987,-0.000565210978746879,0.00032474427735244783,-0.0004914245304619266,-0.0004637398806101784,7.325479076176918e-06,0.0003201051533283616,-0.00017431211302846423,0.0003333553302522271,0.0005250548904338737,0.0
2021-07-22,-6.623111225940487e-05,0.0005496006649380702,-0.0006169892391070401,-0.00010829276763391969,-0.00011540062651032993,-0.00037850378958250347,-0.0001590606918135635,0.00040597920461842246,0.0006822944034167948,-0.00020269020982726383,-0.00013049661568465017,-0.0006879483639152987,-2.1092638739707712e-05,0.00045055212322912304,-0.0004530469182988172,0.00018408909411015174,-0.0006422607852765034,-0.00034475088017477557,0.0005408361002837123,-0.00021000257444775237,-0.0
2021-07-23,0.0006845343861784215,0.00023039170494629438,-0.00014497126498065973,-0.00042679655128487616,-2.6794128735651785e-05,0.0006236829864076927,0.0006971067292558095,0.00039590839668575314,0.0002139072463282338,7.815769354890805e-05,0.0008139493861104756,0.0005487181951536392,0.00066727373276003,-4.6356920885844794e-05,0.0009394299050649367,0.0005474802855641241,0.0004941490029411328,-0.00019082750085364357,0.0001072427137134016,9.479677465542996e-06,0.0
2021-07-26,-0.0001747031434074211,-0.00017700392220674468,-4.000082824250197e-06,-0.00030294199261967253,-0.0003489642041607501,-0.00016371893449389346,-0.0003398712535030302,-7.38708066258264e-05,0.00031570504920927375,-0.0006554447589433174,-6.75112388210136e-05,0.00017928996278403662,-4.9394872872425417e-05,-0.0005785479371593104,-0.0004041125999241128,0.0002833441144861565,-0.0005752810741846192,-0.0005000313591391959,0.0005601947800170606,-0.00035831272782577606,-0.0
2021-07-27,-0.0006472307363314449,-0.0005762038784883966,0.0001317471352957564,-0.00014916418940054846,0.0003758006077137986,-9.739922997913751e-05,-1.3947518326175746e-05,-0.00044003822908524303,-0.00041594993850424354,-0.0005035795598266969,5.95634863500524e-05,-2.6146945101211955e-05,-9.114462627972297e-06,-0.00025376626540962526,-0.0006646052256190809,0.0002701779419304271,-0.0003604462159477266,-0.0004748935945449535,-0.0001582942525296778,0.0003175768059971837,-0.0
2021-07-28,0.000322243305080481,0.0004140324782687372,8.193301563916775e-05,0.00017135069919226414,-0.0003504235516693335,-0.0004917475256744732,-0.0001079597052832784,-0.00020945226058157978,0.0007220078994642012,0.0007677866634691976,-0.00011838200763031381,0.0002613073153364191,0.0005683249757000601,-0.00012063118244512218,0.0002683401354701575,0.00040323599743676334,0.00039690516777880156,-0.00033508418437877725,9.729324203361677e-05,-0.00010392387057669301,0.0
2021-07-29,-0.0005833380338569203,5.7181699500787826e-05,-0.0002202138168030632,-0.0005627255000199123,-0.0006819533621628698,-0.0012170356362974956,-0.00013969026882837881,2.4194680110930134e-05,-0.0008244384854325967,-0.0005133665926965994,0.00010732667502953494,-0.00014521631368576363,-0.000569889730018945,0.00036170637630698107,-0.0013858250636835632,-0.0003781285058926113,-0.000750358702270002,-9.347974862804155e-05,1.6398222600282785e-05,-0.000549388162428898,-0.0
2021-07-30,0.0007576686030791581,0.0007351637048555183,0.0002969876069793698,8.327518796480003e-05,0.00044594765470141903,-0.0004059356544458468,0.0004797564562315537,0.0003319013171498741,0.00017375183612268957,0.0003656065925016635,0.00011394686527547678,0.000353322266083028,0.0005346647063715868,1.8684257911359495e-05,-0.0002166336594605996,0.00024721913118364453,0.0005968263144983893,0.00031352624046186543,-0.00025733028612824475,0.0004468838537184178,0.0
2021-08-02,3.314564154915098e-05,0.00011411095512414795,-4.069316785526075e-05,-0.00023629514773086717,0.00010966357744399142,0.0006281900694910279,0.00041727373697718296,0.0002793100766792532,-0.00034328775788119233,-3.261600147564025e-05,0.0005871866952098674,-0.00023356951626703494,-2.2400767735342218e-05,0.0001890197355077496,0.0005163198271642255,-0.00017593291811559742,0.00012128150141187947,1.6048664884277907e-05,4.7926051672348036e-05,0.00019663349864247444,0.0
2021-08-03,-0.0008182963214416195,0.00016499010197064125,-0.00041918081618728676,-3.224811537919647e-05,-0.00031296818356740255,-0.0004378880851735711,0.0004788220147214583,-0.0002427822595450102,0.0008742262188426664,-0.00014527450667902174,0.0004393197533730242,4.1827362441515525e-05,-0.000526265178018992,-0.0003091988578806104,-0.000370412616475313,0.0002437130269428156,0.00012591403521442502,9.755882906931079e-05,-9.076933667588883e-05,0.0006910834986996294,-0.0
2021-08-04,0.0005659439460231406,0.0003977500594969645,0.0006426014436254427,0.0004702518459177385,0.0007831438158237724,0.0007004740863874414,0.0005579179927362099,0.0010139506113287042,0.0003692701789016349,0.00022683004133919324,0.000545185170280335,0.0003468215953701375,0.00033140642864481313,-0.00013100200411676492,0.00035622835513280835,0.0009182078697016152,0.0008295330307235172,0.0005584263506544871,0.0005953574091637401,0.0008701576401729889,0.0
2021-08-05,0.0005038186847800744,1.5851868575588817e-05,4.534754351068838e-05,-0.0004832700334069086,0.00018515204885189346,-0.000391629218061631,0.00026701658956253157,-0.0002502194099278362,0.00012272317775008438,0.00029938298830000585,-2.722568947881255e-05,-0.000267273748290101,-0.0004159445232227036,-0.000415961504244423,-6.532857077371054e-05,0.00019808608055548935,0.0001439277078531097,-0.00042683470627120137,-0.00032415728113791036,-0.0004211664325471381,-0.0
2021-08-06,0.0011297252943468044,0.0006940120056681508,0.0008921213864207752,0.000669342337027359,0.0007012121240993055,0.0004925232176175657,0.001170507926977511,0.0003019933828510302,0.000753534505346312,0.0007120086758878105,0.000524541952414055,0.0009750756483202989,0.0006986633181480078,0.00032235369120976455,0.0006782870111836087,0.0007911558325616171,0.0008746799021900739,0.0012067320757012327,0.00039133782476523697,0.0010524760839129893,0.0
2021-08-09,0.0005852900061789469,-3.7541948879929686e-05,5.1329524962763895e-05,3.32650577390627e-05,-0.00027312701045151,-7.233327501628168e-05,-0.00046199032169819,-0.00025679136231625174,-6.802238809191605e-05,-0.0003336497619824862,-0.0003465651388075542,0.0004923968254500704,-0.00015449363075027513,-0.000301103129135247,-0.00024144843774533505,-0.00014478666650431118,-0.00029252959202943815,-0.00032848950910515046,-0.00018880816384137506,-0.0007449899531468396,-0.0
2021-08-10,-0.0007225923264096937,-0.0003053309329362239,-0.0007640881018097995,-0.00040747146274863055,-0.0005132314362117968,0.0002197547099852586,-0.0005742699141125228,0.00019576635429481047,-0.0001745461327654008,-0.0004876287431447572,-0.0001442696888028944,-0.0011866963199084217,-0.00030091531388238716,-0.0008787751727292522,-0.00015894313899957502,-0.0004860408216334068,-0.0007505713998116635,-0.0009374280565697076,-0.00044815195829992204,-8.338226212118479e-05,-0.0
2021-08-11,0.0003486970565414082,0.00018426460357586763,0.000265721496374661,0.00086639499814569,0.00012441880711389061,0.00022910730097791765,-0.0005070351971486677,-0.00036533660983587913,0.0005134081318716469,0.00039888519398084265,0.00021696430477448076,-6.421378814476313e-05,0.0003726331433624238,6.913044589678722e-05,0.0005269672129999147,-3.16728131528323e-05,-7.446472514136924e-05,8.059229130815712e-05,5.167559939588353e-05,-0.00020741702832409052,0.0
2021-08-12,-0.0005583125300532191,-0.00040207391515598715,-0.00029646214533019275,-0.00034798897608422286,-0.0007546154719218819,-0.00016138342441442114,7.557507764018433e-05,-0.0005552343675469508,-6.427280223489723e-05,-0.0012879496334076536,-0.0008706680192742185,-0.00040051175214154744,0.00022070152012662042,-0.0003943821819519293,-0.0006676313262968649,-0.0005598399759580531,-0.00013034055879477738,-9.763475898823098e-05,0.00015239197409700782,-8.83383710165426e-05,-0.0
2021-08-13,-0.00012844612534306375,-0.00029207926849798973,-0.00037452218647273836,-0.0003053803932377481,0.0002571896153690604,0.00024966670037622604,-0.0007423339013144544,0.0008005664064998076,-0.00015417940406421652,-9.463614202960049e-05,-0.00023399938631678743,0.00019950510020237563,-0.00010250830204997199,-0.0007088733647081093,-0.0003724432321247153,-0.0001102952610432812,-0.0006596669092167134,-0.0003094515590592734,-0.0009554704080876392,0.0004885338396127093,-0.0
2021-08-16,-0.0003338829417001577,0.0007172033340790208,1.325568196319082e-05,-3.1588055483240936e-05,0.0007113883004081208,-0.00010655321125206744,-0.000507095415572524,0.0004497400051830186,0.0003100123829810044,0.00029897782130707586,0.0004193603070391304,-0.0003907226182079761,0.0004957483596657365,0.00014451789167247973,7.880403254329888e-05,-0.0008729582633285386,0.0003195106329849572,0.0005480115447823961,0.00037682779095294484,-0.0004808568279127075,0.0
2021-08-17,-6.511174351664969e-05,0.0011279670352449653,-8.03751826311301e-05,-0.00017948246042738568,7.915939033833002e-05,0.0005393092918205755,-0.00022078441487175825,-9.725791147462536e-05,0.000867328209721893,-0.00010012088797613118,0.0006766256586301289,-0.0008756202462461123,9.944827891449931e-05,0.0004026390469155677,0.00040139273021189923,-2.7560093311342564e-05,0.00029228401666624436,0.00022436072128099264,-4.394263163284609e-06,0.0004911761864573572,0.0
2021-08-18,-0.0004059615744723812,-0.0006114610195306707,0.00014070314216948698,7.078589616685354e-05,-4.475884479044273e-05,0.00014880445846565768,-0.0007625562559114504,-0.0005530184541858768,-0.00033285342660011556,-0.00011254925347263854,8.610044287165282e-05,0.00011456467708548087,-0.0007195396748592434,0.00023681787826561595,-0.0001563799298932905,-0.00014345558308348966,-0.00023344437023842086,-0.0004572684916084463,-0.00022728085152786168,0.00012776256405148842,-0.0
2021-08-19,0.000594123216386654,-0.00016342400325682085,-0.00021387379924531265,4.1567575842114996e-05,0.0007057298847202121,0.0006066151755307078,0.00036544892522157203,-0.0003046112434010243,-0.00038718261186359963,0.0004490626878121273,-0.0002542381241026963,0.0006025859035776215,-0.00013028962585335987,-0.0005397822696728876,0.0002358905834718937,0.0011452108598774928,0.00030412131702382123,7.369280268129514e-05,-9.672283639586827e-05,0.0005271026064705167,0.0
2021-08-20,0.0006125246453022735,-5.7662143852404175e-06,-1.8161082247886125e-05,0.00013031093842360224,0.0010374733112953729,0.0002836506620955939,-4.889431386382949e-05,0.0003609088629447521,-5.6771068651812536e-05,-0.00010022449867999099,-4.01417755303318e-05,-0.00028986507845408046,0.0002577638345852728,6.916768697710542e-05,-0.00021198754828612298,0.0003338341087781116,0.000354026246565784,0.0003794663845502186,0.00033696481919323656,-1.4189646869467384e-05,0.0
2021-08-23,0.0005111728862864559,0.00037749668964937494,0.0002879754986189061,0.0002184295482389307,0.0009910191037670708,0.00026282084914967357,-0.00017847753465241207,0.0006603414165998633,5.1583920409747866e-05,0.0006892037422252,0.0002882754515298486,0.00035417715630110043,0.000678994793589681,-6.792932588443018e-05,1.0714575450037877e-05,0.00042697763327664655,0.0005670560357700513,0.0004352533473753443,0.0002646775506722104,0.00038773554717170367,0.0
2021-08-24,-0.0003244319128437765,0.0004749474985491747,0.0007066021935722956,-0.00019018306623983685,-0.0004779287144716861,-0.0001556472924138889,0.0001330724040997564,0.0006872076870056836,-0.00015993467832550298,0.00025453995923376563,0.0006465134147030497,0.0006707269768392579,8.566796255497312e-05,-6.964111898636082e-05,0.00021675847645758977,-0.00014009591838731397,0.00042014989546039494,0.0005785949063876901,7.303290680234548e-05,-0.00018932573613490478,0.0
2021-08-25,0.0002798154653583918,0.000607717452141351,0.0007519450007675863,-0.0002230336509807049,0.0002875980324752672,0.00010707386831356657,0.00037652619356989765,-0.00027963265952472973,9.290874961552642e-05,0.00033019338326714957,0.00017715059732259034,9.536040477789536e-06,0.0007979377862390088,0.0008086905274062444,0.00020349991712577937,0.0009960544013557055,0.0014173005808666755,0.00068530485020942,0.00057648088879223,0.0005505042178057686,0.0
2021-08-26,-0.0007854658463059694,-0.0004734091026915056,-0.0010968745248737576,-0.0006660775580847656,-0.0003588607492332849,-0.0008575747628944122,-0.0011257379054123362,-0.000984710802056482,-0.00053954351734112,-0.00047899109788052927,-0.0001523572222180511,-0.0004740901723764047,0.0001199710370244864,-0.0007250878091815846,-0.0006270071926517038,-0.0008209699775814207,-0.00047959163198410136,-0.0010850776057014693,-0.0002925448883253831,-0.0010037052267258468,-0.0
2021-08-27,0.00022083953457338623,0.00010444377748426008,0.0003860814780365746,0.00021611144763769593,-0.00026779472948518164,4.525943745990836e-05,-0.000315925787516161,-0.00012467240478040355,2.892207288103361e-06,0.00016236901970859081,-0.0003079033423157665,9.201400085088866e-05,-0.0004016743451281528,-0.00023303633341302478,-0.00010311003888723484,0.0006372453599309811,-0.0003220307750649565,-0.00014357649473998444,0.00040714862014259263,-0.00024142582915913043,-0.0
2021-08-30,0.00017583021813053835,-0.0004954143317638416,0.0002347565409936635,-0.00016492799135048593,0.0004011022358023478,-0.00032223274695832157,-0.00024807863485044076,0.0007309791938386147,-0.00015797855774351213,0.0005702513109738174,-5.1813163707899565e-05,-0.0007229229532788754,0.0005112153426465666,-0.0004894575798462268,0.0005682309112227276,-0.0005104518532529367,-0.0009365582322204525,-0.0006742924693376211,-0.00044197104366705466,-1.7229456718722433e-05,-0.0
2021-08-31,0.00041292879308919866,-4.797306562098265e-05,-0.00037473626897638904,0.0005714411827902144,0.0006381774921885482,0.00019166194412339934,-8.090239161105277e-05,0.0003511153246068474,-0.00022136227841590916,0.00025424275712688377,-0.0002947574451528092,-0.00015366029030644326,-0.0005453922816891498,0.0005588746015696683,-0.00013407555515020537,0.0003755648489413263,-0.0004625962287399262,0.0005442904555209967,0.00027379198678776425,-0.00022144061343853922,0.0
2021-09-01,-0.00042652640398719015,-0.00016538405877715017,-0.0010346730114251573,0.00010666458809850599,-0.00046635019343154176,1.62098092863898e-05,-0.0002524656979493983,-2.4574361684112112e-05,0.00019584872038260772,0.0001304789550146476,-0.00022426961174034285,-0.0007193184961068693,0.0004971020636625785,-0.0008918234525157019,0.00032581760139614746,-0.00017910897300806746,-0.0004230634325629241,-0.0004956834261160217,6.634359794975767e-05,-0.0002965312826469758,-0.0
2021-09-02,-0.0010001107885472427,-0.0005957499143510792,-6.655176356745729e-05,0.00014211348784999301,-9.811420271292892e-05,-0.0004121888147468389,0.0003714762468117194,-0.00046999745243021536,0.0001457853418765587,2.6460194986199784e-05,-0.0004373382282098437,-9.886030723588735e-05,-5.3007663458598535e-05,-0.00023600250207158615,0.0004185675114497855,-0.0002381063080994728,0.00020003001837561876,2.9456909323521968e-05,-1.0555349262669768e-05,-0.0003585552327990183,-0.0
2021-09-03,-8.468609864829286e-05,0.0001246431612338789,0.0009264156949144259,0.0011978554164248738,0.0002701258510228871,0.00015000769758918148,0.001296640221328231,-0.00020833548095509287,0.0010918757250567848,0.0012017651572832906,0.0010310968910980664,0.0002556069675625066,0.0004515234984128082,0.00022884199876896367,0.0008226408395337006,0.0008838207560524319,0.00039671702599006057,0.0002889778612472872,0.0011250090739910073,0.0006193402814642452,0.0
2021-09-07,0.0004413195912825457,-0.00042675286211289477,0.0005186735771718639,-7.759030352306429e-05,-0.0001099234370034329,-0.0001205398780973581,-0.00015553800773368298,-2.8024960765191212e-05,0.0002579712915586344,-0.0005637348192540871,-0.0002861834917184501,3.0232360818252336e-05,-4.501801052085004e-05,-0.0006386445887620075,-0.00034407517236327166,0.00042419869112191125,0.00010034285489308044,-0.0007326248366358156,-0.0002690726273470688,-9.008059840334542e-05,-0.0
2021-09-08,-1.8944661482627645e-05,0.0003788262757396476,-0.00018740821120042633,0.00014574834548142465,4.196097926032621e-05,-0.00014796669690198553,-0.0003493432699329913,8.450828194328886e-05,-1.2519084858654299e-06,-0.0004898597183927617,-0.00041992232144882224,0.000342131648777443,-0.0001588579118336972,0.0004967177488509935,0.00017091733169303955,5.6972381327734454e-05,-0.00013601501345327058,-0.000313321928826669,0.0001756027751963049,-0.0001348022554555653,0.0
2021-09-09,-0.0003161767450805659,2.564551731338404e-05,0.0005628341139890849,-6.515480078748566e-05,0.0002729406140446069,-0.0003615853197302872,-0.00014420404065667756,-0.0001506035356739239,0.0004062808122164475,-6.202680165231773e-06,-0.0006233042900500429,0.0004278984764106749,0.0004644375263610482,-0.0006841907909976604,-0.00019930299773682886,-6.932709967444415e-05,0.00010006494702107614,-0.00014394501400724426,4.7581738883816054e-05,-0.00027884171095522627,-0.0
2021-09-10,0.0005861462670690511,0.00023653474680293318,-0.000775208777166244,0.0005785158594980571,-0.0002849637369943323,0.000605212025277592,9.579105421822334e-05,-0.00010443172542789605,0.0001261047056888869,0.0002567760400072111,-3.3799806322911327e-06,0.0008538776019385831,-0.0002173032422644154,-0.00013131539149739804,0.0007397200241532608,-0.00011974874150569832,0.000334189764548027,0.0002201603170127541,-0.00039879457491837127,8.089460078042822e-05,0.0
2021-09-13,0.00044243463157636837,-0.0006282394354536795,-0.0001232036952484951,8.04578968512176e-06,-0.0009027693874485623,-0.000522167605784588,-1.1869479210959252e-05,-0.0002483658442605247,0.00029529226461360105,-0.0008938662032494968,-0.00014978773592201126,8.182193012387903e-05,-0.0001906761199496695,-2.0046835198652115e-05,0.00015417330862483518,8.621087460167624e-05,-0.00013533599306729573,0.0001886024327490549,0.0004517246005863274,-0.00035912323702799975,0.0
2021-09-14,0.00013865066919939694,-0.000379216765244166,-1.54087695328976e-05,-9.921565684883976e-05,-0.00042115528933943977,0.000820134191532538,0.0003499156287192932,-0.00020536165750098602,0.00039830712303783776,0.00012753208392339652,0.00034922550157238854,2.0615058461119448e-05,-0.0003515444367945672,-0.0001286279442440506,5.7792110525999416e-05,-0.00025595294922907657,0.00028613446049645494,-0.00032979547930769913,9.497860459388782e-05,0.00011336196493712153,0.0
2021-09-15,0.00022822093587260484,0.000545652448058563,0.0007421961164343334,0.000553164004212168,-2.747908833910792e-05,0.00042983971180879306,0.0011301060228975075,0.0007907150850654967,0.00030171166513482886,0.0002646604659961615,0.0002448503826056104,0.000206725526350065,7.51391830898831e-05,-0.0002674734141590215,0.0009844656746319078,-0.0006163914607462072,0.00018025647547583124,0.0004312121296371441,0.0004930364322054593,0.0003380303150791991,0.0
2021-09-16,0.0004181182735027714,-0.0004919115216678772,0.0009372101524881377,0.00018688232553063755,0.00022785741396211606,0.0008077453161297608,-0.0001380461648178781,0.00015244847475112623,0.000525889527978087,0.0007157584922030753,0.0008574427094212262,0.00013248238642358764,0.0002182913006692004,0.0003908880706231186,0.00035750946725357047,-0.00018604687697561004,3.581145595928646e-05,0.0007822674412245883,0.0010399603069290038,0.0005133017415871633,0.0
2021-09-17,0.0001707228198773148,0.0004972133597300157,0.0004381575808236072,0.0002868808037417017,0.0001509504445023169,0.0003973509978535319,-8.783798060985449e-05,-4.574199601976519e-06,4.8208738809132074e-05,0.00023993564138319502,-4.252734053363567e-05,0.0002546305012717225,-0.00017359811519858829,-0.000167633896383604,0.00029675524612287534,1.4255130101432826e-05,0.00028739725189348827,0.00026796425831988505,0.0001727502823541199,-9.251137855314136e-05,0.0
2021-09-20,0.0007275835669595226,-0.0004501746930831661,-0.0003127813100904011,0.0003253140144159122,-0.0001990675124855516,0.0003896320114480491,0.000725448287692211,0.0001517249606383667,-0.00013420085963584423,-0.00045946889921756595,0.0005223615462246352,-2.9563928284591283e-06,0.00010626439399754468,0.0004322227589550248,0.0004345091013074103,-0.00019916661610079242,0.00031748521408108766,4.327780660885606e-05,0.0001906475957564707,0.0003756195647962748,0.0
2021-09-21,-0.00017044267190555187,-2.0739127525848218e-05,-1.545408915448584e-05,-0.00039693167353877017,-0.000705355874447977,0.0002682220954356799,-0.0005164887368088835,-6.761147479614243e-05,-0.0011113572033533468,-0.0006819539239940893,-0.0006463733764902796,-0.0001387123560373614,-0.0006899512042624994,-0.00013078705601348836,-0.00020510754804323793,-0.00034696836697929213,-0.00011058299084241115,-0.0002964813332109643,-0.0003038346818022604,1.9327447268864208e-05,-0.0
2021-09-22,0.00023726566631118885,-0.00031581839379264106,0.00016377581480762817,0.00018478095844115026,-0.00032531398888223926,-0.0004082724567419873,0.0002646004651457151,-0.0003090757718450291,-0.00026878150576498843,-0.00029378881196601766,-0.0005384783612464207,-0.00035492683300959857,0.0005214547897491895,0.0006364125002622036,-5.954772730817196e-05,-0.00019234673884468664,0.0003201425633772512,3.358842968281985e-05,-0.00038397355924131365,0.00020600907470864327,-0.0
2021-09-23,0.0006888492645731127,0.0006041856631061938,-0.0003276215734954097,-0.0002619717920233239,-0.0001144096507217921,0.0002176521873410895,0.0005069192298948531,0.0005914001152188543,0.000345232167926142,0.0005106374124856788,-1.9189274618242157e-05,0.00010749690172656224,0.00021058486247592294,0.00029971135655327175,0.0005907911188626034,2.0554510895677594e-05,0.00018568849743402075,0.0007495692244073325,0.00013911523491082228,0.0003417015132962787,0.0
2021-09-24,-0.00016564168014261132,0.001312232912060322,-0.00048686475178883924,0.0003132875094576968,4.994035345706956e-05,-5.1633271377962845e-05,0.0007081569833354988,4.370488460811244e-05,0.0006415312275153645,0.00036885412893564184,-0.0001431488961707131,0.00040564037669190843,0.0003703696457889946,0.00044348076551449343,2.8818677407950196e-05,1.9803836428646207e-05,0.00019044236497574562,0.0008424701131626318,0.0001996318161887233,-0.00025169259732032675,0.0
2021-09-27,0.00033408141960753943,-0.0007157126508674661,0.0004315524604673573,-0.00010032028115583124,-0.00013405454467830182,-0.0005349338828941264,0.0007705321222252223,7.608701745388569e-06,0.00035336283275249865,-0.00014912876278710906,-0.00035642310337133696,2.1193450996566148e-05,0.00035911122993633355,-5.996751430887138e-05,0.00047857823565601023,0.0003852583952451345,-3.592813723272932e-05,0.0002934349856024383,0.00010126897112257991,0.000644986229536577,0.0
2021-09-28,0.00015348454645827683,0.00047824482970124625,0.00019331555899159854,0.0012867629089848144,0.00045641601916937503,2.196597362982686e-05,0.00039322074470459796,0.00080286284478882,0.00016099290977635207,0.00029529322140727925,0.0003802614245865599,-0.00042620739385710574,0.0009486530801922823,0.0008336126858477771,0.00016436663935682342,0.0003228990750176929,0.0003808793039999561,0.0002761781169013156,0.0007537364041809698,0.0002744009766298577,0.0
2021-09-29,-0.0007495533983158455,-0.0004726982194937374,-0.00031049981773482413,0.00020555655226198692,-0.00018826754492166857,0.0007905146744070015,-0.000497378436123929,-0.00019206748380617164,-9.822539161778052e-05,-0.00022064063917920246,4.7883362658830465e-05,0.0001375273461270156,0.00045964860226191693,0.00014427327300754644,0.0006447900711866274,0.0006629508735630202,9.569621184702438e-05,0.00013338785047793135,0.0004822809485285777,0.00025154793955960484,0.0
2021-09-30,-0.00040327388609733965,0.00046793260433364547,0.00026937981700412997,0.00013857639066122682,0.00019875038172200584,0.00028203303543453687,0.00010105873722358838,0.0005770232646979068,0.0002857070032773037,0.001020142018015084,0.0003731375681844053,6.0880811578549244e-05,0.0002557816031193218,0.000301776125929054,0.0007549177784786125,0.00036698867599127246,0.0003921477999168203,0.0003716841342660046,0.0001409680428021004,9.483221663410752e-05,0.0
2021-10-01,-0.00026611511674852397,1.3304819566882164e-05,0.00021425952727820266,-0.00041259526367239737,-9.58994950965204e-05,0.000784082962583883,0.0008907838704207964,0.0004280818423721859,-0.0002615674583986015,0.0002809914051680054,0.0002590193881489621,0.0004987272094199235,-0.00029025839115966667,0.00027218258185476965,0.000299577032955864,-0.0005668787963457662,-0.0001691361683684272,0.00016048591188735003,8.083626257217957e-05,1.1078978220368422e-05,0.0
2021-10-04,9.158260164751076e-05,-4.892171549824576e-05,-0.00012334342269352817,0.00036254664051810215,0.00018876421325325635,0.000635693978845231,-0.0005893147616446326,1.4118702424226195e-05,-0.0008346898979323559,0.0001808164133950796,-0.0006843393789116858,0.0002455433699056431,2.3987594462238084e-05,-0.0003200811347460087,-0.0001259156243972659,-0.0004596760699365155,-0.0004540038250718193,-0.0002750315772725387,0.0003959259830240147,0.0003184389075594263,-0.0
2021-10-05,0.0001395736951662672,-0.00021991018721039842,-0.00044346105649235363,-2.3428465668401104e-05,4.552515074581572e-05,0.0011638681904269223,0.0002703423460528671,5.825110839363538e-05,-0.0004347783664260313,0.0005841227052660141,0.0002951023636894184,-0.0007042030738090257,0.0004720035059592849,-7.520623597081233e-05,0.00048470610040437693,0.0001384987705689179,-0.00021709886086955464,0.0007849410613521799,-0.0005088412833731794,0.0003761461125503761,0.0
2021-10-06,-0.0007537095198977731,-0.0005388250078106551,-0.00015350091416019873,-0.0010989019223840739,-0.000449343403549329,-0.0001536183288531199,-0.0016833450683119038,-7.137137108747034e-05,-0.0003254411864221136,-0.00046631716722372646,-0.0012266073010464033,-0.0005295131109988906,-0.0007726645548583387,-0.0006209651890479052,-0.0006193917683914077,-0.0007254019358625062,-0.0006600490933534412,-0.0011028124068976092,-0.000892281780206853,-0.0009364150131424414,-0.0
2021-10-07,0.0007973828134576426,-0.00039323254104626896,0.0004633090928181058,0.00022966237337412117,-0.0002934522834924576,0.0009814649365563236,-0.00035060509453559597,0.00010903860592004062,0.0007479636197922843,0.00012587138656220147,-8.768217252977025e-05,0.0002470281544431143,0.00013631265305731765,0.00036602494686123547,-0.00102136772410785,-9.18986832481716e-05,9.611725837873119e-05,0.0005665711446902208,-0.0003422384473132273,0.0006525221806270496,0.0
2021-10-08,-0.0014832658438892836,-0.0005736507423973879,-0.0011393166716349538,-0.0007884953850181344,-0.0010336504363235481,-0.0009594098291531358,-0.0006796101532544612,-0.0009566527738012207,-0.0007471345174360525,-0.001101355244734164,-0.0016380049616303094,-0.001528413691624778,-0.0009485274853714299,-0.000804933023886144,-0.001282463278407641,-0.001278338548916041,-0.0011715486841069212,-0.0018026156267570322,-0.00015838160133712102,-0.0013947085656375894,-0.0
2021-10-11,-0.0004906046702507659,-0.0006180871370931226,-0.0005827681861504086,-0.00025678910233851385,-0.0006794795342905767,-0.0004239426160772152,-0.00045080176882024946,-0.0006041040714013221,-0.0004974162798173562,-2.6912485976985443e-05,-0.0002392258481062003,-0.00016750070929312925,-0.001143162642312243,-0.0005066230413767207,-0.0004098978679788669,-0.0006782478229683113,-0.00024097418613248912,-0.0005707445780933312,-0.00020732122823893104,-0.0010786262956039168,-0.0
2021-10-12,0.00024013289569836327,-0.0003568496553057974,0.00025807234785921163,0.0001400629918940782,-0.0002965192891197446,0.0002511149490587826,-9.153258976869558e-09,0.0001870319519072453,-0.00035558544677200324,0.00014501622832157246,-0.00044498079885775993,-0.0003137755344203417,0.00018247293192590554,0.00022689622013393132,0.0002254004235325187,7.947262474500341e-05,0.000634213381674012,1.3065251438066463e-05,-4.224681757082843e-05,-0.0005437404547396273,0.0
2021-10-13,-0.00012019453582985203,0.0006874974971159158,-0.00025817780788592575,0.00019714770333385497,0.00011428891210103407,0.0001492127964940232,-0.00014173792507031908,0.0004842843195870835,8.190676745203612e-05,-0.0001270061171791726,-0.0002696783896179814,0.0005321671566527637,0.00039544807247081013,0.0004782047913189909,0.0003809676559809874,0.00011940104690652347,-3.422389405076184e-05,0.0002175371459176904,0.00012721848447225513,0.00041277320760728413,0.0
2021-10-14,-0.0003123076745728588,-0.00034257550580445276,-0.0002069434978609034,-0.00024216582274233338,0.000283395064708902,-0.0002873835084401193,-0.000982566778189219,-0.00042605661047733,-0.00010505813298669725,0.00037724136237548043,-0.0006797004171804267,-0.0005425854276110975,-0.00033788502251375145,-0.000711991990399439,0.00021964893793129125,-0.0006899087371272761,-0.0006970046668876231,-0.0004451588738183257,-0.0006110646071388458,-0.0005606167494521308,-0.0
2021-10-15,-0.0007597983841578834,0.0004720493370488482,-0.000660874974017929,-7.760287393675366e-05,-0.0004940663803586285,7.431221704113554e-05,4.619974459587011e-05,-0.000952322756015249,9.588397664661878e-05,-0.0005425795802496136,-0.0002258290544514068,-0.0007177635527848514,0.00020019245605269178,-0.00019475848623037233,1.1209561952823268e-05,-0.0001049929373650013,0.00013522496474910613,0.0002887980035278393,0.0005030259366559035,-0.00024090266309190515,-0.0
2021-10-18,0.0008784649415821108,0.0008242163751082734,0.0003611759918062844,0.000547063852025564,0.00034305341670046885,0.00024402396023357,0.0002769851946038257,0.0005720416524872592,0.0006304245987698493,-0.00022521113049024004,0.00031410516566826927,0.0011065090575113378,0.0008040154514174151,-0.0006331284111519895,-0.00034225468734317663,0.00045948773622054705,0.0003925752712535914,0.0003046469117864339,-0.0004192624067883522,0.0007632070848622901,0.0
2021-10-19,-0.00037097859006287237,-0.0004172600507698483,-0.0005346773347564467,0.0002580836783529957,-0.0005870843497488304,-0.0006596308522426701,-0.0006325154110959364,-0.0005127484284034626,0.0002948001751177002,0.0002216536164332488,0.00014496482906105364,-0.0006668573334777282,-0.0003132205395319337,0.00012690087112543426,-6.055943103881439e-05,-0.00016466524866746348,-0.00019369152042953024,-0.0004907181882742575,-1.5640715496834374e-05,-1.5167901325102426e-05,-0.0
2021-10-20,0.0013482523444362578,0.0006125381494567016,0.00023838082891913288,0.0006731737875356562,0.00012114062827967709,0.0008128237159997093,0.0006089440069977356,0.0008967698207061089,0.0013349216712028231,0.0003885361447261584,0.0005664075556086853,0.00034563746758888226,0.0008035463319171598,0.00035659221309965265,0.0010529398321291314,0.0003823878820677556,0.000986262755325959,0.00029374286155030716,0.000609777746364205,0.00021833183962504895,0.0
2021-10-21,-6.76714602610704e-06,4.7751655614707445e-05,0.0005677623135637866,-0.0002899665193922675,-0.000265040663815969,-0.0002547590424810419,0.0001969133234813988,4.28902512135752e-06,-0.0001411744252150808,0.00016084334523895803,0.00032511937999953565,-0.00020433511333552742,2.0129646616223605e-05,-0.0002565196341007279,4.389242440903206e-05,0.0002331143531676797,-8.75076653335139e-05,-0.00015896938024683466,-0.00035601363495784864,0.0005690259622374899,0.0
2021-10-22,0.00048736375619027006,0.000663618711475855,0.00013867317815540638,7.074639600201349e-05,-3.697545921796437e-05,-9.248834413305517e-05,4.679214346365477e-05,0.0004538178500957704,0.0011312653623043675,0.0007763530982950802,0.00024090477366730726,-3.896719376609809e-05,-0.0006042129739469184,7.542835257613908e-05,0.00019138749231058195,0.0005692406891738345,0.0002589564131614327,0.0003674888929446651,3.13787908343459e-05,1.772221361162246e-05,0.0
2021-10-25,0.00044884317841488333,0.0006255131082436786,0.0005236647004336714,0.0007376067553925251,0.0003058634221064302,0.00043221534407359504,0.0004717791453535749,0.00012777774359534454,-0.00026016307294675996,-2.4107708730861953e-05,0.00012137180451204795,0.000680904955103219,0.000394964690587061,0.000660189316123491,0.0002857381197183775,0.0002961243277440254,0.0005152475729962768,0.000765477947144661,-0.00010824261549626027,0.00043576684148444303,0.0
2021-10-26,3.189584761297228e-05,0.00010658728946491303,-0.0006554917026345379,-0.0006002652363213718,-3.5936572472192524e-05,-9.361863501678895e-05,5.244276610942825e-05,-0.0001466583054058025,-0.00023783276366345894,2.844640602611757e-05,-0.0001821187688650597,6.0686213029070046e-05,-0.0003210446577840512,0.0008653944403403769,0.0003745044284478004,-0.00017485281108741191,0.0011835481625792296,-0.00037725142317633213,0.0005801709232386795,-0.00020773063517333067,0.0
2021-10-27,-0.0004910586378493126,-0.0003558324786856381,-0.0004730937038538256,-0.0009137144723607477,-0.00082319487309786,0.00011966268148859333,-0.0004963587542311561,-0.00039660369992632196,-0.00021093701848973588,0.0002511821871225408,0.0002398053239793384,7.431326337286625e-05,-0.0002285382549968992,-0.0008201879162517842,-0.0004022673184304621,-0.00010990629839571501,-0.00033160978743984414,-0.000548752667031815,-0.00026441658017946926,-0.0006635248964548879,-0.0
2021-10-28,1.655372903252214e-05,-4.447434308880349e-05,0.00013240916179214687,0.0002975057436088176,-0.00023377111893959854,-8.950427130391589e-05,-6.132750515853021e-06,-0.0005467123617163993,0.0001716452925596818,0.00022224582755708488,0.00038718876921701523,0.00010310090829985349,0.0002140044882243065,-0.0003201796285874359,0.00018329852889754347,-0.0004277408921635345,0.0003111668148758707,-0.0003919235124522916,0.0002930041099975949,5.459888632232732e-05,-0.0
2021-10-29,0.00010877328840077239,0.0004650004639360543,6.172698231179665e-05,0.0005331061218698871,0.00016250677494544454,0.0004277340684328876,0.00023885537823378487,0.00038167242484635856,-7.053706236469638e-05,-7.081105206587949e-05,0.0002739230281238966,-0.0005822977348880563,-8.1402366913366e-05,7.420038791013523e-05,0.0001467696844757004,-0.00043979562277047244,-9.567169256001353e-05,-0.00010206987193190813,-0.00017423398105900813,-0.0005044894481728932,-0.0
2021-11-01,-0.0006656974263723218,-0.0003896800529061582,-0.001104530720964961,-0.0008367984981291945,-0.0008125915511903381,-0.0003270982229760566,-1.4009315376048052e-05,-0.0009458749545512777,-0.0005672737410192138,0.0004798006381306514,-4.1193928468727943e-05,-0.00017965331941697442,-0.0006946450702247937,-0.0006223255259603322,-0.0003623742815407378,-0.0005825403555650479,-0.00022641411672302638,-3.9087193534203746e-05,9.328010871349986e-05,-0.0003977992933743466,-0.0
2021-11-02,-0.00011014852552639344,-0.00020463202492979066,6.115290854546985e-06,-3.122223518392531e-05,-0.0001906839731712074,-9.736813065291952e-05,0.0002103722885308357,0.0003176767863169228,0.0007045219149263039,-9.974408479280774e-05,9.641094865804336e-05,1.5449302886838546e-05,1.5505213371758147e-05,0.00022619536918438993,0.00010304981948243698,4.193632904454515e-05,-0.00013497600221438203,-6.384505989542878e-06,-5.421351048397473e-05,0.0004885065614195328,-0.0
2021-11-03,-0.00041464420596228145,-0.00039798772173603637,-7.418112256356772e-05,-0.00034174773269085985,-9.955777786961163e-05,-0.00014670980068603326,-0.0004401239647128811,-5.4297175166036656e-05,-0.00039781565043355645,-6.344845927297849e-05,-8.53302626250287e-05,-0.0004207684906055215,0.0006520901870655646,-0.00026213449215104135,-0.00013207919743108112,-0.0005104851325676768,7.552453527763701e-05,-1.0000986338057981e-05,0.00017254891356565147,6.0888218542747156e-05,-0.0
2021-11-04,0.0010594140960968979,6.951599552381341e-05,0.0007135543571113998,0.0001717636861050339,-9.682252488336967e-06,-0.0001873811986487238,0.00048527770233357806,0.00019580352631511053,-9.34277204993646e-05,0.0008399387594025346,0.0002819826374110458,0.0009834100762258426,-0.0005036711749137406,0.0005744301139996541,0.0007118508722651869,0.00025549839787146836,0.000230677419556448,0.0005261482234502716,0.0004645100040806058,0.0003393385703035241,0.0
2021-11-05,-1.6548737928958757e-05,-0.0004681386334404643,-0.0002159641933522362,0.00012072101987003663,0.00013293676699495664,0.0001313959634526173,0.0001777809294670215,0.0001362282043219008,0.0006059810396786054,0.0003610961580739121,0.0006097507823172838,0.00022922729133823113,9.621323928512672e-05,-7.240605793308845e-05,0.0002538290927964889,-0.0006816292143444951,0.00019077072372689083,-0.00019131383223456404,3.1900227286329553e-06,-0.0003739721959817599,0.0
2021-11-08,0.00046865198534259934,-0.00032766177764156814,-0.0008603692063390507,-0.0005221771141306951,-0.0006003861378473239,0.00022050622011344028,-0.00032301107779697443,3.747310154919839e-05,0.0002254688252182803,0.00039416518588856656,-0.0002392842662630092,0.0002581086608257256,-0.00026391910093414363,0.00011709611759422877,0.00029348473477687183,0.00013848595978668834,-0.0003387736720543943,-0.0005221583180395617,0.0002773754661854174,-9.553032192548814e-05,-0.0
2021-11-09,-9.432587117119486e-05,0.00048427033478751875,-0.0003682831094962679,-0.0004050433880990947,0.00028069619279357037,0.00032026157558945117,-0.00018648701733831806,-0.00016591000317983572,0.0003644245623706091,-0.00034737050453120496,6.012448874597687e-05,0.0003225185791530855,-0.00017275826631733113,-0.00036190321228564453,-0.0002975965038283157,0.00047010121243968634,-0.00030196842958065485,-0.00022799003724459312,0.0014582283340712036,-0.00030414572237782186,-0.0
2021-11-10,0.00016043928721834808,-4.4836685165734435e-06,-0.00030946364802354346,-3.675143735611212e-05,0.00019280207059054724,-0.00040533501846268564,0.00030349426050234595,0.00017275175573450786,0.0001393853844643441,0.0005056677693213855,-0.000534975842712348,-8.106250338721317e-05,3.0806554611604305e-05,0.000745066310790372,-0.00022451750931541754,-0.00024795088085761345,-0.0005845205280127887,0.00035020086473048205,-0.00034163887931507687,0.0005706896540640576,0.0
2021-11-11,-0.0002888435904872269,0.00041486387765754523,0.00042358907431089683,0.0001236910624576396,0.00019514624496723993,-0.0003505015123581583,0.0006590343888307432,0.00043689849125295874,-0.0003112800953549517,0.00024347250801938833,-0.0003221359754934933,0.00040774188366862193,5.703973323773745e-05,-0.00042254400186556175,0.00020156778160371932,0.00032791351562657533,0.00029893673397164293,0.0003860567917034666,0.00014022786270945093,1.217386129905158e-05,0.0
2021-11-12,-0.00043406381310370795,-0.0011228211379163903,-0.001198398821644647,-0.0006508779813114354,0.00011778806465149931,-0.0004539545444213348,-0.0009171588766093142,-0.0006132050908709894,-0.00024903930662689884,-0.0005507493050183517,0.00035664074062742584,-0.000168279620458646,-6.338948158288305e-05,-0.000523636561976913,-1.2479071182267747e-05,-0.0003431524035475007,-0.0004919566342812915,-0.00024639546119734724,-0.0007520603429637807,-0.000552751877287418,-0.0
2021-11-15,-0.00021420087380892783,-8.478613544946521e-05,-0.0004266649591639499,-9.705756172910173e-06,-0.00040203182601442994,0.00019447618542157814,0.0002875615727805993,-0.00016683527733774516,-0.0008327853028024451,-0.00021418139182591582,-7.087156231602563e-05,-0.0004965178573429607,-0.00037007556287062954,-0.0007841530656220028,-0.00010223321325980177,-0.0002466019216439259,0.00047200159896833847,4.5786075521812354e-05,-0.00014518563012541342,-0.0003637832932538518,-0.0
2021-11-16,0.0008754833248428395,0.0002506709342036491,0.000779144270478895,0.00016377818323002927,9.79946227746139e-05,0.00038751366963631805,0.0007288696019232605,-0.0006109255873996194,0.00040242033226499537,0.0003910350347935858,0.0002419183858445192,-0.00011588701894251056,-0.00043942460960289957,0.0005881239399484145,5.267100577197104e-05,0.00022584393450707737,0.00014813421610492032,0.00036789294943694793,0.00040501216463268976,4.095545103906628e-05,0.0
2021-11-17,-3.313219366517786e-05,-0.0002707486186283908,-0.0001042797155478941,-0.00025034089524039185,0.0003678895766929489,-0.0003781498251314039,-4.128234108235642e-05,-0.0007802279163349426,0.00011974951893623783,0.0005591968314458644,-8.339742601812414e-05,-0.00010357616446596919,0.0003310227472421742,7.832925908993768e-05,0.0001656686819495742,-0.00021382964421001925,0.00032296082038638937,-0.00022833875138349215,0.0005879554674158098,-2.760910503652335e-05,-0.0
2021-11-18,9.454886113541763e-05,-0.00031697616980884245,-7.513610028433554e-05,-0.0002825567647110262,0.00025308943062115724,-0.0008856251214781043,-0.0004843508334720164,-0.00018953559291010847,-1.5265314874145665e-05,-0.0002682829005379203,-0.00087169932065116,-0.00018904049675246714,3.7321067654508728e-06,-0.0008156659030313073,-0.000623259601342515,-0.0006719202979448496,9.034790792219524e-06,-0.0009444964478438788,-0.0005023357468663415,0.00024480611635793324,-0.0
2021-11-19,0.0003633406038688614,-4.252357471531379e-05,-0.0004322746838195637,8.157658723290231e-05,-0.00011463581937729472,-0.00010687612898566096,0.00027018640675333095,-1.6391493722655498e-05,9.906578727865881e-05,-0.00014969313822600294,-2.021681538275463e-05,0.0001377713855983832,-8.230507173822409e-05,0.0004725202487819147,0.0003704332938595312,-0.0002470746379426678,4.357608489807586e-05,0.0005697574442402369,0.0004813999500654909,0.0001329111736812103,0.0
2021-11-22,0.0007274426441014245,-0.000586086242626817,-0.0004090044410667578,0.00041373999253962925,9.601088081755363e-05,-0.00012405193490645092,-9.086815544752127e-05,-0.00016012409498800787,0.000404571910876392,-0.00022697159780562086,-0.00037254042662867974,7.260175047801765e-05,0.00015089150030511887,-0.00010896367940030252,0.00023985980754972212,0.0005041493668187003,-0.0001232077456040832,0.00010150860044533987,-0.0006214803967322307,-0.00018939513966187408,0.0
2021-11-23,-0.0004650204161898723,-9.573128166400341e-05,7.593002953325548e-05,-0.0007312984877026778,-5.821414736298598e-05,-9.268087408769497e-05,-0.0004938665072540212,-0.0004309449986586483,-0.0007603516536560038,-0.0004540804505837316,-0.0005189909363461598,-0.00042274105243139665,2.787190460238625e-06,-0.0002858482093292824,-0.0005144654569041936,-0.000991112173945616,-0.0004707926258188385,-0.0005834930987974589,-0.0003835946740303019,-0.000480596556409895,-0.0
2021-11-24,0.0009482537701391518,0.000148045562572968,0.00010096894003456653,-0.00040626816406349434,4.291530335121049e-05,0.0004123110073800717,-0.00045369985534837205,-6.731790939556782e-05,0.00041640814275698186,-0.00041436671480552293,0.0003023834432994836,-3.160441177493264e-05,0.00043178209624323817,0.00028600314327093803,-0.00012075493838538878,6.097442955189504e-05,0.0004664263066990729,3.3577125019355146e-05,-0.00024359422044074964,-0.0003762883829707049,0.0
2021-11-26,4.3964114085202976e-05,9.721243945935143e-05,0.00023815467508291982,9.853985867790292e-05,0.0004265954447263309,-0.00015303567480654963,-0.00040028284970598495,-0.00013098173112249397,0.0004597478854525002,-4.0007844714712015e-05,0.0003652516557726781,0.0007680524897652633,0.0006922220731139375,0.00012548893031891169,0.0002626247578429439,0.00018275263076755695,0.0010183674191510776,0.0007352780983370918,0.0004312456944937334,0.001209100398923385,0.0
2021-11-29,-0.00016735003924782063,-0.00021785357480743497,-0.0002704095285679805,0.00012519402318618452,0.000390626996631247,0.0003625185289814389,0.000917634151542243,-0.00044637462938986085,-0.00017517396640225288,2.4963034661780456e-05,0.0006585853615994907,0.00021041291401486186,0.00024499198947657393,0.0004267911525572955,0.0001415549843846684,9.042901610402791e-05,-0.00032886386192223425,0.0004609602017143911,0.0005296737719224518,0.0007487122247826718,0.0
2021-11-30,-0.0002535449721230407,-0.0003147185633769892,0.00020712901983818658,-0.0002403283389355051,-1.4942420950675862e-05,0.0003992021805499788,0.0002053351574291811,-0.0004815192459322897,0.00037630888533429915,3.492581607749048e-05,0.00028476755377770154,1.2282924032045372e-05,0.00045924524216486243,0.00013186640929869266,-0.00018710523385387457,0.0003998796067759237,0.00018918867920942898,5.6933506573502965e-05,-2.8862627857482296e-05,0.0006325224381148127,0.0
2021-12-01,0.00044659821206998325,-0.00029075971250504506,-0.0007533362443380483,-0.0008272519672425982,-0.00024629368681019343,-0.0007847279088161457,-0.0003189923557164533,-0.00012147819937409401,-6.730380894708399e-06,-0.0001348412047864463,-0.0012576013123044524,-0.0010481099163584548,0.00010768139093001956,-0.0002697977351813052,-0.00017912186067171144,-0.0005021538738007943,-0.0006070247710442621,-0.00022626813538510982,-0.0002060241744133325,-0.00012908940691330544,-0.0
2021-12-02,0.00038474789381519596,0.000662645579477805,0.0005133459005159156,0.00016174546721724466,9.577380032045333e-05,6.860469880918261e-05,8.718476581013321e-05,-4.9933599968127166e-05,0.0001254673168625153,-0.00016029842269300594,0.000780674699759609,2.8918243544817637e-05,-2.2208759769992696e-05,1.9975121761217623e-06,0.0005027806652765697,0.00032649168595387794,-2.86606416195545e-05,0.0005274221307958736,-2.6979145208888547e-05,4.002075907814095e-05,0.0
2021-12-03,-0.00019714480653649518,-8.452286450862452e-06,0.0008807032114629505,-0.00034443727774548694,-0.0005043283290122833,3.9698499626721145e-05,-0.0003683674778338629,0.00025855986999675406,-0.0003668103113606013,-0.0009371833738822788,-0.0003780417519614091,-0.0002804074737319313,7.440178481888193e-05,-0.0007304544653474169,0.0002230513230275266,0.0006171125713358122,0.0005155494722987665,4.239007356505979e-05,-6.263949800553076e-05,-0.00012926288334149367,-0.0
2021-12-06,0.0003076494276435877,-0.0006204670923309773,4.045541563476398e-05,-0.0006344649416498374,-0.0004712875546586221,-7.278521096195346e-05,-0.0002355057879542612,-0.00028187424400653535,-6.722939558167322e-05,-0.0007024391755732434,-7.360879311844876e-05,-0.0003422687102592367,-0.0008800885647123643,-0.00017023403362833654,-1.9907923013477788e-05,-0.0001862329434391091,-0.00040223791656905097,-8.846833398563393e-05,1.397720612169078e-05,-0.00020620788748146115,-0.0
2021-12-07,0.0004959105243133788,0.0003289116397032333,2.7620347169577994e-05,0.0005788406172954003,2.0350734025182125e-05,-0.0003508964612242806,0.0002787733238562631,0.0003737281479150918,0.00044083035750767713,0.0002346484480388199,0.00028729846775519575,0.0005735987427114097,-0.0002997190516215264,-5.590690627322786e-05,9.307740377096174e-05,-0.0004704998226547526,-0.0003149880649548528,-0.0004885872301929905,-0.00010251586689015793,0.0010774584892610174,0.0
2021-12-08,0.001129547243052056,0.0004036755346305069,-0.00048104618430764255,0.0001973612251530785,0.0007316049732640554,0.00046244713476205064,0.00034894513587792824,0.00037781784235883255,0.0001292773775652121,0.0002073440755019667,0.000509960154739409,0.00044715499063532725,0.0005810398914251431,0.0008893965387223979,0.0004720192009857886,0.0003717108849874079,0.0004879303958621881,0.0008553848346036924,6.952333526056289e-05,0.0003576848328440842,0.0
2021-12-09,-3.521181055165389e-05,0.0008155166237949489,-8.279597887530962e-05,0.0009015984206135301,0.0008348222742416891,0.0007263393618077106,0.00024286226440963513,0.0005258405876998423,0.0001544838373085381,7.218186668381147e-05,0.0005317516492392018,-8.117808594258187e-05,0.0007218935507917552,2.9915757774702793e-05,0.0004694033633255063,0.0004253906065582027,0.0006384120547376495,0.00014900297065599817,0.000802615078608915,0.0003146091205542049,0.0
2021-12-10,0.0002873975145607441,0.0005943826384387912,0.0009187487595500662,0.00038356053720691537,0.0006342828387772853,0.0009270403542842602,0.0005360620761402337,0.00040891825429016946,0.0005513391473354447,0.00101451931711033,0.0004027974295528114,0.0005842335969727848,0.00023477328379538983,0.0007883364631340944,0.0004243447138996875,0.000516666027003039,0.00022631338402670327,-0.0002822522384386245,0.00013595187230171647,0.000340884506885336,0.0
2021-12-13,-0.00019118751676167306,-0.0010885303920570148,-0.0003895132222210138,7.757948990991424e-05,0.0001286355047201047,-0.00026206189728635195,4.011422167595293e-05,-0.0001825225206795302,0.00026088521591375566,0.0002564083533989037,-0.0004951111043307939,-0.0005747734974061678,-0.0002335162914243941,-8.707894697729128e-05,0.0003072830596690285,-0.0007274782184283062,-0.00026295687398321106,-0.0006491192319132912,0.0004184012628287725,0.0001568976295196512,-0.0
2021-12-14,-0.0005986206621623797,0.00029441952474111414,-2.5925775872176324e-05,3.009585975093454e-05,0.0002501549331268737,-8.758800073924927e-05,0.00024054727299648352,-0.00032820000937313964,0.00085802626321155,8.169341483866859e-05,0.0010176268203704673,0.00034123939770957753,-2.0050337551625116e-05,0.0002439036727242119,6.794513008846271e-05,0.00021640354961064125,0.00015924200334846536,-0.00019107264972895852,-0.0005184930988734348,-0.0011325451909045602,0.0
2021-12-15,0.0005953933052267065,-0.0001317218515134338,0.0004512168471611918,-0.0007117150528050869,0.00032051573230184883,0.00014763495280382724,0.0004666542775378102,0.0004872227899429814,0.0004611693354833163,0.00029509691091307463,0.0004602926990508288,5.316116137899372e-05,0.0002813137323530112,-0.0002616237295788504,-0.0004344122676598186,7.231645888303329e-05,-0.00025168299586641926,0.0003798206465037829,0.000542465754052668,0.0003548908087759601,0.0
2021-12-16,-5.6323024300677386e-05,-0.0004572038273291993,0.0005633509565444749,-0.0003535225270286038,0.00018429993709194844,0.00014176226306024942,-2.0617978813689073e-05,0.0005995120794831617,-0.00039308948435849044,-5.258916863633764e-05,5.923214814653195e-05,6.87474568073204e-05,-0.000756682647012238,-6.792996287964931e-05,0.0003236171872837241,0.0003188188071970412,0.00018458883036685705,0.0004355475036849281,4.1996995204144675e-05,-0.0008472053413080788,0.0
2021-12-17,0.00030510713864263393,-2.3819110971849006e-05,-2.857859585867219e-05,-2.08864203513535e-06,0.0002118446691031737,7.63945068512122e-05,-1.733740422511406e-05,0.0006328096092152062,0.0007678030086437104,-0.00038895813668820113,0.0007100680420742611,3.2790201407372764e-05,0.00019804161147779473,-0.0001878327391103664,0.0001846783988739994,-0.00013992217456523575,-7.919291409670525e-05,0.00015929167251485946,9.108095669883333e-06,0.0005454087626022494,0.0
2021-12-20,0.0010805333115068276,0.00037399799483454416,9.590651580541868e-05,0.00035470522149798074,-0.00026038203149612475,0.0004501462915950559,0.0007562196674019921,4.335630383573037e-05,0.0006222138335669647,0.0005782526607223264,-0.0001455964977224606,0.0001816591460901437,0.00023931864386457163,0.0009506842033380468,0.0002946076356101497,0.0005378539385772578,0.0007122887477598685,0.0008323063007145633,0.0002864850353299922,-0.00036277240946456775,0.0
2021-12-21,-0.00013921924084958346,-0.0005767347703457856,1.3877283575540345e-05,-0.0006219927117816549,-0.0002895624046518226,-0.00040818016812299487,-0.0003449553825814497,-0.00027308459447800533,-0.0007365700533072392,0.00027896587572539736,0.0003027131263364341,6.0937642828111253e-05,7.264549479065644e-05,-0.0002499690047420425,-0.0004307217460572986,-0.0005399553911535247,9.950553724577211e-05,-0.00015183694872572374,-0.000514661482150292,-0.0002843743636338355,-0.0
2021-12-22,-0.00035794975142869995,4.6600445239976135e-05,-0.00042560823600261904,-0.00021062543183723436,-0.0005616521968673106,-6.02936725971989e-05,-0.0008609048876185813,-0.00040021389527652713,-0.000572358097209586,-0.0008763528762929322,-0.0004111955029450282,-0.00016842021702763972,-0.00023533330971498394,0.0002025180668732775,-0.000498077047133876,-0.00019149834478768607,-0.00025287467946391075,-0.00027952215722306376,0.00019165807890885218,-0.0008449119599952908,-0.0
2021-12-23,-7.157760926472279e-05,0.00015410603316991177,-0.00031632668603148614,-0.0004883886851947825,0.0002767393790475611,-0.0003741570296930654,8.336522725683732e-05,-0.00017533882751486052,-0.0002880326541158744,-3.068647569350692e-05,3.1348325421648726e-05,0.0005394507417405392,-0.000579002635201787,0.0002977770526496578,-0.0003658235163129692,-0.0004493840169174412,-0.00019168570257103694,-0.0007632796579480169,-0.00026131887633077354,0.0004991508856459865,-0.0
2021-12-27,0.0005464754699769418,0.00019740966984859213,0.0003305693996094514,0.0002549076658967787,0.000767907860547097,0.00013319583328975882,-3.756155431164711e-05,0.00016707529543099535,0.0004832586546653747,0.00029293767504866655,0.0003470976414391143,0.00026259907049387384,-0.00019438704800950828,0.0005864074178252647,-2.1723560493515514e-05,1.1786478394324526e-05,-0.0004946478005308578,-1.8523981910415717e-05,-0.00010890913662819836,0.0001736723390312279,0.0
2021-12-28,-0.00020024741600819872,-0.00029501487727184134,7.194010369275513e-05,-6.768536217684188e-07,-0.0007679763351855354,0.0006060855387967383,-0.00036968114788784906,-0.0003486702232162052,-0.0008440728514977291,-0.00010403143789523043,-0.0008528724592494478,9.326863223669892e-05,0.0005159568825069216,-0.00020508616519628438,-0.00016609444999351843,0.0009452878064825955,-3.6890498493309484e-05,-0.0006958846366491131,0.0007568726905059766,0.0007642980405130727,0.0
2021-12-29,-0.00012498559287758027,-0.00023902645197060565,0.000860697293481102,0.00034812616851413687,0.0006517995793441124,-0.00039545022616839336,0.00040632689250500717,-0.000421635111920655,5.912804999409922e-05,0.000814257867266203,-0.0004145395266572058,-0.00014933054698291516,-0.0001204434482917718,0.0007421007132091119,-0.000313623248927788,-0.00023338352413745022,2.9021644622454152e-05,-0.0003577287860457433,-2.1757802467792315e-05,0.0007879549202427188,0.0
2021-12-30,0.0005821600267850585,0.0005408806383869037,0.0003575328791218745,0.0005493632870155639,0.00022694344608400287,9.573113306812039e-05,0.0001416971229576225,0.00021031194017778496,0.0004683434452836914,0.0008801142246316934,0.0007665442318543729,0.0003279110188500285,0.0004584239484958162,0.0009207976191404676,0.0009398285222361921,6.246879596914343e-05,0.0002080748628198678,0.0003969698872911053,-0.00010994998092226079,0.0006322581882535697,0.0
2021-12-31,3.4029284942074156e-05,-0.0006174831767315482,0.00031234138801648293,5.9278841673085066e-05,0.00025791388797454515,-0.0005460120622990008,-0.0005369122415638438,-0.0013292051770398647,-0.0010972982329256083,-0.00023160940288203665,-0.00019379506997390614,-0.00045941173959265937,-0.000461635374357317,2.981627565073958e-05,0.00042757615123956264,-0.0004963829400794102,-0.00016338449062024095,-0.0006624718163085401,0.00018374383551972073,-0.0005946262478492623,-0.0
2022-01-03,-0.0005205652304601337,0.0005753270165807555,-0.0001647039846960656,0.0005077102869356197,0.00040365550064689807,0.000269347112760402,0.0008816762496678688,0.0001771793691754999,0.00047322386793558716,0.00013908089720944712,0.0009482339551717347,0.0006195827591459152,0.00020355730317706518,5.642397546221827e-05,0.0003197802632952292,0.00010832692769382877,0.0007062526789196255,-0.000322737060571634,0.00031045135140838416,0.0002753356838668536,0.0
2022-01-04,-0.0003175612008458395,5.350622327269239e-05,0.0002951309804789415,-1.1293937604994753e-05,0.0006154641977283215,0.00047820744935486156,-0.0004524142635707384,-0.00021933573397552307,0.0004147561371305119,-7.76872202486456e-06,0.0005698698339025255,-0.000408196031771102,-4.291313341993064e-05,-0.00018990039577353456,9.954584338481843e-05,5.8839630932061564e-05,1.7200911935200122e-05,-0.0005039062985816578,0.0004647987459393765,0.0005894996732422996,0.0
2022-01-05,0.00018348445074238572,-0.0003738778717234761,-0.0005961482564577203,0.0006464751572776695,-0.00026996956507111767,-0.0002833809589919134,-0.00036692799265277445,-6.704691723279015e-05,-0.0006411446222791401,-0.0005535455730433166,-0.00042171925672395067,-0.0006296410797844934,-0.00044008169794101275,-0.00017445356966164146,0.00029893357673465627,-0.0005974030199504542,-0.000635128779264099,-6.797347103749129e-05,-0.00031372458773002495,-0.0002065069141833163,-0.0
2022-01-06,0.0005505090838897138,-0.00018827978012041262,0.0005463915136240635,-1.7785285366302162e-05,-6.886026654322959e-05,0.00037116659304024856,-0.0002490164647775658,0.000774431640165154,5.441886498421572e-06,8.61989967302083e-05,0.00030322100591569453,-0.0001583900212303909,0.00028844615903398464,0.00043039005222438135,0.0009891825687010805,0.0009542878078594398,-0.00017209681846142667,0.0009753851932402203,0.0007486370238950745,0.0002829265085013534,0.0
2022-01-07,-0.00040408286038654624,-0.00018397104818160598,0.00010627901022632008,-0.0003228483887495259,-0.0001724796311252257,0.0003329021183721044,-3.927422542400925e-05,0.00024172152587531072,-0.0004337764827148207,4.1936029692973543e-05,0.0004448879029585016,1.1603618857132768e-05,0.00036807161690700013,-7.092812531017242e-05,-0.00040386068633314415,0.00027091131465281144,-0.000285741712033365,-0.00016201192859584973,0.0005924303275754992,-1.2050137489169336e-05,-0.0
2022-01-10,-0.0005167132481282247,-0.00023949024333394249,-0.0004427650486874704,-0.00014320873464758238,-0.00027762529917954907,-0.0003478397555092711,-0.0006658965524327363,-0.0005864924523395711,-0.0013719100627262633,0.00022581830588481398,0.0002821991280223521,-0.0005907814626605971,0.00021668549670447097,-0.000927636696859834,-0.00037788503037455845,-0.0007984766028266559,-0.000805004716286031,-0.0001284752249871273,-0.0007432535095285442,-0.000304704890421221,-0.0
2022-01-11,-0.00028160919122186635,-0.0007456637392397933,0.0005576222875900336,-2.413251473289665e-05,-0.0003639489144733683,-5.230248943865842e-07,-5.979130233107844e-07,-0.0006908754982744202,-0.0003876274044506553,0.0002556989221866503,-0.00039929743633612046,-4.5893024959179684e-05,-0.00020707398439465626,-0.0002723588248518115,-0.000357650979458155,-1.5203960673848207e-06,-0.0007181718915926789,-0.0007006569577539728,-0.0004574962832174813,-0.000815054635928704,-0.0
2022-01-12,-2.3044353056825683e-05,-0.00010379770750391321,0.000223815857962407,-0.0001116602493285799,-5.049405574542984e-05,-3.10025403524117e-05,-0.0002798646140733804,-0.0005662697953302663,-0.00019625912523462384,-4.48798935198373e-06,0.0002648831666835254,-0.0006066123414150116,-0.00043176943700317733,0.00011821476173266406,-0.0003812734256199039,-0.00045297278812417974,-0.0003739426224506966,0.00014983412264912865,-0.000856601962668926,-0.00048029990536592443,-0.0
2022-01-13,-0.000455429739780307,5.000020942688638e-05,0.000444888161437567,0.00026047387250138434,-3.149172164762836e-06,-0.0010132583345565324,0.00048003683245345126,0.00011977031724021653,-0.0003919304149507232,-0.0008367029000205465,0.0003946143858992095,0.00019908689108786868,-0.00045041521904499006,0.00030336927478203616,-3.8573282109928244e-05,-0.0004123438453892024,0.00039983728876448655,-0.00023231779551475648,0.00015361134270560205,0.0002477619262080208,0.0
2022-01-14,-0.00036262843102415196,-0.0002913764542966005,0.00020387471520797126,-0.0008187763528222646,-0.000281273564673975,-9.89802073119008e-05,-0.00021848344962074393,-0.0006454959064547286,0.0002569883737833774,-0.000724855925431925,0.0003655986033660103,0.00012780183206369405,-0.0005624911762862169,-0.00021657372787987336,-0.00010279124910277791,-0.0003217953797023477,0.00024680105491248086,0.000162784633584605,-2.7876886832237896e-05,0.00023529764672092644,-0.0
2022-01-18,6.388854469104481e-06,0.00020568188943259925,0.000552983002104283,0.00047155395371424494,-0.0004703378521992165,-0.0004703194476427256,-0.0006399676725436767,0.00039352011191169206,-5.1261165237367025e-05,0.0002804750733712336,-5.6706219816099536e-05,-1.4595165356619077e-05,0.0004160827674440456,-0.00012718677707634996,-1.5529674297006357e-05,-0.000525419072500162,-0.0005230439901285917,-9.955841196165699e-05,0.00035691384075905796,-3.919838963474303e-06,-0.0
2022-01-19,0.00014204933737193076,-0.000582267750644943,-0.00034313156107913773,0.0001094549351874063,4.135747648335108e-05,-0.00011142022081393504,0.00025432378872723715,6.274608390152555e-05,0.0002599200718259476,0.0007422830739581492,-5.9744210499869105e-05,0.00018527740341976864,-0.00033643074978174323,-0.000334295791787289,0.00025824139642376234,0.0004998925995746701,0.00018441707723145607,-0.0004965313592012079,0.00017192961381322274,3.6403962896480686e-05,0.0
2022-01-20,0.00029750644000943867,0.00021536942173428275,0.000609537999568192,0.0005475183948200313,0.00017090962203772438,0.0006143159230728602,1.1725510079834485e-05,0.0002743231830312753,-3.899520081611097e-05,0.00029709861155709314,-0.00028312484995723875,0.00014552236303187264,-5.3495362078849754e-05,-0.00013111027741524362,0.0006153351920081205,-0.00020487956718588893,0.00023994054089429147,-0.00020887251738470648,7.24709049717222e-05,3.359308240548388e-05,0.0
2022-01-21,-0.0003340835927990116,0.0006423036018793517,-0.0002683014723763155,-0.0006354268771895097,-0.0005883650361449913,-3.764327270687502e-05,-0.0005281191866648151,-0.0005287404837290401,0.00034111579975692,-1.3374212001147653e-05,-0.00037906671633881363,-0.0002205279645054857,0.00014689652725520367,-2.4869576137169743e-05,-0.00019397563217964214,0.0005368183057506971,0.0002885928247142385,0.00015211446606598248,0.00016545098732520056,-0.00017170800768363768,0.0
2022-01-24,0.00024193927321880046,0.000615782046478556,-8.18617626532906e-05,0.00021340631371585776,-0.00015052175830265112,0.0007873903255477277,-0.000240310649672451,-0.00020187565573203992,0.0005560066027555005,0.0006015303756051037,0.000819667691899402,-0.0002505315181436844,-0.0007877390298008778,0.0003367124531689792,0.0004703183068375752,0.00016898794519908683,0.0006639539197073767,-0.0005246537958882781,3.898469334820765e-05,8.413795902516235e-05,0.0
2022-01-25,0.000553682761052329,0.0003128888736399923,0.0003932984062527671,-1.9808937738937124e-05,-0.0005092708378837966,-0.0003208125488005725,-7.666727664843237e-05,-0.0004803181693486499,3.4446719218042126e-05,0.00045143931979991147,0.00019103651354863768,0.000356734754084046,-0.00025406838161714726,-6.867823813532543e-05,-0.00020481493536140803,3.644834390395071e-05,-0.00022803674261785502,0.0002762261625357708,0.00031334759033142584,0.00047766057387550065,0.0
2022-01-26,-0.0004141235927398282,-0.0006911514308243995,-0.000162158852391751,-0.000391036752495089,-0.0007736961465406744,-0.0009749034588045462,-3.868082230555817e-05,-0.00022096107230647056,-0.0003121977720138053,-0.00019251650951625509,-0.0010393576530843072,-0.0006961644289088986,-0.001023013508692391,-0.000934531239055309,-0.0005153966387242245,-0.0007589121830230221,-0.0008760082260088906,-0.0010648479825572004,-0.000519409140658351,0.0002684075312855527,-0.0
2022-01-27,-4.819712291756408e-05,-0.0003187927938554084,-0.0005337216942637095,1.4467255098712713e-05,0.0003098242341037665,0.00017052338520487503,0.00014523896277477368,-0.00014944892636242877,0.00017077586881447584,-0.0007750538717757857,0.0002656294134748722,6.0166730858760874e-05,-0.0003171140542894382,0.0001647973850544159,0.00027585651158470445,0.000513385918139891,-0.0003195866117059539,9.01262199916285e-05,9.444067606673678e-05,-0.0005339950003510037,-0.0
2022-01-28,-0.0006398553413393566,-0.000706024661673206,-0.0008288266214782088,-0.00048717920085188115,-0.0009879869799092836,-0.0007297891006585753,-0.000702665803883571,-0.00039527112453457313,-0.00045385917280559143,-0.0004963698784049132,-0.00081270782468992,-6.074085511620589e-05,-0.000491978700608359,-0.000740046423978377,-0.0004199034162214312,-0.0006044340588098402,-0.000461035599162696,-0.0010572113750530942,-0.0007061745484981979,-0.0001651405395001824,-0.0
2022-01-31,-0.0002770899144258377,0.00020370255899445814,5.2074197009081876e-05,-0.0003636777245507717,0.0002509925801875438,0.00012345736152324306,0.00017368456539892994,3.675934579795279e-05,0.0005972980416902456,0.0006527942223739542,-0.0002226702815658041,-0.00014242173319477418,0.00035913254720051186,-0.00027259075294778633,-9.90200206962716e-05,-0.00016191618953022912,-0.0009081673712415379,0.00016501215385913965,0.00021393100866310734,0.00015371518031159661,0.0
2022-02-01,-2.113601247114981e-05,-0.00027689196566156636,-6.45133374336406e-05,-1.6239198739880006e-05,0.0009655007691956119,-3.5579939269245016e-05,-0.0006864760285736807,0.00016445571506519554,-0.00025108925458081365,0.00019576007809452475,0.0007589589762084791,-0.00020219740655632345,-0.0002201137662482615,0.00028067704933565547,0.00010731975143089756,0.00030291414945112416,-7.229517051296723e-05,0.0002813094536402451,0.00022717014216085466,-0.000574230263713217,0.0
2022-02-02,0.0007388960854492366,0.0005630973732587586,0.0005969102583734286,0.0002349405701658425,0.0008067373828811953,0.00024809735365300957,0.00010028189803931165,0.00017989438579812944,0.00015045712667818292,0.0006298846930090418,-0.00016774696793925292,0.00018449991381843666,0.00013641812332521042,0.0004585730295726953,0.0008763002305411826,0.0005029408492616128,-0.0003258385392950924,0.00023917609485469838,0.00018377642333545772,0.00026380583661211876,0.0
2022-02-03,0.00029853315606879035,0.001089414858662485,0.0015485294555986906,0.0005101801724735255,0.0003881591248929109,0.0002309283474981689,0.00047595316490561525,0.00026575142634468557,6.561686222406597e-05,0.0003526062789120359,0.0004158995621042283,0.0003504111907231369,0.0002947956932130449,0.00026584982931159983,0.00013211101958429837,-8.072403732429419e-06,0.0003325817860780677,0.00030918296816159985,0.0003083040894402051,0.00027373041635854657,0.0
2022-02-04,-0.00025093693440896627,4.110955850672998e-05,0.00021466664342799482,0.0004084483900837773,0.0003658358748319524,0.0001242414449125979,0.00011955815158482071,2.9755346091081882e-05,0.0003126024526365229,9.96559024527449e-05,-0.00014343408877864883,0.0002759356657448627,-0.00021863404442985776,-6.0919430338152365e-05,0.00026176569779728573,6.35700513013908e-05,0.0007754101762386767,0.0005799331634613137,4.5513602107056907e-07,6.123249001413924e-05,0.0
2022-02-07,-0.00030654534686656073,-0.0006151273744174256,-0.000403657790555567,-8.263670492164879e-05,-0.0006225175227147491,8.923505126260269e-05,-0.0003224666025989437,7.0632592967138145e-06,-0.00022864102815220376,0.0003574539470235007,-0.00039145292977475716,-0.00014459942876160383,1.1232119205668548e-05,-2.0075771927940755e-06,0.0002044924709031717,-0.0007630095823507135,0.00018019049475460742,-0.0004110318458639544,-0.0005599996161361169,0.00023058932933999986,-0.0
2022-02-08,0.00021048331544654518,-0.000332065363829795,-0.00032052745755381816,-0.000307903232075006,-0.0004115731289419018,0.0007062332512188854,0.00012688521573927145,0.0002911477091683024,-0.0001016292406671272,-9.472783597973748e-05,-0.0003640480337637727,0.0008682284576811626,0.0002953845956159265,0.0003294770812798504,5.369100483224278e-06,0.00012706924731141196,-0.00028972290780579664,-4.591704412825301e-05,-2.8497991960470865e-05,0.0008346856736031714,0.0
2022-02-09,-0.00027286277331006916,0.00012915945606067306,-0.00026080409396878453,-0.00010491384374532159,-0.00013187253756638127,-0.00021616461442344536,-2.4102143459354633e-05,0.0008416526414835644,0.00043460900843971965,-0.00041599387594670105,-0.00011828683721644745,4.803385574891794e-06,-0.0010898413847532965,-6.976176792754634e-05,0.00047141907419617714,-3.2046286173865324e-05,-0.00028862441257032303,8.151228059265076e-05,0.00012153261610906324,0.00031631228120642573,-0.0
2022-02-10,0.000173593612338718,-1.6093728298916844e-05,-0.0003283028277788578,0.0009173771900955397,0.00014337428481642065,-0.00013411512957138777,1.5771496284455789e-06,0.0006039397160491619,0.0006369800249257499,-0.00016314299011640801,-0.00029200304320748825,0.0002826438207779818,0.00022271146812082615,4.726055687383906e-05,0.0007482257404194107,0.00015888588181777654,-0.0003044916366091309,0.0001527356754455898,0.0002967714645782431,8.132649989198424e-05,0.0
2022-02-11,0.0004615017406062126,0.0005877338004053482,0.0004462412328754514,0.0008691269857071704,0.0006595853128022051,9.881398695609635e-05,0.0005779027178691372,-0.0003502356885490787,0.00016758879868359702,0.00028881614749342926,0.00046937747053242627,0.00027344038544370073,0.00031784003562611567,6.915046470435352e-05,0.0006881262231104391,-6.729181495945008e-05,0.000722696964379128,0.00019642668741325057,0.0003953151093223242,0.00040394132663032397,0.0
2022-02-14,0.00015954868310833235,-0.00033890013592000783,7.313505430826576e-06,-0.0012200125714623786,-0.00034952521030168644,0.0003627118173791687,-3.922447405482282e-05,-0.00020344934872203893,-0.0006318125089261556,-0.000711535990894674,-0.0001612733850770497,0.00020658771032686405,-5.882166038629305e-05,-0.0003407662399856706,0.000242521108370621,-0.0003990570165168326,-0.0009134641963375995,-0.0005744124889122666,-0.0005001673745899284,0.0005905201414890234,-0.0
2022-02-15,0.0007319327954825364,0.0005224257292127353,6.93805043257664e-05,0.00025402782957099077,0.00029749255005557217,0.00047718412931093166,0.00040982908888861035,8.992954059629687e-05,0.0008794155519645401,0.0004801342529084805,0.00011717176316963023,0.00016308499304942386,0.0006296355549341487,0.00016961383319132674,-0.000393685972661108,0.00030836383295066057,7.5390320406214e-05,0.0005660426876322429,0.0005643022566737644,-0.00014541331148339222,0.0
2022-02-16,0.0005501037313403396,0.000140328141870964,0.0008936962854328636,0.0005226333943428803,0.0002496684246665161,-0.00047594319463370536,0.0007962967841249206,0.0006484125038604378,0.00036224534963844176,0.00013604620400669076,-0.00010484969885391064,-3.1245902977303095e-05,-0.00042364441368018054,-0.00014016321785318122,-0.00027747695146343167,0.0006145778390412825,-4.755830063876613e-05,-0.0002373381955662424,0.0008340335132161154,0.0006494596894649793,0.0
2022-02-17,-0.0005999482843594361,-0.000520509862237459,-0.0005286793539832358,-0.00032869998522970083,-0.0003070282244846348,-0.0009412732629974238,2.7900527974613997e-05,-0.0003788255458309157,-0.0001159503158388881,3.6259336323471114e-05,0.00022786263880900229,5.5722100663399294e-05,-0.0006815742539902028,-0.0006288117598459728,-0.0002996223312403121,-0.00022510006228467007,-0.0006509584645584495,0.0005277886509295605,-5.4474998148388596e-05,-0.0006899227662493254,-0.0
2022-02-18,-3.877966310128245e-05,0.00013753602242174668,0.00023926969539020163,0.00011785826119336607,0.0002516904429924744,-1.2406298757187071e-05,0.0009050317910550231,0.0004471762940567144,0.00031894444995265395,-0.0004613109651100418,0.0005167948026995406,0.00026422218684520407,0.0002441854155362351,0.0002408106868613449,4.9043774131381466e-05,8.100940536804849e-05,0.0008245001595737775,-0.00014086946481849666,0.00027870252716219023,-0.0002641868596977838,0.0
2022-02-22,0.00017568920282377007,-0.0002177625770797322,0.0004304933511959877,0.00010810452632128695,-9.805673686204794e-05,0.0002763411851924143,-3.5487602487843565e-05,-0.0006295609794648082,-8.051763755410891e-05,0.0004917749689334763,-3.655469993751034e-05,0.0002940702623995924,-0.000590119534869978,0.0005349485631611924,0.00043018506888964857,0.0005287629476485735,-0.00033796185947920743,-0.0001852136743233121,-0.00010231855750747147,0.00043133353030437235,0.0
2022-02-23,-0.00012535303536324071,0.0007246816910110965,0.0003533363452834319,0.0002286948463557831,0.00013092363230628,2.176967932924714e-05,-0.0005402231193254133,-0.0004990296205147986,-0.00011228159109487973,0.0004967275269227107,-0.0004284852136536785,0.0003888433604690147,-3.83427122212825e-05,-0.0006827512885862197,-0.000993246903037763,7.799345058685687e-05,-0.00037075252784424576,0.00015198402274943992,2.903224649989552e-05,-0.0005627195042580278,0.0
2022-02-24,-0.0006121806775778373,-0.0002440836689268316,0.000246130938671201,-0.0006184428927341202,-0.0001397329054596454,-2.7701451642396023e-05,-0.00026317037406343926,0.0005230181232247006,2.935939454741651e-05,-5.480569963560955e-05,-0.0008365708763566989,-0.00016590439779571518,8.375496534760448e-05,-0.0003365985080969269,8.708417028295233e-06,-0.00014432028793173146,0.00033596012772131367,-1.5937235392391177e-05,-0.00038395519489682357,-0.00035274975709834167,-0.0
2022-02-25,-0.0003898809835987962,-9.815918433557756e-06,-8.860177457313588e-05,0.00018146860197779322,-0.000388841383879596,-0.00029398343480388045,-0.0003207565703590269,-0.00022022337644277286,-0.0003982242941397294,-0.00022564268520504854,0.0001544087707630537,-0.0002989391482713026,-9.236592076609465e-05,-0.0001359189803416172,-0.0003018098179501438,4.347610284195381e-05,-0.00026176386594376253,-0.0005751760274314598,-0.0003056174947264946,0.0002496924143135648,-0.0
2022-02-28,-0.00031005660440799155,-0.00033670287665937164,0.0002314483914937102,-0.00016679422321044972,8.725370698911857e-05,0.00033984415695460167,0.00037204776040236366,-0.0005000547343168185,6.321843640371972e-06,0.00015797154754296555,0.00016519850838227798,-0.00034512379136293923,-0.00011280037072566069,0.00022358960167412714,-0.0003397635860564544,-0.00017819642850142137,-0.00019993458979005314,0.0004427348469235388,0.00030579033215535407,-0.00047685916133220535,-0.0
2022-03-01,-7.720556366506976e-05,-0.00021193016588164215,-7.904397908448942e-05,-0.0001715844529326854,0.000515366504740049,0.0004256712068833844,-0.0002445377401027851,0.00024250639582681514,0.00016387299893137568,0.0006061678425972412,0.0005021633982227801,0.0005452319932537225,7.247835218967855e-05,0.0007691718159533505,0.0008313213985472181,-0.0001682625704428228,-5.9459072525954366e-05,0.00027253464581746716,0.000469218300856894,0.0007988362190023841,0.0
2022-03-02,-0.00037285136702663315,-0.00034418322569366164,5.900363925024354e-05,0.0001311975096171536,-2.5243343280978437e-05,-0.0002351732343819024,-0.0002899326830333726,-0.0006308956805807674,-0.0006322354902229155,-7.930074812719789e-05,-0.00030442593381447837,-0.000381929285493604,-0.0004120796934656667,-0.00035256793658638427,-0.0003701483831999419,-0.00031642983246542576,-0.000263088962129826,-0.0003490922424002507,-0.0003823529634207234,-0.0010524677782292322,-0.0
2022-03-03,0.0005397474562075186,0.0005130264486170762,0.00044789102756539003,-0.00041687934340042,-0.00023855750853281148,0.0005296336798025848,0.0002697847987813258,2.8399719577497204e-05,0.0006909221819045283,0.0003386298488025834,0.0004100703988006071,0.00010975385915224297,-4.20951309577541e-05,0.0008177683618651109,-0.0004377614020644286,0.0005171449206003571,-2.248332702903979e-05,0.00026275472771505426,0.00015833381598447734,0.0004860747915660949,0.0
2022-03-04,-0.0002740580655148296,-0.0005273171087930804,0.0001892711978342997,-0.0005346231491823321,-0.00030646577173482255,-0.000926461517739355,-0.0003077863294802225,-0.0008420120767806228,-0.00013490158314368732,0.00023910970032674158,1.7140236241539374e-05,-0.0002411067063244855,-0.00026044261235577676,-0.00018498605314245378,-0.0001798680168568809,0.0003217958233619937,-0.0005971345805259508,8.128819292941939e-05,-0.0003431646861467823,-0.0008188363577214819,-0.0
2022-03-07,0.0008174142886529628,-0.00035660282287585944,-0.0006493910986870035,-0.00024968159018000315,-0.0003693705226928577,-8.122251709524698e-05,-0.0001120048482618422,-0.0003208160166420799,6.420305984710402e-05,0.00021823511788224655,-7.706307253345319e-05,4.6944454542748245e-05,-0.0005905188164349357,0.00023609590834728223,8.084879266850555e-05,-0.0004869620897562012,-0.0005367385762662012,0.0005150279346016756,-0.00020271951850842947,-0.00011743265614316442,-0.0
2022-03-08,9.789560248906918e-05,8.992161540327457e-05,-0.000284523632328529,0.0007769332595741544,6.909456676450241e-05,8.366987071653873e-05,0.00016155531007928294,-0.000106909315499304,0.00023232729105141206,-0.00024998082207467674,-9.033213725406048e-05,0.00039079033528243725,0.0005388849040626374,-0.00034361158067806587,-2.4709459188329352e-05,0.0006152320923259199,4.9087500866843944e-05,0.00010549430014346095,-0.000431671741134948,0.00010914151535454795,0.0
2022-03-09,0.0006023820751450931,0.0008603295703751312,0.0009809508515327126,0.00045093747855945253,0.0003686294278166001,0.0008961035679661432,0.0010698011000200623,0.001049772886964112,6.312528035070106e-05,0.0011525985329301953,0.00035055975946925546,0.0006695285857776131,0.00042838630242398175,0.0008580371161530017,0.0014962278589879011,0.0005731098022120982,0.0004714037338280426,0.0002488397378989953,0.0009636532651148374,0.000579030991430121,0.0
2022-03-10,-0.00038707575747685876,0.00019425270320984578,-0.0013193646363793656,-0.0011309229072637185,6.552615514855906e-05,-0.0009795429654802551,0.00015856135935731676,-0.00021302988823436388,-0.0005525577186244685,-0.0004345747938957462,-0.00023117603378879892,0.00010187447254422586,-0.00018278713552818615,-6.611289853048638e-05,-0.0003083195280862005,-0.0003798848012017455,-0.000531440363586535,-0.0008296581866789786,3.289933601136644e-05,-0.00045979797808371836,-0.0
2022-03-11,0.0005179934968204948,0.0005464404549612154,0.0005833577274543883,0.00020980753487215552,0.0006863613323923641,0.00032189172875033404,0.0004374723793089189,0.0006282888981290894,-0.00011661968019436106,0.0004396220704804766,0.0006146992538960566,0.00033527581044972936,0.00044137164829874897,0.0001797088032922037,0.0007772853750890341,0.0010303846401927285,0.0006304479502753889,-7.793119391622135e-05,0.0002042040424173107,-8.814831717696182e-05,0.0
2022-03-14,0.00020416896489540496,0.0002759179199599688,0.0004151311740477887,0.00020199984260600717,0.0004498040362521263,0.00018452622047559846,-0.00024317229273413418,3.760118573597502e-05,8.94868686845509e-05,8.672033566755711e-05,-9.569770355178041e-05,0.00017930977082487108,-0.0003534443808198496,-0.0008780959459388177,0.0001623969426997844,-9.906212735875612e-05,-0.00012680526509866602,-0.00017620948212468868,-0.00018008848010083717,0.0005238284439422333,0.0
2022-03-15,0.0008697475261362918,0.00037845353678137163,-8.139016526909978e-05,0.0003872664215598647,0.0004915242497882174,0.00028390114343190804,0.0006671578997768865,0.0004021766336637377,0.00023120713899971407,0.00047140643925670827,1.939406643629148e-05,5.6961110439053084e-05,0.0005633729913171054,0.00017204856709629045,0.0005739987215276402,2.500115468123152e-05,7.97659116710413e-05,0.00013194790311625966,0.0004331066772524254,-0.00030246146539524975,0.0
2022-03-16,-0.00026723299061755067,-0.0003719649999714218,-0.0001113952780091848,0.0008208861929250417,-5.689397576045409e-05,0.0004479874316869248,-0.00034627206837671944,-0.0002638917516915017,8.654135201836111e-05,0.000669580199828442,-3.7607474437200736e-05,0.0007797315247247996,0.0004123140044468867,-3.664893957617693e-05,-7.906782895878036e-05,-0.00019064026500980122,0.0006052727393907888,0.00011150821374919227,-0.00019302731720482045,-0.0003781625466088172,0.0
2022-03-17,0.0004437422171391775,-0.00020937493812622237,-0.00024351618954348252,0.0006207628963822182,-1.933183068334086e-05,0.0003943740912718671,0.0007667291894191958,-0.0001241703045855191,0.0005342484441834005,0.00014400305711233247,0.00040512321531640513,7.229005818150437e-06,-0.0004181328927784799,0.0005957605861676987,-0.0002468056382946778,0.0001453568225429096,0.00025883010226563155,0.0005163176522258945,-0.0003505909632823547,9.140661614514253e-05,0.0
2022-03-18,3.620051810436846e-05,-0.00041800133254323745,-0.00021615516541392523,2.818116274667752e-05,0.0005739288164770188,-5.906115625037777e-05,0.0004436950329970522,0.00010220360983464215,-0.0005576902760224612,0.0005911775409628591,-0.0005192581799804709,-0.00013169320408283174,-6.251696631481481e-05,-0.00022643982867805775,0.00023248271971827627,7.246302567782979e-05,-0.00022265450498612215,-0.000757478817946514,-0.00018850957423286558,-0.0002685446823618124,-0.0
2022-03-21,-0.00014281848650332803,-5.361011694865355e-05,0.00023477081906257506,0.00010128369973613289,0.0003605271251185132,0.0006486782905346526,0.0009672571035876821,0.0003077862818324814,0.0001303852356627044,0.0004953540680851861,2.534202730354261e-05,0.000462047605203966,0.0004773505216909426,0.00016531863342994672,0.0005254135317962454,0.00017514715271071718,2.779065005934602e-05,0.00039984984105090977,0.0008634878706955828,0.000670236453095837,0.0
2022-03-22,0.00015141913011311952,0.00015388599357418753,-0.0003529833673913842,0.00044766325723209066,-0.0006068025499382688,-0.00019423065214510494,0.00012297329162497695,-0.0001245480364656259,2.1985202188045946e-05,0.000389053473571026,-0.0004954381362367279,-0.0002209513495796577,-0.0008365952444426682,-0.0005296930782206887,0.00015881166228053835,0.0003909942132975634,-0.00016443955258195695,3.794100976900492e-05,-0.00030087083409054697,-0.0002958113002769518,-0.0
2022-03-23,0.000792090610273217,0.0004207051096771617,6.225618284807995e-05,0.00019623704691352982,0.0006796926885519661,0.0003753449184908407,-0.0004391891942389854,0.00025880574697730274,0.0004069871195634409,0.0004179041083611877,0.0002643683908132508,0.00044147689973133983,-0.000408389196391701,0.00010034634881695577,0.00010909104230094464,6.226065563344083e-05,0.0005812464989501009,-0.0006491640050743954,9.348247627537425e-05,0.0003066012383962869,0.0
2022-03-24,-0.0004969099858533295,-0.00014691700767240112,-0.00026157613565209987,-0.0004116507289847464,-0.000126920334014112,0.00010382670893258896,-0.000560393219708088,0.000257855739370734,-0.000626445066183948,-0.0003721331107214979,-6.348987924452302e-05,0.0002615798109644031,-0.0004484974501031314,0.0007463109539514849,-7.270272468374617e-06,-7.505049263762018e-07,-0.0003739453189449071,-1.587016965963693e-05,-0.00033257527126560643,-0.00012899700829180214,-0.0
2022-03-25,-1.5321095001801884e-05,-0.0009164288434155321,-0.00010698560568445395,-0.00015915656761700337,0.0005242689399113757,-2.783485653547298e-05,9.884065748919924e-05,0.0004393431128231122,0.0003974097876781347,0.0007051337070136947,-0.00037842546187901555,4.129822064079288e-05,-0.000449745287843409,-0.0005681825605984058,-0.0005844192660496127,-2.389453845127389e-06,-2.611236532813108e-05,0.0009141553520681384,-0.00040379792863352957,0.00031443265850938305,-0.0
2022-03-28,-0.0009336539197947585,0.00041560078958873377,0.0003482085203563966,-0.0007382758304778115,-0.0002156910028306896,-0.0001703423532100454,-0.0005494592924694657,-0.000511775964205109,0.00024135121227407698,-0.0005411660157579704,2.2641015265677e-05,-0.000238503021927921,-0.0006242007890229136,-0.0007554031693418583,-0.0004695379613139976,0.00014403052507674444,-0.0004974862552124502,-2.3907120458995223e-05,-0.0007307290378120764,-0.00046117459148580664,-0.0
2022-03-29,-0.0003161141471149744,-0.00017917661826601206,-5.189013496369055e-06,-3.0053325915215604e-05,0.0001294193454137949,0.0004764795688586642,2.2967171329665287e-05,-0.00047921982479707994,0.0002802820306740825,-0.00010394522901986432,0.0006318980207327208,5.438963825409819e-05,-0.00030696759766672254,0.00011161459607551184,-0.00011528127913858617,-0.0001539579967230398,-9.758762876494927e-06,0.00023866832109431204,3.9119865223411956e-05,-0.00043364807371119385,0.0
2022-03-30,0.0007925571225841714,0.001116875306298079,0.0005184560210667039,0.0003276353506036137,0.0009748881032756343,0.0006758728845344473,0.0006431799450600056,0.00015798578892318535,-0.00011841170579384565,-3.195663155571569e-05,0.0005508894612122581,0.00024200027323885873,0.00034245149606684403,0.001083877182509157,0.0005889095948085626,0.0006299834585615578,-3.611309035574853e-05,0.0003133870605476594,-7.774601071808392e-05,0.00012017347273273497,0.0
2022-03-31,-0.00018454538844052062,-0.000525535202085356,-0.0002138065909062944,0.00023830506013459968,-0.0005787292623402597,0.00042769024566703575,-7.84722030417919e-05,-0.00032264026647329017,3.9096668830081636e-05,0.00045485959039772876,0.00037481520762859923,1.7964142229951384e-05,-0.0003062315850625506,0.00024248666354422538,-0.00018814911171784418,0.00086069149721878,5.503510512778796e-05,6.475152507058269e-05,-0.00014789951254642582,0.00036025786924371884,-0.0
2022-04-01,-0.0004479986875624712,-0.0003317167459359412,-0.00024969765258425124,-0.0001856968275789361,-0.00026260417471439925,0.0007939702706962447,-0.0004916420081226573,0.00023391236560632892,6.855880464961991e-05,0.0005112791486331557,-0.00037102244656275307,-4.880555186416225e-05,0.0003144945855401572,0.0004942304179288693,-0.0005345143889743851,-0.0005834749466625812,-1.9809690199982433e-05,0.00048609405449507416,4.0028767585497215e-05,6.83892124820576e-05,-0.0
2022-04-04,-0.00022653162209856358,-0.0010778400335373917,-0.0009033724378654352,-0.0007504534843024935,-0.0006174197898083488,-6.081802898409427e-05,3.137799939478825e-06,1.5331367212045866e-05,-0.00040198756038782314,-0.00017624730518532307,-0.0006188186494503645,0.00010379884725627565,-0.00024374815399775816,-0.0004416110207087376,-0.0005057275324534428,-0.0006220478987638611,0.00018807038182138138,-0.0004282031361532934,-0.0001749654629125019,-0.00043648681088979675,-0.0
2022-04-05,-0.00024248939119047119,6.682330904974251e-05,-0.0006023713712247772,-0.0006155023977832835,-0.0008230859366223936,-0.0002217720220868345,0.00012217277749571596,-0.00042307723026468075,0.0004123077642694519,-0.00040487221665691894,0.00012055606234247487,-0.00039838693656265754,0.00021960961978287376,-0.0005446883327601784,0.0001501037948249144,0.0006670174731291339,-4.427430337764822e-05,0.0003583710587468009,-0.00010860536744708626,-3.7508553622777146e-05,-0.0
2022-04-06,-0.0006057423186855896,-0.0008173941486495411,-0.000845471961103163,-0.00036088331681206426,-0.00013253085502912834,-0.0002626745233725992,-0.0005343823748960643,-0.0007059590362837257,-0.00048610019122087133,-0.00044227522627646935,-0.0004540473337626078,6.862224201198145e-05,-0.0010412028748524873,-0.0005919574838218976,-0.00039587941835959195,-0.0004928658748442478,-0.0007221096875594029,-0.00028060984588462355,-0.0008636656719477249,-0.0005338294704343905,-0.0
2022-04-07,8.397678959609995e-06,-0.000615486564749537,-0.0001809989864443016,-0.00022166139067984704,-0.0004403579842097992,-8.708690196266593e-05,-1.4299884769791442e-06,-0.0007664677932898048,0.0004915063613287145,-0.0003561944389982834,-0.0005636329619673349,-0.0003065551666010869,-0.00046973995216847573,-0.00029062287580882014,-0.0005138118910504877,-0.00021299389439058636,0.00023712642484354735,0.00032321465552790545,-0.00039325429357352573,2.5337676403984064e-05,-0.0
2022-04-08,-0.0003389569356927585,-0.00040145068582476566,0.0004335577040902432,-0.00012341506867310622,0.0003794673511032854,0.0002869151042619555,0.00010371374291842692,0.00011427057867800854,0.000351452258169586,-0.000291031843978067,0.0005642203677666813,0.00012245405170103912,0.00011571116013634496,7.163951467116067e-05,0.0003622185506619095,-4.808948049933915e-05,0.00017646324590052037,0.0004608382196584906,0.0001883979041701348,0.00018778734313981671,0.0
2022-04-11,5.733691381907088e-05,0.0006237707981493036,-0.00024559305133075237,0.00020677539587616204,0.0005050975317781366,0.0009113892083567229,0.000853957797761434,0.0003540252438347451,0.0004850315881443727,0.0002011163100399207,0.00048046905932618743,1.907088167348744e-06,0.0005296392937659299,0.0002954016741672907,0.0009259812256237466,0.0009609765166808743,0.00042564830682177273,0.0004544434656102359,0.000588734025798236,0.0002786114267526214,0.0
2022-04-12,0.0008340463811079741,0.001008037063788955,0.0005792015929250292,0.0009051644097230674,0.0009945061134185504,0.0002072920060804324,0.0008649605734192087,0.0010518595597402004,0.0011472756790584058,0.0009530880950507886,0.0010411558870244448,0.0009934627325180378,0.0005624334173550681,0.0009815033003639081,0.001124699595594132,0.0002311490442537433,0.0007777248487442077,0.0008611815785484834,0.0006946846929486665,0.0011159058637126927,0.0
2022-04-13,0.0001778006282324369,0.00046199996095556506,-0.0006126789410689506,0.0003202140859732489,-0.00031624851931129935,0.0003750202829683338,0.0003116519707482776,1.4839485704223738e-05,0.0003901208823164718,-0.00036565340595236137,-0.0003978289380391449,-0.000499033177376214,-0.0003309491806359557,-0.00040238245630844487,-0.0009845644449316827,0.0002754926757056245,-0.0001313774068770864,-0.0002768035021195759,-0.00040323099524877036,0.0002548750511955375,-0.0
2022-04-14,0.0008336125229617611,0.00016438377475921974,0.0002992159794694349,0.00013216288700136985,0.00013812284485129598,0.0010768570664562514,-0.0002566828852683044,0.000615476353127765,0.0007545336552459637,0.0004995130578689925,0.0009964885008440338,0.0005378093343886587,0.0002660980215211183,8.096619696863911e-05,0.0004906367191962088,-0.00011145016285862921,8.230328396135598e-05,0.0007693198177252807,0.00043133186385419073,8.665474496818136e-05,0.0
2022-04-18,-0.00015936604171771265,0.00014694973959785635,0.00042728641235299737,0.00010258560356156274,0.00010324723824105314,0.00028166883565792627,0.00023871444855644007,-0.0004643490340531121,4.9406798056841546e-05,-0.0005389655480266682,1.9177827806949995e-05,0.00017047581147029654,-3.022172474451014e-05,-0.0003390022899387585,2.392833896059516e-05,-0.0004764044013332035,2.0151585556733653e-05,-0.00013763438853225412,-4.978181600540989e-05,-0.00024402251722454001,0.0
2022-04-19,0.00029047764317106716,-0.0004800031113162665,-0.00018554527690305513,0.000293367221703183,0.0002809081432602095,0.0001770957942417451,-0.00018072600734714633,-0.0002531321375959242,-0.000282555175280117,0.0005358505200697282,0.0003242307582157608,-0.00015213888933945338,0.0007081292326779475,3.35462147219225e-05,-0.0007528007981105974,-0.0004152118936336333,-0.00014032660617412118,2.799731332571863e-06,-0.0003894104196531831,0.0008071699998732052,-0.0
2022-04-20,-0.00014864368037789119,8.867277554396304e-06,0.00010479896245320468,-0.00014368413711386905,0.00010791553945969747,4.364604256222752e-05,-0.00017794590677980428,0.00045037876799075376,-0.0002791853183925833,-1.0444391366002953e-05,-7.923082925221972e-05,-0.0005987551737625993,0.00023529156028621211,0.0001582138889361083,-0.0003216850021209459,8.048260945320464e-05,0.00022811171793236191,6.057208481561436e-05,0.00022948353932207924,0.000352690624204058,0.0
2022-04-21,0.0006621421900778586,-0.00015470696959272423,0.0005089033223195145,1.6875022221011144e-05,-0.0002218088079617799,2.590865193494309e-05,0.00043538289897227076,-0.00016442463385893684,-0.000866801764003216,0.000321671116726611,8.315992729665851e-05,0.0007722309441148464,3.659246628937752e-05,0.0003929312885243743,0.00029689547886192243,-0.00022451718910104977,0.0003932092966261099,-0.00046165049802128217,2.862772289057043e-05,0.0006235682542411801,0.0
2022-04-22,-0.00036473020920354366,0.0001922453349945565,0.00018945261638296515,2.2492673838092977e-05,-0.0003786418177208806,0.0002923939167440944,0.0003554164355757029,-0.0005256243777057892,9.931385481572369e-05,0.00010088654945864416,0.00023558340167534003,-0.000334299705681171,-0.00040432342416598266,0.000564097133903137,9.970131210766037e-05,-0.00022997822580901774,0.0003555001080163831,0.0001157226820523432,-0.0003458162937541078,0.00036152890667836613,0.0
2022-04-25,0.0003571623248283317,0.00023968589497899912,-0.000363073870270894,-0.0005588833240411878,-3.6850302511885524e-05,0.00011807203626523577,-0.0008356447998974183,0.00016925875762177132,-0.0002506245014449955,3.1433855472235126e-05,0.0006024893521675378,-1.3586498901370437e-05,-0.0005366348975405523,-0.0005250165396029379,-7.983565233288238e-05,-0.0004230161366072383,4.6016542240926024e-05,-0.0006579037512675232,-0.00032228336451728526,5.4003760626779766e-05,-0.0
2022-04-26,-0.0006244672987211611,-3.8505219240875994e-05,-0.0003185380292053295,-0.0003192681514454515,-0.0005694529904658286,-0.00014114580580078728,-0.00013800589304966549,-0.0005768928728484992,-0.0005142184766953793,-0.0007764338496991617,-0.0005603865935600751,-0.0006417270178547565,-0.0004531482631901591,-0.0003703984651838735,-0.0006068027670292324,-0.00068347588352304,-0.0010430893203252731,-0.0005502171568443065,-0.00044040343906236786,-0.00118899444276594,-0.0
2022-04-27,0.0002809902295824952,-0.0007134727514975793,-0.0006932129170767104,-0.00040742936621364644,-0.00044327338924055645,-0.00022048987090128458,-0.00022433888252683916,-5.391220278484817e-05,-6.836770379073347e-05,-0.0006843211725145819,-0.00036933291305713754,-6.003232781251652e-05,-3.0852211763347765e-05,-0.0004903037809192886,-4.753716114929791e-05,-0.0007280254826797656,-0.0006150723355571005,-0.0001959428236261407,-0.0009358861351670525,-0.0008847792815580712,-0.0
2022-04-28,0.0004051374440205495,0.0005276408570844794,0.0003221750328372899,0.0003743502831333944,0.00010239949564159848,0.0005355675647279644,-6.670977047924306e-05,0.0001791461949171869,0.00015323921679223014,-6.875859508159475e-05,0.00041022631441596177,5.5572465549069966e-05,0.0001174570139162395,-0.00034288444571988126,-0.0002407079803629059,0.000259263630260381,-0.00048091594180714334,0.000251380265264635,-6.381802863835279e-05,0.0004264463911907665,0.0
2022-04-29,-0.0004408850358480049,-8.670577455912691e-05,0.00010430034853703355,-0.0004796048799878083,-0.00022284490631827332,0.00021797824822544513,-0.00037310187727295375,-0.00016699111018534692,0.0006082235304354113,-6.188696938718318e-05,-0.0005917988483731141,-0.00033624862249687266,-0.00012579955357155584,-0.00024960085244619517,-0.0003776053553715101,-0.00028341272003827085,0.00028192075970973675,-1.9042624394730847e-05,0.0001428104218338207,-0.0004011097355521575,-0.0
2022-05-02,-0.000352919928596427,-0.0002725830182687002,-0.00062052470571134,-0.00015448516991068003,-5.7452184115036556e-05,-0.0005621564176467663,-0.0007318763833017064,0.00031108296042133655,-0.0003782473717712041,0.00029596532947661903,-0.0009541252678604502,4.6585174838599147e-05,-0.00041850121242140924,0.0003745466054650251,-0.00026773123559530385,-0.0010490214657268059,-0.00023092266142093657,-0.0004741761382045082,-0.00032135355176514743,-0.00021913472591666004,-0.0
2022-05-03,0.0002810449973107976,-0.00024034744490413764,6.893387156750031e-05,0.0004912384977620144,0.0002017080049329212,0.0002989253907102363,-0.00011050458855045299,-0.00044829789121553226,-0.00033220133136473433,0.00015927076943745845,-0.0003409114884207754,-0.00043755341192325834,-0.0006019539524029616,-0.0002138143409423088,-0.0005263760032422738,-5.420961180391259e-06,-6.879021592405833e-05,0.0003747351829289203,-0.00027182852089866486,0.0003262525233651448,0.0
2022-05-04,0.0006004462329836517,3.174469676344681e-05,0.0001871990720426731,0.0009656861873014335,0.0009206577936113865,0.0008848226031047305,0.00016557528226637125,0.0007242760222793079,-0.00021122574439325577,-8.768855193209897e-05,0.0005632687911246673,8.257083193269274e-05,0.0003766861359388628,-5.1664527241199605e-05,-8.001173041560371e-05,0.0004907590973030282,-3.706390860043545e-05,-8.305562221072741e-05,0.0006043256836691903,0.00027748908499496437,0.0
2022-05-05,3.139302122760228e-05,0.000659539414936534,0.0002464373810580771,0.0005159250644691999,0.00032663179858220516,4.7297972708516576e-05,0.00033342738542432957,-0.00016811954747199636,0.00030386626969589135,8.601936256404036e-05,0.0006561750918579393,0.0002937806038185435,-3.295824444277077e-05,3.715143387734421e-05,0.0004200537147731561,-4.203198894178762e-05,0.00046996144279907873,0.0003032521335508143,0.00017838728886635476,0.00019671327028147754,0.0
2022-05-06,-0.00016417533016464377,-7.080080438643795e-05,0.00011255545089424693,-0.000607770334228934,0.0003865483859639157,0.00035144705879306656,-8.399483497949627e-05,-0.00012069020897411854,0.00022133616737486157,-0.00020530747017367585,-0.0005053701879012112,0.00034514686387600145,-2.2003104719308494e-05,0.00013864521362994868,-0.00046761441463443886,-0.0006191335701673354,-0.00016732700331763788,0.00027673592613707286,6.49625070704996e-05,0.00030922987493605964,-0.0
2022-05-09,0.0006176609321841242,0.0004091908077340934,0.0005174431394664598,0.000515634008425856,6.381433175197943e-05,2.817944420443474e-05,-2.229223463759794e-05,0.0004049862775374173,0.00013928416307591184,0.0002235813691946756,-7.712225780444385e-05,1.173068426902042e-05,0.0003969080276532009,0.00023940124130169556,0.0006082975318453896,0.000601747408448873,0.00028231087942492765,-0.00018866508945904425,7.394941300505642e-05,0.0008805053402166324,0.0
2022-05-10,0.0004997007687247242,0.0003560424139321072,0.00034400718737051723,0.00028459119227230235,-0.00011550480087069779,0.0004445493195172528,0.0005262673040701381,0.00029590598283390715,7.412420265846901e-05,0.0004371383339627587,0.0009759549359319252,0.00023136645772293366,0.00010864693857678849,0.0004864481332281454,0.0006593592334392198,-3.2764828273925595e-05,0.00046406482181816526,0.00030484193871437503,0.0003472873228504018,0.00043836916462186955,0.0
2022-05-11,-0.0003137021560014471,0.0010009446673911373,0.0004739733243481147,0.00024818189934300793,0.00014054131887562203,-8.220348778514763e-05,5.450683545337008e-05,-0.0001220357180409148,0.0006673877208535466,0.0004071702273549543,-5.4368503792257754e-05,0.00026402757380784034,0.0002188305964564446,-0.0006500805476805272,8.398901406560937e-05,3.08802342804041e-05,0.0001890363891848609,-3.065653534953199e-05,0.00013968536176917117,0.0006051549706955533,0.0
2022-05-12,-6.702788678244519e-06,0.0007477174982782701,-2.807778575409043e-05,7.771395539445598e-06,0.0005856747891944787,0.0007711973892486604,-4.893434087356988e-05,0.00014641679034129652,-0.00022804903929920343,2.5785195028701957e-05,0.00014763727681062861,-0.00041743221068509965,-0.0001712323409418616,0.00046621649294471633,-0.00021638694595045701,0.00026577766807202514,0.00020539829554777218,0.00037118265280129204,0.0003564233493959014,-6.046516695793632e-05,0.0
2022-05-13,0.00043641785872513286,0.00010362205926777585,-0.00011030483698044851,-0.0002515867296048624,0.0006113810265722249,0.0009516017026175497,-0.00020097999578082293,-2.069671392448624e-06,0.0006960442306993731,0.0002303421893511427,0.0008630726358747922,0.0008114321429090683,0.0004196367776788645,0.00042239795296044046,0.0003684392126211276,0.0007204586672023414,0.0007691784943362448,2.276504070505711e-05,0.0011551635061665484,0.00044571986387663355,0.0
2022-05-16,0.0007492116284203286,0.00023114850044941282,-0.0007963547102458065,0.00020234189486489568,0.0007644781253897309,0.00029746621944598165,0.0005274810915369472,0.0009862934674810086,0.00012069302048554885,0.0006583389162777753,0.0007810290612869424,-2.779893519041868e-05,0.00029308419801242464,0.0006196750359914826,-0.00040920741348897155,0.0005196903142543115,0.0007393542108807267,-8.541380630984844e-05,0.0003568681152886715,0.0005359245542712794,0.0
2022-05-17,0.0007507212445170456,0.00010431674349905773,0.00014910298487658894,0.0004314643787412096,-0.0007342029503252911,0.0006077641681906216,0.00032670000029602457,8.721293480033046e-06,0.0003117799516927649,0.00033979622772149423,0.0005124132939189059,2.3626611199777334e-05,0.0006998837001816306,-0.000470268243805568,-7.649186015810134e-06,0.0002594393394320725,0.0001877030079371051,0.00015559297281696373,0.0005656166539489857,0.00014514284059726886,0.0
2022-05-18,0.00045508280173947634,0.00022792283296777064,-0.00011194205116684022,0.00027560651506962255,0.0006199562756395748,0.000782666899108774,0.0003610534936683342,0.0005707278372701658,0.0005431135322499058,0.0006191918961634915,-0.0004357040893942088,0.00025784787776924554,-0.00012887709481711678,6.513299167418229e-05,0.00024804863833385464,0.000496597914009268,-0.00012581721810498158,-2.3154288261983828e-05,0.0009962479387919095,9.81930848053148e-05,0.0
2022-05-19,0.00025743808968469215,-9.627393009769791e-05,0.0002805890477714011,0.00029384691148938403,0.0002736911446566354,0.00014653051030642152,-0.00010241921462349147,0.0005063724103632304,0.0003152576792122978,0.0006562395182760176,-0.0002919300670740151,0.00016462161715512813,-0.0003068744175659388,0.0004730915283312207,0.0004373895458777679,-0.00025463030034364025,0.00024141621634018857,9.71520701212048e-05,0.0007792578916327883,-0.00024799644841338667,0.0
2022-05-20,-4.095082791526297e-05,-0.0001500971850646396,-0.0009619285131582816,-0.00022838209957090554,-0.0008612540087227035,-0.0002698138111004552,-0.00023679345259076714,-0.0001747830252330636,-0.00040364510727370387,-0.0007890476868994521,9.001346695632901e-05,-0.0006237059417791412,-0.00043264704458392307,-0.0004844820786427073,-0.000343164468815955,0.0002488886648316863,-0.0005380999801773179,1.0159597143643978e-05,-0.00025897805353482576,-0.0003208069616442388,-0.0
2022-05-23,-3.2931362296144264e-05,0.0007204556154570404,-2.3982182412600865e-05,0.0003470030627361429,0.0004601419017208291,0.00048262459424282055,-0.00027429039198694887,0.00015429857797972734,0.0006862686267819691,0.0003038592893256139,0.00031485420499184586,0.0007796381763795981,0.00040079341513910645,0.00021314387594985025,-1.0951045519479076e-05,-0.0008742871675056927,0.0006771688114738132,-0.00035734451261644566,0.0006337559229074723,-0.0003689963805386715,0.0
2022-05-24,-0.0004395621525095811,-0.0008552100254360859,-0.00019981461507996806,-0.0001917351862680169,-0.000320382209611704,-0.0007083770992952858,-0.0006982928375385575,-0.00030686639352867236,-0.0002742701617323289,-0.000555910152919119,-0.0006523216509821861,-0.001251672325971133,-0.0013136943065305906,-0.0005032420616345991,-0.0005916421797891421,0.000123057206919212,0.00015225978314197374,-0.00040125708338002226,-0.0003491885979027982,-0.0004248003931133643,-0.0
2022-05-25,-0.0005199644971400054,-0.0006231590475924783,-0.000553322807856409,-0.0003197494198116654,-8.552152685998673e-05,-0.00018845493842212084,-0.0001983939961186367,-1.705805026678976e-05,0.0010805389010948973,-0.0006402823600293841,-0.000339740095731004,-0.0005889453293216995,8.505699394021093e-05,-0.0003419642680228321,-0.00036561637042160455,-0.0005085777036841114,1.0449902613087741e-05,-0.00041144183687993657,-0.00024527709182711846,-0.0001981735711986989,-0.0
2022-05-26,-6.834335361011552e-05,0.00020328381996433676,0.0004885826058131903,0.0004068481937901521,0.0007370913570010658,0.0011830073196351853,0.0004466284531915888,0.0004092086766019497,-0.00023449854605834446,9.380836709929718e-05,0.0007620062035657672,0.00014127017476394627,0.000285355422302841,0.0007549014301277352,0.0005632073422553119,0.0004976151803926162,-6.236749457160772e-05,0.00036595453043791726,0.0007063268109527767,0.000638323772229349,0.0
2022-05-27,0.00036194479560430363,8.818874061968842e-05,4.34281561437701e-05,0.0008665331716656168,0.0004028422248074452,7.014471264794003e-05,-0.00031885127732213215,-0.00031066867243770117,-0.000369367287595517,0.0001340617671871621,0.0007834469105319129,-8.760839268479212e-05,-0.00015243733735503367,-0.0002515838523970377,0.00034851610585939855,0.0007402961585492913,5.386116951051412e-05,3.386899039854482e-05,0.0005871595371008043,-0.00017389635679162363,0.0
2022-05-31,0.0004951529449428626,0.0011270577431477932,0.00039034038015380555,0.0004870160018614231,-9.705937207477355e-05,0.0007703907599253569,4.943277880197244e-05,-0.0002147069414627212,0.0007786396859110293,0.00031581120689421497,0.0004294599020959579,0.0008052890405832489,0.0002789181588582879,0.0003914219039182925,0.0003991961754577989,0.0006195025436184547,0.0003327840621312245,8.345839466335067e-06,0.0006451613524599576,0.0005457839369499722,0.0
2022-06-01,0.0001730283412450279,0.0002851115677712187,0.00013077201615357067,-5.782001668044524e-05,-0.00012382761602154385,0.00012099163277210076,-0.00018901008418770868,0.00045154051220808053,-8.344376203549155e-05,-0.00028010786674664167,-0.0003184781074889022,-0.0006231819494809804,-0.00031351010883481396,1.6746179837408097e-05,0.00014429592207514536,5.9892387757585455e-05,-0.0003956325998073924,6.381267680295974e-05,-0.00013985476045727383,0.00013008061516953988,-0.0
2022-06-02,-0.00012624053474513677,1.3133147683896954e-05,1.6099282532866524e-05,-0.0002813700980282442,-0.0008835554853553087,-0.000374697743603536,1.810188096110777e-05,-0.0012395295416829048,-3.9966387197848406e-05,-0.0003221541638489534,-0.00041380224468393637,0.0002277323856854086,-0.0007461666037128891,1.0955565637493782e-05,-0.0003171928000340941,-1.4165009632205463e-05,-0.00044787265940656753,0.0006526228173271866,-0.00048640470087145686,-0.00032510017220953595,-0.0
2022-06-03,2.2911762052808038e-05,-0.00015543053647576515,-2.986131695553489e-05,-0.00013826422279336248,0.00016300977624882117,1.5469236692588374e-05,-0.0003485543895458645,6.290249516968686e-06,-0.0004484266380937623,0.0007931652518505037,0.0004066897145060114,-0.00016096293265319963,-0.0007332565567147711,-0.00010531443122726305,-0.0005285947918411769,-0.0005828475754577554,-5.0343464713600135e-06,-9.904996668968961e-05,-0.00048218633499930966,9.439084535016683e-05,-0.0
2022-06-06,0.0002298587739669111,-6.669548963729598e-05,-0.00025288370189009815,-0.00011843698674623046,0.0005193962642920558,0.0006473645330581211,8.308786094570416e-05,-4.7580472965522556e-05,5.264090880540329e-05,-0.0005796110687899218,0.0005006609140084232,-0.0004464054399979069,0.00028303231741613267,0.0003749960187844628,-0.0003514068147432663,-0.0004297066891504745,0.0001936440176055003,-0.00022442751852929434,8.953622867923179e-05,0.00012863333335254957,0.0
2022-06-07,1.254408435582678e-05,-0.0004820117827999226,-0.0001331488533057242,0.00010000727570190272,-0.00040824243583579477,0.00022390168667065259,0.00011346842915692807,8.206325350138348e-05,0.0001870741311937461,0.0004273640279939761,9.694571563792915e-05,-0.0007074447257504373,-0.00016555223344022604,8.34876880044186e-06,0.00023387273296971385,0.00012066547506067771,0.00045451461609602906,-0.00023092774095916324,0.00010896094167218778,-0.0008870795997123963,0.0
2022-06-08,0.0004720815479285206,0.0005926316582665774,0.0005454520694340984,0.00014551841926112525,8.726322277250206e-05,0.0005813349403437212,0.00023646702070004695,-7.505145584940577e-05,0.00013273925327504698,0.00032069943911943117,0.00014003377440552933,0.00024391424912472006,0.00018200798307601695,0.00036943354416209945,-0.0001563721935473487,0.00025086766343045645,0.0002942094165297235,0.000656168781627934,0.0006085443366945974,-6.299007631057566e-08,0.0
2022-06-09,-0.0003550265456411766,7.597020804965112e-05,-0.0004555907135754725,-0.00014627698392328606,-0.0004013130812921838,0.0004754283611619985,-2.107284598301293e-06,2.620190050863894e-05,-1.4761321475291323e-05,-0.00025284441954169393,0.0002877469635860037,-0.0003365751870384122,0.00019545967152020442,-6.84591101221554e-05,-0.00022459749484700375,-0.00020312947423809942,-0.00022778671001656082,-0.0004097517982620337,-0.0006058614251376368,0.0006424998638013415,-0.0
2022-06-10,0.00023534296734129386,0.0005559223285211359,4.14066886781368e-05,-0.000172040972092325,-5.424850315662525e-05,2.6152584186725475e-06,-0.0003691240953996314,0.0001722347487376598,-0.00037325028334147126,-0.0006096286030615859,0.0006882135205332203,0.00018296069278575465,0.00012143761606269498,0.0003384365037312482,6.240841294814179e-05,0.0005301578161598954,-0.0003745961011067093,0.0005648251796677128,0.0001386675916727816,0.0003324872752412636,0.0
2022-06-13,-3.806279101571941e-05,-0.00034974056576399346,-0.000405266945579273,-0.00023138282985069782,-0.00012498190502682491,-0.0006592353475579165,-0.0004994217294165539,0.0006812340459823465,-0.00013230716865279233,-4.587127486862702e-06,-0.0008084093519837162,-0.00042163148023357865,-0.000804908758958398,-8.364213800672954e-05,-0.0006183367419891803,0.00013086225090872198,-0.00017407259358253184,-0.0008615233791392831,-0.0003388074375307849,-0.0004829975709603521,-0.0
2022-06-14,-0.00010483860190785915,8.269697011061448e-05,9.466254298640723e-05,0.00033290916132895865,-2.340467001572694e-05,0.000770153456777031,0.0006288443536233073,0.00017689291215753942,0.0006343956570915466,-0.000374379101712993,5.130020499756886e-05,0.0004564985699450925,0.00035755056006709225,-0.00026475005775529904,-0.0004388615677631961,-0.00019175460536646803,-5.1319191329452743e-05,0.00020049633806273589,0.00010996388181558422,0.00025923313435610674,0.0
2022-06-15,2.4565457700555268e-05,6.635314526123661e-05,-0.00034502926668947666,-6.773234369396217e-05,0.0002305051943950081,5.6010937706121174e-05,0.0005342405147598709,0.00047856370390646143,-0.00042937817667557083,0.00029396639848951715,0.00042077200938250994,-4.3154103352448555e-05,0.0005145528214429542,8.348913787983876e-05,-0.00038834700867900753,0.00016062039840203168,-9.073234186825485e-05,0.00024080864777822374,0.00043678352738929017,0.00025517670642466174,0.0
2022-06-16,-0.00042742362875488,0.00010851875374461432,-0.0008397927978781197,-0.0008999776519073505,0.00016568827350448898,0.00011213676711977666,9.131377705162815e-05,-0.0007352851079930747,-0.0006553492339913999,0.0004035441341869997,-0.000184354645325067,-0.0003470957519231445,-2.8246453923197756e-05,-1.5719693595177152e-05,-0.000795101155967235,-0.0007511779446861861,-0.0004242627264126458,6.296174516864426e-05,0.00024255932646336876,0.00033586696503180966,-0.0
2022-06-17,-0.00024668178010659104,-0.0005849201064699638,0.0001181146824466032,0.00014264642275676174,0.0003225651323908252,-0.00034225123920034645,0.00033001165163968417,0.000295705983203946,0.00035067414128647176,-0.0005146942763780011,-0.00023907868844888177,0.00027443924055101115,-0.00036030188638609017,0.00046017977584528403,0.00014364419565563173,-0.0006093935051057312,-0.00027021086573652045,0.00018493238539212306,0.00029589436840994616,-0.00019997391443396257,-0.0
2022-06-21,-0.000440984284967641,0.0002124356830078249,0.0002838822839160675,-4.175481077678764e-06,-0.0004376461474848969,9.310383069339747e-05,-0.0007021796556026801,3.302520188140672e-05,-0.0005034258260900364,0.00036254438549811435,1.8998551273750387e-05,3.308978415728172e-05,-0.0005529947957414761,-0.000411497022976448,8.726370759770342e-05,-0.00035034101840861073,0.00017851690797681432,4.78653381554913e-05,-1.3645509478640962e-05,-0.00025781268170824997,-0.0
2022-06-22,0.00037099934149485285,-7.849560483176653e-05,-0.0006858489108122885,-0.00041114594800918056,0.0004119749078571334,-0.00047369081755347476,-0.0004075920645881668,2.4195856144080948e-05,0.00022058923321153487,-6.206914318148786e-05,6.112827947985162e-05,0.0001986269633359544,-0.00037644451403273443,0.00012096380008945152,-0.00031753894836063137,-8.641054351461528e-05,-0.00011305227218811649,0.00034213995303362206,-0.00013839634769277094,-0.0002466877989009614,-0.0
2022-06-23,0.0008783279478658483,0.00013228006936076862,0.0006120442764894657,0.0007540639204864315,0.0010177635391548589,0.0005417888345261362,0.0003948176024724861,0.0006062830708645553,0.0005162368386875913,-0.0002340277719441405,0.00011034007522448895,0.000898872345806979,0.0005209609101752799,0.00039035058281032515,2.1281800757190734e-05,0.00026488571388996377,0.0010148475683483674,0.0001597713422335826,0.0009331572171753174,0.00030281442093209294,0.0
2022-06-24,0.00016782828644419648,-0.0007555595368558435,0.0003473879820085871,-0.0005027306237505406,0.0005282872803101551,-0.00025793486564755513,0.0008267255748351546,0.0005817135076319117,-0.0001672358990365179,-0.00044194673276927665,9.699584740071869e-06,-0.00012555231576726183,0.00046280051387434865,4.601861281564732e-05,0.0003591778029732231,0.00013117405326383436,-0.0004378491861400452,-0.00025469025084210904,0.0005878207128604618,-0.00023440397100814084,-0.0
2022-06-27,0.0006365017723691927,-0.00010957220040510886,0.0001425763666898417,0.0002942049257924693,-0.00012104638505665235,-0.00038112733511864766,-0.0001760689460106304,2.683852532789881e-05,0.00044483240775565426,-6.521097547660403e-07,6.711542958724964e-05,-4.964784025006125e-05,-0.0003218747469475454,-0.0004503577555052577,8.535591522070037e-05,-6.629126235736148e-05,0.0003480515973325131,-0.00020859192631833564,0.0005118871631375695,2.5349454351335884e-06,-0.0
2022-06-28,-0.0006656609526768905,-7.428217729262332e-05,-0.0007147015572391517,-0.0005880695457309707,-0.000862349219385557,-0.0007026834663784457,-0.00032638746393576885,-0.0008756952486094837,-0.00025620928471823117,-0.0004349973552526594,-0.0007726101582242701,-0.0002861906660612961,-0.0007863346038827747,-0.0005965347636546298,-0.000750016280460375,-0.00018578258204269923,-0.0007766424920038975,-6.388088473494934e-05,-0.0004274368927156863,-0.0007259463655639306,-0.0
2022-06-29,0.0008361031802779799,0.0003394218835923841,-0.0005628373248702442,-0.0010137890712383958,-0.000597921025380975,-0.0010668501627803953,-0.00011498981827427552,-0.0004680631500088732,-0.0001475187610334543,-0.0007880154960554965,-0.000528594743288338,-0.001106598462924109,0.00010862167057265322,-0.00013561904059559683,0.00015901368435683195,-5.27445007040427e-05,-0.0002861197185345533,-8.41722569918521e-05,-0.0002411356993203385,-0.0002645944064091533,-0.0
2022-06-30,-0.0001551040341100851,5.642965472304745e-05,-3.8980190555442264e-05,-5.761539003477024e-06,-0.0004577560735728,-0.00047573472610091475,5.759345435064336e-05,0.00022034738654324402,-0.0008260140891418847,-5.600410240426579e-05,-0.00026080237523147466,-0.00010269749135272012,-0.00021472216714476679,-0.00041581277486994083,-1.907900282096212e-05,-0.00042273811391598274,8.051557889471531e-05,0.0001756340426557647,0.00018144274495982354,0.0005823366080383008,-0.0
2022-07-01,-0.00010202965509680118,0.0005056332052522308,-9.747315399559375e-05,-0.0003167612593475208,-0.0001829059364284948,8.665888170986451e-05,-0.00020038880109871543,-3.0760117120975174e-05,6.191450338993654e-05,9.923191680181941e-05,-0.0005334557919312093,-0.0002620981332306839,0.000401685819861926,0.00032446354199362905,-7.12429444638398e-05,0.00012488261808437024,0.00014849850069475755,-0.00025875728150886004,8.143598967374451e-05,-0.00052516024668663,-0.0
2022-07-05,0.0002529058562667052,0.00037709874711091537,0.00042566075505034984,0.0001972308740076811,0.000688876275917427,0.0005138113624874817,-2.7883364433356472e-05,-0.0001435376555636802,1.7327152109125607e-05,0.0007416295579425356,0.0006898453191684582,0.0005230464674212175,0.0003402921572668415,-0.00014834965250760108,2.743732760613903e-05,9.044427443485322e-05,0.000741630786269376,0.0006780107559615665,0.00025209167026372096,0.0005100194090144281,0.0
2022-07-06,8.923137378917232e-05,0.0002929546432601187,-0.00010416205653371176,-0.00029830374228238484,0.00041927026436426655,-0.0004183592314620442,-0.0009791827752884592,0.0001378622376063685,-0.0001176633518423153,-0.000186914280754649,-0.00038790386153984027,-0.00032250620256100895,0.000367808244549265,0.00014579172342313386,-0.0005680964072168243,0.00010257615817231944,0.00030420110134094316,-0.0005880897303194376,-0.00010806065763531904,-0.0004398976203995934,-0.0
2022-07-07,0.0006603057758079076,0.0002100255017686597,-1.2943882770583027e-05,0.0003195255124806041,0.0001996134987837951,0.0005565382339250489,0.0007949078591362218,-1.2752315329253458e-05,0.00036634472418003083,0.000523099492481472,0.00043300436524657486,0.0007493441522444086,0.0005050382051469836,-0.00048196243228441356,-0.00018077555022171142,0.0001936756102846982,0.0002742570925224325,0.00022237452797681302,0.0014308875424408063,0.0006885933908001345,0.0
2022-07-08,-1.749046472304745e-05,-0.00015853548466603426,0.00016956093747092172,-0.00014624257713027918,9.116894617869779e-06,-0.00028526659773555306,-0.00019021887186910545,0.00017384970705440502,0.0006823624501475702,0.00040182649259852684,-0.00010877920540608218,-0.00023743157789709595,0.0002734293039080488,-6.531537698237433e-05,0.000732226245790531,0.0004841413895805646,0.0006428860949734809,-5.327371827908544e-05,-0.00011995193982369569,0.0004156584819476926,0.0
2022-07-11,0.0006410388566927416,-0.00022151526397384981,0.00017965681533769156,-0.0006261789085138705,-2.104279177712493e-05,0.0002665314483998896,-0.0006237717672177786,-0.00026338049345350686,-7.331823598487032e-05,0.0003188424091633812,-0.00023110474073891694,-0.0001449879124871598,-4.701721338804282e-05,0.0001789853169770893,-0.00027022748298829964,0.0002724953507375565,0.00021266765052573437,-0.00014899494930711027,0.0003184899671108696,-0.00029068295741190546,0.0
2022-07-12,6.530153642136729e-05,-0.0007381431211528305,5.0656734047910323e-05,0.00041515708380765226,-0.00024492001924436097,-6.00317358136635e-05,0.00012913642891544463,-0.00011629404563079462,-0.0005196569616198203,0.0002989035539955497,0.00045771878976795353,-0.0002515794235100704,-5.958320932889503e-05,0.00022504767901852338,3.1384689914817156e-06,-0.00026448470679394726,-0.0011049049730227412,-0.00013055775016338522,-0.0002039928627652003,-0.0002642297732575352,-0.0
2022-07-13,0.00010326376406282316,0.00044945421562416106,4.529521698091318e-05,-7.810504408667356e-05,0.0002663754774808324,-0.00010750150956936564,0.00014843838271991924,-0.0001814931166854394,0.0005185625179986168,4.7450899887441054e-05,-3.968863330023303e-05,0.0004345796953513953,0.0001554269080684554,-3.014186745724946e-05,0.00016447125111793533,-0.00012961696072438268,3.7153050049859304e-06,0.00019540426679941642,-3.7955520182178485e-05,0.0002399195676635765,0.0
2022-07-14,0.00017214082116305706,0.0002595236665385325,0.001076089449973431,0.0002262655264523249,0.0006213612576800408,0.00045277164052808395,0.0007339387604585662,0.000996389594858205,0.0007435638466957973,0.00046674262323680307,0.0002529275302694651,-0.00024380492734950583,0.0007790328205404448,0.00039524660846643645,0.0004720200150997163,0.0016334501509720873,0.00034163739234541754,0.0005642878638690928,0.0001666432026015281,0.0003918838541949117,0.0
2022-07-15,-0.0005053408204592182,-0.0009114375114647702,-0.0008736442986788102,-0.0010148721042204008,-0.0006032663867992082,0.0002502103933029,-0.000247695733357184,-0.0004976490241227771,-0.00038036529308320763,-0.0005643164262716346,-0.00090964124220775,-1.8574396877857817e-05,-0.0004702628257328866,-0.00043714229339265995,-0.0006871072493902878,-0.0011111519409338852,-0.000771239457257769,-0.00022440745757113323,-0.0009755107119635954,-0.0001483871892036642,-0.0
2022-07-18,-0.0006119630095092656,-0.0009471069104260805,-0.00010735246004887246,-0.0002760184315469563,-0.00043568938407163643,-0.0008295667627754567,-0.0008611563147962577,-0.00011256696636718128,-3.464806128904727e-05,-0.0008455508352540167,-0.0004322227429874087,-3.9383214420169444e-05,-0.0012019695157043753,-0.00021869415927358446,-0.0006053900816610781,-0.0008173060295869701,-0.00034644125933498975,-0.0012822317321412931,-0.0003395578268453349,-0.0009848540512956596,-0.0
2022-07-19,-0.00036535563010913657,-0.0002118765887017793,-0.00041006850285456455,-0.0005847754729722329,6.970582959302935e-05,-6.791559553817745e-05,-0.0004421898007256556,0.000864998275063998,0.00046674207546000296,0.0002478975072014459,0.0001414395014470384,-0.00034715670065335,-5.729639012973143e-05,0.0003326511446546591,2.07251236711039e-05,-0.0003846134939586629,-5.370039368680845e-05,0.00036770654587804343,2.773022229296565e-05,0.00023033567341703196,-0.0
2022-07-20,-0.00026468194061854324,0.0006053660072740931,0.00040047647039135974,5.402047259523444e-05,0.00022522816115610062,0.00028401973200870343,-9.888211073511629e-05,2.6104184596364012e-05,-0.00031260316144751806,-0.0005409640676737168,0.0004521587618125767,0.00036903786299550466,-0.00022278933961223174,-0.0004410339490703311,-0.00034780023099769336,-0.00039635335534830255,-0.00024222407133692368,-0.0002160233597346748,0.0006578446696986922,0.0007969366069225178,0.0
2022-07-21,0.001136348386860515,0.0009103865488993593,0.0006394989933333355,-5.5736075146447575e-06,-9.706445068268248e-05,-0.00013963953654737722,0.00046881279887098345,0.0007353729184632371,-0.00029567793853634217,2.2326471137433143e-05,0.00014036108676915838,0.0002458143645751835,7.459814216266806e-06,0.00012660683934091188,4.309826164782909e-05,-0.00016890516672864875,0.0007089607350322249,0.0006494845851903109,0.000211546578460958,0.0003426898433411312,0.0
2022-07-22,4.63783292407394e-05,-0.00043920802619308076,3.5912955309946876e-05,-4.41398549066957e-05,0.00045779956853921256,-0.00042058291271842066,-0.0005793079013460485,-0.00010970273330506554,0.00043849593113809177,0.00012639211602101657,5.8074429826685346e-05,0.000720952478385268,0.00029773915725547615,-0.0006200067140079441,-0.000647482245648118,9.793160963879238e-05,-0.0003281063659449067,-8.36443345136321e-06,0.00019551081051141474,-8.705836025470026e-05,0.0
2022-07-25,-0.0006252127984274598,-0.00022235086530208501,0.0004901845121387014,-0.00046692132149688247,-1.3273007255100048e-05,-0.00031057236624665394,-5.502958094047876e-05,0.0003446105222415056,-0.00019872278884623416,6.29329845563724e-05,-5.6680469679262265e-05,0.00023542033223417454,0.0004950953536113247,-0.0005649818381342547,-0.0007213985127973942,6.349386074843185e-05,-0.0005900522138856671,2.6817067718060408e-05,-0.00011995834677037906,-0.0003821578950364004,-0.0
2022-07-26,4.6724524062368746e-05,-7.003157092591708e-05,0.0004710517271344439,6.970857974645664e-05,0.00014213700863495302,0.000550547831602455,0.0005915307241242679,8.213190326034391e-06,0.00023552272602253034,0.0005301744071790674,0.00035068004826029097,0.0010891110389427204,0.00021333999176271297,4.2538552299407405e-05,-0.00015461223661490558,-0.00026409468398407845,-0.00010263853550609224,-8.600643340742291e-05,-5.099011805818674e-05,0.00023760087031524045,0.0
2022-07-27,0.00027794445577407405,0.0006236892531273706,-1.3891224971023974e-05,0.0002809248482489344,0.00038522833756436377,0.00017342327492277456,0.0005855832339956235,0.0002955242386564838,-0.00010112815522700991,0.0008350738493234638,2.3666385321669137e-05,-0.0002649343814039957,0.0010032387067363006,0.0005731107786183044,0.0005555318728698462,0.00011583610985948503,0.0004288639196880933,-0.0001307598270245423,0.0005087614852421418,0.0005392202357572602,0.0
2022-07-28,0.00024988584237762917,0.00015410837643194282,-7.669556287344278e-05,0.0001316084408874143,0.00018200639046008217,-2.3943808227389886e-05,0.00029634086413809926,0.0002514960286122721,0.0002647877933463386,8.690532890418069e-05,0.0005694817616177465,0.00012805789970599335,-0.00033779073458849163,-0.00010771791045149317,-3.643219137479776e-05,-0.0002191689799177828,0.00016921314522283488,0.0002554594616897728,-2.4779758860985695e-06,-0.0004756234737082089,0.0
2022-07-29,0.0004739632331788905,5.109238505071789e-05,0.0006920912318933993,-1.5460960627990654e-07,0.0006719594355163545,0.0005885517749141322,0.0006318395437694675,0.0005339945804621263,0.0004229118072674376,2.4317358054215306e-05,0.0002857960821680361,-0.000340408023571234,0.0007230100074369053,0.0001671082966872922,0.0004878996163779593,-0.00013082664408320331,-2.3273761937756577e-05,-0.0006481033811407465,-0.00023207627477807432,0.00016798999606898042,0.0
2022-08-01,0.0003233417126369576,0.00010476709440398465,0.0004209077956337784,4.691679127592117e-05,-0.00029512060950881555,-0.0002003857250021344,-0.000866689790232415,-0.0003773678909113275,2.775185336768478e-05,3.1771809547950524e-05,0.00027211496380331136,-0.00010239163716838929,0.0002402300284681502,0.00017937306460461512,0.00020456382242766408,0.00041419488040549357,-0.00013852735281092167,-0.00033277503243924964,0.0004739151686197377,0.00012874198097057225,0.0
2022-08-02,-0.0003776663548222702,-0.0003190617649918959,-0.0005222793879819553,0.00015899380334043477,0.0003117792762797555,-0.00018302960640034782,0.00041274879385109207,-0.00045542292084943536,-0.0006378850341716424,-0.0002637543921727159,-3.4061499514459467e-06,0.0006354132323170836,-7.897041934793459e-05,-0.0003866616803173628,-6.0931637865185845e-05,-0.000419720329316392,-0.00016739734858866595,0.00011637451699644252,-0.00035303585430483393,0.0003919910817575589,-0.0
2022-08-03,0.00031807775245120697,0.0007624180007486807,0.00015064369059820137,-0.00038333778720395754,0.00021051213035196907,-0.00032872438745037855,0.0003195950595940634,0.0004117761534764444,0.0006172415632661369,0.00038143699168204754,0.0003427466598408117,0.0003699557618801659,0.0006851727502503115,-0.0004947399605962052,-0.00012991972440217379,-0.00027709336797002935,-0.00018712007609031684,5.586020220903477e-05,0.0003148059676533759,0.0008608113935195615,0.0
2022-08-04,-0.0002695906937991342,0.00022925829611023028,0.00010646481830640265,3.381492251680598e-05,-0.00014214844915974242,0.00014669336695498591,0.0005098027996869081,-9.2231679173113e-05,0.00012543847148940748,-0.00033741226573819234,-0.0003167798788125616,0.0003877681247733098,-0.00018848384660372647,-0.0002204992220826897,6.210063588369626e-05,0.0003388738487921429,0.0002990761861223195,-0.00027299789531122596,0.00016394064105558148,-1.006764506498332e-05,0.0
2022-08-05,-0.0002093634857863996,0.00024271788098627762,-0.00017072350887226926,-0.00032514656575792245,-0.00018319381154452042,8.51272831089214e-05,-0.00041460075853497934,-0.00048099549414872943,0.0003967634821459931,-5.539870412185561e-05,3.3785088788059787e-06,0.00019022609411050755,0.0004554729534245226,-3.573754745102976e-05,9.42292943763412e-05,0.00043936521170214485,0.0005379731517196875,0.0005362556854496302,7.920597736886517e-05,-0.00039087374131735887,0.0
2022-08-08,9.513774322311927e-05,-0.000523534576531053,0.0012282014430832371,4.8577338381625745e-05,6.72502738891428e-05,0.0006900671279586846,-0.00019878190557141007,0.00038675687724704766,-0.00032056322549454795,0.0009770863164331601,0.0012127284654149548,0.0005917038339254737,0.0003496844784368639,0.0005666329975664801,0.0011833934012188696,0.0005001243801585082,0.0003437778109402149,0.0010796851621821847,6.622281484721831e-05,0.0004731670124296069,0.0
2022-08-09,-0.0010742970553415483,-0.0007014497941941695,-0.0006015374183501633,-0.000577217330214739,-0.0012817465919337295,-0.0010778621920504937,-5.5793005785135804e-05,-0.0007107755777426648,-0.0006556255785386876,-0.0006193187667700213,-0.00012707708024654887,-0.0008907551828028726,-0.0009169002378505146,-0.0007358453076076426,-0.0008108797591045757,-0.0010100142889402153,-0.0005762433222025639,-0.0006932268041297832,-0.00019108398143528153,-0.0006282767200142407,-0.0
2022-08-10,-1.867867290870712e-05,0.0003359716378998247,-0.0004157612635645107,-0.0005715057673885103,-0.00015173609833294335,-0.000453607269307731,-0.0007256965592803332,-0.00032419952361009366,-0.0006377502453361947,-0.0007630104629382311,-0.0003449726175193231,-0.0006574423752636696,-0.0008629155363219276,-0.00022790794314062006,-0.00013661497187938179,-0.0004856418839120728,-0.0003702853005666004,5.510810259976292e-05,-0.0006491167690238372,2.381550127244613e-05,-0.0
2022-08-11,-8.424401803464772e-05,0.00013836849986484856,9.011391866795958e-05,-0.000735571070500985,0.0003609232507155908,-0.0007643386631236737,-0.0004387520305575827,-0.00013960407406686968,-0.0003103769483865649,-0.00044415875809790905,-0.00046696097116849544,-0.0005308065955253268,0.00022732309252558426,-3.407594774498749e-06,-0.00037550328530185464,-0.0005513689458564712,0.0001385132384208027,0.0002093764154948831,-0.0011844995169952625,-0.0004939720738289867,-0.0
2022-08-12,0.00024091474726614458,-0.0007563904621362373,-0.00022702356930690527,0.0003550385822127876,-0.0006614427643558007,-0.000178347063248369,8.841774840309586e-05,6.560684488259869e-05,0.0002303976957388354,-0.0008711448277375542,-0.0008912060762517972,-0.0010699052897728846,0.00030543246168533955,0.0002909043228478041,-0.0003461690860868069,-0.00011206913403207574,0.0005776193532440035,-0.00010594757326286245,0.00019643863672675452,-0.0004512580737732778,-0.0
2022-08-15,-5.1755198027650506e-05,-0.00017684854457833627,0.0002897155934655129,0.00025027196370641365,-0.0003940106681364021,0.0004418963994916847,0.00020614608723778437,-0.0003318696543764714,6.305703920711163e-05,-8.473594013878821e-05,-0.00024172639949336124,-9.464395749705881e-05,-0.0002374666276927002,-5.690634487493792e-06,0.00024017266337097564,0.00018199225130636674,-0.00021134693132522831,-0.0002547027999179823,0.0002165967033419076,-7.108875365044935e-05,-0.0
2022-08-16,-0.00014334992278526628,-0.000839879814143746,-0.0010175952633118843,-0.001074444536854533,-0.00015077110053593782,-0.0005213837702406676,-3.985093694959997e-05,-0.0005519431610704176,-0.0004085986819631438,0.00015614170156786513,-0.0004452130386484639,-0.0003319261094559529,-0.00022886565318239893,-0.0008090496572828788,0.0002484279965461116,-0.00042144272718482636,-0.0004304433128293894,-0.00039865264857822644,-0.0008278348217633772,-0.0005426537587806675,-0.0
2022-08-17,-0.0008826502853370716,0.0003266430250328025,-0.0004317584495329415,-0.0007630075187368625,-0.00028263755224173934,-0.0007364559127474106,-0.00019640231735177217,5.3165934850426736e-05,-0.00026506772944766814,-0.0006779306997435148,-0.00038244343202872876,-0.0004870037118753185,-0.0002302359197318273,-0.0006960396946118773,-0.00018370983337444188,-0.00026922653542658405,1.6290365780023063e-05,-0.0008066140830618357,-0.00026806493586959155,-0.000403200297834612,-0.0
2022-08-18,6.529017690238968e-05,-0.00015166305776674678,0.0001319829408726912,-2.700800731945191e-05,5.559217269573511e-05,-0.0004625388635270907,-0.0006196585870370302,-0.0004219466132584174,-0.0007803697867143912,-0.0007321689828656723,-0.00032311894994347713,-0.00028072282310544195,-0.00036669960851960407,-0.0006254514533038458,-0.000489594319700859,-0.00041227159255521136,-0.00013345150378068368,-3.79737727999008e-05,0.00014017804519276245,-0.0005452581175041467,-0.0
2022-08-19,0.0007493679781317623,0.0004297824145514535,0.0012593749628234,0.0005741821983991384,0.000654576580981389,0.00012599303815657924,0.0009578753230253624,0.0005485101676667357,0.0003717563224554991,0.00045235531410977355,0.0009126032292754104,0.0008749387532670066,0.0010509742119479421,0.0003083123200248733,0.0008804704966129094,0.0009170164942147697,0.00037418145761285274,0.0005963106652935067,0.00118084124206672,0.0002553047277628645,0.0
2022-08-22,0.0007246438447669837,0.0005254639330672164,0.000244974736002001,0.0009994627780103,0.0003049537677666423,5.4109239799587596e-05,0.0007806882375491383,-1.652031971459624e-05,0.000886694869120809,0.0008067705838262953,0.00016061167381237787,0.0008206837247311702,0.0002985685244692511,0.000525682803550545,0.0006264678567120318,0.0006355693477185852,-0.0001417216939204512,0.0005452279955301335,0.0007273430639807387,0.0007212893865024182,0.0
2022-08-23,2.2922350239167565e-05,-0.001030216338032874,-0.00042953214935083275,0.0001031129067285144,-0.00018735596818546024,0.000119042853916768,-0.000766740093835345,-0.00011714778652734942,-0.00028423066439308906,0.00047471021007636325,-1.4600694523183101e-05,-0.0005333213350935513,-0.0008964816758703332,0.0005318562558146039,0.000687786027705305,-0.0007516726045595154,-0.00033921678238149166,-9.820223602704359e-05,0.00018093326818396433,-1.7659450071078372e-05,-0.0
2022-08-24,-0.00044282232018708615,-0.00047159317793036984,0.00010347275601731712,8.103283335605547e-06,-0.0009213770280768854,-0.0005782911585209847,0.0004067188513821568,2.3721026938599177e-05,0.0002989770570973136,5.962123460026683e-05,-0.00013545557073435264,-0.0003748481559052659,-5.652467826124997e-06,-2.193728056964254e-05,0.00017143006905108804,-0.0007099667660165992,4.397982248566292e-06,-0.0004055889737372258,0.0001567747738096318,-0.0003794242071108305,-0.0
2022-08-25,-0.0008376072547821691,-0.00029887174299508026,-0.0005448839550757835,-0.0006636610471905358,-0.0006989219776956044,-0.00019703954983392368,-0.0012205610539397882,-0.0009879381734684135,-2.72217713578488e-05,-0.0007610633107608058,-0.000627096618932397,-5.278110733710381e-05,-0.00029628324840181566,-0.00033992492286968716,-0.0006800887457240775,-0.0004217439563002517,-0.00047709999587167455,-0.000337860437082647,-0.00037260458451740996,-2.954789168045677e-05,-0.0
2022-08-26,-0.0007698153771804929,-0.00023016036608007482,-0.0006345016507862495,-0.0003501707571549733,-0.0001913600783300795,-0.0004973486072648104,-0.000169296944582057,-0.0008764729741817983,-0.00022277135868584136,-0.0005299929744193539,5.6918810846183e-05,-0.0003244556461467262,-0.0007475374356827434,-0.00018959207410574315,-8.736132990138845e-05,-0.00018476719424055912,-0.0009296333737014264,-0.0010351044877165,-0.0009327405963950299,-0.0011848785655344898,-0.0
2022-08-29,0.00016745912732634436,-0.0007019879941062014,0.0002837099026639342,-0.0004662548163839532,0.0003806113971102849,-0.00020412802127036363,-0.00025458337197029274,-0.000505172714076023,9.014117706434259e-05,0.000590802126741501,0.00023693602577469389,0.0004468407268313495,-0.0003431979898398546,-0.0003148522154861808,0.00025924969877442236,0.0003740933300159168,-0.00024708040983930924,-0.00020016463557160667,-0.00012083963049117317,-0.00016952697563992988,-0.0
2022-08-30,-3.2214624716721516e-05,-0.0003992568460486182,-0.0004749459558325758,0.0001781250003031157,0.00021474083712312556,-0.00018535990733806507,-2.7665012831372744e-05,1.6906880048783876e-06,-0.00043308340062757274,-0.0003826267372874629,-0.0005586647333462118,0.00018518062403992367,-0.0008230262225629409,8.930790760163585e-05,5.690663522056509e-05,-7.048387538497619e-06,0.0003550917394967026,-0.0006746820733408374,0.0001210836225101416,-0.0001973661771358607,-0.0
2022-08-31,-0.0004923133402716932,0.0003263680778340805,-0.0007176004374842391,0.00012685318141432113,0.00013474668879986576,-0.0003299712389654631,0.0001630748390683631,-0.0006572507969447707,-7.206815970174623e-05,3.0486911751070394e-05,0.00016394883362125823,0.0008473199959324311,-0.0001440455105565493,0.00031734320996511624,0.00014724994587252813,-7.07619396565203e-05,-0.00043449713126640703,-0.0003272492017798763,0.00037914666330530144,0.00036626050196612473,-0.0
2022-09-01,-0.0007707739692104438,-0.0009330764915593171,-0.0008997471004685899,-0.0007200177551622317,-0.0012265268182576647,-0.00014040440728432173,-0.0004659861641524441,-0.0004433610646917168,-0.00022042213054736628,-0.00035692488640902474,-0.0009405069447748144,-0.0005682564917224282,-0.0007398718453250504,-0.0004210929698515924,-9.677330052454477e-05,6.935506029466931e-05,-0.0005715196091251516,-0.0012324609600643244,-0.00038198916271697407,-0.0006369175691329996,-0.0
2022-09-02,-0.0004612353384061685,-0.00012788885615241385,-0.00020461839332476807,7.353425151943594e-05,-0.00043035513354237057,-0.00045252195282718954,-5.0222524543758196e-05,4.314890590406684e-05,-0.0009520677918211152,-0.000749154884035319,-0.0004403205604284477,0.0003443945530092752,0.0001294357284042258,0.0005247082111602408,-5.388466681278126e-05,-0.0004609762383005034,-0.0004025934221428107,-0.00035834197270969705,-0.00032480332206673014,0.00018531009378538468,-0.0
2022-09-06,-7.779417504730039e-05,7.006981196008402e-05,-0.0006053787650656887,0.0008361072986234257,0.0005082196799753298,-8.792963253927735e-05,1.6661326779182373e-05,0.00011317209051871947,0.0004749857797337515,0.000391844814678402,0.0005091326989850607,-0.0002781943310934771,0.00022918615437030377,0.0004436337785178285,-4.229738552348227e-05,-7.212455656731805e-05,0.0007148942965814215,0.00021615233374503836,0.00065248227326836,-0.00018267246088352103,0.0
2022-09-07,-0.00036508356010828076,0.000707249709057805,3.72277413535008e-06,3.220721464020479e-05,0.0006771214244967135,-6.836215654448017e-05,0.0003575575734339666,-4.635726258959625e-05,-6.663235523878998e-05,0.00040382939734029405,0.00023120866909057258,0.0009473168422272645,-6.226229873905183e-05,0.00012611043234589422,0.00015452279865257266,-0.00038552375211530523,-0.0004241731843847473,0.00016959007743992728,0.0001522288401987533,0.00039546694060316455,0.0
2022-09-08,-0.0003678374645252695,4.202567172321218e-05,-0.00035829677568502356,0.0003198677059129574,0.0006065188689259366,0.0003581096643222699,0.0008904301460777987,0.00024331036579199576,9.070486378222411e-05,-0.0005746269857064502,0.00021779123191304237,0.00028625266389532746,0.00030610556463311434,7.324462591410381e-05,8.144404597906066e-05,1.2477023628004038e-06,-0.0001657238422046334,0.0005004797264379049,0.0003476200354340197,0.000714721134563495,0.0
2022-09-09,-0.0006316127443562212,-0.00042775938642288376,0.00020335679650275546,-0.0005253502181242591,-0.0004565111949766825,-0.00017199640910045587,-0.0008489408689932126,-1.5475847298965988e-06,-0.0003857125441043542,-0.0008163249125885293,-1.912601046847295e-05,-0.00017822261277054388,-0.0004044365874013516,-0.0005244256464825716,-0.00024417269873348586,-0.0006498404225008334,-0.0003514633841448103,-0.0007009550260680707,-0.0007948329153218933,-0.0007258974990788325,-0.0
2022-09-12,0.0002649294044973447,0.0005480035703157656,0.0009856158727565426,0.00027914293652361855,-0.0002171179899461485,-0.0006690210401421305,-0.0008798045158081187,0.0002088767300478664,0.00022730187192388453,-9.249877402164696e-05,0.0004642279046054584,0.0006058148312284632,0.00015122031894761472,0.00020184612947635243,0.00027247357955480396,0.0007601257521140243,0.00028697314144720014,7.693832989981836e-05,0.00022562839454984805,0.0003006063839947506,0.0
2022-09-13,-0.0006103314369845355,-0.0006930268469784617,-0.0005885940445731169,-0.0007602687603175975,-0.0002358706949283446,-0.00012680579674352753,-0.00036000495400660785,-0.0010121624694942506,-0.0006692258570023558,4.180472784010457e-05,-0.0003174436241199313,-0.0007160532820265519,-0.0002392843686779279,-0.00025832685148352797,-0.00032951570528414956,0.00024610277486041194,0.00015899240920277328,0.00010183336816810025,0.00016193166654642938,-2.9952998994855918e-05,-0.0
2022-09-14,0.00013616625339660498,0.00010588273164987998,0.00027052712512739055,0.00018404243006810804,0.00019022080677784348,-0.0004197341878580599,1.287395215334822e-05,0.000581625806459468,0.00023059080666415263,-7.85552830950018e-05,0.0005192131489633345,-0.00019856844147272875,0.0008079621002235193,7.179071973120592e-05,0.00011906449806596228,0.00020324833274023142,0.0005259648268414535,0.0001528753306205167,-0.0003007393141064277,-0.00025757807701822237,0.0
2022-09-15,0.00035764791911975627,-0.0001582226032156499,-0.0003325336161997706,1.770804260568368e-05,0.0005583066190307556,-0.00011357767363222563,-0.0001278806471615692,0.00014299453372371924,0.00020624838634594918,0.00013878052230461508,-0.000603665983537937,4.353422442834862e-05,0.00023226894009863912,-7.370677959622154e-05,1.0124588966657698e-06,0.00016481170823036536,-0.00025972276132677755,6.73561609076162e-05,-1.1316347563154062e-05,0.00015516345904227147,0.0
2022-09-16,-0.0008075197029029003,-0.0004299263283382366,-0.0004829999486610692,0.0002521283586624783,-0.00030805695394813394,-0.00040399662418542665,-0.0006914794054429959,-0.0003944111420392859,-0.0010786757758913812,-0.00043249445387045517,-0.0006215211512349868,-0.00026396622882008937,-0.0004964297847295224,-0.0008079624832530317,-0.0010041427238215756,-0.0005901419843513684,-0.00028464718035641683,0.00036196125266407087,-0.00023785816920781787,-0.0005856677528598776,-0.0
2022-09-19,-0.00014916169678440348,0.0002143977174488729,0.0005416201247784783,-0.0007293781131632113,-7.968246043160799e-05,-0.0001997788434590854,0.0002169439191405611,-0.000782921801464086,-0.000523447786902829,-5.691817263102414e-05,-0.00011834595556083149,0.0006603791483045126,0.00023507596853443807,-0.0002839146781099694,0.00027244515516674334,-0.0009662349446089224,-0.00015828370194077393,-0.00017616701327308594,0.00042010190224836427,-0.0003821961954495074,-0.0
2022-09-20,0.00044661709444175456,0.0003044694310316344,-5.586539623384799e-05,9.358710179550813e-06,0.00013719037812605215,0.0002730535692493893,-0.0003696289113790951,3.127351088404654e-06,0.0004057094079727469,0.0002743532950529471,0.00030204567219085536,-0.00023325264589556407,0.00042034790540485255,-0.00045270110508212477,0.00022869467796918797,-0.00015575039042168583,-6.637433844542265e-05,-6.321344770925443e-05,0.00045754430462829795,-4.07990836628465e-05,0.0
2022-09-21,2.9423351302864734e-05,-8.635579914083307e-05,7.664647297338749e-05,0.0006345639931290008,0.00032641209367299947,0.0004156525084257676,0.00032598801999296896,-0.00012863082252987117,0.00041245860869339906,0.00026664353996418854,6.398346299334206e-05,0.0007386162414836417,0.00027777565472801016,0.00031929862003252573,-3.714049715672497e-05,0.0004267185623657674,0.0005204501180411021,-0.0001737564095434748,0.0007894560296201847,3.2559722121909134e-06,0.0
2022-09-22,-0.00022578039495440316,1.3714718959463906e-05,-0.0003622133829533494,-0.00012102098749863681,0.0001908380498484961,-0.00029650873253738477,0.00018461086994857353,-0.0004531675788570229,6.843196005561326e-05,-4.0042609942980096e-05,-0.0006649304036644102,-0.0001323998368698778,-0.0001548192856185073,-6.162859498882357e-06,0.00017166880923457218,0.00011629520381051939,4.179285787716244e-05,-0.0001367262894808902,0.00026625276306974945,0.0002452589318613129,-0.0
2022-09-23,0.0008055686142777151,0.000964093857631043,0.0008259773832773164,0.00038061150568927473,0.00018716183424646038,0.00014584715569299786,0.0005342957431261292,0.0003777013929469966,0.00019062962332306473,0.0005378191832649022,-0.0002388283539379792,0.0003496724014839951,0.0003066109962737307,0.00038897596581051187,0.00025600335643868535,0.00029092912311347904,0.000988430585573726,0.0007980892904250497,0.0007775955938409423,0.0004351894646628263,0.0
2022-09-26,0.00017380118508085002,-3.691976182194676e-06,-0.0008514360158354161,-4.353497508371634e-06,-8.535803013309282e-05,0.00026422550606962266,0.0004496435525104216,9.73689002408822e-05,0.0005218931684402052,0.0003567262691801425,0.00025920021192011005,0.00023853308138477774,-9.181744588183364e-05,0.0005932029356764472,0.00010892047719880652,0.0005333693696506271,0.00044944148192874953,0.0004951874030845384,-4.93085250141821e-05,0.0010988603021952884,0.0
2022-09-27,0.00030833671006639244,-1.6022744962143717e-05,-0.00021596562944413056,-0.0003972182629053171,0.000423139164618107,-0.0005841884982303832,0.0002620626977344634,-0.00022502233648438315,-0.000476111574835905,-0.0001378370245097525,-0.00023016486974706692,-0.00017989750662682102,-3.5294416422338125e-06,-0.000368875498925545,6.401494008545081e-05,-0.00022740830657930905,0.0002505492716844784,0.0004433828205959962,-0.00042876988574646984,-0.00025928934537083296,-0.0
2022-09-28,0.0003551103352281718,0.00014996694489052148,0.0001936919985845001,-0.000425770397578194,-0.0003716040439187799,4.605852336495043e-05,0.00023258017214691193,0.0004603746110361399,0.0001619987004156867,6.330817533500098e-05,-0.00010131561540307232,0.0003992925126539468,1.8812009900321482e-06,-3.33275698190573e-05,0.0007128528556325111,-0.00018062207348348535,-0.0007714855960572353,0.00035206426188929424,0.0008328943345765221,0.00038750468017405634,0.0
2022-09-29,0.00041667857543149897,0.0005330523148192782,0.00030704356046993604,0.000324452017826629,0.001147830247086626,0.0009689807805398632,0.0004237334896405059,0.0006219997234751829,8.672475623998321e-05,0.0011839354160713203,0.00016580382873844984,0.0004252309791452853,0.00040380221917739155,2.804902341297003e-05,0.000649422689244782,0.0007847336627732764,0.0005727021442057605,-0.00024593886513248937,0.0004076482086669834,0.0005048076413535122,0.0
2022-09-30,0.0007042699434376182,-1.682213387118707e-05,0.0008310960725975832,0.00020596470174751442,-0.00011888157863453684,2.593870099478578e-05,0.0007206535075225508,0.00037338957475151007,0.0004785994753546496,0.00039789278240330957,0.0005836474729736331,6.2911223317566e-05,0.0007906552505695461,0.0008963500203835028,0.00028561074596060595,0.0003333527780894113,0.0007032200910827964,0.0007901299713517674,0.00038226459117011785,0.00010989853409286019,0.0
2022-10-03,-0.00022214077392165106,0.00015639342857729196,8.036935019724203e-05,-0.00029321340009438537,-0.0005576560017872205,-0.00043647056194337676,-0.00012854839827343417,-0.0005451585983496012,-0.0006736228719408308,0.00013930993873465108,0.00011420889302578154,-0.0004460970454811452,0.00025958077034125176,-0.00012564459836217129,-0.00046525987574331607,2.028117717494795e-05,-0.00017111544482978347,-0.0003103742456125426,-0.00120048795122943,0.0002214692553252348,-0.0
2022-10-04,0.00010312971622686853,-0.0005252024364348684,-0.0007483931006318336,-0.0005298631419723143,8.596961858020614e-05,-0.00046148455564954397,5.720908630256761e-05,-0.000413379770784883,1.0354530159584208e-05,-0.0004939744724578921,-0.00020732809791930708,-9.435562264540899e-05,-0.0001232088402936038,0.00021117601585217698,4.298728208019798e-05,-0.0009533623366268342,0.00027454103173649716,-0.00025358055172844954,0.0001169012413527848,-0.00021233040542483763,-0.0
2022-10-05,0.0002305273096934325,0.0007751467954131805,0.0011411734643387182,0.0002515223138805152,0.000423613868245263,0.0011171032464874558,-0.00017925170137462326,0.0003330270539540266,0.0005751256686511084,0.0007005093995867008,0.0008814595158332341,-6.994360573974507e-05,0.0003848626347728157,0.0009830891659997792,0.0005653347264323978,0.00021835844860251504,0.0006314512368611006,0.0008465931293177899,2.9559013599135052e-05,0.00014767166821267583,0.0
2022-10-06,-0.000276872799322609,-0.000508097211956991,-0.000790723670062365,-0.00044423923764622385,-0.0007550685333227792,-0.0004827458770339653,-0.00035238771872759693,-8.60079339504133e-05,-0.0004936150559745866,0.0003326640389458555,-0.00042514508448199544,-8.663617914183279e-05,-0.00029744945507828027,-0.0004474510410758547,4.502618714759085e-05,-8.038046006842699e-05,-0.0007361206237746346,-0.0003893890226664555,-0.0005765010100841644,-0.00015004773070651198,-0.0
2022-10-07,-0.0003874802276825082,-0.0005816050810468127,8.536240399636541e-05,-0.0003768283930341431,-0.00021498577613306255,-0.0005354071716215114,-0.0007318046983642406,-0.0007283831236305736,1.6591950363342463e-05,-0.0004889822295805576,-0.00021113165917996274,4.793666665008865e-05,3.3240373569133506e-05,-0.0006238070909323842,-0.0002305920550083318,-0.00018929816030966172,-0.00018903602768503532,-0.00016301618477872903,1.7814375802053148e-05,-3.357074949438912e-06,-0.0
2022-10-10,0.00011556781083780494,0.0002906793902767163,-7.846193487654535e-05,-0.0003109724043176917,-0.00010714421979311839,-0.0004912920481349116,6.43018816708829e-05,0.0003752682428759731,-0.0004696830470168634,-0.0003672806603815877,0.00034484466109492047,0.00038810190560174346,4.8432323261681295e-06,-0.0007661774763416589,0.00014101529184035137,-0.00020546220267456152,0.00015153813339892613,-0.0005115062023890195,-0.0009024483098348257,-0.0004289630539550934,-0.0
2022-10-11,-0.0002371002982957121,0.00046995287958560085,-5.345760628845997e-05,-0.0002439849035309028,4.7198585442459333e-05,0.00012518985416510702,0.0003721384010429674,0.00032723448925593555,0.00011080233189268715,-2.7402484932813228e-05,6.881126056245886e-05,0.00024427161472944997,0.00019252729388319337,-0.0002604647840930134,0.0008446898958056285,0.00022013836996809656,-0.00010324409252457008,-0.00040845603631670693,0.0005882961043230343,0.00014003790076593323,0.0
2022-10-12,0.00033183496752885216,4.987130773831689e-05,-0.00016635556176529666,6.4240782072821554e-06,-0.00024093876917768734,7.058883365219236e-05,-0.00011844600012712333,-0.0009846941536708744,-0.0002390739550087972,-3.0204818246046458e-05,-1.4559708723351625e-05,-0.0006652692919367291,6.993104022009672e-05,-0.00013561476241348284,-0.0005142238758179292,2.5303441487243266e-05,-0.0001801370406078563,-0.000230528279909821,-0.00031126190226901706,0.0003396234175599414,-0.0
2022-10-13,-1.3795901438611804e-05,9.031725916880954e-05,-0.0001881732712110553,0.00019213965206300946,-0.00018799286760280066,-0.00048530295752066064,-0.0004286993056059321,-0.00014501496868266235,8.293118559261648e-05,-6.441404471227246e-05,-0.0003137290971898467,5.002044295254693e-05,-0.0006872528629222131,-0.0008884348829464521,0.0006841937560101086,-0.0006914370971946292,8.805908565662943e-05,-0.0002831613857851437,-0.00022582460621817777,-0.00011991702864419015,-0.0
2022-10-14,-0.0006514337484667574,-0.0002886720254783155,-0.00011028495461492669,-0.00013636055968856535,-0.00038500352952969703,0.00016096715509673738,2.5075583465913574e-05,0.00017835109767371134,4.189708379256518e-05,-0.0001984712918871018,2.4229116504478578e-05,0.00015650254231232914,-4.710019761862752e-05,-0.0005464474147999478,0.0001507803677032042,-0.00030462256981627554,-0.0001955505179144658,8.161511634687986e-06,-0.0004496259583987708,1.0511784934562289e-05,-0.0
2022-10-17,0.00022877016275823275,-0.00019937944181482435,-0.0005150441722336972,-0.00040106635085229746,0.000650744896830339,-9.895373087134054e-05,-0.00023842106241646628,-5.774744315911051e-05,0.00026376506871344873,-0.00034234854091578804,0.00012391136603854698,-0.0004448011971135387,-0.0005038842210963491,-0.0002156757857712354,0.000761508775156608,-0.00011192843840186227,0.000180179528221527,-0.0005714787663663463,-0.0006475007867815446,-0.00028965032203066496,-0.0
2022-10-18,0.0005449136661755169,-0.00047724120702811513,-0.00031958244317216065,-0.0002779273487438971,-0.00032651586406092756,5.6959581513517266e-05,0.0002550457493413551,-0.00038310189795298037,-0.00021546174110639253,0.00044261113603005813,-0.00012090413052301036,-0.0002688772429238548,-0.00010286859841466144,6.913342587943601e-05,-0.0006254421337219839,-6.234716775814535e-05,-0.00018935776860350598,0.0002804464794024641,-0.0004919028315271055,-0.0007972287744887622,-0.0
2022-10-19,0.0010159924730153043,0.0009637338302603242,0.00036925334367777726,-7.181827074919618e-05,0.0005138512499356812,0.0005296744863654281,0.001259187138757133,0.0006162042365157267,-0.00039771724512509715,0.0005801770992922559,0.0005777375514239735,0.0008188616770523103,0.0003867910158461775,0.000380797325675718,0.0008242823202478653,0.0006078754251230746,-0.00013181295046414216,0.0003023865556303534,0.00034179679133727734,0.000552789065812002,0.0
2022-10-20,0.0006064143627141959,-0.0001560598931321561,-0.00033127138819503336,3.8349899057876244e-05,-0.00010115217014191377,0.00017389750524340758,0.00044350751896478265,0.00014974135247867792,-6.20803648380141e-05,-0.000130060576621292,-0.0004476822181325708,0.0007233507055923767,0.00029478854356505965,0.0001288846409178206,0.0001537637039401252,-0.00010261178164388907,9.953971060539116e-05,5.6777269212960046e-05,-0.0003290067806168221,-0.00010716422852680347,0.0
2022-10-21,0.0002954114632933189,0.0007796987999680113,-3.174053203699541e-05,0.00010935669068160889,0.0008738905730215024,0.0001796201371700972,0.000341160075933409,0.0005196531588113521,0.000797314928024151,0.0005488858418484677,0.00024035322308174834,0.0001683079890099186,0.00020046910845926468,0.0008769192190637434,0.000600614684223573,-0.00020873807985383178,0.00010524297366577169,0.00025347439579267685,0.0007565744616206786,0.00021368436262893053,0.0
2022-10-24,-0.0007419480841936123,-0.0002461250038401828,-0.0005171542967886369,-0.0004396386784918903,-0.000710998589017676,0.0003783721157709698,0.0005161573019309281,-0.0006248385166383404,-0.00024623129089804515,0.00016650893087542145,-0.000201457913709131,0.00018419131672593462,-0.0005319863716107536,-0.0007471091198343717,3.504821536136507e-05,0.00012730306849367487,7.442876547712173e-05,-2.6455532231964904e-05,-0.0004528340429220315,-0.0003204563112747924,-0.0
2022-10-25,-0.0007129567363073328,-4.025565296745637e-05,-0.00018649328368443557,-0.0002959143719126412,7.883211366194015e-05,-6.196558146103558e-06,3.864444672958118e-05,-0.0002555672622775752,-0.0007198485932568608,0.0004563157069556641,3.6258034477056576e-05,6.580395983557752e-05,-0.00014745110622228444,0.00032236756097247664,8.438102924286328e-05,0.00017332692500884915,9.255739217672825e-05,0.00010932173304582499,-0.0006764853919918181,1.261357676334813e-05,-0.0
2022-10-26,-0.00010708076999056352,7.21689721818116e-05,-4.143954103978155e-05,-0.00032121250546756865,-0.0002786397222833139,-0.00019398594212165695,-0.00037484338157526767,0.0003731994535643565,-3.6898514088382546e-05,0.0004947684758685174,-0.00015607415925762076,-0.00012885651294186216,0.0005724158046144749,-5.9764871095603865e-05,8.430944575797965e-05,0.0001476305674013088,-0.0005378889858304186,0.0005906128816385386,-0.0008661156301703656,-0.00031225834663870753,-0.0
2022-10-27,-0.0009597128041439448,-0.000742629210124922,-0.0006671286182919571,-0.00036825803335473157,-0.0012313866493631489,-0.0009068513143075854,-0.001001190179012633,-0.0007208658537158944,-0.0005483391401146634,-0.0006415017049545673,-0.00018943319034277236,-0.0002801161665605177,-0.0015384708631577336,-0.00028665789626455547,-0.0008386501370861552,-0.0010943542531516907,-0.0006758248639682792,-0.000949943485663394,-0.0005426999395138222,-0.00044654801570197684,-0.0
2022-10-28,-0.0007089630285485523,-0.000494036112363175,0.0002982088213578536,1.5489473589183867e-06,-0.0006582895305022552,-0.0005650443435639797,-0.0006414157655166751,0.00015316494834640074,-0.0006311093536631481,-0.0005025627653088845,-0.0006398431622615133,-0.0006992075948677675,-0.00031830391447258764,-4.1500291887323725e-05,-0.0006069914663731878,-0.00032915392397367665,-0.00020192094520302,-0.0002704527190727048,-0.0009192296182198997,-0.0001632662831083096,-0.0
2022-10-31,-0.0005266194913920823,-0.0005209996860827073,-0.0012426506755932637,-0.0007924823045263348,-0.00038342903243395533,-0.0004200070967691629,-0.0005132988078510047,0.0005456777789245495,-0.0005815727384858578,-0.0012165467697220255,-0.0010742731154714947,-0.0004359691412350832,-0.0008458931035393921,-0.0007271776069735595,-0.0003698959507489545,-0.000725646098372628,-0.0003565332487963973,-0.0005309738248609307,-0.000518829693075985,-0.0008198796675071168,-0.0
2022-11-01,-0.0004121876368901571,-0.0003177731400925614,-0.0004424963530579306,-0.0007692793612910077,-0.0009136688675134807,-0.0003402989716408205,-0.0004721318518456065,-0.0008190584903944989,-0.0009113131507908962,-0.000981614625778041,-0.0010356846758350741,-0.0006392690492202391,-0.00014047038940060517,-0.0006167498728596348,-0.0008734704435298916,-0.0005917138491263854,-0.0002941730585447253,-0.0002810815532861783,5.9517617976245554e-05,-0.00018285672286855612,-0.0
2022-11-02,-0.0008379156541702238,-0.0005614487905513221,-0.00032720342931993884,-0.0005018569978544718,-0.00023860313792645194,-0.0005690458470719972,-0.0008247554416235481,-0.0007484989122796993,-0.0001465511181128254,-0.0002564538938869543,-0.0005512185580688444,-0.0008568724979649611,-4.3742275550817666e-05,-0.0008406407263800264,-0.00037338662450802637,0.0006878812644663835,-0.0006962208652246338,-0.00017234478273863154,-0.00026578067756274915,-0.0005825930156138858,-0.0
2022-11-03,0.00021735069415428337,0.0003312099325282069,0.0006631662098241402,0.0006586936503371447,0.0009853373013401316,0.00041940607698494727,0.0002173921021039494,0.0002815120151018217,0.000398355152628395,-3.7225943700163367e-05,0.0007531754488305961,0.000800773372970146,0.00044479293799605757,0.00019163003119609324,-0.00012831094571092843,0.000708207620463481,0.00031102339940346165,0.00045555918179050205,0.0004913436100942711,-1.7222574558611987e-05,0.0
2022-11-04,0.0005150988852466716,-3.577286802756641e-06,0.0002453342335696523,4.389507750197263e-05,5.3327143213976295e-05,5.712772874316571e-05,6.652764561418364e-05,0.00037414795260706476,-0.000417539569170168,-0.0005590408338652698,-0.00046332232016176337,0.0002827856691248891,0.0003166028084198602,3.0069654958826253e-06,1.2265730570656893e-05,-0.00027939373152081827,-0.0007902296381113936,-0.0005333252986391852,-0.00019354688237178974,0.0003580649077813666,-0.0
2022-11-07,-9.737122722782105e-06,0.0006670740958033176,0.0003128977828146493,0.00040125971858481497,-0.00014459429182031648,0.0004918474412161657,0.0005863568604463316,0.0007999270296432495,0.0003625996780058303,0.0003835996662743947,-4.056754586014823e-05,0.00038071490621338297,0.00045937057622735377,0.00046745946747912186,4.1239873036518725e-05,0.0002848071063681239,0.0007537049796806366,0.00020727798129046058,0.0003626841033625546,0.00015877555597802653,0.0
2022-11-08,0.0004214796731195079,8.565219637391988e-05,0.0001829793516823973,0.00031002051881294187,-0.00017737895581314872,-0.00047849735157408867,0.00011075207955019382,0.0009234310601168647,-0.0001360286896225856,0.0003864355858276597,0.0002621495198189618,2.9032403865870633e-05,0.00012466830583376227,0.00039308049439089023,0.00010723409837952936,-6.546930622183112e-06,0.00015200452681799533,-0.00022008767548590134,4.490605095534918e-05,0.0001534820709264141,0.0
2022-11-09,5.460600413103955e-05,0.0008591874037343908,-3.6536315197093215e-05,1.5778142620047147e-05,0.00012463733369924823,-9.832672878872415e-05,0.0003084145700050985,0.00021664029715199207,0.0007306804686819938,0.00013677490676007015,0.0005169937053824248,0.00022545077215290968,1.502793916798003e-05,0.0007754792243768499,-0.00015345002932447768,0.00027297025132233803,0.00018276139363720864,6.695038181882852e-05,0.0003326322450340199,-0.0002248806491569823,0.0
2022-11-10,-5.5686689246830314e-05,-0.00030632624762129976,-3.2476805081387094e-05,0.0002317360730896997,-0.0003700915195234408,-0.0007135033800349895,-0.0006783909924584216,-7.803143899481405e-05,6.601696815727328e-05,6.613036854578759e-05,-0.0007869889058635975,5.815858194232556e-07,-0.0003784254543629117,-0.00040240396165881857,-0.00024817945733865833,-0.0007964624057384812,-0.00028773565454094093,-0.0005273671891473712,0.0003339852209712976,-0.00036935940963042695,-0.0
2022-11-11,0.0005355348090657635,6.975139850955077e-05,-0.0005121917673943093,0.00015377178529028744,0.0002046274771514023,0.00015938060691660091,-0.00016526816983975678,-9.990386135549078e-05,0.00011026215916533243,0.0003661069627443778,-0.00046202402996727574,0.00017218283846445935,-1.0585464003229913e-05,0.0005552364623141131,0.00045669169117810895,0.00026792105767198715,0.000315401882110547,-2.8773926258438036e-05,2.530467031767444e-06,0.0001096261284872687,0.0
2022-11-14,0.0004722948692101709,0.00015144306721500577,0.00048141571189649126,-9.180225313266145e-05,0.0003184196598987435,-0.00010351065429662033,0.0001848226493591819,-0.0006841615041380465,0.00024006126108113126,0.0006119037123254382,-6.43670313148126e-05,-2.4609365100254297e-05,0.00021484089516388713,0.0003069645431713315,7.347661499217596e-07,-0.0005388906511018002,0.0005675798584330229,6.38539411141643e-05,-6.733246764251424e-05,7.064438923214609e-05,0.0
2022-11-15,0.00016440688906829546,-0.0006259015582707727,-0.0001656353046714873,-0.0002396360930366991,0.00045106619803295583,-0.0003206346511537852,2.213944255620898e-05,-0.00017147522570817544,0.00020114418979025347,0.0006109783636740931,7.1793706175152e-05,-0.00034010516160346054,-0.0008276370838652171,-0.0006246051087955614,-0.00047472163988048063,-0.000741882490801217,-0.0002578351108347763,-0.0002865863482531141,-0.00018436391765213873,-0.00032995743148867245,-0.0
2022-11-16,-0.0002465233115160982,-0.00020212744012049696,-8.62552549171628e-06,0.000600344714769469,0.00016330210595240857,-0.00024825629526779283,0.00024026577297250252,-0.0002440266090036933,0.00010327539524855723,0.0011060443145932501,0.0002072508773630484,0.00015861433020090444,0.000521646051708482,0.00011028617950345631,0.00042575086535176666,0.0008534439588900524,0.00030456983225655336,5.735414294550899e-05,0.0005028620316827788,0.00017260849847628907,0.0
2022-11-17,0.0005606338852279242,-2.1892353087107132e-05,8.272686484455172e-05,1.5275899904379183e-05,-0.0002431543937723748,2.1746046558277617e-05,-0.00013190920090563326,0.00038871102930262584,0.00043709116943307707,0.0004385383689549722,-9.644164686855177e-05,-0.00016335899891794083,0.0008490540154541613,0.00020573070117706067,0.0004745560186412126,3.7590278819797705e-05,0.00030282068869713353,-0.00015618447379322356,4.602823206531779e-05,0.0004991940119789479,0.0
2022-11-18,-0.00045617240202054123,0.00024726651990010723,-0.0002047758879047114,0.00018670812580077702,0.0002569646936784998,-0.0005188280839405982,-0.0002275789296637299,-0.0008100025475073561,0.0003771009220078042,-0.00032490137864116806,0.00010705372244037141,-3.1888154426205524e-05,-0.0003052820692288244,-0.00044471127429682584,-2.492422975143624e-07,0.00035027433540292606,-0.0009197407971939189,-0.00013069072230091654,-5.602935577290103e-05,-0.00047089458538365764,-0.0
2022-11-21,-0.00022148750619168248,-0.00032126512838597784,0.00014513434722635904,-0.000540378513910711,0.00013498773431927047,-4.166305538658499e-05,0.00021609327629134456,-0.0005626249698163527,-0.0004975189562226039,-0.0003008656302665733,-0.0002595361959347291,-0.0005869434362939387,0.00010366695873891597,-0.0006745574390881732,-0.0004677729768230879,-0.0005983695303406497,-0.00054954095727742,-0.000602281301143625,-0.00013208499329603205,-0.0011682244687425062,-0.0
2022-11-22,-0.0002399973736216524,-0.0004970309932704791,0.0008145246818986396,-0.0006059990756699844,-0.00025113669735144086,-0.0001515601235765212,-0.00013491397763898535,-0.00022943221459498388,0.0002577597824894974,0.00023505436186346213,-0.0003562079339114592,-0.0006574211418451644,-0.00038236223238256395,-0.0006989144178092211,-0.0005403891503818234,-0.0010667021864594931,-0.00017084786528446098,-0.0005137047794297234,0.0004353419118170367,0.00010343177735399425,-0.0
2022-11-23,0.00020269468205239761,0.00045734241470244384,0.00047121450772574737,0.000263530986010476,-5.818550382938139e-05,7.853803841574517e-05,-2.7285946604052193e-05,0.00015760937882350174,0.0005247587346519861,-0.0002994132228775243,-0.0005227531875460655,0.0011322078791835804,-0.00018524018560070216,-0.00015849418588948798,-8.500994884277002e-05,-0.00033415502000805027,0.00045380332530995233,1.1342862673464406e-05,0.00036390828539288925,-0.00019460851225369305,0.0
2022-11-25,0.0002188221880281706,0.00064215523297324,-0.00010504111678313199,-0.00021227187510334774,0.00032148066473079647,-8.48202605086576e-06,-0.0002602663800265686,7.918484128823861e-05,0.00019296385946406685,0.0006331012138324146,-0.00016655549172012534,0.0007815176542091531,-3.7383956353578785e-05,-0.00020178682707804664,7.445544287684825e-05,0.0010157789483540049,0.0005670799207052699,-0.0007670634510298129,-0.00021651210404114113,-9.988421895850395e-05,0.0
2022-11-28,-0.0005226646534533842,0.00022587962691744088,3.897649938244331e-06,7.184160448226739e-05,-0.0002979291070183759,-0.0008871532916030698,-0.0004592916388705983,0.00043097015170977596,-0.0003910343274565374,-0.00029245693595989983,0.00044850683452914413,-0.00016969339267970007,-0.00018896419165744777,0.00020843033097375994,-0.0008020234168643207,-0.0007081437609941524,-0.0006449330190505794,0.0006115995698899378,-0.001013950341000505,-0.000390457164806244,-0.0
2022-11-29,-0.0004667640474177712,-0.00029262134733143853,0.00025826406298278323,0.00013777706593090877,-0.000724032281644312,-0.00013893984931411652,1.4706213024705266e-05,0.0005618840624863981,9.993464245214097e-05,9.756453747948956e-05,-0.0001020056613301441,0.0003173904938546326,-0.00024296893090062948,-0.0008307374082183477,-0.0003201335635359927,0.000626453586499413,0.00035932508640681206,0.00018653282444585135,6.633511430322577e-05,-0.00043180385907574834,0.0
2022-11-30,0.00047348716309068834,-8.491212570295922e-06,-0.00016609642979130472,-0.0001433516340388997,0.00036610172101537666,-9.52992413360227e-05,0.0002567380831664893,-7.539754581241811e-05,8.348641958589762e-05,-0.00012488670707093018,-0.00016480845082766135,0.0005375968744894339,0.00038068769612923536,0.0001972306725627285,0.0005789142227174484,0.00028603325545075814,0.0005262266015899332,0.00026433163326986274,-8.324111959025482e-05,2.5363158965634277e-05,0.0
2022-12-01,0.00024656007625754,0.0008255179812581802,-0.0002732827502995619,0.00015524128564358696,0.0004979357632435521,0.0002474084215568119,0.00037010217907547355,0.0007469832356477504,-0.00010403702772850351,-0.00030073651502516955,4.2945317874696796e-05,0.00015752132908075298,-3.451563265411761e-06,0.0003516313917231116,0.00024314581036872422,0.00022101781485022433,0.0003249528946944551,-4.114685198079184e-06,8.42447101848643e-06,7.595082281876702e-05,0.0
2022-12-02,0.0008420583279695416,0.0005241753258343085,0.0004176281085134349,0.0002477054319384609,0.0009441569642670624,0.0006566739427158242,0.000575571388170393,0.0010565469407108567,0.000626072751998752,0.0003421838309878523,0.0004814560365451138,0.0005387409471924288,6.414719665441828e-05,0.00010278768328034762,0.000869219628850826,0.00017776745586833845,-0.0002671676743430774,0.000472666514315423,9.117887659766402e-05,0.0005921132688179288,0.0
2022-12-05,0.0003497225914395762,0.00026943588380532244,0.000644860779009023,0.00048283168497582506,0.00010804953648297969,0.00047820922266733563,0.0002337200130076737,0.00032316541076023793,4.585465269134574e-06,0.0008168208137928612,0.0006721570354594619,0.00027142606441986074,0.0003529879651350632,0.0002795979628122267,0.0007240048443473888,4.710790246396808e-05,0.00017226357615616577,-6.0659895216355266e-05,0.0001845747653588548,0.00017153914227910225,0.0
2022-12-06,-0.0007729264283184566,-2.368933660855226e-05,-0.000843727845565489,0.0003851463419918807,-0.0001969415117039831,0.0001680764941651279,-0.0004541263084567978,-0.0002622087461847328,-0.0003923159103385389,-0.0005245859872329888,-5.81441023817158e-05,0.00016442335761846736,-0.0005141474895153881,-0.00039164370678202316,-0.00039054691098146916,-7.680406532262607e-05,-0.0002330439846943648,-0.00010274577724709598,-0.00045424519018245923,-0.0011288839017814102,-0.0
2022-12-07,0.0008135514451728684,0.0008338884984413632,0.00022311438618030757,0.000351299624242019,0.0005674681415450371,0.000282271578849969,0.0011898620700737795,0.00046462077148403183,0.0003609312489041694,0.001044058568523629,0.00024276095960597114,0.0009299416489205409,0.0003578693120367514,0.00044511928475476675,0.00037786597752815035,0.0009320838617937456,0.0003877011779965365,-0.00011226981016020688,0.00043036199685118155,8.431767099859351e-06,0.0
2022-12-08,-0.0002742988337447967,-0.0003475753389179614,5.637650282779003e-05,4.380881942414838e-05,-0.00011449130865876695,-0.0003610188861274515,-0.00034185373536246405,-0.0003734215235169445,-0.0006163665681327007,-0.0003485777213454906,0.0003036827746602216,0.0004105237178587346,-0.0001600773895151781,8.762710196913417e-05,0.00019711338494813775,-7.485325760340181e-05,-0.0008858487013740612,-0.0005782612173890764,-0.00037333200237971403,0.0002403532526332768,-0.0
2022-12-09,0.0004185993590874325,0.0003778616345943822,0.0003104168814323288,0.0003106257208952341,0.000341271554387525,0.0006663702202647044,-0.000155445541993535,0.00010764008190571712,0.0005194261290184708,-7.683265728151723e-05,0.0005925464521953622,0.0004025897552848305,-0.0001686476358541991,0.0004956174273613168,0.0005740525032365865,0.0005587721550443554,0.00019961710654572897,4.815833941204683e-05,4.594730107465609e-05,3.690570709868305e-06,0.0
2022-12-12,-0.00020341012722496215,0.00035227149633674333,0.0005169993379015702,3.317922544816733e-05,3.7687650041500655e-05,8.375521860062625e-05,-0.0005486427619889822,0.00048805838443011397,-5.497133750776378e-05,0.00011339445560014362,-0.00013448333108717826,0.0008082064306086118,0.0005225589820540013,-0.0001854403817968835,0.0003790486169666824,-0.00012583450964982748,-0.00029117123451991565,0.0005370694012215081,0.0002049223373661854,0.00021015207223140712,0.0
2022-12-13,0.00046468271107482837,-0.0005239160126607466,-0.0006052513484949333,-0.00017004665603762261,-3.635727275111195e-05,-0.00019946674292430482,-0.00023030625738921904,4.340725126817567e-05,0.0003390437010114433,0.0001278399899205319,-0.0001576760007830906,-0.00014309764858597149,0.00017160692391955958,-0.0006317050790988345,-0.00011828044613930359,0.0006530738351884614,9.252791617684978e-05,-0.00048573161720976874,-0.0001086240562010014,-0.00035176649703493284,-0.0
2022-12-14,-0.0008155697259383205,-0.0004996869940384,0.00031964636989210597,-0.0008096767215443458,-0.00024407808847922455,0.00014719136998397333,-0.00016888908397129793,-0.0007045199335270211,-0.0005824052691412053,-0.00043808620827251763,-0.0002952843279768853,0.00022512325303506044,-0.0007141966321925916,-0.00043486244254359644,-0.0004641259167054091,-0.0004253450784255412,-0.00031998201554927634,-0.0003732779802542712,-0.0004882830339145591,-0.00021041821830212923,-0.0
2022-12-15,-0.0001610060103570678,-0.00043437280244291906,-0.0005841845227680624,7.465608312509627e-05,0.00038911039437795035,0.00016306606769609673,-0.00024100757198718202,-0.0003695076218704045,-0.00018297262569366018,1.010085390543162e-05,0.0003391550691437277,-0.00021657742831279484,-4.8634880993344434e-05,-0.00026711474058956953,-0.0001358459662248715,0.0006808417995648474,0.00013492084200675665,-0.0007428997344304719,-5.8584509067277956e-05,-7.907569022063152e-06,-0.0
2022-12-16,-0.0003934425613257993,-0.000772949060280158,-0.0011362198245459716,-0.0005351569157258877,-0.0007113809642069732,-0.0005119401152473067,8.429943833435877e-05,-0.0006977015708873098,-0.0007379066037493492,0.0001306144510059447,-0.000987825620628702,-0.0009334624528206396,-0.0002054109944395998,-0.0006013480983837994,-0.0004619278055564584,-0.0007948024185375822,-0.0005416119372994311,-0.00040499907184151816,-0.0007265136636217794,-0.0009174229961838661,-0.0
2022-12-19,-0.00010650912708445206,7.844434726102108e-05,0.0002514496995533755,-4.084346665431283e-05,0.0002200665616836826,3.708716562254444e-05,0.0002726026506923005,0.000218593429308766,0.0002849456539468873,0.00031615040153782807,0.0003062220717384526,0.0010330897923082362,0.00034606128658753364,0.00034565869373746286,3.717556956128447e-05,0.0002680458248101761,0.000273750515357113,0.0008493388347714059,0.0007576761477237727,-0.00012969920304558663,0.0
2022-12-20,0.0005431619964891445,0.0005902988859782288,3.2356753556847205e-05,0.0007848357215040706,0.0002872580060972605,0.0009164148487595348,0.0008153571995113279,0.0007481169656632202,0.000438271537642123,0.0002713263883086771,0.000426849104343421,0.0007024897669407352,0.001079758467847079,0.0002712994557265656,0.00041356920319178666,0.0008284617594176266,0.0003872443167058481,0.0005886780609710071,0.0011210507253536684,-8.797778926539741e-05,0.0
2022-12-21,0.00034463097267765377,-0.00032716518757436666,-0.00022532336566973384,-0.0001840362735993974,-0.0004212542860936828,-0.00015003537616205723,-0.0004838305818692668,-0.0005198764674483264,4.095668826406035e-05,-0.0006247216660246215,-0.00042420227005597654,-3.85374955918458e-05,-0.00030229730558511026,-0.00010739717696642435,-0.00027967508229643134,-0.00017393276141143544,9.818656072008698e-05,-0.000918806460724828,0.00021421780633260943,9.634993571549313e-05,-0.0
2022-12-22,-8.239495221044747e-05,-0.00013541920129557015,6.228830644951663e-05,1.0018199277325228e-05,-0.00048006624005141816,0.00010164464662129837,-0.00016933356027463986,0.00040370585136974914,0.0001117338112345684,0.0005402282335596521,-0.00011304112046659619,-3.886694366703592e-05,0.0005065853051645334,0.0009438482379420043,-7.217307384307379e-05,0.0002805677137584252,-9.394833149097303e-05,0.0001007969747701088,-0.0005288909263004307,-0.0003351866280462008,0.0
2022-12-23,-5.979023572768026e-05,-0.00017688733932806058,-0.0002593361012744107,0.0002723270894998142,-0.00018906649107436885,4.0163085870589856e-05,-0.00016463934546682326,-0.0001292968124348815,0.0005284701550314812,-0.0003532509066917928,0.0001726212342325419,-0.0005266687546268352,-0.0006718822345275655,4.183207830788563e-05,8.042822245092909e-05,-0.0005615920948202458,-0.0004476268342700388,-0.0003461213873708885,-0.00042544651789429896,-0.0003100644083575949,-0.0
2022-12-27,-0.0011400339200462028,-0.0005627829457262962,-0.00045241976317002085,-0.0008241572579332375,-2.9577653469661653e-06,0.00014260021349348892,-1.816950435663444e-06,-0.0001211896910705117,-1.1069957638700039e-05,-0.00028982699837285696,1.6665305779628594e-05,-0.00045932266614263174,-0.0005842539152839778,0.0002987652329686076,-0.0006793949378049308,-0.0003227136267259809,0.00015941880441960798,0.0002474301847968837,7.596712713043365e-05,-0.00018788435796203244,-0.0
2022-12-28,0.0002059867705892973,0.00036360750629902647,0.0003613055835658943,0.0006686004865461781,0.0001682742639511768,0.00043377131103411763,0.00015893979407158605,0.0005846837166130094,-0.0001240663385057182,0.0005984733975102698,0.0009791824241664909,0.00028569897055898553,0.0008063232289099611,0.00040357824173455764,0.0003449356854812413,-8.683104124482193e-05,0.0004937179771727385,0.00018080960546441096,-4.009962318474753e-05,0.00028352782397866747,0.0
2022-12-29,-0.00011339958025670727,0.0003815830032100648,-0.0001128348522310567,-0.00031603748427499583,-8.667193007577922e-06,0.00031831472784473434,9.612629753063633e-05,0.0002927196579698385,-0.0003793446424200566,0.00072673116874812,-0.0002117050594006469,-6.125237688922999e-05,-0.00015710878542839153,2.161299198916934e-05,-0.00033260083744907694,-3.62422661820295e-05,0.00015315575036256357,-0.0004909592624963695,-0.00024691477793895104,-0.00015767051549909906,-0.0
2022-12-30,0.00020248761448863118,0.00045792109998920704,0.0008487543078415951,0.0005675584353906875,0.00063845197615286,0.0006858651753072978,0.0006950860097129858,7.833984656869388e-07,0.0006726362414516199,0.0005999681524069192,0.0005561736070932586,-0.00019684858180370134,8.373968317816758e-05,0.0006823237990271782,0.00019709103321927806,0.00043559847382505443,0.0010199117606059227,0.0004242852553265655,1.2135585476238307e-05,-5.566274618341443e-05,0.0
2023-01-03,0.00024356740025730276,-0.0001979541509962415,-0.0001880163521232021,-0.0003372244960182102,0.00036544871206779745,6.825904665139772e-05,-0.0006274122093450474,-0.0005135409218226122,-0.00048367288014789005,-0.00018430333365327997,-2.2055880044317918e-05,0.00048188191125221873,-0.00014547440766480896,3.779163637747509e-05,-0.00039771138972906426,-0.00032172479833448414,0.0005938641381447674,-0.00035647898044988157,-0.00024932585909720137,-0.00051519396454806,-0.0
2023-01-04,0.00017087888452451682,0.00041576829671831074,-5.256242491045171e-05,-3.798619106548662e-05,0.00013814658775979094,2.8990923897653788e-05,0.00016573606587665378,0.00020473339855646698,0.0004932597076820922,0.00028308580678226836,0.0005986935983032238,0.0001381651586781274,0.0007274560323867086,0.0005870460849335846,0.0004498577402637149,0.0005063854071018948,0.000715792076294508,-0.00047101055020689616,-2.480276793859204e-06,-8.312381973290539e-05,0.0
2023-01-05,-2.9545452872635906e-05,-0.000679688992058648,-0.000554824888513828,0.000489575427411681,-0.0003767067908536577,0.0006632350502916074,-0.00014876667969236429,0.00015697832769570342,0.0003476824157008036,-0.00012699913397582393,0.0005115069022786117,0.0004649427476888565,-0.00023694345137763694,5.366276642907079e-05,-0.0007606773164345521,-0.0003420288222294318,-0.00023117256935201386,-2.8052593824077772e-05,-0.0008002988228524312,-0.0008884454910465258,0.0
2023-01-06,9.608636206555277e-05,0.0004127200029658169,0.0001653767232562103,0.0008835513015931971,0.00019499200639267153,-0.00020604847494950878,6.339054292724872e-05,0.0007090497557028283,0.0005578810760702601,0.000103589561544589,0.00026598563365652704,-1.9091208068318584e-05,0.00021503375099861296,-0.00023222072791322858,0.00028460980380511943,-0.0005245704283075344,0.0005226902558855517,0.0002267802354558456,0.0006193752665489899,0.0003708148488617097,0.0
2023-01-09,-0.0007889401915243219,0.0009616397416470921,-0.0005551814781274897,-0.00020122929587497888,0.000534971948802277,-1.1702228467257393e-05,2.2328803529447295e-05,-9.855994224728846e-05,-0.0004329587171393373,-0.00024214759854652987,-0.0005133254338968396,-6.605675899859109e-05,-0.0007743157048456804,-0.0006344294443069788,-0.0001032441647615936,-0.00031541857231303207,-8.24210538152587e-05,1.3341788589720718e-05,2.5608788624731497e-05,5.585811374026961e-05,-0.0
2023-01-10,-0.00039874022331339986,-5.2506090638489215e-05,-0.00046960660982996714,0.00011082702654208913,-0.0004173954001188458,-0.0004791545804762276,-0.0001849530383482688,0.0005967638177738832,0.00031869616552940386,0.0003090064441253131,-0.0002608462069790363,0.00033381508268763295,-0.0001717844682351013,0.00015150311154174184,-0.0003458923512967411,0.0007316904770131011,-0.00020840928644898297,0.00034434836903764996,-0.0004727083273163113,-0.00037806127744976624,-0.0
2023-01-11,0.0003024654218734326,-7.003513608439045e-05,0.00015241738485523396,-7.2992320619401325e-06,0.00020015862904218222,-6.124669881760333e-05,-0.0007254795027157255,-0.0002822155941969502,8.776075406329233e-05,-5.815275451419193e-05,2.3070540243738164e-05,0.0002686570149610162,0.0003193810941542657,-0.000419339929564611,3.622318887283147e-05,0.00015108500568578297,-0.0002897144128169739,-0.00012519549937265177,0.0002723577156316853,0.0004202709871084741,-0.0
2023-01-12,-0.0009516409751023311,3.193792104775519e-05,-0.0008258938084930699,0.0003849569124113278,0.00017683207241140142,-0.00042687768924040123,-0.0003055980230497333,-0.00042639797196343076,-0.00045229233167689474,0.0002474443741733918,0.00016563951699097738,-0.0003288386436347949,-0.000502497406842556,1.1253609451772063e-05,-0.000645619739036383,-0.0005255098125065636,-0.0001353119718833736,-0.0007513173993169074,-0.00018251876333819252,-0.0002625557296254638,-0.0
2023-01-13,-7.527231625232812e-05,0.0007841851626379637,0.0006571063152272942,-0.0005682756084034094,-0.000644711425097245,0.0002363958486410232,-0.00017829494146526725,8.530267175008055e-05,0.0001376726909594246,0.00015186666715077724,-0.0003214092274986211,0.0003756991042380062,-0.0002529801457229514,0.0006543867872041197,0.00017192230214843921,0.00034503917762237677,0.0004804986279241828,-0.00010084442918282844,0.0005913737964985419,0.0004809750291445611,0.0
2023-01-17,4.579940873284866e-05,0.0005473959590394842,0.00023583665389226744,0.0003259318792692486,0.0003294849429667285,0.00030520974006527704,0.0003515168168142455,-0.00010053313537236533,0.0003595490068843878,5.961679132468639e-05,-0.00022416120964763298,0.0004336103495594523,-8.312827789853915e-05,0.0001103997279531217,-0.0002457995351853231,0.00014036457399552822,0.000680058345401734,0.00017749302931781833,0.0004445070020398313,0.000456012142717191,0.0
2023-01-18,0.0007524776993397052,-0.0006075360062485157,0.00015143907425691573,-8.494233148555598e-05,0.00038186615952979575,-0.00016264307111071998,0.00044274610546493403,0.0005841973471594549,-6.555203998213567e-05,0.0006246824867850172,0.00043648337287184076,0.00012291419907677068,-4.1101821045642165e-05,0.0005958216436285412,0.0008641589671966941,0.00030663556766576973,0.0004171766720731403,0.00058541711384753,-0.0001004127093233128,0.00012430467096256195,0.0
2023-01-19,0.0006852131261877788,0.0006482592338778733,7.108320884698557e-05,-0.00039508964044328814,0.00034213149793906587,0.0004200468550229804,-0.00031909444624724485,-0.0005436185064615645,0.0005502803098462825,0.0004505625190837826,-1.7228567633583344e-05,4.6903260285310843e-05,0.0006849174736885798,0.000530033453936683,0.000725320279604447,0.0007432983963093326,0.0006536018654681927,0.00043148602155666967,0.0006681281958352357,-0.00027347858886788996,0.0
2023-01-20,0.00021177710199597491,0.0013520461606180043,0.0006538629458932569,0.00028535782105865143,0.0001850018225186176,0.0008898597294344387,0.00013556936663230063,0.0002351304779352773,0.0009367009998892511,0.00037397935253429844,1.7257187101269683e-05,0.00019609263447988883,0.000534000481089822,0.0004250361115222745,0.0004935891150759417,0.0004826091797812656,0.000350427750404151,0.00036115139853062927,0.0006632034205881083,0.0004731465010333681,0.0
2023-01-23,0.0003480665176678163,0.00012384338227913668,-9.749416233076423e-05,0.000546066232417739,-0.00030508946175766745,-0.0005582167454589042,2.3025896418446607e-05,0.0003011740769380375,0.00024496980261139926,-8.953630453392933e-05,0.00029454575004021365,-0.0002355736398393422,9.91033468319605e-05,-7.504026985558182e-05,-0.0004310774157925971,-5.801936796917935e-05,-2.4696547051711804e-05,-0.00018030206029949976,0.0002720752989679034,8.3204929711148e-05,-0.0
2023-01-24,-0.00014679792301881025,-0.00030931382143961416,-0.0001259229627020242,-0.000120965411661579,-5.236761816047046e-06,-0.00018677488270728385,-0.00036874202618280476,3.941839015250518e-07,0.0001432793603220319,0.0006326997655715697,3.204348203951416e-05,0.0001198208862890102,0.00011785193714069933,-0.00018272600314979238,1.306048523785684e-05,0.0006342892898500939,-0.0004260583812568277,0.00010515074258051312,0.0004652057026402697,-0.0001170251557974779,0.0
2023-01-25,0.00017994429958657478,-7.384102448631475e-05,-9.570806099948083e-05,0.00010806331065149975,-0.0002719974641758268,0.00012967714952606124,9.977611820832829e-05,0.00020662298571703466,-9.07156206118158e-05,-6.396657392726901e-05,-0.00027200846809803295,0.00039204813475051694,-0.0003812916200043697,-0.0005074488539756148,-0.00024736713389342913,1.9901168761603773e-05,2.9093314645527356e-05,0.0004923247333379942,0.0005708636766274698,-0.00011118846269435805,-0.0
2023-01-26,-0.00045563951421998005,-0.000455030706006271,-0.000554470821112822,0.0004348324874163457,-0.00015729489462976232,3.837246826619819e-05,0.00036237795022296747,0.0007859016616978213,-0.0001828712403909386,0.0004610077253357024,0.0004851273807112847,0.0003354116978106291,-0.0002545508866608216,-0.0005607087829011438,9.44477851116325e-05,8.154494511836058e-05,0.00016647667377132886,-1.766645536274393e-05,0.00035702961794654254,1.7203564387925472e-06,0.0
2023-01-27,0.00020706478498899706,0.00027752992624165596,-0.0006972925402554985,-0.00016977226669143914,-0.00027732889932080974,-0.00010817302266591729,-0.0002111218313501321,-0.00013737537358272695,-0.000351805370947579,-0.0002532965467366614,-0.000533330348661505,-0.00045903619687875686,-1.1061019518293453e-05,-0.00041199476068401475,-2.2726705002242588e-05,-0.00015088887065531177,0.0005196533976543903,-0.00025352024011865193,-0.0004549300941350075,-0.0004864537565982173,-0.0
2023-01-30,0.00031050400019600794,0.00012955376438992904,6.269171556843704e-05,0.0005092981264930811,0.0008559084090558212,0.0008061995397032263,0.0001808463004914962,0.000887407215850533,-8.139017505600515e-05,0.0008685328432060926,1.6321552713732545e-05,0.0011223899059535675,0.0009915893167878286,0.0011814783787855237,0.000528760635068422,0.00026634143924010654,0.00046228049119959144,0.0004691184422239082,0.0005393833880843457,0.00041299834427656703,0.0
2023-01-31,-0.00024689849109729,0.00013758062101470176,0.00021333900082924973,-0.0005015173707152025,-0.0003129478761974317,-0.00016961730762464814,-0.000670398386116047,0.0009817126196110624,0.0001980933387230819,0.00019792367112619964,0.0006642306768983886,8.191423951853766e-05,-0.00021914366805713108,-0.0004120686328266154,0.00022322323835223545,-0.0003340701764323261,0.0005435376233652071,-0.0001286349370417354,-0.0002692721787239483,-6.91663045845998e-05,0.0
2023-02-01,-0.00012803630777809575,-0.0003691006342466883,-5.319535008391779e-05,-0.0003083137865985535,-0.000653309105652891,-0.0002350829923233775,0.00021586554228679534,8.909646541798325e-05,0.00018674793450627252,0.0002643035933410178,2.5711163957881517e-05,0.00018527546426891708,-0.00040470678462174964,-0.0004598103784924443,-0.00011390685103419603,0.00018050099770646865,-0.00023252034936284546,-0.0005961102216453919,0.000378527399131691,7.328728307530246e-05,-0.0
2023-02-02,0.0004365336630218652,0.00014820637997798867,0.0007066059430642979,0.0006569158686352883,0.0007618379876517922,0.00011453854685639085,0.0010403511426565148,0.0003226410845338812,0.0003146679801307228,0.000677789382957772,0.0005773598626959697,1.0817804471885407e-05,-5.8076492541836436e-05,5.750673988585975e-05,0.0004593251624162464,0.000786268836732551,0.0009334247047622867,-0.0002695378132371973,3.9764907106687454e-05,0.00013296103076485542,0.0
2023-02-03,-0.0007763621439935948,-8.197028390793274e-05,-0.0009302815523593506,-0.0005843347617060109,-0.0006746371869405844,-0.0007203977483688798,2.6289295124844595e-05,-0.0002862620864524576,-0.0009081810009498823,-0.0009373661196475744,-0.0007140115163887423,-0.0007550427417473895,-0.00030870243217174625,-0.0008622811433213998,-0.0008268944086674041,-0.00045631850138088314,-9.622524413352673e-05,-0.0008456385359758266,0.0001771314129785831,-0.0008472201443140274,-0.0
2023-02-06,-0.000363617651178353,-0.0005250898646834197,-0.00035721644253253936,-0.00043229130223615793,-0.0006982653442839075,-8.909194969762454e-05,-0.0006426610847155523,-0.0001448497791352393,-0.0005310577273461314,-0.0005326084438538942,-0.0005964886602201824,-0.0001931932095526731,-0.0005712987127365398,-0.0004585702073583208,-0.0009273421870114176,-0.0003643048929064868,-0.00016584315953219493,-0.00014252925661831575,-0.0006663634651819135,-0.0011196719154729757,-0.0
2023-02-07,2.4011917908925312e-05,3.249462326447681e-05,0.00018849680662496842,0.0002763270912582315,0.00018932361815437486,-0.0003669695426075566,-0.0001577405020271893,0.00021687563206426437,0.0006910148168622578,0.000561497281759616,-1.8203706697109863e-05,-7.90598586092494e-05,0.00042006252019704117,1.3777911565343978e-05,0.0008634743913166374,-8.343433360168236e-05,0.00025587048646888937,0.000628735785988908,0.00021361911299247173,0.0009764252314626641,0.0
2023-02-08,0.00023802346542270043,-0.00037858858657119614,-0.00030798885756445606,0.0007945986131993125,9.541006518128422e-05,-0.0003906484205405823,0.00031972867589774595,-0.00014871193445625531,0.00033626998728437675,0.0004144016625382842,0.0001326159696267889,4.098651079527823e-05,-0.00015527429750674955,-4.650066015302576e-05,0.00016768786731071825,-0.00018761043230786144,-5.710550236439641e-05,-0.0003667363672546626,-0.00014097710164635315,-0.00013496761551081015,0.0
2023-02-09,0.00022995792629053086,-0.0005751099479245094,0.00020896188113169264,-7.698407363640319e-05,-0.0001082045111518255,-0.00039414429886815166,3.159191237539796e-05,0.00068141310669227,6.544219414572963e-05,0.0005200267674940371,0.00036475609268697457,0.00023741610998252667,0.0002901612586213555,-0.00021794738763772925,0.0007093158489195417,-0.00037402535876388,-5.5866191664975744e-05,1.977669248742506e-05,-0.00017565742032539893,-0.00031642834135157407,0.0
2023-02-10,-0.0003885045625309239,-0.0007876069209313941,-0.00038810586453793926,0.00019959818433842107,-0.00018873764810727007,0.00012072432619947819,-0.0002026908367552868,-0.00047000848410739534,0.0003526076274687958,-0.0003363683409397463,-0.00029810156739948026,-0.0007184682656012528,-0.0004664717521224245,-0.0005199909570822443,-0.00046954195595443515,-0.00045052911672964095,-0.0007231823033823781,-0.0003160196929381012,-0.0005495932890175383,-0.00015189449384479377,-0.0
2023-02-13,-0.00015600085398951539,3.6803849641558125e-05,-0.00022056963534311863,4.686193530055935e-05,-0.0003384716258483158,-0.00021176912305865612,0.0001070582307446646,0.00042376825130018166,0.0009622268439573145,0.0005491417531251666,0.00037105069006166443,-0.0006136705566094087,-0.0005401742376396064,-2.1537848408720624e-05,0.000853544683452466,0.00033984611999877484,0.00016499725290326051,-0.0002518151249776616,7.917403261301268e-05,6.31509126725279e-05,-0.0
2023-02-14,0.0006173652957014086,0.0008815302558422688,0.0005751222728080714,0.0011937941862701083,0.0004573019822144334,0.00043980344231709333,0.0006125012751464653,0.0006741139298706014,0.0004131577614399926,0.0003464124784480623,0.0008048031822016248,0.0008577779940580657,0.0008752397204103773,0.0005039321708293824,0.0006110231175751839,0.0003209580090140269,0.0004876904894565332,0.0010047461542777724,0.0005676743283396797,0.0007458048797756089,0.0
2023-02-15,0.00042703975129443724,3.888203959313524e-05,0.0001885274110023064,-0.00020046440639062135,-0.0005332683901194535,-0.0003190391724280208,0.0006090485945551625,0.00089673531496528,0.0001548340083186736,-0.0002940248870592745,-0.00013242054167624141,0.0012072880134702208,0.0002208693037746938,0.0008997508129452262,0.000654549288278552,0.00020777635230338754,0.0003751722270589174,0.0004968006371335754,8.573486330120325e-05,0.0004583970783115656,0.0
2023-02-16,0.0007739539660578688,0.0005843339019916924,-1.0097503531624531e-06,0.00012098678882295121,0.0004506356958531344,-3.742048793213383e-05,0.0004378718088331637,-0.0002533409981123111,0.00030428223441168,-4.4954458515608264e-05,2.1143503740941666e-06,0.00021204052727940916,-5.51638052289029e-05,4.208162537041156e-05,6.650478836951183e-05,0.000295247670021019,0.00011401167379254944,0.00017776600444261573,0.0001578891276916066,0.0004322287924077297,0.0
2023-02-17,0.00021345208777214916,-0.0003606618953740871,-0.00025772083316834537,-0.0002629138087763813,-0.00017546091450236837,0.00017696622201546856,-0.00031064236065328043,-0.0004270132560300076,-0.000451277023347098,0.00030322764484526653,-0.0002744991485498256,0.00010944310247841162,-1.890880771588543e-05,-0.000186892793527322,-6.189639356772205e-05,0.00030236454849055864,-0.0005006525366821184,-9.300540019612764e-05,-0.0003033685596157207,-0.00048768072045333083,-0.0
2023-02-21,0.00024073346293574695,-0.00018357219258157437,-0.000551383097203425,-5.793870397232675e-05,0.00012646036200581178,-1.6027252370082546e-05,-0.00044128337929950846,0.00019814980111854715,0.00019700703865051271,-0.0004936812520310155,0.0001580145927647141,-0.00041444896668900753,-0.0006020002944162275,-0.0009569123802609346,-0.00015052689890464313,-0.0006816644476027833,0.0002682341122709406,-0.0006481909667984984,-0.00010515079888074966,-5.327251502026073e-05,-0.0
2023-02-22,0.0005035667115523861,-0.0009436544530321434,-0.0005501905422115031,-0.0001680096331011273,-0.0004176035320638738,-0.0006058403749667012,-0.0015033045054496765,-0.0010166260327276434,-0.0005745780573943914,-0.0011179724672794006,-0.00043128600963057717,-7.618416322157451e-05,-0.0004304039398645146,-0.00048775951837313477,-0.0007905040421683451,-0.0007505320287313755,-0.0005668666722705826,-0.00011423031470937573,2.6700750433582722e-05,-0.0011331775523585304,-0.0
2023-02-23,0.0002707043235018813,0.0004097191081062714,-0.00019828078748870741,0.0002180267184467522,0.00026639195186814734,-0.00045258248535328977,-4.4068020855499e-05,0.00012075649233111328,0.00021463071729330312,-0.0005248869603525253,0.00012283491221524296,-5.475347370062304e-05,-0.00012853811968730126,-0.0005912530747305636,0.000433585250764288,-0.00017855385641727254,0.0003856744272232276,0.00027878800050647233,-0.0001227679820821504,-2.933802749083035e-05,0.0
2023-02-24,0.000433977658280494,0.0009505125674001255,-0.00011164283277098295,0.0006974264634716573,0.0002374011035011427,0.00012120522157643427,-0.000141465561142446,0.0008023963208610504,4.214166228189719e-05,0.0004942191197483965,0.0006021844190848406,0.0006515906882678547,0.00018307108156221795,0.0004137261283237423,0.0002483058873654625,-6.37236455306577e-05,-0.00016996122879179323,0.0003847763394019297,0.0001349513085011148,0.0004663086975599037,0.0
2023-02-27,-0.00020018493665721512,-0.0010383404329164156,-0.0005000631672407161,-0.0007037310187904419,-0.00029723691963356053,-0.000364980655217869,-0.0002881664418454236,-0.0010956340307744,-0.0007348815011277449,-0.0009358455676736087,-0.0011049118945817733,-0.00022563392878760104,-3.622701944536201e-05,-0.0003679775994368668,-0.00015076028163856097,-0.0005557036554769374,-0.0007135749125023648,-0.0006943099975027306,-0.0008318166569679388,-0.0007351923606710862,-0.0
2023-02-28,-0.000567523736523643,-0.00029418820004287167,7.407557133641539e-05,-0.0004902182801622929,-0.0005144504082171508,-0.0005022900132481781,-0.00029816910079046374,-4.009742289257175e-05,-0.0009010288632813854,1.2037282233941137e-05,-0.00039269238827881653,4.1863269488708904e-05,4.4162305163427204e-05,9.503023707498135e-05,0.00014277644507278698,-0.0008401657148512256,-0.0003211007753891655,-0.00040697949431766397,-0.000293857547047228,0.0005875528214464391,-0.0
2023-03-01,-0.0005019002281182166,0.0001208482134020382,-0.00024592470428988364,-0.0003266339508146108,-0.0007220212146195155,-8.492465142292941e-05,-0.000398900743623536,0.000108127992071016,0.00020421506574743584,-0.00042959440309518337,-0.0005008594119964538,-0.00011376440746097103,-0.0003771484550369716,-0.0005211059715667081,0.00018584713318622875,-0.00043096221678193746,-0.00023629138570117672,-0.00014494632830189155,-0.00018469509942745647,-0.00031079388521765305,-0.0
2023-03-02,-0.00044220757788877017,-0.0007714792670454162,-0.0004509481074716048,-0.000278576596983332,-0.00030043541127329764,4.472565677932083e-05,1.9139798966694156e-05,-0.0002741160173151735,6.44579205199669e-05,-0.0005347576988232128,-0.0001769412985290708,-6.854603946937488e-05,-0.0003004276153313556,-0.00025560540586863075,-0.0001176383366927769,-0.0002527945563726264,-0.0003012978423192203,0.00012073545233239892,-0.0004500596797300471,-0.0008986622399506427,-0.0
2023-03-03,0.00024609058374080463,0.00021640926383688496,-0.00017913284010915136,-4.4828353495975843e-05,-0.0002176129681868865,-0.0001658827729789893,0.0001602263017621416,-0.0003043014251400609,0.0002576799658558249,-0.00032764891278114477,0.00021415687372441922,0.00011992234704508456,-0.0008756369675807471,0.0002568754866066685,-0.0005102890039601348,-0.000345069588460745,0.0004975467974706939,0.0006289642636992358,-0.00037546379506982186,0.0002637414810476629,0.0
2023-03-06,-0.0006407311975100696,-0.00015010551034024528,-0.0003535298671423439,-0.0009135762744736383,-7.913195689269957e-05,-0.0003255495832056504,-0.0006252527138543086,-0.0006666352612805562,-0.00046221888673812756,-0.0005005254862724875,-0.0005828164552412841,-0.0002408539143408865,-0.0008509563461870738,-0.0009092741334396859,-0.0006860126098034265,-0.0007426134993408744,-0.0002184367541121593,-0.0008534447418212178,-0.0004471498858524798,0.00019736134063309165,-0.0
2023-03-07,0.00022548877270242893,0.00020503915719019883,-0.0006592503030996899,0.0005916024649020367,0.0003098594724598587,0.00013985585250547895,0.0007731404413078369,-0.00011520977801143486,-0.000637754346500666,-8.573449708795633e-05,-0.00028449508876746187,-7.783415980820683e-05,0.00022993217724873998,0.00038997101822225294,0.00016670652490091323,0.00018211069697890062,-7.982555053217005e-05,0.0001233767814028193,0.0003375868399821921,-0.0006099901781175861,0.0
2023-03-08,0.0005985998574045426,0.00041096226635528555,0.0004865597870580578,8.951862127859809e-05,-3.4759977765637977e-05,0.0006233893281755314,0.00048496784957183627,0.00023758932775273434,-4.654023538274523e-05,0.00021157008583377415,0.00035816325681019165,0.0001340475057851129,-5.004749912150102e-05,0.00041574594415397427,0.00021891230835130237,0.0002561405642285215,0.001263919543057744,-0.0005247528798178456,0.000429593029255165,0.00046362877291926093,0.0
2023-03-09,0.00023910052568020746,0.0005551928802281999,-0.0007108202707450889,0.00043312063641760156,-0.00016051097248429315,0.0006568237960086111,-0.0002159153403074219,-0.000159729671055462,-0.00015356515403977647,7.424401287000925e-05,-2.0229860668856522e-05,0.0004516657123482282,-0.0005144899340101098,-0.00011303715641498736,0.00039258331414363494,-0.0006313217304396521,-9.779723066459785e-05,-0.0009256129198916697,-0.0004981442490320663,-0.0004102404927023988,-0.0
2023-03-10,-0.0007573592485317106,-7.547725469479674e-06,-0.001153315051348505,-0.0006905742622434626,-0.0006435551324011851,-0.0011046704886408809,-0.0008379026303765428,-0.0008560827278429749,-0.0010587102673594157,-0.00046898150261461815,-0.0012046606689163682,-0.0006397230894511444,-0.0005022445416888387,-0.00013774594560525148,-0.00029169309924729933,-0.00043540355195453764,-0.00024504418905215114,-0.0004968893213826474,-0.00020769325984413444,-0.0007018449204824009,-0.0
2023-03-13,-0.000514724091898613,-0.00030512222522799355,-0.00043667127222687913,-4.7125589198305814e-05,-0.0002977746446248577,-4.520473651642663e-06,2.226412307353458e-06,-0.00010840817941631539,-0.0008513331043846366,5.275599680789953e-05,-0.0003730889074255388,-0.0003944897294458515,0.00017716266275560026,-9.482936415616201e-05,-0.0003266655034656954,-1.990841524515503e-05,-0.00038833511415294135,-0.0005636294310392967,-0.0004440127024355101,-0.0007240627387196924,-0.0
2023-03-14,0.0007539117612816043,0.0001694696886816388,0.001064583447671083,0.0005521032954372361,0.00044578333801233074,0.0008287380433808964,0.00043177706290723763,0.0008883619522291855,8.142286275563672e-06,0.000406953017297458,0.0004753026557876538,0.0007233851830648312,9.547333154963509e-05,-0.00024025563225098947,0.001208127081786072,8.959434434320972e-05,0.0005908928889954812,-0.00033300411458400046,-2.222645506791083e-06,0.0006363872263314515,0.0
2023-03-15,-0.0005089112440156104,-0.0011240156758759324,-0.0001802653836071012,-0.0010758682309943244,-0.0007489991547693288,-0.0011503270156507225,-0.0011930856876665797,-0.0006530232113467249,-0.0007272034913440125,-0.0011361556300766634,-0.00019167837731845394,-0.0004893329698818638,-0.00045135609978153984,-0.00042935267214794985,-0.0009135773689566433,-0.0001819626426542676,-0.00045814056381860297,-0.0011369313211935545,-0.00040858821983292637,-0.0008702052323701395,-0.0
2023-03-16,-0.0006663037923992275,0.0002545541440966181,0.00015241968768191688,3.67027957490058e-05,-0.000578573086705497,-0.00030084205341135894,0.00022429510550288454,0.0003757826776382796,-7.189847330587496e-05,7.007220184813261e-05,-0.0004724658123641224,-0.0005607383335216737,0.00015718009641441542,-0.00032632441025804375,-0.00018892821768823795,6.695988828534215e-05,-0.0006472851515769203,2.6660224342462497e-05,0.0003725438443848359,0.0003080199898670317,-0.0
2023-03-17,-0.0004377467853353599,-0.0008258917918634182,-0.00019771347083432478,0.00035293314848683073,-0.0010669824498297617,-0.0005416968036956343,0.00011726760895412917,0.00022808165439086302,-7.230802847640968e-06,-9.460139343808713e-05,-4.815526435701852e-05,-7.076872543074966e-05,-0.0006519399693779059,-4.6303914683982324e-05,-0.0007181975897895569,-0.00021519598782844058,0.00029638587162590186,-0.00018251799038485782,-0.00043634725618633437,-0.0006777122243455359,-0.0
2023-03-20,0.0002894323922481923,0.00014417373294904064,-0.0004162106091277606,0.0003254275597421763,9.712835705775944e-05,0.00018696542451366894,0.000662365535172426,2.5525186510065784e-05,0.0009210186938432832,0.0001660005031815387,-0.00014549315619144268,0.00028406421955923385,-2.342137062048469e-05,0.000337906342475567,-0.00031707791916956937,0.00046783444097476097,-4.4932815577091366e-05,-0.00032813717304793795,-6.0824628709893695e-05,0.0001550895527939001,0.0
2023-03-21,8.937819771858468e-05,-0.00014998493948121773,-0.00012595253049463406,0.00013497794609108307,1.2054092649774329e-05,-0.0003136843556395134,0.00037003817738810637,-8.849536515401022e-05,5.5253059890214486e-05,-0.00028304504383077256,-0.0006217774049410743,6.685568079239026e-05,0.00043222540721094926,-0.0011258955480231612,-0.0005949977304091941,-0.0005468884076212589,-0.0003191192184843192,0.00023623971270145911,-2.881463472878091e-05,-0.000974333377904139,-0.0
2023-03-22,0.00044214580099535535,-5.8578739327517705e-05,-7.225875797675154e-05,0.0003724668904307157,-8.275279800709511e-06,4.965903311787185e-05,0.0008849358590240161,-3.0753881435624625e-05,5.61963896325055e-05,0.000977585488880955,-0.00029976278282426886,0.00012548996994580998,-0.00026677528119336256,0.00032908257630327855,0.00046779951639986436,-5.322590050714696e-06,-9.72405565036075e-05,-0.00011978498628156848,-0.00034718870402864794,0.0009913521415783073,0.0
2023-03-23,0.00026752574418341846,0.00026432484938538253,-0.00011900786723727464,0.0002807213709472064,0.0005804590693595146,0.0004623075790610951,0.0008185641490967405,-0.00035818109102628303,0.0007819163866567368,-0.0002915715774778308,0.0003645580434551789,0.0003348102650956073,-4.8091071313811035e-05,8.60189388975888e-05,0.00042089751865171375,0.0003767803575761012,-3.6176484318809836e-05,0.00024722443089953864,0.0010432823013271984,0.0008198087247047129,0.0
2023-03-24,0.0007360842605420493,0.0014306750848596134,0.0005534883448230846,0.0006050037442007421,0.0004922979022430076,-0.00014626668991331792,0.0006858656715522154,0.000640706402337302,-3.409727164480774e-05,0.0006899843551613441,0.0005492989128709886,-0.00012473461195448534,0.001162707564717411,0.00035703792319421036,0.00020950429840611176,0.0002386048306896179,0.00034675932771993943,0.0005062352807125047,0.0001584539424525662,0.0012711381643575421,0.0
2023-03-27,-2.972436965300934e-05,-9.67378247734454e-05,-0.0002091182236598519,0.00014505309628799797,0.0004143391515642714,-0.00039301680501566057,-0.00013405831504740634,-0.00041879179070101254,-0.0007664654618818958,0.0003146306353717913,-0.00015741187232566948,-0.000369916250849807,-0.00024469983292530503,-0.000197861805684963,-1.6464494871720283e-05,-0.00017283871799721808,-0.0004808467320686545,-5.2886360151981536e-05,7.270369030682678e-05,0.0004881406028674437,-0.0
2023-03-28,-0.00012810147448218695,-4.3025729075014176e-05,0.0003999115799614462,0.00039336349935332777,0.0005080905099609846,0.00034360788497702857,-0.0005702810820224777,0.00027765323778503135,-0.00019393736000834097,-8.979767032431699e-06,0.0002633329979018465,0.00037288561839083815,0.000568612563977223,0.00038313039502736794,0.0003899943115949967,0.0003166883026352008,0.00038337148194660846,-0.00020695264649554448,5.4206418873228436e-05,-9.806054622416278e-05,0.0
2023-03-29,-0.000510185222810935,-5.651082849594347e-05,-0.0010542127952385938,-0.0009243024672789907,-4.2437600893356496e-05,-0.00021696011618604325,-0.00043171713366063467,-0.0009490253791481446,-0.00012168307994712544,-0.00047204100603414495,-0.0003861464740255201,0.0005135062060915647,-0.0007540832993869837,-0.0007294703439027125,-0.0011191528785784697,-0.00029904763546363303,-0.0003780610426948837,-0.00039588048548226825,-0.0007297434411321535,-0.000431617711121669,-0.0
2023-03-30,0.00035064054319373185,0.00043611675902299757,0.0003490621152876163,0.00044091753420815566,-8.303666256835227e-05,-3.207008085538085e-05,0.000552936789883476,0.0003920276589743868,0.00038572165124381235,0.00019912435925053407,0.00036818255309365344,0.0004825411312707363,0.00037755985043227004,0.000720913672892071,0.0009436900476215891,0.00034356761283933096,0.00029692529163977913,0.0004093439512796899,1.0938705092682309e-05,0.0004467997698007879,0.0
2023-03-31,-0.00022317855115794457,0.00030599565145024107,-0.0004930690710773669,-0.00028254167871272483,-0.0002007851448814796,-1.1756318754242459e-05,-0.00020514687822108916,-0.0007457352059917018,-0.0005849835189018034,-0.00020802740618823344,-0.00030642985212587495,-0.00046594396550149795,0.00016825039839686083,-0.0007373684666014586,0.0001600066644202823,-0.00018445683375472948,0.00015114739074864174,-0.00026271837583931583,0.00018402456794999977,-7.782646651471494e-05,-0.0
2023-04-03,-0.0008237640866949409,-9.824521009868458e-05,-0.00028057685390731947,-0.0002994281013679828,0.00027496227761614775,0.0003127534873825482,-0.000866406194131033,8.18659870717579e-05,-0.00039118412961744296,0.00016336378396524182,-0.0004980582651584115,-0.00010748319237458742,-0.00031012769955535754,-4.760408151031381e-05,0.0001323076228958745,-0.00021150574163169108,0.00047994640586466005,-0.00011008480692647715,-2.302763901966129e-05,-0.0005448785337827019,-0.0
2023-04-04,-0.0001400985497830798,-8.792750534764028e-05,0.00010563986425996543,0.0004526081501022184,9.434127110753422e-05,-1.813866262070918e-05,-0.00010129685461925388,-0.00013866240831408863,-0.00043549860772961754,-7.035216642339859e-05,0.0005909781081125388,-0.00031367788260905366,3.392832684129266e-05,0.00026937479722742856,0.0004197490222404455,0.00029749203530374805,-0.0005469960207912461,0.0003846565171795491,-0.0002446184702005028,-0.0004020125348428328,-0.0
2023-04-05,-0.00041146779525130155,-0.0010546454783419066,-0.0008250317456644693,-0.00069509146277779,-0.00023874565044929298,-0.0007847418353600934,-0.00020604226007583674,-0.0006020207629837129,-0.0008592065696286265,0.0006553281556295523,5.846780212348831e-05,5.047944602700608e-06,-0.00017189580262583375,-0.00017148663867917036,-0.001156351309765086,0.00030089960399267617,0.00013438070340110353,-0.0006018022631506491,-0.0006251656017568429,-0.0008929629301705694,-0.0
2023-04-06,-2.9084535890008802e-05,-0.0004901474114796475,0.00012596938778619454,-0.00042019045694493,-0.00041859827764937604,0.0003724862008697196,-0.0002903041228068899,0.0004603946350302375,0.000601128088219153,-9.09226253295319e-05,0.0006390996535921543,8.629171191953559e-05,-0.0002476921007442871,0.00013507436932409217,-7.145701760684309e-06,0.00017519683216779607,6.118020701806684e-05,0.0002990771704320742,-0.00021342940461752105,-7.85359203428888e-05,0.0
2023-04-10,0.00018893412463884477,-0.00035703545552367907,0.00020089481825613306,0.0005513678200193012,0.0009440279476835389,0.000878019606078471,0.00033259177600379115,0.00016386268325392265,0.00022442690646430575,0.0007714303052662367,9.02850726564568e-05,0.0006466269987423119,0.0010598970256708628,0.00020621845973882558,0.0007111215727380389,0.0007414789062450993,-0.00019674482570387975,0.00020431595553825215,0.0005760830876518331,0.00016082949075770935,0.0
2023-04-11,0.0002558588583609798,0.00021116190147937888,-0.0001426952359000127,-0.00040865758012877075,-0.00019100604165184112,-0.00022467106084385759,0.00023690867690139548,0.00012567462378712687,0.000699405727456577,0.0002844436497068546,-0.0001554506763828751,3.381939287999754e-05,0.000456173520030155,-0.00010606674049236866,8.468672040712948e-05,-6.750617935727282e-05,0.0002290204427722861,0.0005887510737981967,0.00040561416093639073,-6.93879309606046e-05,0.0
2023-04-12,-0.0008126356872497994,-0.0008813429047792409,-0.0005960771507237869,-0.0010995566618682356,-0.0011385616574192431,-0.0004264585774529097,-4.818296230229772e-05,-0.0005077000969845638,-0.0007522894320914487,-0.00041286898725173256,-0.0005971685855301964,-4.0198011872243155e-05,-0.0005756923154082406,-0.0008706465646532158,-0.00017934233434475688,-0.0006956747028690101,-0.00047609784657365697,-0.0009451775458913879,-0.0002537917820859835,-0.0003416795889102248,-0.0
2023-04-13,-0.0005929988088123037,0.0003916729513536975,-8.233143564791859e-05,0.00028156585739872527,-0.00015071499139461222,0.00035371488520302924,0.0005741350804627681,0.000147966220659929,0.00014220716647700733,0.0005007007569444201,0.00035389675806266497,-0.0006079105577947447,-0.0001138201899831566,-0.00026882292453776275,0.0004803666622549962,-0.00031254770175549225,0.00026980358558683775,0.00043001471424792447,5.9490070434800524e-05,-0.0005011079874355523,-0.0
2023-04-14,8.900875898725683e-05,0.00021505090820464769,-5.477241745810011e-05,0.0002632921279434994,-0.0006340594968728451,0.00025597410745399396,8.21818386060299e-05,0.0005781779616053943,0.0002923784082762769,-0.00036096975352678393,0.00021869453111690224,0.0002223846972025139,0.000896409447438081,-0.0001223698334839149,0.000465878327990752,-0.00011015491533677349,0.0002630603200665937,2.733252630140761e-05,0.0004329501611887979,-8.297543969499931e-05,0.0
2023-04-17,-0.0002469019177315443,-0.0005837609715451221,-0.0005071925859471518,-0.0003489997253369336,-0.0008730495378027612,-0.001146099198375742,-0.000463583905946099,-0.000230127231752326,-0.00021322946105254665,-0.000382923141923469,-0.0007308346321028604,-0.00033342348849836454,-0.0006648230349538432,-0.0009014540318695642,-0.0006234113834084112,-0.0006301775951141435,-0.00039536023843999093,0.0002211738315164895,-0.0011055267429253802,-0.0007553870897150091,-0.0
2023-04-18,0.0002893848587862801,-0.0005686007345248052,-0.0003849839262102426,-0.00044445734087231523,0.0005774174043745002,-0.00014053409259102935,-0.00022434773473326735,-0.0004660429201530272,-0.00020850321634805866,-0.000564783340246378,-0.00017252356474094726,-0.00039328996955383463,-0.00047432264662755,0.0003283788645889106,-9.600790242319116e-05,1.458964073257545e-05,-0.0004489764272488098,-0.0001473075908456021,-0.00019855877568219485,-8.648771449478835e-06,-0.0
2023-04-19,0.0005194903440013655,0.0004470325170263117,3.583071741344741e-05,-0.00022948328282765404,0.0001150662704241116,-9.201589073801887e-05,0.00048617171145708436,0.0006804192243144309,0.0006007275058054515,0.00010065094769355564,-7.253708338947327e-06,0.0003785207378947827,0.0006670712227834936,-0.00034714937794549987,-0.0003412593251538248,0.0006098226193701438,-0.0001089298688396835,0.0005639462891419082,0.0006218980101507181,0.00030666835606886337,0.0
2023-04-20,-0.0004312787956006377,-0.0001923435960842625,0.0006190185167825899,-0.0003247356022966358,-0.00040850636313998346,-0.0003618503159666919,0.0002748260929888451,-0.0002442259785596225,0.00027918078168238887,-9.020525149925254e-05,-0.0004013874680621019,0.00020234563089811415,-0.0004222294439036789,0.00046382035877758266,0.0002548585255239472,-9.950723657456278e-05,0.0003370078221979995,2.5407410872938942e-05,0.0001622142303853318,0.0001913263240128216,0.0
2023-04-21,3.87836773043567e-05,-0.00021411754375184425,0.0002616345904714496,2.446171527910643e-05,0.00012522284902479307,-0.0004779904516257055,0.0006363540124408092,-0.00014115292915414633,-0.00026696867415422986,-0.00022137497426692705,0.00016785067124129767,0.0004935838564420381,9.535404492550465e-05,-0.00030789848125155914,0.0003885689899551239,7.364278182960494e-06,-6.292338925267535e-05,0.000371546766960149,0.00014003564944298268,-0.00019890159109353317,0.0
2023-04-24,0.0006080060539919687,0.0008943523485085034,0.0003873375670444402,7.776015990015022e-05,0.0002051088677318335,0.0009208349466891191,-0.0003014388342043537,0.0004859196175395196,0.0007943394322870241,-5.333972507811529e-05,0.00035033927247747984,0.0007591083611819582,0.0005688568116787756,0.0001646842329348419,0.000591184731695613,0.0005346575879888695,0.0006631146451132484,0.0007960354813818395,0.0003058498465849455,0.0005181739425390754,0.0
2023-04-25,0.00019670157377047352,0.00024977205661504365,0.0001850222775924976,0.00023362750781386442,0.0004232802398619301,-0.0001535607098331048,0.0002894708902878244,0.0005079570010720889,0.00010254074711726782,0.00027407541250508216,0.00013326459456838296,0.0002812942238447405,-0.00011272870091787327,-0.00022102225687373382,0.0005559211551733328,0.0002225849187540799,0.0006555488411142808,9.076604213823594e-05,-6.317257535473296e-05,-0.00012933642458751152,0.0
2023-04-26,0.0003746900241457771,0.00010294522343484426,-0.00016769118681279923,2.6464997492823027e-05,-0.00011810279756100058,0.000299855827987634,0.0003693179262411451,-0.00022374393199356085,-8.403963091870344e-05,0.00016764257170739396,-0.0007586209207315642,0.0005114594369840892,-0.000365709490248077,-0.00019234695740369872,0.0002959074446879925,0.00040267147602634725,0.00013458882388910873,0.0004779978983387143,6.307689184085438e-06,-6.645605962245907e-05,0.0
2023-04-27,0.0004419544759025205,0.0009501232101007565,0.000600572299234174,0.0007944672836750714,0.0008293612105119435,0.0009517506383428782,0.0007036743478222204,0.0010880105522763884,0.0010243613325652255,0.0006653723045089837,0.00044968464101617954,0.00030159851560142715,0.000797578881348895,0.0010443830595518561,0.000844891119776766,0.0006412638438017742,0.0010187826033796882,-0.00043443672379365816,0.0008415720788783682,0.0008509729029709725,0.0
2023-04-28,-3.1615403963935336e-05,-4.973900014745972e-05,-0.00016334273985730747,-3.010112581357954e-07,-0.00044154557965933995,1.999387966307124e-06,-0.0008733678556610967,-7.510443726626962e-05,0.0002740498532028247,0.0002128629967898412,-6.964957585062288e-05,-0.0003270956454199744,0.00018865900497796906,0.00014639782524999563,0.0006088445478818875,-0.0001278590260424614,-6.63134505370689e-05,-0.00028868994830796624,-0.00022473720698210222,-0.000268533753096855,-0.0
2023-05-01,-7.050918988074985e-05,-8.128828815982575e-05,-0.0006404452402203906,-7.962208287624912e-05,0.0006643969363730304,-0.00011329679976418436,-0.00024315584773852345,-0.00037665928393702504,-0.0003990053037249342,-6.08332601498408e-05,-0.00074118990801633,-0.0007197339585223477,-0.00046417840953484965,-0.0002911713811968634,-0.000581943555553871,0.00026209244424450453,-0.0003511215753899883,-0.00021627865031664134,-0.0008551491518097832,-0.000242758056151953,-0.0
2023-05-02,0.0004140178251654802,-0.0001608637743222063,0.0002606069083072482,0.00029985187606035296,0.00030130129351875197,0.00025839982209902024,-0.0001236632754323008,0.0005092652197309699,2.3352701030265875e-06,3.1640232406671126e-05,-0.0003938029994631941,0.00031704365068226933,-0.00028789955099140505,0.0010726079838750623,0.0006122798384031624,2.752777044201515e-05,-0.00042178929513599913,0.00030069553519043165,0.0004042432882084945,3.0571113370525535e-05,0.0
2023-05-03,-0.00015457371476506972,0.0008471369628511167,-4.8882436211943686e-05,7.822051779713547e-06,7.743841128824946e-05,0.00017680309551663714,0.0007112255439594707,-0.00015379202890647008,-0.0003561111669420429,0.0011926278292487783,0.0001401363600772073,0.00027378766908233863,0.0005625832201714914,0.000124506911632034,0.0005928539253148358,-7.273597120819096e-05,0.00011302270814755831,0.00046956712909763904,0.00031237773673928624,-0.0002820110953467267,0.0
2023-05-04,-0.0002622978797997491,-0.00034707618327642825,-0.0002656456642632441,-7.76982197822451e-05,-0.00024466282120069873,-0.0004085747175682331,-1.0919302699700898e-05,0.000657165817808543,-0.0007622889108788624,0.00021758335929128645,0.00010198390706789905,0.0003439253787614041,4.25099692569688e-05,-0.00012319223442042602,0.00015608281248389073,-0.00017064489647269313,-0.00019690358160160494,-0.00023237524847490853,-1.8000278888261057e-05,-0.0003398974930267611,-0.0
2023-05-05,-0.0012226286870722091,0.00026097625434178,-0.0004794309224010315,-0.00020092636062542994,-0.0004759673201857989,-0.000577873129921772,-0.0005653329760571347,-0.00035055881532461495,-0.00035818069495503486,0.000584879860881536,-0.0005905581558131225,-0.00016277064855344358,-0.00041059180272864026,-0.0005318227519162364,-0.0004343830787048685,-0.00025381863741638,-0.0005791318831006384,-0.0004224445360082016,-0.000616547728533402,-0.0004717766684170324,-0.0
2023-05-08,0.0004245475622647865,0.0005940598257298329,0.0016726196796636853,-0.0001985822721083462,0.00038372759694654547,0.0006095371271831185,-6.655667659749032e-05,0.000715145348670751,0.0009033302186859289,0.0005283916048416669,0.0005529476362787821,0.00043840248174870674,0.0009742929556894156,0.0003750342815698409,0.0007877340677798806,0.00011184099980191762,-5.9070495659654625e-05,0.0009609822295170752,0.0004813675904755585,0.0005082721475587146,0.0
2023-05-09,-8.462387688508144e-05,0.0003849185187057898,-0.0001369979114967318,0.00031913108065208983,-0.00017773620586514894,5.2202047394669263e-05,0.0003004913591052111,0.0006486188744323773,-0.00010176998691600552,0.00019191046204798665,1.2943593435074685e-05,0.0001458633773928982,0.0001829497729705452,-9.066348580683009e-05,-0.00018939786869989078,-5.759112415525398e-05,-0.0004724198104086411,0.0005060590524914074,0.0002790681561832306,-0.0005236266689177382,0.0
2023-05-10,-0.0005412343631884747,5.8413850615481193e-05,-0.0009328237037795633,-0.00014628927533702257,0.0003826844548154292,-4.913837717346378e-05,4.36417220623272e-05,-0.00014240712813661896,0.0002928956790204478,-0.0006614724962577595,-0.0007365397610034356,-0.0008707421881083157,0.0004311851588555722,9.893880237932312e-05,-0.0004045524380611985,-5.184013963950324e-05,0.00040715276559842275,6.0428848046742766e-05,-0.00019182227341761607,-0.00044069902373996666,-0.0
2023-05-11,0.0003084113125899675,0.0006804029985250608,-0.00029661260441330036,0.00045615078955723123,6.817922075943868e-05,0.0006437448478644656,0.00018604621501217423,0.0006988168926978746,0.00018722323894948835,0.00015114870632507556,0.0006592393904095159,0.00011918648223618727,0.0005056519469145367,0.0004670292144197029,0.0003125122062525904,0.0009479507501659669,0.0002665129698119086,0.00021358030114030835,1.7541508011788913e-05,0.0005593326631483761,0.0
2023-05-12,-4.3277214745858776e-05,-0.00032985156321501026,0.00023599838330211505,-0.0004735744605113214,-0.0007648744796757458,9.507973407612754e-05,0.00018520100245503915,-0.000735529604163584,-9.398431737455788e-05,-0.0002367277981975664,-8.767239634055008e-05,-0.0008453006400017695,-0.0005250746390174148,0.0004323031098688823,-0.0003394564683854256,-0.00020956151689475574,-0.0005109547515090376,0.0008866739826821004,0.00042935752516262265,0.00012358534255565076,-0.0
2023-05-15,-0.0008270701867099632,0.0003198067304169469,0.0003977783547698981,-0.00017410960847725435,-0.0004641795776224607,-0.0003511026015390308,-0.0001878924267703663,-0.00022613401999748128,-0.0001639583572825736,0.0010111428810565075,-0.00012361019563610916,4.863907695168985e-05,-0.0003015545598012804,-0.00032456388609908765,-0.0001487879058951558,0.00020104283487886094,-0.00026530749156098885,-3.943509889376782e-05,-0.0003660088009976803,-0.0001997005100826693,-0.0
2023-05-16,0.00022654735132716157,0.0008390808255239173,-7.587737980420616e-05,-0.00021660697626761844,0.00047416071758932845,-0.0006007984238149312,0.0005366306043831665,0.00030860653023178985,0.0004972280456048209,-8.376711408756127e-05,0.000287937437402309,6.410213175413645e-05,-5.187458458557493e-05,0.00037680403664946304,-0.0002252135879759238,0.00022557219923396128,0.00015908750972680135,0.0002492195560359723,-0.0008872183425956804,-0.00024285102469032214,0.0
2023-05-17,-0.0006501681955275426,-0.00047030175941929195,9.076981453546512e-05,-9.407782732285886e-05,-0.00043612395511838695,-0.000617023287610963,-9.124417826464563e-06,2.2629306343133538e-05,-0.0006853773739141293,-0.0004592828038479811,-0.0008897260894268721,-0.00039740305255564544,-0.0002510177117985821,-0.0002562207147057302,-0.00012839998270399282,4.969418901253718e-05,-0.00019108785299170081,0.00022542884203553294,-0.0003214335430170827,-0.00030973253757558974,-0.0
2023-05-18,0.00025935869623052246,0.00012179266475739442,0.0003647721617316612,-0.00038204709242941004,5.576988962490018e-05,-0.00035910842582819857,-0.0004768326763601077,0.0003861158916823788,5.7805606384263866e-05,-0.0004228166866001814,0.0004147617670475572,-0.00021860593196329337,-2.2634996031889213e-06,0.0002630072082880403,0.0006807437180798798,-0.00011376078137336195,2.146547724044404e-05,0.0006764170771097913,0.00014728605202673974,0.00042640897944414794,0.0
2023-05-19,8.762040779753518e-05,0.000375260856389642,0.00047871739970817176,0.0002105938187457929,0.0009281702211688566,0.00027685384527051566,5.276385928177321e-05,0.0008084774645793132,0.0003428531756716545,0.0007524863160360563,0.0008905440607763858,0.00030008219380748044,0.00014786301381592877,0.00024591492970411623,0.0013339236343204055,0.0009325679707576824,0.0011967942362114206,0.0008439968822101799,0.0005536381539127418,0.0010396255633989605,0.0
2023-05-22,0.0001376046313651389,1.5171504489438215e-05,4.491187607280765e-05,0.0003126033008783587,-0.00013400225611003843,0.00021279696242641478,0.0008409802421312403,0.0005293188919302024,-5.936424719233327e-05,-0.00018591607578993487,0.00018243383563525543,0.0003678708151886948,0.0003425385637417909,-0.00023317246926076043,-0.00023338815659452064,0.0006344722146941575,0.000834958399590122,-0.00019321454440159443,0.0002725476832162078,-4.662607692762788e-05,0.0
2023-05-23,-0.0001872464370734345,0.0005193009230287044,-3.692104634508302e-05,-0.00031113010808929203,0.00011851850326249454,-6.81164727398223e-05,0.00022761902973307698,6.950714261572252e-05,-8.534091927588503e-05,0.00022791886755051208,6.0842621844005675e-05,-0.0005885504914460433,0.0002511583321701379,8.996708602987646e-05,-0.0004101392749609646,0.0004143178782395294,3.342235422655058e-05,-6.471151087929436e-05,-0.00029145449943305683,-0.0004591989951336809,-0.0
2023-05-24,-2.8714127960267097e-05,-0.000513499489395914,0.00017095904885602395,-0.0004457058685731945,-0.00036318797681304544,0.0004954300617055939,-0.000585176371013657,-0.0009333062080911402,-0.00017127344450017907,-0.0007889660415996169,-0.0002478739582136646,3.885058502229708e-05,-0.00017448329036114988,0.00017172915570424872,-0.00015682197574487405,0.0003739116608232811,-0.0002610776114086506,4.729474282490758e-05,0.00021851324619125842,3.079252772271258e-05,-0.0
2023-05-25,-6.198040826059422e-05,-0.00045905721728317693,2.970287336104392e-05,0.0001992923948537737,8.971055503807897e-05,5.809852881683264e-05,-0.0006611515121647856,0.0004097261017782043,0.00025082316107248744,-0.00015554888218831397,0.00018984919671346476,-0.000381374375348477,-3.66984789369434e-05,-0.00033396161641187117,0.00018117478735838336,-4.460686477005712e-05,2.3857330267865403e-05,0.0006139236605383988,-0.000581922028549274,1.5555506792175174e-05,-0.0
2023-05-26,-0.0001456173335981753,0.0005160142003050259,-0.00030615928514239875,0.000256297746115747,-0.00019839497506739907,0.0005899068168141638,6.793895680759686e-06,-0.00037549711736187583,-6.797219849292883e-05,-0.0007257499516683412,-0.00035057444527670026,-0.0006293556268366962,-0.00040852416780017426,0.0001499903153322566,-0.00010013120815481236,0.00014456451569779634,-0.0005227194941130512,0.0010470963582108006,-7.181368612506297e-05,-6.0376811864963704e-05,-0.0
2023-05-30,-0.000597841397087563,0.0001237107244160553,-0.00016254571814275817,0.00014769159989947358,-0.00018058821873223832,0.0001486224754172023,-0.0004961654599540016,9.598746995332471e-06,9.147137630180586e-05,-0.0002739071641721045,-0.00011018114237139642,0.0003124511856413814,-0.0002842807245274601,0.0003264363444627214,0.00028225158024499427,-0.0002585688875969216,0.00024310324860802595,-0.0003429645010453144,-0.0003127856715336983,-0.00031336172774435237,-0.0
2023-05-31,-0.0002363932766969489,0.0010562579679865539,0.0009598716286741284,0.0005448987149894655,0.0005344473758454848,0.0006398891712938754,0.00014845467014704198,0.00033867310249229097,0.0003156715928689499,0.0001616779660768646,0.00026709244635540665,0.0006968147626593565,9.315087088094497e-05,0.00013934535752700212,0.0005014984246441968,-0.000537755245040907,0.00031602861026800095,0.0006166155155655402,0.0005982896210877745,-0.0001895855898418035,0.0
2023-06-01,-0.0006263598777554367,-0.0006796675865594423,-0.0003987673613954616,-0.0005493671050794282,-0.0002133542736504039,-0.0006073682746423872,-0.00048641027047004415,-0.0004825110524369007,1.103032427525946e-05,-0.0006887898214156677,-0.0004850847970302131,-0.0006458869990341339,-0.00028281439420291976,-0.0010095917395013688,-0.0010912920462267921,-0.00039980732076215904,-0.0008855237802102801,-0.0008458373141863185,-0.0007424115168262196,-0.000233075767887584,-0.0
2023-06-02,0.00024371205474004178,0.00029080841214855767,0.000550873913524308,0.00017500247299258033,0.00018871021922379773,-0.00012946823504985107,0.00021495657801274827,-0.0001405042254193634,0.00014077527505182986,7.15343210886732e-05,0.0006208041338169435,5.436380067838087e-05,0.000336219240796265,-0.00021321669487355254,0.00030591162565190015,0.00019026162601616382,4.2117943781250224e-05,0.00020290637697595318,0.0002714395955932148,0.0005603980546221133,0.0
2023-06-05,-0.0003142293908545895,-0.0003329076893806168,8.851385421644713e-05,-0.0003277347084020115,-0.00026607659449265884,-0.0002565093263830265,0.00029332007762827215,-0.0007743341174056456,-0.00020567387203391645,0.00023824075394990375,0.0006703972189528333,-0.00018832461904681023,-0.0002170467116049219,-0.00033507170651566275,-0.0004958928821519579,0.0002359694998606736,9.933647321710425e-05,-0.0004047196477231282,-7.136756712941947e-05,-0.00022868912356920252,-0.0
2023-06-06,0.00032876057258943435,0.0001606224859903596,0.00020886719269311153,0.00016878030833239168,0.0006686605582823664,0.00010569159716075471,0.0007597401685701509,-0.00023535431084415379,0.0003706355192634108,0.000876244044883075,7.413768757562641e-05,-0.0001720601668910433,-1.851046103474562e-05,-4.475887066053893e-05,-4.694558978830709e-05,0.0004155235764979074,-0.0004728066443549326,0.0006913880902123163,0.00017983758460943933,0.0007133414398031558,0.0
2023-06-07,-0.00040772424883219984,-0.0009279416735897968,-0.0002752571459815094,-0.0004923089212998617,-0.00010465203339379164,-0.0005240829023034349,-0.00048718815854742855,-2.051456726991238e-05,-0.00042098963546188936,-0.00019494793611488892,-0.0001487880640674255,-0.0005257781666929934,-0.0009951542245079804,-0.00031724047544473544,-0.0004102997813204266,-0.0006894913496318839,-0.0006152684005374796,-0.00022793739865117102,-0.0005667167788146665,-0.0002310206306032281,-0.0
2023-06-08,3.94990868221058e-05,0.0006085880372632449,0.0007011713422425805,0.00022413594160199856,0.0002433649125964986,2.650465879639393e-05,-1.8803250952577525e-05,-0.0001263644495026114,0.0005519032245187097,7.797643946949781e-05,9.903631049488164e-05,0.0005272836845703278,0.0009249097828027484,0.0003659348789689965,0.0006694338094821865,0.001202825378629281,0.00021071538888748102,0.0004837797091551755,0.0005047076637644005,0.0003220451608842839,0.0
2023-06-09,0.00025486456598589914,0.00046302319516385205,0.0006179238557515076,0.0005583637185383773,0.00012665596044811702,0.0004897058726056826,0.0004951623833516047,4.451719008490935e-05,0.0011766733124513116,0.00038263551462131647,0.0007304659004231594,0.001067967525969361,-0.00037420544471083745,0.00025461661957896993,0.000381631519231345,0.0005006427285369989,0.0006817217118649406,0.00037494234553883275,0.0003645371549821458,-6.103728920972551e-05,0.0
2023-06-12,0.0003492900197131636,0.00025170177277179464,0.0003751083493364096,0.0006835099585827033,0.0006349261761886085,-7.647191903011878e-05,0.0008547158155382436,0.0004042551348544423,-6.997426035931053e-05,0.00015225149474148118,9.533947420567667e-05,0.0001500524011664237,0.0004130384369304253,0.00050191234312794,0.00014961691854916721,-0.0001796068594423629,0.0008613968058903895,0.00040920496280799184,0.0003941722915061307,-0.00032375882486672245,0.0
2023-06-13,-0.0003022849868781555,-0.0005504124807766045,-0.0006784859765210585,-0.0002795894543266018,-0.00038235380247472804,-0.000930367139146841,-0.0005725966338667029,-0.0007506151314543086,0.00011850189187568234,-0.0001089224353640699,0.0006975490167323196,-6.0718895428632185e-05,-0.00039839935575975766,-0.000674896911303309,0.0003512853505093129,-0.0008304351607170263,-0.0002854193801191984,-0.00027821081574821576,0.00013242221149913417,-0.0005953144808160513,-0.0
2023-06-14,0.0008866181612455613,-7.470754977935945e-05,0.0003791623524338063,0.0008664094749739956,0.0001817808119691288,-0.00014928638297486083,0.0005444037452188768,4.5220491586264944e-05,6.643135930871005e-05,0.0003437874290523981,-0.0003624777769757321,0.00036233819499173687,0.0001415747267553041,0.0006649238495341727,-3.607180531176693e-05,-0.000526570029237552,-0.0008664841825065227,-2.4435285635373598e-06,0.0002810912171934665,0.0003627309562847472,0.0
2023-06-15,-0.00011613522464145324,0.0003664262041402519,9.73168196192008e-05,-0.0001302871469242566,0.00016035858269918059,3.494454111576338e-05,-0.00017878648381394976,0.00014036009484129732,0.0005974297625344361,-0.0004424470235678633,0.0008989985220191064,-0.0004704313222599397,0.00011344067224026938,0.0004422604918062767,0.00025905670441871983,0.0003819277528620646,-0.000266032057982191,-0.0004761775748306889,-0.00023277536215801203,0.0009297230118107259,0.0
2023-06-16,-0.000470408174349515,-0.0008428418172341348,-0.0005645331247226,-0.0010990280670398755,-0.00032944215855971516,-0.0007545386610954268,-0.0004452965329697389,-0.0003294254961391494,-0.00020980469978463116,-6.051093535407682e-05,-0.00010205059997722808,-0.0004512133788124662,-0.0006629596365747729,-0.00014010349783579238,-0.00017211133975489966,-0.0006256639602821817,0.0007556854653969007,-0.0009060567056221713,0.0002437680550788191,-0.0004249670746135352,-0.0
2023-06-20,0.00014746699942005137,0.0001735915048517797,0.000953742342193323,0.00024761361298956865,-2.164390939746002e-05,-7.698488164215242e-05,-0.0004157122387004699,-0.00035140201845843076,0.00021513849445215107,0.0003421910862804383,-0.0004159517355590188,-5.3805097901660456e-05,0.00022113544063029163,-0.00023227137144327006,9.723770373176194e-05,-0.0002928167179412519,5.313436862251345e-05,-0.0005575677719987992,0.0003477384612736556,0.0002077115995380944,-0.0
2023-06-21,9.927285415224007e-05,0.0008169333115923429,-0.00044748065641756103,-0.00016290836746057292,0.0005342299374318046,0.0002996465309835062,0.00011215671024259614,0.0001483625501047261,5.6401918924485364e-05,0.0006445316648799117,0.000961292297185889,0.000615824115662137,-0.0003447825622073398,6.619214833943785e-05,-0.00016966376080914864,-0.00011616255168923453,-0.00079919445418135,0.00017107983848079245,0.0003448762109831124,-0.0001846153995750667,0.0
2023-06-22,-1.4277584110832425e-05,0.0006767822688919849,0.0005092067805997137,6.480953652351165e-05,0.0006129240179105977,0.0003429388230256331,0.00012127186284083708,0.00028478870166757464,7.573858493553858e-05,-2.0442582759612537e-05,-0.0001742078068748332,0.0006898692918630628,0.0002670969417125524,0.00041104777623680297,-0.00013274517742885018,5.456330243029838e-05,0.0009659653627192873,-0.00012175062318483976,9.992461449493088e-05,0.00023557059817604716,0.0
2023-06-23,-0.0004852367369159886,-0.0004731151650893521,-0.00025466545090169153,-0.0005594824317052149,0.00024726355477849865,-0.00016749534655530557,0.00026944778729593707,-0.0003706371021783903,-0.00020376178297661635,0.00016451709375555688,-5.808730451680477e-05,0.00018897885780661374,-0.0001767525000471571,-1.5030778587605167e-05,0.00030985969305929035,0.00025000615761574597,-0.00040807600468188606,0.0003852692497094553,0.0003221882658215914,8.271244597512802e-05,0.0
2023-06-26,-9.079072597964541e-05,-0.00010046063238881727,0.00013625704339257654,-0.00022354699105660658,0.0005859674095776931,-0.00035001162161726434,0.0007181814457874004,0.00015260142308840137,9.138898062692169e-05,-0.00033806296983787996,-0.000386623414754593,0.0005202871023298405,-6.0549047237952596e-05,-0.00015742395735667618,0.0004931842700381645,-0.00047954805663405237,0.00028220008195930867,0.00016706701333321674,-0.0006549698147669145,-0.00024635348403686814,0.0
2023-06-27,4.143482640473894e-05,0.0005608273344580159,0.0013555399108156542,-0.0001053550462555368,0.0004390942704657431,0.00020340608673784753,0.00028937946092354633,0.0001578755449287585,0.00036364054812561253,0.0004096216340060807,0.000383334670808979,0.00037651854701937126,0.00026830816093076663,0.00015812155614006531,0.0004441805696942649,4.21928993296814e-05,1.6443020478189983e-05,-0.00022007483472765704,0.0009792584943942328,0.0008899107627908436,0.0
2023-06-28,-0.00025038488388934565,0.00032269591273731093,1.2285072355261561e-05,0.00019011005652311164,0.0006165944650025674,0.0005418547990323415,-0.0003603747075261247,0.0003690049324564025,0.0004273283015673494,0.0004997718029720012,0.00034525632068550186,0.0007604814132585255,0.0002802220422934539,0.00010576598240832789,-7.48281623503503e-05,0.0004936733377088414,0.0010974989592576901,0.000198498227301113,0.0006843540411911101,0.0003060844126853439,0.0
2023-06-29,-0.001041122084181329,-0.0012822592737126114,-0.0010955215540231053,-0.0009026701842652049,-0.00046836939416068803,-0.0004581455878253183,-0.0008784978263713961,-0.000513275859328809,-0.001330645414834765,-0.001049166567989532,-0.0005303201732498727,-0.0007895880112495201,-0.0005989845327105751,-0.0011864623824987572,-0.0007602324409573258,-0.0009743176176691705,-0.0012881767574939394,-0.0014889440892172584,-0.0008940735847767481,-0.00041650520359056906,-0.0
2023-06-30,-0.0004339348890181399,5.0621271895518485e-05,-9.328310119048226e-05,-5.0271088064458144e-05,0.00028938273143982085,3.7883884646922235e-05,2.1390128673948334e-05,-0.00013798777055361902,-7.739067370517082e-05,3.712258604230247e-05,0.0008115614649996276,0.0003121239205459803,-9.315695354371266e-05,0.0009020208048570779,0.0004900826334059295,0.00011618934889558309,-0.0002849992046256377,-0.0004617673693267173,0.00023027082315122023,-8.220754488164928e-05,-0.0
2023-07-03,0.0001559310645671167,-4.3808550211667885e-05,-0.000349427424013391,0.000377920183062115,0.00029764952907597534,0.0003603765823508879,3.0147099651216228e-05,0.00026358062107066513,0.0004087278364732528,1.8396369774646556e-05,-0.00023555561556195485,0.00039526925194151936,0.0002757959623138013,-0.0007211700858105304,-0.00036051464991716515,-0.00020801953437336076,0.0003199806920898623,-0.00020036463079659583,0.00018346916970820584,-0.00016014389735752107,-0.0
2023-07-05,-0.00027495545726854417,0.0001846762926477674,-0.0001759178775344483,-0.0002484204076493135,-0.0002644213824349595,0.00011988314150322976,-0.000540435583963389,-0.0002085527058794223,-0.000154920613224363,-0.0006427803602086391,-0.0014487582469723203,-0.00023457982707343893,-0.00011962376992012969,-0.0008286142935707951,-0.0005577128703607103,6.584688579255315e-05,-0.0006789314437593119,-0.0008162154082592244,-0.0008386179563829864,-0.0007587849799347123,-0.0
2023-07-06,-0.0002855757705362158,-5.770533799210334e-05,-0.00015623283567077503,-0.0005380053567266845,0.0007188806197028259,-0.00013900892811933056,0.0005509919663460349,0.00035085946388180604,3.988486201514252e-05,0.0005184078138002694,0.0002532354644122511,-0.00022879196859882544,0.00014053941632955234,0.00023825480354563896,9.044973148589657e-05,0.00010568361094541046,0.00020079386769987652,0.0006858323324645674,9.345033031401068e-05,-9.038515205324697e-05,0.0
2023-07-07,0.00026243907823568903,0.0007702340109673699,0.0005834147384085392,0.0005621754802484367,0.00016850022230084473,0.000880122871063887,0.00040503536969012556,0.000500350717726794,0.0012563369758966986,0.0002737739889092874,0.00015935435169802485,0.00020702692350238987,0.0005975995664158123,0.00011572142043020501,0.000771902977795733,0.0007914817022313474,0.0006432783746309945,0.0006189842173091097,0.0004817744406171637,0.0008579315512836788,0.0
2023-07-10,-0.00093913636052814,-0.0007520535522521769,-0.0007642743175337693,-0.00025745619084124264,-0.0003559275074182969,-0.0003949367542585234,-0.0003367631754449546,8.695282663829455e-05,-0.0005099274429067286,-0.0002519836067639165,0.0003288469092080516,-3.5344231029154906e-05,0.0004127476010720791,-0.0004160238487203154,-0.00044606041453863467,-0.00011944303191686801,-0.00023659580536646227,-0.0004156584851641647,-0.0003423143911385646,-0.0006105918132815981,-0.0
2023-07-11,-7.185805963905607e-05,-0.0002614674279959746,-0.0005282078452194762,6.46714744330557e-05,2.4526111514341942e-05,0.0004612786151235137,-0.0001732563406636111,0.00023797364187605886,7.00702586710992e-05,-0.0004136834799346026,8.622853954873364e-05,0.00041036710690267977,-0.00040395717371004736,0.00023385048463263068,0.00030720107130079817,0.0003073552811143834,-0.0002894187825923464,0.0006004857386273898,2.2464770796141758e-05,0.0003290945051128977,0.0
2023-07-12,-0.00010866109752533797,1.3983220825823227e-06,-0.00032454879343605793,-0.00025708755593320304,-0.0003823376801719762,-3.2403337274458593e-06,-0.0008611712369239299,-0.0008511886901268511,-0.0007697209805887342,-6.877053736763353e-05,-0.0005106723413301207,-0.00019630320029316917,0.00012709745929424465,0.00010873784089828389,0.0002754352154807643,-0.0005265575683331933,-0.000523020643067641,-0.0006003643259434817,6.353161716970132e-05,-0.00035824714008667096,-0.0
2023-07-13,0.00010348051203681208,0.00019717157407895638,-0.0007162737848991693,-0.00011048154397489565,-0.0008827215937769873,-0.0008965078749753074,-6.676738879310731e-05,-0.0004640295683938138,-0.00032568436553670666,-0.00034783199108385496,-0.0005285466064421768,-0.00029356741730198887,0.0003654768257599286,-0.00027723156812683867,-0.0006726865007031992,0.00022992392043084196,-0.00031339904633283743,-0.00030139618884227813,-0.00012076753601115041,2.328370328521232e-05,-0.0
2023-07-14,0.00016682492265645226,8.494251951527134e-05,0.0009214325100534479,0.00017603235168314627,0.0008929088664434195,8.173253986961986e-05,0.0005002258217803487,0.0003465884330331798,0.001048430481726141,0.0007485021416586803,0.0006230396041009453,0.00048798296237276696,0.0005902905615483711,0.0007379062273230159,-1.2224065017120143e-06,0.0005087137012719035,0.0006166517904779351,0.0007227544910358402,0.0010747534728047644,0.0004909782887687534,0.0
2023-07-17,0.0002165715810014811,-0.00013880215209838344,-0.0006667237350933255,-0.00020811207716394468,-0.0005052920975802813,-0.0005758772117068398,-0.0005123596910049823,-0.00017732993431159754,-0.0002783232822693993,-0.0006037297631984783,-0.000238150696254884,-0.00024490891824346874,0.0005379029401924832,-0.0007399699775884668,-0.00014019933013225625,-0.0004939149513377767,0.00013592556343280287,-0.0005427445814219167,-0.0003787652349141109,-0.0006122823600569923,-0.0
2023-07-18,-0.0003911720985537535,-0.00035150346981586717,-0.00022169022905492122,0.0005439172664304086,0.0001931468988437171,-0.00048792283158325035,0.00011747493138476518,0.00026076351875715736,-0.00040579428268040525,0.0002828454161325386,0.0006362665216129121,3.9325721778138865e-05,0.0007949001660691704,-7.666645540011512e-05,0.0005162868432620785,-0.0006185412971280946,0.00020603453964378017,0.00037660011054504886,0.0002801779673439159,0.0001911551777667653,0.0
2023-07-19,-0.000934899072298858,-0.0005813015219477754,-0.0003604098167756127,-0.0007647890102979199,-0.001013342613729496,-0.0002079954223068385,-0.000561368678155683,-0.0008065111364258326,-0.00021440841176723427,-0.001275721195146366,-0.0005877715959307572,0.00016788462269391803,-0.0006787111492933427,-0.0003409584704433561,-0.0003663726343630401,-0.00047445255451219695,-0.0002729823475212342,-0.00042096840300695823,-0.0008506114114359498,0.00023791233597679758,-0.0
2023-07-20,0.0007517363363589097,0.0008173685801581867,0.0003107387666246431,0.0001653412149323399,0.0007342444729170946,0.0012409511801612528,0.00030364080331589464,0.0012308674263765054,0.0006698315137985949,0.0007269358196782969,0.0010122592653652423,0.0003664801415292772,0.00046317880358286596,0.001205422925172995,0.000950218870012645,0.0010660792764820672,-3.052890952440029e-05,0.0007423730850310344,0.0007676023332103911,0.0006402124139818269,0.0
2023-07-21,0.0007370205419691666,2.1745693957310682e-05,-0.0003428841530036334,0.00014995719606732813,-9.965278067456003e-05,8.404155656126297e-05,-0.00010135471491078692,0.0001396841547248565,0.0004691562942563109,0.00011056116810044533,-0.00030806616446494987,0.000355328391852712,0.00038048219198199537,-0.00016392740509870753,-0.00038907184269868536,-0.00014608579541534498,0.00027553730005629363,0.0008142938034577481,-0.00021734695710340452,0.0005023793456967193,0.0
2023-07-24,0.00012478283105577738,-0.00013269808396577438,0.0006348994720020606,-0.00043482105795092184,-0.0004360984891041329,0.00025366148459163496,9.338318981299125e-05,-4.9110064932872477e-05,-0.00015230815341534185,9.204856540237021e-05,-0.0006467735646429072,7.789129634462335e-06,-0.00028092857194492854,-0.0004429777995592685,0.00011455028560340111,-0.0003799096639196965,-6.812982875396251e-05,0.00011675757746141085,5.499235114512868e-05,5.9087050275951295e-05,-0.0
2023-07-25,0.000150401498786534,-0.0002282127362075986,-0.00017760688570346385,-0.0004267512285951806,0.00022883608922433574,0.0006920294052937361,8.533939598793258e-05,-6.919571510480433e-05,-0.00018889473738774055,-4.2925844966733755e-05,0.00044607003354940963,-0.00026728289680656454,0.0011810186168720732,0.0002822504079907108,-0.0007987273674035874,5.608082212467236e-05,0.0003376326911714169,0.00021720370815193126,0.0005808050143844714,0.0004503648778190639,0.0
2023-07-26,-0.0011441200018553399,-0.0006098942786870681,-0.0004391353093757434,-0.0004929999916332119,-0.0006209754466051127,-0.00032292733556094116,-0.0005820521835988367,-0.0007468469925341976,-0.0004577434320798851,-0.000707323539333633,-0.0005428584757419168,-0.0008382002768310082,-0.00012245781679028284,-0.0003673318960665462,0.00011260895734027903,-4.087705541392529e-06,-0.00012596074950278527,-0.0009441914376063735,-0.0003754368288661615,-0.000656644630772985,-0.0
2023-07-27,-0.00036222137915672113,0.000939389303843216,0.00025240829251406893,0.0008149879733876949,0.00013210107734256643,0.00033529572434325166,3.3873395456252304e-05,0.0002931487513153346,0.0005356966748996005,0.00017978688374927054,0.00023979684518029822,0.0003086096270895252,0.00038376036363717574,8.431176649302708e-05,0.0007937257551883497,-0.0003111999863993624,-3.1702078620041164e-05,0.0004201530078637413,-1.0516480302372971e-05,0.00030025918534580726,0.0
2023-07-28,-3.8672062320590994e-05,-5.9973226866073064e-05,0.0001564775397200823,-9.674307238899303e-05,-2.4656947142807857e-05,-0.00017575106203637523,-0.00012698268972355855,-7.612024414102784e-05,-0.00011244127917230064,-1.7786873530405344e-05,-0.0004317606754439125,-0.0007711464572982936,-0.000631202477033554,-0.000505886694746914,-0.0001639461100529464,-0.00031418741797123494,-0.00012391966619007628,-0.00026048993912158446,0.0002473120089419348,0.00022753253210360615,-0.0
2023-07-31,-0.00017102036726390885,-0.0004037563139554161,0.0001061370548612646,1.038672061685908e-05,0.00022258572991337187,0.00013965096804662255,0.0002636077532660855,-8.277646238565657e-05,8.524549736669475e-05,0.00014644368537237212,-0.0004216483438576259,0.0005833106843041704,3.922220309572941e-05,-0.00022770200496336323,-0.000832877121133366,-0.00040419709136940344,0.00041536658960959077,-9.74507191656868e-05,7.540083006057158e-05,-0.00017973110336712926,-0.0
2023-08-01,-0.0004998983272491411,-0.00024144004741338986,-0.000408421286217729,-0.0008600989102313452,-0.00041088189971187107,0.00017867415490289138,-5.8664040934192104e-05,0.0004490356629845742,-0.0003262420679618809,-2.5560596416730282e-05,8.725378895883538e-05,-0.0002597969063196705,-0.000592613098675133,4.8953540742567616e-05,-0.0001664774201185474,6.389516698553805e-05,-2.627621876924934e-05,-0.00030549934223268217,-0.00016527654567466006,0.0002495093780404611,-0.0
2023-08-02,-0.0001343959894782476,-0.0007164320601770634,-0.0002713719188739194,-3.9884704144399485e-06,-0.0005042497586657813,4.299324344947397e-06,-0.00024032510045988162,-0.00020154066575100993,-8.548607642905326e-06,-0.0004851986722447021,-0.00016392894595083086,-0.000312449442602386,0.00010863868535150311,-0.00027395273409868136,0.00027210428426651664,-0.00020728277593777823,-0.0001924202216185222,1.4697029290910988e-05,-0.0004960512517275972,-0.0005085720219608847,-0.0
2023-08-03,0.00024044747080186055,-0.00015363820878763084,0.00012020119483039515,0.00023342590763038534,0.00020677306708089682,0.0003509161869534442,0.0003075793587509652,0.0001697319732690205,0.00019953108801705024,0.0008383882962299452,-0.00017149198063890104,0.000626614352436942,-0.0006804198432324899,0.0006089554807182081,0.0003870383228109224,7.84686317324045e-05,-0.00022660212501703184,-0.00014763965092470287,-0.00036182365018162327,0.00021904644705858335,0.0
2023-08-04,0.0004089135841194092,0.0005442164597092972,0.00033851479243818256,-0.00015676135393474544,0.0002644505659149677,5.948865170596178e-05,0.0005559968941941151,0.0003625609677615046,-0.00017105342632891843,0.00019503105045614853,0.0003517507793606739,2.7865821571537735e-05,0.0005556495027260271,2.9534817502950695e-05,0.0007738782701636647,1.3860535959942539e-05,0.00026505741507583684,0.0001509463855183746,0.0008514164340778396,-1.3641394241933821e-05,0.0
2023-08-07,0.00023704124702052807,0.00013643798807524396,-0.00022113233429976663,0.00025013922486885354,0.0006964990047320396,-0.00037139698607759574,0.0003624308462847981,0.00012820749584613761,0.00023589073608970597,-3.0297123797891817e-05,0.0005968227286048141,0.00041679428625491057,3.912466886413538e-05,0.00039958544659963503,0.0001256432207411358,0.0004595638778430218,-0.00029677414171104717,-0.00017618719960949545,-1.2824164506145134e-05,0.0011000748036777514,0.0
2023-08-08,0.0004357401037089021,0.0006567742413319743,0.0007029938213406175,6.223463587435924e-05,-0.00037413281707322337,0.0003147245116558203,9.49468210725914e-05,0.0001917766614746871,-0.00013217593780051403,0.00015160586149994167,-3.545472760748883e-05,-0.0001990190032859544,-0.0005849310971194529,0.000100975069404957,0.0007692086681374445,0.00039492372048852213,-5.864488794595722e-05,-0.0006198232094717632,-0.00034187514367287644,-0.00013469805456916255,0.0
2023-08-09,0.00015390867508276163,0.00011557996108875318,-0.000117236637980114,-0.0002215023111014364,3.752114016881614e-05,-0.0002999996845475544,0.0003769337721255481,-0.00029979106396051857,0.00036244009604386064,0.00023946891396546153,0.0005011506348828203,0.00016513052430338498,0.0001402729790042877,7.722249441917757e-06,-0.0005395169800507933,0.0005103182762352061,-2.2535381437302246e-05,2.8610114944772903e-05,0.0002547957688471557,0.0002971611470731786,0.0
2023-08-10,-0.0001547764608340289,-0.00012470366890516047,-0.00011508720210588588,4.089067655830146e-06,0.00029813404226446567,0.00010371891780725963,-0.0001703289531405102,-0.0005546488050045904,0.00019332052264115328,-0.0001746037110863803,-0.0004675098831925148,0.00022769372183774442,-0.00010408516161410963,0.0001806887119754555,-0.00034756751218141914,9.060803145843216e-05,2.5120756972997e-05,4.903038872589466e-05,-0.00046222655959331243,-0.0008155569204335419,-0.0
2023-08-11,0.0010170004661468413,0.0008543110726964373,0.00022357708382442047,0.0010429117938623904,0.0013250923378638946,0.0008891364322745737,0.0007056985321605479,0.0006636247901575325,0.0008090340918973859,0.0005301640362613972,0.0008344757936934286,0.00033129142485270873,0.0005954301897069398,0.00020601356014153467,0.0002188246751316453,0.0011340896262880228,0.00041215205168905657,0.0003495197086925627,0.000787790044213559,0.00021952781472105992,0.0
2023-08-14,-0.0007931380543748261,-0.0013751658342840262,-0.0008805129439352022,-0.0005147210679844262,-0.0007945322624672248,-0.0008321825016817913,-0.000615546178104179,-0.0005083453963773849,-0.0010138615556579533,-8.935294054709235e-05,-0.00037976392092468317,-0.0002499715654756271,4.814430888161509e-05,-0.0006295005840672153,-0.00013924464609567177,-0.0007805491271090068,-0.0005359108749690895,-0.00037498169323008535,3.8426896518400276e-05,-0.00032201992529175776,-0.0
2023-08-15,0.0013660049231708842,0.00042465690759898076,5.1446823942862785e-05,5.480522847407189e-05,0.00010090980097113083,0.0001445831629725102,-0.0001873677155842668,7.423966203254431e-05,2.060646248522138e-05,0.0009749185004794269,8.209223387075454e-05,-0.0004920937534285277,0.00048742866595459354,0.00021373282673490336,-2.790099111736562e-05,0.0005051825519526465,3.863088435820409e-05,0.00022537562075946316,-1.1873549254341503e-05,0.00026321125839383585,0.0
2023-08-16,0.0005402275903219004,0.0003680384802401003,4.766734374372609e-05,0.00032596355441307873,0.0005266131432368151,0.0011214584945673854,0.0005123768519327224,0.00042448179327754716,0.00016453112057755582,-0.0003332195526190264,0.0011150996115374312,0.0008273355205906702,0.0006648459678043458,0.0005224723110999104,0.0007898952062142789,0.001244531239929061,0.0002931732562836254,2.5215224733667556e-05,0.0002807823144235471,0.0002998214854203535,0.0
2023-08-17,-0.00010410082197417454,0.00028372029429460746,-0.00036799780995328365,6.551955927779167e-05,-0.0004400018921521107,-0.00026231758026354807,-0.00011296966561154529,-0.00015760065365760437,-0.0005059294501247484,0.00019947491887821987,-0.0001548927124961509,-0.0004290105327830653,-0.00032055534132420835,-1.2589302515115191e-05,4.601641191197324e-05,-0.0009139060064434256,-0.00015335559249479792,-3.6994661180858936e-05,-8.13785290236978e-05,-0.0003426042192518717,-0.0
2023-08-18,0.0008475647761223304,0.0009659958196709531,0.0002779110379944925,0.0002005271122545698,0.0003656100057531778,0.00020296838248140412,0.0005340822216355356,0.0003750976080791294,0.00043137847180250803,0.0006483335554785712,0.000431364813876469,0.0005978704583381694,0.0007772143955768956,0.0003460344580800917,0.0007488748370553375,0.0004551420205338641,0.0004926311786182852,0.0003889732386230282,0.00020063011190429178,0.0005556218906678957,0.0
2023-08-21,0.0009869489896839727,-0.000113737600551558,0.000508989061276708,0.0004843752848758443,0.0003705316897505453,0.0005627099215715067,0.0006535209939419048,0.0001006047476062191,0.0005960366637183598,0.0003747621921515553,0.0002964375078488033,0.0002495678042636042,-0.0001745936100659437,-5.077663099478428e-05,0.000290806931975405,-8.07288412309297e-05,0.0001690822247137847,0.00040144876715368096,-3.420015684062084e-05,-0.00031042393647444133,0.0
2023-08-22,0.0005894672345857382,0.0007124223311355857,3.0311075806052813e-06,3.9866806282208155e-05,0.0008233626308627427,6.753789054288129e-06,2.5063316797704877e-05,0.00034565139953947967,0.0005150793491250061,0.0007680358595419926,-2.7761358415791513e-05,-6.397786974682496e-05,0.00036557958895326224,0.00030354181882231724,-5.5063538618827834e-05,0.00038602427185776113,0.0003242359789189723,-0.00022688125082774118,0.00023071202825788168,0.0002403836753591473,0.0
2023-08-23,-0.0005865806378197857,-7.946961774044527e-05,-0.00028925795460932747,9.738682258236959e-05,-0.00045227176658388157,-0.00065776075890452,-0.0006151639446355789,-0.0003377170060271396,-0.000134217069865386,-0.0009468601723418731,-0.00039721829614116564,-0.00035235644261536977,-0.00025146558715535627,-0.0005235465993231892,0.0002673605303128285,0.0005281747881536596,0.0003525458896859565,5.856348784517505e-05,0.0006824130500506837,-6.198336559940177e-05,0.0
2023-08-24,0.0004623389158059142,-0.0003765062526998928,-0.00018593033665429226,-0.00025340331270437316,0.0004737785925722665,0.00012489165986738303,-0.00030107695820924443,-0.0002610568144351109,0.00015054516354909343,0.0002338328210114931,-0.00021491176695976022,0.00012553151164051594,0.00040444571042472975,0.0002942779407771431,-0.00020283259266524496,0.0001375019444601726,0.0002010617142219782,0.00015709929811410806,-0.00035160618307252304,0.0003100756382698238,-0.0
2023-08-25,-0.0001847073054273667,1.5653049712874812e-05,0.00028181563620466765,-0.0002506439427002639,-0.00025940439286104553,-0.0003704841770291693,-0.000591588929695194,0.00012971144788011477,6.14280756368728e-05,0.0004042497922837627,-0.000187799145000952,0.00014419819094069216,-2.702764065156075e-05,-0.0001310974792939882,0.00025821970019055426,-0.00013450855302399003,-0.000497958608951012,6.745978232422537e-05,-0.00015010086463836133,0.00023445164585579422,-0.0
2023-08-28,0.0001623106723690498,4.383872876121183e-05,0.00018315895732509878,0.0006421209053853636,0.0002391774767874206,0.00022334305379507964,0.00022998699026902466,0.00010364489724786871,0.0001028754578479466,-0.00013039450854925253,-0.00016716173022298539,-0.00019425031932260734,0.000347728028175426,-0.0002929106313123989,0.0006976021356877297,0.00031709306234569155,0.00037356846911757325,0.00041411934421960693,0.0009660561239138828,-0.0008642274273845983,0.0
2023-08-29,-5.3503850773389014e-05,0.0009381714635442957,0.0003501297159711111,-9.567998220252635e-05,0.0009700353419867044,0.00011143761033006517,0.0001328346870823228,0.00022461028955970388,0.000796673314892901,-9.259228331081034e-05,0.0008313533627233714,0.0005797077970594289,0.0004927137343389943,-1.8393943189764936e-05,0.0003395951947612593,0.0003081645681062646,0.0008579693795009116,0.0006078128128866531,0.0006753703806861625,0.00013576702687617364,0.0
2023-08-30,0.00025390556937729424,0.00017748555810956807,-0.00042975929478355986,0.0002238458366189485,0.00017455124836188678,0.0002972416471977064,0.0003940018660371483,-0.00025246932817098926,-0.00017619354305062248,0.0006396328452951294,-0.0002127620421815618,0.00024907639411797804,0.0006940559808815314,0.00016169318181543464,0.0005775503894142825,0.00012877874905360437,0.00029943748176548764,0.0001573786835426851,-0.0005394519398752569,0.0006603390039624668,0.0
2023-08-31,-0.0005058968392905092,-0.00018026334940640716,-0.0006191327087885585,0.0003531435448325145,-0.00036378031776289875,-0.000182346171154211,8.631184125359372e-05,-0.0005818633928679001,-0.00023086954177551538,-0.0008859025442111356,-0.0005738472069885442,-0.0003795609681144671,-0.0008110570248578879,-0.00014625593129169193,-0.00015527902492394884,-3.468373632501497e-05,-0.0010845597628705516,4.5171728652881134e-05,-0.00032850224359760654,6.519509120223298e-05,-0.0
2023-09-01,0.00028613292927162675,0.0005600697717747774,-0.00020003329075688945,0.00047867052699213363,0.0005005246217894756,-0.0006597787822536204,-8.730447718080629e-05,0.00018181106486015833,-0.00013160848752291122,0.00038774931640733014,-0.00017727270544723944,-0.0002148191578096212,0.00019805932942470417,-3.2192552664050625e-05,0.0005067658411981113,0.0008863589115216942,0.00032067159202814127,0.00010381482099078972,0.00043653525390898725,0.0003993430397676366,0.0
2023-09-05,0.00016373755711426293,0.0006456772753229977,0.0007205701372758665,-0.00020271174767317874,0.00020256403817419107,0.0003968765982371502,-1.966519314881565e-05,0.0009722065921233144,-8.785310018474266e-05,0.0006212601302275299,-0.00018552186087174012,0.0002500320492768492,-7.285827195090965e-05,0.00022331661297181332,-0.00016390105649720095,0.00042047406860588047,0.0007473912924637947,0.00044561963600855395,0.0007695097459309851,8.721661690217485e-05,0.0
2023-09-06,0.0008600296312486568,0.0004660276715070137,0.00037740575041690877,-0.0002574169182709086,0.0003703331370101596,8.732228334275741e-05,0.00037324599833488196,0.00039177195345159596,-0.000285513341647129,0.00032947679191803656,0.0005429072543756458,0.000316039836448218,-0.0005249313727574394,-0.00020636587248109407,-1.6008449476928926e-05,0.00026539969935154053,3.182118576119156e-05,0.00019675864250991333,0.0006824128215225832,0.0004457251592440768,0.0
2023-09-07,0.0009169184203493387,0.0007191611191920498,-8.858270655177224e-05,-4.812520595830605e-05,0.00014250563146581108,0.0007093403674149141,0.0005551197062791654,-0.00025674112704901633,-0.00012873745691051495,0.00041513367273864716,0.0003033859374468109,0.0001935691715275993,-0.0001415575113266679,0.00012231047732681865,5.398197074869574e-06,0.0009294445923664867,0.0012353434227941403,0.0008638063420249858,0.00041760909674511544,-0.0003164621161488659,0.0
2023-09-08,-5.550995200110027e-05,0.00014520165381197631,-0.00026898112072438297,-1.4931343712069646e-05,0.00023019406622829203,6.817926146789386e-05,-0.0007760254472307971,0.0001778053931230859,-4.0417115006737955e-05,-0.00016504038998883108,0.00017038587307803197,-0.0002775036126410517,0.00032894979336497683,0.0004395886159189568,0.0004273115569218904,-0.0007667133434819082,-0.0008529894685874367,2.5441922954107752e-05,0.00018395367159045633,-0.0002653292316613914,-0.0
2023-09-11,-0.000237570067813704,-0.0002008362943482023,-0.0005431979870923587,-0.0001712483736844266,-0.0007452969945469729,9.881757272526638e-06,-0.0001542563394413634,-0.0005256215182688118,-0.0003512749963517344,-9.368043267579508e-05,0.00010168414532284207,-9.087955432334708e-05,-0.0002591819235993763,0.0004889022560590381,-0.0003385362593489727,-0.0002874174276633401,-0.00020521671890934537,-0.000715275569705799,-0.0007274013436918945,-0.00013195494650478448,-0.0
2023-09-12,-0.00037682715872744134,0.00020075861648447072,-0.0005442369955361761,-0.0006664170797201335,-0.0005887461043888306,-0.0004938332816774375,-0.0009959984523385717,-0.0002406397562267059,-0.00032292117672345303,-0.0004914463837489821,-0.0003574526182225812,0.0002044765074687402,-0.0003073163906269895,-0.0003154191307833455,1.7488654271570257e-05,-0.0004976084155504702,1.547173811216951e-05,-0.0001501479998663475,-0.0004878767436189727,-2.4825927983788937e-05,-0.0
2023-09-13,-6.698650101964568e-05,-0.0005017639745310065,-0.00028830557649011003,-0.0007344173544087714,-0.0009345570116597669,-0.0007376806366637976,-0.0006288144242194314,-0.0006628811925737822,-0.0005415353047631804,-0.0006607188403432838,6.308345675960924e-05,-0.0007280010772303048,-0.00017767199472940265,-0.0003049348048269686,-0.0004413368997158057,-0.0005345614840562469,-0.0003984624518147998,-0.000792894656623065,-0.0009181988258486209,-0.000373852277924306,-0.0
2023-09-14,-4.4868270452604605e-05,8.625759968284162e-05,-2.8848017448803902e-05,-0.00020477736930231996,5.078608299581435e-05,6.307620894186558e-05,0.00044207434140840874,0.0007821836236077722,0.0006718420477528008,8.449548205281643e-05,-0.00015069589764415595,-3.2829977350190884e-05,0.00011010430699230328,0.0002121937999915141,-1.765489819422686e-05,0.0002820605507327107,0.00012774142252637813,0.00032781569485484577,0.0004343021266750565,0.00020822381408808915,0.0
2023-09-15,-0.00016996163815831633,0.0006046325091537277,0.0007027455364675969,-7.784974103301942e-05,-0.0005408679881022474,-0.00014507496740628805,0.0010129814197614771,-0.00042150876961636577,-0.00040817670245790196,-0.0005591410098767645,-0.00040684950327324326,0.0009417018334363139,0.0001930053336328873,-0.0006307085269768552,-0.0004940197427376008,0.0003247808975015335,-0.0003886565942517566,0.0002448486435482562,0.00011483292633659779,3.916839661573964e-05,-0.0
2023-09-18,0.00022974959627365186,0.0004707365823947969,0.00032079612873607316,0.0005508372384177856,-0.0003480260064718925,0.00035116777197802544,-0.00020128547877873296,-8.241077177329536e-06,-0.0005383214083832259,8.339698821240656e-05,1.2882717006421168e-05,-1.6443125167914673e-05,-4.8812329318063695e-06,-0.0005224456243453219,-0.0007375590609701216,-0.000301745933724558,-0.0003222730119116555,-0.00033506660222791106,-8.173170894489089e-05,-0.0002274320463518461,-0.0
2023-09-19,-0.0010404174777899659,-0.0008729227676041265,-0.0003682108413385525,-0.001111884641396686,-0.001162891230421935,-0.0008856053063247826,-0.0012542275261486437,-0.0010713878872006424,-0.0010775063016388272,-0.0016836534676302735,-0.0007770130272056676,-0.0012909298904241306,-0.0006244044653365626,-0.001624808973299317,-0.0008777005723242878,-0.000588786497668821,-0.0006243212383052253,-0.0011936868803099174,-0.0002855602100431299,-0.0003507233736583749,-0.0
2023-09-20,-0.0003671634840626006,-0.0005330527002952727,-0.00011157461008444398,-0.0006609627216503045,0.0001661993189646398,-0.0007821651181919205,-0.0005184044533342498,-8.593144729219792e-05,-0.0003544164634306871,-0.00021281035376231986,-0.0002969798301781947,-0.0005178607975299781,-0.0004981551796828325,-0.00018327755684408639,-0.0003944670011038674,-0.0006636157850348992,-0.0010956848924143735,-0.0002980598063444378,-0.00015966388375327428,0.0003055472277572342,-0.0
2023-09-21,-0.00024093065744832596,0.0008788307376608977,0.0001760556153684323,-7.420608428599238e-05,-2.6716013920347137e-05,2.954728079454496e-05,0.0003376397840049882,0.00042674837225615403,0.0004792550467663732,0.000471096110933317,0.0006823188987638891,5.471025771302799e-05,0.0006792463246241071,0.0009844763388081811,4.565009838738322e-05,-0.00012937873167228426,0.0006335811713602275,2.706785627069104e-06,0.0007390541130700017,0.000306938484388673,0.0
2023-09-22,6.671035801943395e-05,0.00010605258460756606,2.9106223470982647e-05,3.95035875961689e-05,-0.0006055099757943276,0.00015661841367307466,-0.0004100397593680154,0.0002617952069772152,3.4351832348022195e-05,-0.0004527642768801766,-0.00014636371869313432,-4.793231404303155e-05,-0.0006038350898333856,0.00019176574034450713,-9.10811758008176e-05,-0.00015499558693523883,-0.00022130900687695473,-0.0004727475625503367,8.707986594474446e-05,-0.0006029943436797343,-0.0
2023-09-25,0.0008018778030640305,0.00023251947066440452,-1.633672755472505e-05,8.745296567368743e-05,0.00018347379312051755,4.7868302931806826e-05,-0.0002134731255788256,0.0003653765297795547,0.0004223073725818453,-0.000319255421319001,0.00021981927980538,0.00021533329277405552,7.525885968039801e-05,0.00012233096754089335,0.0007999876820536829,2.951848095058122e-05,0.0002997792812352357,-7.020243844026581e-05,0.00042245302031922394,2.420957642361052e-05,0.0
2023-09-26,-0.000136060816875347,-0.0005334607606598203,0.00019109466141601652,-0.0006639114774877963,0.00019595514727683506,-0.0004619743887214504,-0.0005195113567406697,-0.0006427715779870328,-0.00041002158397516293,-0.0005113448478655711,9.348875399290112e-05,-0.000611255176401097,-2.1643185221959788e-07,-0.0004192243893867563,0.0001700033487725764,0.0001361539779421026,-8.818367303741481e-05,-0.0001631477071451583,-0.0007846267721581627,-0.00035579224632704314,-0.0
2023-09-27,0.0009528285339177883,0.0005603633445607664,0.0005684974749289119,0.0002651787209432874,0.00035251411749216824,0.0007772255622634967,0.0005294106334819026,0.0014546354428089238,0.0002609431940912723,0.0006101009449200589,0.0005148781923619606,0.0010582698918269503,0.00035131143719422964,0.00028483654790472475,0.0004316983271526671,0.0011508720019168712,0.0017255636659171912,-0.00010986315614212043,0.0007771576634871355,-0.00036694394775518136,0.0
2023-09-28,-0.00034525483449807456,-4.5546341847685556e-05,5.86340411793191e-05,-0.00029252069060776,-4.6429808918972075e-05,-0.0003555681268689774,-9.130315536000561e-05,0.00016483933597298298,0.0005163629365937182,8.29833803386637e-05,0.00014131611209914353,-5.3304587227506804e-06,-0.00018345592625960906,0.0003337562194184833,6.649759887403611e-06,-0.0002502719321999251,0.00046762707767290053,-0.0002911165981012971,0.00013579515089505193,0.0004268449986103687,-0.0
2023-09-29,0.00017510362917391424,-0.00015568208575924842,0.00013538316881251896,0.00017691126484796103,0.0005131610067813947,-0.0006912393012896491,-0.00021438253920495398,-0.00011025409758785226,-0.0008632694905737765,-0.0002926210161457898,-0.000420827524516028,-7.368783563567841e-05,0.0008722299537158205,0.00016196451421327107,0.00032628577613351585,-0.0005494572782454308,-0.0003467970257295413,0.0008953857671348556,-5.907074214365769e-05,-0.00013598297714216169,0.0
2023-10-02,0.0003391656321955379,0.0007461756663363891,0.0013128273079399493,0.0014925002227004173,0.0009294645085400587,0.0003508746211402123,0.00040574276270623715,0.0007546025387888907,0.000648243572934578,0.0006670227971992405,0.0019959956257006276,0.0002309083052903102,0.0011541167772093023,0.0006810709705069597,0.000756165860946355,0.00017673023653066674,0.0014577160067318605,0.0013208306296724971,0.0009338237149500742,0.00036377130916887874,0.0
2023-10-03,0.00035013528721156156,0.000522751644138897,-7.195938867785023e-05,0.0006226557701573322,0.0005787484727792004,0.0005145844091562491,0.00028500273578038195,0.0006506449975342888,0.0005803556587379078,0.0005215381040388656,-0.0001269415773705096,0.00011668533129879367,0.00047942474563468236,4.37058910089827e-05,0.0006760934357459504,0.0001373588591966901,-0.0005198127535916086,0.0008532827778533592,0.00087989858417189,0.00031100849171195044,0.0
2023-10-04,0.00018960986419373283,-0.00021261839664120843,0.0005578712463855279,-0.00011370125327687506,-0.00028558483668699174,-0.00016839854127206197,-0.0004296591506679669,0.0001275960273689857,0.0005776002273363774,-3.75007500426189e-06,-0.0002666948848020403,-0.0005140955687543691,-0.00042116636237444973,0.000128946988229731,3.7147706244422375e-05,-7.99434034484703e-06,-0.00023172891585463635,-6.5887536491038e-05,-0.0001161139073239486,-0.00024576097139847693,-0.0
2023-10-05,-0.00012582350594830886,0.00015552462800022199,-0.00022687517740266114,-0.00039524906273121814,-1.2662473939113553e-06,-0.000707682954270738,-0.000404744888752052,1.2880621074192672e-05,-0.0007548224611281182,-0.0005083852973058429,-0.00035524364312476014,-0.0002243938866887781,-0.0008689414952989419,-0.00021282489097810634,-0.00010782253201590938,-0.0002514302432698563,-9.800150157842677e-05,0.00010334427814533026,-0.00042712420027797473,-0.00014036012608962365,-0.0
2023-10-06,-0.0005849294816479858,0.0003684531815163237,-0.0005808738362508805,-0.0005571224520326758,-0.0005652328688098065,0.00026764304655296203,0.0001377737354743864,0.00025627264586575393,-0.0002347440532803385,-3.139940662044073e-05,0.0006418559876391342,-0.0003905392742651456,0.00015941641366340245,5.297456712744477e-05,-0.0002965711581087686,-0.000524892041164318,-0.00019583761375140403,-0.00022440217483176477,-0.0003341945883647417,0.00019011271242334174,-0.0
2023-10-09,-0.0003118250597433864,0.0004966506089566252,-0.00011475574724203898,0.0004020354494986314,-7.002384653076907e-05,0.000205267084149044,6.698671798319893e-05,0.0004623232975043505,-0.00032892917617112456,0.0004699790867473603,-6.218027864855896e-05,0.0004146851124940899,0.0005845006154401129,0.0004988651656522248,0.0002937341349072262,0.0007647365169601597,0.00024197403870068992,-0.0008109810720863022,-0.0003410178223548091,0.0005970474449138366,0.0
2023-10-10,-0.0005020453126860072,-0.00012394481418014,-0.0005959606434755357,0.0002130760758092523,0.0004728598209069073,0.00011202624491956059,-0.000632601694259031,-0.0003301002593105842,-0.0006506296320311152,0.00016495277660740978,0.00012981701228245105,-0.00022569391689379256,0.00011397746872576276,-0.0006016881824221825,-0.0008079765632052525,0.00020798004663112046,-8.18212776179324e-05,-0.00022284396425429343,-8.254567129014443e-05,0.0002557024940455198,-0.0
2023-10-11,6.53985669799653e-05,0.0001632528502331722,0.0001210403115494343,-0.00026994855619990563,0.0003518191153000274,4.170206089522203e-05,0.0002487846838492439,0.0006485028177643622,-0.00017444817319798745,3.9141447364180616e-05,-0.00030268041478181013,0.0001858610867506229,-0.0007059890322886018,-0.00020887861449059655,3.723858865385383e-06,0.000514472651688382,0.0003387490022240764,-0.0002698186192659177,0.00010048266929657509,-0.00044460035015601813,-0.0
2023-10-12,0.0011190436044448435,0.0004561086261809988,5.177174829254706e-05,0.0008401800559481589,0.0005754308544808675,-3.867561130493952e-05,0.0005544145613544581,0.0011471333291178966,0.0006946529734250051,0.0010052375736960674,5.17393126394128e-05,0.0005813008115333609,0.00046652130270148705,0.00026063100624535606,-0.00029016274635133664,-0.00021820788616417898,0.00024489305177263055,0.0004211105710066741,0.0010176465159641287,0.00038236014558510554,0.0
2023-10-13,0.00044836288414226363,-0.0004722451674487769,3.1500842958548165e-05,-1.947220583626585e-05,-0.0007111604571503181,7.900274104147878e-05,-0.0005049652114245328,0.0002665713132366925,0.0003899598619109791,3.279540856187176e-05,0.0001705293375465966,0.00019738016688631394,-0.00019479044242235783,-0.00020995646872458564,8.124345160906577e-05,0.0004205528587981312,-6.626674420303393e-05,0.0001405858595784498,-0.0003105664518853035,1.0005529870931942e-05,-0.0
2023-10-16,-1.4535932403309366e-05,0.0009014854142063976,0.0010209577973384807,0.0009263742807794459,0.0002260408568214646,0.0009651175582545427,0.0005101209988288928,0.0007002371273659179,0.00046036762683941397,0.00036361169393198133,0.00039349917704454174,0.0009582180875959921,0.0006947557169315556,0.0002549578016080421,0.00031796069534149434,0.0006047596376804914,0.0012500787358676114,0.0012157977991964517,0.000774782146273095,0.0007645744327955592,0.0
2023-10-17,0.0005236989218463521,8.372862225644592e-05,-0.00020113357408471636,0.00013589608703998098,-0.00020516915343525653,0.00043160342127609134,-0.00024062897149220328,5.3062293562437774e-05,0.00026140940422160583,-0.00026803428720080904,0.0001017364618480773,0.0007289770292424252,0.0007003885984277982,-0.00021936875803936072,0.00048331543922877445,-0.00010772997966380567,0.000368290569579559,4.186048480749966e-05,3.8664775045301824e-05,0.00020438824480359825,0.0
2023-10-18,0.0008323380401898304,0.0014442782415374311,0.00040161193654467776,0.0004482163056189493,0.0004376710121267682,0.000765128572231468,0.0007184913626247405,0.00041322544382742216,0.00043277215051282984,0.0005731044073550104,0.0007128128228369794,0.00021059589686963701,0.0007785978883723205,0.00011732831949351485,0.0005442404848336368,0.0005170455286216797,0.00044620072648622215,0.00015388015786180084,0.0005020905255501596,0.0005395201195935549,0.0
2023-10-19,-0.00043771298710579146,0.0006397626473642077,-0.0003416752570806825,-0.0002310446218491337,-0.00032616309167017945,0.000288917692168813,-2.408337404422529e-05,3.917805588770791e-05,0.00029725210833078707,-0.00040243989898203875,0.000762851113032621,0.00040368270032718073,0.00030721667520745616,0.0003798218068518741,0.00012049241357435171,-0.00014034590537225603,0.0002703702332997409,3.643110635376996e-05,-0.0004296955630208544,7.603217746261186e-05,0.0
2023-10-20,0.00016790055531003156,0.0005505588134494889,0.00013418669494399534,0.0002247048479811743,0.00018369255389240102,-0.00033941171664050754,0.00024197615887826845,-0.000515396551470072,0.0006756671771374679,0.00016640351800782703,-0.00016709370173185282,0.00041938081857359716,0.0002605097473276582,0.0003948930195908002,0.0004271752703349641,0.000225233410080822,0.0009333106397372393,0.0004960404681422107,-7.805866104493353e-05,0.0006015363428204067,0.0
2023-10-23,0.00018454788466972153,-0.00011670906761030831,0.0006776362844575438,9.73568700967175e-05,0.0004093081793636485,-0.00020423978203181465,-0.0002559925528823924,0.0003498737941112953,-0.00026659486703360294,-3.519938200468406e-05,-0.0002493577472135479,0.00017725785520480002,-5.288905083966048e-05,-8.741936451471229e-05,-0.00047828877272567565,0.00013377858107199974,-0.0006937071852808797,-0.00023606178144095811,0.00042988935771034196,-0.0002490573816263976,-0.0
2023-10-24,-4.104635918274821e-05,-0.00018620796872081852,3.7610771451538895e-05,-0.00041383250832665534,-9.174029031551274e-05,-0.0005703909387621656,-0.0007259231554864482,0.00018593102318529447,0.00014296625044017043,0.0001761516959604307,-0.0002696604872951187,-0.0001988816790731742,-0.0004894803079785351,-0.0008828560115652952,0.0001719041674085628,-0.0009249350514487387,-0.0006165087687374857,-0.0005109815835521134,0.00011844965225836312,0.00010271675961289491,-0.0
2023-10-25,-0.00032474557680291916,-0.00022961293555150245,4.061871964695262e-05,0.00028845933487366013,0.00020721907748398738,0.0005808068341042862,0.0005981709587894769,-0.00047629793436518926,-0.00029253196018053595,-0.0004100373169641736,0.00013267613933146697,0.0005569722743021647,0.0003283869461880462,0.0007827452110895244,0.0003887012974380614,0.0006520205125132896,-6.687813936259441e-05,0.00031338676136999025,0.00023274802828703083,0.00042825415296053024,0.0
2023-10-26,0.0004915608729721038,-0.00034229242800160427,6.662032455567225e-05,-9.730469625105712e-05,-7.295968653202676e-05,0.0006807773282542357,0.000495428362296606,0.0006162886170276046,0.0005103420603452792,0.0003157521135030009,0.0011656940660241255,-0.00017481062426964766,0.00021509653878978524,0.00013505562837442267,0.0001050526416441904,0.0004194573534600185,0.00035484011436829184,-0.0001166852677869093,0.00044368513346112646,0.0008123311351876075,0.0
2023-10-27,-0.0007281475459315163,-0.0002989744718894374,1.5614514017937052e-06,0.00028841268333657443,-0.0005444604203178047,-0.00031998650679398527,-0.00023727101534372913,1.4434844954557107e-05,0.0003787919227071233,-7.340541613581637e-06,-4.432997226666086e-05,-0.0003412061628712212,-0.0002717223239512208,0.0006071201927304625,-0.0003335488822988295,-2.2110123380549585e-05,0.0003526560629652775,-0.00028549772741455086,0.00027750330556829226,9.62221841807738e-05,0.0
2023-10-30,-0.00042518104679993904,-0.00038295645481296273,-0.00030238097782094627,-0.00024621797789082216,-0.0007595024862979465,-0.00037367457749901573,-0.0002776666460976899,-0.0004441944102748402,-2.9669065010226755e-05,-0.00034130526697035937,-0.001243007780151762,-0.0005614677842306336,-6.952618165474882e-05,-9.103813638399602e-05,-0.00047759438407312006,-2.7571873626470293e-05,-0.000623014100237183,-0.00020446011373442206,-0.0005168336988498227,0.0001565172875869345,-0.0
2023-10-31,2.2225215144091007e-05,-0.0011462134535483958,-0.0005109520782890122,-0.0008008580878756927,-0.0009244022867241793,-0.00029064675852571607,-3.351135513549354e-05,-0.0002122307421486504,-0.0008038635231326674,-0.0003257225850695293,-0.0004392980460312909,-0.00040550477413533304,-0.0011607516439320672,-0.0004507369123210198,-0.00040541036941577866,-0.00025083838339368423,-0.0007019109992509188,-0.0006373368308814583,-0.0005216040524072122,-0.0005067838106931331,-0.0
2023-11-01,-0.00038463841092705993,-0.0005953994571626524,-0.00020430406446093544,-0.00047281830073629336,-0.0003500554958486725,-8.00007586869163e-05,-0.00036578821080508034,-0.0010561647330238296,-0.0004717971431090423,-0.0004066251676150454,-0.0004308233337560339,-0.00038257743814132904,-0.0005795416421395439,0.00031702086618658524,-0.0007609364000397416,-0.0005712755384218515,-0.0008463598191294867,-0.0005060227290243932,-0.0006140992658927693,-0.00028778309488605404,-0.0
2023-11-02,-0.0006643123341097069,-0.0005763487532165713,-0.0008233908131441704,-0.00016367987336158855,-0.0003553241600804558,-0.0010761505790766292,5.5179773710800636e-05,-0.0004936214053887556,-0.00038392289604496926,-2.411058936807598e-06,-0.0005740487619807444,-0.0007486937346675273,-0.00027502205438316164,-0.00029110109852867886,-0.0006495854824247638,-0.0007601840100156022,-0.0008194760738925556,-0.00048411708944821614,-0.00043057249335241025,-0.00022192977883452316,-0.0
2023-11-03,0.0003459333545579583,-3.9422073969074866e-05,-0.000297494396576121,-0.0004073980142471723,-0.00030274818925805105,-0.0007286859712916815,0.001068728404208643,6.371570780180371e-05,0.00019137157983693213,0.00047591684190616024,-0.00021524020821828683,-0.0003092558541061304,0.0004664986201525508,-4.4188474751549255e-05,-0.0001705755783079902,0.0005576537851225552,-0.0001923063940772492,2.1235373645959356e-05,-0.00036722275196205453,-0.0003195295620137263,0.0
2023-11-06,0.0006637668644256326,8.844698736866187e-05,0.00044418771597482285,-5.449298457098565e-05,0.000370845610765927,0.0003248481508978436,0.00028510272643477266,0.0003488872131806283,0.000363024278443592,0.00109129846367019,-0.00014135968394415085,8.988609115143426e-05,0.0004920639333824351,0.00018397762175195785,0.0002478567474025213,-0.00019854865551094205,-0.0004324195719939061,-1.8437989312760514e-05,8.733201867487267e-05,0.00018263931766279267,0.0
2023-11-07,0.00046568482561770973,-0.00011744376690217602,-0.0004042527300421088,-2.2672942994129562e-05,0.0005155405503854385,-0.0008631931312147188,-0.0002092058572430107,-0.0004789809908627707,0.0005061812068262007,-2.287798687567588e-06,0.0007474318669176081,-0.0005885098727211523,-0.00023821370898101079,0.00036359301357842815,-6.610257576385849e-05,-6.725247484385411e-05,-0.00019042217357763627,0.00011612565678839292,0.00017707067756597984,-0.00023189064259451387,0.0
2023-11-08,-0.00032880531613169547,-2.4138428030037946e-05,-0.0003667176678804496,0.00011819477261596814,5.814407966773092e-05,-0.0005488266919366241,-0.0010032657104515274,-0.00046883767671781503,-0.0011023741173438544,-0.0008001969609617036,-0.0005175479306477838,-0.0007102806825206746,-0.0006551663502557507,-0.0008239182561149682,-0.0004537856448187735,-0.0011176139022599718,-0.0009685678283731939,-0.0009476963602031133,-0.0007478044120966359,-0.0006441661484918558,-0.0
2023-11-09,0.0003395913113196844,0.0001844774748481048,-5.2578346340859147e-05,-0.00028576208691088783,0.00022684461841561123,0.00015271381949870673,-0.0008413039686064901,0.00032197744524284204,-0.00013354174341253486,-0.0003999473929686178,-0.0001159367096987268,-6.671776416536778e-05,5.454187544407388e-05,-0.00018175180977438672,-3.708862834587763e-05,0.00012087590284996242,-0.00010190753606359649,0.0005252349907671951,-0.0006559067965282057,-0.00023307158456512138,-0.0
2023-11-10,0.00022398566486662788,-0.00023873851769878578,-0.0006727242415651629,0.00013343981199005563,-0.00010457068303065264,0.00037816874810013155,0.0003991770463676531,0.00010276004160305853,-0.0006362791559466214,-0.00022813245958484138,0.0007065229092133424,0.0001108705660170204,0.0005141474648678195,-0.0002501602294095869,0.00010005816873101286,-7.354351682410459e-05,0.0005344921804467622,-0.0001814578460467256,-0.00016969141866866386,-3.0123334633347477e-06,-0.0
2023-11-13,0.0007123956136019059,0.0005706528132241706,0.0006147360789927611,0.0006867535315569931,0.0008736121476263379,0.0003633516531019197,0.0004749821129570567,0.0005152760783423853,0.0008054480683555604,0.0008605627436049165,0.00029287622665625303,0.000633549358178819,0.0009381274771288711,0.00032697953947581404,0.0006779061790034038,0.00015289559630818564,3.3556875408605226e-05,0.0008042815996689137,0.0007646577501654194,0.0005587797357455604,0.0
2023-11-14,-0.00038701724811333573,-0.00041431211281267057,-0.0009687106507947783,-0.000613480898573174,7.268265242544043e-05,-0.0003348785572400604,-9.750543431356655e-05,0.0005411894897028792,-0.0002084998417181487,-0.00010143172685121329,-0.00019394988814461645,0.00021935974210626725,-8.05258653859147e-05,-0.0006412275632989437,-0.0004709455322324543,-0.0006923011432034665,-4.616151652657076e-05,-0.00014667738953928828,-0.00035503764355412855,-0.0004949924317119444,-0.0
2023-11-15,-0.00019464581918543882,-0.0003733500514758234,0.0001332469737082628,-4.776078456445157e-05,-0.0008387177769510323,0.00011960843416918378,0.0002767857847463039,-0.00043694016341133554,0.0010685284262141068,0.00013633238960888432,-0.0005479444227762828,0.00017747167124244098,-8.42277999652977e-05,0.0005086896740882185,0.00013461274127511046,-8.600642636447895e-05,0.00046450182492955016,-0.00022974673582579436,-0.0006806510860541753,-5.0553846997287664e-05,-0.0
2023-11-16,6.0700811165667044e-05,0.0002124586038081944,0.00038198900194130915,0.0003261358149555472,0.001025169241749798,6.912922142481222e-05,0.0001067848793656541,0.0007636390751688673,0.0008611034533801543,0.0002587984961358951,0.0007470313329247965,0.0007328002845758567,0.00011189262005763728,0.0008323108865631785,-0.0004771168468682354,0.0005649375966559844,0.0008029050260856728,0.00014471225024446406,0.0008150577793205203,0.00024011393771330828,0.0
2023-11-17,-0.00020899433079966487,0.0004800670683569762,0.0007513683651393504,5.99979457729413e-06,-6.144739571028324e-05,0.0004342322672649025,-0.00019742263884825774,0.0002206846019205076,0.00025486710089638406,-0.000102433757545818,-0.00026799250113308993,0.00025762629253337074,-0.00037134784517718806,0.00021449851534100886,5.5622346370066e-06,-0.0005317452767078239,0.0002475801352841374,0.0003852480313226311,4.378088385909586e-05,-0.00016715410083428778,0.0
2023-11-20,6.577271279133047e-05,1.602404342823477e-05,0.0005261248900592025,-0.0004170691958433069,-2.5047137346834433e-05,0.00025092801824969183,0.0007809347403224071,0.0008870932104229499,0.00026091203511952277,0.0008703809008018792,0.0003280926466114853,0.00035008946622501345,5.869593984287056e-05,-2.8848481990244614e-05,-3.601597083638942e-05,-8.061098691190803e-05,0.0006164021475262967,-0.00033585125674399826,0.00027402927801895916,-0.00024843126603806855,0.0
2023-11-21,0.00012433449978953805,-0.000343879794694806,-0.00032873787254276895,2.832818453884209e-05,-8.930184504273157e-05,-0.00016931311767179446,1.307829103036896e-05,0.00017896764247118293,-7.609164480926872e-05,-0.00026397718225651124,0.0007237165897415768,-3.999561905795433e-05,0.0002869800473709085,-0.0001560128497664833,7.715373463238404e-05,8.928642053939987e-05,0.00025828861788420053,-0.0004038140739677308,0.0003926803239682928,-0.0005688003098250143,0.0
2023-11-22,0.0006158937495948768,8.152849708058199e-05,-0.0005963353529884418,0.0004061725371788837,0.00021516352617169013,0.0001422249062288398,-0.0001363241415014123,0.0003204132997258294,0.00014821941089758904,0.0006140891066459889,0.0001327608593836483,0.0001326647182190781,-7.983519727115432e-05,-3.0668399950004076e-05,-0.00012152553813285375,0.0004986958448012839,0.00048796868073223537,0.0003051587176347662,5.3359911260189474e-05,-0.00013401683927881193,0.0
2023-11-24,0.00021509827239559465,0.0002606953024883869,-3.9790142250372265e-05,0.00024069646768647837,-0.0001705048985733668,0.0001684009944997695,-0.00014505550856218794,0.00041733796448373517,0.0003305680914279614,0.0003805970114943745,-0.0005542799463417631,0.0008962645853077826,0.0004310629573407619,0.0008455840235144353,0.00040331787451433935,0.0004981634929380123,0.0002671473933387218,0.00015075568322653698,-0.0004365617558206623,0.00039094612692266664,0.0
2023-11-27,0.00013396277722113703,-0.0009001287016134904,-0.0006217083337288365,0.00015874935531798981,-0.00032730333442529684,4.984447294720844e-05,-0.00027310828002152814,-0.0006196200102189414,-0.0009417948125924669,-0.0005001655755444807,-0.0002093996706143478,-0.000249401587438374,-0.0005107598013251013,-0.00012056229610530464,3.1657288280036987e-05,-0.0003690839902319079,-0.0005988499836596335,-0.0004621383163452281,0.0003802465620529575,-0.00027705515892390004,-0.0
2023-11-28,0.0006547441613178141,0.00023097435834573498,0.0008470919093855158,0.00045417714231246915,0.0004432815201231929,0.00012152968207889042,0.0007858116684664708,-5.517829225207097e-05,0.00032755738842785213,-0.0001705362192913072,0.00042116185391581184,-0.00021837326198230706,2.7459854792924e-05,0.0005189269425160916,-0.00022909555651352766,0.0005817339025934536,0.0006616919353663998,7.524144920937753e-05,-0.0005117707177965856,0.00024356655506384424,0.0
2023-11-29,-0.00048264555331398504,-7.349433139948187e-05,-0.00036886224679567517,-0.00040153337448673126,-0.00030955731315380927,-0.0002907296567739142,-0.0001419784175172913,-0.0004921194665422385,-0.000352345891132183,-0.0006416931454147862,-6.433796095053708e-05,-0.00013610131415833855,0.00011518524927697965,-0.0003145478209646495,-0.00029264640519061454,-0.00047714864895920863,0.0005410835821932175,-0.0006438247818581391,-0.00047869945438745916,-0.0004967082272283662,-0.0
2023-11-30,0.00031913323625130285,0.0002497565943569249,0.0004076933331105095,-0.0001227694848601746,0.00023564686925794966,-0.00011651131276583913,0.00016441391969884605,0.00044555232669579254,0.0007279068555935233,0.0002500800413014424,0.0006204804781536991,0.00040714587525602486,0.00037366944929584936,-0.00021634248055969006,-0.0003413396892477326,-0.0009667002012755132,-2.2604621010439936e-05,0.0008363195133216994,0.0005297174000465097,0.0007342172028301851,0.0
2023-12-01,-3.1339834409315974e-05,0.0008186236939604718,-4.2933146959920176e-05,-0.00011427347091329174,-5.939991886658743e-05,-0.0002628956885223275,0.0006241714201170232,0.00014166505174462884,9.521240517602343e-06,-0.00027042682589073096,0.0006007275352931651,0.00011075516664107664,-5.326886415101053e-05,9.191173728912733e-05,0.00021447016252544536,0.0005301229780246977,6.475826254524163e-05,0.0004051781642963999,-0.00018273932206404404,0.00010866465650488483,0.0
2023-12-04,0.00029543549823366497,0.0002705762541154733,-0.00023019568559201628,-0.0006819907305717745,7.54864186681359e-05,-0.00010727558752534618,0.0003212092430458836,-0.00023966927503525921,-0.0004352529385341254,0.0003767315619058854,-0.00021314100800314266,-0.0008247329726155553,-0.0004580049452668934,-0.0005438535006640878,-0.00033060114456523465,-7.132795786535252e-06,-0.0001281122171267302,-0.00045582213188640207,-0.0003906581394534593,-0.00036635189799589244,-0.0
2023-12-05,0.0002236627936651752,0.0005108442492070902,-1.2514664507242437e-05,-9.367099725288345e-05,0.00037071035280028547,-0.00031558025824567884,0.00011706191484890548,0.00047882162704499176,9.245237935058523e-05,-7.471383256975164e-05,-0.0002318612513470143,0.00044360776084074284,0.0003293276508778598,0.0004144148454421128,-0.0002818570155346981,6.49724528521491e-05,-0.0005160429876861656,-0.00010996927172389145,-7.666602450638972e-05,-0.00036978551244780335,-0.0
2023-12-06,-0.0005936495823904708,0.0008261820229951084,0.00021784680888954023,-0.00011649538449338695,0.0001818569685594189,0.00011054903386499982,0.0008121369899455138,-0.0008697136906636082,-0.00014250141911694288,7.67942641084798e-05,-0.000557297149038338,-8.819000894015064e-05,0.00013777079409674014,-0.00043129166467500686,-0.0007607007518848273,-0.0001668936889570545,-0.00046140943005890095,3.9497029579062864e-05,-0.00023083945920616126,0.00042555595891371367,-0.0
2023-12-07,-0.00023906549596705793,-3.056014155865656e-05,-0.00018653972297046282,0.0003015404255725964,-0.00014767421713359958,-8.741063691219432e-05,-0.00039278632905748265,-0.0007424263127892922,-0.0003388242267395541,-7.888875798340692e-05,-0.00047637520645872687,-0.0004015049105528922,-7.145355202343653e-05,-0.0004917448895174124,-0.000319632802658941,-0.0001893545001126153,-0.00018496402650745107,-0.0006326374204479266,-0.0005903872693748264,-0.0007843020983481778,-0.0
2023-12-08,0.00048528691149676443,-3.825286137403057e-05,-0.0004668922177798732,9.105144113113546e-05,0.0002396781878973768,-0.00036257151657051673,0.0002987380250466142,-0.0009513176117697394,-0.0005382924414453521,0.00048193379197045263,7.16417753594947e-05,0.0003198926126804355,-0.0001574971344670709,0.00018887203101236767,-0.0004874595673699474,-9.164921733299846e-05,-0.00012470618170319463,-0.0002857018543732304,-0.00031153768959677435,-0.0003677661674209013,-0.0
2023-12-11,-0.0003732917659241007,3.856758438192347e-05,0.00026382079653497064,-0.0006082349660072466,1.0319192625623547e-06,-0.00022848698910305296,-0.00045741375769594005,0.00011500788657791477,-0.00035326021048621054,-0.00047025327011107257,-0.0007638562644932168,-0.0010141937184953546,-0.0006927835171347891,-0.0005457608645986179,-0.0007975480322508144,-0.0004071007819936415,-0.000293352623800957,-0.0004015825942125213,7.088897414969864e-05,-0.0005721869662480497,-0.0
2023-12-12,0.0002564887051239634,-0.00010536983275061105,-6.935242514469148e-06,-0.00040735492934514475,0.0010687381498637085,-0.00017384742697567588,0.0004259736972494406,6.027922173502302e-05,-0.00010556057813818407,0.00013633804777481008,-0.0002233970036543177,0.00013327576274262085,9.063128343733111e-05,1.8810827349344174e-05,0.00015432144537157758,-0.0001335415276259931,0.00010343119232775917,-0.00020925363224516102,-8.933434942915637e-05,8.176139221833492e-05,0.0
2023-12-13,-0.0001282934279003236,-0.0002928747455313468,-0.0004813979900394866,-0.00038472992293093686,0.00011562146764546449,-0.0008747223843800735,-0.0004207637829754276,2.0911279919392214e-05,-0.0003857149167146857,-0.0008303139652114049,-0.00011649143327507168,-0.0005011960705033268,0.00017638575800960722,-0.0012290961324511647,2.1613340139455804e-05,-0.00029003816513807233,-0.0003527574784075631,6.54853536123221e-05,-0.00013902052474065016,-0.00018863764340977564,-0.0
2023-12-14,-0.00016205912279304452,-2.3208047396448127e-05,-0.0007916459058544973,0.000482511749143452,0.0001847114595624793,-4.3569657117630104e-06,0.0003808338811828153,0.00016343553008730198,0.0004520964966765854,0.0002451053225025499,-2.111961730340148e-05,0.0007170519079510006,-0.00011499813492639947,8.919059327255819e-05,0.0003319405727896216,-0.0001039569437949208,-6.250812217737327e-05,-4.475455906416158e-05,-0.00011373703600709283,0.0002244985623433621,0.0
2023-12-15,-0.00014963450827876863,-0.00019515548923639762,-0.00010247809916103971,-0.0004008162119170377,-0.0006872628300703278,-0.00033723351379877516,0.0005344880618203765,3.202515710771988e-05,-0.0005550307212586076,7.500514717638407e-05,-0.00019068464747544483,-0.00024032109520697966,-0.00031158748240813015,-0.00011435297196490046,-0.0008045507085494796,-0.0007233982415423426,-0.00017037658738616954,-0.0003599450763161347,0.00015675202364294328,-0.0004463601194016855,-0.0
2023-12-18,-0.000654811228964104,-0.000400187550097918,-0.00011710882347731314,3.6093003016702144e-05,-0.00025881499783033003,2.8621298877978108e-05,0.00019098335795331744,-0.00019559044207868382,-0.0002265964286157968,-7.863510545150898e-05,-0.0004267424879414914,-0.00045558046962897115,0.0004222811407257962,-0.00036334482263782725,-0.00019359413542280443,-5.815598032257961e-05,-3.773387727880217e-05,-0.00011025899546367853,0.00017381226747592606,-0.0006300546921643981,-0.0
2023-12-19,-0.0003931143514086651,-0.0004283275330033277,-0.00013382899529000515,-0.00023212962771723873,-0.000301766266499476,-0.00011552758592915638,-2.935028925005117e-06,-2.5878327975902183e-05,1.940264748683338e-05,0.0006588782276382246,-6.672499667710691e-05,0.0002272402250545612,-0.0002814165335170066,2.5358950550211243e-05,6.59268787566833e-05,0.00017159473950928496,-0.00047150117164112973,0.0003783365169834118,-0.0002011728972567604,0.0004665200956343291,-0.0
2023-12-20,0.0007560908383863878,0.0005400945640605642,0.00023336152232392244,0.0006222969607052157,0.000583407523213044,0.0006822027867099688,0.00011250779533062011,0.0004633543465588838,0.0002768684219820257,0.0005825674255231379,0.00010269369895667956,-0.0004836990196636807,0.0003363828064978241,0.0003604085859495028,0.00031657937822196416,9.70261558396419e-05,0.0005100611716569835,0.0003424835065771503,0.0005992332657903226,0.00046034050359453364,0.0
2023-12-21,0.00022524868334530867,5.149597966829254e-05,-0.00010245620850573374,-0.00045996713082930543,-0.0001553753696303203,-0.00024303930968131368,0.00017413112244095354,0.00021394532104137792,0.0009907222525400695,-9.575294167280801e-05,-0.0005466195858845925,0.00027042328536129996,-0.0003799093137142953,0.0004652327359836361,0.00020376570241823812,-0.00011866484676292601,-0.00011818471683032969,0.0008363855073744283,0.000631608377281317,0.00029146095702460215,0.0
2023-12-22,-0.00016289251255562507,-0.000756692656286463,-0.00018061127758897997,0.0005002164261867205,0.0003810454131010374,-0.00018259098134073767,-0.0004334867447729541,0.0005318592484668928,3.2991089972706494e-05,0.00011005299442520678,0.00026637223508003727,-0.0004886903488415637,0.00016467467979085662,-0.0003049103103486043,-0.00019976384322104983,-0.0006371900575614466,0.0001704548524359518,-0.00018163189963390301,-0.00040969503990204403,-0.00028688371389868977,-0.0
2023-12-26,0.0003050961652503218,-0.0003738300670486859,0.0003018635274189408,-0.00024395328844204514,-0.0003615561287626988,0.0007065025965695739,0.00048220971400016383,-0.0004260678578193001,-0.0002898907268420934,-0.00038481658992201836,-9.440622521840953e-05,-1.6573931119923564e-05,-0.00011534380419563043,5.886798964128254e-05,9.865484270344025e-06,-0.00030731243324877633,0.00012744617210627167,6.77547622088821e-05,-0.00022608834549411942,4.0224486841737944e-05,0.0
2023-12-27,-0.0006178823383520074,-0.0010047744504994866,-0.0003574784992571711,-0.0003050270864632782,-0.0012167469357148954,-0.0012550302489095038,-0.00030277176106204104,-0.0006074242511397544,-0.0008744317904014082,-0.000899651919716778,-0.0006419509901828367,-0.0006539675685973226,-0.0011372437212514189,-0.0010742590085040732,-0.0007859324376161398,-0.0009989420138766176,-0.00044021737020075895,-0.00025789092935689655,-0.0004550249964429692,-0.0001716337817093429,-0.0
2023-12-28,-2.4781814162498643e-06,-0.00031993196314686833,-8.741761179129438e-05,-0.00010226459733386799,-5.6430957880631896e-05,-0.00016241831586515386,-7.51760636864884e-05,6.245653568731762e-05,-0.00033305134328832594,-0.00044895096196396816,-0.00023783144380618295,0.0003049169654401678,-0.00034013307372809443,-3.786284259163517e-05,0.0001993702238464923,0.0003212411897587123,5.425377140806586e-05,0.0006740040297092263,-0.00046278471220500525,-0.0007751173171176955,-0.0
2023-12-29,0.0008133320426087327,0.0007154985926927802,0.000893976784428222,0.000524787411174647,0.0002813926017806729,0.0001862770759465517,0.0012374272862881398,0.000583137491248047,0.00027219338961054603,0.0005874500389815372,0.0007197646642150765,0.0013171806384399088,0.0006335065717839125,0.0004047162032385654,0.0007745186651377025,-4.185952427501485e-05,0.0005411894394458109,0.00048547395502158096,2.1280963338549688e-05,0.0008166027506243146,0.0
2024-01-02,-0.0002182046021693644,0.00012021125460636907,1.4710917128457066e-05,-4.2087106465034466e-05,-0.00041278000196020117,-2.5432502456819454e-05,0.0006276437283930397,-9.722010803975064e-05,0.00022583853742430933,2.175540882777487e-05,0.0001519745497744453,-0.0005809240788724431,-0.0005080151445582378,0.00036595017389744894,-0.00014762607385785653,0.00019437327652140264,0.0001555951646551823,0.00048741897561127855,-0.0005130794944319204,-4.355329709956115e-05,0.0
2024-01-03,3.8383429311550355e-05,0.0003971134674621289,-0.00015221355897587215,0.00011372729213543484,-0.00019870879688427815,-0.00012779093323522225,7.664199682350101e-05,-0.00016288501217616154,-0.00036301262233785477,0.0004460540649618093,0.0002139984064183586,0.0001804721691500921,-0.00046076967992226257,-0.0001943916452686378,0.0002884680330990762,-6.855577572679736e-05,0.0003190067478992641,0.00032086220209713844,7.62232218211589e-05,0.000169860254968579,0.0
2024-01-04,4.9424926223174655e-05,0.0004251719005006815,0.00022726940238239105,0.0003192934471550857,-0.00010726782109243428,0.00036820004847635385,0.0003568758903829964,0.0006913386440085117,4.245442528102699e-05,0.00012504455212066038,-3.372720798218652e-05,0.000932090360456578,0.00035088858941666163,1.0370875864910888e-05,-0.0003423684329405556,0.00036973640182256227,0.00020199787814160035,-0.00010813766845022094,-0.000554030581188752,0.0007432823741155221,0.0
2024-01-05,-0.00029798180218519436,0.0006383888962652092,-0.00021900504024612241,0.0006287412186458586,0.00025669814041958354,0.00034539353791424623,5.024338294442153e-05,0.00023255520447427037,0.0006485433861140803,-9.547035596971444e-05,0.00023828705833434704,5.644848928969703e-05,0.00022903791421490638,1.953651111208134e-05,0.00019494208994961628,0.0006648755846632828,0.0002940951447329944,0.0002495035784310911,0.00011317491981135943,8.996044781285123e-05,0.0
2024-01-08,-0.0008644150443466997,-0.00034784101902589815,-0.0004668581530419809,-6.198443814628338e-05,-0.0007633312648544511,-0.0010134243107830982,-0.0006495245430229998,0.0003009934301543759,-0.0007339786914137138,-8.280799408913916e-06,-0.00040769553025071353,-0.0007871032962442051,-0.0008679354942039617,-0.0005377186277433718,-0.0010211970677285712,-0.0005701407562130237,-0.0006825924126186362,-0.0005682353970935659,-0.0017257325947359775,-0.001515704390948929,-0.0
2024-01-09,8.160207308358966e-05,-0.0004027906358234352,-0.0009972374679046113,-0.00035813425364959885,-0.0006464164990530587,-0.0006685373606745191,-0.0008436527548158945,-0.0002880708377186877,-0.00022982678230690947,-0.0015165769051913114,7.53391664076688e-05,-0.00038767872909945423,-0.0005718377513672373,0.00022785156538107862,-0.0008500882898108201,-6.982334546033627e-05,-0.0011096783054354033,-0.0008283857326110195,-0.0003006055667556507,-0.0008422977394429664,-0.0
2024-01-10,0.0001976753487384235,0.0004620228491921299,-0.0002902857257514817,0.0006824289081584931,6.149795621269392e-05,6.360543041487629e-05,-0.00010269186185890664,-3.8387549788637024e-05,-0.0005258602979693241,7.709744470382406e-05,0.0001742393241224882,0.0003593816171839675,0.0006643420639630604,-0.001165900064165864,-0.0004053857173044497,0.0006195385623913649,7.555877433583689e-05,0.00012108317215016094,0.00023263896854125812,6.776689658051429e-05,0.0
2024-01-11,-0.0006562272988704258,0.00013158414501894346,-0.0008789294362242445,-0.00016889388964535837,0.00015767012941007356,6.338132069720357e-05,-0.00022933882156563425,-1.519903683053874e-06,-0.00032137788223862745,-0.00011801820036442094,-0.0005562403273253852,3.5962534512372425e-05,0.00025364976459068715,-0.00020750572851889037,-0.00041175078342399306,0.00028525221083404266,-0.0006350183471026694,-0.00016639172457108214,-0.000261004549806454,0.00037734622139048925,-0.0
2024-01-12,-0.00016437346142022177,0.0005260165284099098,0.000299062337902965,0.0007798669670708436,0.000879786742332036,0.0012204142002119104,-0.0002063341726149024,0.00042382289898981756,6.17117190941461e-05,0.00036707671384270216,0.00047142135060982267,0.0002531242498700887,0.0003377780149828366,0.0007675835306221117,0.0005689581603869905,0.00014305569285623178,0.00017203637576054245,0.0005021896621360923,0.0007604735390567556,0.00023627662318852097,0.0
2024-01-16,-0.00011928578614244083,0.00037812759952025556,0.0004604554760780478,7.020534108741303e-05,-3.130006887372541e-05,0.00016507353401626514,0.000116178150537539,0.00039894141093582426,2.1478638258901277e-05,9.145699108437277e-05,-0.00014240036393002982,-0.0003715228955058511,0.00020399181922240334,-0.00025955446253551103,-0.00010693041248759137,-0.0007998668034531174,-0.00037872414146859773,-5.8468570478409287e-05,0.00019040534627670026,0.0004562197775849926,-0.0
2024-01-17,9.727178976190746e-06,-0.0014282645336929,-0.0005586135304032756,-0.0007637007448231462,-0.00045735286912222087,-0.0009049213012245635,-0.00017496937874160673,-0.0009822994797942196,-0.0008805928230104411,-0.000495329849178325,-0.0012466105665121575,-7.677834630855844e-05,-0.0004991759036502078,-0.00034531330134465846,-0.0007155522800746943,-0.0005913706835922294,-0.0007663300757845621,-0.0007676984650609295,-0.0007953821309906725,-0.001354325419967779,-0.0
2024-01-18,-0.00040969942978146765,-0.0004685771689781263,-0.0001207624418922471,-0.00029990427013420307,-0.0004157447594884161,-0.00038712342364516237,-0.0003488339391628956,-0.001013491072378019,0.00036552858266828233,-0.00017476605083414573,-0.0009930418983018071,-0.0006369639590440057,-0.0009846910722252555,6.152814919097306e-05,-0.0003961264890206136,-0.00029358430038643437,-0.000562373012572715,0.0005040527989918042,-0.0006407319410383347,-0.0005206531164153299,-0.0
2024-01-19,-0.0003029959835986157,-0.0009035649423030233,5.71726640498217e-05,-0.0006176299660421385,-0.0005985388553514158,-0.0007095949694035956,-0.0016917775633656857,-0.0006520953866472766,-0.0013261242742526843,-0.0009787794006458548,-0.0007762632776314823,-0.0014655261232577486,-0.0014517534613420935,-0.0008585208733281616,-0.001431630171027015,-0.00148270117638164,-0.0005752980920806786,-0.0006979242510876783,-0.0004417616274183496,-0.0003961658832801388,-0.0
2024-01-22,6.271235758219253e-05,0.00035563496260428027,8.05569284413511e-05,-7.55337830132171e-05,7.698693145350247e-05,-0.0002457656257820133,-0.00014484852725146264,0.0002382953936182266,0.00033089543286969744,-0.0005716436716393347,-5.335843713464867e-05,-0.00057422375510676,-0.0003749796346758712,-0.00028778838506544506,0.00013316293056163237,-3.93758294870288e-05,5.462094008267018e-05,0.0004013674834276405,0.00017544691529586913,0.0002690450148808333,-0.0
2024-01-23,0.0001173139240928946,0.0005244705934480796,-0.00031372194169503227,0.00010224086139662795,0.0004211765888606505,0.00011831631179763645,-0.0005193341129141924,5.4212797431121036e-05,0.0002567948010414533,-6.307939058551662e-05,-0.00014852934873083832,-0.00024862226301418345,-0.0005889464363400174,0.00027744998427354215,-0.0007967676620026182,-0.0009583535645124959,-8.437179098702624e-06,0.00010849522638780708,-0.00013909691298193288,-0.0007328313495541512,-0.0
2024-01-24,-0.0005833208438561158,-0.0006565145307679047,-0.00033030490405206223,0.0002003949565166958,-0.0007917859588638453,-0.000922567130725578,-0.0003146859586042858,0.00012602526237453653,-5.126103369538993e-06,-0.0004687128629990744,0.00019300204223418274,0.00040691709115089246,-1.8066793322737512e-05,5.974101202846641e-05,-0.0003400489399321139,0.00042500554559199715,0.0003023512882585471,0.0004262600000685813,-0.000715993962945727,-0.00040341892155365235,-0.0
2024-01-25,0.0006326400704197652,0.000839187620619064,0.0003038542808905868,0.00031901394698376857,0.00022745468305989611,0.0005011155739466771,0.0007824207116904062,0.0005114014574345232,0.00032606849355138276,5.1575895330173695e-05,-1.981781625075201e-05,-0.00010935314050250816,0.00011219954407369188,0.0002866377566706605,0.0002623901004215643,0.0004774014729131607,0.0013580418459877945,3.723053547247473e-05,0.0006139579038536353,0.00025501425349497205,0.0
2024-01-26,0.0002237052859541175,-7.303935695369638e-05,0.00011769308880555242,-0.000733994270646495,0.000462522882076111,0.00017455039908044362,-0.0004946419235316538,-0.0001849584421838884,0.000987884890547936,0.0007313579276612957,-0.00014210834006288793,0.0008709644874315718,0.0004757721286815914,0.0005558321766043464,0.00046497726819904613,5.498230192136045e-05,0.000521038388868225,0.00032048971595521143,0.0003551907537204637,0.0001064989347251881,0.0
2024-01-29,0.0002596516247910161,-0.0004637322845397166,-0.00023398006755516747,0.0005693505493781188,-5.221958223986735e-05,-8.095887696238085e-05,-0.0003127904315272615,5.79067791291075e-05,0.0008328178707628852,0.0004970497904676641,-0.0003238480708455674,0.0004189392223219206,0.00010914570076418313,0.0002960633278190286,3.874728481540682e-05,1.8940343729263417e-06,0.00027827730912024064,-0.00020650237440077382,-6.133994376529552e-05,0.0003594194422927821,-0.0
2024-01-30,-0.0008803284463376457,-0.0007001674596178967,-0.00024201972383773875,-0.0007343075909713234,-0.0009283825567820021,-7.927676605229894e-05,-0.00028548628752597075,-0.000136014619236577,-0.0006831704368670965,-0.00019183330973799676,-0.0007806316538601153,-0.0005218672309268541,-0.00034275499325176303,-0.000618418562809986,-0.0005730118402749273,-0.0005060653037890522,-0.0005013350801743305,-0.0008164736520149302,-0.0015457573772605841,-0.000579216656434743,-0.0
2024-01-31,0.00023941258270949173,6.912995507811724e-05,0.0005286379778387739,-0.00011574498547209991,-0.0002769424042271425,-0.00026550522549929407,-6.422749898914115e-05,0.0002484606728999263,0.00023927928543923137,0.0005153832635246705,0.00015210101482738387,-0.0007265501159768838,-0.00014485436700209967,0.0002882819230568115,0.0006463454025839671,0.00034845513254819937,0.00041132150592028004,0.00027869356064637497,0.0003480664622150227,-0.0003225333804980879,0.0
2024-02-01,0.00028386982992696007,-0.0003981883257700951,-0.00041240949855709613,-0.00024358600400303974,0.000439860658254373,0.00025623426379076596,-0.00010575319168775313,-0.0003112834851361824,-3.349893737950025e-05,0.0001839490056758608,-0.00011427947902771011,-0.00025380017866390007,0.0003330367776587396,0.0003487178110693604,0.000822495866184964,0.00018659932551537441,-0.0004166267709449965,7.672146883036286e-05,0.00013372717179550687,0.0003143385873026046,0.0
2024-02-02,3.7967978842390325e-05,0.00031933693036634287,-0.00019447969162112992,-2.5876426172827254e-05,-0.000173044407994799,0.00036975219229620207,0.0008032217986565835,-2.497035168925187e-05,-0.0003173709496296972,0.0004472850304998776,-0.0006577245729756596,-0.00012985804904072081,-0.0002425321920479894,-6.977407311417048e-05,9.434884005983243e-05,0.00042262424898861214,-0.0008547317870749525,-0.0004076247070336158,-9.717648143794942e-05,0.0002716670486508032,0.0
2024-02-05,0.0004221564233202685,0.0005213862377650509,0.00011725543175284352,8.309522538165494e-05,-0.00033313728597131505,0.00034234090458206833,0.00041930636151166835,0.00047489571331568893,0.0004395358015215095,0.00040832493052744855,-0.0006113096172752466,0.0008838885011116357,0.0005266930837599895,0.0006951817067161448,0.0002456020462819812,-0.00016513851076699215,-0.00045217564614856095,0.00017276495202225235,-1.2700813825113082e-05,-0.00012288844081979514,0.0
2024-02-06,-0.000416441129531742,4.864348216591794e-05,-0.00011064781568785847,-0.0005774243904636046,-2.0812371909377677e-05,-0.000895238316618878,6.230618450086217e-06,0.0003092144283797067,-0.0002332583220216955,0.0003655662847337902,-0.00026976921623430753,-0.0005260436738444514,0.0001072461628969253,-0.0006877495376691249,-0.0003779978740014221,-0.00036666783149665825,-0.0005235108858866557,-0.00045221993280319836,-0.0002804686684488469,-0.0006323419777703926,-0.0
2024-02-07,0.00034147542371114456,0.0004242095964697029,0.0009659966234872864,0.0003261500655363902,0.0007220629568071351,0.0010384626715013617,0.0007605070504147098,-0.00011902810057217144,4.12276383054622e-06,0.0002528767860254961,0.0001675545507224378,0.000299093766204849,0.0008288324341936095,0.0005220915952309361,0.0003543006343823311,0.0011926981267750688,0.0010097212676776737,0.0008655624745148873,0.0007271670584298213,0.00031612761130499065,0.0
2024-02-08,0.0002981172306178195,-0.00028197087040930446,0.0006866717241831424,-7.697624508840964e-05,-0.0003023870343374491,-0.00034002136029575534,-0.00021308807865043984,-0.00013747101590754035,-0.0001026360713083796,-2.854369586225023e-05,-0.0009303523833127955,-0.00019776492834532716,-0.00033030897934421447,5.237309936753171e-06,-0.00013147799254380698,-0.00039130625076150256,-0.00016961031628736882,-0.0007655814017806103,-0.0003962073472454469,0.0002122624644531151,-0.0
2024-02-09,0.0005869423219991395,0.000207460638257884,5.3286584922001545e-05,0.0009156122245632216,-0.00010426114818815247,3.053559280509994e-05,0.0006770769684901512,-0.00011175220222847729,0.000311114787200883,-0.00023278553164078402,0.00041148123593448945,-0.00027859768335736603,0.0004184532232136625,-0.0001553027506127783,0.000658893904394623,0.00030198406725994565,7.632862672770588e-05,3.490455396184542e-05,0.00040804091485082544,0.0001833020442310947,0.0
2024-02-12,-0.0007448666936832064,0.0001254140587193679,-0.0006252145750896664,-0.0001805566427016217,-0.0004998018524788961,-0.0005763955906933555,0.000207419951346742,-0.0002889190998669926,-0.0006723984760096457,-0.00023306133892834005,7.012287694874159e-05,-0.00047160825482875856,-0.0010200398210600521,-0.00016164159656576998,-0.0013481003290325224,-0.0008235667736998847,-0.0002604177247842381,-0.0007146047753352634,-0.0008679748247084347,-0.001233997911589658,-0.0
2024-02-13,-5.6888643081102063e-05,-0.0012819650414386064,-5.013085904049316e-05,0.00013904319624377963,0.00016787472085307765,-0.0003888550532379763,-0.0008899456560771576,-4.9609438095077955e-05,-0.00048314302411197387,-0.000874155357633641,-0.0002779150515143122,-0.0005304110483007952,-0.0008760900376662214,-0.00018926648398407702,-0.0003115308040027435,0.0005015391428044354,-0.00012859648761223892,5.37290466086284e-06,-0.0004786797825678102,-0.0006630334997118861,-0.0
2024-02-14,0.00017273459321144504,9.575719963400426e-05,0.00019569766437613375,0.00030354290318568706,-0.00013479782584227375,1.325203261343106e-05,0.00043545542190265594,0.00035113311278532844,0.0005700497663415351,5.1412076333786755e-06,0.0005054300215490664,0.001354058740973551,0.0005904066410934943,0.0008993605744077701,0.0009419505369789886,0.0005405993428959734,-4.36234986922113e-05,0.00023452498644382987,0.0006613180816947466,0.0006623496775103611,0.0
2024-02-15,-0.00048809221635482704,-6.603017841943248e-05,-0.00011944419650044687,-3.170096582076671e-05,-0.0006061361589614054,-9.974694146120163e-06,-8.649306801469793e-05,0.0001543217138659607,0.0004899159586279254,-0.0005173191752035582,2.8157202971029468e-05,-0.00039155381506060825,0.00038941207166300426,0.00014900415178046886,6.988478101984177e-05,-0.0005199813587219387,9.360947607578152e-05,0.0002917883826583789,-0.00020767590223751053,-0.00020615932416807417,-0.0
2024-02-16,0.0006043941362787565,-0.00013991356403180347,9.696438646611934e-05,0.0003967287951591413,2.0186448441120544e-05,3.114504279855679e-05,9.405857427503936e-05,0.00064682892552058,0.0003800567627452304,0.00032617168565165524,-0.0005515762518286023,0.0009162680862389394,-0.00019212642503489913,0.0001872163154086274,0.0003868413621260931,0.0006308181074483097,0.00051864973204671,0.00022070355531153614,0.0008323515054646906,-0.00018461706717376396,0.0
2024-02-20,-0.0005302712633651257,-1.8717146436769276e-05,-0.0008591322595497239,-0.00016253612904548986,6.040635198107214e-05,0.0003025628112556616,0.00043133854234220383,1.4266812491350077e-05,0.0003457547899915355,0.00019445245665855997,0.00036467078306946305,-0.0003318587488560064,7.684000012322501e-05,0.00015554699054265688,-0.000491944256708712,-0.00031052680412951703,0.0007912513335126022,0.0002393189212093326,0.00016865753449468913,-5.8864304696874086e-05,0.0
2024-02-21,0.000300071250364318,-6.785965004273913e-05,1.8955019136804592e-05,-0.00017608915850168816,-0.00019207833486740945,0.00015594017271252085,6.890814968295352e-05,-0.000501565632992989,-0.00031837039703851145,0.0008312196534519154,0.00039342807828975237,6.826786663152649e-05,0.00012949215683429367,7.099843825881428e-05,0.00022080310193122233,0.00021836967434728835,-5.177340042363209e-05,0.00035893369977136875,-0.00043457391933799446,0.0003083665237194094,-0.0
2024-02-22,0.0002998584922885945,0.00015557568391661646,0.0003223201968853491,0.0006945045584251375,0.0005911061660424735,0.0009511852490166028,0.0011115341128110606,0.0008929011438520306,0.00024252604453895715,0.00035959285985642705,0.0009955184073817327,0.0005658161692596792,0.0001722765229029205,0.0011189622249477816,0.0007398723274979854,0.0007608609506522628,0.0009737203098103418,-3.345105294026235e-05,-0.0001610049686952523,0.0011148849386014253,0.0
2024-02-23,-0.00013480086955022417,-3.7787738826908964e-05,0.00038070724291971655,0.0003250528537171991,0.0003092065230728115,-0.00013535332024729055,0.0003426381633244696,0.00023212717398616849,0.00015098227552155365,0.00021097966305566994,-0.00020879594986464233,-1.146232962563458e-05,-0.0001785512607622846,-3.2369160588097055e-05,8.983954045775903e-06,0.0006618168180069686,-0.0002029422225676129,-0.00014496529007845208,0.00020900747571326813,-7.977019356098754e-05,-0.0
2024-02-26,-0.00034776086506346,-0.00026813809737939514,-0.0004902528581156937,-0.0004785628033290531,-0.00038415344464140386,-0.0007726434832684945,-1.6690424168780267e-05,-0.00030092040383726965,-0.0009649323494371436,-0.00044151214666587234,-0.0008630979729728926,-0.0004670044139272464,-0.00027533450478427776,-0.0005575785894724482,-0.0007233824735295163,-0.00042842935168285783,0.0003194678610288298,-0.0003383993410061544,-0.000692722985767116,-0.0003148938668026707,-0.0
2024-02-27,-1.616578928106893e-05,-0.0002974160711011377,-0.000656556523535796,-0.0006495269649513456,-2.283546378072612e-05,-0.0007273755532761046,-0.0006850504062321254,-0.00047046645623384373,-0.00014499003419486507,2.167750016207533e-05,0.00024567129644271964,8.212592265134332e-05,-0.00018016850842784884,-0.0002959341831670103,-6.435371355449475e-05,-0.00020921724308839784,-0.000432530684331001,-0.00014738654307493864,9.879405573374816e-05,-0.00024969837493108663,-0.0
2024-02-28,-0.00012964333754527367,9.485808367067475e-07,6.843052782274948e-05,5.668699237802435e-05,0.0002486279108166087,0.0009096798624958468,-0.00013024929256120067,0.0005120042914178081,0.0003280455686117783,0.00021313596151080756,0.00032411993778189705,0.0003086673749297807,0.00019743271926317914,0.00023161955686941732,-0.00020338230194912526,-0.0005683284568077472,0.00038720406697487794,-0.0002889898587606316,-2.900576098713576e-05,0.00023148582042952645,0.0
2024-02-29,0.0003652892222907879,5.680680356955429e-05,-0.0006078273586491768,-0.0003917478560962543,0.00011670349186136457,0.00034654162672784894,-0.0001451846100632246,0.0008494641522750406,0.00010160020739526547,0.0005094382479843001,0.0004110295261283861,5.621457161739515e-05,-0.00022633744679871905,-0.0002889393148428572,-0.0002911963541032167,-4.4699228579466905e-05,0.00021891916949976745,0.000350189440252594,0.00019659762742092098,-0.00020401695290757116,0.0
2024-03-01,-0.0003941348130431408,-0.00042724868309608206,-0.0008345557548444317,-0.00040688640105069463,-0.0008677066613907707,-0.000677313253271242,3.113443540544081e-05,-0.0004940591467375045,-0.00031911796814169247,-0.0008227363673516376,-0.0006471884580378402,-0.0006783009719967152,-0.0004389351103802374,-0.0005794143731543333,-0.00015044410111865545,-0.0006953111943346304,8.92173023284243e-05,-0.00040807689974556977,-0.0005411244785212811,7.053691533380688e-05,-0.0
2024-03-04,-0.0006371850829381019,-0.000806677753301349,2.48611834192669e-05,-0.0001081748164893037,-0.000557363003095218,0.00039503837580919795,-0.0005360776055804372,-0.0001644934605076198,-0.0001773289587099824,-0.001054181550763,-0.0001025190595802583,-0.0002555758428204324,-0.0003368355696335978,-0.0005518131948985148,0.00018596885227939447,-0.00026082996100857954,0.00027661886716145995,-0.00015268621267717773,-0.00010814883624177261,-0.0003580046503537548,-0.0
2024-03-05,-0.00021546033757674228,3.869231227245787e-06,-0.0002456207603434182,-0.0002531727217836214,-0.0006267381833954848,0.0003212274143075201,-0.0004832534933504562,-0.0005315128621857269,-0.00037604474355890175,-1.1357590791424201e-05,-0.0005280336624382719,-0.0002200012268717001,-0.0002777597983702894,-0.0004634495676401135,-0.0004213294172188147,-0.000339685810049107,-0.0005281713192236861,-0.0002356333147430194,9.794739375468272e-05,-0.0005414185243881616,-0.0
2024-03-06,0.00038406088146208646,-0.00025366182619444215,0.00022733555974542176,-1.2532164138815005e-05,-0.00014717610396707594,-0.0005846825854823975,-0.0004849985105738927,-0.0003479565034769672,-0.0005094715183634601,-0.00072135553534096,-9.877285420470088e-05,-0.000166575279938965,-0.00028624468801078436,0.00018265216644025876,-0.0005082494309482185,0.00017793921274772913,-0.00021610236312886205,-0.0012148571303615423,-9.138292478903235e-05,-0.0003637600348018396,-0.0
2024-03-07,0.00020820544334842936,6.122104958231e-05,-0.0010860278630539808,-0.00023615117997214183,-0.000295545948515699,-0.000656046706109543,0.0005753582360542429,-0.0007525424540927443,-0.00040952619128109845,7.753755308202522e-05,-0.0005025829675280296,-0.0003545307629499638,-0.0003888356365174146,-0.0003706095765586038,-0.0006882262476699509,-0.0005803325754972961,0.0003667493808457066,-0.00018608614023242557,-0.00015078331102765693,-0.00014591676371477507,-0.0
2024-03-08,8.170868137030712e-05,3.623643219198911e-05,-0.0002556263782847723,-8.157170517377585e-05,-0.0006704482495843847,-0.0002195257013602508,-0.0002211352365025608,-0.00012311649473919787,0.0002836548299466117,-0.0003578986513090977,0.000647649438946971,-0.0006651620823229348,-0.00047263176910612015,-0.0004292876685423961,-0.00010081909195897627,-4.264963460850174e-06,-0.00013872322192405543,3.461556202314626e-05,-0.0007781512588597089,-0.000412564313083074,-0.0
2024-03-11,-0.0006289940025147973,0.00021209002096388166,-0.00036482821084241876,-0.0006266722220450133,-0.0001697666902097472,-0.0005796559552456186,-1.3332422116268506e-05,-0.0003139015939578634,0.0001600490722534208,-0.0005530576841526667,-6.834417555391083e-06,-0.0005541303659505321,-0.0001926286295175435,-0.00024954440351345717,-0.0006031647995120617,-0.00024050720647552444,8.79313937544231e-05,-0.00034290546110656717,-5.3571341461844205e-05,0.0003284086998193594,-0.0
2024-03-12,0.0003986168078597141,-0.00013460281639699175,0.0005538253293974709,0.00013318069492397768,-8.339072318961799e-05,0.00018827042668565047,-0.000179164294292952,0.00034661170931564775,0.0001013853814279023,0.001140069041276653,-0.0005418078745122431,0.0005051680337402034,9.268020371121923e-05,0.000134141507573107,0.0006622549155814758,3.3380061270945267e-06,-0.00015758719847810412,-0.00029475095594795673,0.0002313727815617935,0.00044522386015378047,0.0
2024-03-13,0.0005394955468279901,0.0001027400511380372,0.00046910159198399446,0.00037645282696158997,-0.00013891331177133068,0.00048312607293347464,0.0005674147033771686,-7.946071624305232e-05,0.00010451103329160397,0.00022458986013437112,0.00023222799955656593,-0.0005516573903554692,-9.342646732488312e-05,0.0002481506603841058,6.889782655239058e-05,-1.798731030098803e-05,0.00014878725056538585,4.3464347304652305e-05,0.00014145608696900693,0.0005363017205032342,0.0
2024-03-14,0.00022409347041206512,-0.0004740470212288518,0.00019107712610190613,0.0005207496825509702,-0.00024664462808375543,-0.0005217214171807326,-0.0006614065455686805,-9.270036888577526e-05,-0.00019076461720032438,-0.000108867024650855,9.378743883779457e-05,0.000374990915603265,-0.0007062209447861478,-0.0005592384134707435,9.218271941982916e-05,4.588407700604834e-05,-0.0002894083754858382,0.0003052524241475563,-0.0008806020658560352,-0.0001844650428972579,-0.0
2024-03-15,0.00017593610923787733,-0.0003517821266606815,0.00044228082098211885,-0.00020385959729945206,-0.00048047728205579944,-1.9774637919656605e-06,-0.0004460634016549334,-0.0004316944048628046,-0.00025994408143457167,0.00015705372039527142,-0.00027321520756693206,-0.0002967338242115558,0.00022096635838719943,-0.00047918709868778066,-0.00036469047936634234,0.0003760411147503356,0.000223472573031827,-0.00024365772432105072,-0.0006849389730589262,-0.0003259746776285591,-0.0
2024-03-18,0.00017852343250288554,0.0004814438340870214,-8.684851417233338e-05,0.00024198880662716583,0.00024671361278765967,0.0004563658554092654,-0.0002098218252685321,0.00010782992526693622,0.00014574111030311496,0.00033150005097302304,-0.00034433578391087716,0.000619883811530132,0.00029971729704824474,-0.00045025481400636863,0.0002478609644884683,-0.00021410397247600003,0.0003103199280212699,5.1459417715907745e-05,0.00012205151403962806,5.645751890370766e-05,0.0
2024-03-19,-0.000259031387743954,0.00029856619746431606,0.00024988618363874353,8.583281850674799e-05,-0.0002718392782817305,-8.439998674193399e-05,-0.00014459462660454313,-0.0007781650258225696,0.0001473796249569441,0.00017688860436449797,7.779618637254118e-06,0.0002049045761898311,-0.0004970458977619491,-0.0005205551656966243,9.6539923129961e-06,-0.000208007465290058,0.0002108297213906839,-0.0003340868433833975,-9.80837775123426e-05,-0.0006437074172501648,-0.0
2024-03-20,-0.0005492852337919979,-0.0007269996928047151,-0.0007032204745245434,-0.00039488037545041833,-2.9323407940091467e-05,-0.00034706282707787714,-0.0005842963809796147,-0.0002538721496096504,0.00048081683382094384,-0.0007941910874689822,-0.0006532133909192309,-0.0004314326462539655,-7.546491078545699e-05,-0.0005455304187027469,-0.000904080518576137,-0.00014715957059055184,-0.0007206421501255374,-0.0002009415728401251,-0.00016993300454737416,-0.00015008246381115341,-0.0
2024-03-21,-0.0009554500493389007,-0.00042106813064766904,-0.0006529680335167832,0.00014777713637847392,-0.00039971487966754813,-0.0004991792681687105,0.00027005898074822877,-0.000344389942698696,-0.0005635957378070488,-7.087696714379313e-05,-5.638766310923403e-05,-0.0003368374632841349,-0.000606067414238182,-0.0005926349221394544,-0.0004913500444482304,-0.0002674373831174586,-6.792794624151841e-05,-0.0007057202606861416,-0.0002576826062126321,6.31561973901042e-05,-0.0
2024-03-22,-5.490016463941634e-05,-0.00020011708672540044,9.278741634107336e-05,0.00025738376326288684,-0.00030375191019522057,0.00011969424628401607,3.604339101847799e-06,-0.00010569644033614087,5.670630756926657e-05,-0.0002785835208006496,-0.0005395373403922252,0.000385776457551422,-0.0002736402006424255,9.032609793954249e-05,-0.00022452705725020208,-0.0007971904434856368,-0.00017126439206713342,-0.00023700241297440575,-0.0005864396774066229,-0.0004189172290982857,-0.0
2024-03-25,-0.0002620411647367614,-0.00011601947413077147,-0.0008685063504800069,0.00016996443723684286,0.0003227114301690653,-0.0007452231897238917,-0.0005596681018474091,-0.0008711701499202034,-0.00013432644365701465,-0.0006494798469370181,-0.0005044456235067852,0.00012668370839272704,-0.0004934392218618129,0.00030895878989443027,-0.0004974671794697384,-0.0001525833864954063,-0.001217469151218684,6.143935109513736e-05,-0.0006680997212600602,-7.949873064234231e-05,-0.0
2024-03-26,0.0002526021872319231,-0.0005701333235702292,0.00025479356599162364,0.00022286133702039776,-0.0005050123816449652,0.00013688336947434535,0.0003964486847057825,0.0002681283159036707,-6.686183853117376e-05,6.774482348094486e-05,0.00038176513832011486,0.0003997280845638224,-4.521388361909809e-05,0.0003287001734758748,0.000349687025394218,-0.0004775501448812779,0.00021651507965398195,-0.00026506456004677574,-0.000670596767576305,0.00014119248110268636,0.0
2024-03-27,-0.0002668374296822863,-0.0003501866858898095,0.00024968433150906674,0.0010971517378312848,0.0006361254363634894,0.00022098039843415122,7.183082444161725e-05,0.00010111869731714901,-0.00015400178485489165,-0.00042634391091655544,0.00037990542992691925,0.0006278823709131176,0.0004226680216389188,1.1373947140615196e-05,5.468200993775153e-07,-0.00031020555228277645,0.0006758144938015581,0.00011048054951415223,0.00024334114185711386,0.0006076311733236615,0.0
2024-03-28,-0.0002182039155167176,-0.00026386598576505916,-6.526634353877217e-05,-0.0007049518229309897,0.00013630198433133874,-4.570544741328677e-05,-0.0006433696530925205,-0.00034904587861513397,-0.0003505605157565155,-0.00011520828070032937,-0.00042871535682682116,-0.0008506854857615336,-0.0005650782404505631,-0.0003546543499261026,-0.00018619178008128399,-0.0008792289403103431,0.00011401504526177295,-6.868695546489274e-05,0.00021923326000002882,0.00013890322843201696,-0.0
2024-04-01,0.0007488177336608581,-0.0006601982024402218,-8.726108750277083e-06,0.0008077560919691842,0.0002752962055745033,-0.00019482504541553386,0.00032217354808824323,-0.0006161936431974011,0.0007703499975165374,-8.903646973872415e-05,1.8164900021238134e-06,8.635497132718406e-05,-0.00010324382978699357,-1.0611664247143431e-05,0.00017957934158492945,-4.2978877398497736e-05,-8.921133181632533e-08,0.00026725797633830504,-1.931921760235766e-05,0.0002941382176987012,0.0
2024-04-02,-2.8874476902307482e-05,-0.00021271111482317745,-3.671489147114015e-05,0.00021257279835588112,-0.00017199668695442867,-0.00023053955683716702,-0.0009148206242354348,-0.0004912886693564432,3.783446390694944e-05,-0.00022345735727562481,-2.4638412096672498e-05,-0.00032596386824684234,0.00020379750280531401,-0.00026941908695801703,-9.411243173976789e-05,-0.0003935958851608799,0.00023401162132805626,0.00010200368137147639,-0.00032241313713458056,-7.603067939289108e-05,-0.0
2024-04-03,7.948432927197655e-05,0.0001574104603103381,0.0002797568699122061,0.0005741690026880727,0.0006000391381069383,-0.00033324981449317937,0.00035257423647012693,-3.543817442609641e-05,-0.00017532137789992897,5.2608655419021914e-05,-0.00017661485473556627,-0.000287746234611723,0.00012334268528812028,0.0005631859239515995,0.00036601437641438085,-0.0003995807437147065,0.0002940085087175127,0.0002381748911806233,0.00010946146518181057,0.0005236810491074603,0.0
2024-04-04,0.00010990275679550492,0.0001469651135085733,-0.00023144565092699415,-0.00011213362627338042,-0.00011194992586463398,0.00015295542049352265,-0.00024519417076094625,0.0004780262550364069,-5.3276632593958454e-05,-5.681609872512724e-05,-0.0005271605255291273,5.827238371595087e-05,-0.00020686838183462303,0.0007083563657230168,-0.0005396237586100571,0.00013250575320921344,-0.00026724232034028614,0.00013309873637614854,-4.5669350650911965e-05,1.8350111440013256e-05,0.0
2024-04-05,0.0003107350860855113,-0.00045244820722265813,-0.0006494518389962376,-0.0001076840745467477,-0.0006532450454970317,-0.0005459053168845057,-0.0006417072999442032,-0.00021712914533058417,-0.0007982414049415628,-2.509154885091257e-06,-0.0001997163766798215,-0.0005408581327837115,-0.00031848208889656364,-0.0009351422144354408,-0.000421322243888133,-0.00040600744711190935,-0.0007197333148312328,-0.00048726696257671694,-0.0010048255560309999,-0.0004995889491187546,-0.0
2024-04-08,-0.0007202594544969668,-0.0004775098467966805,-0.00018163649284026124,0.00015445653274215207,-0.00048562949407928433,-0.0006438825112811662,0.0003306177309032535,-0.0003041571083950437,-0.00033832798791167453,-0.000735610771265615,0.00018567483098207082,-0.0004014689066136316,-7.920001526734427e-07,0.0001576358243522613,-0.0006167473741451587,-8.208007904114962e-05,-0.000365227485880062,3.788755831399907e-05,-0.00025523194288142276,-0.0005668437038247549,-0.0
2024-04-09,8.549445766361461e-05,0.0003086031141242609,3.233814971455036e-06,-0.00037808002807016526,-0.00018584147982311861,-0.00025056735006863623,-0.00017115439008303328,-0.0003112134280697133,0.00024977458764938767,-0.0001197897168813586,0.00022502917226704155,-0.00015910910649255934,0.0003873948627010565,-0.0001971961438225608,-2.3667733120689365e-05,-0.0002399241215228251,-6.893683838869047e-05,-0.00015287872367733513,-2.4145222704582816e-05,4.7859828242370714e-05,0.0
2024-04-10,1.3604996056843954e-05,0.0003953254070285937,0.00015071680289914673,0.00024166626820179942,-3.785651662468203e-05,0.00047116768431908077,0.0006216695335423115,-9.375276929820719e-05,5.06167156599244e-05,0.000216310584574353,0.0003844646644867762,-0.0001432552948863173,-0.00017372785754885502,0.00020490552389633844,0.00012765467315930165,0.00026787156790289754,0.0003236269676862721,-5.544509856240016e-05,0.00023011643112983836,0.0006484631269099159,0.0
2024-04-11,-0.0008138571234268708,-0.0008492603129581973,-0.0006430287530466599,-0.0013972814134372473,-0.00022427616717682407,-0.0009853423922650112,-0.000516317302017141,-0.0005142210081154762,-0.0017395587742217126,-0.0009825604868773422,-0.0010476182548368094,-2.0348974984932283e-05,-0.0010742778859998954,-0.0005246066011501804,-0.00058672115963722,-0.0003311942351976136,-0.0007616216413512372,-0.0011087360882123308,8.003323761906685e-05,-0.0009896598973963798,-0.0
2024-04-12,8.540912870263012e-05,0.00011615200168703136,0.0006609078943655624,4.009420211588158e-05,-0.00016898797061128026,-0.0002477485811986572,0.00023691747136788527,0.00034646803965353887,0.000193285842219029,0.00015626683192087812,0.0004105721168225978,0.0001551353620077033,0.0004545938249089543,0.0006578772036201856,0.00010446376738836194,-0.0003569707030220391,0.00017654283151815692,-0.00011395745761725958,6.677676372303262e-05,-0.00033520322111363,0.0
2024-04-15,0.0008159490666430032,0.0004759659398008755,0.00018543179455954376,5.325156744107673e-05,0.00032664782854267404,0.0006338731189774097,0.0002520445590886397,0.00041226916629415227,0.00015836786394263935,8.419920687362179e-05,0.000511512366415281,-0.00016495584404472858,0.00024074385814562443,0.0004509351615109712,0.00038336399944209946,0.0001055523144211017,-3.494938241107478e-05,0.00011767841260461467,0.0009774536065597732,-8.87853198575007e-05,0.0
2024-04-16,0.0006032870307796963,0.000569983374534176,-0.00020472146198813608,-0.0001143639736113558,-0.000541088766658103,-9.372867345328902e-05,-0.00014421704543523262,0.000563119380384225,-0.0002913870368421105,-0.0005219951691323564,0.00023153549168665471,2.562527196746458e-05,-0.0008169696857893598,0.00011053355998348696,2.4654675160781966e-05,0.0003051487068610177,0.0004931800104183123,-0.0002846469786787605,-0.00033193343179714954,0.0003177164342196497,-0.0
2024-04-17,0.0003256242121563171,0.0004442945067524602,-0.0004406921511690267,0.001185690140543434,0.00016769367726876183,0.0004824661290289146,0.0006954069902178372,-8.079544977561636e-05,-0.00010266847920662458,0.0003353241625152718,0.0005306648315544991,0.000679826239709615,-9.571300812512896e-05,0.0004752205817523951,0.0003575517651539579,0.0001646469915544087,-0.0004800520925425663,-0.0002490424206284885,-0.00037227961657933906,0.00029842837062454917,0.0
2024-04-18,-0.0003337665482726052,0.00023977632365119173,-0.00020485534813350408,0.0004186031829277926,-0.0005872442731638288,-0.00031186891164360455,0.00013558206981952736,-0.0001300685010149259,-4.9372306976225744e-05,0.0003424882729179701,0.00037236499925092666,0.00014279531022546698,-0.0003415361193108757,0.00016920873938738848,-0.0006296951808787826,-0.00024185089405477246,-0.0002180189438875745,-5.939145656218907e-05,-0.00047339367601177733,0.00032470708247496043,-0.0
2024-04-19,0.000866911012669052,-0.00024992093658831,0.0001996551329670839,-0.000548884964209518,-0.0004301590666462324,-2.793213486220395e-05,-0.00020622576890018792,-0.0006260360373546611,-0.0001638764573221466,-1.1079127632491275e-05,-0.0004322713272129849,-0.00020894881770849898,-0.00013533705578244376,0.00015788693169566402,0.00014784064753566926,-4.111729690319254e-05,-9.82538980445417e-05,-0.00035176993817330357,0.0003780605586299435,-0.00021164954718444208,-0.0
2024-04-22,-0.0006259016655441631,-0.0006512067515898622,-0.0001552595800908653,-0.00025990095793023587,-0.00047127051181140454,-0.0003857011710069656,-0.0008256452388364595,-0.0003739638020373235,-0.00011770120225665013,-0.0004792924880373204,-0.0009238060841039439,-0.0006180848072160039,-0.0001778073188934572,-9.741982543614341e-05,-0.0009680934336256885,-2.0294350581722282e-05,-0.0004901537463549131,-0.00024986133202995435,-0.0007126842193284058,-0.0008822398149489379,-0.0
2024-04-23,-0.0008881726799362643,-0.0007533511896434984,-0.000614553339863488,-0.00038171601146076467,-0.0002721538368215441,-0.0001624316007599023,-0.000861308412564558,-0.00013687667185045295,-0.00030639958445384725,-0.0006867580832402692,-0.0006100513878759786,-0.0009774054836293228,-0.0009654709743500324,-0.0009128204672765472,-0.0015962428824732014,-0.0006574309519010437,-0.0009349565581506148,-0.0003899771261459448,-0.001142446768863216,-0.00010604236435021764,-0.0
2024-04-24,-0.00036598969501835184,0.00022458557915206777,0.0006056787885958876,0.00015602645462524666,0.0004129226466865824,0.0007195671077418695,0.0006143916801015517,-9.632318700130654e-05,0.00016943270876590725,8.75763571967679e-05,-5.469428070967454e-05,9.291639885254753e-06,0.0005863072938849804,-0.000357016364521367,0.0009218570270128295,0.0002842852733075707,-0.000255017040217148,0.001150091486084416,0.0003818994147073206,1.1931649761395607e-05,0.0
2024-04-25,0.0002239846550321257,-0.0006388057111976021,-1.4764445818843574e-05,-0.00021465765133414264,-9.036974770313237e-05,0.0001330766798363343,0.00014337276797857094,2.428325633501671e-05,-0.0004389422991318433,0.0001368461494836792,-0.000662524565757708,-0.0004917356714769554,-0.00016891203495084808,0.0003844650490732681,-0.0005835928597386616,-0.00027568610695529464,-0.0001812074275315551,-0.00043007274918946924,-0.000399088614514834,-3.415555462569671e-05,-0.0
2024-04-26,0.0002242215064926021,0.0003257962487996821,0.0002708032699960964,-2.6493251747213362e-05,-0.00016444514335099428,-0.0003445086690372576,7.30990130735979e-05,0.0003849840146335165,-7.480277953634161e-05,-8.856613200086969e-05,0.0003057427334971587,-0.0006193196447734787,-0.0005665092527983613,-0.0005124997594680547,-0.00026957451154343014,-0.0006847316460631082,-0.000188549485792622,-0.00017745866633315377,7.730568004780319e-05,-0.0005937575673441092,-0.0
2024-04-29,0.0004829627275175703,-7.561583232322739e-05,-3.927359320153616e-05,-0.0008823826467656261,-0.0004901666731353327,-0.0007297780294266949,-0.0009681630775980868,-0.0006356128150960357,-0.0004186639835514943,-0.0011360234713621402,-0.0007450334024205433,-0.0005187748971914565,-0.0004851974080551607,-0.0005972448385034652,-0.000996945621595005,-0.00020379782156612194,-0.0002410951815964688,-0.0006409569423613836,-0.0006091514982452109,-0.0003191632344128542,-0.0
2024-04-30,-0.0009310945697917012,-0.000513389806231617,0.0001649510160030064,-0.0007698531151581731,-0.00011035949202893655,-0.00012296849062329277,-0.00012715027945628187,-0.00022967004634595424,-0.0009693736359781457,2.946226698727539e-05,-0.0003963763669449665,-0.00025922847399574507,-0.00021229728381815338,-0.0005293141575941539,-0.0005227170289311891,-0.0006704604394653977,-0.0009436714804825962,-0.0007934812789108576,-0.0007009806779946573,-0.0004476516540474341,-0.0
2024-05-01,0.0004921347201643163,0.00018716105310939514,-0.00010734254328153725,1.721036354965141e-05,-0.00023727967042135072,0.00044029732063072426,0.00042028440724778334,0.0005198289440998798,0.0005988312788694144,0.0002871077129303693,-0.0006197902412274475,-0.00018205433987206416,-2.9154374170657856e-05,-0.0002298599470009482,2.7534435924646025e-05,-0.00047837592793198035,0.0005382670177025872,-0.00018773371436009648,0.0005257499611800628,-0.0005431030434045219,-0.0
2024-05-02,-0.00017448418292983489,-0.00012101690730663692,-0.0006635019291845066,-0.0001642407295643577,9.302033969871279e-05,0.00020795494188358124,-0.00013828682337067573,-0.00011836530756014204,5.098589723573353e-05,1.152873236792695e-05,-0.00017696794248013844,-0.00012295792650231504,-6.639095929186765e-05,-0.00045318314316495343,-0.00011405919024184971,-0.0008102908772368131,-0.00022697980415827261,-0.00047063309635886883,-0.0004904612566515531,0.00046314802608350404,-0.0
2024-05-03,0.0003932151790540245,0.0003634095861607635,0.0003400117310462232,-0.00013694260023906934,0.0005465796726900587,0.00011653626573559166,0.0008045934155669355,0.0003868656225704741,-5.1369061852196666e-05,-0.0008564923226098017,0.0005250394781841958,0.0006794573668323917,-9.471835705763797e-05,0.0002718063973663655,-0.0003116670683778741,-0.00042203024904160027,-0.0009524917553794684,-0.0003015250746697854,-0.00018018291297730295,-0.00020239260897297998,0.0
2024-05-06,-0.0004478459809296816,-0.00034105613062867135,0.0004035609271387625,-0.0001455666084368866,-0.00016502165721528556,0.0003902032682089495,-0.0003356259033797445,-0.0004928006776464592,-0.0005401597438607355,0.0001290558197108838,0.0005618416846439891,0.0007850445869648726,0.00032591871919010126,0.0002976194097846145,-2.3178590160260448e-05,-0.0006476679700432716,0.00019387344105209576,0.0002120279017587734,0.0002903598170310965,-0.00019688661381058207,0.0
2024-05-07,0.0006075316680559704,4.412140473325734e-05,0.0006470896046447198,6.324397601951516e-05,-0.00014971507373941694,0.00036189052342263284,0.0003377543689766162,0.00030342428582416376,3.1665876786966757e-05,0.00040290435150923615,0.0004702813312452893,7.339064568979285e-05,-4.4623016578951377e-05,0.00031350725245614256,0.00022266106853847828,-0.0002543782840764027,-6.886617170282226e-05,-0.0002776277912390679,-0.0008755588881072836,-0.00013442293140152766,0.0
2024-05-08,0.00035004342813685466,5.170061259534945e-05,0.0005281720552495752,0.00037937898855987067,-0.00011973497693446814,0.00012688808755037932,-0.0002888857545215586,0.00025355089348899987,-0.00013240944199699296,0.0002036580140455694,4.5867427244113806e-05,0.00039094131632665395,0.0009657633942034158,0.0002694275454290813,0.00015488683088912532,-7.667519846515741e-05,-0.00031782080876670103,0.00026566379656062683,0.0003203749737575718,-0.0006898480973019943,0.0
2024-05-09,0.0004386392965102575,0.0006636412573215113,0.0011533672203599698,0.0004192059681742689,-6.652102765397332e-05,0.0005254347705285783,0.0008216787266215363,-1.7221053132719053e-05,0.00041935605193421427,0.0005164546840451821,0.0008577376339089707,0.00040172448566315553,-1.506732683059175e-05,0.00030464218063953197,0.0004900262170013391,0.0007804348335228014,0.000852111338464068,0.000736249531284731,0.0010503994329245953,0.00032668047582419963,0.0
2024-05-10,-6.857110134748045e-05,-0.0005136908468548471,-7.93807788278646e-05,0.00027298468947466355,-0.0004532794981114183,-0.00026479575395171667,-8.002635722183052e-05,-0.000626938727867502,-0.0010328711693522502,1.9657328397045253e-05,-0.00014774175318596892,-0.0004786254677740768,0.000655928355308063,-0.00044309810732853625,-2.739903463498508e-05,-0.0002612336031358519,3.099057226387495e-05,-0.0005905746059154835,9.06380522832174e-06,-0.0005113917860666345,-0.0
2024-05-13,-0.0002817701367693402,-0.0008801607566241784,7.259326948205703e-05,-0.00025502719185129517,0.00043879372469748164,-0.0002918429856077534,0.0006289080158825245,0.00019829957667197025,-0.00016954188634240994,3.863124215201425e-05,-0.00016931190561900067,-0.00041132570949342027,-0.0003519555074079646,0.0003825685895596474,-4.82490091599556e-05,7.529880663038789e-05,0.00010751799276182517,0.00047122398651195773,-0.0003723240473721015,0.000327999192987107,-0.0
2024-05-14,0.0001205821079353052,-5.491543772338364e-05,-0.00016878914507955904,0.0003902816817002227,-4.3308099055349e-05,8.353661309329948e-05,0.0005106727269538867,0.0002142240225460168,0.00017194217101611396,0.0007447091504225983,0.0004701358168403375,0.0003590554718114759,0.0007822707948631297,0.00014141848524029102,0.0008088136608553115,0.0007394364262075338,0.00034399402420525675,0.0004595621207630594,6.836417526015823e-05,0.00042424243495707575,0.0
2024-05-15,0.00019791146936689712,0.00032775491903037836,0.0004809751786463723,0.00023578140067771376,0.0008125513781975495,0.00011496601225825192,0.00022452989889949532,0.0007391419176742199,0.00028055211605690236,0.0004199537899074383,0.0006918078497351562,0.0007524961892423497,0.000667330063698832,0.0001710619028229772,0.00025889461783820797,-0.0006184927421742782,0.0005280102425960524,0.0003323485230445518,0.0003750097912579287,-8.287854889062561e-05,0.0
2024-05-16,-0.0010424221260527358,-0.0003592494115439492,-0.0006050212717810514,-0.00018701592455372333,-0.0005426445781761399,-0.0009579123849359933,-0.0005803755648001838,-0.00028278343684098005,-0.0004563499459776652,-0.0003681106454069488,-0.0008920754587189125,-0.0008610545723659022,-0.0007357703143365099,-6.775098884094356e-05,-0.0001507648389148556,-0.00024286292402478593,-0.0009345170770479565,-0.0010106814830087723,-0.00026048452058277096,-0.0006050327966933818,-0.0
2024-05-17,0.0002174919004143961,0.0004935808381019087,-8.438435651917295e-06,-0.0003583485878328383,0.0006555692917486542,-3.2129920120615235e-05,-0.00017445185082458215,-6.250629552958247e-05,-6.14465273385394e-05,0.0002335920111867585,-0.00046874522908302345,-0.00018645052579179067,0.0001316042010380055,-8.989933201966987e-05,0.00017593033921363367,2.6755538075825616e-05,-1.4833200733019374e-05,-0.000672389774765582,0.00047718886860655466,0.0006536061716837879,-0.0
2024-05-20,0.0007983242517507689,0.0005790443784357365,0.00041687607096646805,0.0010592219881681141,0.0001482000645002709,0.00036983207924575883,0.00021155140427958491,0.0003254482143369864,0.0008804393882765369,0.0002506286492925202,0.0003431761509194143,0.00027241580793377216,0.0002189866147673833,0.00021096738086368692,-0.00019148294286032167,0.0006434801550268624,0.0008021549695180625,0.0009095658095685373,0.0009320554201777796,6.532818480576696e-05,0.0
2024-05-21,-9.80957037215493e-05,0.00017336545784413864,0.0003217330055506111,-0.00044908661821374307,9.737261081653063e-05,0.00041179243336377376,0.0006301056239280334,0.0002489548993578521,-3.168886993982815e-05,-0.00023992204410430986,-0.0002859955277207694,0.00023672284153154193,0.0002505035834304598,-2.6097465279594442e-05,0.0003031681758328387,-0.0004614632782113484,0.0005047479336470329,0.0005977616678397189,7.265166792734784e-05,0.0004255676624527339,0.0
2024-05-22,0.00018120701731698198,4.7886456755232285e-05,2.6706519699349278e-05,0.0006599018853376975,-0.0002591259341365595,0.0005010458144888258,0.0005204679192957939,0.000340376074052521,-0.0002498112187830198,6.167516315503586e-05,-0.0003773826827313426,0.00015401780810501826,0.0001150414727015814,0.00045434640838416855,-0.00016540502942968233,-0.0001335420234297967,-0.000305986011270603,0.0006137339881466921,-0.00012670135372202913,-0.00017499691094317654,0.0
2024-05-23,-0.00014841952331440177,0.00032569876980724917,0.00028008492846944976,-2.446302014753351e-05,-0.0002948619280631641,0.00041100886827351036,-0.0006005036638407174,0.00013157024913818135,-0.0006323977041907652,0.00015186693580910337,-0.00020354907067118535,0.0001343376994774201,-0.00018338526529267693,0.00015082839166836925,-0.00040986286716670947,-0.0003597167048674566,9.116668515956606e-06,0.0005947127716672541,-0.00032956736791872203,-0.00039747970071994806,-0.0
2024-05-24,1.2642734326488414e-05,-0.00030646488746545393,-0.0010959062458026734,9.218697408487292e-05,0.0003625986992811702,0.000401149998378332,-9.106692269058286e-05,-0.00025208704643763576,-0.0002660536424042835,0.00022402536118711425,0.0002451014779547332,0.0005725567895392648,-0.00026072836289430445,-1.9697719777820006e-05,-0.00024970890453725864,-0.0005180834038159569,-0.0004891231640133825,0.00038421024849273166,0.00012282204978362847,-0.0002832792862654462,-0.0
2024-05-28,-0.00013351336654417097,3.6404550188276834e-05,0.000155190525700547,0.0005612365275678846,0.0002517797244666243,-0.00018385737559968506,0.00011055064764961568,0.0005216511901313257,-0.00038121843230354323,0.0004185924351114312,0.0004294610120042618,-0.00022576208652213387,0.00021028270713553673,-0.00032709802919946186,0.00014143091110247643,0.000830776882318922,0.00013800925349051292,0.00017328960563759967,0.0004637206308821456,0.0005803342161475951,0.0
2024-05-29,-0.00037168663662931744,-0.0004398979898263842,0.000361588342108803,0.00023997851616385397,0.0002947404311551156,-0.0005776261785667111,-0.000346880481909904,0.00016647092964761724,0.0002520378151772894,-9.132874740319969e-05,4.7507560607935864e-05,-0.00039859296406175336,-0.00039123044604678236,1.8948930895898054e-05,-0.0006077907496219464,-0.0002479632745522475,-0.0003215885049159861,0.00013347589683167563,-4.172827965962111e-05,-0.0005640536258878987,-0.0
2024-05-30,0.00035707198497396435,0.0004796065388050991,0.0006656261827388229,-0.0002700393581637003,-0.00047135136602841993,0.00032254194638246347,0.00014959833162334548,0.00013027901648284782,-3.785378974093045e-05,-6.813267695946572e-05,5.7299210881659474e-05,8.1406409531389e-05,-0.0003159846004016966,-8.179505268452539e-05,2.6879112417391008e-06,0.0002983637881148762,-0.0003033330004873492,-0.0002531538440034368,-7.148924815118643e-06,0.00021547927899293246,-0.0
2024-05-31,4.8725303404481786e-06,0.00016258281268022618,0.00029471674810704055,0.00024288828042575057,0.0002561048865412562,0.0005193377161813177,0.0005502256207563777,6.0430216477774145e-05,0.00033379471186193875,-0.00018356270633905527,0.0007697352839878578,0.000546123262900322,0.0003660769612814275,-0.0002936622444242504,-4.796980473664562e-05,0.0002588210974008663,0.0001476852264161577,0.00011323339445089846,0.0007714554781638589,0.000440030156883383,0.0
2024-06-03,0.0005171874455538166,-0.0004260045067710444,0.0004213590607383462,0.00047980214484810095,-0.0005238182330808772,0.00036764378101878883,0.0001309938397651194,-9.72691867186132e-06,0.00030839411105012805,-9.820729557162854e-05,-0.0003829396317344169,-0.0007137933155659768,-3.518090290749235e-05,-0.0003928756062290841,0.00017427503973136313,-0.0006500441866644949,-0.00042355088398829556,7.781227480832644e-05,5.424480627548495e-05,-0.0003675022627418905,-0.0
2024-06-04,0.0001704547123647537,0.00011418697107539175,0.0002133738232023785,-0.0001563058745694734,-0.0003138152548746997,0.00032399489807913843,0.0006257201608165008,-0.0004868414042169699,-0.0001485240288708167,-0.00042014717750180617,0.00023862217193089115,0.00027022655101477383,-0.00030308729414464935,0.00039790114812850993,-6.749325115721903e-05,-2.95510493206752e-05,-0.000123893249351531,0.0004219361716008895,-0.000564269074130852,0.0005032039486406958,0.0
2024-06-05,0.0004984740556839244,0.0010012326183137042,0.0008251999649422593,0.001556767003942324,0.0008985296627486741,0.00012310325937768811,0.0005765213597692232,0.0008962814858415447,0.0006971201834282877,0.0008216894850917144,0.0006176170689049936,0.0007543254065008156,0.000466930161296913,0.0012652401646117105,0.001235183429780281,0.0008412757546984354,0.0009413449089176435,0.0007833689353208745,0.0007995776476115337,0.00112620521600667,0.0
2024-06-06,-6.262865863045107e-05,-0.0005828623239842519,-0.0003080306239647434,-0.0003610426229688495,-0.00041000922380570305,-0.0003613136112156794,-0.0004826627117575167,8.101829369945041e-05,-2.605040992887325e-05,0.0005004347682106639,-0.0009426536759481294,-0.0001938940668387181,-0.0012228748816520178,-0.0008758572104746504,-0.0003590201641500552,-0.00035349044763794427,-0.0010097958587749175,-0.0012106089705195163,-0.00041653276797473627,-0.0007861803030686494,-0.0
2024-06-07,0.00031809096823503597,-9.132675840703261e-05,9.548224504915465e-05,-5.6364605615577304e-05,0.00011413355236229767,0.00028857309615922265,-0.00017309129253669056,0.00017331103282663707,0.00016261739623907374,-0.000434806591484163,0.0005056637037931755,0.00031856651995822253,0.00040225474662973926,-0.00023170517928017796,8.493777933313003e-05,0.00021197095779277474,-1.6530598327453002e-05,-0.0004300600322708909,1.6506441883639882e-06,-0.0002385115899925754,0.0
2024-06-10,4.7250155140796304e-05,-0.00043649191649271137,-0.00048504123300577474,-0.000525761514776744,4.3403926407862957e-05,0.00023028932198755533,-0.00012403267162488027,-0.0001791773444695192,-2.5195559446452677e-05,-0.00015280037477917184,-0.0003141995944398039,-0.00019328817008833693,3.2658173318571874e-05,3.5411249949145444e-05,0.00024028152022743252,0.00040778991407370684,-0.0007356734256574342,-4.0268606038559934e-05,0.0002310898563120287,-0.0002622488567862953,-0.0
2024-06-11,0.0005910735218315966,0.0002836221228662233,-1.3411494286866897e-05,8.897473700693479e-05,0.0004726226196649464,0.0006708805684959358,0.0002826782749295079,-4.176437841657083e-05,0.0005319181820370049,0.0002990863371316264,0.000408139473099547,0.00034172525739504584,-0.00020999926582661486,2.3819614208968845e-05,0.0008531430260831243,0.0004927565829726141,-0.00029939523936923026,-9.789393350053857e-06,5.1208406880158446e-05,0.0002047548723111001,0.0
2024-06-12,-0.0002142809506143934,-0.00010637967779902221,-0.00036901830493878856,-0.0006654240868126284,0.0005349854326007765,0.0003412711416124392,0.00035501112723489533,0.00019021058365967575,0.0003360809714582149,0.00019568426221803424,-6.774662465307861e-05,-0.00021510073151422398,0.0002386806270983577,0.00021180857403373725,-5.694505598943389e-05,0.0002530648169319384,0.00041234146656007696,0.0002456785071741601,-0.00032321012012493495,-0.00011100664646651899,0.0
2024-06-13,0.0001764605936899743,5.9192130077133376e-05,0.00039793144531969786,7.210358416169366e-05,-0.00020078464495920716,1.3273304793760351e-05,0.0006837936191196074,0.00015026921049968335,0.000368571716670765,-0.00012016485296049761,0.000652146726333965,0.0005029342827940039,0.0008908319885419213,7.087927397052668e-05,-4.148981875812964e-05,0.0005705133134388448,7.06925224357005e-05,-0.0002037494618112074,-2.9475350809556685e-05,0.00041448014294291955,0.0
2024-06-14,0.00027793361254108644,-0.00013154271037558177,0.00033489458038463805,0.00023790625667923757,0.0008646271536494871,-2.6186715346278594e-05,0.0005854398169948572,0.0007913421747641605,0.0008398989183124889,0.0005130608068389141,-1.4704425405518419e-05,0.0008312267687851287,-0.00020203878336982867,0.0005364710704328466,0.0004942298326428943,0.0008322411825007353,8.06484273009799e-05,0.0007895817012359682,0.0005577823636010279,6.352609380417129e-05,0.0
2024-06-17,-0.0003966200500890757,8.428634318404258e-05,-6.618472293431699e-05,-0.0003100318466877348,0.0007281212250336811,0.00024753678523600537,-0.000246889934391797,-0.000244567693770329,3.6249955715073377e-05,-0.000127763489645759,0.00046454585248851377,9.628225664870957e-05,-0.00015248110984481634,-0.0004228146152516861,-0.0004483515968931497,-0.00016500694444616574,0.00034309938162251525,-0.00026401991748855116,-0.0004071247084371584,-0.00025796818348316916,0.0
2024-06-18,0.0002308273931731334,0.0002535707662252,0.00012244947405534221,0.0005685210123255793,0.00019992432649390535,4.544788834090618e-05,-0.0001536174257322516,0.00016432742081847452,0.0005196305724091762,-0.0001769856051410749,0.0006394061583713007,0.00018406207266120998,-0.0002185607099913483,0.0005122994802847319,-0.0001350021889673502,-0.0002390307865040832,0.0008607443928768162,0.0008201613853095112,0.00014581844848605621,0.00031996518545039405,0.0
2024-06-20,-0.000184094136799136,-0.000748690264956741,-0.00046786515880154226,-0.0007134162586981504,-0.0012715620850118877,-0.00013605182291389538,-0.0004735155604546561,-0.0008624218021114477,-0.000739066219661238,-0.00031458002508030666,-0.0012980601369237466,-0.0007192625379193841,-0.0003083126604115363,-0.0013877133664010797,-0.00019503162250255243,-0.0008867380427947341,-0.0005530231668404219,-0.0011814348629963466,-0.00034489396883700187,-0.0005657725530193458,-0.0
2024-06-21,0.0005408610633153873,0.0005089093237242913,0.0007165839288400417,0.00022329306459701465,-3.42420753694076e-05,-0.0001489052106097683,0.0009888076057012704,0.0010895991311031083,0.00083650713257344,0.0006807016352931344,0.0002702430520273531,0.0007443774980148733,0.0004056261150954476,0.0007641702376624621,0.0006613305942427662,-3.088560409752077e-05,0.0007950774873236039,0.0006476961175677777,-2.5002217298028308e-05,0.000902893261386822,0.0
2024-06-24,-0.0003657825752701974,0.0003639816371962666,-0.0002836939541508302,-3.50357041150837e-06,-5.170770756060893e-05,0.00031058694322946297,0.00010386337481527328,4.421545145810689e-05,-0.00014058020922208653,-0.0002279011635518112,0.000466154836078217,9.82910001800803e-05,-2.8217863213008066e-05,9.753178488692592e-05,-0.00019366246734349348,-0.00023648237284259194,-8.19469592066759e-05,-0.00021173016385675803,-0.00024468854509827523,0.0002692773637521558,0.0
2024-06-25,-0.00023907947444066984,0.0005447787645030673,-0.0001420084385198519,0.0004199437834149437,0.0010177138420978942,0.0004242102912592721,-0.00023317930533807766,0.00011631945735101723,-0.0002929074323256149,0.00011615606134557576,0.0008859559441934087,-0.00011624622094307751,0.0003752179047362524,0.00045863370745907473,0.0014257039425089972,0.0003444324762755533,0.00032228443987216765,0.00029709016342254624,-0.0002757641048480818,0.0005584994721590657,0.0
2024-06-26,0.00024534528483138217,-0.00014154594425851171,-2.191743908660629e-06,-0.00030327108843609924,-0.00033690347591146285,-0.000414855745548497,0.0003988645214549865,-0.001074254517572764,-0.00010996402762378045,-0.0005347676476770482,-8.745842652874603e-05,-3.1457149511951063e-06,-0.0005164289293333831,-0.0002525681594374039,-0.0008508255882885348,-0.0005342647050676656,-0.0003300347873222069,3.9495798385133884e-05,-0.000618684291224178,-0.00046199967144081787,-0.0
2024-06-27,-0.0002607205732323864,-0.0003096752023195417,-0.0006984937981324648,-0.00046127192988956495,-0.000451867006641208,-0.0005581946389650629,-5.7647014667904355e-05,-0.0005409811303820722,-0.0006023519102619421,-0.0007919257091073343,-0.00037440538546030356,-0.0005872489477871833,-0.0003559735490086628,-0.0008226360911942352,-1.0740250639182442e-05,-5.417291434459951e-07,-0.00011266050487735772,8.685116868835796e-05,-0.00038781358509574565,-0.00034833658578969055,-0.0
2024-06-28,-0.0001821475036213895,-0.0001516114290708008,0.00023278083386833105,8.775197409315575e-05,-0.0001972443054341875,-0.0006818075923156158,0.0001097028410854044,0.0002278498210469524,-0.0003547797970191377,0.00030617742133957215,-0.00029949648960556633,0.00019933802561800383,0.0001376933567463659,0.0005187094035475569,-0.00024062741359713247,0.00015404299096301343,0.00038121295404756287,-0.0002403854437366731,-3.489170078569352e-05,-0.0001777791157975209,0.0
2024-07-01,-9.597098471354481e-05,-0.0003621218451571961,0.0005573503064932838,-1.6842813589702213e-05,-0.00046901797636205307,-0.00018475867068278278,-0.00042350785439633997,0.00018230428674289602,0.00045189606816458164,0.00027614416570021633,0.0002022017931707301,-0.0006710861916116908,-0.00020680968781099297,0.0001174948202019923,0.0006423422195363368,0.0001299647410830776,-0.0005145013814172277,-0.00021153140749303036,-0.00030254159850724553,6.477483171979548e-05,0.0
2024-07-02,-0.0004325485093682691,-0.00012309557292554117,0.0006512413858303923,-0.0003143032734592932,0.0003906108150309339,-9.53499087891052e-05,9.018488265620795e-05,-0.00014341192671594728,0.00042270704755970057,-3.190414309682254e-05,-6.459815986172846e-05,0.00012236198043024115,-7.963572226427074e-05,0.000349224213166055,-0.00010131567729023682,-0.00035822631444126785,-0.00022703384017019323,-0.0004659612519331557,-4.9262549946271767e-05,0.00013546452032788813,0.0
2024-07-03,0.0008002762069963161,0.0003151166932502486,0.0005747436454078952,0.00020669763909362507,0.00027894236296353197,0.0006969173438290549,0.0005504933445674894,0.00010017915296763738,0.00019069910051024966,0.0002989765900141735,0.000174498862138493,0.00028580095897926943,0.00025380990100544654,2.9401823989196524e-05,0.00020894348071337222,1.7449400734520105e-06,0.0001384806901998053,-0.00031541679030117173,0.0006513696458494688,0.00034384865562601437,0.0
2024-07-05,-0.0006277583736968243,-0.0007629802116227386,-0.0002454948439842826,-0.0002840761684668725,0.00024786837836681986,-0.00076799543225478,-0.0003152425349704041,0.00016092460101825842,-0.0015654523723332137,-0.0004488141453103285,-0.0005656256447086747,-0.0011806503149645333,-0.0004561439692704977,-0.0004055910655630577,-0.0011183854798377441,-0.0011430102880208115,-0.0008226085299710653,-0.0007644877152619001,-0.00037457339677113033,-0.0005622206063854949,-0.0
2024-07-08,0.0007575263019488191,0.00031000405595741417,0.0010941917097623012,0.00047756269955035135,0.0005103115827714035,0.0004377913239480357,4.048497470024459e-05,0.0012326954325860646,0.00045865918913472095,0.000364526039793266,0.0005850178893519322,0.0003908424933734057,0.0004889463804383467,-0.0001816400144084219,0.0009929298565679956,0.0004654524790176821,0.00035412826585578345,-2.0713789033271937e-05,0.0010364315994749204,0.00026428997857602486,0.0
2024-07-09,2.5810421264594902e-05,-0.00032746697108978633,-0.0008400728584424964,-7.27905486269328e-05,0.0003055108661599039,-0.00044555582560695307,-1.2452017047090775e-05,0.0004195825318875402,0.00023622774202259613,-0.00046414613567612075,0.0006392264097473802,-0.0003736891950965987,0.00021183361521417586,5.934674529777322e-05,-0.00020788259152072961,0.0006638795918917357,8.24209043858971e-05,-0.0005016152694010484,-0.00023291815867499747,0.0005875540288951111,0.0
2024-07-10,0.0004517278468560304,-0.000623655101803401,-0.0002188824768308123,0.00018451281599943004,-0.00014083437010555514,0.00011549017770081636,-0.0002684480600763604,0.0005097675149700091,0.00012798187173352238,0.0001180903519147319,0.0003113206724467924,-2.173842829884876e-05,-0.0005796190633102493,-0.0003783277503407861,0.0001153392671719065,1.0657723544681229e-05,-3.08980843762917e-05,-0.00011816378809205907,-0.000212628955033471,4.474304395823573e-05,-0.0
2024-07-11,-0.0003221366837581277,-0.00011664663401245185,-0.00011160904757722589,-0.0007506433015595607,-0.0008115583881434363,-0.0011852599661088612,0.00017563804521109348,0.00022248235665804872,-0.0002405794188999072,-0.0008132597705062271,-0.0004109585461113794,-0.0005407261029413598,8.561517869119746e-05,0.0013282537104254272,-0.000402988659468857,-0.0003098905955585964,-0.0005406269094400941,-0.0003986680801442337,-0.000357495748754283,-0.00020523164491735422,-0.0
2024-07-12,0.0004519129284484964,-1.9469802787036736e-05,2.864477487776593e-05,-0.00018454951620309334,-0.00016265047056553125,0.0008601195856838351,0.0004631576491342985,0.0009703318752103384,8.225060145120849e-05,0.00037821721397765854,-0.00017140022811050048,-0.0003633555396328197,0.0001670543431829715,0.00036481417235376866,-4.6559853063434825e-05,-3.953910702181563e-05,0.0006067314408224273,0.00013455065674136736,-3.43766317467717e-05,0.00031496768750503113,0.0
2024-07-15,-0.0004279410802101602,-0.0009369319693059406,-0.0002409907668081585,-0.000746913896176021,-0.0011633880626440807,-0.0007139141981353735,-0.0008659953261059873,-0.0008296926626874089,-0.000809013378007496,-0.0010301095059181173,-0.0004410827325743394,-0.0010010270074290457,-0.0007876420389237712,-0.00020955070441883058,-0.001432888860810947,-0.000735358662310748,-0.0005891841963495542,-0.0009030844573984428,-0.0006852428112218685,-0.0007446829824199225,-0.0
2024-07-16,0.0004164801029132041,-0.00018983812356091102,0.0001779934424800405,0.0007000466560251726,0.0005073501779199303,-0.0007852178012637672,-0.00022481789580081762,-0.00012884476886003318,-0.00019883918483322503,-0.0002633200155466894,0.000782001902488561,-0.00014518285299899684,-0.00012952246067434166,0.00010285887222721465,0.00010413356566319947,0.000623716352540244,0.00013339880252115672,-1.5027271021654397e-05,-0.0004889584771723981,0.0003816226256832267,0.0
2024-07-17,-0.00030105229520444255,-0.00025475141217662156,-0.0003777390103437833,-0.000354445667118136,-0.0005541292464859569,-0.0006473667591770299,-0.00031722163819980736,0.00024394063390035324,-0.0006481635279290865,-0.00041182556233603185,-6.315341469919741e-05,-6.567586288616094e-05,0.00028273257292275145,-0.0002824337328278741,-0.000494902837989411,-0.00037946756188495423,-0.0003873617767358913,-0.0004946901777320092,-0.0005413601067616856,-0.0004152635722573529,-0.0
2024-07-18,-6.348959305101414e-05,0.0004835676922004188,-7.819302259666113e-05,-7.59057660171437e-05,0.00035641703578044267,-0.0002772830443869716,-0.00015321817153649467,-0.0003414725472073006,0.00013014725150415317,2.473095225693465e-06,9.623648416968604e-05,0.0003005395154468973,0.000853680726376045,0.00034923295424279345,0.00012800611365098978,0.00024285304546124115,0.0002790015342764999,0.0002882108492614063,0.0003254232088514162,-0.0004269843277916123,0.0
2024-07-19,0.0006630293946438432,-0.00016440267597118635,-0.0002164655832085863,0.0005086137682806287,1.9699116038202836e-05,-0.00024754291020037894,-0.0001746564679833802,-0.0004140618645715107,8.841836336886743e-05,7.95502115384073e-06,-0.00020625989293974502,0.0007137811525301502,0.0006397178723531864,-0.000419925662139901,0.0007022118143818409,0.0004262492782834365,4.661983242415375e-05,-0.00025035594680190035,0.0006368854016398586,-0.00023412040379980017,-0.0
2024-07-22,1.595554044438218e-05,0.00024861485399710993,0.00014397579366202427,0.00023247565372877302,0.00023274597391807728,0.00019561674979311962,-6.429076297299791e-05,-2.033526308690897e-05,0.0005972187600439273,1.963357101264923e-05,0.00046657238212916604,0.00015000482137006349,0.000387999747527389,0.00010022809205763586,0.0005490672481681951,0.0007209218935627681,3.01255425619883e-05,-0.00023896848596786642,0.0008470054803063312,0.0010357981389275944,0.0
2024-07-23,-4.490105775652398e-05,0.00031902114310835775,5.096507499964793e-05,0.0007372283084705715,-0.0004586114100724181,-0.0002634946642635104,-0.0003940919191571662,-9.529645579212398e-05,-0.0005299180246490657,2.526582105340895e-05,0.00037091817061542747,-0.00022915618936120667,7.838547547562104e-05,0.0003033224039408297,0.0002533264118714196,-3.388993004724824e-05,0.000566965402419781,-0.0001458251412658161,-7.29812972382131e-07,0.0003709413362070305,-0.0
2024-07-24,-0.0001905165486192057,-0.000799221063033041,-0.0004678855038637771,-0.0003730789707482805,-8.352111488711342e-05,-0.0004493101897778572,-0.00012946905360454393,-0.0009252863971741322,-0.0007508305583836509,-8.205603950556942e-05,-0.00011197880833780358,-0.0001374874928039393,0.0003449430974619682,-0.0002737277546676709,-0.00029386533806702206,-0.00015379797972638387,-2.7454676630000224e-05,-0.00031580994403136476,-2.10831960429359e-05,-0.00030154265073075495,-0.0
2024-07-25,4.41691616147674e-06,0.0005301333813162638,0.0001995730088421705,-0.0004964886388811884,-0.00021390860590502796,-0.0005109359842346264,-0.00022595560320671072,-0.0006601137447019191,-0.00026023730775674025,0.0002625131821566029,-0.00018010894176049842,-0.00025350969305134815,-0.00023176033530183162,-0.0004108328577799536,-0.0005918835767625153,-0.0002755924878024369,-0.0005432054421896442,-0.0006477024469619195,-2.142800883406496e-05,0.00010224821399574922,-0.0
2024-07-26,0.00022035141471695322,0.0011874501917194214,0.0006029503089211249,0.00030534566885638873,0.0006800381078615672,0.0006079703736679065,0.0012134663331790027,0.0001475343829004226,4.510500655760803e-06,0.00041653634575578046,0.00012636732417038127,0.0001531444042626347,0.000578313042590689,0.0001447380269689659,0.00026001050388160563,0.0005431898070457973,-0.0002738618900079475,0.0002028030237331052,0.0001723853745311239,0.00045263145224813943,0.0
2024-07-29,0.00027592908437434633,-0.0007852428858053365,0.0005540216020762916,6.855005249040304e-05,-9.58964565047385e-05,0.0005419759414410222,0.00036294732864278613,-0.0002686181757578038,0.00021111163976281254,-5.315522110813681e-05,0.0011018437890850108,0.0001685859972638197,0.0002473367822921812,-0.00027866991082435745,-9.990823861626734e-05,1.0920720853238546e-05,0.0003912405943772143,-0.00014055833771366722,-0.00018457228490654015,0.000791391939609027,0.0
2024-07-30,-0.0001685485473131197,-0.0001331936038087634,-0.0005146450189158686,-0.0003866539328701937,0.00011346366182330915,-0.0001821213225697617,-0.0005074282146854675,0.00027248474862530295,-0.0005381203896874132,-0.0005591398273506861,-0.00043812218004120595,0.00013879499731095954,0.0005999804541998278,-0.0007998410146100084,-0.00011761043278332664,2.0074613686194037e-05,0.00034679524715373704,-0.00011771324332149916,-1.6100312323782002e-05,-0.00015502095128505826,-0.0
2024-07-31,-0.0006401299592911578,-0.00030435286285236386,-0.000673260463323672,0.0008485334161107435,0.0005186479474510571,-6.368698749511968e-05,-0.0005961309405027417,-5.986929478429204e-05,0.000334917806484642,-0.0005760411452186336,-0.0004259528624829701,-0.0007784378635077143,0.0004727279798061037,-0.0006556071356325896,-0.0002289460416414298,0.0003075385468561042,9.742405185161891e-05,7.789835927262178e-05,-0.00010149381810914526,1.8439500404632977e-05,-0.0
2024-08-01,-0.0004436282692788802,-0.0005104046600943618,-0.0004418411989744093,-0.00032784572434870233,-0.00034600815683664645,-0.0007861996319750529,-0.00029026754931416645,-0.00023680255418666817,-0.0006925443906975942,-0.00030655167325817985,-0.0003932078856553273,-0.0006081975878916055,-0.0005214499394643368,-0.0004137346253877917,-0.0009968213764569229,-0.0010497799779891318,-0.00022048912871492545,-0.0005653160770532113,-0.00014267684914336348,-0.0007481340424113611,-0.0
2024-08-02,-0.0002711750903221177,-3.241199812714091e-05,0.001128602990984262,0.0002765101270234993,0.00038887478469810103,0.00013888002065618466,-2.4880706916030615e-05,0.0002776583389913045,0.0006714587606932553,0.00039164238092008745,4.3348100952234066e-05,-0.0003769547645685878,0.0006477904871896255,0.0003490884934767791,0.0005574653458153888,-0.0005360944662241351,0.0003372766507993563,0.00029289428280214745,-0.000719176255006948,6.698367455436615e-05,0.0
2024-08-05,-0.0010846839088890158,-0.00020252022423506515,-4.516290186121113e-05,-0.0006503996071482912,-0.0002885306174851848,-0.0004066744032989162,-2.1394290082008844e-05,-0.0005609542253065967,-0.00030696765028054805,-0.0008024395644525942,-0.00012899157566050354,-0.000535326731200067,-0.0004933966453872071,0.00039545380532708446,-0.000540807442485266,-0.0004959454871123809,-0.00048735254643210896,-0.0005959671336900954,-0.0005384074460218122,-0.0014436356475372332,-0.0
2024-08-06,0.0002579482511226025,0.0001765213904685252,2.2293046027731527e-05,1.354327494611352e-05,0.0008868521975617825,0.00013900184652548042,0.00031590177601029004,0.0005615726366720468,-0.00015557486057081135,0.00030429314800641433,0.0005880617141544973,0.0003625117015034264,2.4947455623610106e-05,0.0002054336869839011,0.00010084041770872227,0.0004430549836750834,-0.0003737479286604013,0.00012311528606017701,0.0006264300893286766,0.00029987289532403975,0.0
2024-08-07,0.00020750344202016824,-0.0002774317664663857,0.00019418899766317183,0.00039760981872957854,0.00017480542679604576,0.00017955610185383175,-0.0006566150501680995,0.0002007589654995618,0.0007782521564092713,-1.9683733454480725e-05,-0.0003878630597859267,0.0004277341728291276,-5.885670659462641e-05,-0.0004147688407176046,-0.0003464680174548937,0.00014009892392185256,-0.00020136899923388398,-6.674204713367277e-05,0.00024009140527016812,0.00038428519215234834,0.0
2024-08-08,0.0008424582324953639,0.0006091143756254728,0.0009522533227129443,8.71007091729532e-05,0.0009396942418588285,0.000782299254419698,0.0003142966332212084,0.0005674084187377243,0.0007815241758870405,0.0009224508417382352,0.0004100046611677668,0.0005203994987272267,0.0007268164004667506,0.0006706589702798382,0.0005047950741533522,0.0002474808264675851,0.0009377803449831249,0.0006026205636131028,0.0003268839242383502,0.0012480016097940045,0.0
2024-08-09,-0.00010281736791501738,-0.00012168293071426245,-0.0008063468065541841,-0.0006953732635821978,-0.0003244487528072322,-0.0006740507031106178,-0.0005313641802511237,-0.0008989350211799104,-0.0002500151392893859,3.398708037479639e-07,-0.0006075566810973676,-0.0002642180773957426,-0.0005797131500700295,-5.737869930166087e-05,-0.0006003760211444826,1.1904111013889772e-05,-9.681597393610134e-05,-0.0007798694830477797,-0.0007500435996062354,-0.00013416152035009956,-0.0
2024-08-12,-0.0006943950726844182,-0.0004370209231324154,0.00046673768366173356,-0.0001082558044633842,-0.00030349675988767416,0.00039336659739629815,0.00012899724612004378,0.0001583960874100083,-4.7496980358067744e-05,-0.0008256825030378092,0.00024942923508608326,-0.000610883002249897,-0.00020474543128270968,0.00034317804633757747,-0.00043636357908129333,0.0006388722890402454,-9.174218281453128e-05,-0.0006547526193565857,-3.8803153415694625e-05,-0.00015190968325572748,-0.0
2024-08-13,3.1780199267508395e-05,-6.6851251831983e-05,0.0004661403921670867,0.0009656282119914015,8.819901391167827e-05,0.00043972455284594676,0.0001386037010251288,6.75342465837708e-05,0.0006900451214509746,0.0008671828111991439,0.0006590882836834189,0.00020506780191264528,3.5811211917474827e-06,0.0008581496978299337,0.000555578046223609,0.00020604774751624454,0.00031626816852803796,0.000878134406103704,0.00076803810637242,0.00022185742781571802,0.0
2024-08-14,0.0010017007957823008,0.001017796444780809,0.00031819710827646276,0.00020665471299177602,0.0007978243528785781,0.0009333265854897849,0.000385427397889656,0.000470186486709094,0.0005394267212624293,0.0004295331406404923,0.0002099407824464255,0.0004046113690111999,5.047725902454614e-05,0.000558608257310619,0.00017212051204891547,8.526625002902371e-05,0.00039807047785316545,0.00040668263070933606,0.000512925749468877,0.00017226748962151736,0.0
2024-08-15,-0.0005473338847990189,-0.0004118398209496772,-0.0001873724273826829,-4.358905158532422e-05,-0.0005570151162429061,-4.331292738685805e-05,-0.0006450007541397178,-0.00016153563229686401,-0.0005088498271622192,-0.0003775989598373299,-0.00011400719284651172,-0.0006539151855858418,-0.00010570712539488067,-0.0001622058998646083,7.083896635232962e-05,-0.00017979151821604584,-0.0003081998926721501,-0.00037360485510436095,-0.00014756885298356678,-0.0007440645118820405,-0.0
2024-08-16,0.0002758843767051093,1.9716322539636627e-05,0.00048532454273741683,7.728867509871663e-05,0.00033616431098011163,0.0007756707345711973,6.832834878410159e-05,-0.00040801320488407773,-6.982552491861498e-06,-0.0001086650947598578,-0.0003276838693716927,0.000488790618310573,0.00042683750774475033,0.00033912423823327024,-5.741042987126882e-05,2.388492668345549e-05,3.992157336036103e-05,0.00043253461904119503,0.0002902664429118126,-1.9865725083282204e-05,0.0
2024-08-19,-0.0002302985167189272,-0.00013190825283473676,-0.0002694188628914078,0.0004565400301104963,0.00015523538962299634,0.0004321084343825582,0.0001316206599505517,9.51270317355835e-05,4.7517360954088524e-05,1.6896106392120034e-05,-0.0002527539104513817,0.0001857276736411289,0.00032306366765459324,-0.00042696847975867496,4.5194645745123966e-05,0.00042466207031397477,5.170449443466728e-05,0.0009965962407637694,9.538650136457395e-05,-0.0004150970504622683,0.0
2024-08-20,0.00010931394257461013,0.0002717051423758518,-0.0005312276380188452,-0.0004709051313257292,0.00041618839535396165,0.00017070230718242853,0.0005800093452126445,0.0001494266642147923,0.0002954627806193973,-9.18488253785344e-05,-0.0003663602771829808,-0.00022880029785702757,0.0002338386062859853,-0.0006396446041788886,0.00011233849756058363,0.00018373809533101762,-0.0001862993443367962,-0.000443701954990792,0.00029238647074035664,-0.00012120538613895985,0.0
2024-08-21,-0.00040284751159639894,0.0004258096996959589,-7.92558733567625e-05,6.66555406563696e-05,-0.0003835548443276043,-0.000464034727121554,-0.00010291265144858187,-0.00012114580630591073,2.0126027937564405e-05,-0.0005160217290923433,-0.0001368002034966792,-0.0006950752056162044,-0.0007267293530137937,0.0005538590382347351,-5.483349938699216e-05,-0.00029404529253639186,8.859992916719667e-05,-0.00020358989619664487,0.00013781433529063132,-0.0002537244498110149,-0.0
2024-08-22,0.00017196033579234217,0.00018352813024819355,-0.0007543933947244361,-8.904040055893734e-05,-0.0003056240716462731,-0.0002760175074207952,-0.0003014970840841317,3.145100512978919e-05,3.916120459732607e-05,-0.0002643667264812592,2.9274851238372963e-05,-0.0002631818565156103,-0.0003179302955872597,-3.751057744438346e-05,-0.0003099275274405706,-0.00022677604361284246,-7.68859225239621e-05,0.00021309399838035785,-0.0001766310216570577,9.234334462941683e-05,-0.0
2024-08-23,-0.000385958152650563,-0.0009814489332169976,-0.0005552120123506524,-0.00011815323824170838,-0.0003182370617858091,-0.0002652504398448085,7.89879589245393e-05,-0.0006676839557883452,-0.0006593951802361853,-0.0007946847365583632,-0.0007745108054823611,-0.0007316842390993336,-0.0005043252467197497,-0.00026497009392608583,-0.00012533385362728172,-0.0009776997427809963,-0.0002700286134222447,-0.0010167077926701105,-0.0007565787828456059,-0.0009906760833637992,-0.0
2024-08-26,-0.00011175907599978836,-0.000441125984446904,0.00046493164850200207,-0.00024510080585357,-6.11537649213286e-05,9.726394182197498e-05,-2.093723350561728e-05,0.0002484949264580703,-0.00017367203503118278,0.0005044109986767795,0.00018666523861333867,-0.0003685578120309309,0.0003752078893021302,-0.0009787596958662154,-0.0003667292875775715,0.0005183911676539207,6.530644120713322e-05,-0.0004885624325825075,0.00029871915128372337,-7.407837654712716e-05,0.0
2024-08-27,-0.0002316362234632648,-8.308259622215093e-06,0.00034193040500847056,0.00014001226368098857,-0.0003091190144075563,-7.837785879905265e-05,0.0004003340268322474,-0.00010930697245253913,-0.0002955196577867614,0.00014950533310693204,0.0004932890639818068,-0.00034516843600802734,-6.334178308922976e-05,0.0006887637455917629,0.0001438597500493398,0.00035207010265517425,0.0006723580685383214,0.0004579346009395343,-4.790276260734188e-05,0.0003569057308630049,0.0
2024-08-28,3.433979746405145e-05,-0.00015053822369221666,0.0003149721179671304,-9.446070532390377e-05,0.0006341973666562685,0.00024293472834743785,-0.0002732523259841976,-0.0004319507632883986,0.00015277415631069336,0.0007239143423861129,-0.0004154532007997447,-0.00013160518097430677,-0.0004811254261737252,0.0003585723939969081,-0.00047286251297241666,-9.077796502683569e-05,0.00013325604490097877,-7.677112334264304e-05,-0.0007430853335020186,0.00041663780029728263,-0.0
2024-08-29,-0.0008487633778610498,-0.001034645577898183,-0.0002378048545741507,-0.000797908000607639,-0.0007499128187696099,-0.00045385998003461334,-0.00041354132259444136,-0.00020784023615571222,-0.0006816795766529146,-0.000319117644249066,-0.0005518283346728945,-0.00018000273840041643,5.8859776420886236e-05,-0.0010382030831354362,-0.00047733307618163075,-0.00041139818645835786,-0.0003090762591202997,-0.0006833082436823665,5.210033341320169e-05,-0.00046080942042208805,-0.0
2024-08-30,0.0004171746735566361,0.0005543108599653285,0.0011707140655200067,-0.00016508281803406327,-6.776376385687927e-05,0.0006035340491549384,1.591117208069634e-06,0.0006044631126382565,0.00022034552398202245,0.0004929711343424542,0.000453435950023955,3.149201342060682e-05,2.4635900167098268e-05,0.00017658963079948526,0.0005793832564310434,0.0002462355815637938,0.0004199929234110588,-0.0002882896560394789,0.00037128516301251067,0.0010243047336213704,0.0
2024-09-03,0.0009938795807756984,-0.0002671296654100714,-0.00010410485487321575,-9.427273408157897e-05,2.3077761168214338e-05,-0.0002465505482097213,0.0002180609218891902,0.00031837035732451704,0.00019483359203058205,-0.0002676172975084967,0.00010342563103673082,0.0002482544910823973,-0.0002835863328724494,0.0002063630464392551,0.00029585585733085283,-0.0005135345733065051,0.0008541263180856992,0.0002157915394633369,0.00018087416771876518,0.00034827544995316234,0.0
2024-09-04,0.0002745252905854256,0.0003246213193877412,-5.868814040336234e-05,-0.00015255833220802483,0.0002404662718489825,0.00015178085644657058,8.330560595098957e-05,-0.00027055242886812045,-0.0001966572684765799,-0.00027440735505039333,-0.0006782473802663447,-0.0003127441609270754,-0.000118466860422467,-0.0006403585195960126,0.0001724605471107754,-0.0006954630728729315,-0.0002134805610483681,-0.0006885618244745594,-0.00026274881798575843,-0.00017644918566112609,-0.0
2024-09-05,0.0001797090987738007,0.0005695533925041498,-0.00022718763473495094,-0.0003383871085249126,-0.0008386037800788425,0.00010269869600927974,-0.0002477738464165736,-0.0007506828561500403,-7.524877616525848e-05,-4.778027555237441e-05,-0.00022529363998870407,0.00014060183707184515,-9.094661483458984e-05,9.683320228609141e-05,-0.0001806968944070011,-0.00014329084121676177,-1.5937873648329004e-05,-0.000425514583520384,0.0002193148578976562,0.00036186717042985863,-0.0
2024-09-06,-0.0004513836849634689,-0.0005135652793342386,-8.003449676386946e-05,-0.0005281307924341871,-5.442464871850916e-06,4.256436034416827e-06,-0.0006091041800984814,0.00010209604460324954,-0.0007316662783220977,-0.0006373213368140546,-0.0005734526745105945,-0.0006915713997679768,-0.0005907173719116621,-4.869986533995936e-05,-9.732667138865756e-05,-0.0004867391324482713,-0.00037857457467148467,-0.000736762634302514,-0.0008680068748041649,-0.0005978433433143696,-0.0
2024-09-09,-0.0009740534373902487,-0.0001310232218281904,-0.000305447534534912,-0.00093577645043504,-0.0006020283187831343,6.140030303657781e-05,-0.00015674093605165404,-0.0009617934929637591,-0.00018660319318284426,-0.0004421911986756555,-0.00033612015861166555,-0.00018290124543047191,-0.0002811543214570799,-0.00016874380852855694,-0.0005304202160530409,-0.00028246705011526345,-0.0009717103192856117,-0.0003911220260592403,-0.00027941231400760804,-0.0006523594697784178,-0.0
2024-09-10,-0.0006102331712435986,-0.000592755177134814,0.0004605376950325955,-0.0002704862814722717,-5.267778707492615e-05,-0.00018024029315956346,-0.0004358718762918518,5.8877660652373796e-05,-0.00025451922818032775,1.7051751446113738e-06,-0.00018743369629975657,-0.0001034676150871997,-0.00046990063793307164,-0.0006987033211726829,-0.00030890141376042695,0.0004444267806799625,-0.00011176758712555991,-0.0005187048552917391,-4.648407000497046e-05,0.0001800275726775343,-0.0
2024-09-11,0.0007941299991057611,0.0005788890656350523,0.00016707780720780612,0.0006944274637394429,0.00011274223574530415,0.0002999876729904944,-0.00018190389453247925,0.0010765544898125687,0.0003181345121517385,0.0005022423098938617,0.0008847279157176785,0.0008287846061452736,0.0001693570157939146,-1.360762968719541e-05,0.00039776393074652096,0.0002496972480038368,0.000699570948764635,1.625244227384185e-05,0.0005429107010214161,0.0005396350131005359,0.0
2024-09-12,-0.0004511738716863275,-0.0003561102777859007,0.0003240647745249903,7.204575564822752e-05,0.000520658118521544,0.00046232512461518935,-4.953331123342926e-05,-0.00012180175167966396,0.00023034740327716199,-0.0006414971840309301,-0.00024556294812072587,2.1991646458159278e-05,-0.00018461193588627427,-0.0002146089248627062,0.00012454628794645955,-0.00044040905482592793,6.348403346151145e-06,0.0001510551274005861,-0.0007746590707002552,0.0001937403838588456,-0.0
2024-09-13,-5.989402224352688e-05,-0.00019936578633459164,0.00040182300854242056,0.00015249981999159064,0.00022963993859617744,8.591541953466214e-05,0.000144942044384544,0.000286854261081326,0.0003617675992005106,0.00028045459434566727,-0.00041327101069432547,0.00027767014172473063,-0.0005215831459696447,9.574180567272513e-05,-7.136127449151535e-06,0.00020138182534422684,0.0007128603049880727,0.00023521489673575878,0.0003882706133089013,0.0005506144008584463,0.0
2024-09-16,-0.0002014374142005227,-0.00024917183803472133,-0.00016146858990435942,-5.9572648111824406e-05,-0.0003964552623890064,0.00012065332755380028,-0.00018809673601217732,-1.276657803634618e-05,-0.00034702530590911514,4.7623909882139374e-05,-0.00011132028115772427,-0.0006700229537970744,0.00018392707289319665,-0.00022214457849695232,9.854714774557222e-05,-0.0006296624913868004,0.0001307999498335387,-0.00013568199807955777,-0.00029030811172215656,0.0005714110635745665,-0.0
2024-09-17,-0.000293637394113485,-8.89892553679986e-05,0.00027216917287476106,-0.00021325418032373157,-3.078633031451078e-05,-6.121706003830951e-05,0.0002533735389529606,0.0001449332277144658,2.25711178205102e-05,-0.00013113531813879767,0.000672885640925086,-0.00010964325395419754,-0.0003978745223206411,-1.7633302974688864e-05,0.00015745192673379663,0.0001268577299206686,0.00025426076418912,0.00022011959516882488,-0.00015196454672841,-0.000449725107237766,0.0
2024-09-18,-0.00045559194060760464,-0.00014895097635904446,5.9051037788630156e-05,0.0005269709109185888,-2.9731070151004264e-06,-0.0007131084471515687,0.00019506845846085165,0.0007954395912010085,0.0005259705236319079,-0.0002740883519599944,-9.223791277360779e-05,-0.00031512170823041184,-0.00035286476144380356,-0.0006535430538168564,8.481477154638514e-05,-0.0002836553829504066,0.00028239083611350757,-0.000393835075281228,-0.0005736997068998042,-0.00016295498826023345,-0.0
2024-09-19,0.00022630540073209743,0.0005846623484797477,0.00038826715180932214,0.0009723851254314529,0.0003130469459317791,-0.0001847660680615081,0.00019266594234527577,-4.662209137642426e-05,0.0001440358127208338,0.0003992429486045548,9.576863378419495e-05,-3.7977887599688084e-05,0.0005800095548131661,0.0005159982155359802,-5.033378221638542e-05,0.0003222522378485219,0.0003879463225652609,0.0003642782373362568,0.0010085051165958851,0.00015303104226184724,0.0
2024-09-20,-0.0004445031497258815,-0.000423429131275163,-0.00022526056727375013,-8.78486377529966e-05,9.102438799516774e-06,-2.466399363893361e-06,-0.0005342057773552814,-0.0004929768659175972,-0.0001318382618592897,-0.0010340107229524248,-0.0002486163283149483,-0.00013777051949518968,5.325675075033792e-05,7.313975723992673e-05,-0.00028227341287221264,-0.0002037013530064606,-0.0002498206854269092,4.729634024443701e-06,-0.00018782893545225954,0.00027018108600850135,-0.0
2024-09-23,-0.0006728207331548919,0.00017315531936202324,-0.0007067980189794009,0.0004785492087926604,-0.0004390788390535087,-0.00019372950161006784,-0.0006503554081276117,-0.0005573614193442058,-0.0002049661646633456,-0.0004225538490851392,-0.0002279813177376418,-0.00034801497895884374,-0.00039549955486737915,-0.00024725886965094494,-0.00047245197300393267,-0.00047557447358719684,-0.0004938048969516818,-0.0007710274684188159,-0.0003464424172823899,-0.00031489685630694343,-0.0
2024-09-24,-0.000630521395757708,-0.0008593479839588889,-0.0005148660761136487,-0.0006393745025839783,-0.0008694539759541414,-0.0002444432839671016,-0.00017371735923131594,0.00022991320642854886,-0.0003109568464194201,0.00018493286630580304,-0.0004857039514868896,-0.0002815650907211563,-0.0009570059487656078,-0.00022725202695162068,-0.0002656213497846443,-0.00015901322156228732,-0.0012477016601108335,-0.00016653835571106147,-0.0007444087398556915,2.8993001729042817e-05,-0.0
2024-09-25,3.749958053051649e-05,0.00042494218435702616,-0.0007548652804479932,-0.0005975019446613068,-0.0002621343854708704,0.0002648014337049431,-9.463304823540272e-05,-0.0003536381724526507,-0.00027887779222809093,-0.0010349470424832344,-0.0006672720591683419,0.0002963640332761053,-0.0003435294389505901,-0.00023975747090156094,-0.00043091147572065636,0.00011155299070537114,0.0004186331437377748,-5.924032183425393e-05,-0.0006695188967667608,-4.6553928272488065e-05,-0.0
2024-09-26,-0.00040985291945952533,-0.0007146174637122925,-5.0771557308743424e-05,-0.0006046164225216183,-0.0001317077975558497,-0.00021552968112444109,-0.0005308732002252611,-0.00019787742638109875,-0.0006143413870389667,-5.4608453097684714e-05,-0.0005684019927055157,-0.00017617484517189118,-0.00040465242675584234,-0.0005489499013171746,-0.0008019197404717801,0.0003636340882821403,-0.00042318951771368814,-0.0002453918864879496,-5.799458377402924e-05,-0.00036776387114847466,-0.0
2024-09-27,5.536239014015517e-05,0.00012131710187846223,-0.0003201030699637453,4.3919787817432036e-05,-0.00011443334546379911,-0.00015745189715640797,-0.00015207949292019683,0.0005066249651931967,0.00011780002431214699,0.00030206132870912855,9.511751719513488e-05,-0.0003123009439874685,6.719041748536404e-05,-0.00023163284179842123,-0.0006246545333886443,0.0003647834660865669,-0.0002502267924051246,0.0006841958295921743,-0.00034616630935773964,0.000375425559114728,0.0
2024-09-30,8.057370539567415e-05,-0.0003012573047476852,-0.00020510454818629348,0.0006944904771490172,0.000110111923658703,8.597282990200631e-05,8.939200000625678e-05,0.00015241425487938354,0.00010647058848463884,-0.0006147685010915006,6.0906193922510167e-05,-5.439124884695217e-05,0.0002640888701576375,0.00040507375703110213,0.00013377141350863988,-0.00021336424676249565,-0.00025735095411428486,-8.121218433847284e-05,0.00032288422764236867,-3.556604081590615e-05,-0.0
2024-10-01,0.000597337797303992,0.0005544918981133112,0.0009093641639237994,0.0005879577511276491,0.0006810221843843221,0.0007577758617630876,0.0005822515261452708,0.001063153041662138,0.0011483263028339735,0.0008225983236182739,0.00045597005485029053,0.0008749311229860969,0.0013233035475879638,0.0006522109417727935,0.0009870689302187553,0.00045170157983835565,0.0012977191345156112,0.0003413784315260174,0.0012755506095141218,0.0008496229553936576,0.0
2024-10-02,-0.0005786989055984128,-0.00020083505391396144,-0.0001875212356534262,-0.000782189621119811,-0.0005575191415066684,-0.0006827553883707317,-0.00021785921406815013,1.4985142597045977e-05,-0.0009941840170866636,-0.000130813123004242,-0.0005849849599845192,-3.9543928788277066e-05,-0.0002661113456507769,-0.0010625129157718128,-0.0011846995873603051,-0.00035990955844476536,-0.00045616424293428164,-0.0004357037417297372,-0.0007527189169768745,-0.0002531480370612405,-0.0
2024-10-03,0.00022649844447126315,0.0005905843145875644,-0.0005622257578695128,-0.00025068290594560717,0.0004795205712640989,0.00022674280068275604,0.00037203605368893433,0.00017186872401962018,0.0006722656182607663,-0.00035205367631500586,7.783479303198206e-05,8.375007450856181e-06,-0.0001253229544725364,5.1436102735196686e-05,8.749904998106509e-05,0.0005752271277639225,0.00015229455637610537,6.698016315865714e-05,-9.862353918188663e-05,0.00021508384464651953,0.0
2024-10-04,-7.671259638355897e-05,0.0001076920123353024,-0.00034005427600287914,8.723238581573757e-05,-0.0009240129112404344,-0.0002822243044149989,-0.00042437108626512394,-0.00047568915323514284,-0.00041176194964861714,-0.0005567358651174003,-0.0005809111748203509,-0.00036351486209641124,0.00011439268242512877,-0.0010263666797442064,-0.00043597270761629544,-1.1000204080273081e-05,0.00042003267118917675,-0.0006984691159582386,-0.0011887648386627312,3.359684784586559e-05,-0.0
2024-10-07,-0.00018541133599379067,-0.0002812744112767007,2.7795133077546687e-05,0.00021511384386012786,-0.00036706781215978804,-0.0003444314689855764,0.0002012387055773253,-8.206861968828335e-05,0.00019066903960128224,-0.00012294786859708666,-0.00016374879990281474,0.0002462733878078257,-0.00034221220316461225,-4.4861059795356684e-05,0.00028815883960076684,-0.00038922774749724267,0.00016214724207890978,-0.0008352163481976677,-0.000723005709960992,-0.00011640078747951539,-0.0
2024-10-08,7.339437648253784e-05,0.00011167616988514728,6.277571284553559e-05,-0.0001253408063909922,0.0004711247530725263,-1.7320687033982694e-05,9.474418440521209e-05,-7.452735112917919e-05,-0.00021454349830236151,0.0003845507627419085,0.00020664287190293634,0.00010885585998902563,-0.0008774291884479095,9.250339836214762e-05,-2.8506110640592477e-05,0.00020595448764489915,-5.728037944246008e-05,2.157507256641352e-05,0.0002556998975359159,0.00010572898985363245,0.0
2024-10-09,-0.0009242965865360933,-0.000940557965013093,-0.0001747364367848369,-0.0013008933965066678,-5.325950749112523e-06,-0.00015019605253651985,-0.0005613370228846526,0.00023840952461812813,-0.0012105981886725119,-0.0008356458487009614,-0.0010558648857956871,-0.0012238304301133204,-0.0010682675624632742,-0.0008154028955142285,-0.0004505243269180617,-0.0005775773911573901,-0.0012663705465643426,-0.0003089216009616484,-0.00019965803966175537,-0.0010119909110441843,-0.0
2024-10-10,-0.00022981642633976661,-0.0002804658785647421,-0.0002174751510683399,-0.0003190794374764676,0.0008820075846323535,0.0005575847069256481,-0.0007080763283098546,-0.00011788304788678897,-0.0003841998619997557,5.669183127660276e-05,0.0001766024632620703,-0.000565651708335197,-0.0007422272211662416,-0.00025033420767237415,-7.689241387966053e-05,0.0004471529755800652,0.000297949327130284,0.00039919715801149414,-0.000197027653885778,0.00041963412820579586,0.0
2024-10-11,0.0008047285419272467,0.00013868562533853588,-0.0001796382254653387,0.0011187764002263017,0.00057257646491391,0.0006141250503404107,0.00019947929215569416,0.0007246721557051178,0.00041523583768103,0.0003052176150714512,0.00015520061356786658,0.001175649624512396,0.0003893429674924809,0.0007120555888243376,0.0002959149471535324,0.0006622022303198461,0.00030552012108772084,0.0006335250484951025,0.00030850059035966764,0.0011584855197313572,0.0
2024-10-14,3.409918341620139e-05,-0.00027638984589969414,0.0001601230378424261,0.0001185216757197293,3.974669841468671e-05,-0.00010354859155306413,-0.00044243422093411124,-0.0006654189563378571,6.057353526863993e-05,-0.0001125753556286881,-0.0004887341416001267,-0.0007267636232931615,-0.00017712592131516734,-0.00014668467274078854,0.0001453392777167037,-3.022517102806498e-05,0.00011052084515163537,0.0004264446586411209,-0.0006535078240932288,-0.0007759362666725023,-0.0
2024-10-15,0.00023892314268567788,0.00016594389102687437,-0.00010951181093986862,0.00010078286825610379,0.00037699566175719524,-0.00043203630256636563,-3.334385802123603e-05,0.00012681101737951526,8.76770721755851e-05,0.0004427547657473234,-0.00015065332263476517,1.9398561545692083e-05,-0.0004611639502067782,-0.0005855892307657219,0.0004537435133141743,-0.0003469818542250122,6.21814266557562e-05,0.00014030892345604718,-0.00030431668916971116,0.00030815798745267213,0.0
2024-10-16,0.00039494099883270923,-0.0003794552190302749,-0.0003211333054752841,0.0009469618608432597,0.0007701604118978796,0.0009040601071010959,0.00033012272825170386,0.0001957948528794957,0.00020213864325536917,0.0003310047087940719,0.0007510789363595867,0.0005992232957742206,-6.39375846948529e-06,0.0006861747147268408,-0.00015269539093250233,0.0005850247877185857,0.0004433395143031698,0.00022579589299485963,0.0007209679391475415,0.0002472442024748665,0.0
2024-10-17,-2.4770845809200112e-05,-5.6411986774971765e-05,-9.418210828831277e-05,0.0006525287280827922,7.240020006274675e-05,0.0003290485432668982,1.3581814338913777e-05,0.00019925010982732233,0.0003451925352012678,-0.0001664829482546801,-0.000630037489385228,-0.0006589391282473881,-0.0005103883547590981,-0.0003577961159174294,0.00035732906037597763,-0.0005438953666956672,0.0002782726864497791,3.103291837726224e-05,6.50960455710296e-05,-0.00010755962401308421,-0.0
2024-10-18,8.735783313100248e-05,0.0003699916912575193,0.0002674224022621312,-0.00017440602949891432,0.00017552249472306322,0.00010884216599605967,-5.705437146927944e-05,9.01578607932615e-05,-0.0001554915069560041,-0.00016918655460652286,-0.00031056702426842,-0.0005298744065414683,-0.0001889336194750355,-0.0005950760078828186,-0.0004999696308145134,-0.0001287437062484613,-0.0007825755038677085,-0.0004181218334555994,-0.0007553947002069158,6.358812860001477e-05,-0.0
2024-10-21,-0.0003099611584970472,-0.00023987144523972102,-0.0010606514627617542,-0.0006547865240098154,-0.0004993179981852115,-0.0014781067933591836,-0.0008684599796265326,-0.00013978295161524583,-0.0005300813827093372,-0.0009140171385261543,-0.0006209542784456856,-0.001048631379861523,-0.0008706561595015125,-0.0001491031850100411,-0.0014428822811694613,-0.00084319982542495,-0.0005951878170973251,-0.001081167252703211,-0.0004118800835051561,-0.000659227972793804,-0.0
2024-10-22,0.0005167352613894591,-2.0332851461023915e-05,0.0009826870194159858,-1.951804735585418e-05,0.00039154738947801154,0.00020306199443666706,0.0004238240083651399,0.0006789678636499024,0.001268960052874322,-0.00016300442929201184,0.0005754245484770848,0.0007944620255897024,0.0005013535406407024,0.0005356588089335147,0.00018505251631065303,-2.9271313578950473e-05,0.00018137089263252704,-0.00015751367880475784,0.0009692455437537607,0.00033110337668537437,0.0
2024-10-23,-6.343256895579038e-05,-0.000517224612218805,-0.00031713045158780783,-0.0001284643654911087,-0.00037032922901224696,-7.206254829715254e-05,0.0006029472944236916,-5.1879146397249205e-05,-2.9645120642811616e-05,0.00038955915987859706,0.0006380050891300092,0.00066804294661849,3.077568484926499e-05,-0.00016788133686154236,0.00014765445939943103,0.0001794969634439261,7.52475514397937e-05,-0.00019165933930551416,-0.00015888203898417708,-0.00015631055010301755,-0.0
2024-10-24,0.0002125596922932443,-0.0001165163596750196,-0.0002441631823410568,-0.0008113581118223276,-0.00041581209550652006,-3.986572997762546e-05,-0.00040404643511332853,-0.0006352964173965203,-0.0005283079942304185,0.0002931613459413973,-0.0004199629784724043,-0.000532795482730075,0.00026469534196142246,-0.0006902463137068429,-0.000792494575099146,-0.00028347924300824927,-0.00010311206350090405,2.442301137223703e-05,-0.0004926446589054764,0.00025396320294343545,-0.0
2024-10-25,0.00012500734082791852,-0.0007672540171749005,-0.00038045384843162785,-0.00048350963419559005,-0.00014996499852849897,-0.00011936014807404029,-0.00019207955908969972,-0.00025784954440325093,0.00021056219604608398,-0.0005895386443430753,0.00022551981717644075,0.00024112139037354402,-0.0001118999171843639,-0.0002650797054867531,-0.0006331989072964918,-0.0008084474154541121,9.546854537420608e-05,-0.00046036851692790587,0.00023411881087751773,-4.2207944585917186e-05,0.0
2024-10-28,6.585723502204655e-05,0.000226833448400174,-0.00014104325490938224,-0.0007609628550915737,-0.0006061272726893489,-0.0002442019914153525,-0.00039918973949807003,-5.407781897531812e-05,0.00010030310728257507,4.546452164687417e-05,-0.00018962401708620233,-5.0312945239828957e-05,0.0005604830067021487,-0.00029672680016475816,-0.0003182946674477203,-0.00022795740062034418,-0.00039373087317644284,-0.0004907446694848195,0.00018769542029222454,-0.00044018313934850325,-0.0
2024-10-29,-4.607888113884236e-05,-0.0002158494744805583,-0.0001862283314462989,0.0002339601326206753,-0.0007545717968923945,7.550632775124692e-05,-0.00011260480940346483,-9.08092931997252e-05,-3.815823669397373e-05,0.0001582556379855707,-0.0001764433393479367,-0.00024135275756907265,-0.00013625460659976422,0.0002689519923557744,-0.0003472884375990334,-0.00027895857521474085,-0.000547943858347014,0.00013591235175504707,0.0001411198589625432,-2.1938338686699172e-05,-0.0
2024-10-30,0.0002743080981767153,0.000808145036818234,-0.00033974560679728713,-0.0003695549797787176,2.765269449344883e-05,-9.793558027876974e-05,-8.989656808988692e-06,0.0002754878360701615,0.00023514884458870767,-0.00025094738801323006,0.0002678435966321792,-0.00039391427237515616,-9.553903405305772e-06,0.0006018476817253646,0.0006233754826819439,0.0006137603130436755,-0.00038438764783972173,4.919819365117435e-05,6.269501190315208e-05,-0.0001211107543193861,0.0
2024-10-31,-0.000660021751911206,-0.0009785174816263652,0.0006024641059039063,0.00030848029578123455,-0.00047695283133602394,-0.0005812872107117329,-0.0009714041786671716,-0.0005801844797022677,0.0001530883724337067,-0.0005349432100153158,-0.0009180457919114293,0.00043336078342176906,0.00045371826611949497,-0.00030149977952347295,-0.0003518583193772077,-0.000810931226353323,-0.0003276681672117608,-0.00043082664994903544,-0.0005056403007241329,-0.0002956048955830172,-0.0
2024-11-01,0.0005692864687218997,0.0006148000823567257,0.00012402887491140817,4.2802846023506786e-05,0.0003453616273570988,0.000371402752453715,-0.00020786287084299161,0.0008315479760406611,0.0008010438038828708,9.621098320191526e-05,0.0002764994998946963,-0.00033866414821083474,-0.000332522161958779,0.0005095884701871792,0.0005349107203258178,0.0009682066353719135,0.0004830399221617773,0.00016377848668907235,-0.00029741459287508444,0.0009011806808201318,0.0
2024-11-04,0.0006097509125445265,-0.00042128021855812316,-0.0005591640207302683,0.00022197034170073904,-0.00019159388137910403,8.236787049920034e-05,-2.903557685955404e-05,-0.0009015414634851114,-0.0004270875289123399,0.00027922924047221184,-0.0002283366894271832,-0.0003118653507726665,-0.0005795396425866461,-0.00045937982928450635,-0.0003127105215708914,-8.625015540737467e-05,-0.000505807623621851,0.0002903105965947228,-0.0008165216636385918,-0.0004017880683889363,-0.0
2024-11-05,-0.000316787425021211,-0.00029507975403807955,0.00015782904585313022,-0.0003109194167990044,-0.00011456900347171778,0.00010331770884373862,0.0002694451012744098,-0.0003818047454650776,-0.0004039837846439542,0.00040218381061414793,-0.0004813121123458429,-0.00040635671514761964,-0.0007578272756494173,-0.0004836278732001452,0.0003681784887147226,-0.00027845993347576196,0.00010985719788899157,1.596467965538731e-05,-5.3428878699844126e-05,-0.0006521636148480458,-0.0
2024-11-06,0.0005766233598401641,6.383738302589546e-05,0.0011789012001878318,-4.519828267712491e-06,0.0004547299937355517,0.0009311479252043689,0.0011181292183310286,0.00016376474648233095,0.0006880594136272051,0.00022613363153830375,0.0006995767052989756,0.000890996158485304,-9.786788395708237e-05,1.8268601267277305e-05,0.00023375574533012332,0.0003974606214331306,0.000503766661470941,0.0006410111886548147,0.00035328810181843313,0.00039325360993128526,0.0
2024-11-07,0.00016740579842773124,0.0005219410716889628,0.0007253281114584632,0.0007679618605877149,6.162261649201288e-07,0.00035028791676445316,0.0004104471785722428,0.0002419541484041843,9.329899083991458e-05,-0.00019304416837593954,-0.00028365761733868536,0.0006183685868136495,-0.00039063336832456045,0.00042545086840423867,0.00029145857832283507,9.746654458183539e-05,0.00029121517545130447,0.0003969231704837074,0.00040248006560463705,0.0005966045829188941,0.0
2024-11-08,-0.0001401542570820043,0.0002667581161910064,-0.00039677810994257726,0.0005268121649891299,0.00033829518226239876,0.0005683012667331683,-0.00032314363604724484,0.00045761136371510834,0.00033976106768919605,0.0003053977608871397,6.450971630499255e-05,-0.00031280148557512604,0.00023781001515773428,0.00034198191600416324,-0.0005191087298751772,0.000143771491702235,-0.0004713825333825542,0.00017941442707612948,-5.0484131595382343e-05,6.943905682540983e-05,0.0
2024-11-11,0.00028513994199262546,0.000364696677246482,-0.00018569995928108515,-0.0005842626778261288,-0.00029415696765487935,-0.0008953390206671841,-0.00041972240719755587,-0.00035290103865795816,-0.00010940539374809446,-6.852762608264482e-05,0.00020894815817538862,-0.0005352496862677757,-0.0006946194970144356,-0.00043191562169405664,2.5705160059958e-05,-0.0005323527038846968,-0.00040922590235785937,0.0003973010493706814,-0.0002337501647323322,-1.2545660262054277e-05,-0.0
2024-11-12,-0.0003859654109473277,0.0002112034506903673,-0.0008128921053253853,-0.00026124123165098307,-0.0002947806947695816,0.0005754176920852043,-0.0006758208728010833,-0.00010537293648724893,0.0007914034581640641,0.00029688168707985723,-0.00021853247754969297,-0.0006819929004944167,-0.00022068749066131972,0.0002684678441412768,0.0002464311260815365,-0.0001823564852253586,0.00017685831041778068,-0.000283271089037799,-0.00013455505785812496,-0.000362967369053515,-0.0
2024-11-13,-0.0001421407956207768,-0.0001843999893637223,0.0003413988536623148,-0.0002928336846579567,-3.9340953631968375e-05,0.0008040873843277925,-0.0005122045979174923,0.00025328496302783006,0.0005510120728834124,-0.0003529066069532378,-0.0003145293614932884,9.237526017688192e-05,0.0003204631806427459,-0.00010808183548362617,0.0003328419943293181,-0.0003507754673467329,0.0005107928334641903,8.744251888230276e-05,0.00028333528169699723,-0.00011734053341847952,0.0
2024-11-14,-0.0005453227033392682,-0.000338210200767366,-0.0005597658439415277,-2.6385041017665863e-05,-0.000239316338591592,0.00018386351738710615,0.00010441788520216476,-0.00010004839450877337,-0.0003717668497999044,0.00027301723162001767,-0.00047629805598668745,0.0002603221226630129,0.00016966994373577082,4.455560985962573e-05,-2.816975293505062e-05,0.0002602437745297151,-5.0904008537704526e-05,2.6770086974175562e-05,0.00031031812844188253,0.00023453902648768574,0.0
2024-11-15,-0.00028537783106103256,-0.0005001130010621747,-0.0002999374604662474,1.75238866809121e-05,-0.00020393399562021797,0.0002851450421191239,0.0001678669049251252,0.00011185396316965987,-0.00020600539947700968,-0.00028219411677643064,0.00011385259766437956,-0.0001730345547696826,0.00011941875843134942,-9.662961703992964e-05,-0.0005472582727296966,3.862440710385598e-05,0.0002835608490285305,0.0003057528580593093,-2.617974776143941e-05,0.0005397883572103269,-0.0
2024-11-18,-0.0005983141377713725,0.0005084177645541116,-4.458876294139473e-06,-0.00012633025458580146,-0.0001976120872115665,-1.765388317099343e-05,0.0006823703524913165,8.323435284861543e-05,-0.000685061383778573,0.00021822426290850133,0.00031507899870830545,-8.792480999110103e-05,0.0004049406305827166,0.00042468731226797334,-3.3634343805045295e-05,-0.00016528235463885398,0.0004952197379930875,0.0006168896807587173,-7.482225223447999e-05,-0.00013953867957453966,-0.0
2024-11-19,0.00016326928075128315,-0.00032748798997409305,9.980329173742513e-05,-0.0006883241536675196,-0.0001524410737244643,-0.00013531555990528511,-8.490448914177743e-05,-0.0004444642364565175,-0.0008047504595120886,-6.905544618608865e-05,-7.328982105813458e-05,0.0006030731153102569,0.0004919223357025812,0.00011718359819981623,-0.0002914044669001507,-0.00013712765754516214,-0.00038878548709337746,-0.0002737905716061867,-6.707409100011992e-05,-4.168485063555188e-05,-0.0
2024-11-20,0.0005739362126800739,0.00011922046690354022,-0.0004863321540764231,-0.0005923445446991121,-0.00016573269876310947,-0.0006466400927178603,-0.0008853861485960585,-0.0005498164785977467,-0.00035456793482712567,0.00027209718585008403,-0.0005529307183822783,-7.0708566466293e-05,-0.0008195801228121821,-0.00041927036452361194,-7.517549560041337e-05,-0.0006304402302092526,-0.00029033833429074543,-0.0002513093639932864,-0.0006710949618574565,-1.3559601372112212e-05,-0.0
2024-11-21,-0.00026910320583039605,4.466668713604085e-05,0.0003882153670704249,0.00010459249172525112,3.0657831736867584e-06,-0.00016434907998018363,-0.00018243435871967938,-1.4892346515802411e-05,-0.0005499810833457307,1.7771728192329677e-05,-0.0007999504192755776,0.0003335188312282936,2.8842505115801046e-05,-0.00011244066189466104,-0.0002886393774313169,-2.9044298162144017e-05,-7.355798130878388e-05,-8.152876649605702e-05,0.00023848876979866134,-9.424841182710185e-05,-0.0
2024-11-22,-0.00032244653957421544,0.0003799621514184693,0.0005138795892563788,0.00018490954718565706,0.0007909482797004774,0.00047792319482433266,0.00016248244397612337,0.000693467802736004,0.0008176962934640238,0.00015663535664487064,0.00029462398504922913,-0.000529505858590454,0.00016135225070364192,-0.0001544861183699991,0.00010404686633138085,-0.00017403876924302087,0.0006446527974918832,-0.0002372469065823838,6.439979743855114e-05,0.0004882340398680431,0.0
2024-11-25,-6.228002691083095e-05,-0.0004908167099010273,-0.0001529264139770385,-0.0004834377977601797,4.60677902717624e-05,-0.00024317687379427942,-0.0005491154537162648,6.956803306484263e-05,2.712025602239124e-05,-0.00034039422238115727,-0.0005994852346191614,-0.00018573826583987628,-0.0004165326640789284,-0.001148697622344699,0.00038034027318193634,-6.035145157014634e-05,-0.0006831408155131679,-3.985423024207015e-05,-0.0004309667641443314,-0.0006450628563043022,-0.0
2024-11-26,-0.00030077849742106145,0.00018480977213525227,-0.0004817356714725847,-0.0003653149698170094,0.0006392308009930073,0.0006827942451409916,7.20313744794459e-05,0.0006810265670843468,-0.0001423913724002634,-8.567333921147636e-05,-0.0002587419386001749,4.0111331878007446e-05,-0.0005583405560846175,-0.00022764515248394093,0.00023348670405824368,1.2506467687376946e-05,6.3409656983609e-05,0.0005219864796473741,1.3720555613256874e-05,-4.6857291595423015e-05,-0.0
2024-11-27,0.00022782781710420003,-0.0002321406137005186,0.00036948268658719386,-0.0004246069922445227,-2.9024873711152318e-05,-0.00020194829680279076,-0.0006457645479836759,-5.471229074905667e-05,-0.00033691053216581754,-0.0006470019839196862,0.0003265232002570533,-0.0006618416314485728,-0.0003924485827145425,-0.00028291551562753645,0.00015392102535956946,-0.0003715931377501206,-0.0003185751409567575,6.606150588246032e-05,-0.00011465209284787633,-0.00044365809773730283,-0.0
2024-11-29,-6.209563774366553e-05,-9.372959472314907e-05,-0.0002467728570447347,0.0005111575415250794,0.0002308712422340777,-0.0005174790042824842,8.099100491273997e-05,-0.00010923118188131765,0.0005510326470198047,0.0007249597888359664,-0.0005743229753646255,-0.0003255739410153212,-0.00010618853508344518,0.0002149213759264012,-0.00014535564842169704,0.00023509660738439738,0.00018702520336726696,-0.00019600489038776723,0.00012950493468777204,-0.00055320260368553,0.0
2024-12-02,-0.0003233485238169097,0.00014118900578861146,0.0005065041846176793,-0.0004901962206123629,-0.0002807194656314868,0.0004990449766584563,0.0001228874757017264,-0.00012684640874458886,0.0004973403270440278,0.00047214204536972495,-0.000656512275536993,-0.0001770189716380526,0.0003771792332785174,-0.00015597407366616924,-0.0004960192303482009,3.166172524630642e-05,0.0003284004423492776,-0.0006112514339896242,-0.0001505929098527239,-0.0004083486349229274,-0.0
2024-12-03,0.0003566350816819219,0.0003685299879655157,0.0011266884961168564,0.0006712083100327337,0.0007080254403163288,-8.413771198012564e-06,0.0009158284457740916,0.0003791025397889779,9.251095840673294e-05,0.0003572140137787727,0.0004998842313071794,-5.077821009529248e-05,1.4564009712414448e-05,0.00025469614641441255,0.0007922990928524553,5.2950095548509595e-05,0.0009359739222161376,0.00064330374820315,0.00099460744169072,0.0005757936223776627,0.0
2024-12-04,0.00041127467511417896,-0.00013202114876376735,0.0003306796797106533,0.00016416904344014282,-8.291390069406295e-05,-4.8218561086855564e-05,0.00025791208202536703,4.3261980174564196e-06,-0.00022258113414518608,0.0003910666959476488,1.2238275993625947e-05,-0.00013104865356305677,-0.0006814197263838683,-0.0008805358584393174,0.000673416340377743,0.0005995101507998298,0.0005828271218312732,-0.00023143563803014,0.0001751947543289268,0.0003408501129801358,0.0
2024-12-05,-0.0004434904080925969,-0.00015113411180394615,-8.654231114185055e-07,-0.00027787720717565645,-0.0008778044772285881,-0.00026367915150412566,3.0742028203639817e-06,-0.00022721792463699603,-0.0004610239264494861,0.00035728738167654147,-0.0005431061575584368,-0.000515902093471646,-0.0003552952215841742,-0.00017334050413686563,-0.0008269603727260178,-0.001238214965982921,-0.0007221427879656381,-0.0007028688323574995,-0.00045543163765331314,-9.37073351498354e-05,-0.0
2024-12-06,1.9403796130654603e-05,0.0001705398018049632,-0.0009088083078206503,-6.363114815253931e-05,0.0007212895697076879,0.0003359440461013945,3.860018188851621e-05,0.0003434821013016763,0.00033891822069704013,0.0006380270201534347,0.0002874971690734899,0.00038714579466191297,-0.00024081584299929642,0.0002618966378029011,1.2187064443677068e-05,0.0005659157425012047,2.801619999150804e-05,0.0002640185253870653,0.000831395725361162,0.0003762674029183719,0.0
2024-12-09,-0.00028103895398715853,-4.043259012718764e-05,-0.00028083933384312503,-0.000335522797911058,-0.000649905229028394,-0.0007123391256805503,-0.00032344953701588755,-0.0006239346301422333,-0.00038648068336705866,-0.000327945324032688,-0.00012177393753288702,-0.000452693365312216,-0.0002519524695218597,7.184572184937795e-05,-0.0005344779822740528,-0.0002665891684195065,0.00014180776675969456,4.551212927555436e-05,-0.0004950500686306503,-0.0002940805961100104,-0.0
2024-12-10,-0.000601319705991402,-0.0003160504969916958,0.00023033698866268634,-0.00015857288433060717,-2.696463599952894e-06,-0.00041110500208917057,0.00032060903918295594,0.00022364620724440697,1.937739106181425e-06,-0.00019214481989833184,-0.0004976528225523936,-0.00030757006869287643,7.256119982619437e-05,-0.00014516736880813114,1.2196326685413823e-05,0.0001889913414233179,5.636907419793608e-05,-0.00027362272379342315,0.00048107728995763337,-0.0008112020451239184,-0.0
2024-12-11,0.00022972499013513818,-0.00032962132778295924,0.0004211269547976089,-8.916875400721822e-05,-0.0002142998032577063,-0.0004159579029324342,-0.0003966045987422919,-0.0005511806126867964,0.0007662449657190704,-0.000520889140421897,-0.0001132126432358965,0.00044218910455469217,5.653010698856474e-05,0.0004887357881079588,0.0004748300544395696,0.0005964278818557424,1.1939745343072662e-06,2.0694419577591165e-05,-0.0006242079600330807,-0.000308114610795485,0.0
2024-12-12,-0.0007536337876424284,0.0004710872128521521,-0.000570036088401228,-1.6419881691281325e-05,0.00025994009605345865,8.261512346915978e-05,-0.00027822252006214825,-0.00020854598548349185,-0.0006265308087411142,0.00014080979053563423,-0.00011407097797440062,-0.0007409232622385387,-0.0002756590910057592,-0.00032452140738655015,-0.0002646689317201029,-0.00028503845697203496,-0.0004628286237460427,-0.0001709014591286721,-0.0002781928872236785,0.00025332979502111085,-0.0
2024-12-13,9.816347937725853e-05,0.0008011133934972628,0.0001542655430725106,0.00041649164429250987,0.0006986118440646613,0.0006532505741257416,0.0006604712316521607,0.0006519726648539627,9.874504989508267e-05,0.000705469312555307,0.000311518355539638,0.0003271795656066991,0.00019470052167524862,0.00024004081618423157,0.00012678512491833905,0.00012319692904990548,-0.0011301637516837272,-6.515067329763168e-05,-0.0003349262150543497,-3.9726652382737505e-05,0.0
2024-12-16,5.313692762936358e-05,9.936934982049888e-05,-0.0011106361166618403,0.0005523189080435196,-2.6694554808942473e-05,-0.0006292032276299936,-0.00029240872968311197,9.741102177689725e-07,-0.0006915541120131095,0.0002328572844087268,-4.2241557555396245e-05,-7.375396076265832e-05,8.248206277575732e-05,-0.00012691557561051974,-0.0009049241221419984,-0.00010218550750353134,-0.0007610861301728142,-0.000341440073614061,-0.0006925712156613487,-0.00023774825781090633,-0.0
2024-12-17,-6.117621881327018e-05,-0.00031110484052463555,-2.3343911537636818e-05,-7.228044543272053e-05,0.0002723807709293013,0.0001762012492048164,-0.0002743070212797232,-0.00029445582461629083,-0.00045311645372647614,8.049434595806214e-05,-0.0003716739854304428,-2.178016868750138e-05,-0.0005591358975177441,6.28039076395868e-05,-0.0005001934965424334,-0.00057039236180915,-0.0002691011751814215,-0.0007259508665811426,-9.530496995751782e-06,-0.00014616790510715041,-0.0
2024-12-18,2.7789380912760397e-05,-0.0002898916149118409,-0.0008348761851421692,-0.000869225568463659,-0.00018042036093088531,0.00014489997574167987,-0.0002774114423577418,0.000512177173544099,-0.0002755072808112113,-5.781168708276166e-05,-5.679880751236001e-05,-0.0003491293266416914,7.413834707364481e-05,-3.291219745954383e-05,0.0003456585522892388,-0.00029536459706486185,-0.0002737611238183736,7.715878615627996e-05,-7.869195798100509e-05,-0.0006644631916622931,-0.0
2024-12-19,-0.00017476861798928296,0.0003371819630040598,0.00023847131613602228,0.00025678627988468027,0.0006446442000919873,-0.0003800945708395662,-0.00011437079799189571,-0.0003123248916508005,-0.0003978209945930796,-0.0005271996886755897,0.00017904717798155215,-0.0005166456409951346,-0.000491918499948142,1.4117693867283567e-05,1.931472457720193e-05,-0.00029892466640012746,-9.021001378178296e-06,0.0008088598267683343,-0.0003671198555751387,-3.654976219509964e-05,-0.0
2024-12-20,0.0007160920170567541,0.00019439468414935858,0.0007190654069700714,0.0002459079761576575,0.0005966953181120369,-0.00037472565034296705,0.0007062431854432835,-0.0003922056772917707,0.0004796796874369949,0.00044194817053219997,0.00033015859788296286,0.000822293891247216,0.0005059194341613209,0.00041030872245813527,0.0006385873445571406,-0.00010163117304852186,0.0005110153445722802,0.0003341901470043449,0.0008819252237144223,0.0008410479050666043,0.0
2024-12-23,0.0005034732111361632,-4.099291829152629e-05,1.5208663637201903e-05,0.0008977369809803311,-0.00013954022350455756,-0.00018745268513619786,0.0005170586113425102,0.0003382143350628483,0.0002272070145611865,-4.136188073862114e-05,0.00014536984209415836,-0.00011625642156102631,-0.00034723205146737073,0.000114721309839168,5.384605074220953e-05,1.68501949567391e-05,0.0009504663584790813,0.0005973469140104626,0.0005817003600530789,0.0001748206387531386,0.0
2024-12-24,0.0006420122266042964,0.0011593448683160964,0.0006605586521754378,0.0010262376676303327,0.0005262292925685499,0.0002647416908801636,0.0005028064049124724,-0.00013815856732229918,0.000571480811508642,0.000691103843445456,0.0004011816580783631,9.073919030488329e-05,0.0006448149000420393,0.0008038855361954472,0.00038968687118234315,0.0007332929041552645,0.0002130212929068125,0.00039491577021941415,0.0004720971482661473,0.00038964470653765106,0.0
2024-12-26,0.0009698510426685923,0.0006422165563619175,0.0005607917495958314,0.000480541046983326,0.000607234586232781,0.0011273836569902576,0.0010527474756865222,0.0003439047619944774,0.0005179515849642972,0.00038693461320996904,0.00042265963771039836,0.0006256672183870649,0.0005801723803305306,5.477947797319502e-05,0.0006470299542286187,0.0008655316261957874,-4.214899275135505e-05,0.00016955585696089466,7.271855370148679e-06,0.0002340561730006602,0.0
2024-12-27,-2.0996498540578435e-05,0.0003464286987619966,-0.00019768191545396644,-3.179237405962745e-05,-0.00038447242192268924,-0.0003144331276812269,-0.00017026340609350873,-6.419121931554112e-05,-0.00034858241106971066,-0.00010532057462371435,-0.0006084901074090132,-0.0005253559287779707,-0.00023993494434344957,-0.0005044918665061592,-0.00017040293850058492,-0.0003427404363782071,-0.0005937199904551755,0.0005029764681055649,5.234863073363064e-05,-0.00037600301433588466,-0.0
2024-12-30,-0.0001311577204731574,-0.0004846632700933939,-0.00037472280698973206,-0.00019018229593726566,-0.0005732687979099497,-0.00031625082076486137,0.0003389481299479112,-0.00013421205560070328,-9.478585843270064e-05,0.0005061578774771866,-7.832666120056194e-05,0.0003780797088313447,0.0003463832520373655,0.000579696555123794,0.0005085372409083308,4.6310655656849325e-05,0.0005921585178615975,-0.00027400702155487143,-0.00014498771807536952,0.00021185231924189418,0.0
2024-12-31,-0.0008060540750863349,-0.00014743803872096988,-0.00010482109311512048,-0.00033451224273441837,-0.00019258296803255324,-0.0002611385516208576,-0.0007160544375763065,-0.00011858365254646889,-0.00039748830691791376,-0.000201006921277963,-0.00016372044413490364,-0.00040419112877216565,-0.000591181122090527,-0.0005632554101852529,-0.0005669964493070961,-0.0004261625527041889,-0.00031286549917183105,7.4261213694307085e-06,-0.00022257205697557536,-0.0003235758899095543,-0.0
2025-01-02,-6.570372812051725e-05,0.0005314608808211059,-0.0007802701136465284,2.4973020682909053e-05,-0.000714110953053283,-0.0006393667581029857,0.0004117104794407705,-0.0006088173351662568,-6.355618900273906e-05,-0.00010235848934090929,-0.000517368213533928,0.0001942774525219395,-0.00021274747670837959,-0.00024039085876405885,-0.0002631254110195374,-0.0008190436089251739,0.0001389368822219543,-0.0001384924223969062,6.710857906270552e-05,-0.00036341901950911554,-0.0
2025-01-03,1.9958127919417207e-05,-0.00016076034224098428,-0.0008116486596868701,0.00021837696924469356,-0.0010550656510544267,8.845914700639224e-06,-9.409853392068904e-05,0.00012929490562013648,-0.0008443948428170924,0.00014838631101864457,-0.00019756327691287104,-1.4101968666263567e-05,-6.501786987259673e-05,0.0003145578015039897,-0.00044881132890614583,-0.0005270174672661221,-0.0003681730058690103,0.00024433841468129996,-0.0003116100155779345,0.00018089142877524282,-0.0
2025-01-06,9.127979620155768e-05,-0.00038331583611565654,-0.000329211972264028,2.2749909298122138e-05,-0.00040394996042007725,-0.0006353564027646942,-0.001254863853574088,-0.0008880939002669803,-0.00018744674979974502,0.0003310426225014928,-0.0003576421225908982,-0.0004280621331734949,-0.0003963332660525566,-0.00033822336222382766,-0.0009743583145279324,4.4581887551042487e-05,-0.00046450428940663377,-0.000316918649630049,0.00015640991961388695,-0.0003850867459908571,-0.0
2025-01-07,-0.0006250506930242632,-0.0006978868063501209,-0.00035877548984109806,-0.00026716009531702197,-0.0005435146073111804,-0.0005796176234299039,0.00028678678802234624,0.0001714754589207434,-0.0005873857185214913,-0.0003335242445837303,0.0003328280653891977,0.00010081996639170094,-3.846065070332187e-05,-0.0005871621223067063,3.218446174588773e-05,0.0001298909423867584,-0.000883929283926027,-0.000703155874864215,-0.0004253438985496429,-0.0004419742918835319,-0.0
2025-01-08,-0.00035473370074604553,0.0003408736842943508,5.934648991017718e-05,0.0008477846024782228,-0.0003287286061485923,9.555861481890584e-05,-3.322580792280811e-05,-0.00020253691123333403,-0.00015131293307530004,0.0001501459941194712,0.0002205178046126546,-0.000265574390021157,8.083484470911565e-05,0.0003860715984194442,0.0005699538247129369,-0.00033883269713780995,-0.00014823345896655283,-0.0002681533657726321,0.00015423340394985424,1.4329617448745401e-05,-0.0
2025-01-10,-0.0001742390787857166,-0.0006036771174604092,-0.0005553939192592602,-0.00047827401509322067,-0.0013774246853042098,0.0002753967954855418,-0.00047095453484356033,0.00020050350221707954,-0.0008646036409872096,0.00019777928371637047,-8.953866145659171e-05,-0.00044921122983298774,-0.000542495934191423,-0.00044174633866450055,-6.747192289202993e-05,5.6369635508503e-05,-0.0003244904444932353,0.0004854852296099132,-7.16541069111041e-05,0.0001224290647585324,-0.0
2025-01-13,0.00021622127003832533,0.000205972177397232,0.0008838092116169654,-0.00033057997618366733,-5.37037615934982e-05,0.0010146918245938622,2.8753743056245962e-05,-5.363200537201136e-05,0.00011181734128507662,0.0004902234002196678,0.0005739985452562203,0.00042627481069612826,0.0006836180725778394,0.00016497850092134266,0.0003226526170573154,-0.00018071661654793302,0.0005321793182803962,0.0003564936634554197,0.0005666664246399104,0.00018902409899337617,0.0
2025-01-14,-0.0009104372971601529,-0.0006762369544707469,-0.0001940337751661494,-0.0007584183359362589,-0.00029358344791405967,-0.0006270069946608713,-9.633931913236871e-05,0.00042285099446109394,-0.00014895267731775778,-0.0009857462643696566,-0.00045360683656324403,-0.00017281902954178848,-5.5574620684929e-05,-0.0009496236151440607,0.00039833647745038473,-0.0004321673821617389,-5.433625530801713e-05,0.0005159884776599611,0.000364617823222677,-0.0005665106604449945,-0.0
2025-01-15,0.0009102543323128898,0.001311422771397354,0.000868383605075513,0.0013156887057043556,0.0005351702287097367,0.0005898852846176902,0.0004751167971956085,0.0004642231715355132,0.0009203447070434103,0.000552792377181148,0.0013009612443663846,0.0005587310977856761,0.0005040075175979213,0.0007411477962206174,0.0009688707032764862,0.0007471419347949264,0.0014668272779402767,0.0006812895338427359,0.0005190291508136789,0.000985911929840018,0.0
2025-01-16,-0.0007602094078625253,0.00028050905445003955,-5.185786359904846e-05,-0.00015028141059339405,1.3484421925945686e-05,5.9706305290717295e-05,-0.00031697403006471296,-0.0007558240573035236,-0.0005199060509563054,0.00014389710896332405,-6.741836673547239e-05,-0.0006584831311117652,-0.00042272433141356464,0.00011675286895727222,0.00016298610623254124,-0.00021552355347453307,-0.00017481816007265829,0.0001317839747517474,-0.0005295688963876245,-0.00023872271852812054,-0.0
2025-01-17,-0.0002982783281713251,1.4367609966326819e-05,0.0003757372195366443,8.243598440937009e-05,0.00048119294298381654,0.0004397353405466481,-0.0001645131187778388,4.0416553785126785e-05,0.00016223019290179295,-0.00011719409029520196,1.010652493096879e-05,1.8704072064578266e-05,-5.1573168661442176e-05,-0.0001249480367640867,7.678135856511084e-05,-0.0002155365010348398,0.00011024490498301981,-0.0004369589113397676,-8.85095161156209e-05,0.00022079385587595726,0.0
2025-01-21,0.0001121871392994657,-0.000761597589554686,-0.00015663848293459248,-0.0005570519187306995,-0.00016742092457411317,-0.0011375270532265605,-0.00044819016127664374,7.43156454492582e-05,4.0043936473136155e-05,0.00014951548732303947,-0.0008082817627138992,-0.0006058276637627189,-0.00020113319490450038,-0.0008006775168009777,-0.00026180378414218994,-0.00030968217940369045,-0.0003633478752091966,-0.0003544470677808449,0.0007178620580687208,-0.0010844570539658665,-0.0
2025-01-22,0.0010982654748602403,0.0010122555921109099,0.0006433887642505619,0.0003289368170217093,0.0008006145725037134,0.0005158463078159714,0.00029436049281845886,0.0007647788508333747,0.00030179227077889047,0.0011666131819479224,0.0003505184443010349,0.00048579277777632644,-0.000293047117947792,0.00030985181085810986,0.0004495084796744222,0.000747005672308059,0.0002398826597129251,0.0012879915478632151,0.0009897820258132,0.0004931005751036132,0.0
2025-01-23,-0.00010562144447121173,0.00019066358010556408,0.0005819205254947601,4.357833378375431e-05,0.0006752296604295122,0.0001486279554669601,0.0005968039506979051,0.0007328870368871342,0.0003086443944097284,0.00011664534328777756,-0.00030491830615423147,0.00016839695259652422,3.802182272940267e-05,0.0001011920471640136,0.0006263837626307738,-0.0001887397150079416,0.00045921220100587825,4.591586687465692e-05,0.00013159850520200403,0.0002299408632206466,0.0
2025-01-24,-2.6433010100433923e-05,-0.0002982485727770826,-0.0005594229407880631,0.00025440143652645996,-0.0002586300644679928,-0.0005857169884131989,0.00017857028486028778,0.0003794370166766499,-0.0006160061068564567,-0.0002833312444809393,1.533903330737347e-06,-0.00015975305173282787,-0.00011179786859706985,-3.7683999795776394e-07,-0.0003036729551513449,0.00013051162831474982,-8.098689060859325e-06,-0.0001579818972160094,-3.4671112671377105e-05,-0.00024560677505924144,0.0
2025-01-27,-0.00035149477872515515,-0.0009847447066033794,-0.0010054777607690156,-0.0004108972015689581,-0.00020980748869424247,-0.0008332784584291066,-0.00022975669950764393,-0.0006788354326759827,-0.0006580003551901471,-0.0005157162753632576,-0.000579624010119543,-0.0004568469999457074,-0.0008605329800028199,-0.0005413690305328425,-0.00023212755560447524,-3.378649062487534e-05,0.0002104522336129188,-8.470706879118213e-05,-0.0003933546809946564,-0.0007886140510344076,-0.0
2025-01-28,0.0006788909027551507,-0.00015957092883701736,3.753176861089865e-05,0.00021946981612341342,0.000398852096685608,-0.00013246541861626043,0.00027393038578533096,0.00034129244512152263,0.0001518453500797737,-8.524100084093707e-05,-7.584055289863991e-05,3.781717692184143e-05,-0.00028622953774560194,0.0006323092932560088,-0.00024288329359705807,-8.012151078115363e-05,-0.00021522697397743286,0.0001084057724765393,0.00016700476894774784,-3.324045561007505e-05,0.0
2025-01-29,-0.00048081301802229196,-0.0008023484282170816,-0.00037671811684895375,-0.00019306146889161213,-0.0004489284777865376,-0.0002825852587684963,-0.0003376841007421009,-0.00028496969297352106,2.4555940579726607e-05,0.00023601661406465142,-0.0007981533920781263,-6.42100092587709e-05,-0.0002524091523054425,-0.0002005866147239958,-0.00013419024507749678,-0.0004978728896639788,-0.0004314687828763958,0.0003688127148336515,-8.827971670565416e-05,-0.0006704703098776245,-0.0
2025-01-30,0.000246599071301157,0.00019092222216094608,0.0006145102962052574,0.0002705277375606886,0.00013380447084192465,0.0007526460527989134,5.6921636187026e-05,0.00017158014201452336,0.00019734987658837284,5.4533197007055087e-05,0.000657774484624537,0.0005542081885571593,0.00023596671086108364,-0.00019244354427488218,0.0012940908900148386,0.00011588569633652932,-2.0726092137533552e-05,0.0003477628762979391,0.0006870266185921069,-0.0006069621513125835,0.0
2025-01-31,0.0007695106210196307,0.00047698282492023236,0.0002391762634620614,-0.00028372037350224747,0.00040359537480362203,0.00035226553553545327,0.0008495340217485581,0.0003032096031753206,0.0011209437033417938,0.0005098524386085645,0.00044032795893059976,0.0009552899181949749,8.537402268115253e-05,0.00025186794129887404,0.0005019912572644051,0.0009205466497257456,0.0003501818071663356,0.0002695912292589769,0.000688787821450763,-0.00017164385945255448,0.0
2025-02-03,-9.927331681723413e-05,-9.638835589502021e-05,0.0002349713093897272,-0.0005106670566865002,-0.0004701096821267916,0.0003592690042601021,0.0003536518373251268,1.2577944163210016e-05,0.00013827142345189383,0.000537281851025256,0.0006248265410675534,8.148686621682594e-05,-0.00043292254808279765,1.757225420495089e-05,0.000466502137123294,0.0005530205811240555,-0.0004316975722791199,0.0001499302687074287,0.0007789798622146748,-0.0003724919372239133,0.0
2025-02-04,-0.00042416458757098545,-0.0005524425019694579,-0.001112893530055703,0.00038239287138401855,-0.0010577367897824596,-0.000667581668162709,-0.00011244573083180054,-0.0001813378053476422,-0.0011226100922232085,-0.00039020803522692437,-9.542144287503219e-05,-0.0009124610389244281,-0.0007516660329112745,-0.0002588689816780509,-0.0003610682629699269,-0.0007801440559492723,-0.0006797734909774145,-0.0010534526805921819,-0.0007236747821725397,-0.0006666939492847301,-0.0
2025-02-05,-0.000789526380010182,-0.0005235242114716988,-0.00027089266954271506,0.0002520493731771385,-0.0004985649872683248,-0.0005158810415701084,9.284489605155872e-05,-0.00045391045494296944,0.00017841264543555618,-0.00011778852241054237,-0.00021752977253135903,-0.0003260754994714456,-0.0007936996585797001,-0.0003267950975504214,-0.001088840303624072,0.00014240167033302537,-0.0006778140356984828,-0.0007176233722087691,-0.00034387798706324025,-0.0006849349071024455,-0.0
2025-02-06,0.0001371920568356452,0.00022011868571569088,-0.00026919417140262896,0.0006884706383748243,0.00035119167306014044,0.00013290696630736365,3.7392729873606266e-05,1.2652964958079285e-06,-0.00024075366609638965,0.0001423408699966042,0.000563330083248965,0.00039447921848982865,0.0007000983632569513,0.00013417919577301093,0.00015024021590101552,1.3776433971879555e-05,-0.0001452673757096389,-0.0002838459378452674,7.017501891233686e-05,0.00019602689195168926,0.0
2025-02-07,-0.0002347487793599238,0.0010162400970271017,0.0004720977836528218,0.0001134223113868154,0.0004180739095341623,0.0005854394410574844,-0.00048493298549736247,0.00010070134539309485,0.0004563158062677569,0.0010009107545286078,0.00044563696083887224,0.0006955056978802992,0.0009542342385992016,0.0010041747115672995,0.0004967075440884005,0.0002914748830275088,7.60607868944045e-05,-0.0007925263075887498,0.0002470277775875796,1.1178150290312968e-05,0.0
2025-02-10,-5.268616569466126e-05,0.00019626069706304576,-0.0003366896261575832,0.00033131962675952243,0.0006727185853073374,0.0006772094796808507,-0.00011438871749547258,0.0009785499570096323,-9.366889773983767e-06,0.0002350324195974573,0.00017010857153902577,0.0007902037132279379,0.00015190826507534147,-5.945496891212778e-05,-0.00041252198711263474,-5.531252069002637e-05,0.0005602269324633495,0.00027248353402381346,0.0004424199185391884,0.0005817205296012574,0.0
2025-02-11,-0.0001434580074075303,-0.0003094201489602739,-0.00031033838410765395,-0.0007546015068947901,-0.0007646066058182724,-0.0004964416580749203,-0.00021619045055836417,-0.000674301663427266,-0.0009060408080898598,-0.00011095479366109848,-0.0005494307245949553,-0.0008099276172583784,-0.0008411019882947583,-0.00016359587485692228,-0.0005291542857078722,-0.001081859255526645,-0.00046751836724638705,-0.000853852215020247,-0.00021765744036387498,-0.0003072604024421894,-0.0
2025-02-12,7.111703562574982e-05,-0.00046548256930214484,-0.0004151797392773495,-0.0003826036494924662,-0.00025099322778228655,-0.00023766052644387205,5.402417140705297e-05,0.0005492459656904375,0.00041865016536372246,3.5156460886255084e-05,0.0003199687829864928,0.00054401571264679,0.00038996108792731547,0.00011446021533193533,6.0702260128486665e-05,-0.00011170713065068853,4.616706145214029e-05,-9.363262611266647e-05,0.0006968781821958286,-1.5317600890977685e-05,0.0
2025-02-13,0.00017521603570623423,0.0008258537949779285,0.0001504711278296698,8.572227390920774e-05,0.00046858110836886095,0.00040832219929453413,0.00014248327236783835,-7.28233045860184e-05,0.00019644675318117923,-0.0003654715171966941,0.0017656130425424822,0.0002791908263559119,0.000501620899266473,0.00011686293116888865,-0.00013860238928215896,0.0001382650154062908,0.00048050266379672955,0.0006097352372321408,4.2152285257953095e-05,0.0003385547773368562,0.0
2025-02-14,-0.0007084088314289515,-0.0006357562322574451,-0.0001408427409773667,5.191320504291215e-06,-0.000734181346041176,-0.000293264583675889,-0.0013266401554990828,-0.0002852528500969815,0.00014296828452685538,-0.0005622787430542884,-5.347172938496339e-05,-0.000799317938965238,0.00019968990863375948,-0.0006986479451739745,-0.000775351600585901,-0.0003031138237131944,-0.0006841052856841254,-0.0007500959494734798,-0.0003374289935551463,-0.0002570127062643386,-0.0
2025-02-18,-7.248341108742302e-05,0.0003750984286853469,8.026766450852199e-05,0.00030655490982452134,-0.00020573334823864622,0.00043807632014354234,-1.5232965155950462e-06,9.641571423338994e-05,-0.000352711313997997,-5.23761614891963e-05,9.495968987066798e-05,-6.919357631527006e-05,0.0007723442448631258,0.00048501368689007933,0.0004542490343124468,0.0002279090997389757,-0.000675720169890015,0.00023048582451642307,-0.00029525790993212075,2.4446430017882067e-05,0.0
2025-02-19,0.00018238860483707597,3.9488489376518854e-05,-0.0004798902948855603,-0.0002666948759231715,-0.0005578660859250196,-0.00015799603374282967,-0.0002895759779722839,0.0005217448878041888,-0.00045912681702355067,3.208297758009532e-05,0.00026721881211108243,0.000510764385332881,-0.0006525551262682724,0.00025004515184354117,-0.0011379640061290504,3.8356723005609785e-05,-0.0002939698385298139,-0.0004455343695654694,0.00022501204114159422,0.00013120207268703816,0.0
2025-02-20,0.0002597122039853845,0.00013789790240702673,-0.0003030446650471566,-0.00019532252814948888,2.222873935828936e-05,-0.0003172428906339322,-0.00032341485340099386,0.000310695432581265,-0.00024263195961506852,-0.00031444577070674875,9.348750790490113e-05,8.293513105500389e-05,0.0003362223506135288,0.00013525262349035463,1.5265832003177064e-05,-0.0004204319350039538,-0.0001732634760879197,-0.0002993123102194104,0.0008677924147775669,-0.0008199142668695591,-0.0
2025-02-21,-0.0014123395016159273,-0.0002853880647403166,-0.0009964772471493016,-0.00025867447535535623,2.544762054051697e-05,-0.00025102799234300006,-0.0002087667617898689,-0.0005022897538978597,0.000487955399814637,-0.00029697664516084,-0.0005856742803522689,-0.0009616531514938369,-0.0006133937412188463,-0.00020859958988342145,-0.00010107007623614799,-0.0007287364898203963,-0.0005121299510905502,8.96998075893606e-05,-0.0005790765435623049,-0.0006870574631568625,-0.0
2025-02-24,-0.00036432173173342724,-0.0002511025331163526,-0.0006434090104116246,-0.0002953910946365496,-0.0004391019813418658,-0.0002315277808664714,-0.00043342554750442486,-0.00028354915381993706,0.00020541420090220764,0.0001740520908838195,0.00019173160376778254,-0.0005152347788987185,0.00010985736391033488,3.499369820205331e-05,-9.15059038453822e-05,0.00045857838548450083,0.0001056069833626192,-0.0002225112711425753,0.000794857658548691,-0.0003525646663610862,-0.0
2025-02-25,-2.9510820277324994e-05,0.0003031436314156336,-4.2341392809198756e-05,-6.0285606962831466e-05,0.00026504987368178805,-0.0002463400461652601,-0.00039864173891536795,0.0004975771015799065,0.00010786293362051685,-0.00019677559475957186,-0.00015182645280930034,-0.0005212853351447217,0.00019299135452587374,-0.00047631464541259504,0.00038990661830304877,0.00013179052600528017,-0.00013277156429967947,0.00034305583848214964,-0.0003971902320937016,0.00027535903201343984,-0.0
2025-02-26,-6.801135150039458e-05,-0.00031125421704001466,0.0001496239816129648,0.00010743973474642459,-5.601737871588814e-05,0.0004050348481384377,2.7505902180695878e-05,-0.00026994600041917367,0.00017023183130670256,-0.0001481589071483992,-0.00041965358254442164,-0.0002912690122201755,0.00023075219143454148,-0.0006046039682375617,-0.0001796293228990017,0.00045611424924270485,0.00030852357384499366,0.000747659425562918,-0.00020506402697032983,-0.00017012350962087688,-0.0
2025-02-27,-1.0877632523084714e-05,0.00012275328993143866,1.5867672607718747e-06,-1.6183387397834407e-05,-0.0007563671608110483,-0.0006411795200278539,0.00014633057334285541,-0.0009806851744253832,-0.00032528317404503375,-0.0005258072660577649,1.7137387257802542e-05,-0.0001242786626170658,0.00020692886283989412,0.0003937831131640598,-0.0004520967453350109,0.00046799054051495977,-2.524137850688434e-05,-0.0002882491262921994,-0.00028206260635209855,-0.0003812593772390541,-0.0
2025-02-28,-2.4206126947056218e-05,-0.00026329496196296904,8.679741381243614e-05,-3.0865485053687215e-05,-0.0004189829972250442,0.0006036236211523824,-0.00025036023199487815,-0.0007849292996818701,0.0008419037762927779,-2.9873931268949024e-05,0.00010344609052037939,-0.0005087925365140738,-0.00033219182544415223,-4.7398490951296106e-05,-0.00011692092830181454,-0.0003523296169794633,-0.000595824068911879,-0.00033815268279023905,-5.9508138146088346e-05,8.255245166788889e-05,-0.0
2025-03-03,-0.00010853802303222459,0.00011977275516770348,-9.496592306388422e-06,-0.00024315311833180689,-0.0003283526266716053,-0.0002245030289634751,0.0004879705621904915,-0.0005751838972902668,0.00015845055026861358,0.0004790039373587951,-6.12149272130148e-05,-0.00015330542397368332,-0.00035663955787833203,2.257951159841861e-05,-0.00013350192002689837,0.0002826593138468945,-0.0008656346735547912,-0.0007290229607219866,-6.187860813747045e-05,-0.0005271385601275961,-0.0
2025-03-04,-5.526132920399274e-05,-3.2560261432479364e-05,3.345071282903067e-05,-6.370381624005716e-05,1.8352564592294398e-05,0.00043249223037176163,-0.0003183969228822803,0.00033763073021149116,0.00025664798864637466,0.0006116532856789704,0.0002375875959845009,0.0006198498673420928,0.0005445568841859872,0.0007607399347628331,-7.100087968703318e-05,-0.00018662940834143774,-0.00022345687897347148,0.00023126842294620702,0.00039652571601879184,9.897434505105054e-05,0.0
2025-03-05,-0.00016513242187100885,-6.223138317827769e-05,-0.0004542202980854014,-0.0004744379014864765,6.662328395600627e-05,-0.00011866007275079636,-0.0005830431171618033,0.0006972376541810382,0.00026510928995264655,-0.0002921752811254199,0.0002566087129505151,0.0004904914754191522,-0.00038788089095894037,-0.00045773899597860966,-0.00014243222760266196,0.0002796007662100437,-3.149009613799836e-05,5.280448590563304e-05,-0.0010461495036371536,-0.0007704556853465129,-0.0
2025-03-06,0.0002910992166000148,-0.000484312962534959,-0.00026106024653089907,-0.0006483571275540345,0.0005381890340912572,-1.4554848494612446e-05,-0.0006360169681940844,-0.0008399004801688472,-0.0005604747726299905,0.0005907690206747341,-0.0001287532787263098,0.0004425219023045284,0.0005433186367494654,-0.0009979153231544535,-0.00038470944526927046,0.0001804940625491716,2.0295159149680357e-05,0.00016109702683967864,-0.0004461574137602458,-0.0003564074104560346,-0.0
2025-03-07,-0.00022591907357519782,0.00011665159976239256,-0.0004264250518507894,-8.85765491784686e-06,-0.0004767268240571029,-6.136814626872414e-05,-0.0005314994477112065,-0.00024429127705074974,-0.00027707515229512107,-9.761083997120539e-05,-0.00012654551808004218,-0.0006170667212486747,-0.00024026852465816156,-0.0005958690056091652,-0.0002595956797965844,-0.0007143183749862822,-5.782237468572325e-06,0.0005238776017567162,0.0006804360075229392,-0.0001285066363613187,0.0
2025-03-10,-0.000556183871296179,-0.0005154211767605259,-0.0008148952829785696,-0.0002424469378651513,-0.0007085831062464085,-0.00023531358847946973,-0.00040002256514132,-0.0005039815225589953,-0.0006183299220605165,-0.0009080261325689167,-0.0007893204735178379,5.452063331475489e-05,-0.0006760451822387404,-0.0007040546356982714,-0.0009148778812031871,-0.0003905322991554009,-0.0004910926142188543,-0.0009143928833770949,-0.0010227338986447758,-2.2240879569908478e-05,-0.0
2025-03-11,0.00020363154009971646,-5.011909686853521e-05,0.0001662925478084997,-0.00034024886585142287,-0.0001758659188908256,1.756097886166218e-05,-0.00019676385295093842,0.0006841118825055418,0.00048513299681244686,-0.00034314069660784603,5.031923848853316e-05,0.0001773725998148704,7.313188089894629e-05,0.00017570106711811183,0.0002793700500052177,-0.00016110148304281747,0.0006026610574178153,0.0008086089102813545,1.3837062169332604e-05,8.614020994277807e-05,0.0
2025-03-12,0.0005537873733844274,-1.4084864176423942e-05,-3.5392949439485e-05,9.851827677337492e-05,-0.00043877781985180196,-0.00019844883058074228,-0.0004694006665666841,-0.00027542328457655547,-0.0004518270858724959,-0.00037394076362068894,0.0005449748828970753,3.3634286924229876e-05,-0.0005407518516450023,0.0004813643748630976,-0.00033926927995840683,-0.00011347833312851968,1.0120580350547634e-05,-9.655132105888665e-05,0.0002164093695259635,-0.0003043452569316629,0.0
2025-03-13,-9.029538882295776e-05,6.298700472342697e-05,0.0010675715898125096,0.00028593349679701573,4.9427548638056514e-05,0.0006596060995514604,0.0001423055153152977,0.00022620783249499362,-7.1987802790230085e-06,0.00013324725565998815,-5.399364765593908e-05,0.0003919676335811715,-0.0005235729322221451,0.00030817953792775974,-0.00040980358244946955,-0.00021333193384774534,0.0001407819038531232,0.0001482660411741085,4.421058265216927e-07,-2.999949255643555e-05,0.0
2025-03-14,0.0006179852563302445,5.8213250166384725e-05,-0.0001966488659437726,-0.00036347815787241233,0.00027252605144586497,0.00029137293781111303,0.0005366771458594323,0.0001896986449053282,0.0002003616316262459,0.00018430972250271484,0.00040573026746627556,0.0005447102367360962,0.0005876995121588277,-0.0006181697031058723,-9.841073850837193e-05,0.0005848691520112693,0.0008452265159509161,0.0002588733177633868,-2.2961710037222634e-05,0.000767162079976833,0.0
2025-03-17,-0.00011261536321816552,-0.0005811734494853226,-0.0005797268707623965,-0.0006196470580045845,-0.001167268964672688,-0.0007972280319558865,-0.00016674493181743279,0.0003763855604229542,-0.0010871392550323754,-0.0007623957700487924,-0.0006663394831857503,-0.001257944563275362,-0.001140125773460633,0.000428163962707399,-0.0004518756068728293,-0.0007765278968507093,-0.0012064975371051793,-0.0008380607262643021,-0.0003797376827423568,-0.001255316190524572,-0.0
2025-03-18,-0.0005878402452563091,-0.0008922233578828823,-0.0010371332821738507,2.8009209783280407e-05,-0.0005311812255314828,-0.0010926040457503291,-0.00023361344478195275,-0.0005145403397126725,-0.0007154968047922501,-0.0008417379971266586,-0.0007028106760661627,-0.0007926988598373054,0.00033013551841343567,-0.0006894155170602948,-0.0003024583394531085,-0.0009871037629026627,5.175555311585056e-05,-0.0009954224493326316,-0.00025226071831796964,-0.0002724511592220351,-0.0
2025-03-19,8.419720781510044e-06,0.0008894495437301968,-5.2834291480860494e-05,0.0002711505632949155,-0.000333830321408573,0.0007432170197342201,-0.00023346858220595014,0.00021399850671961906,0.0002669959699519356,-0.00029566354387618144,-0.00022905157628236796,-4.787956594966189e-05,4.920413203123265e-05,0.0005089511664925058,0.00033462012905559953,-0.00019733645677464968,-0.0008364462512088439,0.00015874542503456016,-0.00012647223190461504,0.00021230688443492178,0.0
2025-03-20,-0.0001152934020598716,0.0003745330382813131,-0.00011580571204284299,-0.000644755691656108,7.204539440402235e-06,-0.00019464360633494868,9.68129764441817e-05,3.404753306657129e-05,-0.0005090401525367663,-0.00030333062110911177,3.867231271393686e-05,-0.0004779854470033007,-0.0003585966361193336,0.0001950615114071001,7.638164173274982e-05,-7.02346727003864e-05,-0.00028865548700891434,-0.0003417450228593075,0.00014465685938888002,-3.727114579569717e-05,0.0
2025-03-21,-3.775527409126243e-05,0.00015020068747477957,0.000341515842951514,0.0002774647860394561,0.0004855680614815963,0.0007927800388498842,0.00022080898494708994,-9.620578572195288e-05,0.0005353740758710932,0.00040036077245783,-0.00012956818678007068,0.00041269390128010816,0.00019992646390827799,5.5319526312918036e-05,0.00023551438566312352,0.0001923354377047016,-0.00014373327767648662,-2.4688525815769226e-05,0.00035318870065939833,-5.5454279378699565e-05,0.0
2025-03-24,0.00017928846545666908,0.0002890598683263527,-0.0002765725664695902,-0.00037844617894531516,3.725229681651429e-05,1.599569437428627e-05,-0.0002827834321024437,0.00021596293182767686,3.909851828980155e-05,0.0004991593025825747,0.0003231926913055171,0.00039116992989828963,-0.0009854063347388908,-0.00020854884766228197,-0.0001405348718346729,0.0002881263210694513,-0.0006954469240605169,-0.00027203596554572514,0.0002540455056308291,0.0003744557206241946,-0.0
2025-03-25,0.00028011779185114187,-0.000509736870345925,0.00012147159364194921,0.00042177112686722174,0.00024915599285621904,0.00024990558451165666,0.00024111351623123408,-0.00022326828791162257,0.0003082159019340584,0.000839691361256507,0.00015543125477340274,0.00019488296068520755,7.304517596874125e-05,-0.00019867208565325367,0.0003430361195430395,0.0003653720270882944,0.0001316869791021975,6.50241955386471e-05,0.0003225668122127052,0.00044104312212364004,0.0
2025-03-26,0.00035954831098009043,-0.0006303148718963178,0.00011298041265365356,2.431845472356063e-05,8.005414851369595e-05,0.000337804781356944,-0.00016646859448996736,-0.0004486055175104604,0.00026630151735302927,0.0005107714831890145,0.0002535198912761582,0.00038530584587636403,0.00019021666835749215,-0.00018349106800433592,0.00041253164161348234,0.0004651782315392282,0.0002446854061611257,-0.0003655003710318424,0.0008716887341352443,-9.68994227937249e-05,0.0
2025-03-27,-0.00026203831056245344,1.0002166095630285e-06,-0.0003410518618465815,0.00011928685878667649,0.00016145077096337086,0.0009537016443631805,-7.603907694311672e-05,9.007485632181149e-05,-0.00023955633726750503,-3.201243801696105e-05,7.873059527555633e-05,0.00014281118016802743,-0.00029609107106546835,8.167368349043336e-05,-0.00011309512908526232,0.00039721150841384815,0.000394598921867675,-0.0009637874392901878,0.00016092017849558837,0.0001480837998066405,0.0
2025-03-28,-0.00041851724777796116,-0.0005430343228919882,-0.00028664178645542983,-0.00025032240864389176,0.00012758131102447084,-0.0008846674506795769,5.99676457869741e-05,0.0002226017475480948,-0.0002912100265478907,-0.00030579777505535894,6.298503006613699e-05,-3.460814180838479e-05,-0.0002810468372468173,-0.0005482424038073007,-0.0004372094690779081,0.0002188276122155652,0.00017897294578929202,0.0002205219519079177,-0.00042239780955848343,0.0003677490855010118,-0.0
2025-03-31,0.00016939655028717785,-0.000653793066194485,-0.000693952698634254,-0.0005699508732959495,-0.00041908349328579215,-0.0005328819339836583,-5.5328969331053605e-05,-0.000812194031055258,-0.0004508909505906488,-0.0003238934270548008,-6.428151014791457e-05,-0.00020319873466493794,-4.9287666517016984e-05,-7.990589033565518e-06,-0.00010925527430361634,-0.00022547543340383473,-0.0005248730917165918,-0.00018789819065819974,-0.0006749260932873606,-0.000400538217347468,-0.0
2025-04-01,0.0001639693540324489,0.0002846213606010597,0.0002362107634369189,2.1458100396652882e-05,0.00018412233564347427,0.00013312173264754833,0.0006060006279160879,0.0002919589084458575,-7.306080217560631e-06,0.00013599092263609492,-0.00014681674578897967,-0.0004179634105611622,0.0002779299440798966,0.0002517713936140885,0.00026002751644070945,0.0011111164502952547,0.0006106367190784539,-0.0006670366193166461,0.0006538088367741299,0.00031516668700279864,0.0
2025-04-02,7.616382808849354e-05,0.0006694791009601353,0.0005429655770696096,0.0002690956419968638,0.00042341573991953044,0.00027275134176185656,0.0005786344937479427,-7.990968594792648e-05,0.00041339620223423973,0.0004915048176180492,0.00044456743570387986,0.0005174701758102196,0.0004871475945913751,0.0010797843653615692,0.0007154603791612702,0.0006276372854569723,0.0005730564384693216,0.0004936995230522933,3.4631206952828736e-05,-0.00010875110680247381,0.0
2025-04-03,0.0006818461324989975,-0.0002136924189062744,0.00010385769640876021,-0.0002250325136202355,-0.0002750555845952452,0.00023726172892323314,0.00021426751211210812,0.0005520624805562563,-0.00012884961164035991,0.0008624967254101707,-0.00036347975267469486,0.0001902191577299954,-8.9771309957506e-05,3.36923937555077e-05,-0.00020041321628519178,0.000287147309911314,7.221042685326992e-05,0.0002621108133845595,-0.00059429465295856,0.0009848424977183527,0.0
2025-04-04,-0.00014302863124920212,-0.00010099351267422396,-0.00032996963914520795,-6.862708181448943e-05,-0.0004941195623642562,-0.00033400960881852475,-0.0002686925694719045,-1.2863709269612786e-05,-8.261688123351376e-05,-0.000167821727622417,0.0001853383118394162,-0.000492343785927766,-0.0007021485496363841,-0.0004527545958845821,-0.0003827412485618479,-0.00040683510260105556,-0.00019976455062297818,-0.0007074172781276183,-7.837847966461728e-05,1.1528875485102405e-05,-0.0
2025-04-07,0.00039892090435394116,0.00019922356593163267,-0.0004086296434003561,0.0002536902368256391,0.0004359738378058792,0.00025919995000535216,-0.0003142444680036813,0.00020154191147554653,0.00037742037030520924,0.0010090837696067833,0.0001560112477290184,1.7714045960373508e-05,0.00010824374914271795,0.00040369422846762314,-0.00028701391886411026,0.00030373674849822096,-2.8677767780919547e-05,0.0005057421390274188,3.78418357297729e-05,0.0008281103018566226,0.0
2025-04-08,0.00019989501943459563,0.00036815903054457453,0.00042990743466177564,-0.0003178245779618593,0.0005363942494204482,0.0002376092161662397,-4.5954844445787195e-05,0.00030622055569780044,-0.00032395971891803336,-0.00015319613556113792,-0.00027655863309018064,0.0008826574157154506,-0.0006053273235230057,0.00015715966764450015,0.00046615757920439086,0.0006539786375950485,-0.00018239061156307586,0.0006451395213656127,0.0010102848764616515,0.0003601574087179581,0.0
2025-04-09,0.00033341232076208714,0.00026081198009935856,0.0001966357365245677,0.0007764912850382507,0.0004735479561948308,-1.800863859844422e-05,0.0001589275174445088,-4.625935418809394e-05,0.00046092925774870915,0.0006139511040753075,-4.74682984298931e-06,-2.3085011772866163e-05,5.607580049815014e-05,0.0007899255534179743,0.00022478248607663215,1.5549429594576122e-05,0.0005857125976723225,0.0008201385771088124,0.0005317006947460258,0.0004470638467891064,0.0
2025-04-10,-0.000302329459779106,0.0002446339056816335,2.1211265065661387e-05,-0.0002995804260747759,0.00027781357921361996,-0.00010573331961717145,-3.832998343977064e-05,-0.0007102937015215151,-0.0007674418740453806,-0.00013436205477104695,4.398863621525923e-05,-0.0002992541855422834,-0.0006542201206231347,0.00026825777196150534,-0.00042957856929361394,0.00020210832602385022,-0.0007610977432216767,0.00037768360172992307,0.00019253508291197766,-0.0004791103136613257,-0.0
2025-04-11,-0.0005459433207545579,-9.539803577583794e-05,0.00039995551763618225,-1.5251950102051886e-06,0.00012082132215402653,0.00019116205997669953,0.00026930876226779517,-9.94889561042312e-05,-0.0006961880464272914,-0.0004155976938495503,-0.0006318454259165944,0.0005111514251272661,-0.0007365521772570664,0.0003355517918784052,0.0006165955367522018,-0.00021078591941820044,-0.00012171005798605737,0.00030064121973418965,-0.00023100142386282447,0.0002896509104665078,-0.0
2025-04-14,0.00018314035275602652,0.0008434536665798098,0.00014904183950994562,0.00047765438094090983,0.00013461528679451924,2.4709216888252614e-05,0.00046952499783357914,0.0003884628242438874,6.411995502422986e-06,0.0005073327656838017,0.0003038261599987813,-0.000232131083014362,0.00041538530689742706,0.0007163021022796977,0.00044655171500174813,0.00013495108665838754,-0.0005790272149395609,-7.934290241536983e-05,0.00042286470040422286,0.0007603939860987258,0.0
2025-04-15,0.00012432249785790075,-0.0002606320412761581,-0.00033672636318797305,0.00013551507892697797,-0.00040969063544484425,0.0006702676363416931,0.0004344133112311224,0.0002161339385328533,0.0009630861142404818,0.000573415188092005,-0.00012543362967529288,-0.00013817743476895872,-2.2976972516602163e-05,0.0003209050776773554,0.0002504808182625855,0.00020587771421518578,4.4543502458692956e-05,2.8215699339397583e-05,0.0001519845053378694,0.0004008145450972696,0.0
2025-04-16,0.00033814402688478945,-4.820072743850212e-05,-0.0003102341280862402,9.965845615779399e-05,0.00019569972189571424,0.00016033244127157812,-0.0002833024352805603,-0.0004297121706836214,-3.545369263521498e-05,0.000480657589360039,-0.00036420808099968887,-0.0002907169950845091,-0.0004930325286634357,-0.0005231098696487789,-0.0007302899081191855,-0.0004970199651185735,-0.0005410286268248954,-0.00017733226958374393,0.0001758954505364969,0.0005028907258540135,-0.0
2025-04-17,0.00015203417057253751,0.00010188584912300386,0.0002400489557862906,1.8673508307115243e-05,0.0003930636604036451,0.00042048901009484696,-0.00022282013091804454,0.00037565742476424656,0.0005969923128231211,0.0002785358090143121,-0.00011045319431086131,0.0002630723401021146,0.00033224494486239686,0.0005406531160130621,-0.0005239421627634488,0.0002828143754861571,0.00030562103197878264,0.0006700401764505202,0.0001902477535807836,0.00017667370472936207,0.0
2025-04-21,-0.0006512828657061086,5.318101156396649e-05,5.6084920598931105e-05,0.0005267203517601981,0.0008036453777969328,0.0004643263598137492,0.00014855765937095227,0.000655190282311966,0.00037583751569943044,-0.0005230361557361365,-0.0001592614880739753,0.00013786582166207717,-0.00038176973588043906,0.000430052080640954,0.0004948110146227007,-0.00023699658994500152,8.549941620044087e-05,8.215949158612887e-05,-1.615239087098136e-05,-5.2805115013091045e-05,0.0
2025-04-22,-2.976598135297089e-06,0.00025381695968495956,-0.00016510818229523752,7.31447168218007e-05,0.0008059859422239223,4.121571657591347e-05,-0.00022211483159647488,-1.1502124587312549e-06,0.00010114453300403473,0.00020429261833152036,-0.0001340746546912559,-0.00028098662871693496,-0.0004075429717800229,-0.00019590943876477668,-0.0007418870122761808,0.0003355494376707531,-1.4121762653755208e-05,-0.00019797255038233086,0.00039611678328668466,0.0001261572712707341,0.0
2025-04-23,0.0010123658772958845,-3.8567908993285995e-05,0.00025928332311334686,0.00024557909134638803,-0.0003985111668573294,0.00047586482116022694,0.00029341939141662655,0.00017454427170678332,0.000378508693925717,0.00034014504709498495,0.00025360332590967406,0.00022009741206051276,0.0004199483027743259,-0.0001100822806654495,-0.000105422250209847,0.0001358679466026155,8.121904891519287e-05,-0.0005276297431089934,-0.00018596148866418936,0.000367125364341019,0.0
2025-04-24,0.00023700286647709073,-0.0010103234650868892,0.00010527379379881149,7.455676243369693e-05,-0.0005307909632345436,0.0004955278198118821,-0.00019105579152755943,-0.00013950893174728265,-0.0002910485448532719,-0.00015629173311547376,-0.0001614577106165459,-0.0001010370763426208,0.0006747638740612548,-0.00010348466656682116,-0.00033844499851340984,-6.870833028118629e-05,-0.00026826357215311224,0.00024229009811451918,-0.0003560217628524161,-0.0001684394640760358,-0.0
2025-04-25,0.00013683167381757218,-0.0006484591595828774,0.0002944889998604598,0.0008619307396797799,-0.0005938765966873906,0.0007292720784070821,0.00038037898081258134,0.00037353654173349947,0.0005816671421417904,0.0005164293747316149,0.0005387011052137512,0.0006303924902261863,0.0006178826506696209,0.0008421208849238944,9.143131783771462e-05,0.0005174342103704014,0.00020996146940020416,0.0005038403423422533,0.00040486597057457304,0.00042704676390001664,0.0
2025-04-28,-4.030367666722877e-05,0.00019306894089496032,-0.0008150477181482551,5.6595601706937015e-06,7.44420472265193e-05,-0.0004669564408718102,-4.130456482233405e-06,-0.00018689914266003353,0.00016511935015278695,-0.00043569990072461377,-0.0003166200436684815,7.573544958459662e-05,-7.726418738938669e-05,-0.0002165331835897886,-0.0003826043824478701,-0.00025577341067458943,-0.00042183624507261414,-0.0005643992885342288,-0.00036232400864200055,-0.00018205525573371467,-0.0
2025-04-29,-0.0004229338702756502,0.00026626314666422735,5.190811653296672e-07,-0.0003217955966722473,7.093440003865535e-05,-0.00018014365878777592,-0.0004157321577421486,0.0004355210823566629,8.628504315050867e-05,-0.00021478421261134474,5.211604836208868e-05,-0.0006778086755275634,-0.00034322394125081446,-0.00016941898378366332,-0.000502173441305744,-4.6834665261940045e-06,-0.00019149913723084735,0.00011256051680996138,-0.00015340749247071426,1.4345938745624596e-05,-0.0
2025-04-30,-0.0004672424331964766,0.0006615124421633559,-0.0002543096969688987,-0.00022049372917556644,4.293907651458704e-05,0.0002174371501588049,0.00034136236843128304,0.0003313140600350451,0.0004487715580435942,0.00037940481756881686,0.00014674179301169213,0.00036498310026382305,-0.00017631246507492053,-4.9766501332856824e-05,-0.00039315483018446826,-6.477074176884026e-05,-0.00017576270219679126,-0.00011334750795133491,-0.0002254263949129671,5.892734790201623e-05,0.0
2025-05-01,0.0001285913039260329,0.00024555058067415517,0.0003170104790566255,0.00023744618319250908,-0.00017942080794174946,0.000568135993684869,-0.0002188436401266898,0.0005476250906441647,0.00032171452756361797,0.0007727235596268932,5.948051030344471e-05,0.00016111799829987585,0.0003100975647139599,0.0001338841434959246,0.00031799449133225596,0.00015052319264624535,0.00038348278229299355,-0.00021665221505165835,0.000639828897685625,0.0003453151054856406,0.0
2025-05-02,-0.0003819802338928757,-0.0008664366683257374,-0.00036110945653881064,-0.0006800499920042057,-0.0004451762788201363,-0.0004411315127167192,-0.00030672164884787406,-0.0005728244908143386,0.00017821374051422143,-0.0008587626103034595,-0.0007478016650275475,-0.00012519070625375826,6.649987701740077e-05,-0.0008213863099199635,-4.080291574093397e-05,-0.0010328020640551713,-0.0010334260412893312,5.176893719553987e-05,-2.7086321480257465e-05,-0.00019144688094683833,-0.0
2025-05-05,-0.0010179112616732699,-0.0005040296248061233,-0.0010242249896790325,-0.0007262460472380898,-0.0002969065183011963,-0.0005599115887488639,-0.00039444120657931663,-0.0006740722716865184,-0.0004398623099089079,-0.0005359403197814822,-2.6981599282239587e-05,-0.00018994574835657995,-0.000214478018052963,-8.264980257962198e-05,-0.0009769728784238068,0.00011466411135156058,-0.0008755779609113151,-0.0010942909498481027,-7.148748725814898e-05,-9.3054733813262e-05,-0.0
2025-05-06,-0.0009580751013608614,-0.0005561217288868625,-0.0005318538175894635,-0.00129710506185268,-0.00029238325899226054,-1.0822920272087673e-05,-0.0002769473648777359,-0.00042610009302111404,0.00017822183410476835,-0.0011103509526016017,-0.0008523785750192582,8.463413584825469e-05,-0.00023361719914356954,-0.0009215690163845798,-0.0004958843243434356,-0.0009722284074489057,9.376051737784229e-05,-0.0005137139628375839,-0.0003142908408735136,-0.0007480174388840221,-0.0
2025-05-07,1.7680394785466484e-05,-0.0003345682176148863,0.00019253674136624705,-0.0005141163206572696,0.00011081862382217226,-0.0003639047877014291,-0.00047085889062948466,0.000447410885036848,0.00022104586204749923,0.0006433352642747952,0.0001888948192387861,1.6996562564029565e-05,-0.00031279870731842994,3.776190597085183e-05,0.00020353966674580942,0.000574286680826561,-0.00013641598887062953,-2.4318660396991375e-05,-0.0006454773579356752,-0.0006333714829696042,0.0
2025-05-08,-0.00044269523678306207,0.0002647528636013001,-8.441225154469895e-05,0.00037326849741692287,-7.636905824301478e-05,-0.000638495612841222,-0.0008440199092271857,0.0002966769287441392,-0.00045665181530035406,-3.0768114702225137e-06,-0.0002971188676949378,-0.0004604533555265373,-9.340802126804635e-05,-0.0004479736560864884,-0.00015206444044999566,-0.00039376677164605097,-0.0006562801287833059,-0.0008793946966394808,-0.00026945202459223335,-0.0006686943614126834,-0.0
2025-05-09,3.5012966633747305e-05,0.0006779588949218737,-6.127326566356928e-05,-0.00032480427292172216,-0.00014811614146113174,-0.0005640502426908279,0.0001583980529944384,-0.0009767683855408445,-0.000530326231074972,-0.000800750836792485,-0.0002646051994730386,-0.00028824398612568576,-0.0003441481932990689,0.00016417943944585593,-0.00018093398836973166,0.0003239662530454377,-0.00010940280720951115,1.1310211477903923e-05,0.00019961505606271439,5.8273092076339794e-05,-0.0
2025-05-12,-0.00023064382746970167,0.00036195104106313716,-0.0005018575769668233,0.000834486955778118,0.0006132841877067719,-0.00013793125626760557,5.3374105756517666e-05,0.0010466712171361974,-9.438772224499712e-05,0.0001652272073243047,0.00034009515704187186,-0.00017591800634208127,0.0002433560052623268,7.048637051708974e-05,-1.8638450382640382e-05,0.0005609169465553147,0.000451238478051329,-5.170649030234056e-05,0.0006703244987515224,-6.487979585037493e-05,0.0
2025-05-13,7.359975028393491e-05,-0.00018077658094562362,0.00026889957717711997,-3.2836612905468865e-05,4.7820667480323325e-05,0.00025688562532498585,-0.00020461739780623601,-2.891222313945641e-05,-0.0005182471411769101,-0.00026911077845118684,0.0003046016502135382,0.00010973715459287599,4.1847122636012234e-05,-0.0005233006720822299,9.12017555951745e-05,0.00016520464771481477,4.9385442124009226e-05,0.0004082311847223766,-0.0002519621514681758,-8.041327927565958e-05,-0.0
2025-05-14,-0.00033598238715026147,-0.00038752500088348876,0.00021217457865199858,5.187591749617765e-05,-0.00035395516452941487,0.0005106192644163357,-0.00015908210315429105,0.00039451057487345417,3.9181811428850235e-05,-0.00019038703507617762,0.0002909925121248777,-0.000320000990695438,-0.00011800036160010241,0.00040944009122267715,0.00018791758342482943,8.806146525465367e-05,-0.00018983782912601366,0.0004182273063655528,0.0005370486717230879,4.9276734460927725e-05,0.0
2025-05-15,0.0004805103261032456,0.0004637611764831328,-0.000497328399895397,-0.0005954875338966699,0.0004143825293392335,-0.00010388129520297119,0.00023715666100648206,-0.0007034662759289055,-0.0005272859432620458,0.00027662874936943847,-3.370572094430322e-05,0.00020256098309299702,-0.0004408047483718502,-0.00036422909265756796,-0.0007457066345467664,-0.0005073552741528712,-0.0002540118044829416,-1.1598747572736631e-06,2.9884992023982397e-05,-5.435779844098315e-05,-0.0
2025-05-16,-0.0003990481101676829,0.00022331058238137856,-8.12833047202938e-05,0.00019059389257223877,0.0006395519534476675,0.00036527839397795824,0.00029573107889016803,0.00011183396287325553,0.000644343711962053,0.0005381502430314253,0.0007715144428569882,0.00011678203945485175,0.000323023308003982,0.00024413024301377366,0.00011530058465090235,0.0001315602537175556,7.526596669942909e-05,-0.0006802576737472088,-0.0007344281140475291,0.00036086000855936254,0.0
2025-05-19,-0.0002365780262387686,3.7653879158944396e-05,0.00021551463344179553,0.0007826622939049212,0.0003123433088764781,0.0001344683949989994,0.00022129629629784352,0.0004308834217972182,0.00017831182018547323,0.00023011521183939864,-0.0004593316201803731,-0.00048488480158794786,9.216475067736025e-05,0.000576952467093202,0.00015651580641437918,2.8596456057610176e-05,0.00024243608867936255,-5.5390157613309025e-05,0.00010516955360352742,0.0005500821147370077,0.0
2025-05-20,-4.077795086574654e-05,-2.0345096655012847e-05,4.866295901432059e-05,0.00035321430772276065,-9.385479207856467e-05,-0.0006048282540597379,-0.0005954001260969764,-0.000609428480805123,-0.00016519712192837767,-0.00040931676140060224,-0.0005856648389765164,0.0003323574926842918,-0.00014229189848165432,-0.00044236413501117807,-0.0005670346685319004,-0.00022669373005173218,-0.00016951914846499356,-0.00040234984476767544,-0.0004895580635051831,-0.0001942146176354632,-0.0
2025-05-21,0.0005218700305857788,-0.000251388405231446,-0.0002107109069723834,5.4139603347740216e-05,0.0005619252861557548,0.0007281033643028286,0.00013207853498331426,-0.0010625509455332866,-0.0004541055041026489,-0.00026036446064999283,-0.0002059663886617393,-0.0012376912804369438,0.00019037979142740605,-7.760572427470923e-05,-0.00012541720883732768,-0.0004770640638760329,-0.00035706587545356126,0.0003733780093858013,-0.00025873318914141144,-0.00040696113066444997,-0.0
2025-05-22,0.00039908466067463974,0.0003543908269067489,0.0005799517898046425,-0.00010519484426226119,-0.00028996552100126914,0.0007855750078139905,-4.949754528470905e-05,0.00041107882635636885,2.842542295431378e-05,0.00030826251766864906,0.0007988227837978889,0.0002660947769311622,0.0007695407210596834,0.00014564959288383196,0.0004631668469621882,0.00019823327002713701,0.00011672129554095679,0.00035567708053752494,0.0006706973060835686,0.00040442396749793593,0.0
2025-05-23,0.0003062159883106668,-0.0003957362897046931,-0.000508988859634374,-0.00021908648601055999,0.0005745320825773611,0.00024372033576962237,-0.00011358841819870455,9.722613735256799e-05,-0.00065985960589018,-4.392957288420587e-05,0.000452073619701654,0.00019499640315161302,0.0003571964774404249,0.00015978693817047566,-0.00017228303832660124,-0.0009094221516751359,2.1984736772819032e-05,0.0002238534312245993,0.00022262579031190636,0.0003637549468383451,0.0
2025-05-27,-0.0003745017525562162,-5.462121210726677e-06,-0.0007384518858773626,-0.0006795369461227051,-0.0005836387200996008,-0.0007009121905622782,-0.0008503137372759781,0.00011787399552545072,0.0001774073925508097,-0.00038167126752513056,-0.0010101307677143985,-0.0011836219196137779,-0.00020665692354053465,-0.000406989382040427,-0.00029994655247068155,-0.0004830025217506722,0.00012957707958524895,-2.9624242395610938e-05,-0.0005778126169095516,-0.0011792165467704471,-0.0
2025-05-28,-0.00016833964601724303,0.00015491380213028858,-0.0005219087023542522,0.000628925061896687,0.0006032134216076861,0.00011207294458701301,0.00013087872811853233,0.0001336247539857762,-0.00030632122278644985,0.0003785221968087986,3.656224661709288e-05,0.00033554239989831957,1.4241972554652714e-05,0.0005079288083835088,-0.00015573057683646987,0.00022892855674540007,0.0001251438737555647,0.0007611727864200899,-4.8778527540834875e-05,-6.33163786514942e-05,0.0
2025-05-29,-0.00046134754082748883,0.00010901016820537734,-0.0005908951059079475,0.00027219668902302987,-0.0002725373953332033,-0.0005501243115114359,7.236504720648089e-05,-0.00033063011914245534,-0.0007585711238542838,-0.0008268727524019327,-0.0007700443140318288,-0.0005229494219181895,-0.00043559050023352335,-0.0005163783829253655,-0.000718650873411255,-0.0005634628987010939,0.0008484373297570185,0.00021520559260552194,-0.00014692603147204851,-0.00028398100970048064,-0.0
2025-05-30,-2.291093602838818e-05,0.00033895713298309163,0.0008903532209590415,0.00047402558635948634,-3.64807862297468e-05,0.0004403734689810472,0.0004723383913242826,0.0006483206876126905,0.0008761241048419568,0.00013263067163737124,0.0003872491522942491,0.00030656107849430113,0.0005795735359138274,0.0008443614554127412,0.0006004539554482039,0.00029999258533958443,0.0003096759283734588,0.0006067866860386964,0.00034154315963864955,0.00022934467023686542,0.0
2025-06-02,-0.00015081758795419954,0.0002501641683805181,0.0009800370303654894,0.00018790934370902572,0.000124667032221091,0.0004054955106683372,0.0001352588247082302,0.0006598786576152934,0.0004222672946552816,0.00027286022792958275,0.000608069957872226,0.0007427343348315245,0.00017109400368126411,0.0008581871156522562,0.0006873720367096604,0.0003409438270016831,-0.000299384530217073,0.00020242406884074982,0.0005431973632514086,0.0003328960877050294,0.0
2025-06-03,0.00022703005501907293,-0.0003378931666450313,0.0001685245971378091,0.0006284666070884848,0.0004440231088652436,-3.2975989576472525e-05,0.00012461914459256372,-0.00016164401817365115,0.00012867580886817277,0.0006342886472854415,0.0004278967626104469,0.0001363699757755743,0.00024404386091326778,0.00017620858270345208,-0.0003278861375380304,0.00044090104437950474,0.00020934401563664775,0.0002386461739147583,-0.00020279576735852123,-0.00013200973768567328,0.0
2025-06-04,-0.00034435361312153086,0.00031211322527087263,-0.00017423348650491574,-0.00029601313779084327,-2.44391914434572e-05,-0.0004580763131285672,8.54939107607323e-05,0.00037747655214245775,0.00016829189371659497,0.0003484631517257629,0.00014386628288548387,-7.339952139043596e-05,-0.00023662576921956578,-0.0002273865809879473,0.00037917329896516226,0.0004208089653105599,0.000416272786080182,3.779368425494021e-05,-8.333178183313806e-05,0.0003751182242221036,0.0
2025-06-05,5.818277053832994e-05,-0.0003581457072041415,-0.0001302914910413753,-3.522649080125001e-05,-0.00027193312591832245,0.0006832579677438978,-3.0155686669819724e-05,-0.000235922334795895,0.00028107933673722046,-5.5374744429902306e-05,-0.00020349675323201474,-0.00011261042425161265,0.0006194845539759663,-6.731528250339489e-05,-5.765640755131671e-05,5.4303648585460877e-05,0.00011394345606550076,0.00022211904226191945,-0.000440731961980854,-3.531752146676489e-05,-0.0
2025-06-06,-0.0002590057826102177,2.4693442039101383e-05,0.00035841716752829075,0.0003578942733370689,-2.4592771045604366e-05,0.00027828540577567296,0.0002571549630133717,0.00020010220455025972,0.00023189218929575212,0.00034085746548973277,0.0001623584667841653,0.0008126516657332171,0.00026522242076167915,0.00015053737402125658,-0.0005769938817737747,0.00018756023036659486,0.0002668746757135359,-3.5058867357745888e-06,1.4815479014953696e-06,-0.00043468049332499235,0.0
2025-06-09,5.098481251958624e-06,-9.683736792483132e-05,-0.0006441146611301316,-0.0004030628379496905,0.0001256726456226052,6.140183469868543e-05,-0.0004634737044040954,0.0001357726174334137,-0.0006448082329468858,-0.00013657411996569554,0.00014111451185954243,4.341118509147629e-05,-5.4359466353389566e-05,0.0005185698916664182,-0.0005897666070798885,2.613516159703544e-05,-0.0002345387169078214,0.00021832058455170593,0.0006495871955606091,0.0001556439620214344,-0.0
2025-06-10,-9.86486049753151e-05,0.00011197241208121432,-0.00012735294360738576,-0.0001512700643566889,0.0006835031217558724,-7.702261846829281e-05,0.00010783317678098503,0.0003672840469754352,0.0003270672392229035,0.00045584404053425755,0.000899746985393078,-0.00024061557408641947,-9.879166951848115e-05,3.5291343435830825e-05,0.00027586157797136247,0.0007130801273521175,-2.883670673775511e-05,8.824825665660906e-05,-0.00018523850086092183,0.0003469874355680099,0.0
2025-06-11,0.0007289889938275869,-0.0003422587551394265,0.0007366365062705522,-4.136129577681044e-07,-0.00050471956130239,-0.0002973505964850007,-0.0003622627129147158,0.0003624900005146285,0.00039753730873599586,0.00041027406395765273,-0.00016908705213777568,7.866178270397815e-05,0.0009242320546305078,0.0007353810475096901,-0.000310440803154698,0.0004366873363073446,-0.000568498602296014,0.0003872032897780576,8.251025033213995e-05,0.00023551355566663143,0.0
2025-06-12,-3.854060537102871e-05,-0.0002269005747011982,-0.000513848458484213,0.0003403800657641758,0.0008253350222782851,-0.00017962483088003575,4.8547457372088744e-05,-0.0005349912451238705,0.00025948198743200275,0.00030372982923992036,0.00041048333502684406,-0.0005691028742789194,-0.0006032362760972743,-0.00011468070723308046,-0.00035533260622343195,-6.286758409611552e-05,0.00014735008516227096,-0.0005774613201739581,-0.00043371871322271915,-0.0007945021963383317,-0.0
2025-06-13,0.00026427908430179294,0.00010799932075738064,-0.0004226711419522256,0.0005025095599593613,-9.748710552389135e-05,-0.0002776910725371564,-0.0005455550448011464,-0.0008226237049520756,-0.0006127420651198347,-0.0006651421140775135,-8.406602870383852e-05,-0.0003228395520809386,-0.00041823640954659575,-0.00015349049418880896,-0.0001878480542383948,0.00021549274752746123,-0.0002991220213283806,-0.0002638092729375572,-0.00022646747539815294,0.00014618445798438888,-0.0
2025-06-16,-0.0005971216954315302,-0.0004518019227086636,-0.00031801732548198086,-0.00029298409441840353,-0.00012837207951833058,-7.993487477944328e-05,8.126609408972344e-05,-0.0003904451635608401,-0.000587726037714453,-0.0006282017784639977,-4.3325143208931505e-05,0.00023121922410012367,-3.064872926181718e-05,-0.00046047221247551024,-0.0001654411713882814,-0.00032595970061006217,7.171968119707171e-05,-0.0001731957898754472,-0.00034675356681193766,-0.0006814639580002081,-0.0
2025-06-17,-0.0002729395137518014,-0.0003621504268121711,-0.00018957708090655312,-0.00039183422716113406,-0.00045481769719046854,2.4143325409334992e-05,-0.0011327072826820492,4.648778419401864e-05,-0.00015544335935001346,-0.00020072411139322697,-0.00023577621317871585,-0.0003509454141115323,-0.00021152322586994284,-0.000388869353928886,-0.00021940982200049095,-0.0006166629670583809,-0.0004801925155505914,-0.00035790799177363617,0.00013045213686690917,-0.00041243097927047925,-0.0
2025-06-18,-0.0008500772601033284,-0.0004380579644314419,-0.0007116865897205466,-0.0007251029750005155,-0.0005171645158899468,-0.00023876147387120523,7.692967451321046e-05,-0.0003469070899427337,-0.0008392190996719024,-0.00034158838247390377,-1.5779344305994325e-05,-0.0009736781658394118,-0.0007188725548091448,-0.00019739321199538118,4.0740252151070416e-05,-0.0003586930255067454,-0.0005247159149139079,-0.0013317251099628361,-0.0006390473594958448,-0.000694627536663266,-0.0
2025-06-20,6.440382711660657e-05,0.0001613937031037417,0.00023107496486088165,0.00021183724873294322,0.0002820700200718062,0.0005582037043755472,-0.0003572838706738152,0.00029328404337357106,-0.000611335470686264,0.0010776377821833144,0.00034006450475285605,0.0003567371665317156,1.796010551051766e-05,-4.6906118756540064e-05,-7.396574031267646e-05,0.00028006854697133527,0.0006458448214109899,-0.0002192693164430182,0.00024521006415697584,-0.00028770322388764805,0.0
2025-06-23,0.00041640405695804423,0.00014732402908012568,0.0007088883434539188,0.00032196597745262287,0.0001475660686852423,0.0011576895892019177,8.91066066319202e-05,0.0005088796937930001,0.0005694859345779351,-0.0001263888822148731,0.0002988726265143477,0.00037200364615698613,0.0004131250924950632,0.0008587952762749979,0.000529644835409391,0.00045377237149001634,0.0009873576116069447,0.0006180131480037941,-0.00014192137780750136,0.0004979547939414535,0.0
2025-06-24,0.0001489382943920203,0.00037972273980868673,0.001073297878227833,0.0003727223327821741,0.00012416070532151038,0.0005553448453302376,0.0004908188325824156,0.0005128070377100204,0.000705545927652665,0.0004058004706015496,0.0005880624957442889,0.0005962855852068554,0.00044323964533130803,0.0009280044337978256,0.0005467790559580174,0.0006198979583984307,0.0007120238405035299,0.0009145629468148795,9.891535005757152e-05,0.00046122463815777607,0.0
2025-06-25,-0.0008610094956510752,-9.874637255885327e-05,-0.0004916460611413243,-0.00030635785530728826,-3.5685656689141495e-05,-6.709547374714485e-05,-0.00022504655119438442,-0.0007980826121614307,-0.0004886351473181186,-0.0004917899431757356,-5.830913146573657e-05,-0.000531545616066917,9.421247806058686e-05,-0.0006761695145577236,-0.00019511414823688861,-0.001131850256692859,-0.0011295835640111663,-0.0005262676056482332,-6.756615725243144e-05,-0.0003977478411426532,-0.0
2025-06-26,-0.0002792210092977979,-0.00015541736102150165,0.0001924663822806979,6.671250198302986e-05,-0.0003399368957251462,0.0003942026095977653,0.00010548002503951488,0.00047770935392902697,0.00039420397781814935,0.0002999624311520723,0.00021973107340374326,0.0007080007012065057,0.00042664674286080947,0.0006461692650140397,0.0005626379536154218,1.954485036770412e-05,-0.00024072445312680314,3.6641427290949975e-05,-8.871659633374354e-05,0.0001308309767719917,0.0
2025-06-27,-0.0004011306012756803,0.0002632748899524848,0.0009320850337869424,0.00033816689865914535,0.000560038915937498,-0.00027168424545293663,0.0006916158540948904,0.0006986419630493455,0.00053901671056849,0.0010419054511205915,-0.00034041129868513087,8.489143426311207e-05,0.0007773488134000124,0.0007959504080285659,0.0002475602630511872,9.844313353348644e-05,0.0006487451738317083,0.0007603826539705898,0.0006493947518844861,0.000138228594093162,0.0
2025-06-30,-0.00046757312917949614,-0.0005843516561527822,-0.00031612409813530515,-0.00018788649794557107,-0.0002540785850914437,-0.00018111610538613208,-0.00039019212318512956,-0.00024804916639161964,-0.00011806793958455272,0.0001920880171363285,-0.000169428988960972,-0.0005281190122511493,-0.0002822701839134778,0.00018893865753943662,0.00010337365661666333,-0.00040176470356357327,-0.00036877474454806577,-0.00011793002978063886,-0.0004337606712407324,0.000377232746176025,-0.0
2025-07-01,0.00023915155730776973,0.0003472450649580363,-0.0004306732348352615,-7.765841820960485e-05,-0.00030441700875243977,-0.0002769132846891059,-0.00010285919746135692,0.00018725926032079064,8.076367598450455e-05,-0.0005551815725592645,7.077037447628738e-05,0.00035789342589776586,0.0002198118399547846,-0.0001981826320266148,-0.00028671373645609784,-2.0567840385477304e-05,5.9549652538841214e-05,0.00029200852044064865,-2.5972939877623183e-05,9.607247830409776e-05,0.0
2025-07-02,-0.001116434540429956,-0.0005892854266185632,-0.0004693729127446755,-0.000711466811180983,0.0001332160939639837,-0.000475958388478781,-0.0006626873340941364,-0.0011577523667548105,-8.476171502661556e-05,-2.014424767840528e-05,-0.0005726848756443748,-0.0012582045749088833,-0.0011011362210882837,-0.0005987527119869551,-0.0005841539653684225,-0.0008754659558106115,-0.00048436026012423365,-0.000660461383955574,4.325220099099525e-05,-0.0008843811531609235,-0.0
2025-07-03,-0.0003947889848253377,-0.00021770981384710737,0.00045786546124639346,0.0003459684996023933,-0.0002579460218573384,-0.00019743805909929938,-0.00010837910625990196,0.00014135762537805928,-0.0002602723271433858,0.0006141944296778002,-9.354517950120323e-05,1.9498922920347634e-05,0.00014224541239415815,3.7672677026593446e-05,0.0002554885909406273,0.0006632433126594984,0.00017001649763342635,-6.216446806626967e-05,0.00034518946812769045,0.00023277825460796083,0.0
2025-07-07,0.0003275773115779465,-0.0002587371977494847,-0.00016785578532013166,-0.0009150016236264635,-0.0006935665767761014,-8.030607221228341e-05,-0.0009645375880241509,-0.00033569932447131506,-2.2058385515074028e-05,-0.00020493749154528254,0.00016999542741926438,-1.2151589068830059e-05,-0.0002490029890705406,0.0004387862474245309,4.902187943736744e-05,-0.00013526698348120158,-0.0006647251703824483,-4.841095178542e-06,-0.0009935563610147422,-0.00016453608373664225,-0.0
2025-07-08,-0.00016023188086133403,-0.0003578973533941142,2.7509496117210943e-05,0.0006057100312511916,-4.288242388636581e-06,0.00040456572141112324,5.148330822707579e-05,0.0004958375500513113,-0.0003549759863128764,-0.0005167763864021141,-0.0007734641624799127,-0.0006998077195304492,0.0006922662442517298,5.8363367750441864e-05,0.00026323756056506934,-0.00021865879927981412,0.0004173029623805199,0.00029670671614944534,0.0011924508737007778,0.00027618000274433634,0.0
2025-07-09,-0.00031520664369933505,-0.0007817230103941522,-0.0009486829737717841,-0.00038441516079358156,-0.0006989189825743457,-1.070674581039854e-05,-0.0004625715737006607,-0.0004995011042703732,-0.0007094949191263424,-0.0004903499140267322,-0.00039426643690092456,-0.0003987566695899527,0.00011360960705984979,-0.0005021146814253156,-0.00040546893886222844,-0.0010432460256778442,-0.0006168268634199209,-0.0005468176108762655,-0.0008155476520637008,-0.0004443200398729945,-0.0
2025-07-10,0.000378412852199175,-0.0003465542912151502,0.00013708133298941254,0.00037172019978918956,0.00015844823892334034,0.0007361867211564224,0.000524263459462459,0.0004596769978454364,0.0005731272724030138,0.00032509594642789294,0.000193195133796997,-0.00035771123618535847,6.785222768439438e-05,-0.0002476313116405459,0.00013144824019463438,-4.655666786457901e-05,0.0003637992820614765,-0.00023724654853545942,0.0008263143420795244,-6.0919372769561025e-05,0.0
2025-07-11,0.00052090202162855,-7.872165981594867e-05,0.0007242179564125918,0.0005491987989300937,0.00034399324505419147,-0.0003025961417685073,-0.00015594888282190867,0.000155475592000628,-0.00013169813735026197,0.0006500673511974557,0.0010155438141491314,-0.0003413834619843661,6.1949391921446305e-06,-4.821730226864965e-05,0.0004910709354606741,0.00017436382642141337,0.00022038768457587887,-0.0002908275928874457,0.0001402851273308863,-0.00018699467085795586,0.0
2025-07-14,-0.0007476355025489416,0.00025159622330790134,-0.000653526284478417,-0.00046811546931739746,-0.0001314079541436987,-0.0006450586408366525,-0.0004293901045011499,-0.0010156001267723012,-0.00029762526622867944,-0.0008535037968993841,-0.00022069283756208477,-0.0005609174449261561,-0.0004952374843583662,-0.00045320190929560314,0.0005635071101961632,-0.0004305017552283337,0.00046032819885989126,-0.0007419357519040822,-0.0006642642586284316,-0.0003963637814859034,-0.0
2025-07-15,-0.00039158773381101243,-0.0005563742032360747,-0.00040137803520610743,-0.0006408414544214549,-0.0003569873168213656,0.0007209495065261755,0.0001059600291028302,-0.00038768803311814865,0.0005127216686768998,-0.0005908541442021968,-0.0001588316237293196,-0.00035905313729834616,-0.000419495828537507,-0.00018628633601878194,-1.454131827566544e-05,0.0005686954033398757,0.00019811908347171773,-0.0005236766061183255,-0.0004832833586998545,-0.0008854197002207395,-0.0
2025-07-16,-0.001153584280275776,-0.0004220420019766005,-0.0007361301131435592,-0.0009632378617369674,-0.0008430207011980145,-0.0002529160878544507,-0.0004889482721119812,-0.0005218228896603015,-0.00024267232671279664,-0.0002156718799919811,-0.0005613546865672121,-0.0008019920869896175,-0.00014336422387285858,-0.0010954641495821518,-0.00048542743781850755,-0.0011793023344038543,0.0001520781034151508,-0.0004744662790176001,-0.0008442950892585001,-0.0004823940385412282,-0.0
2025-07-17,0.0007701780485790151,-0.00035214215892188195,-0.0003134976000204383,-0.0001552118625249558,0.00015482131810764727,9.57053052232939e-06,0.00012146752687359055,-1.632969101211929e-05,-0.000334038872758408,0.00046303123879393854,-3.675715779722413e-05,0.00030018611614134326,7.684297615620351e-05,-0.0002989077367582417,-0.0005741354292211121,-5.0951462213734125e-05,0.0005322966101995365,-0.0006359978990465848,-0.00026534328448355593,-0.0006189026628619572,-0.0
2025-07-18,-0.0007125202000548714,0.00010464377564837128,-7.045529930924514e-05,8.662107969066688e-05,-0.00019624565865913686,-0.00015231132437878222,1.0962791855031683e-06,-9.82608821905838e-05,-0.0003609611806457926,-7.086770308485134e-06,0.00046550981593058966,-0.00012242220611239588,2.407600953069032e-05,-0.0007957289113656958,-0.00046972733975484765,-0.00020101178030367548,-0.00021635163434512763,-0.0006914874064562818,-0.00013829600922766797,-0.0002732235377420245,-0.0
2025-07-21,-0.0007837874554660312,-0.000766555103647788,-0.0002731142130485383,-0.000633205152773973,-0.0006010779886013071,-0.0004675376574928534,-0.00026757570228782017,-0.0005997640591238799,-0.0004942560298214634,-2.7844125729757673e-05,-0.0008397518862761315,-0.0005713392467773325,-0.00014800972500195563,5.987252656261699e-05,-0.0005593325666664493,-0.0005108707502515681,-0.0006511180870415983,-0.00028301087965225223,-0.00026509373064738205,-0.00016817552997048382,-0.0
2025-07-22,-0.0002269877889411648,0.00014083792880107866,0.0002837558493662878,0.0003434639881273815,0.0006464641735647691,-0.0005672129373635697,0.0007687004644440966,1.8526800566501903e-05,0.0005975944220874393,0.0003024463206847964,-0.00010332006269752842,-0.0003097049666138428,-0.00022149021317776133,0.00016618001495627782,0.000463679782122776,-0.0005402100042177214,-0.00027948575180733486,0.0006512184462507052,0.0006396750297776484,4.6055874932136905e-05,0.0
2025-07-23,-0.0006256440744458063,-9.875657905938715e-05,-0.000464220642254165,-0.000949484147621003,-0.00016393762802388684,-0.00040163868347149127,-8.972527215261097e-05,-0.000506494944002454,-0.00048063263454272575,0.00022517874606123675,0.00014518681064753584,-3.976910761321837e-05,-0.0003758408972995955,-1.187869901050507e-05,-0.00046447813235789677,-0.00013226433280936106,-2.8800205140478615e-05,0.0002515739961076597,-4.690943589986954e-05,-0.0001372553608989505,-0.0
2025-07-24,0.00017077091541390128,0.0005022654114617075,-0.0008707892520738297,-0.00042457458071913987,8.672702718915819e-05,-0.00034298631855092185,-0.00065915147077779,-0.0009726103694898167,-0.0006774704260707753,-0.0002574176900496182,-0.00021041749996068482,0.00040064049091149186,-0.0001156656837000181,-0.0006679683523159559,-7.327474325314362e-05,-0.00022728240300958036,-0.00030150619344929293,-0.0009176513858854256,-0.00027691824127724164,-0.0001368050157108146,-0.0
2025-07-25,0.000677986377460985,6.949551214978752e-05,-5.743969851997281e-05,0.0002539929917795121,0.000283118688545284,-0.0004097041733802192,7.406555109095597e-05,-0.00018055422903992985,0.00010034825194099512,1.8869295364912346e-05,-0.00025490060414430513,-0.0003790884095085163,-0.000430896484735613,0.00025090569797428107,-0.00011195647460173589,9.61522785116253e-05,-0.00017320617382547284,-1.2446417907929656e-05,-0.00041530825291100017,2.889027768442679e-05,-0.0
2025-07-28,0.00013671850493726396,9.633600178706158e-05,0.00012640698510633214,0.00024251228529973228,0.0007707832395398919,0.00010194005888790206,0.00010789341301740163,4.266144793291255e-05,-0.00028591791628940335,-0.00012878374201955823,0.0002857160591015176,9.527176919267596e-05,-0.0002316532197012968,0.0008180416323737009,0.0004439070516187699,0.00046485831491960625,1.5733563922843877e-05,0.000616315090895335,0.00021187751024867802,0.0006526198923180628,0.0
2025-07-29,-0.000283442568307744,0.0004069985509797874,0.0008047812474049051,-0.00011480999745531185,0.00042861563328330446,0.0010830613012453242,0.00013649308935669864,0.0005285178491446118,-0.00014471202628452877,0.0004459114812220418,0.0005036095879746112,-0.00018686416850365896,-0.0002052898565190604,0.00019667829500447055,0.00010221187872126872,0.0005913314445930972,0.00031299544931079007,7.105912956556574e-07,-2.4232453754275783e-06,0.00036560062958240915,0.0
2025-07-30,-0.0007924348786314786,0.0007076690254928566,0.0006256632194010667,-0.0002562169316774223,-3.2440129520668314e-05,-0.00012270623688110838,9.883568888311544e-05,-0.0007656148771476607,-6.042278762292745e-05,-0.000492220642827014,0.00014202653463174834,0.0003600343825304758,0.0003355702557968331,-0.00019782584401827996,-0.00024830666111187044,-0.0007411257105647607,-0.00017189079161208581,-0.00011023765585747846,-0.0005206915665494642,9.287615847776068e-05,-0.0
2025-07-31,8.939987734348653e-05,-0.0003929544199566061,0.0008843535823582119,-0.0008622235058626364,0.00016171259783816347,0.00028390576758307673,-0.00010980117287401128,0.0002664183136259761,0.0001655054321719287,0.0004485504786387875,-7.303718248201156e-05,0.00047715823940679814,4.776932887009969e-05,0.00036929337100442524,-0.00016740194242272148,9.433329263281936e-05,1.0119068951708974e-05,0.00028538453043627576,0.0010812389687980648,-0.0005034400547770161,0.0
2025-08-01,-0.0004128644588120068,-0.0006101368393767174,-0.000665300296819731,-0.0006461431875985202,-0.00041982761551974786,-0.00024241217419213853,-0.0005002768044994299,0.0004027797811061295,-0.0007920269946787716,-0.0004957598788855697,-0.00024262022789839783,-0.0004548792254712451,-0.0002408681729988636,-6.249266269974306e-05,-0.00010849573141490057,0.0005447247595518275,-0.00027275530069065755,-0.00014453595610140353,-0.00024158419224927134,-0.00023019826500763962,-0.0
2025-08-04,-0.00021364001602248162,-6.860051748608931e-05,0.00021359280856330097,0.000384348108582977,-0.0007440998563010282,0.00022062445272165164,0.00018086062807822766,-4.968262282755708e-05,0.00013812276790047264,0.00014380953459093294,-3.1172553682901063e-06,-0.0001953518361672457,-0.0003470705357426107,0.00031893080010254594,-1.253917793053727e-05,0.00038534598108712624,-1.2940938143002344e-05,0.0001463067752516256,0.0001035725785309971,0.0005948130367913529,0.0
2025-08-05,0.00012330593681385778,-9.922672504648826e-05,0.00035241747011887514,-0.0001584332544473074,0.00029329951280653325,-0.00012093753187298929,-0.00014587926730056096,4.543940368192495e-05,0.0002406970669328352,-0.0002874638532693381,0.00021088514788356483,-0.00028240516867529547,0.00017783645929781404,0.0002803090998337962,-0.0003300606202576981,-0.0004652131775752819,-0.0004520107482725046,0.00030052072526549835,0.0004731079045201218,0.0002760144803811292,0.0
2025-08-06,1.1965384890551942e-05,-0.00024156326545244215,0.0001404687865054347,-0.0002897307735513637,-4.030909387280269e-05,0.00031025529102114436,0.00021418376388495573,2.2878255666712217e-05,-0.00036030894743005557,-0.0003012089748201331,-0.00023928779952991127,-0.0002250237403074682,-0.00021956071023053334,0.00021327977420204422,-4.774873287033777e-05,-9.514903576321286e-05,-0.00039761839906935214,-5.119711746686727e-05,-0.0010400553602433538,0.00021643388418903384,-0.0
2025-08-07,0.00024007548577551448,-0.00032686719412797303,3.1860193231416514e-06,-0.000688623431555936,0.0004123599044814765,0.00028497271701524295,-0.0002192407988316414,0.0003041193943996733,0.0007092739881031544,0.0002538914489427054,-0.0002957809556459599,0.0004777100192374573,0.0002813706660727847,-0.00011721323267922008,0.0013160359283680791,-0.00023876627680120656,0.0003084233517460817,-9.26596795564884e-05,0.0009030021207027068,-0.00011127696804505529,0.0
2025-08-08,-0.00032412168910596556,0.00027330766387360765,0.00023715160195869373,-0.0007702657105253249,-0.0002531645358971334,-0.0006712647120773435,-0.0005584949807436783,-0.00035761977190619667,-9.553397438924223e-05,5.041905201939051e-05,2.185744013917067e-05,-0.0001973268214374185,-0.0003787270157292554,0.00010709266320694631,-0.0002882845263607487,-0.00036035611877746995,-0.0002268332610725877,-0.000370742503720493,-0.0005170438358567159,-0.000241383357852735,-0.0
2025-08-11,-0.00023734742849765544,-0.00034748976706860057,0.0001513296096481342,0.0005485851903337735,0.00037904308356378737,0.00011068104542295294,0.0008083761344120233,-0.0002052368257281764,-0.0002067559112239351,0.0005305665196823783,0.00033873312759668856,0.0005949919833883166,0.0003220890090769463,-1.1030485906556937e-05,0.0007378968623560655,0.0008366866543117458,-0.000524789852477673,-0.00012483170567720837,-0.0001612882708697361,0.00035150073050261893,0.0
2025-08-12,0.0003890687908322551,8.810849104845463e-05,0.000208783018361228,0.00036790851227289285,-0.00032215364764261157,9.962850582483453e-05,-0.0003773073812786311,0.0003857587491339406,0.0007320922159603315,-0.0002442616984950839,0.0006545433171869824,-9.245635879205098e-05,-2.456403690831408e-05,-0.0007289710501039918,-0.0007643338303465144,0.0004950656171708367,0.0003931782330213021,-1.5917342891152718e-06,-3.004218871964514e-05,0.00032116846751198034,0.0
2025-08-13,-0.0008045173197348994,-0.0004377358878831372,-0.0013808382284513333,-0.0012463850594657433,-0.001210286378742306,-0.000889284939060679,-0.0008167187315033073,-0.001479108481333642,-0.001014617831146854,-0.001336644837247818,-0.0012857672800061452,-0.0016184938327738158,-0.0008338835478244861,-0.0009718058628349255,-0.000914369218562513,-0.0013542578571195255,-0.0008112170784247088,-0.0006106690226215908,-0.0004630739678938789,-0.0005483775308649828,-0.0
2025-08-14,0.0006498883247717583,0.0003259007611058668,0.000573074620964627,0.00011541504843904864,-0.0005212466481634125,0.000518787004013097,0.0009851389272431887,0.0006235588716369551,0.0004092220361254385,-2.8016541193048733e-06,0.0003154872052936033,0.001232678126455517,0.00024256859592701168,0.00014448490338485762,0.0006800796996852279,7.077475729519297e-05,-3.24816015495565e-05,6.81272802066294e-05,0.0010915793062665298,-6.050813432469073e-05,0.0
2025-08-15,-0.0005750932084042346,-0.0011823360402405676,-0.0009576491948216619,-0.0008364356376057146,-0.000867650959717046,-0.0006301652628248926,-0.0008673253379844663,-0.0009804318512650653,-0.0010395884324656758,-0.0012034007955865722,-0.0009323506965868572,-0.0007753220709101533,-0.0008337503058120809,-0.0007593154455107488,-0.0008569667215970434,-0.0008435335343877102,-0.001054368852457243,-0.00047115824348412024,-0.00027879597895328717,-0.0011548199882362616,-0.0
2025-08-18,-0.0006728281587194375,-0.0006303588647770264,-4.652777435359026e-06,-0.0005709271531090099,-0.0004238570020777066,1.374045359259129e-05,0.0003073785265078086,-0.00016491888079799897,5.20983646712876e-05,0.00037283955264494605,-0.0003066521337060025,0.00010573509000587694,-6.916641706992133e-05,0.00012555829032423734,-0.0003989317914932807,-0.00025848974755801027,-0.00010610747032426951,-0.0005144696644151297,-0.00034552650631468573,-0.0006326244114768477,-0.0
2025-08-19,-0.00021018806432950913,0.00020707412490229789,0.0003828726262452607,-0.00039561546584440096,-2.2978820471614578e-05,0.0004175090538226291,0.0005316752742904068,0.00010765887723679313,0.00012661165739082694,0.0007536098618292882,-0.0002471050370087337,1.6900686803791465e-05,0.0001187629592548344,0.000360810060741197,0.0002869068805845783,0.000399581326268915,-0.00046704637539632447,0.0003621654292330602,-0.0003457842853321072,0.000387378880981666,0.0
2025-08-20,-0.00034653229549273107,-0.0003411948059199006,-2.0805408194222772e-05,-0.0001332494676508042,3.22269807520606e-05,-5.4766454993100715e-05,-8.85938624166171e-05,0.00041417540496536514,-0.00023604051545352017,-0.0004332874047693763,-0.0004534526171060362,-0.0005652591190910115,-0.00012502045662367235,0.0006238585135605048,0.0002654754049897274,-0.0003543555679819548,6.102658179513715e-05,0.00020912517308421076,-0.000232315989838127,-0.00015163057355083046,-0.0
2025-08-21,-0.000767752147733359,-0.0003247655883839094,-0.00043323104665233137,-0.00019578296446019712,-0.0005339324763036738,-0.0011840498590666537,-0.00046410914898162644,-0.0003190590701764355,-0.0004702943826402746,0.00019241627990938752,-0.00030610452457217614,-0.00035082166476332015,-0.0003386331094658803,-0.0006017636119070429,0.00035308462162646665,-0.0005303094393777553,-5.7690601635917184e-05,-0.00024993333879382024,-0.0006376135946068412,-0.00048077744685159614,-0.0
2025-08-22,-3.603118975006673e-05,-0.0007716892962202006,-2.639575360406468e-05,-9.000986011957329e-05,-0.0007705778002695905,-2.8917403092649372e-05,-0.0010716219375294942,-0.00041537431107462,-0.000485253745802761,0.0001481931459562814,-0.00046972503464145804,-0.000997921657992638,-0.00012291734399971774,-0.0010140320793680926,7.471617313353006e-05,-0.0005709816933731918,1.0371655238526136e-05,-0.0009568561697101586,-0.0008841548677292387,-0.0005466743170191053,-0.0
2025-08-25,0.0004120499372617737,0.0005590275597430002,0.00023130357034075613,0.0005787700548177326,0.001128209555236266,0.0004706477998126896,0.00018388581658702394,0.0001711764142039845,0.0006795852621712769,-0.000282867495373991,3.4924747225351673e-06,0.00019707980605209065,0.0002670714539724332,0.0003924980508127135,0.00012190034879116344,0.0001622485732007308,0.0006814945017913733,0.0003393009816108625,0.0004967117394801693,-2.4538429804510236e-06,0.0
2025-08-26,-0.00014696411349140998,-0.00047895970993159316,-0.0010775669757780886,-0.0010453188821722798,-0.0005289725771583643,-0.0008927666111539883,-0.0004570107260828417,-0.0005855988222988836,-0.0009964519803131245,-0.0008992174940483911,-3.1487856848035435e-05,-0.00017252064398644092,-0.000844913465197202,-0.0007286819664468836,-0.0006419395017737625,-0.0002821603558828945,-0.0007936771619259947,-0.0007907116855547891,-0.0005328074500528759,-0.0005348583853533362,-0.0
2025-08-27,0.00046113624876221174,0.0003782786535747039,0.0005336549894672097,0.00032868662514684826,-5.605483376071419e-05,0.0004247025517489839,0.0004087822822545487,0.0011631330647404248,0.0003135609855986664,-0.00025964745742799533,0.0011425610310154427,0.0004759380609724909,0.0003507538293428526,-5.892458907382132e-05,0.00025342899003935035,0.00042178189885211576,0.0006705316925501915,-0.00014088007123411127,0.0004989700545660994,0.0007138994353487245,0.0
2025-08-28,6.3058762829871e-05,0.0004819236849583875,-0.00030145473133350216,-0.00010007176038065971,-0.0002353209128875758,0.00021932869252057566,0.0008663135923103429,-0.0004794247025617087,2.1450653497098032e-05,-3.999378766242057e-05,-3.0121700523344358e-05,7.876183803240547e-05,0.00022366452370370846,-0.00011385654117316065,-0.0003268687456882838,-0.00025368376929519416,8.401252934945429e-05,6.684688891833884e-05,0.00024757042307649595,0.0005454862138784874,-0.0
2025-08-29,9.16116408382512e-05,-0.0004740431321811777,-0.0008084526070560373,-0.00034406023109438504,-0.00037221259564161065,8.261285809193463e-05,-0.00023766289813945612,5.073721310739228e-05,-0.00037759216944114053,-0.0003180538574643404,-0.0008584930353981538,0.0002808649149676214,-0.0007952108237624134,-0.0005984144212310033,-0.0003960410300208402,6.675663427154536e-05,-0.0006132398907219243,-0.0007549063881634618,-8.991712332245414e-05,0.00022629071241829344,-0.0
2025-09-02,6.457188323822088e-06,-0.0004039967398629723,-0.0005213607124160369,-0.00022218226118902174,-0.000209446674060512,2.1077129391239268e-05,6.46379273882523e-05,4.139714838898283e-05,0.00018325918439107114,-0.0001504353824714661,-1.9161939321427377e-05,-2.689217908185275e-05,-0.0006144953013125278,-0.0003924841716636307,-0.0002621960530713283,0.00021296284133443365,5.257313977739418e-06,-7.066358869094973e-05,-0.00018330428869933033,-0.000332912839418659,-0.0
2025-09-03,-0.0002557374783052624,-0.0004712900854298652,-0.00018040648273353057,-0.0005107296787210891,0.0001761846800576117,-0.0001670121831227334,0.00012816429308500912,0.00025936129783576956,-0.0008059546134679298,-0.0009889274031788355,-0.0010094525049307802,-0.00094612192199392,-0.0005113468217579187,0.0002533035187299304,-0.0006997673344636025,-0.00027996337297785394,-0.00012682787806723718,0.0002300185383673048,0.00029441116111973426,-0.0006936304590467957,-0.0
2025-09-04,0.0007668696362388582,0.00017984229574976308,0.00021459245495712012,-0.0008052534888892355,0.0002221686920998667,0.0005808917641604137,0.000440868586440084,0.00047337887909774257,0.00044215398500708776,-0.0002483273919058233,-0.0002216255213820723,0.00019313480957934358,0.00017976532219562104,0.00029464032427959085,0.0005369506970749428,0.00015758181163609563,0.000789956862013832,0.0003574572990247576,7.722888712324028e-05,0.0005528462259622968,0.0
2025-09-05,0.00025347342075484773,0.00017765248917999045,-0.000537080727569054,0.0006014878536309049,0.0008674779322024848,0.00010400611060549492,0.00018246396704424362,0.00021484157753836984,-0.00022400924194809546,0.00029427504308505303,0.0003467734831350107,0.0008718593588136486,-0.000555513943993345,0.00011887324062208226,0.0003568762562050619,0.0008261301232888161,0.0006383607873125921,0.0001305046672947386,-1.3266244559416729e-05,0.0006553073919707636,0.0
2025-09-08,-0.0005890391404606258,-0.0007619306624202705,-0.0006017485535978319,-0.00035402738068642463,-0.0006406588420811075,-0.0003339405381662006,-0.0005099666717785597,-0.00012085331899107072,-0.0006437906301480015,-0.00025242362024204527,-0.0009395549788968672,-0.0005833598655956275,-0.00026918119000756015,8.380631164126114e-05,-0.0007002049865364154,8.715619102561054e-05,-0.0007333749986451739,-0.0005377481995657998,-0.0005589021006370238,-0.00033194165593177345,-0.0
2025-09-09,-0.00040443586773254063,-0.0008056457976170579,0.00029632994808544616,-0.0006170850064820065,4.2230192116090926e-05,-0.00032800678316240086,-0.00023278031192934458,-2.793132503260411e-05,-0.0005680561716752457,-0.000799355008002829,-0.00020470548174082734,0.0005423763616773026,-0.00016854003714298713,-0.00021545172317027978,-5.5739980679429e-05,-0.0006514379393629229,1.1668255681235646e-05,0.0002139926182463526,8.063133351925783e-05,-0.000116807018193663,-0.0
2025-09-10,9.660409723210386e-06,-0.00042208072477065904,-0.0003915715750244793,-6.909964511302678e-05,0.0001239934144873929,0.00015311653323842595,-8.172516483610135e-05,2.8495869796436963e-05,-0.00034310946020087743,-0.0006636594902071903,-0.0007317314760325854,0.00012313386169535015,-0.0010407841111661523,-0.0006803558891620081,-0.0005727613108287483,0.000183758245954091,-0.00012346934675706059,-0.0003492704208588827,2.3700250260417474e-06,-0.0004606233728945259,-0.0
2025-09-11,0.0008084637446584044,0.0004795684386136284,0.00030650210338887754,0.00020648238708962833,0.0008097519002089318,-0.00019885075795937038,0.00031185006721203126,0.0008944956124507216,0.00016030032852599403,0.000696919009918166,0.0003711432351213338,0.00022862796467089166,-2.144014419410939e-05,-9.797018054462753e-05,0.0001726798810027442,0.0009913356875848277,0.000466200071608858,0.00020772635157941387,0.00025135807235868553,0.0005832031868513177,0.0
2025-09-12,-0.00039769714781884513,-0.0003166943749624836,-7.64454684794627e-06,-0.0005068741001821025,8.973200805001877e-05,-8.718843290490254e-05,-0.00015583862896968446,-0.00035445131445770216,0.0001939970395282328,-0.0007752256106707034,1.9518320531964606e-05,-0.0007624916844461039,-0.00045841584286422237,-0.00040165824571932325,-0.00013044088864010655,-0.0001476915135858547,-0.0004915757538831742,-0.0007070747712836845,-0.0004891990579666117,-0.00017308730277978038,-0.0
2025-09-15,0.0009274212718008568,0.0008513279286388036,0.0007289891784544571,0.00018022122143343715,0.00037610468020737197,0.0004640652161226596,0.00010273620244346203,0.0003182908556992137,0.0005264093704352827,0.00043031043418939873,0.000231555496457652,0.0005769607874896585,-0.00015860014213113163,-0.00012038135245260604,0.0006136665917422891,0.0003016248242658153,0.0010916560075301335,0.0001420573643449817,0.0009164026939034623,0.0005608072675471411,0.0
2025-09-16,-0.0007115643338839719,0.0006680189030999983,0.0003536253568875929,0.0001776843555346751,-6.263649075199037e-06,0.0003363511616785495,4.768254151775658e-05,-0.00023800320788558478,0.00014662494559271362,-0.0004461979616894104,-1.0444306904311372e-05,0.0004443981909617976,0.0003167831601249015,-0.0004098158015426957,-0.0001826171058171145,-0.00012920705373544578,-0.0002297304086436832,0.0003078448040061062,-0.0004686571856683599,-0.00039730165636857545,-0.0
2025-09-17,-0.00034362107509199464,-5.4089472809123765e-05,-0.0013004828756577843,-0.0005822803752315114,-0.0012417626655194022,-0.0006020435176711665,0.0002251301611903771,-0.00016778741447353478,-0.0006948492528824431,-2.7595191640564206e-05,-0.0005821363247156769,-0.000888270948176966,-0.00024214517738318277,-0.0004449535935959791,-0.00020916736704608687,0.00028726156240429054,0.0002710150670368029,-0.0004922722240840541,0.0006452399238932694,-0.0006730166386453531,-0.0
2025-09-18,-0.00020089466499986032,0.00030000943095965393,0.00041760559962379055,-0.0005487566317084766,-0.00026003167626804203,-0.00015440846847594437,-0.0002684553326339883,-0.0005100311016897015,7.276365947202051e-05,-0.0008506390899925974,-0.00042597525863860883,-0.00014329612765101316,5.04707100582105e-05,0.00020737732375494155,-0.00020912084509828695,0.00011278411613785523,-0.0007122741850488621,9.957640318522422e-06,-0.0002972116144060472,-0.00021756273637093791,-0.0
2025-09-19,-0.00047939465179581064,4.972751744380445e-05,3.5395575608225107e-06,0.00016950337083970947,0.0001670246378480922,-0.00020006012079557402,0.00043396011725799395,-0.0003521311202876365,0.00034704574360358955,-0.00030681200666076856,-0.00048533278795345167,-0.0009412868249951112,-0.0005545213797865001,0.0002298762493776099,-0.0005644116357980037,-2.905471655314433e-05,-0.00036407647322553126,3.4158327596389296e-06,-0.00029773224709164043,0.00014555507097565744,-0.0
2025-09-22,0.0004854016437271621,0.00025063542129715447,0.0005118445313892396,-0.0003995271085611767,-3.898936222896938e-05,-0.00020169095516450083,-0.0003034387138386436,-0.0007087828962581966,-4.6693937542509226e-05,-2.1150532917158172e-05,-7.23136648656439e-05,-0.00046688348303766864,-0.00019705253201765947,-0.00012010131012346328,-0.00040400181677857454,0.0004893952045695192,-8.640335233389221e-05,-0.0006920915307437362,-0.00022691515978811788,-3.347692892140718e-05,-0.0
2025-09-23,8.786148335605904e-06,0.0006950943386348866,-0.00024598695729897014,-1.8999259826597167e-05,1.5836976234141414e-06,-0.0003374609062800327,1.2349783910284916e-05,0.00021285078647573295,-0.00042361262918233077,0.0002306539137172495,-0.000437534074741441,-0.0005392674132660321,-0.0001888795857232302,3.027323115691614e-05,0.00017918795171905781,-0.0003417754702574351,-0.0003463537008862316,-0.0002457240906192299,0.00022212288019849466,-0.00010877538105882184,0.0
2025-09-24,-0.0004906374048169244,-5.875861708836341e-06,-0.0009683572992375064,-9.234113192945105e-05,0.00026538745847787016,-0.00011620496399242042,-0.0003064025599307414,-0.0006143749225798685,-0.0004931376777878155,-0.0004741595697439129,-0.00042649643660471316,-0.00013838683616366695,-0.00038356396269798384,-0.0005363780315983833,-0.00022777686352012897,-0.0003925370576461857,-0.0006097919487161978,-0.00013565863980206718,-0.000582002317814785,-0.0009855601737349025,-0.0
2025-09-25,-0.0006065962587111943,-0.00037461710069928544,-0.0006036448492905033,-0.0008099226854147338,-0.0007762952623701447,-0.0012615282381654848,-0.0007363100865444258,-0.001072935280158418,-0.0005570630520849492,-0.000802386773070658,-0.00043255466637443895,-0.0008301846087383413,-0.00045503180621770897,-0.0004662934459710842,-0.0011825308339978653,-0.0005712393870943663,-0.0004260098604333924,-0.0005553427382037226,-0.000497178386796515,-0.00013732441966224303,-0.0
2025-09-26,-0.0008170952486651249,-0.00018200471563284418,-0.00019796120432787596,-0.00025482096927645077,-0.00036851848559498314,-0.0003334762535287046,-0.0008178467490707781,-0.0004938561778268521,-0.00029815330571212955,-0.00017171764180327643,0.00020440532450078896,0.000297282755933207,-0.00011903745031740796,0.0005212333386376723,-4.191888429449572e-05,-0.00018612175074643225,-0.0007229893040245284,-0.00016376980442419097,-0.0004384589747357088,0.0003353299910668021,-0.0
2025-09-29,-0.0007706338397452298,-0.0005415447822086354,-0.00027156447386300067,-0.000377197239587459,-0.0006931703655976864,-0.0010397935618673146,-0.00019487250026908146,-0.0007012500905469083,0.000380030439446602,-0.0008948250904154769,-0.00032754372543566295,-0.0006799272794030323,-0.00020567281676551105,-0.0004554794801861964,-0.0004807797586647201,-0.0012164761247822578,-0.00011444687374703994,-0.0003385195904370523,-0.0007236101079106487,-0.00046404411857986467,-0.0
2025-09-30,0.0001389752982548268,-0.00034086941839140533,0.000172185897913098,-0.0007173417476657132,-0.0006230637728962431,8.306183507543183e-05,0.0005756577667595224,-0.0003729652013751873,-0.0003740422497673026,-0.0002241671365076318,-0.00021959462949594304,-0.0004194026136073018,-0.00014964026537803634,-0.00037189687162731934,-0.0008525117768266867,0.00015329096113788344,0.0003189984452719861,0.00014975887423079434,-0.0007794440271717894,-0.0003623486826727887,-0.0
2025-10-01,-0.0004733941668200903,-3.348518444147707e-05,-0.00028416874986243794,-0.00016379199843862815,-3.2512220837181525e-05,-0.00010800271623947332,-8.439669745981998e-05,-0.0001605502092284572,-0.00026352673706889093,-0.0002594044771819688,-0.00042651108741993015,-0.0007977585973572578,-0.00039334117140129866,-0.0003075296174382995,-0.0005146617185575949,-0.0005416570673225338,0.00029248003011984826,-0.0002661715165912526,-0.0002010046889349977,-0.0003622749162124105,-0.0
2025-10-02,-0.0005287968071473136,-0.0004908123132429998,-0.0003229383162016819,-0.0005031895108807138,-0.0001377218661042068,-7.907697375266199e-05,-4.92281636924663e-05,-0.00029525865120982316,-0.00044877029579548086,-0.0003849727399206637,8.517022122219719e-05,-0.00010182299779269988,5.631773004330931e-05,-0.00033203281875845427,-6.661964736728309e-05,-0.0005078868055650498,-0.00012475485414190635,-0.0004377976808754791,-0.00030039760970144156,8.720621876255885e-05,-0.0
2025-10-03,0.0010179966991687333,0.000496160739011307,0.0007472866898538073,0.0008604323722279815,0.000780679089323094,0.001084723217816574,0.0005035775218757916,0.0006944146859963349,0.0006439500456053506,0.0009130501689286131,0.0002637253030692017,0.0007398656408636548,0.0009399406478611117,0.0007562476345429096,0.001053948140011086,0.0004375210400280742,0.000416789370931332,0.0006041932388904604,-0.00013912972400918934,0.0007584506414949747,0.0
2025-10-06,0.0004906495829674116,-0.0007964425769988251,-6.865548516304652e-05,0.00021204822562922524,-0.00012449587611119945,-9.054478538835978e-05,0.00042644624325076277,0.00017863399133763425,0.0005024733835314811,-0.0003542720162054394,-0.000276766395111552,0.0003513659765053604,5.227857724836199e-05,-0.00024618834409304523,-0.0005591787560539734,-5.894035868330362e-05,-0.00010550952965984713,-0.00025922059681986404,-0.0002135497871904491,-0.00012980660518836228,0.0
2025-10-07,0.0002579457932150644,0.0006612085711019341,-4.5016776313615345e-05,0.00021987044953819654,5.3773449309529776e-05,0.0002903415804747606,6.0812074164331956e-05,0.00033444249795296836,0.00011488197942235889,-0.0005203932312658033,0.0005439735012358754,0.0003069559970770742,0.0005487636414812622,0.00021523808762570202,0.00041704849603170534,3.110930353921517e-05,0.00017385720752656313,0.00012274000324927477,6.258344097261818e-05,0.0008501147936435092,0.0
2025-10-08,-0.0006594761064561957,-0.0005608914496453407,-0.00012835853594752794,-0.0010582107682911512,-0.001253440572760645,-0.00047447805429063044,-0.00040120741513850517,-0.0011667287833491036,-0.00057104983818796,-0.0006630202059546349,-0.0003660678777429113,-0.0003564503070039315,-0.0005857074998011513,-0.0002919813480501103,-0.0011553702035568135,-0.0001526563182059301,-0.00044453324452021836,-0.0004857580360448822,-0.000186819476254788,-0.0010469954655212825,-0.0
2025-10-09,-0.0002646322170521096,-1.814585335114107e-05,0.00026395659029732543,-0.00021281113592540768,-4.5527548839024744e-05,-0.00021101655117749423,-0.0007333903390533748,-0.0005692473723213552,-0.0005562786408936992,-0.00013167642657733455,-3.958630643261686e-05,3.1259606618613834e-05,-0.00022708107281125796,-5.7543605557795844e-05,0.00030917137387938504,0.0002300279412303388,-0.00031033093968219956,-0.00045903334549910596,-0.0006166602293480425,-0.000392309979545689,-0.0
2025-10-10,-0.00021809018748865367,0.0005696821941715993,0.00045059105429223414,-0.00034441274650445335,9.901898419550878e-05,0.0005302501806114193,-0.00011973016442635046,0.00025639112580031257,0.0004873965544236455,2.7632987330725365e-05,0.00027723981041035225,0.00031665028113371697,6.837574538744276e-05,-0.0003161053524594558,-1.806081411468431e-05,-2.5320519629029395e-05,0.0006173390571565593,-7.501639814944542e-05,-3.8847228834666774e-05,-0.00013805053298392037,0.0
2025-10-13,-0.0006318573966488337,-0.000176239004239488,-0.00034706944222595104,-0.0002900123193029869,-0.0006591430876743028,0.0004570044797243131,-0.0001523053477307355,-0.00020551283184946806,-0.00033350756519002985,-0.00032742977648486356,-0.00031832971868589775,3.704300085390914e-05,-0.00033307279088177783,-0.00033256622140682073,-0.0005321386008233788,-0.0004912057328756862,-0.0003699024572290162,-0.0003877740886934185,-0.0006485010994814015,-0.0002447532824078194,-0.0
2025-10-14,-0.00010571109994037247,0.0007659491859825717,-0.0004986009550479254,-0.0005426253569225658,0.00021875443061397705,0.00011261234203571975,0.0005761093186162539,0.0005965981802807276,0.00019502898100971986,-0.00013180916528453745,-0.0002464014996367722,-0.0002846223948079251,0.00015355682159841325,7.479170995822334e-05,0.0003821809483514509,0.00021390476308076712,0.0007661279056453504,0.0005057320915705746,0.0004957791245548397,0.0006574488876883394,0.0
2025-10-15,-0.0005428563533500265,-0.0007757428324123929,-0.00038524270383651836,-0.0008450596370438004,-0.0004141781865872877,-4.113896840287032e-05,-4.301771749981284e-06,-0.0008718994562841782,-0.0011552326277332876,-0.0006564573829131397,-0.00024415843294509597,-0.0005053514970467301,-0.0005917480205627091,-0.00035489893950598286,-0.0006684131368547594,-0.0006425549007240128,-0.0003012874030008327,-0.0006289530211588656,-0.0005495492705356462,-4.195433198596105e-05,-0.0
2025-10-16,-0.00043279947634540327,0.000769766254282892,-0.0003427630602569523,0.00032873692311894835,0.0005337941306114726,3.845044801494032e-05,-0.0006378745741446121,-0.0002394743462090089,-0.00011843850848247759,-0.00023816690107395937,-8.194247271181461e-05,-0.000659161706815989,-0.00042956142355323054,-0.00030707945714625887,0.00010530945489115063,-8.440329041783502e-05,-6.292885787909338e-05,-0.0003523641322498936,0.0001035439821996026,-3.1239063012155786e-05,-0.0
2025-10-17,-0.0006945910034657382,0.00022717144152029314,-0.00020480941031553697,-2.8846223187614824e-05,-0.0005284469800160905,-4.506180406728179e-05,-0.0006799143798650203,-0.0002599575995478946,-0.00029660215646256516,-0.0003452263694955848,-0.0004633062831492204,-4.31989692058674e-05,-0.00012120428779074517,0.0002741685601480721,-0.00020245989187413273,-0.0004875713711289349,2.2951257295005943e-05,-0.00028342414861168275,-0.00027717385725851436,-0.0006375575305444977,-0.0
2025-10-20,0.00012481077727021276,0.0001288041971732187,-0.00018430978257552946,-7.086458970064828e-05,0.00016576723240060135,0.00014514132245491333,0.0002549796633024821,0.00010844477623165021,-0.0005821442974990516,0.00041991935349949,-0.000331250965084861,0.0006331986790796883,0.0004763701232210643,0.00011699342156225221,-0.0012850112311901434,0.0007881011457971933,0.00023419698605048315,0.00024316135350889288,-0.0005311730633679489,0.0003914314674413652,0.0
2025-10-21,-8.976921379619317e-05,0.00033638500559859323,-0.00018113113060215128,-0.00047924872918779434,-0.0005520533710840465,-0.0003066734298252138,-0.00043590752365222236,-0.00016004096256046815,0.00016839133491757357,-7.936426233945542e-05,-0.00018965231634373583,0.00014379345008811218,0.00011313944090038326,-0.0007432906797133266,-0.00044650081448635673,-0.00012994363246959738,-0.00023152183135172856,7.899211517350643e-05,-0.0001911513201999297,-0.0005838591183307115,-0.0
2025-10-22,0.0005131630541794561,-0.0005021119259130714,-0.0004339764560500317,-0.0004357037717013106,-0.0002621397084849364,-0.0013957366109652763,0.0002415931116889323,9.278214341736844e-05,-0.00025399206066100186,-0.00025018179780080115,-0.0005438403439554969,-0.00029348043156817127,6.696938932767856e-05,-0.0005322071553791345,-3.6054293615142027e-06,-0.00026045442293005,0.00013083608224303232,2.078463869508208e-05,-0.00046701031389780127,-0.00021421738292592206,-0.0
2025-10-23,-0.00029274121215515565,-0.00016865319954727006,-0.000506687914818179,8.856719546492178e-06,3.549762891254979e-05,0.0004906659055073673,-0.0006351337670302431,-0.00010080695808373729,0.0005931468385598134,0.00031372561448132877,-0.00010997234657309199,0.00012018982677950616,0.0003887447428206269,0.00035610745338878326,0.00030450716733565204,0.0001872719758196279,0.00018651324479080245,0.0001878569793045589,0.0003169764119286061,-8.85892906914749e-05,-0.0
2025-10-24,-9.535488808854856e-05,0.00031634055203489986,0.00022381609158008688,-0.0003086524406204387,-0.0002701412195895163,-0.00046051797891388774,-0.00023284869225829563,0.00027841067604367746,0.0002930920812698461,-4.320255785873175e-05,-0.00028882461294425316,-8.111536925016205e-05,-0.00020120942362230717,-0.0002614401252410338,-8.260638280639025e-05,-0.0006366404170179521,0.00039321175961728983,0.00020525167710587353,0.00041971699371382633,-0.0004884517645447408,-0.0
2025-10-27,0.0002467783559111955,-0.000535205658865474,-0.00019618521749243151,0.0006535209098724974,0.0001362737667289565,5.825215855902393e-05,0.00012757590702096587,0.0007340487059197552,-0.00011109073490911354,-0.0003268083548359082,9.75820629642673e-05,0.00023077057460170578,-0.00021247560545697492,4.589591095932581e-06,0.0004980282293977098,-0.00010759918693428791,0.0001741400954239092,0.0001961728875640299,0.0003541978895245445,-0.0001487821485288086,0.0
2025-10-28,-1.664439378600553e-05,0.00027670801801041783,7.092848257539289e-05,7.103662634594658e-06,0.00018494968639049659,-5.255233517763226e-06,0.0002375068686992103,-0.00032380248429666065,0.0005500011394798126,-0.0010306317153899256,0.00020911272232889338,-0.0003991703867259328,-5.182895567394714e-05,0.0004608538476174787,-0.00023776375130419563,0.00021868528291110514,-0.00021142054956454966,-0.0002089666236936692,-0.000148805737755507,0.0003816169130644459,0.0
2025-10-29,0.00023802234689716958,0.000172943140325726,0.0003098018542474374,9.59677057560761e-07,-0.00018949744699513817,-0.00030259514622390046,-0.00037808244663173514,-3.8023083278502384e-06,0.0005488923750607939,-0.000459242114621571,0.0001954077097564805,0.0004544400386026964,-4.1986187664013534e-05,-7.231106479951415e-05,0.00023095472113068686,2.773618919899745e-05,-0.000268573126198086,-4.655206952291398e-05,-1.1464715632093671e-05,0.000492190093632377,-0.0
2025-10-30,0.00015475669882129272,0.0005968964770012228,0.00020274465147284196,-0.000582170264264177,0.0001903834042497819,-3.190052636180307e-05,-0.0007918197181370429,0.00016513394396144862,-0.0003167926693550521,8.7308820038604e-05,-0.00036041134143858123,-0.0005483191189629121,-0.0003027238484817393,-0.0005302545401835889,0.00014323917482651863,0.00025093779076078504,0.0007419020934651223,-0.0005894577135930176,-1.3375120785722402e-05,-0.00014323329190336028,-0.0
2025-10-31,0.00034166471601703856,-0.00034323966781368164,0.0005044720945897883,9.777476596127725e-05,0.00011965862804646008,0.00021781975045869512,0.00027989131553619347,0.0004382553104666361,-0.0001350374305455234,0.0005093152128567224,0.0005240587800229607,0.00010292095703789609,0.00045203182102805856,-0.00016386717298336767,-0.00033932848423839663,-0.0007294924355340342,-0.00045388043219125385,0.0003612259077707293,0.0005926535212682952,-0.00039968014621567766,0.0
2025-11-03,-0.00015045584506119644,0.0005250797078926025,4.540695459299494e-05,1.1148705843413267e-06,-9.363581699606671e-05,-0.00031968659276800516,0.00012034913266975989,-0.00020730318088068038,-0.0008228922044950183,-0.0006103840842399967,-0.00013650140412632485,0.00028317281723647114,0.0002746947986113854,0.0001556073328209303,0.00031816282936566114,0.00022258017524424669,-0.0004988688369378176,-0.00023078185281488034,-0.0001247816480635318,3.753429698460322e-05,-0.0
2025-11-04,-0.00020576077858535104,-0.00027644000069337876,0.00017277591739663924,-0.00021110023951587679,4.583370551448641e-05,-2.8369534763295073e-05,0.0002719839963303051,8.57746924510794e-06,5.252931909014437e-05,0.000149900234928424,0.0005330302443304348,-0.00021132091985309748,-0.0006868685250774222,0.0006296862649952552,3.395515033048913e-05,-0.0002708027300239391,-7.153715687976404e-05,-4.139967797366918e-05,6.223319837513899e-05,-0.0003242723565681394,-0.0
2025-11-05,-0.0004424854348034948,-0.00012126074372476266,0.000517114114874739,-0.00013488464240345307,0.0001141597302485947,2.2992264211329992e-05,-9.145809834017904e-05,-0.0005199273507522452,-0.00030653504306648243,0.0002526699402764069,-0.00017221324095005938,6.207817456359306e-05,-1.6129213299301433e-05,0.0003326693302824856,-6.402012638607238e-05,-0.0003731319478894844,-0.00018054180072588964,4.8352027073523255e-06,-0.0005540366133746758,0.00015978355428306155,0.0
2025-11-06,0.00019602170525505677,5.2272581865178114e-05,0.0006389286801117099,0.0005917087141931175,0.0007093634069570388,0.0008064648993652514,0.0007559166326817657,0.0004696345386858702,0.000621965891441457,0.000978191545658963,-8.443364199467019e-05,0.0005215766680341386,-0.0005292588270882959,0.000353968414897488,0.00037623390831745355,-0.00012145328455702328,0.0007644650290892328,0.0003466381979175504,0.0005604107639760826,0.0005828883434635243,0.0
2025-11-07,-0.0005785587095587496,-0.0007406491634795565,-0.0010330465551711392,0.00015985128532278257,-0.0002618563217751356,-0.0008469304122510327,-0.00020241386917598612,-0.0008745507567278445,-0.0005691591132492589,-3.8187688626701945e-05,-7.81843421737691e-05,-0.00034723110507467236,-0.00038958913294987986,-0.00045815634972812237,-0.0007335099341453915,-0.0005521988662668678,-0.00011445487042862951,-0.0002910154629236225,-0.0006676132601972412,-0.0010302924253438753,-0.0
2025-11-10,-0.00016951919887578482,0.00035521296994794443,3.613819067045574e-05,0.0002745795512031262,0.00039080190582948746,-6.11959973978137e-05,0.0006957476977836496,0.0003924286717237726,-5.203827172880174e-05,0.0007147268369959192,0.00037236315639501577,0.00026198262460109774,0.00017938570074984588,0.00024257037584742667,0.000439447263645594,0.0007590552406563915,3.405135750740945e-05,0.0001777190003147994,0.0002336521496582076,8.338490570371449e-05,0.0
2025-11-11,-0.0003610936426466052,-0.0008985864893854475,-0.00028226938224919945,-0.00012576947554146433,-0.0006499015796119776,-0.00026973710561817966,-0.0005584321332478642,-0.0009035854551357966,-0.0007159700362854542,-0.0003675845749550911,-0.00010519799239584001,-0.0004514609022218213,9.381910324022104e-05,-0.001255905746371374,-0.00041852465179390756,-0.00018312801932105874,1.4811030854558225e-06,-0.0007466537957406275,-0.0008795432288450259,-0.0003050831324677226,-0.0
2025-11-12,0.000473067694894686,0.00031677643805092366,-0.00015461541499457883,0.00028882941555706727,-0.00031230306138460106,-0.00015772602766726416,-0.0005526213998818798,0.00012046041049744338,-0.0003839788826545291,0.00023455936020020952,0.00017733435965408103,9.257459626639654e-05,0.0005710749973883302,7.458655999541699e-05,0.00026999850163160016,0.0006330513464926066,-0.00032513956091200424,-0.00031689600837076935,0.00020629289721153863,3.3141553382468274e-05,0.0
2025-11-13,0.0001263678208179354,0.00020978178494826367,0.001016914604264668,0.0008445658745076582,-5.374660576121553e-05,0.00012942491525759885,0.0004277462291302323,0.000546453811213314,0.0002442318689714703,0.0003427970956524392,0.001288936078695404,0.00013341936413178174,0.000764921743517098,0.0006533380374929537,0.0004756689047462415,0.00040782859285123956,0.00018974303488008743,0.0005642021478579673,0.0006593649512495388,6.189037037997378e-05,0.0
2025-11-14,0.00023584722361113383,-0.0002753107420993775,0.00012173111737539649,-7.348678213683207e-05,-0.00044108059414955334,-6.378927027210604e-05,0.00017504425517381815,0.00016549066838124097,-0.00011279916195155593,0.00044712550323651484,7.863484217881366e-05,-0.0003996050645379947,-0.00019312671691104884,0.0007687117463756186,0.00021498770993003515,0.00017990626674328558,0.0006943365068001984,-0.0002775423089710761,5.986169153171775e-05,0.00036505541620271344,0.0
2025-11-17,-0.0003029073859980036,-0.00012742534132307025,8.414372890274228e-05,-1.9925853358386257e-05,0.000660558329882646,1.7429282363750188e-05,0.00023753870683462894,-0.0001653088774997162,4.666386346787038e-05,-0.00043358470115602407,0.0004338916469754009,0.00039765375126906945,-0.00030032848518156164,0.00044420611591591906,-5.0881461853361094e-05,-0.0005019481160408894,-0.00040990508096177544,0.0006699565537970866,-0.0002472179213251472,-0.000523297874702848,0.0
2025-11-18,-0.00025183175551841654,-3.2645065690169074e-05,0.00024615697412889493,-0.00022861833002425853,-0.0009254427618896032,-0.00018311100852424177,-0.0007006822283429765,-0.00022076186279678523,-0.00011193250634501272,-0.00020831327198240557,-0.00035026568080552843,0.00021286089524084653,-0.0005272278368279267,0.0005398533386634061,0.00022651432055679067,-0.0007006160037446482,-3.04769607488551e-05,0.00029792237289080173,4.8388899475155116e-05,-6.817133774522393e-05,-0.0
2025-11-19,-0.00022139664559483918,-8.04070422228292e-05,-5.13160456364658e-05,0.00021032879379555337,0.000424687865601698,-5.867185836644409e-05,-9.596224060314823e-05,0.0004180564207052374,-0.00035100762577704685,0.00021089225558019003,0.00019347502509885653,0.0001325288097250629,0.0005358063838424487,0.0006289727151700398,0.00022919488817645846,-3.672985618413045e-05,0.0005680175212726767,-0.000545707619156811,0.0005520475981578294,-0.0001710074282244153,0.0
2025-11-20,0.00014033666225655124,-5.13922884715059e-05,-3.709180087146596e-06,0.00021772870156212817,-0.00034899215373549353,-0.0004175684666255323,0.00023918171168605998,-0.00021056758142656514,0.0003081116318149241,0.00044507767375786276,0.00017904869092395592,5.005028757821074e-05,-0.00037843253026123965,0.0004458594602330833,-4.9046352798585435e-06,-0.0005361798187688693,-0.0009926545502113265,0.00015314712662792255,0.0006049034957892619,8.424328966415868e-05,-0.0
2025-11-21,-0.00043814117123739695,2.7760892659209007e-05,0.0001020310264987075,-0.00017642042618211572,0.00019697833396169838,5.430314830388976e-05,-0.0002531836995264936,-0.00020319677609547965,-0.0002623420328931872,-0.0004012006072653287,8.00010590315799e-05,-0.000537700328977972,-0.00034209657889979785,-0.00021871211830755416,-0.0002659560071185095,-0.0004991879462340878,-0.00033243568739930806,0.00018279206922711832,-7.68977410757686e-05,-0.00028719581212949166,-0.0
2025-11-24,0.0002679397703094078,0.000292741840320167,-0.0006074281508543735,0.00023823231207403814,-0.0008386150717992374,0.00037977541207708405,-0.00018407332576720202,-0.0002652699408849322,0.00043531942704278664,0.00027439965484946875,0.0002056273461672292,-0.0009272582055699042,-0.0003809732639207113,4.760625298366762e-05,-0.0007042714962198913,-5.85295541091002e-05,0.0002545200432456385,-0.0002818898226247854,2.168604894874115e-05,9.164942829324603e-05,-0.0
2025-11-25,-2.445651217102185e-05,-4.649112556513697e-05,-3.972365142176518e-05,-0.00014157609750037713,-2.0954420419652504e-05,-0.0006002279539548733,0.0007311835405859939,0.00040791639112378,0.00014196937433440197,-8.652014142473557e-06,-0.0011322507055104136,-2.5741252648532808e-05,-0.00036773457950293906,-0.0005582336036383127,-0.0006347359391837118,0.0004877045837278571,-3.379063888098356e-05,0.00018351675497910264,-0.0004045912272513283,0.0005242827628106637,0.0
2025-11-26,-0.00042439720009679425,-0.0005603857204708159,8.207202816391639e-05,0.00010401992471362537,0.0002922612465339861,-0.0007359667751347521,-0.0005960902776318965,-0.0001797228164982485,-0.0001821011368988634,0.00014331609133518664,-0.00024181138554330906,-0.0008577906542464669,-8.970695471485406e-05,-0.00017317881613848697,-0.00033518928833693463,-0.00020095166720074574,-0.000189374791226285,-0.00025447877534043296,0.00025182553539168363,3.300414114549993e-05,-0.0
2025-11-28,-0.0006372825791010798,-0.000187531055041972,-0.00020223112952113363,0.00014087687635222818,2.871448594384892e-05,0.00012608483055790508,0.00021380187600360023,-0.00048114921195404015,-0.00038556004437903274,-0.000531946182836881,-0.00043636432505726606,-0.00015108464330128247,-0.0001610264833876276,-2.3631023936413545e-05,0.0002207721107740918,-0.0006791294967553218,-0.00015521116986268218,1.8198864036067724e-05,-0.0010493765861043177,1.600421282663278e-05,-0.0
2025-12-01,-0.0002749980169341355,-0.00020407924095067106,0.00014127023246923547,-0.00014551574314807192,-0.0004892752826179557,0.00016910997247787004,-1.8571783676803493e-05,-0.00036595102637086187,-0.00015708869108934514,-0.0001283003131819054,-0.0005232452504693686,7.842736533517718e-05,-0.001115100386481149,-0.000503896800600039,-0.0006200585767653962,-0.0009782689919194257,-0.00026737052717645755,-0.0005361430268114071,4.139796283035516e-05,-0.00017114675839641306,-0.0
2025-12-02,0.0004279794480840482,-0.0003966008497852891,-0.00043692016806053395,0.00016161243152331694,-0.0005653890482300862,-0.0006305596327917607,3.584474573895546e-05,3.0291848786367927e-05,0.0001264013702114819,8.128478746434187e-05,1.545958613532461e-05,-0.00010099548960433858,-0.0003410241076241105,-0.00042491958219897935,-0.00011828551803859112,0.00015662106693477008,-0.00016740165571845766,0.000469539517651707,0.00012397411015823147,-0.0004862137314357251,0.0
2025-12-03,0.0002562963555580953,-0.00015286440189405295,-0.00043064970666961623,0.0004097567734729326,-0.00030209845208100164,0.0004386467338369493,0.00014683323098403953,0.0006470547649201613,0.00046050146923040945,-0.0002577881610569517,0.0005012331919259492,-3.7603607245411126e-05,0.0002460717731584595,0.0007073135978842414,-0.00018232197347314123,-6.256107840292684e-05,0.00042556540149710144,0.00010898419490265326,-0.0006963803688121385,0.00018469144054841858,0.0
2025-12-04,0.0008650634760711495,-0.00017954016321791543,0.00033349806356960466,-0.0002454670422005412,0.0005464710500906652,0.0006406571652564185,5.7542484709115624e-05,5.51905937262019e-05,0.0006389162375073102,1.6396816197756066e-05,0.00014241983030406364,-0.00028104069305171886,4.473808839775117e-05,0.00021335376916783438,-0.00037909091015175984,0.00011093752111283168,0.00016012755088124904,-4.132022963488209e-05,0.00018571670311996006,0.00016346291762679916,0.0
2025-12-05,0.0007972404593019337,0.00019912457413626805,0.0005704139905148734,0.00034598462836010107,0.00015211002826853197,-2.6492177678412747e-05,0.00033964701811033647,-0.00021079312590618272,2.1542632166340707e-05,0.0007332365787246114,9.881525849705293e-05,0.0002875614144886057,0.00013457491749750805,0.0008833725832534554,-4.364717117024838e-05,0.0002041770955634054,-0.00012624924236440853,0.0005061303176119089,0.000218291319533039,0.000466113475279526,0.0
2025-12-08,-8.071087232038345e-05,-0.00023192288109325513,-3.7477493203787334e-05,0.00013562809873083243,4.656856699128927e-06,0.0005824157391629154,-0.0001787009925607954,0.0002046599229893336,0.00024843099388155323,-0.00032769085690066463,-0.00048699495115633233,1.801268087560419e-05,0.00024009078264731077,0.0002949610177338262,0.00012441326925127498,5.193576778890416e-06,-0.000132707679115229,0.00034917678298755964,-0.00012565064147758765,2.689372622590804e-07,0.0
2025-12-09,3.8346227495595965e-06,0.00035355306122531295,0.00025273310087360325,-0.0003526014871554872,0.00021152241337193825,5.326779025261285e-05,-3.4784005609796804e-05,0.0007437558674336715,0.0003262500693607719,-0.0004026203362371524,0.0006488217913925997,-0.00023884443690430418,-0.0003888641233511775,0.0006080705472353118,-5.591160112206413e-05,0.0005348802674426683,-0.00037716213112633413,-0.0007154670538659134,2.024506039014803e-05,0.0003643721862484806,0.0
2025-12-10,0.00026334947298364836,-0.0004624790442228435,0.0003490513281509573,0.00025589460903888573,-0.00036199728965119975,0.00020244791630922361,-3.387427646119915e-05,0.0005185044964555733,0.0002569523289086136,0.00022661370670839034,-0.00013721393315353764,0.0004023311026196436,-0.00011646632384957039,0.0005144643376338203,-9.535700168269854e-05,0.00046269968435195933,0.00016261394079278014,-0.0009282296045455247,8.230634203289675e-05,-0.00024592674664727893,0.0
2025-12-11,-0.0003255411290374701,-0.0005563131075265813,-0.00030514111223318145,-0.00045825282101162563,0.00011990133002900361,-0.00027556775132281684,-0.00013276041349529226,-0.000417458562819838,-0.0001769671871557878,-0.00060092905027001,-6.633399642017099e-05,0.0009149892261959525,0.0001583611455881935,-0.0002693354468999263,-0.00023306625882111215,0.00011042909404254897,0.00014930100153100626,9.746286033701568e-05,-2.7607766838499304e-05,0.0006747454748387923,-0.0
2025-12-12,0.00027354644892129386,-0.00025004742818274993,-0.0003889041987616935,-0.0002914400014428297,-0.00028601428482324985,0.0002088053385551203,-0.00025041764377148844,-0.00024230118301885444,-0.0002956915645779577,0.00039514099710880507,0.0006072860185414917,0.0002754277133156441,-0.00036648064854007015,-0.00033422301028059227,-5.860288036515175e-05,-0.00046566151097585025,-6.850998723402216e-05,-0.00036982758015373954,-0.0006499387776081409,5.260836434148444e-05,-0.0
2025-12-15,0.0007826168322006455,0.0005401866145120285,0.0006846379729456222,0.0006332587363115565,0.0007150225706947981,0.0009315251986036191,-0.0001575843798226129,0.0006256569047361411,0.00043080659764107947,0.0011507123929357327,0.00041556441938973404,0.0005962887351266135,0.0007227997205637213,0.0004921145135956777,0.0007397243315515455,0.00043783240544930085,0.0008112660708288366,0.00015977102933176506,0.0007466148885974024,0.0003077196920108245,0.0
2025-12-16,-3.293557697026631e-05,-0.0006037947419509824,0.00019356020929640953,-0.0003739659794255337,-0.00031871911301674556,0.0004930328355989905,-8.502718031210318e-05,-0.00013018134529239764,-0.0003393356160890237,0.00024214934946776808,-0.0002209370279365429,-0.00016692006244847584,-0.0005155674476622886,-0.00047473434354863836,-0.0007555425370467894,0.00014725957866947896,-7.433280371748242e-05,-0.00024532501737768297,-0.00024853288810551495,0.00035648213407279294,-0.0
2025-12-17,6.202426585697538e-05,-0.00037336007312719233,-0.000588662944499569,-0.00015038963036725624,-0.0007183178208022107,0.00033440913149634005,-0.00035753097619767174,-4.878454912536712e-05,-0.00048316588674770264,-0.00018664842228023482,-0.00010125753980670686,-0.0003669036150930258,-0.00045994259518577986,0.00044831819651577383,-0.0004304016907403628,0.0002786492396728558,8.540310398651712e-05,0.0008133675261129473,0.0003652039432946262,-0.0005831512138879082,-0.0
2025-12-18,0.0007668800462316751,-1.2825066236687042e-05,5.689397866371562e-05,0.00014809664698507005,-2.211462466924576e-05,0.00012907249511538244,-0.0005121885508422306,6.469682080001125e-06,9.105561582675492e-05,0.0007143444974657457,-0.0004412826760001296,-6.089017133810804e-05,-0.00048345273554411964,0.00014699919109416573,9.128494813728773e-05,-0.00032667718843243767,8.221317665279891e-05,-0.0003352509880592772,0.0004216631980246162,0.00013147121632269975,0.0
2025-12-19,0.00014449493708119332,-5.83402454013249e-05,-9.618061076745993e-06,-0.00020902126031288094,0.00029061994842247325,0.0012178017412360605,-4.496280020690347e-05,-0.00024969075600042297,-0.00019149890302882597,0.0005579629193257577,-0.0005291279772990762,0.00041517555324001033,-0.0006200731749322266,0.00024622538953140104,0.00021958321460455936,0.00062068025981968,0.0003225494635968475,0.00037894884650567897,0.00041347242556630644,0.00011761773495728188,0.0
2025-12-22,-0.0004555508048792014,-0.0003144036885428451,-0.0002386577033280975,-0.00018590892032047782,-0.00024303214065062847,9.041121053281878e-05,-0.0004995241564819713,-5.563947227097065e-05,-0.00023652319480025293,-0.000591024684499746,-0.000551488690899202,-3.80596001923981e-05,-0.0005254063246720469,-0.0008902089885138922,-0.00032923073558673504,-0.0006782791208330218,-0.0008439906017538216,-0.0006460507265184215,0.0002631425878533958,-0.0005379446445734324,-0.0
2025-12-23,0.0009019908449073232,8.271786686490663e-05,0.00031327492409262186,5.1402878925782104e-05,0.0003218070674246285,0.0005482136679160031,0.0007316026282617832,-7.503806044250122e-05,0.0003418005314453524,0.000843408010213985,0.0001610437961338915,-9.170878178070374e-05,0.00045030120906432646,0.0006257447596080726,0.0005829061340818654,0.0005648771449894353,-0.00016902879785032725,-0.00018515759643135434,0.0005839028529736923,0.0002793120409960233,0.0
2025-12-24,0.00034125858141839644,0.0004637266008469125,-0.00020987380751442383,0.0007641255059837535,0.0002855011456950001,-0.00040012737797053796,-0.0002021315745182746,-0.0003050154200170048,3.831979464253933e-05,-0.0003518884720229721,2.5429844618730184e-05,0.00010849974250384775,-5.801349188145497e-05,-0.00017064811979009337,-0.0004969274394526189,0.0009827443466344206,9.07512574532263e-06,-0.00022849295565382198,-7.350217143972738e-05,1.0217248459823866e-06,-0.0
2025-12-26,-0.0004520359698432342,-0.00012731379391626513,0.0001291409453808577,-0.0003423488750275979,-0.00036910040140917096,-0.0009023064887658943,-6.910364024790612e-05,-0.0007039059273336649,-0.000404279557481122,-0.0003847980546253493,-0.0006374550525441204,8.431630004124559e-05,9.474001380716612e-05,0.00014011596595960948,-0.00015310766544618354,-0.0008998050504291734,-6.539342468939291e-05,-0.000775954349781051,-0.0012184851969480376,-0.0006862345959457955,-0.0
2025-12-29,0.00036723885186412696,5.2743579451200665e-05,0.000148575704775002,-7.153391007968636e-05,0.0003503163853878174,-0.00017815662536330043,0.0007931072682631808,0.0005509784886906366,0.0003645970252533631,-0.0002974245039687948,0.0004794131470944378,0.00022081830250870725,0.00019139106029716414,0.00010260933405153655,0.001012045636598114,0.0005322394133757926,0.00023966630869109016,-0.0002018324663184076,0.0004214392731065629,0.0004342290608025576,0.0
2025-12-30,0.00026915997242322293,0.00020159059601736673,7.759451184794545e-05,-0.00016224451559753746,1.2278696768329945e-05,-0.000154143786219916,-3.840920244142539e-05,0.00021834560354529282,9.465407630439013e-05,0.0002350921406971882,-0.0005643944301016633,0.00010887477119697861,-0.0005349491380450038,0.000673141683599193,0.0001918572773212658,7.327535699251101e-05,0.000400868398375288,-6.951212688633497e-05,0.0007866622819610122,0.00018224335359334968,0.0
2025-12-31,-0.00024106116514525586,-0.000289007968593548,-0.0008983769259619476,5.1964794526531216e-05,-1.3710698269440645e-05,0.0001396451532723431,-0.00035540032134803484,-3.9805382830329404e-05,-7.660168709821348e-05,-0.0004600907052624979,-0.0003619716768131298,-0.0001076865217292601,-0.0002146406127431212,-2.054373680299663e-05,-0.00030993511152470685,-0.00019957846590416267,-0.00024007915917867215,-0.0006904652201311848,-3.620886159688128e-05,0.00033347523806023224,-0.0
