session,TEST01,TEST02,TEST03,TEST04,TEST05,TEST06,TEST07,TEST08,TEST09,TEST10,TEST11,TEST12,TEST13,TEST14,TEST15,TEST16,TEST17,TEST18,TEST19,TEST20,TEST_BENCHMARK
2020-01-02,0.04999999999999999,0.04999999999999999,0.04999999999999999,0.04999999999999999,0.04999999999999999,0.04999999999999999,0.04999999999999999,0.04999999999999999,0.04999999999999999,0.04999999999999999,0.04999999999999999,0.04999999999999999,0.04999999999999999,0.04999999999999999,0.04999999999999999,0.04999999999999999,0.04999999999999999,0.04999999999999999,0.04999999999999999,0.04999999999999999,0.0
2020-01-03,0.04991098359795758,0.049974912126390617,0.04979276164405614,0.049973295145294735,0.04990236420720327,0.049983875925291354,0.0501566154705654,0.049313075761785514,0.05067190529114464,0.05022722692052344,0.048900638116862384,0.050243867895352456,0.050097946029899434,0.04979188791821406,0.05045577916470118,0.05008582919565682,0.050228132305816,0.05026607241879736,0.049645417412577254,0.050377413451910234,0.0
2020-01-06,0.050081928578036436,0.050000237731915476,0.04995688338893752,0.050418433618387215,0.04981426516529882,0.04977818731714448,0.05055331499373003,0.04953625762209319,0.0508730745756771,0.04991143316170841,0.049499874870956806,0.05045272965461272,0.050133613717915415,0.04907466891768122,0.050181977406372986,0.049784173789001164,0.05003202629981309,0.050098470666405576,0.04984452271051287,0.049973925813799495,0.0
2020-01-07,0.05065837971056435,0.050105069310424306,0.0498831371613831,0.05022103729430401,0.05025254564646967,0.04997781965112107,0.0501512099020548,0.048826821722624654,0.05129842862445408,0.0497723624492577,0.04928616706502379,0.05000970493920157,0.05022410195301103,0.04914607210883191,0.05028072791876762,0.050489800027716525,0.05028131765626017,0.04973798746161225,0.04975521928058591,0.049642090116331354,0.0
2020-01-08,0.05071969565193911,0.0504693788925952,0.05028943871667991,0.0504670888048412,0.05038856550694137,0.050456239848817065,0.04912765926799604,0.048588243192169846,0.051143220454911806,0.04999312483042424,0.04903149621253226,0.050106702377341966,0.05004563707991733,0.0487060597613878,0.05092980264707487,0.0503390075542318,0.05012943066580105,0.04957150975595684,0.0492926809190244,0.050205017859415876,0.0
2020-01-09,0.049946038108501546,0.050590858968877835,0.05001056955719066,0.05068418587094965,0.04989469823308289,0.05031543419164669,0.04928343157027879,0.0486651737134395,0.0513773133207652,0.05017874105869221,0.04939905115271012,0.0504534735874894,0.049421595665830854,0.048305409096493945,0.05135293049950448,0.0507508124567758,0.050243455444585465,0.0496508388019929,0.049551996462464484,0.04992399223872743,0.0
2020-01-10,0.04991975288030348,0.0502912168923682,0.05004088514115034,0.05117904549738086,0.0495270500767616,0.05052366203299613,0.04895865644321792,0.04846719872252339,0.051280134919955665,0.05011889695060878,0.04994682825730107,0.05026852313187798,0.050050037834365096,0.048272232112601836,0.0513649627740134,0.05057975726326491,0.050065729686681465,0.0498876094538851,0.049392532869738916,0.049865287059004046,0.0
2020-01-13,0.05035080300238347,0.050335006097766304,0.050716932889758544,0.051114977658761176,0.04927906877409649,0.05024309852480004,0.04855763016834515,0.04790832997160834,0.05165166607677812,0.050559424308653865,0.04992510863704836,0.049794972373681634,0.050189513491763926,0.048223092357206815,0.051427604703421094,0.05067795003158639,0.0500783494550787,0.05029309510078805,0.04901486195768373,0.04965851441879012,0.0
2020-01-14,0.05032264709548232,0.050608550517996384,0.05069534753318297,0.05098857679413272,0.050070783295309604,0.05011286903002941,0.04785938116079225,0.04793060800713463,0.051533225939291515,0.050481418793351954,0.050227304237110464,0.05023090471032704,0.050100164207945434,0.04800419290142422,0.05135813348917032,0.05052555667059186,0.05042945853138463,0.05023076729484226,0.04880817525398502,0.0494819345365151,0.0
2020-01-15,0.04972271094239487,0.05035749280343928,0.05092727782455632,0.05106231321620761,0.04974470876840545,0.05037795755753854,0.04823471055313843,0.047685272979143184,0.05144308003606548,0.05067908937295394,0.05060539900984225,0.05040694508771342,0.0495168775938834,0.048082649104757805,0.051520297103696475,0.05120337482941281,0.05048817199044902,0.05013842201326167,0.048901548256231865,0.04890170095690826,0.0
2020-01-16,0.05030617603649771,0.050580743817572896,0.051080926583657815,0.051121312465142316,0.04961391237667794,0.05026492534124061,0.04828041563150042,0.04767554951717934,0.051198001087239466,0.05075685692732734,0.05103541526367647,0.05028332469924087,0.04859206768149036,0.047968013452839804,0.051277809009605005,0.051527723670394605,0.05115291484451496,0.0500658349691752,0.04877355398473061,0.048444522640296396,0.0
2020-01-17,0.05054664822972798,0.050525472548289936,0.05134254758873705,0.050923036991471396,0.04964582006438154,0.05040751923129286,0.048385979812932696,0.04733359686745394,0.051267936756002934,0.050287527244821925,0.051590571538978745,0.05057000035543502,0.04927210429619649,0.04719859962635208,0.051109249798588795,0.051834052866044644,0.051329380284346124,0.049663696458807374,0.04853623676158435,0.048230022678554176,0.0
2020-01-21,0.05049467942310184,0.0500008350901167,0.05141863211976944,0.05136955742965442,0.049581387431710935,0.05055894929405218,0.04846240177762406,0.04727353607391394,0.051101331630716285,0.0502216123127714,0.051601543517765455,0.05063951075640495,0.04918578890579668,0.04735273707073354,0.05087048561833461,0.051543819452058826,0.05193345651168568,0.05015769493353895,0.048197401198501695,0.04803463945174832,0.0
2020-01-22,0.05023057309903727,0.05002676183691833,0.051351830568325665,0.05144080908568753,0.049292129944302585,0.050547300622208496,0.04763974732896285,0.04703449591286626,0.05113922043263707,0.050920055581622,0.05120032974665704,0.051008547709719985,0.04931657611113039,0.04707885428413124,0.05133100493738638,0.05209085356885043,0.05270682122347766,0.049937689059476764,0.04805595279602332,0.047650446150578646,0.0
2020-01-23,0.05069307575066405,0.05018271473157027,0.05146976622694782,0.05119962758647406,0.049771220753316,0.05082614153783975,0.04738522657709783,0.047105491275620914,0.05104745407855977,0.050670549371546365,0.05118982713519136,0.051083663199476256,0.04906574278452157,0.0467349928154307,0.051239088881119346,0.052920807927619336,0.0521701340773911,0.050106113238034135,0.047912423142819606,0.04722593890875975,0.0
2020-01-24,0.05039299220106493,0.04999526100907067,0.05115292020348132,0.05175930824524785,0.04982123669926626,0.0504154159599747,0.04713444491583318,0.04753932614264248,0.0512180628575038,0.05078157605218153,0.051124852538194834,0.0511250630594003,0.04885528819121145,0.046398576534151977,0.05153531369784779,0.05266723949801676,0.05247532441129999,0.050281767509459875,0.04838344280064253,0.046942587473507644,0.0
2020-01-27,0.05075214195779737,0.04994075255009477,0.0512258238337862,0.05175124504131168,0.050071883339181514,0.0500541816451728,0.04685071062655066,0.04756566404737512,0.05171446490141248,0.05033313100537174,0.05106358025831331,0.05147164575087376,0.04872791456714063,0.046425296881879935,0.051338333366864726,0.05268249450239644,0.05261950809537744,0.049977731385443175,0.04816708454651302,0.04726641169714314,0.0
2020-01-28,0.050980724335266,0.04972208966899165,0.051992774601420814,0.05138798031648782,0.0503140402623013,0.050073473968671234,0.046793248825723346,0.0477672492538439,0.05177816137672454,0.050037035726083263,0.050734587499290086,0.050619645409111465,0.04884418092584565,0.04647224084856563,0.0511760782112654,0.05306246628616927,0.05274577992551078,0.050109623172568424,0.04831346333133269,0.047075156054826685,0.0
2020-01-29,0.05102759163108278,0.049895515615126146,0.05239358379206676,0.05104697070700098,0.0505898994130796,0.050026859716783355,0.046836765699703256,0.04751924757968873,0.052544026825384574,0.04949959203530638,0.0508497344111782,0.05098267520406819,0.04883593565523655,0.04664553587612396,0.05127518157700445,0.052284458434690685,0.05245855942053715,0.05006681092488667,0.04824390129171027,0.04697715418934135,0.0
2020-01-30,0.05099632514803985,0.049799546212718045,0.05241904462077492,0.05149094071681501,0.05106379823179886,0.04976447480016496,0.04708774787578549,0.04751575404154286,0.05286972353342318,0.04974240076215222,0.050214302922456364,0.05072136539417158,0.04844432520430276,0.046711125373362736,0.05073012191835369,0.05261519743581844,0.052049164353351565,0.0503243185788222,0.04806891067672438,0.04737141219942086,0.0
2020-01-31,0.05087011224419062,0.04979527827449086,0.05266743711646707,0.052084154969439016,0.05147558416429758,0.04978617258248527,0.04654110640427951,0.047364958504294265,0.05359472012026067,0.049376869108126255,0.05018151445732065,0.05083539334514752,0.04806755114609679,0.04626973299241044,0.05090264642002206,0.052926319927737824,0.051600480791134704,0.050264351078010076,0.048311317719602946,0.04708429863418579,0.0
2020-02-03,0.049999999999999996,0.049999999999999996,0.049999999999999996,0.049999999999999996,0.049999999999999996,0.049999999999999996,0.049999999999999996,0.049999999999999996,0.049999999999999996,0.049999999999999996,0.049999999999999996,0.049999999999999996,0.049999999999999996,0.049999999999999996,0.049999999999999996,0.049999999999999996,0.049999999999999996,0.049999999999999996,0.049999999999999996,0.049999999999999996,0.0
2020-02-04,0.04974789383155798,0.04964631290886391,0.04996030797666202,0.050515134802585425,0.05047932426598508,0.05046884829597851,0.05030169014580479,0.050279705937506296,0.0494683009075728,0.04986520128540164,0.05009227090726217,0.0499443683017022,0.04943569118447019,0.05009426030072575,0.04985837429138999,0.04928186660181101,0.050222965680223795,0.049723624165198065,0.05024880662001677,0.05036505158928155,0.0
2020-02-05,0.049256519369988726,0.049407095955725365,0.05035943313767495,0.05101308343164009,0.050315000490765024,0.05103498912735251,0.05004889365582999,0.05017518294104131,0.04929464955763028,0.0499793380068534,0.05045879597082312,0.049856069191742944,0.049221962781821706,0.05038408740139344,0.04966278184814621,0.04946496960109068,0.04981864250739949,0.0492747262234794,0.050511212529616066,0.050462566269985215,0.0
2020-02-06,0.0494795833636204,0.04865462585600872,0.050894954226733055,0.05122357345188629,0.050624826512687744,0.05057731615945374,0.049992896905999354,0.05004701282622748,0.04909765777581182,0.05013467736705467,0.05072407476388358,0.049848451053038006,0.049180215459069136,0.05032432781422106,0.050359108227297444,0.04908405840687358,0.04946325423940619,0.04995039613340436,0.0499523786858079,0.05038661077151542,0.0
2020-02-07,0.049712405578045016,0.04886094737313559,0.05063554385539774,0.051356380951304584,0.05089106759163273,0.050180868237198833,0.05017057492366167,0.04989145078325651,0.04878488170880435,0.04958261414037822,0.05152711289221754,0.049356897954832654,0.0493312628943793,0.05057145672513346,0.050361748784904806,0.04855340320477377,0.048777411298692785,0.050458986409540246,0.05012087746202713,0.05087410723068296,0.0
2020-02-10,0.049895078221594856,0.04846651995580496,0.050482867607527786,0.05156634719353848,0.051586736983751415,0.05009711275349265,0.050191601900552545,0.049733354294015215,0.048057981314514706,0.049669622111099536,0.05135954441424496,0.05012711635906379,0.0498628771461461,0.050237132186487454,0.0503522045340754,0.048694904412279236,0.049197300574022974,0.04972308455339899,0.05005191487300561,0.05064669861138346,0.0
2020-02-11,0.049960092252824155,0.04843628618336498,0.051175650777285885,0.05175208265375641,0.05115729033121891,0.050047520380196026,0.050350658577601876,0.04971649252103505,0.04832821322322885,0.04971422797713428,0.05138028937650303,0.05003438799502151,0.04961911631631199,0.050037431216344484,0.05058184986162284,0.04906873349831923,0.04913654106187747,0.04929404671798476,0.04979445894307147,0.050414630135296734,0.0
2020-02-12,0.049796792441744966,0.04851341067574351,0.05115831127699345,0.0514297549930925,0.05130597831603138,0.04991282496042447,0.0503330453829868,0.04953880754775075,0.04764727311231853,0.050062125367119806,0.051405850014429384,0.05056233689848603,0.04958132605983748,0.049662832013223995,0.050231238805035876,0.04894339341611652,0.04926251025423611,0.04876411408961269,0.05095506104015359,0.0509330133346622,0.0
2020-02-13,0.05001690489018461,0.04866489893072799,0.05175588498949755,0.05163707019324277,0.05100465153142158,0.049664611648090155,0.050167686737906295,0.05000447469877904,0.047905106170616565,0.04967040335441635,0.05140993456502887,0.05038866030716139,0.04887786274336532,0.04985095941163182,0.05057537802708062,0.04929615088225292,0.04920919126635114,0.04878448202155945,0.05037272670861332,0.05074296092207212,0.0
2020-02-14,0.04997106397079881,0.04822693712925113,0.05179960296215141,0.052131687540781416,0.05115652310801605,0.049529390814480725,0.0497271592971738,0.05090930396958182,0.04860695579217779,0.049357513511197874,0.050925445877615765,0.050370451838746465,0.04896278795777467,0.04950445216781497,0.05053248923274903,0.049495075829274954,0.04950516346018629,0.04842990117253675,0.050310742562978426,0.0505473518047117,0.0
2020-02-18,0.04987038492327142,0.048273668479758156,0.051963837267783704,0.05213014699761006,0.051151982073037075,0.04976947986483052,0.04988517028442187,0.050777636801949265,0.048408929124360935,0.049658278682879246,0.05057207868607354,0.05077880052392335,0.0487179472147272,0.050296301173083785,0.05011027795548032,0.049085235266600726,0.049437021739645266,0.04840822667596414,0.05032174135537378,0.05038285490922557,0.0
2020-02-19,0.04983252390265952,0.04890532122875903,0.051926709824341666,0.05209007651219369,0.05139586872086255,0.04937792866412796,0.049990796181642906,0.05095396411516563,0.04860866631226353,0.050218606216154024,0.05064613176529748,0.05045995951694442,0.04868220525474239,0.050191336947063646,0.04999572765577431,0.04896492755770735,0.04960919124533468,0.048011301258257276,0.05036437910004252,0.04977437802066532,0.0
2020-02-20,0.05044534610038837,0.049401764091234805,0.05217300305591653,0.05216704455481178,0.050792249404016505,0.05009682376557115,0.04954993291918161,0.051229725147817,0.048382387684403186,0.0499166101056599,0.0499925626099164,0.05032975511508985,0.04875391107153519,0.05037862130180203,0.049518972296806546,0.04924408116408431,0.049612099656396104,0.048066689473841386,0.04991274867466099,0.05003567180686639,0.0
2020-02-21,0.0498679590394922,0.04977220344796813,0.052698722890158006,0.05196395121377483,0.051104509954384925,0.050135592771005044,0.0497817412126787,0.051167145926419966,0.048691229659183426,0.049518878982969,0.049907679036927194,0.050678951314822994,0.04896015542549426,0.05023876303058558,0.04957802523661538,0.04908231628370359,0.049242656030709056,0.04753516124076443,0.05002224200305695,0.05005211529928641,0.0
2020-02-24,0.05006081341737303,0.049907362354193734,0.05232853712765902,0.05149500149687495,0.05119561967163445,0.05052554614797337,0.05024563176010533,0.050822465338012365,0.04829411204438586,0.049423444773563925,0.04969432961359913,0.050618575068180176,0.048470737098233636,0.05073176153889177,0.049314698601793376,0.04938335738117372,0.04900576620503449,0.048394787005950214,0.04963935297086399,0.050448100384503675,0.0
2020-02-25,0.04948800248198745,0.04957287509627233,0.05221801082340676,0.05192952865339837,0.05126918254775134,0.050337969726311375,0.050030793945250146,0.05146236029872484,0.048267052560828055,0.04908934483269365,0.049608405018003725,0.05046515973642445,0.04876187726339828,0.05121400496896547,0.049019352916661964,0.049259012802707,0.04891933497088306,0.04892453105968154,0.04975652940551672,0.05040667089113362,0.0
2020-02-26,0.04926789524560156,0.049640954849244044,0.0523619431362793,0.051573271054375515,0.051784118581108665,0.05035597356237843,0.04959011150924794,0.05152127335432582,0.048470127418346,0.049045882414812905,0.04982101624936356,0.050675368088455935,0.048568809254872926,0.050908512033342936,0.0489395175810819,0.04932757481537415,0.04884958026433481,0.04959896237573067,0.049628003433404046,0.05007110477831895,0.0
2020-02-27,0.04910313993593384,0.04957112807541933,0.05229876938714905,0.05156470454914337,0.05162956670781914,0.0503765097378197,0.04930905756883265,0.0516214570799041,0.04843913863036644,0.048659071038076984,0.04942861665391454,0.051159503000468336,0.0489870894751165,0.05099176105411248,0.048940156358150515,0.04946177991307102,0.04931191376610284,0.0497957192395025,0.04952813962021069,0.0498227782088859,0.0
2020-02-28,0.04828308327712832,0.04965791195867974,0.052005906212955734,0.05123396810689517,0.05164136011170808,0.05056880166033551,0.048625313585151826,0.0520322577246832,0.047784360716260924,0.04888420716117679,0.04962176879998768,0.05160573780720289,0.049380721161521,0.05133475691139972,0.04924723349229351,0.04926935327485534,0.049245269070478014,0.05022896744609647,0.04939612314429457,0.0499528983768955,0.0
2020-03-02,0.05000000000000001,0.05000000000000001,0.05000000000000001,0.05000000000000001,0.05000000000000001,0.05000000000000001,0.05000000000000001,0.05000000000000001,0.05000000000000001,0.05000000000000001,0.05000000000000001,0.05000000000000001,0.05000000000000001,0.05000000000000001,0.05000000000000001,0.05000000000000001,0.05000000000000001,0.05000000000000001,0.05000000000000001,0.05000000000000001,0.0
2020-03-03,0.04991644169724477,0.04998909603362188,0.05043686418765496,0.0503490646793595,0.050119236546435665,0.05059406545736887,0.04989228941966865,0.05003294651789317,0.049595122208116724,0.050402010141818616,0.049893037573690874,0.04984653314896916,0.04955006300424905,0.04972676347202574,0.05007129069911726,0.04929205890203109,0.05015850480598124,0.04969738190710008,0.05025257986410057,0.050184649733552106,0.0
2020-03-04,0.0492951476089542,0.050161339553495436,0.05039327938140637,0.05037940899013212,0.05101605052781628,0.05018002737963003,0.04970595918629035,0.049804574326618424,0.049736264304241405,0.04965997208445882,0.05017053826111523,0.049795780185917786,0.04980364655098002,0.04986525362674312,0.050361772572989,0.04902932892044528,0.05021820351006813,0.04968143907408503,0.05042885551962214,0.050313158434990964,0.0
2020-03-05,0.04968230532040828,0.05034682707322579,0.05056765346272852,0.05006238773977708,0.051139488544160144,0.05061273327651271,0.04941167265814947,0.04973070327367173,0.050037372385695444,0.049146319417506745,0.05017315621137794,0.05014464551018095,0.049351567916979235,0.04970225647336315,0.04996455682653354,0.04896680955629822,0.0503092781456808,0.04992702002034104,0.050678309108916846,0.05004493707849239,0.0
2020-03-06,0.050086318129691644,0.050423310579120834,0.05003976229441393,0.049842779141947284,0.05083598990113817,0.050556281179515355,0.049180673085198974,0.05005468998026702,0.049981959454532716,0.04949683050211977,0.049760769846817224,0.049625283830161626,0.04970658621011164,0.04965808946750595,0.05011147648772528,0.04927476985819965,0.050746983401599145,0.050233835152587,0.05059383442475791,0.049789777072589005,0.0
2020-03-09,0.05057576718763278,0.05018905897447764,0.049697020112478625,0.05001036474517027,0.05146763487319696,0.050166729129598416,0.04891244064971155,0.05026202492090853,0.05083511033807462,0.04921848951052921,0.049602028815030556,0.049200719357968846,0.05017627107630629,0.0493553311419013,0.05022429352853103,0.04874820461722809,0.0506371470281468,0.050200874154093286,0.0507576033582449,0.04976288648077025,0.0
2020-03-10,0.050681212189547936,0.04969818260078265,0.04971929850178165,0.050055257768719504,0.05133577758518866,0.05082840974034856,0.049382335337115855,0.050175656506424464,0.051073924793630196,0.04869487369800226,0.04896706343077592,0.04893520831117871,0.050497413228255385,0.04946299621069715,0.05053735090991767,0.04871607924987175,0.050708477038406134,0.050373997485100755,0.05052206085433335,0.0496344245599214,0.0
2020-03-11,0.0506523905514531,0.05021741215755081,0.04968594073794036,0.05004881100282308,0.05071507688517038,0.051438864912666846,0.04890807928799721,0.0507495146608155,0.050956348768168125,0.048582656082662865,0.04905372651102802,0.04857127783759258,0.050302850367571594,0.048801564621901064,0.05038437800375872,0.048780626261211275,0.050435129096863325,0.050212229016288454,0.0512564530954165,0.0502466701411203,0.0
2020-03-12,0.05115939820600721,0.05112720562906587,0.04938703671649658,0.05015960467042042,0.050490025615518866,0.050731805462750225,0.04841862885971326,0.05073112666698066,0.05120826061634838,0.04870060066171611,0.04802734351292668,0.04890693813331277,0.050531013087502706,0.04845512678745703,0.05031676498472555,0.048900821529860916,0.050916255902033976,0.050104566226347645,0.05136139544504062,0.05036608128577462,0.0
2020-03-13,0.051706814985855984,0.051233535605474806,0.049088678878234995,0.05037294512583609,0.04999799527563616,0.05074147347086393,0.04855459852665103,0.05102789341080424,0.05122987264764269,0.04859606719539422,0.04827493695398545,0.049134811254389364,0.05028349548184004,0.048136270259030514,0.05016195959481991,0.0488161435330116,0.050539203679132234,0.049537615577403604,0.05232110368792707,0.050244584856065984,0.0
2020-03-16,0.05208722410028149,0.0507395394408925,0.048703289009134364,0.05033398360362468,0.049351302110354975,0.05096459332434412,0.048495096216214374,0.05108086565942446,0.051220804291903635,0.04872986973991686,0.04845702436757763,0.048947325827741334,0.050263951717635286,0.04805963112083354,0.05063544743474891,0.04858297162741385,0.05048961689894549,0.04966533596990057,0.05309805431376203,0.05009407322534975,0.0
2020-03-17,0.05172285312543003,0.05044438608153445,0.04883871173696465,0.050472162585066066,0.04920592149960645,0.05110153942169617,0.04839978580844846,0.051751332178738035,0.051287477919274106,0.04882356108204613,0.0489806031887554,0.048861089480233946,0.05021116311037231,0.047531497978564013,0.050715230376471486,0.04847942002715304,0.0508164137694887,0.04947413051531802,0.05288930941571327,0.04999341069912547,0.0
2020-03-18,0.05190205674604968,0.05072823697405684,0.04826368812919366,0.05022567212290906,0.04928252458664064,0.05175041401828523,0.048689310200220964,0.05213122679009018,0.05123620784107111,0.04901975171460067,0.04983192084169651,0.048089412202343036,0.04960914911538339,0.04733391934640932,0.05028617647836499,0.048910814412533574,0.050611418062477084,0.04912894352372101,0.05308673995572993,0.049882416938223005,0.0
2020-03-19,0.051918107448985756,0.05106451235698308,0.04778770660149703,0.05098556418411254,0.04955374251034231,0.052081319731582185,0.04860102476392347,0.05200361159614612,0.05117066693945144,0.04934719457469631,0.05002067015314533,0.04780194209220171,0.04919016533994049,0.047460901151483666,0.050373937941608965,0.04853928108067681,0.050779035886385736,0.04878860043299193,0.053075642499668174,0.04945637271417679,0.0
2020-03-20,0.051332318711462974,0.0507031895079138,0.04723055481223647,0.050958754902988214,0.04984675292524256,0.05225553939287142,0.048656692606085565,0.05201478576205012,0.05106380203977627,0.049415072065500776,0.049873212397896084,0.048291710500497104,0.05005029594720435,0.047831134474169736,0.050283721915887473,0.047871933352596784,0.05012036860259131,0.048958719985853105,0.05350336788235256,0.049738072214823285,0.0
2020-03-23,0.05145700438868198,0.05061436154686577,0.04732853388279975,0.050987159306158665,0.05000801397557547,0.05304770638850619,0.048132407520473354,0.05196357201314885,0.05033717722898074,0.04935660195068632,0.05059256893038406,0.04807533061265015,0.049975878977958826,0.04693580045420955,0.05062371505743382,0.04798713945801368,0.04969103944891801,0.04914616056809133,0.05350593596605967,0.050233892324403805,0.0
2020-03-24,0.05226162213954448,0.050666553011738995,0.04671216837050299,0.051172583761116046,0.049676585470921755,0.0533787849345812,0.0475511426562145,0.0516805016796129,0.05072331872793046,0.049618124570840104,0.050150281403951065,0.04768933595514746,0.05001486467355306,0.04672588003821447,0.0507979520248813,0.0484752600050171,0.0496409053970013,0.04906538019261201,0.05394148097807671,0.05005727400854236,0.0
2020-03-25,0.05245255425599383,0.050931288194379594,0.04668405752511826,0.05098335905721912,0.04994322235439837,0.053203576304833654,0.047278952342677046,0.05114376886160953,0.05048087145433055,0.04976910165975672,0.04944137711989837,0.04810922459565231,0.049970629690171395,0.04710414104498631,0.05119695501029738,0.04807881136700974,0.05043688325405002,0.04939164165293601,0.053233170258086576,0.05016641399659518,0.0
2020-03-26,0.052891621588027696,0.05071232994373308,0.04712891111102218,0.050889109361588004,0.05033266552850293,0.05289740792278141,0.04683148744319908,0.051156533353803414,0.05043456427217613,0.04936105819501855,0.049985916181650526,0.0476437992283698,0.049732482797581044,0.04714128771126812,0.051470380328973345,0.04844349734067653,0.050392051934744025,0.04981088589055934,0.05290543903614362,0.04983857083018101,0.0
2020-03-27,0.052876272514075576,0.05007876280135341,0.04760599705804906,0.0508077729150972,0.05039248552454064,0.053273944856921586,0.04684612957693219,0.05088563862579159,0.05008754298242702,0.049251889946068626,0.050117607353818316,0.048083700602817504,0.0496670428863568,0.047201523096574854,0.051726734872654036,0.048543748187813776,0.05037174409826004,0.04963299073376734,0.05275192082924589,0.04979655053743467,0.0
2020-03-30,0.052920867960686936,0.050365781712858194,0.04706553009796021,0.05054991866865006,0.05061082868008323,0.05304898010166351,0.04631666109073983,0.050762732648758545,0.04989814584560844,0.04947073797835575,0.049523963776102055,0.04912647446276833,0.049592237000133446,0.047453096590330784,0.05221008392508611,0.04821458161879055,0.05084712980620382,0.05004061920424692,0.05257606280144075,0.04940556602953253,0.0
2020-03-31,0.05325544759334934,0.05094595654343845,0.04733583164135884,0.05088976045159705,0.050348542197391565,0.05309106895027559,0.04634129374001475,0.0509168663428527,0.049718271206202314,0.04944875333001383,0.049235925144012,0.04926858796780693,0.048982269187638316,0.047308589807392734,0.05269847167791607,0.04815375902543293,0.050647001301077056,0.049990202591974356,0.052131878341088705,0.04929152295916647,0.0
2020-04-01,0.05,0.05,0.05,0.05,0.05,0.05,0.05,0.05,0.05,0.05,0.05,0.05,0.05,0.05,0.05,0.05,0.05,0.05,0.05,0.05,0.0
2020-04-02,0.04966221171735713,0.05014174349461466,0.04958187235443918,0.050613727922644465,0.05062357839242893,0.050124374515752614,0.049985907784658966,0.05000238166845656,0.050416527725832945,0.049512404960929554,0.04969507113386196,0.049415212317307326,0.05056474588950198,0.05016503458411604,0.049599228864322595,0.050059005175095685,0.050607122894934034,0.04966886739309018,0.04961205215692093,0.04994892905373402,0.0
2020-04-03,0.050203807372472355,0.05007416380935156,0.04964104510092621,0.050997067194903344,0.05083950754539946,0.05015597298540457,0.05022586164309134,0.05071381079574319,0.050526168321966,0.048606348996902506,0.049540063420035106,0.04891784065563702,0.050251121141225354,0.050302781448529295,0.04940817448553404,0.050094852849026074,0.05092333131493377,0.049465550079604965,0.04947540434641866,0.049637126492894826,0.0
2020-04-06,0.050689183813200776,0.04978318593021733,0.05007107865877234,0.051229173392131226,0.05063328004447334,0.049699594659414245,0.0501159932123536,0.050952858597761226,0.050341556466984454,0.04848389827638791,0.05022440453114903,0.04865032479292152,0.05011093100086227,0.05016919274463812,0.049664622665829175,0.050485915492070946,0.05076974294823002,0.0493189577227994,0.04974054248885373,0.04886556256094908,0.0
2020-04-07,0.050255664350799194,0.050058528668411116,0.05019885007506595,0.05052442890817433,0.05049328367853061,0.05002153712856212,0.0498005871579393,0.05161929441763676,0.04966433424160765,0.04844774915723607,0.05089546889606209,0.04885012095776842,0.050553725962451196,0.05007037092587467,0.04881265166112992,0.050702748365585575,0.05070710738868572,0.0499207932792777,0.05008438080007985,0.04831837397912154,0.0
2020-04-08,0.05067073521513614,0.05026662518023164,0.05001639161781396,0.0503131572676825,0.05041491432640127,0.04994956339384165,0.05030919756279274,0.0515324038057115,0.05001395811097635,0.04814146669203257,0.0510204642108628,0.04892003284458299,0.05034987866408776,0.04973800377781528,0.04887659656504137,0.050221023727218234,0.051156054956976144,0.049806911874483044,0.049955289208217006,0.0483273309980948,0.0
2020-04-09,0.05060498957758184,0.05040446239989623,0.05022866911192214,0.050767603606039075,0.050253024813341374,0.05062111837891966,0.05016187505181349,0.05177948814395026,0.04974273340171054,0.04857243286577264,0.050931583614200394,0.04882251995970236,0.05045177969703482,0.049917472432225066,0.048751994628608325,0.04968779422522185,0.051074536519462185,0.04964140054943388,0.0495584857210857,0.04802603530207779,0.0
2020-04-13,0.05060121145810082,0.050809152874919744,0.049320195213889854,0.052112863218885315,0.05035724517470806,0.05060469771803319,0.05053559596377692,0.05151453733693452,0.049233703819516424,0.04809927411996072,0.05112757212682573,0.04826382441202625,0.05185046504830056,0.04929595822515471,0.04904883472241761,0.04977916606640627,0.05100131379527707,0.04957325179213556,0.04915637402077711,0.047714762891953394,0.0
2020-04-14,0.05072755035912624,0.05039488654322134,0.049022735486361525,0.052512034600330305,0.05041899024077054,0.05101811242716688,0.050382784385346865,0.05127330314410066,0.04920747960425702,0.04837229943600825,0.05088797939815296,0.048184982426738694,0.052042632834010484,0.04897670489218578,0.04897220571329511,0.049562049379385124,0.051693353841744984,0.049076419262867155,0.0495052546420305,0.04776824138289923,0.0
2020-04-15,0.051058852269566114,0.05017937392140927,0.04871994562205695,0.05287062267083813,0.050751654845691455,0.05122170606899046,0.050355974457033416,0.05202069258174645,0.04907198232841445,0.0484935991886118,0.050073397652199564,0.047948078026637066,0.05204589050395442,0.049189582857305306,0.04882558529463743,0.049480737474167,0.05122245369830968,0.049105930791225556,0.049889796842540995,0.047474142904664215,0.0
2020-04-16,0.05103295054691687,0.050180523242783444,0.04869372017167609,0.05300862535542731,0.05082900727135869,0.05164067547040995,0.0502518174264056,0.051682292938446533,0.04849336351038763,0.04918466852842358,0.04904406120442785,0.04758400343097184,0.05231261785681369,0.049236591219400314,0.04922528556243998,0.049617420286744866,0.05135335154574811,0.04927970650257526,0.04995373888231515,0.0473955790463271,0.0
2020-04-17,0.051548133637740606,0.04999855910862689,0.04863947016644054,0.052712088123111234,0.05053880278239703,0.051860607547713634,0.050347407934796765,0.050896015988451886,0.04804239065977227,0.04938371591994461,0.0490334654138207,0.04726494870042142,0.052610448792225234,0.04908547866928616,0.0492083872081356,0.049928086470357125,0.0509324185235384,0.04980199602977364,0.050054249198004656,0.04811332912544137,0.0
2020-04-20,0.05169664330179542,0.05030735514887982,0.04862705491181822,0.05311538731982752,0.05039962369847036,0.05198323540763955,0.050237067808582024,0.05068247984382354,0.04818986649353908,0.04892290847943706,0.049369978404335255,0.04736249749166836,0.05240643842085733,0.04853657098532178,0.049157504116003725,0.04953613406004023,0.05152334434359258,0.05029342323210636,0.04963160128452888,0.04802088524773257,0.0
2020-04-21,0.05203469278351738,0.05034952836500573,0.04867215051494878,0.0528189752461146,0.050308959975599594,0.05249442999889684,0.05037923540273956,0.050076704171183206,0.04807174817279678,0.04939065158055796,0.049481902293036055,0.04722490359673554,0.051880141316232184,0.048625422350276094,0.04909449382559659,0.04886984598597516,0.05174043868946056,0.05053006512064193,0.049900681014415874,0.0480550295962694,0.0
2020-04-22,0.051673397287777194,0.04994398246834325,0.04862478214960916,0.052313180858952556,0.05018667985780952,0.05334565198124485,0.050860416648755194,0.049687753667759536,0.048188591542295045,0.04991985994657238,0.049705643311897516,0.04716941316147137,0.052036522456499756,0.04835669920284858,0.049136882442229184,0.04877606506904969,0.051434049598845046,0.05039424027825656,0.0501178758167317,0.0481283122530517,0.0
2020-04-23,0.05249141332251272,0.04999262434227765,0.04883587288981352,0.051866780022000035,0.05085150293752013,0.05327053383773388,0.05126488027983135,0.04941008425441092,0.04826314937585217,0.049317167952400306,0.05005187242007472,0.04660099880290045,0.05233767812758346,0.04854612851658828,0.04904617473336441,0.048504814459996715,0.05091225478976712,0.05036057466839812,0.05020214804073282,0.04787334622624101,0.0
2020-04-24,0.0525191619118054,0.04991386774629217,0.048751731069587856,0.052078538603076305,0.05140892703148301,0.05342036185489171,0.05150299941611887,0.04928536395358013,0.04848454672774724,0.04940189735854262,0.050400502139062636,0.046636540027406075,0.05208320376542707,0.048235359505652615,0.04879724320024029,0.04839293221661984,0.05064586709412412,0.05036515226274465,0.05013418388178137,0.047541620233815696,0.0
2020-04-27,0.05278867215291796,0.050247594222282976,0.0486609805220937,0.05206446394430505,0.05171729479901181,0.0534254654921372,0.05102520941774902,0.04858359480936846,0.048208065561163645,0.04970644052808387,0.050472995657833426,0.04672142455092535,0.052690909309064546,0.047649643224989546,0.04929990098515466,0.04836926786466732,0.05071848737535006,0.050355351006660144,0.04977813209497388,0.04751610648126705,0.0
2020-04-28,0.052160963521588104,0.05035780554387718,0.048770659430963995,0.052071566830056065,0.05173086728825736,0.05358510219470847,0.05057218421389691,0.048964643233401585,0.04825937763327101,0.04960349140905379,0.050542048193106814,0.04661856148152877,0.05319642407471882,0.04715830979188573,0.04928859729737924,0.04800950610839205,0.05110288762039649,0.05029432480896164,0.05015891470751213,0.04755376461704358,0.0
2020-04-29,0.05198103526853674,0.050635845538487725,0.049164313390294354,0.052185678459863716,0.051357611245334396,0.053724083242595776,0.05076539959344002,0.04843544858641479,0.04858556062157015,0.04887808457966678,0.05064525195812216,0.04677835389584219,0.05360661864748417,0.04712602935515756,0.04924754966250811,0.04881994656426429,0.050829873793548766,0.05008153575882699,0.049797856920413455,0.04735392291762737,0.0
2020-04-30,0.05247444675537293,0.05079458335183323,0.04901994696651091,0.051826467039227456,0.051482929342277585,0.05297015112158888,0.05108297110292439,0.04843693872077431,0.04841926644994369,0.048822627231364046,0.05060096687838788,0.04712394982254401,0.05355223498130788,0.04720470181170895,0.04895312660130547,0.048870408621453185,0.05058602839510546,0.050360108161276396,0.0498377398386392,0.04758040680645365,0.0
2020-05-01,0.05,0.05,0.05,0.05,0.05,0.05,0.05,0.05,0.05,0.05,0.05,0.05,0.05,0.05,0.05,0.05,0.05,0.05,0.05,0.05,0.0
2020-05-04,0.049360469747487375,0.04978183144199032,0.050442649946881246,0.04981553617620846,0.0506075322482451,0.050385526576334945,0.04978838790318107,0.05032423264948698,0.049447553339431426,0.05057208475716026,0.05044619572461053,0.05005730005457626,0.049972486424665494,0.0497669601299057,0.049836885570466984,0.05006952260315051,0.04976108419677577,0.0497677326760285,0.050435294571122495,0.04936073326229019,0.0
2020-05-05,0.04976960449138575,0.04993339952459487,0.05010505462210135,0.04937669188241012,0.050090593290049966,0.050167320884584324,0.050324936951069286,0.05049953237067992,0.049209974018261715,0.050592500412744656,0.05036237113237772,0.0496513983041328,0.04938158070838664,0.050093863596179865,0.04975945328330975,0.05030641422725607,0.04963285741042921,0.050337202216962196,0.05085876127106039,0.04954648940202308,0.0
2020-05-06,0.049602109961634284,0.04983834966750851,0.05075301105183097,0.049224079267459725,0.05024468843704708,0.0505084144113484,0.05058500851323564,0.05093607656781998,0.04864826282477283,0.05046839457224575,0.0502287864429086,0.04970185168964794,0.048593999219870725,0.050500054256163975,0.049485726018332066,0.05010612817153885,0.04932757336869243,0.05043059429340248,0.05128158384148471,0.04953530742305472,0.0
2020-05-07,0.050089111426132545,0.05042547933594085,0.050267642829011895,0.048842770798051,0.049928787000595554,0.05056735692543855,0.05095571467641633,0.05079988075178908,0.04838983057674125,0.05025341124857952,0.05003071387691973,0.04960488930246745,0.04880943756688573,0.05059219019517908,0.049548109434094614,0.05091900482006191,0.04946631122965993,0.04991812663394317,0.05116590331421311,0.04942532805787852,0.0
2020-05-08,0.0500522484832377,0.05089231688637868,0.050140177623721284,0.04903399456520996,0.04991937085413922,0.05049351056802528,0.05079228748446756,0.0506286824942053,0.048331645227338044,0.05036167960607819,0.049555941674936,0.049590196728217774,0.049203367298726604,0.05048523219465287,0.049090750698526746,0.05037096769829658,0.049293318144527275,0.05024166860575848,0.05199064927802767,0.04953199388552861,0.0
2020-05-11,0.050091014625996744,0.05108260159753053,0.049778056944582205,0.04922688238947107,0.050117503351697894,0.050777743397847186,0.050576744937967426,0.05074084126167382,0.04857883888809166,0.05034913236699706,0.049494729152111526,0.04984963446921679,0.048507182414209,0.050235548697392815,0.049199052196871894,0.04983179144782002,0.04926531579491617,0.04997536337798259,0.052348828866824,0.04997319382079929,0.0
2020-05-12,0.050427834557975525,0.05113767015843505,0.05046702538974167,0.04869937009551209,0.05039900737443649,0.05094084797557133,0.050834758876079605,0.05102843521098016,0.04844831952001658,0.04998847135814737,0.04959624768358917,0.05005809624075054,0.048342212235205406,0.05034666519324194,0.04893111897885945,0.04919035077921217,0.049292654756607455,0.04975138022352423,0.0521352413309233,0.049984292061190205,0.0
2020-05-13,0.050131608021447074,0.05112925369228436,0.05031086238787737,0.048619680237024156,0.050400405647269546,0.05111516418832966,0.050763731369362075,0.051348641056372234,0.048266957852199935,0.050104341897722254,0.049372140489862146,0.05046458834313577,0.0483582819982132,0.05025727123486655,0.0492007430979021,0.04921412151334485,0.048835553166010195,0.04970846549128261,0.05205296318556659,0.05034522512992702,0.0
2020-05-14,0.04973219617434972,0.05062575461990009,0.050083513554889214,0.049203127971223844,0.05061847140767191,0.051427564803712224,0.05049519304535102,0.05141267128749876,0.047694182997279795,0.049858115320413246,0.04968139766666517,0.050273493291857596,0.048210403075635754,0.05053069323525882,0.049318458608515615,0.04932762352117268,0.048989485535843556,0.04995907363948757,0.05227788864915592,0.050280691594117334,0.0
2020-05-15,0.04978313812057711,0.050670603375195196,0.05007340626598718,0.04898199686226473,0.05050434992597426,0.05162484800466117,0.050292262498072504,0.051620592837729455,0.04740149772896194,0.049068674547707115,0.04967218865213681,0.05064325275965821,0.04785880140035843,0.05099817408862014,0.04947326266362924,0.04933165372794921,0.04917960673181152,0.05005902953201383,0.0522317753141887,0.05053088496250318,0.0
2020-05-18,0.050047153671825766,0.05068320815031295,0.050083840816577074,0.049105129617573545,0.05056761130308911,0.051009918651927624,0.05009017411827928,0.05158393396887356,0.04748222066946318,0.049274514360221934,0.04911926730344513,0.0507987776932022,0.04828055285844268,0.05112049334696604,0.04974217100263176,0.049470554651485796,0.049229203082094886,0.050251707123540774,0.05174320026822352,0.050316367341822835,0.0
2020-05-19,0.04955430829628106,0.050736567963970323,0.04994137006471856,0.049114312699103074,0.05089383401943164,0.05084711022734179,0.05036883258176971,0.05170327818231004,0.047748484119896364,0.049444712395257974,0.0495636218129199,0.05063909596579937,0.047798354354225366,0.050914655501893676,0.05025583988975757,0.04960112362230795,0.04915627360427923,0.049671641672251514,0.05174457736048675,0.05030200566599791,0.0
2020-05-20,0.04908094303407028,0.051020358511198946,0.050007538019700586,0.049605956723158935,0.05112894299121611,0.05031226496771216,0.049944207333290615,0.052565953541826894,0.04771487256076158,0.04962675548764178,0.04974565442900819,0.05079592195952425,0.04724653902989424,0.05087839563266885,0.05082144280178917,0.049586753225569505,0.049173792004637396,0.04939590272764731,0.05102872071284879,0.05031908430583412,0.0
2020-05-21,0.04941268271514953,0.05139999812689439,0.0488248035962979,0.049758176515505084,0.05099121913469667,0.05059385498925775,0.050213858732989315,0.05252967032417291,0.04816648032639552,0.04952319783386202,0.05009563598781353,0.050800033251252,0.046840329054734606,0.0503452553401723,0.050407071876611316,0.04978461901704906,0.0492416675289921,0.04945654876047985,0.051207721664196335,0.05040717522347757,0.0
2020-05-22,0.04925326398825122,0.051201949050616584,0.048893836625790284,0.04965768992748692,0.05094281318735876,0.050963775611953234,0.05001470981680039,0.052448253586310604,0.04789362038772569,0.049548236507937084,0.05045862492191643,0.05134953107483342,0.04704621595492654,0.05037757655669983,0.05024359904055403,0.0497662622534306,0.04932463086776012,0.049254511582234525,0.05148918027888916,0.04987171877852414,0.0
2020-05-26,0.04917617142706162,0.051018190945871705,0.04895679628178588,0.04973854830462091,0.051362096831289485,0.051357008229855415,0.04999973377037461,0.052348341036779676,0.04781921760574389,0.04988834342819577,0.05018518875191969,0.05169876318906982,0.047013502225423096,0.050406870032889274,0.05013324325832888,0.049682550311623976,0.04897700965699199,0.04924180174870075,0.05145380253725795,0.04954282042621526,0.0
2020-05-27,0.048513167523765825,0.05151512361666002,0.04929194012642464,0.049744784974120854,0.05094547140186101,0.051510460381924014,0.04992610127765128,0.0524681046279773,0.047695113050617105,0.04964480211140576,0.049978919847976054,0.05155380275527853,0.046738301369475085,0.04989689108425994,0.050335664715420045,0.0494865111949147,0.04949685132549091,0.049477711789577696,0.05184628301480613,0.04993399381039277,0.0
2020-05-28,0.048193759616145374,0.05169967418623835,0.04965449201005441,0.04962210430899099,0.05051527032206192,0.051766123447063966,0.049757798739525905,0.05159189295254977,0.048119609065378134,0.04985351497252661,0.05025023605309806,0.051313250548020474,0.046825997847906614,0.05063301884271633,0.050059579194416726,0.04947714404854848,0.049165143283801796,0.049108872119442114,0.052061486094203926,0.05033103234730972,0.0
2020-05-29,0.04825543007727105,0.05162739965122128,0.04965553061806948,0.0492308502118156,0.050794926133423055,0.051264826650294415,0.04972427344984563,0.051611950791789936,0.04822866946986777,0.04940618597742985,0.05096157571409517,0.051724976339646477,0.04699722757041851,0.05089728480441966,0.049929884236474625,0.04996408471265151,0.04925357283829404,0.04892198156793453,0.051760197993991626,0.04978917119104569,0.0
2020-06-01,0.04999999999999999,0.04999999999999999,0.04999999999999999,0.04999999999999999,0.04999999999999999,0.04999999999999999,0.04999999999999999,0.04999999999999999,0.04999999999999999,0.04999999999999999,0.04999999999999999,0.04999999999999999,0.04999999999999999,0.04999999999999999,0.04999999999999999,0.04999999999999999,0.04999999999999999,0.04999999999999999,0.04999999999999999,0.04999999999999999,0.0
2020-06-02,0.04982737886803497,0.05006120276999897,0.049711837821334745,0.050470130228299985,0.049588898954152055,0.04960223978199727,0.04989726375872716,0.04991307119314353,0.05042998439647398,0.050106137630801684,0.04987775918997455,0.05020749184258141,0.050278155801849696,0.05081561401911906,0.050201669637145396,0.04992913648527872,0.049977586457707945,0.04935341488819559,0.04991546836264064,0.049835557912542655,0.0
2020-06-03,0.050202842224894156,0.04986570630126095,0.04977508614632357,0.049890981882432385,0.049855593057036525,0.049272443370953246,0.05015471581874187,0.04977263936690459,0.05087689893230194,0.05025286626154251,0.05026236263348632,0.05023294235306593,0.050488557901603184,0.05042850453320573,0.050218675775170724,0.0497802138978147,0.049854652297360365,0.049499638028493054,0.04959596527854165,0.049718713938866725,0.0
2020-06-04,0.04994072134348117,0.05000785617293484,0.04955411153878407,0.04976406071366575,0.04945095397889954,0.04980592549995819,0.050141091364838096,0.05048272132811152,0.05076556277941208,0.0499083315975996,0.050020240153243085,0.05066711255288818,0.05042264109190112,0.050698062518621426,0.0497718559251544,0.05036801613613531,0.04907041296873841,0.049522474912206,0.04997037631457076,0.04966747110885644,0.0
2020-06-05,0.049714364850870725,0.050914459944407194,0.049154467178568036,0.04969900777621775,0.049395244496750826,0.05020319716725487,0.05011055029977852,0.050614630088845196,0.05045896805493334,0.04963758622347159,0.050150014306156156,0.05061882601215781,0.05035323715038424,0.05074343387067801,0.049605445978429634,0.050535126906451545,0.04839922639201992,0.049568686164011846,0.05020433762288688,0.04991918951572597,0.0
2020-06-08,0.050375701434392316,0.05111094360956783,0.0492148668630026,0.04942192341352018,0.04930573498812466,0.050563176742605256,0.05001091916068776,0.04994841094688336,0.05089219956148642,0.04927806520022342,0.050126521030605636,0.05077646669231857,0.05114887393984816,0.050707580964368205,0.04907216085213769,0.05037513812471551,0.04851296666453749,0.04950672175427288,0.0500788739209462,0.0495727541357557,0.0
2020-06-09,0.05049670632050423,0.051396549047541505,0.049746326536642495,0.048815296995894014,0.04924688933890978,0.05054427344558229,0.04991229087858553,0.049496489578521985,0.05164439747983942,0.04912562339144597,0.05026732164565845,0.050997139765074334,0.05093896134008867,0.05063300419001625,0.048287930050645085,0.05009224336495562,0.04862196246732788,0.04979261575275473,0.05020366572674761,0.049740312683264204,0.0
2020-06-10,0.05035878634768432,0.050848624294415834,0.049865338905161476,0.048641513595450686,0.04899789708609197,0.05025022187566314,0.049744866455012,0.049465444343686535,0.0520089853389316,0.04926870199824756,0.04999179636212554,0.05090170622602181,0.05093739737691744,0.05119852209552769,0.04850594403147676,0.05049361843611382,0.049052689297839965,0.049792563184842,0.04999507457136696,0.04968030817742262,0.0
2020-06-11,0.05028159769066342,0.05065283950042818,0.05036771574137418,0.04849815362493828,0.04922217892515431,0.05029403508314616,0.04999041987820962,0.04916411429552944,0.05139273845845765,0.04862438595006905,0.049838041785747494,0.051486985299745554,0.05103334225862069,0.05149114994103338,0.04859200690728007,0.050359977583714806,0.04930717220597602,0.05019960000141945,0.049802629433881765,0.049400915434610455,0.0
2020-06-12,0.05080010153663493,0.051130765213058996,0.050140211626385496,0.0480421419643943,0.049298353162726974,0.05072665494440015,0.04976290360138244,0.049237617871121735,0.05170572895274773,0.048509670714799516,0.04965562953359725,0.05136730012308347,0.05108985797647587,0.05148610710214633,0.04868831804436946,0.04996118868737965,0.04879108869597153,0.04963207735876057,0.050381587428598336,0.04959269546196516,0.0
2020-06-15,0.0511854766276345,0.051140412131925966,0.050374728406670816,0.04797593272133933,0.04950692663490464,0.05073889075537429,0.04885585812649571,0.04900832006945469,0.051716164563354386,0.04858914132265676,0.049754740701394094,0.05125518704807409,0.050859853240508436,0.05061779103717032,0.04909856016741049,0.05018304005640919,0.04909407220945026,0.04952443408649785,0.05114237144752729,0.04937809864574704,0.0
2020-06-16,0.05098561298078709,0.04966143905040752,0.05023610460926021,0.048453666864566106,0.049385594958086136,0.050267582541461894,0.048964474266388,0.0494974379103479,0.0514643121109982,0.04864232126146659,0.0499019053862774,0.05203602418324996,0.0509839353043298,0.0508175616621259,0.04861153023248053,0.050382415002936165,0.048773879162872374,0.049629013602018275,0.051872298933097874,0.049432889976842136,0.0
2020-06-17,0.05092152484289925,0.04984867064077128,0.05026734228502419,0.04869349379990292,0.05007736256289296,0.050256261276226934,0.04882151588135461,0.04907093050082997,0.05188034826421181,0.04862132977079556,0.0501622356918196,0.0513063379387993,0.05149630052306465,0.05032435951115078,0.047855394637917756,0.049911934782955726,0.049022362915857834,0.04968980219398327,0.05192350312400941,0.04984898885553208,0.0
2020-06-18,0.05102335766184935,0.050581885041123154,0.05041208489266855,0.048717462071137904,0.049483001808109515,0.04965674460843414,0.048689715906829044,0.049067514157850184,0.05210968943826178,0.04817897378697489,0.049943126845508196,0.0514538139090833,0.05185616381168795,0.05058189433586384,0.04754735347014453,0.0495153608177261,0.04893571677167581,0.050242936782706325,0.05206120130979979,0.049942002572565494,0.0
2020-06-19,0.05074336024144146,0.049945450564499505,0.050719118806857706,0.04815771605600772,0.04900322030025371,0.0500089666860462,0.04907181377746039,0.04921319508553525,0.052666335398104974,0.0482145968066073,0.049942010982417843,0.05128920190187098,0.05190373458446531,0.05040106092734544,0.046907761145448465,0.048832595344186096,0.04994014546866946,0.04983392756972506,0.052509205763863365,0.050696582589194,0.0
2020-06-22,0.05083587256913921,0.050588244094281004,0.05092058820620504,0.04850605361411302,0.0497142053899427,0.049876606946716605,0.048239661483203765,0.04943988259859268,0.05239083923690576,0.04833102900784893,0.05027149572344819,0.05140280112733054,0.051704135961021865,0.05029720782125755,0.04680981388519595,0.04872753927150475,0.049843924632474716,0.0494568289320002,0.05266283084791857,0.04998043865089885,0.0
2020-06-23,0.05092851142543387,0.04969677721906257,0.05074796002265899,0.04864235414714354,0.04996794245666133,0.04953852873673969,0.04885812640269346,0.049578950149156,0.05263063083533671,0.04836189982007742,0.05066346218617252,0.051060582805673396,0.05153181263598708,0.05016229449571951,0.04708438955894236,0.048918428082289446,0.04990706406251677,0.049422859327251545,0.05223111706831062,0.0500663085621733,0.0
2020-06-24,0.05128504504758167,0.04997417644162286,0.05101068387721609,0.04873855738219044,0.0500376793814325,0.04977330978202268,0.04917084408217789,0.04869055907684043,0.05224746537124102,0.04836540171560658,0.05009885591088834,0.05087665992146326,0.05182387254410199,0.05047133525456527,0.047135293270069656,0.049199224396678475,0.04991260427797336,0.04871716130445138,0.05284551717905822,0.04962575378281773,0.0
2020-06-25,0.051655651554337934,0.04991157384023326,0.05156576289515518,0.04933838909709176,0.05012848183940111,0.04990808991903151,0.04889688806725105,0.048660777976073405,0.05227538996769519,0.048203484932445625,0.05015012930315739,0.05082478420802531,0.051186341717950515,0.049789581507774364,0.047416784626487164,0.04928633310140969,0.04976868938451553,0.04944256363108192,0.05234485623372141,0.04924544619716083,0.0
2020-06-26,0.0515461103442164,0.049097539242241105,0.051364230710501384,0.04906206881117841,0.05033910862913707,0.04999906092892152,0.0487514564157003,0.04861856138557871,0.05282759653809822,0.04805833762727501,0.049873334018338676,0.0509195392040841,0.05205984389265854,0.05005701204002538,0.04754928302092847,0.04884418632070956,0.04942972841688543,0.04977605529703444,0.05279878381979473,0.0490281633366925,0.0
2020-06-29,0.051420068016299184,0.049204631366058106,0.05065497000938834,0.048027119588884594,0.050397267047854744,0.05071982563856261,0.04887769675908967,0.04886703595674999,0.05224949583841925,0.047662662452461375,0.050144018037291224,0.051191027685416925,0.05199901446086971,0.05012976682380482,0.04736966475676252,0.048700871715369645,0.05014657980117623,0.04990943750272103,0.05303002319945564,0.04929882334336447,0.0
2020-06-30,0.05161576377653848,0.0495580580055868,0.05078975288212996,0.04763730758705494,0.05001884198498523,0.05090254457801172,0.0490185713343592,0.04907291715582648,0.05171098098625102,0.04794666561666133,0.05075117924076381,0.050324167717846056,0.05145963564317098,0.050064149430479925,0.04715861677932459,0.04914482966511421,0.04989367880830348,0.05014046776481737,0.05367187189795511,0.04911999914481926,0.0
2020-07-01,0.05000000000000001,0.05000000000000001,0.05000000000000001,0.05000000000000001,0.05000000000000001,0.05000000000000001,0.05000000000000001,0.05000000000000001,0.05000000000000001,0.05000000000000001,0.05000000000000001,0.05000000000000001,0.05000000000000001,0.05000000000000001,0.05000000000000001,0.05000000000000001,0.05000000000000001,0.05000000000000001,0.05000000000000001,0.05000000000000001,0.0
2020-07-02,0.05023500195653404,0.05023364873865661,0.04997953563378032,0.05003562652342887,0.050260571219505605,0.0502103561704492,0.049452209013787586,0.05013722421373532,0.05002105666394762,0.05008213128677733,0.04979324650487587,0.0499640640798069,0.049741866007035895,0.05019874183940625,0.049482952023668966,0.05029897300885647,0.04998723913601702,0.049807904166218636,0.04981741930785048,0.05026023250566079,0.0
2020-07-06,0.05015233681835865,0.050038283464916136,0.05012035878575629,0.049562280671825436,0.05070597538640679,0.05005878142828723,0.05012527452181859,0.0505551142129264,0.05037519843725849,0.05065948498334443,0.0498326519095407,0.04989002548047263,0.04954589339003117,0.04999365221248334,0.04834206201826146,0.05047177604154588,0.05000237022890282,0.04963167991849139,0.050140456179762705,0.049796343909609415,0.0
2020-07-07,0.049800275292629544,0.04937911854399772,0.04994589541194336,0.049060395618673286,0.05130623639139758,0.05047958599862222,0.05043922445341819,0.050939474380498666,0.050077908869103106,0.051027563050251565,0.04981476193882802,0.04988454608050415,0.04901305274124965,0.04982215489654667,0.048456123162720036,0.05071954644970312,0.0497495095864634,0.04973236670409141,0.049998104855798385,0.05035415557355959,0.0
2020-07-08,0.049474361269526326,0.0496271732317536,0.049860125016543376,0.04894662606443463,0.051433878181578525,0.05058763953016411,0.050503264006004904,0.051046494667250135,0.05010436358193164,0.05121855874695771,0.050151611256794446,0.049602433155165944,0.048939286785955285,0.04985286615647722,0.048543972896936155,0.05088157114939591,0.0500907480405049,0.049564828753134234,0.04966365517549235,0.049906542333998286,0.0
2020-07-09,0.04994760777754796,0.05020810565917985,0.049791564929707856,0.04848268225840958,0.05095310391410831,0.0506897998087592,0.050532347934211505,0.051786862299064984,0.05031474581124749,0.05127484401514168,0.050146195498773624,0.0490267309743447,0.04817207282929279,0.050425865393869125,0.04905028094812833,0.05111990080668492,0.050111430607436246,0.04920667304897801,0.04898732816521705,0.04977185731989647,0.0
2020-07-10,0.04986855930873004,0.05058113850095367,0.05028020348651714,0.04863599433729744,0.0515612546820359,0.05015276162376423,0.050727796853443065,0.05153368426905189,0.05036439001903213,0.05120399009548709,0.049935638271169785,0.04907747707729715,0.04794613101120414,0.0498667086566593,0.04926581923522327,0.05056426818562327,0.05009411280267648,0.04900013729073874,0.048921047117800286,0.05041888717529478,0.0
2020-07-13,0.05055591235828805,0.04998884156362206,0.05040434068638592,0.04860519846307742,0.05130879912618663,0.05028760764272834,0.05110645868937887,0.05122078809130812,0.04984509811061731,0.050995305775640265,0.049690376756379856,0.04884542360525806,0.04777566812938553,0.05015472584559668,0.04948406770047943,0.05121679187686211,0.05040364479466318,0.04924218156353473,0.04845105252850114,0.05041771669210623,0.0
2020-07-14,0.050460533775211855,0.049543231827635904,0.05005380869748601,0.04847478604897445,0.051518681925302554,0.05035416710942664,0.050445897012385194,0.051304914289942,0.050918244372070605,0.050992088556686035,0.04936125052029562,0.049067437580451706,0.04768932992734733,0.05019056199208329,0.04946069759897862,0.05065538186254437,0.05019005334261117,0.04964182058427293,0.0490228420056621,0.050654270970631535,0.0
2020-07-15,0.05074806183237392,0.04942728183122654,0.049812858057559146,0.048391384847991235,0.05161269327013657,0.050172873727279105,0.050504381823713355,0.051356076250293634,0.05117998885727665,0.051384895409238455,0.049281741774781784,0.04892095682838524,0.04760528344878558,0.0502949711358472,0.04935712150338753,0.0509513968785144,0.05016516435086844,0.04937656183204053,0.04865689193879336,0.05079941440150728,0.0
2020-07-16,0.05169748411718246,0.048974874611846714,0.049960100909137724,0.04857633613287006,0.05155965462070934,0.05019466096118402,0.050443936701676344,0.05057283334388567,0.0508018973187907,0.051626760272685215,0.04918477240055798,0.049254846410912205,0.04771097025515956,0.04985782802423725,0.04935828346254076,0.05103515743237332,0.05025689196959702,0.04940896177166102,0.048624087490413595,0.050899661792578876,0.0
2020-07-17,0.05133670041638903,0.04900974487386749,0.04958631392851449,0.04861038655739482,0.05185558195400537,0.05036761821202091,0.05040743636050457,0.05036289719390068,0.050933834956700175,0.05193187547647111,0.04933639366962452,0.049255994049518845,0.04802601396769642,0.049266780096624635,0.04970733715075834,0.050832832683964026,0.050603454014180774,0.04941026167067258,0.0485292019829867,0.05062934078420442,0.0
2020-07-20,0.05066376321108975,0.04916013881050811,0.04905378316044134,0.048693844923950014,0.05196017290390033,0.050380727804793086,0.05069642659838636,0.05049972464005233,0.05110298193348702,0.05239419052305511,0.04929615668976763,0.049275528825656716,0.04816226604078905,0.04939935883969634,0.04988452543868435,0.05049764019979494,0.05053104553767482,0.048939494352561945,0.048602156960206803,0.05080607260550373,0.0
2020-07-21,0.05111808158763672,0.048669797242334084,0.04927100346006284,0.0487548648896016,0.05214596043577147,0.0498845881105893,0.0500635796334782,0.05047915686045219,0.051456965506341226,0.05233616532176205,0.049072316692817544,0.0491907639544509,0.04859840769987901,0.048962050550578846,0.050209308222667434,0.05069105165668326,0.05041919383451589,0.049092506961173635,0.04830813794764848,0.05127609943155521,0.0
2020-07-22,0.05090795761350867,0.04901078931703617,0.049584575080679164,0.048809451878910885,0.051935631317509494,0.049870937425724515,0.04967654702479792,0.050289274274638744,0.051870987780708123,0.05249054212921135,0.048808528099497796,0.04913179740524575,0.048509216472233066,0.049386277825918166,0.05032778358253104,0.05105471083220301,0.049764084718216306,0.04913560264955261,0.04876634031612995,0.050668964255747025,0.0
2020-07-23,0.051066764836720804,0.049377474362292055,0.049618399146789206,0.048615042640657,0.05204176494444892,0.04987000966567724,0.04960114160689522,0.05046838900274036,0.05196251740469375,0.051962596894439,0.048727289620762754,0.049211896847686114,0.04877809101031397,0.04919555510429607,0.050174492453377566,0.05118447429509314,0.04968443680601135,0.04897249808508354,0.048981346782400535,0.050505818489621275,0.0
2020-07-24,0.05088625632530621,0.049216019077950666,0.04974923524086595,0.048393922964470315,0.0517907616918879,0.04996646665854797,0.04968344682568901,0.0505410591958902,0.05136460074338051,0.05281515242790921,0.04856253314549522,0.04964828244872007,0.048930824950373306,0.04941409794764972,0.0506119957761861,0.05111009496579298,0.04913767113661514,0.048834985255494796,0.04900350160606521,0.050339091615709285,0.0
2020-07-27,0.050987388435939904,0.049161889096841174,0.049820211434892674,0.04826538103218601,0.05172416702906381,0.05000184198503899,0.049978482596936435,0.05079974337435635,0.05153620463996273,0.05266777259541451,0.04831329602942882,0.04912000375875973,0.04933092165315876,0.04922005776863794,0.05099691840262047,0.051574478287507004,0.04866057679849882,0.04902341915539656,0.048785591472274493,0.0500316544530849,0.0
2020-07-28,0.05064805138202374,0.048492046302796944,0.05002829266225488,0.04895941742776222,0.051680013148690515,0.04985702200202172,0.050545903740292115,0.05057115609471763,0.050944506344003146,0.05290584808915028,0.04853890624121545,0.04889670143778152,0.049078339173155024,0.04900458667056959,0.051061621765368895,0.05142147180397161,0.048783493659838854,0.049356554740652404,0.04897139996874035,0.05025466734499289,0.0
2020-07-29,0.050428101952871854,0.04822941494411201,0.05008763834164037,0.04834356796184479,0.05219268778420057,0.04954540434005478,0.050288498768359086,0.05072703541815805,0.05122407976188209,0.05258864528123849,0.04885753669183224,0.04911040035051745,0.04920021498961405,0.048538362675429575,0.05110464190093694,0.05124807578920268,0.04977428142376822,0.049322885733327486,0.0493029604276411,0.04988556546336786,0.0
2020-07-30,0.05058476909749908,0.04823004302861074,0.049173050819887563,0.04820006807671605,0.05209600572088424,0.04956678025134616,0.05057859144755672,0.05033821261658115,0.05095963700073001,0.05242564272880663,0.04845386090052058,0.04939002001948075,0.04890337006469566,0.048684746996098226,0.051281684566959425,0.05117313322001594,0.04983996215050268,0.049978382598773796,0.05023015910463018,0.04991187958970435,0.0
2020-07-31,0.05014011321392995,0.048203612461285246,0.049005186483396884,0.048149865383242285,0.05123047768351016,0.04981528600010234,0.0507426294693806,0.05007370839829634,0.051098075462717545,0.05224795866352819,0.04874981128486901,0.04976925482684266,0.04862361789397003,0.048844486982547425,0.05102478390037306,0.05197000091904289,0.04986988836150413,0.05028229067121069,0.04981225288891592,0.05034669905133457,0.0
2020-08-03,0.04999999999999999,0.04999999999999999,0.04999999999999999,0.04999999999999999,0.04999999999999999,0.04999999999999999,0.04999999999999999,0.04999999999999999,0.04999999999999999,0.04999999999999999,0.04999999999999999,0.04999999999999999,0.04999999999999999,0.04999999999999999,0.04999999999999999,0.04999999999999999,0.04999999999999999,0.04999999999999999,0.04999999999999999,0.04999999999999999,0.0
2020-08-04,0.04996760126253064,0.05017522126021591,0.04994546666250443,0.05046639929826577,0.05024716850801168,0.05058890958460978,0.050080988057234405,0.049730197540420795,0.049916837955697735,0.04921912302442205,0.05015263067259533,0.04962687846746656,0.05024854209341821,0.050296982127639785,0.04977027558837377,0.05038128432008444,0.04972159189923153,0.04984289240323307,0.04942025483802892,0.050200754436015134,0.0
2020-08-05,0.04948227488253369,0.05009312474878464,0.04996785991800713,0.05036837112674047,0.05021142196479373,0.05099650053295893,0.04995208738602662,0.04951278371351564,0.049649375277872144,0.04962472390010955,0.05069357707376637,0.04925534239179175,0.04987961293918828,0.050311302021158445,0.04968902575804398,0.04979740468781417,0.05044048623838562,0.05024377013762792,0.04966303208883085,0.05016792321205011,0.0
2020-08-06,0.04942775418194333,0.05028844688966102,0.05032646637460124,0.050379696408886,0.05015090592281549,0.05163091830367556,0.04967047201088682,0.04916806533789881,0.04999356825528577,0.04990908717839244,0.05072796569785763,0.04924411539630213,0.049639846917557434,0.04993222779482336,0.05014385074685006,0.04955442439048837,0.050248664248438324,0.050065726389916965,0.04927796978514443,0.050219827768574886,0.0
2020-08-07,0.04949375360805549,0.05066561659521451,0.05038036271552182,0.050691651376110834,0.04984481908309275,0.052150269117934606,0.049303294635163634,0.048909042470761534,0.04980205168509886,0.04961530000254647,0.05089593975883027,0.049530501483686304,0.049441468103448155,0.05008942416360538,0.050463594487579484,0.04947255268354236,0.049572679637285226,0.05035203457696057,0.04939764915041301,0.049927994665148544,0.0
2020-08-10,0.04923873717395664,0.05051193797834888,0.05079060961046677,0.05121141939382827,0.05040014455252398,0.052594931747592756,0.049305843090208155,0.04884041685570762,0.04995092464926174,0.04965411746604893,0.0508193328735157,0.04932531060903413,0.04934110737578026,0.04986590697422025,0.05054055456043683,0.0493102647454639,0.04954016222482083,0.0493750573625133,0.049705883065240916,0.04967733769103004,0.0
2020-08-11,0.04918108861953254,0.05066220043481178,0.05123105799889142,0.05175663076391299,0.05045579935279645,0.05220692433365624,0.04932340954578547,0.049119416351774664,0.049778592830545934,0.049978793604664395,0.050874558751184,0.0492466236538378,0.049052431070343586,0.04898518108223856,0.05091913855167702,0.04925147526359295,0.0494269311159956,0.04923995199590467,0.04959850118025238,0.04971129349860153,0.0
2020-08-12,0.04925226597027873,0.05067652755665307,0.051269802830281146,0.051789216032592456,0.04992179736412995,0.05252647373601091,0.049258137903557334,0.049190939108709864,0.04977689599177476,0.04981551899744916,0.051118817045725864,0.04946166052053807,0.04922094251232396,0.048928842774907715,0.05086965448471651,0.04929533028094397,0.049711612520592474,0.048836076483291614,0.04935340969617046,0.04972607818935205,0.0
2020-08-13,0.049022653584752024,0.05044344029796703,0.0511939053436602,0.05176602182768014,0.0500303556198597,0.05296587333490619,0.04948066873413058,0.04907481413999468,0.04978404179603348,0.04995297144032649,0.05113001342088194,0.04946606428796881,0.049093407027208935,0.048347775054416724,0.05044948097012227,0.04905411170689565,0.050248170538376706,0.048733839379087505,0.049800500886398355,0.04996189060933237,0.0
2020-08-14,0.04926277728764904,0.050631032530342394,0.05017334439402848,0.05178568576552202,0.0504561310516875,0.053488260486398084,0.04941368929263752,0.0486497031619398,0.049840342594793835,0.05030825205345771,0.05129980735782699,0.049315820755852544,0.04932246272250323,0.047932770780811054,0.050396618933477765,0.049499579262927786,0.05038081464914141,0.04821039373675903,0.05005128957536688,0.04958122360687699,0.0
2020-08-17,0.04992400345565504,0.0505959218690617,0.05021990473286404,0.052007571933659645,0.05067569537128492,0.053369456812483805,0.04925403189784717,0.048556679404922594,0.04967541120332488,0.04995840579690115,0.05122255839537106,0.049125597559624534,0.04950440364880939,0.048003603671627385,0.05053227978948406,0.049309030032626565,0.05062522416422073,0.0483764818187003,0.049812715262229926,0.04925102317930111,0.0
2020-08-18,0.049769010947545766,0.05074011797354295,0.04975147059245715,0.05170667078929415,0.05036325494848564,0.0536229006811124,0.049169354423112155,0.04803822925069779,0.04992745884505788,0.05015229183552713,0.051001065101955914,0.04945847986300805,0.05011891200638143,0.047985359567453444,0.050778744523665445,0.049573250755933024,0.05086642855939112,0.04854176178947394,0.04986874444081838,0.04856649310508641,0.0
2020-08-19,0.04985719945402817,0.05066718955932024,0.049747392142315446,0.051962217823813966,0.04993031447058591,0.05356350983414761,0.04937231542713331,0.04820815699008043,0.04975064389035049,0.050198605632675815,0.050676087990738826,0.0497415491894868,0.05007957410641972,0.047625441784525165,0.050878083378248395,0.04972808794683607,0.051749480896299375,0.0482407244511235,0.049488166066614325,0.04853525896525674,0.0
2020-08-20,0.049688794825187774,0.05047323492198973,0.0497160504674884,0.05194902953436144,0.04952477129194679,0.054165062299157817,0.048934598887826246,0.04839823758092869,0.04985549339891479,0.05077410246046887,0.050460506823532765,0.04928865888754967,0.0495672643969915,0.047720277625806926,0.051151533985973795,0.04931356242106528,0.052486967213585894,0.048050620054250766,0.049771464480310994,0.04870976844266185,0.0
2020-08-21,0.04984846944666447,0.05039011579047,0.04999090048211888,0.05196659883855687,0.0500851351547943,0.05367387796592805,0.04903828744577128,0.04841610107396048,0.049882355515008914,0.05100541282656714,0.050851708470461,0.049181772099577255,0.04952570936805004,0.04771312216469182,0.05046272672756124,0.04921892830734404,0.05240501189199117,0.048155871616239236,0.04984682047213645,0.048341074342107514,0.0
2020-08-24,0.05038201568859986,0.05019121859319472,0.050466250823832305,0.05148136973519189,0.0500418658547854,0.05336299339244581,0.04900154777191843,0.04854977054448,0.05007116927847974,0.05083912390548472,0.05066748368265609,0.04939590881723931,0.049515391915538824,0.04755315206207872,0.050160195404555574,0.04920046034083965,0.0527378861588343,0.04812262627474817,0.05036693712272341,0.047892632632373186,0.0
2020-08-25,0.0505814950446067,0.0496258882647238,0.050475317869905834,0.051522831645185195,0.0494665766666571,0.05269978765593156,0.04875602997157743,0.04886808776384449,0.04994393058804109,0.05075165767667992,0.050919574674288315,0.0490168865839272,0.04921556733291607,0.04758510608368676,0.0501461382682575,0.049800870339544424,0.05342270389840951,0.04859852790871721,0.05005381265550176,0.048549209107598225,0.0
2020-08-26,0.049860120333009315,0.04966368485811563,0.051181057938383304,0.05074502865518889,0.04950467887341758,0.052652437635582965,0.04856345028548779,0.04880940156666099,0.049573982525388284,0.05137038014987417,0.05091669011637476,0.04904816865631759,0.04964195925158263,0.04789392117706273,0.050218031262980994,0.04957785574234557,0.05357897461187026,0.048273830423416146,0.050037602241901145,0.04888874369503919,0.0
2020-08-27,0.04989564046059745,0.04962170408289071,0.051138118737174124,0.05041317119290362,0.04943145663073292,0.053357233940054635,0.04790918355484002,0.04916532196224954,0.04959987829031749,0.05111601734717997,0.05063370737414446,0.04881504439717736,0.04941176725581284,0.047054614047017454,0.05083065230264053,0.0507135725019403,0.05342192463709473,0.048336357707807004,0.049909882203926594,0.04922475137349834,0.0
2020-08-28,0.050337668455129075,0.04992626314450214,0.050667553255025616,0.05021676996237906,0.049278971971511674,0.05334594160761393,0.04795143654893242,0.0488129207528728,0.049431079444557026,0.05133408210892288,0.05110971814595231,0.04839825624237389,0.049190642346609935,0.04749374983364265,0.050483095357762166,0.050995373612867746,0.05323856350249159,0.04843068169187651,0.05000531641812933,0.04935191559684719,0.0
2020-08-31,0.0502947987115883,0.049775862813873493,0.05050410267193683,0.05035210442166747,0.048962496091100434,0.0534205301690489,0.04752834767900028,0.048728094095854955,0.04996822035031138,0.05128435535571537,0.051407529563468675,0.04903168786762355,0.049287037510144696,0.047322464162739296,0.05026822126559435,0.051152900168214714,0.05331210719455526,0.0479277085620236,0.04984251854081523,0.049628912804723126,0.0
2020-09-01,0.05,0.05,0.05,0.05,0.05,0.05,0.05,0.05,0.05,0.05,0.05,0.05,0.05,0.05,0.05,0.05,0.05,0.05,0.05,0.05,0.0
2020-09-02,0.04975779841722817,0.04986685642224034,0.05020833973174059,0.05020123514558585,0.050382094422573846,0.04995942319282411,0.04996796782456464,0.05022770405083279,0.04951763165291356,0.05039756742851618,0.04997177450616988,0.05018450991472126,0.05033982920613728,0.04985897199053925,0.04973831363662968,0.04939642688209876,0.05031487750757058,0.049969760929348184,0.05023888986885316,0.049500027268911756,0.0
2020-09-03,0.04932557376598843,0.04964871403992185,0.04996311741972395,0.05080559740173446,0.05056123853993941,0.05017888929873065,0.049856438658702096,0.049809633920443644,0.049402332170989126,0.05048057997418681,0.050095172980926805,0.04987774817288411,0.05070296711344176,0.049636780586912684,0.049516121438843014,0.04989461058489771,0.05090017867870035,0.04988626093248822,0.0503487143760042,0.049109329944540536,0.0
2020-09-04,0.049374718300828215,0.04930564567893961,0.04986003935286131,0.05103462255844395,0.05073048881315707,0.050316644459307606,0.050260184449332466,0.050312737023368706,0.0490590321620805,0.050338176115801575,0.04956200672453998,0.05041780467723236,0.05074975930319383,0.04927764892153558,0.04953259720993194,0.04943543604155093,0.050760071684645365,0.05050356192205901,0.05005777434549072,0.049111050255698944,0.0
2020-09-08,0.04872208888557275,0.04866169017596461,0.04975615594366482,0.051386353950161695,0.05076846208377683,0.04997143859896205,0.04985002197533499,0.050461710444847416,0.04937929798180679,0.05013859602098294,0.04922910191322885,0.05105463153270339,0.05091057362667486,0.04952158766176885,0.04982509402073374,0.049688033599908046,0.05055175893207691,0.05090800997444968,0.04983443245574759,0.0493809602216329,0.0
2020-09-09,0.048676058615008254,0.04921186589048556,0.04963749381936197,0.052082592237585906,0.050919627789643034,0.04997456182836967,0.04962791730803634,0.05110815806776329,0.04967850178882016,0.04957572345242308,0.049421562069753476,0.05056090447412344,0.050771018197652666,0.04961153403715629,0.04990170068785524,0.04951993748398342,0.050218751251673584,0.05067593261023024,0.049467176621541084,0.049358981768533185,0.0
2020-09-10,0.0492138302251738,0.04978455922312545,0.0500207626093245,0.05192233697998163,0.05085681274574637,0.05033613679837086,0.049094137342776324,0.05119810408041832,0.04975881551318263,0.04971192867480252,0.048975181475324814,0.05060602246841377,0.05034094227456467,0.04904722783622979,0.04970350526154629,0.049344202888029584,0.05048546438686778,0.05100477664840348,0.04892505754461848,0.04967019502309894,0.0
2020-09-11,0.048480842945047,0.04991459990300054,0.050165573225701664,0.05155185751664621,0.050703619427762636,0.05058268637129705,0.049465010330166266,0.05092089671229316,0.04978099444292352,0.04966140291511015,0.048642628531429845,0.05099480364453244,0.050147256865572316,0.04920043415688712,0.049557116566333145,0.04987627585305674,0.05040202153729099,0.051188911079350745,0.04920227228042047,0.0495607956951777,0.0
2020-09-14,0.04802219342998552,0.049576394110958856,0.05055022549026095,0.05176745841275095,0.05109180953272837,0.05101726750511459,0.05008893085655587,0.05112968528622605,0.049725490573934085,0.0493527172430198,0.04848455373825443,0.05080198682040119,0.049946027783820617,0.04935784169424746,0.04917188281142709,0.049816482763164464,0.04986735357740258,0.05121555404411878,0.04937454794052824,0.049641596385099795,0.0
2020-09-15,0.04765925135885533,0.050183471015956056,0.05041498297765869,0.05174698455223171,0.05157628725694066,0.051117586626849544,0.049486553234013055,0.05147776729951565,0.05000508064299964,0.048703777801748546,0.049447144890866414,0.05092801727795756,0.04921911388406626,0.04882923056294433,0.04949035625825442,0.049266836884195406,0.05086130904228545,0.05080490740686059,0.04889158955269671,0.049889751473103844,0.0
2020-09-16,0.047624345001981996,0.05004579906048949,0.05082304766714848,0.05181144015218165,0.05112178007068596,0.05122953076709313,0.04919066649755794,0.05120635451569357,0.05017178744538361,0.048759665162343,0.0496650561788657,0.05031649148023553,0.048841745224778,0.04887640032470765,0.049983636164475785,0.04958737253761773,0.05021584525538014,0.05045275282513394,0.04973807824262352,0.05033820542562312,0.0
2020-09-17,0.04762754589484016,0.05008288422205639,0.05047290050111162,0.05185718449470472,0.05118131104076252,0.051631356202021805,0.04934327094740347,0.05062747084818743,0.05054776152133326,0.049000233307721096,0.05017476230812266,0.05017169701295589,0.04855072860748072,0.04921558323166911,0.04955876072606305,0.049295272839751145,0.04984335820882501,0.05077032464605264,0.04947761638776458,0.05056997705117274,0.0
2020-09-18,0.048071428462915074,0.05056304635052792,0.04995615271197338,0.051614474329771134,0.0514572707125955,0.05139024221871424,0.04914021870939739,0.049953598205347644,0.05045460760194296,0.04911156629148102,0.04986638945198799,0.05025415031618725,0.048167636308590875,0.04863715156464398,0.04961377414212483,0.04974142109008792,0.050147157838027326,0.050925647649790594,0.04970109891699876,0.051232967126894104,0.0
2020-09-21,0.0483488113040885,0.050750090592275136,0.049485149518501984,0.052153419596216895,0.05208883378605363,0.05111394563719581,0.04908423832293926,0.049999186143296806,0.050184833678992555,0.048725595099815486,0.049947088289454954,0.050000278366396866,0.0485735310143729,0.04868968686273186,0.04929749440387214,0.04969002342773232,0.05033202698047093,0.050776939612631605,0.049656692338681654,0.05110213502427878,0.0
2020-09-22,0.04846558041970328,0.051479580445139256,0.049436036613921916,0.051696147514811504,0.052684505011002275,0.05101519477679582,0.048991886395072785,0.0504862136064072,0.050365774225248267,0.04880962672123061,0.049277943781042895,0.04982104471203763,0.04869651816008965,0.048407776404687894,0.04926711494172163,0.04919374685342033,0.05002677306411618,0.05119165628778617,0.049164532816481504,0.05152234724928298,0.0
2020-09-23,0.048469554556793505,0.05152074951740748,0.0498037906828094,0.05189500904721339,0.05234353800029004,0.05051481571885657,0.04908523919733966,0.04998194745188168,0.050862805502085634,0.04870345880242626,0.04911859970002313,0.049248941402523116,0.04897828546598034,0.048545391194664916,0.04919185957434442,0.0494291974252002,0.04970893919169025,0.051676195502372506,0.04923840557366509,0.05168327649243233,0.0
2020-09-24,0.04856383021652864,0.051338578206172505,0.04955684096537587,0.052043096764773755,0.0527654779317401,0.05061785915255809,0.048719696120859565,0.04984843269660237,0.05121317956981763,0.04895737462492,0.049252338867177003,0.04943382720734188,0.04911307691882368,0.04819306600889441,0.048695843414987276,0.04956920743564516,0.04982791648363089,0.05216679208215781,0.04913690274107417,0.05098666259091897,0.0
2020-09-25,0.048283447251577724,0.05113232862581064,0.049404748101102354,0.0514806928170889,0.05280180947290828,0.0510046161230668,0.048799074600536216,0.0497403171875712,0.05179593453719044,0.04863594328056346,0.048775903721068416,0.04898270137483339,0.049500032696376844,0.04855898240616992,0.0491225133253162,0.04884413805501849,0.04997396720237056,0.05272532424671126,0.04893081874688116,0.05150670622783759,0.0
2020-09-28,0.048549075995444155,0.05044401232411096,0.04930473134989596,0.05115454299157855,0.05316161189635705,0.05072466554096614,0.04839226878765872,0.050384845146096535,0.05182838943830799,0.04900343751980878,0.04888551232961999,0.04948694329726966,0.04948415283078412,0.048451307965154775,0.049045219998948175,0.04879752451335641,0.0497018253880418,0.05269259931899394,0.049358510671485854,0.05114882269612035,0.0
2020-09-29,0.048127729436939284,0.0502997008411137,0.04945671836937865,0.050871043079865515,0.053405441581981836,0.05083227927728753,0.048208810238043645,0.05113310714698244,0.051429976158752444,0.04947507161732567,0.049003188931279446,0.04920577591935091,0.04996237748478182,0.04819895522421343,0.048839376629836825,0.04885462340255518,0.050001113873545985,0.05215333867493753,0.049528257197192636,0.05101311491463556,0.0
2020-09-30,0.04843508580988891,0.05072999857675873,0.049317185571448756,0.05109931663312644,0.05296027521606611,0.050634858790466836,0.047647125873651816,0.05131230880778882,0.051139328195721846,0.04954147232072035,0.04882202258819559,0.049508052378310366,0.04955732335286894,0.04798019630805481,0.04890500287619048,0.048962827528508106,0.050228034804155636,0.05206296679402063,0.04980420777169656,0.051352409802360346,0.0
2020-10-01,0.049999999999999996,0.049999999999999996,0.049999999999999996,0.049999999999999996,0.049999999999999996,0.049999999999999996,0.049999999999999996,0.049999999999999996,0.049999999999999996,0.049999999999999996,0.049999999999999996,0.049999999999999996,0.049999999999999996,0.049999999999999996,0.049999999999999996,0.049999999999999996,0.049999999999999996,0.049999999999999996,0.049999999999999996,0.049999999999999996,0.0
2020-10-02,0.05011389655720686,0.05004630435490954,0.04956187666326873,0.050008741412567455,0.05039583087939383,0.05076822759580106,0.04983594555130122,0.05034776861761847,0.04937865217665873,0.05031715492459196,0.04978539798017804,0.04968968445771536,0.04967556420504136,0.049782588083751945,0.049973956115913785,0.05030335278583503,0.05002142808707064,0.049815727362404215,0.050164012095603325,0.05001389009316836,0.0
2020-10-05,0.050103953189974425,0.04974795270727722,0.04941406069509901,0.04954773011266013,0.05044119205549085,0.050462963898362634,0.05021888312807555,0.0499464771255097,0.04995313184863067,0.0500062910299533,0.04971568599171251,0.04954007560581679,0.05016151481902569,0.050206068816942596,0.049379706701693164,0.05055722535413489,0.05035882392903623,0.049734095158676425,0.05020679042394321,0.05029737740798501,0.0
2020-10-06,0.050284077979970115,0.04986609412916867,0.049861885647186764,0.050397110319546724,0.0503930538726851,0.05004805368178424,0.05023704726902684,0.05023082797345287,0.049715214682863315,0.04987414901701237,0.049643595773244,0.04941921269464831,0.05034872248518782,0.05032054603262098,0.04859926299030736,0.050607668683830154,0.05031715724554083,0.04936851586793239,0.05042221932885606,0.050045584325134895,0.0
2020-10-07,0.04931801903617558,0.05027961913739935,0.04994904551698842,0.05047814663424439,0.04988634845282635,0.05017952160985887,0.050336124753190506,0.04992261724713755,0.050448866566959884,0.04999436429767754,0.04987793075223427,0.049336993411856225,0.05082840137931632,0.04988103467179999,0.04831815198389246,0.050578546575699206,0.0505659138196246,0.04967334160168862,0.05013004309878749,0.0500169694526424,0.0
2020-10-08,0.04944248147764093,0.050451979644786295,0.04970864947449335,0.05067545276065983,0.050146178929326296,0.0502942401932552,0.0503480898278553,0.04988208758694176,0.0504437575170059,0.050727539039506594,0.049710019733875385,0.048905795654890685,0.0503463106127411,0.04990989884271903,0.04815617816947418,0.05065130459774145,0.05071330515248387,0.05026241967841616,0.04931199793274727,0.049912313173439346,0.0
2020-10-09,0.04931748859285608,0.05042367894673275,0.050054107464225145,0.050395276783844555,0.05013284611131163,0.05044281505403906,0.04950803406687949,0.050194976820707025,0.05061237907758985,0.050213549440918055,0.050183258946294614,0.049004462492602374,0.05004609809731215,0.049839882978594395,0.04747854300288205,0.05034882509231405,0.050927535893877364,0.05101621136857616,0.04969625466038605,0.05016377510805719,0.0
2020-10-12,0.04930473244214431,0.050146913271354565,0.04985364392551488,0.050169638916274295,0.04981368196624065,0.05115508798219448,0.048819965518756704,0.05022827147040094,0.051463180126355125,0.05079467253354792,0.05074896208304811,0.04877264750944253,0.049425252425008226,0.04934935627839643,0.04731758555663494,0.049992890375544656,0.051117836110823586,0.05110986284424819,0.04969589546078567,0.050719923203283876,0.0
2020-10-13,0.049542688995311134,0.05044496679001022,0.05034162716691486,0.05083265062435369,0.04969640941718384,0.05087408889744525,0.048707464436391644,0.050609016404578155,0.05134048234523322,0.05072194189825443,0.05082787391191169,0.04872962893497236,0.04954510297480008,0.04934786090640271,0.04713777452688648,0.04959773200561024,0.05044178175582363,0.05104436473853197,0.04988914532150794,0.0503273979478765,0.0
2020-10-14,0.04958100551456813,0.049401688312234,0.050902866748003046,0.05021486185114822,0.049814807726606375,0.05073360886147754,0.04886591272671179,0.05113617698701524,0.05128212678118543,0.050775527241003246,0.050770921043191176,0.04913704278128463,0.04946055336464244,0.049599689932249634,0.04717859964913091,0.049627304367407477,0.0502854701050116,0.051097388557609195,0.049714267241560355,0.05042018020795947,0.0
2020-10-15,0.049157118135298765,0.04950874664367204,0.05089611863223154,0.050286866803169315,0.04959276592933166,0.05128118614874595,0.04875942249666996,0.05047709310390368,0.05100439824365059,0.05118395116414421,0.050553675002538975,0.04930885520534003,0.049697458370224754,0.0499672842337169,0.0473576246836043,0.049301657251054974,0.050288414001050705,0.05155986661497683,0.049609814201098945,0.050207683135576005,0.0
2020-10-16,0.0490343484236535,0.050323660075463524,0.0502861175138649,0.049785079201717895,0.04951886061215779,0.05154048391598184,0.048391311388900175,0.049632454998785484,0.05057023048496048,0.05183003892629051,0.05058933954398343,0.04902027675278743,0.049633464759457985,0.050270663478372536,0.04785299363213503,0.04917253024704035,0.050376489860331865,0.05196661724947908,0.05006222753595416,0.050142811398682124,0.0
2020-10-19,0.048941519902918604,0.04967784890901015,0.05096656407026913,0.04952751126364197,0.048800339764752364,0.05170500243968681,0.048196277904895994,0.049915612533520615,0.05033499176921125,0.05185975178966394,0.05064252716862192,0.04925871138063888,0.04878226377148701,0.050985635377468516,0.04788222177207013,0.04951041218950968,0.05054595875218947,0.051757073882789516,0.0500704291570467,0.050639346200607505,0.0
2020-10-20,0.04891303058852145,0.04952453366877573,0.0510344462258581,0.049236569322341134,0.04919532000003356,0.051418793425686615,0.04801850126169748,0.05026804633625624,0.05006875749009095,0.05221218638554768,0.050500601200533256,0.04942065025633136,0.048145220966364456,0.050914982008528335,0.0474845047357722,0.04936955032980352,0.05067061947784884,0.05212288762782168,0.05077665773979648,0.050704140952390904,0.0
2020-10-21,0.04898731762578419,0.049540556096112756,0.05093746791993823,0.04891358159301118,0.04921948313987967,0.05184572265147879,0.048299969977449016,0.05037788520113915,0.04964718551933478,0.05189380991127633,0.05038002763634158,0.049193888787631666,0.048191402538702535,0.051132732532378516,0.047725243342301334,0.04943627831712472,0.05043853386641208,0.05220193815279355,0.05111452663730614,0.050522448553603806,0.0
2020-10-22,0.049333347807457725,0.04937141702788011,0.05126769385071989,0.04891652296036608,0.048832797488814916,0.05212651914608408,0.048534552025964205,0.05050630046331822,0.049564996713344314,0.05169242270229379,0.05049457535842859,0.04900827136455565,0.048338956329794465,0.05090691555280225,0.048182627565593404,0.04934815224428744,0.05075215047271934,0.05192431596453264,0.05086671212202618,0.050030752839016444,0.0
2020-10-23,0.0490116198584518,0.04978458513875963,0.05157657351592867,0.04808892057022678,0.048043721492394026,0.052253053991980276,0.048399391340557915,0.050878180373329945,0.04977581025332628,0.05125869371339572,0.05057446282509291,0.049406067424795024,0.047640412304505574,0.051635741012415304,0.04785683088938901,0.04985464808827441,0.050519794791779066,0.05192498762420109,0.05108015182714618,0.05043635296405036,0.0
2020-10-26,0.04897577242153752,0.04985100181688617,0.05194639031045609,0.04788933931724771,0.048293971473890716,0.05193819554933798,0.04828798397102993,0.05108840134624598,0.04936813840683793,0.05097456585822815,0.05027422666096993,0.04957728492649926,0.04751962580734563,0.051214622301611015,0.04740867575543008,0.05033247848833076,0.05086526728378468,0.05243903082032967,0.05157844369220331,0.05017658379179765,0.0
2020-10-27,0.049401708075298326,0.04988770760261257,0.05168851877472425,0.04784330738278401,0.048466662568687195,0.05195986366815022,0.048365403700467664,0.05096282928898679,0.04929575718075548,0.05115939025857008,0.0502974323553332,0.04903968854932943,0.047165667606812005,0.051856886142123367,0.04692163359510488,0.05015052931039612,0.05132188742962309,0.0526865761314973,0.05164095368041667,0.049887596698327416,0.0
2020-10-28,0.04875711813387016,0.050116542147716464,0.051753237485515455,0.047344126166021135,0.04849096057818488,0.05250626411161211,0.04846172756845603,0.05125288463494401,0.04973105728585559,0.051185558379848145,0.05003679588396535,0.048648831859391756,0.04675537748916006,0.0524247602251429,0.046691815225485024,0.05035630187714447,0.051268693374545565,0.05244970814397488,0.05182321014222812,0.049945029286937996,0.0
2020-10-29,0.04873311738744028,0.05003449948829598,0.05123111386749024,0.04776452839204909,0.048700185246835614,0.052010455348668466,0.04893952292813399,0.051038151906477786,0.04914767138858969,0.0517170092296238,0.04968467698543913,0.048801208246576536,0.0464581066968798,0.05204359251732603,0.04673234820894102,0.05100797441275889,0.050945243424167216,0.052703172716327934,0.052246804631277885,0.05006061697670067,0.0
2020-10-30,0.04845803031109089,0.0510687127592158,0.05139009857106249,0.047491877733441774,0.04891753735983115,0.051638927878773326,0.048853861337217024,0.05104573154840697,0.04973481517551203,0.05237932099943132,0.049605756792984686,0.04832485088048881,0.046426033030593665,0.05233967437558596,0.04714416641015016,0.05051497432072918,0.05061826589697294,0.052884253678150805,0.051309204126664676,0.04985390681369642,0.0
2020-11-02,0.049999999999999996,0.049999999999999996,0.049999999999999996,0.049999999999999996,0.049999999999999996,0.049999999999999996,0.049999999999999996,0.049999999999999996,0.049999999999999996,0.049999999999999996,0.049999999999999996,0.049999999999999996,0.049999999999999996,0.049999999999999996,0.049999999999999996,0.049999999999999996,0.049999999999999996,0.049999999999999996,0.049999999999999996,0.049999999999999996,0.0
2020-11-03,0.04978096109693247,0.050169369652166874,0.050199637333219395,0.049891326639032355,0.05001066602083336,0.049955372820419425,0.04969083096853469,0.04979697931622395,0.05017135461225007,0.0498604452909498,0.04984162164580703,0.05078388961159407,0.04939917381150954,0.04995496199104504,0.050236539257443126,0.04948582524219252,0.049774671234082066,0.04983681466639802,0.05057594057182267,0.05058361821754347,0.0
2020-11-04,0.049745537495257335,0.04958753426396428,0.05017214371487739,0.04988683537846625,0.049887604834099805,0.049974107691024325,0.04949114081117151,0.04955981420496257,0.0506491299691218,0.050293298527200034,0.050234057949166196,0.05094250365148789,0.04946354560315411,0.04993132229385025,0.05027720375328372,0.049520241962322076,0.049735417592721674,0.04946979519829356,0.050326291432774645,0.05085247367280059,0.0
2020-11-05,0.05028927976577011,0.04930659347106813,0.04999000839731792,0.05024703621730176,0.04993978728617709,0.05021336142537011,0.04866229007635368,0.05023702331638968,0.05111218997798038,0.050641061615104656,0.050002329040768546,0.050519329655697366,0.049249659660790056,0.04992952812488481,0.0503194980795846,0.049378695108708556,0.04944811039385406,0.04881053105474139,0.050597604105203836,0.0511060832269332,0.0
2020-11-06,0.04982345340080642,0.04968351468612186,0.04966579915337945,0.05109809495226067,0.05040895025520012,0.050355749606501896,0.048694491470675,0.04990288153370881,0.05126013909208081,0.05077750355634852,0.050628531165927394,0.050561684282994006,0.048906065490631,0.05003583846818467,0.050458317691901705,0.04876810002047958,0.0488703185098192,0.048567186161940806,0.05057557480808473,0.05095780569295327,0.0
2020-11-09,0.04937731183490893,0.049180663403098436,0.04990585103036299,0.051328969627266685,0.05033581898069442,0.050340697758848744,0.048880897765226555,0.04999647760571733,0.050972449090603326,0.050992614143742745,0.05081490305914021,0.050892915590750064,0.04876461502536481,0.05052538488220499,0.05088420441738356,0.04910631802600719,0.04866855529246832,0.04847117644858012,0.049936812074047605,0.05062336394358286,0.0
2020-11-10,0.04892719443431228,0.0484376497545642,0.050426573877936025,0.0517201429753487,0.05085636571631418,0.05043843089611173,0.04800623035018849,0.050199563135664704,0.050693098171811876,0.05118880200438419,0.05052293130165013,0.05092825103854784,0.048645902021169016,0.050727585224274396,0.05087684677758594,0.049157169262596924,0.048700294422382835,0.04889901130518701,0.050213380448521396,0.0504345768814482,0.0
2020-11-11,0.049486020109877626,0.04842013864542497,0.050201888379012426,0.05230691711115532,0.050958471410560334,0.05062764409288819,0.048040923260963125,0.05015121979967057,0.0504608033140542,0.05080697177041258,0.050900622294539115,0.051069684898216935,0.048632271085744014,0.05042637962019915,0.05093959433397532,0.048811510086164314,0.048556949611186305,0.04915052694634959,0.05018061384109561,0.049870849388510434,0.0
2020-11-12,0.04932246648287306,0.048889369163219225,0.050397532763577675,0.05239778275875245,0.05109461793987261,0.05002264963992858,0.04824540376000305,0.050388603972645545,0.051135305988578156,0.05036665621931221,0.05064063246281235,0.050778854951533475,0.0485454780155087,0.05069085280256648,0.050790681159382345,0.04892388767545242,0.04824755184035409,0.04921766306561105,0.05015279372213829,0.04975121561587826,0.0
2020-11-13,0.049269723912784294,0.04886054141215116,0.050506355667048294,0.05293145971177636,0.05191584382891832,0.05035622247057669,0.04838872481764993,0.050460735581499855,0.050951703188443304,0.05030382387102335,0.05130036857552227,0.05047459017834367,0.04855897165730366,0.05002106108303569,0.050786170293408345,0.04919225680807363,0.04739108316496526,0.04852355152250377,0.050336751346709674,0.04947006090826253,0.0
2020-11-16,0.0491621061562941,0.04877674710135443,0.05054213576549789,0.05326122716814805,0.052553713652488,0.050096046992306964,0.04801285616435229,0.05018444627747792,0.0511009825543561,0.05026543859928337,0.05141547958000131,0.05082943890082756,0.04857398673077998,0.04991750615388273,0.050727612943103656,0.04861173153911485,0.04780412203832904,0.04865602929940833,0.0500331670841795,0.04947522529881379,0.0
2020-11-17,0.04895982292899537,0.04826575803955288,0.0501293952566961,0.05344552197942205,0.0532968468895866,0.050064561544448244,0.048389213223328814,0.050495294620303735,0.05085539444776822,0.050485878692396784,0.05173601063472679,0.05070249257381447,0.04897048678403526,0.04993935283256938,0.050432340833928654,0.04766610484619977,0.047908450834263774,0.04821844601933317,0.05042490325239743,0.04961372376623245,0.0
2020-11-18,0.04891874895260546,0.04845730866906779,0.049713447228240434,0.05361953533472872,0.053042476638964685,0.05022409840547577,0.048431348000668784,0.0503436110398817,0.050485085381669285,0.050480219630417315,0.05178889270531501,0.049826261647552904,0.04955270056908698,0.050209515877385195,0.050780991165136596,0.047690510251354,0.048054504501320386,0.048551764523333873,0.05014380891595639,0.0496851705618389,0.0
2020-11-19,0.04962377690390375,0.04855044673558374,0.04931063865358454,0.05279731501692826,0.053708844877888046,0.050063463072151766,0.04850079205460727,0.0508180789814766,0.050359336847010994,0.049747594978930956,0.051746105554611184,0.049586922674922096,0.04941497163573903,0.050693236793359533,0.051170488190159166,0.047308300653696206,0.04798639093866304,0.04872614292536288,0.050537003261343305,0.04935014925007793,0.0
2020-11-20,0.050153677829729335,0.0479825051254273,0.04860959655126383,0.052951660260513296,0.053724107013440735,0.05027857754221842,0.048499651340178154,0.05101572525692324,0.05028753787647723,0.04904974449666974,0.051707219502819986,0.04973960093024636,0.04924109252909432,0.050814831166699284,0.051201187642005874,0.04779560386103993,0.0481961119758033,0.04878571972497659,0.05098650233262226,0.04897934704185073,0.0
2020-11-23,0.049861604317753994,0.04837488711242703,0.0491007637013101,0.052385599927579234,0.05364795453256765,0.05033812132366846,0.04863881825461571,0.050773540945414315,0.050207678376676966,0.04931363858023474,0.05137955478735497,0.050119713569764586,0.04875178334166335,0.05069487842064266,0.05133043802601797,0.04767973008935273,0.04828672013314211,0.0490754881686253,0.05154829405307192,0.048490792338116234,0.0
2020-11-24,0.05005935961526391,0.04860661845709262,0.04919961202004427,0.051762547111695444,0.0528099926173649,0.050208674053654555,0.04898841038918667,0.05086675297419124,0.049661748948626384,0.04905831675697224,0.051472942016239566,0.050667593915376875,0.0489447200047705,0.05041985089264278,0.05161069433706713,0.04775633238917024,0.04829326124993395,0.049395676768209995,0.051686795451925636,0.04853010003057126,0.0
2020-11-25,0.0497300322387996,0.04895423813733008,0.049151666254388694,0.051792750436333294,0.05289006660331907,0.050706918392075494,0.048881053018246426,0.050498921358445595,0.04959823979917087,0.04894116714966371,0.05180236773176627,0.050658836122347235,0.04859843880416746,0.0506756439137729,0.05151949196565112,0.04765736575653458,0.04851404074757931,0.049395727826063315,0.05149413419464409,0.04853889954970098,0.0
2020-11-27,0.049189989620977724,0.049229999184790395,0.04847573859172367,0.05147003169589258,0.052571867319459016,0.05103668626956626,0.04905411570941037,0.05066842119906717,0.05021238087395011,0.04882642293424149,0.05145187069940554,0.05097078469407666,0.04947132566556649,0.050685440639860996,0.051667867317735774,0.04721657320984341,0.048921028232086064,0.04942251968010049,0.05131478298309393,0.04814215347915177,0.0
2020-11-30,0.04946819060529294,0.04938242542043405,0.0477855678009012,0.05139144161397925,0.052644370107753295,0.05106917403507843,0.04941057184311611,0.05051356916703664,0.049838538103727716,0.0484423989539331,0.0519303959255593,0.0509385097770472,0.0503601636105356,0.05043213068484925,0.051513110447310155,0.04715690892105954,0.049322219053287694,0.04889007137328454,0.050958746291879346,0.04855149626393452,0.0
2020-12-01,0.04999999999999999,0.04999999999999999,0.04999999999999999,0.04999999999999999,0.04999999999999999,0.04999999999999999,0.04999999999999999,0.04999999999999999,0.04999999999999999,0.04999999999999999,0.04999999999999999,0.04999999999999999,0.04999999999999999,0.04999999999999999,0.04999999999999999,0.04999999999999999,0.04999999999999999,0.04999999999999999,0.04999999999999999,0.04999999999999999,0.0
2020-12-02,0.0504305921563344,0.050368420749816505,0.05075424130458784,0.050128451656952,0.0506937468258578,0.049817426768573446,0.049670359834036594,0.04977047368334127,0.04885147854283887,0.05042141387821271,0.0499114020877619,0.049998945076334976,0.04948144201732761,0.05047373312526271,0.05024697429059226,0.049582928537271025,0.050151692061210076,0.04971545513891419,0.04982408320321301,0.04970673906156082,0.0
2020-12-03,0.05030246526333143,0.049766624086623086,0.05054431298495969,0.049849277266168876,0.05092607148444975,0.050609681334950314,0.049941110942294274,0.050652284362152515,0.04861409023203118,0.05037443918961632,0.049789846041967574,0.05017050466323615,0.04974348204275518,0.050173192045677106,0.050463566679352395,0.04923989613702787,0.04962711633801952,0.04940302963010142,0.04997364448472196,0.04983536479056328,0.0
2020-12-04,0.05022709003471909,0.049229527582191845,0.05083140225834316,0.050144531382587294,0.05171764174856193,0.050209225215630815,0.05042343063179054,0.0506674705191284,0.04795082523210589,0.05058020029046381,0.05041958418581882,0.049898530195307315,0.050453928510818556,0.049633271837755615,0.050770846111081507,0.048816773647513606,0.04944399258209522,0.04913418326979814,0.04967647111231166,0.049771073651976666,0.0
2020-12-07,0.05049046906334921,0.048971062576904985,0.050656474198334085,0.050110329324584736,0.051341272403623676,0.0502467567249803,0.050879804526291504,0.050510342427953714,0.04836701253277344,0.05085233271178225,0.050751263191706024,0.05059378998453579,0.0499836795839896,0.04959642204162786,0.05076699762671235,0.04874167968864608,0.04937264159035636,0.04845091950992615,0.049455596546167005,0.04986115374575503,0.0
2020-12-08,0.05058152554649829,0.048878590012201704,0.0506272051549055,0.05021829412927897,0.051854771419302,0.05009615055718511,0.05108812048472722,0.050245023508134055,0.048621141029392016,0.05091705765535685,0.051111820577837266,0.049688025669350634,0.050607088901479164,0.04914788802263341,0.050286455092530026,0.04855914665174571,0.049583849694154934,0.04873999625187315,0.04927427965100429,0.04987356999040974,0.0
2020-12-09,0.05054355989803581,0.04910839735910352,0.05115707061055691,0.04989943750840222,0.05130627118358139,0.050082734106734,0.05035481590938727,0.050510349874837025,0.048367393878308296,0.05130342769379318,0.0511242793545666,0.04998496684406528,0.05005544849240824,0.048808195344533234,0.05077522144478116,0.04875223329883693,0.049642020445208664,0.04891165994274996,0.04910584200256413,0.050206674807546196,0.0
2020-12-10,0.05004406024024074,0.049287701885035146,0.05110498175880952,0.049906867568389676,0.051451945386853326,0.04999397200829959,0.05020191014100352,0.050356035163823386,0.04853206977574854,0.05137987857357508,0.05139311262148198,0.05016568535662688,0.04961823348991961,0.04852241212288579,0.050586143724845566,0.04828567310456512,0.04994360020439343,0.04937501820059861,0.04905712499337499,0.050793573679529504,0.0
2020-12-11,0.05002367675486795,0.04961528743004707,0.050795281068189445,0.05023161664190721,0.05116129833204987,0.049662319357381225,0.049934921955347336,0.04990765415135029,0.04888350226282354,0.05181049375431527,0.05145727752689809,0.05023604336783275,0.049666083051452176,0.048820833388594546,0.0502576435248065,0.04814189675801504,0.049762087781668886,0.04959377796274462,0.04919924158035432,0.05083906334935399,0.0
2020-12-14,0.05029126899672459,0.049905024096376496,0.05118853971422454,0.05046174249775562,0.05088367985629826,0.04996629550397088,0.049837622721659564,0.0497831895628717,0.049240958716896224,0.05199419384668758,0.051277298385739904,0.049702929526733705,0.04990992662115636,0.0489343198488592,0.04995513692422005,0.047869323316695,0.04944649899229854,0.049656028333761544,0.048780911982910714,0.05091511055415959,0.0
2020-12-15,0.04991846543897909,0.049648724201232695,0.05125466807448175,0.05022911680038003,0.05074915599317896,0.04959341176101008,0.05047526557894805,0.04981768846219367,0.04914894855109402,0.052392992037123845,0.05136641286012391,0.04916723917210464,0.049935262528026166,0.049823974675258495,0.04939383528347221,0.047983401276507597,0.04921687226628369,0.049980489157480885,0.04841719639586726,0.05148687948625264,0.0
2020-12-16,0.05016659635323617,0.04975709781553924,0.05167099599713813,0.05006436823218872,0.05045218628046202,0.04995905599105555,0.05012158758020409,0.04969889460258159,0.04841822795358966,0.05207771549514335,0.05179039251184463,0.04940033788412214,0.05011760956437195,0.04962709282547141,0.049344671329585546,0.04809174465924181,0.04947933320147056,0.05005902825547882,0.04838229333401594,0.051320770133258524,0.0
2020-12-17,0.05023005908771418,0.04941382217736708,0.05137266989293115,0.049670157318510176,0.049960274588412,0.05013188466418959,0.05084791727290173,0.04934106851591521,0.04806719331110048,0.05211897436128012,0.05231052140032229,0.049808033891001316,0.05044914487274879,0.05003282451313671,0.04950540129084968,0.048094236618493366,0.04929876332856067,0.05045970780652504,0.047950919803280215,0.050936425284760306,0.0
2020-12-18,0.05052926933933916,0.0493843197712092,0.051914242531593345,0.049478094550121456,0.04984175562975178,0.0500345038394474,0.05074863530254558,0.049241750087572665,0.04835888987498169,0.051488423759726426,0.05225618177689411,0.049920390356164565,0.050915274001189066,0.05024119791319886,0.04939100213738385,0.04779612629385021,0.04849868557044498,0.05031627629098686,0.048432955781732075,0.05121202519186689,0.0
2020-12-21,0.050816370858442685,0.04947442806223009,0.051991437088127694,0.048971437410491564,0.049860798309659234,0.05019974928564284,0.05045388650044033,0.04905837651997661,0.04904962956456547,0.05197194904000278,0.05175258800498302,0.05018068636850411,0.050671174128388834,0.05002354622801037,0.04983307565915365,0.0477837809337646,0.048693926300704335,0.05028746680574873,0.04817482778993406,0.05075086514122917,0.0
2020-12-22,0.05064228092045217,0.04835892410401095,0.05222692982969911,0.04899558336382164,0.05034267428475648,0.050217525877231516,0.050828291795637234,0.04892006614614447,0.0491027881428651,0.05181994615644886,0.05242771065829384,0.050092316125635195,0.05043725789564746,0.05004521573963708,0.050354181372461726,0.04768109781230921,0.048446561205530966,0.05026230570476867,0.04826179720926298,0.050536545655385255,0.0
2020-12-23,0.04990068507170316,0.04900954395423215,0.0520991337112666,0.0490470884756229,0.05027698005336411,0.04966287837395805,0.05098495366281151,0.04884979602950079,0.0487297134576663,0.051470368118979544,0.05285693902203407,0.0500396052876506,0.05063819403014826,0.0496809277911886,0.050497083335524336,0.047957734310407736,0.048348818752904504,0.05080033287943165,0.04825222221033676,0.050897001471268376,0.0
2020-12-24,0.04974188512345368,0.04923173421960108,0.05194358710217186,0.04880446176466221,0.05071657681898557,0.04931081623615862,0.05124597765992839,0.049640046399120105,0.049577204515312216,0.05100550402984556,0.0530350131602787,0.05049787905694712,0.050827913622995505,0.04979893086908442,0.049839949114781214,0.048021717671034844,0.047992953871308,0.05060363159565841,0.047852051182515266,0.05031216598615707,0.0
2020-12-28,0.04995231411176107,0.048926465813623365,0.05183826635830879,0.048675018005274594,0.050087686441022745,0.049438469896999314,0.05086566758210552,0.05000440369768712,0.04961857816791791,0.050889691536121155,0.05359599676709515,0.050284855049145004,0.05093567507868959,0.05004373673197635,0.05024146836738887,0.04795169577083848,0.047901177648137,0.05095941429653017,0.04747162848453135,0.05031779019484648,0.0
2020-12-29,0.049857408805334166,0.04967110694785177,0.05177550528175282,0.04869103182586779,0.05003038559118093,0.04973717939219401,0.05113719260855839,0.050770494523636606,0.04928840921806104,0.05088958620082956,0.05381729048554184,0.05079162192864021,0.0507968162687908,0.05000882841956182,0.05025218822676634,0.047614956951446324,0.04703693743686978,0.050572423887135766,0.04735247205645827,0.04990816394352189,0.0
2020-12-30,0.049561907105570784,0.04949588649896797,0.052061283433395146,0.04899199777536364,0.05022045642082938,0.04976466587328636,0.05071392352005085,0.050513986708062085,0.04919250756542407,0.051474535672061505,0.05341821803582032,0.05015990219417746,0.05096414827435474,0.05024637422806917,0.05077962019558011,0.04736690632617081,0.04697316466113065,0.050550754068651144,0.04755579978907684,0.04999396165395691,0.0
2020-12-31,0.04892443401367166,0.04953173990548343,0.051977511046928625,0.048773987359628415,0.05033040440667461,0.04961937335805599,0.050422780345446866,0.05109227469699717,0.049524853446305986,0.051771940171046804,0.05292029524010653,0.049936202485801495,0.050566230551170904,0.0506806321043902,0.050556311565288496,0.04744280921992901,0.046678044413484596,0.0504769572492047,0.04815209234061007,0.05062112607977478,0.0
2021-01-04,0.05000000000000001,0.05000000000000001,0.05000000000000001,0.05000000000000001,0.05000000000000001,0.05000000000000001,0.05000000000000001,0.05000000000000001,0.05000000000000001,0.05000000000000001,0.05000000000000001,0.05000000000000001,0.05000000000000001,0.05000000000000001,0.05000000000000001,0.05000000000000001,0.05000000000000001,0.05000000000000001,0.05000000000000001,0.05000000000000001,0.0
2021-01-05,0.05028809497297292,0.05057588703323612,0.04941555755122427,0.04970583103824824,0.05032583502348043,0.049887109632351156,0.04971490685534862,0.05034404919229036,0.050277174727764586,0.04942015189075651,0.05000208668526459,0.05066324704222821,0.05003942924014663,0.049591963800861553,0.05003171714382787,0.049969319425737554,0.0502666632851334,0.0497690698986742,0.05044399144489823,0.04926791411555434,0.0
2021-01-06,0.050742067284006084,0.050722737262866545,0.04899809375576957,0.04949091483450855,0.05032179320198675,0.049458599384246654,0.05026213381341639,0.05068851286720378,0.04989526482166036,0.04880998589870974,0.05002083035097649,0.05085264308681566,0.05026306199838446,0.04975533842856028,0.049887239207681504,0.04953773905154346,0.05040779887374098,0.05012540251303949,0.05018969431555526,0.049570149049327814,0.0
2021-01-07,0.0512005382811433,0.050890602226888126,0.049320884487501264,0.049786203375131254,0.05016195095875693,0.049591744057224496,0.050172542836264045,0.05068148252413803,0.04950744842372653,0.048569934766847685,0.04993142863689174,0.050599818647723505,0.05065159776046741,0.05011496266912218,0.04943445110553078,0.04936766134803131,0.050435784413098796,0.050120836518769814,0.04999547493921419,0.04946465202352864,0.0
2021-01-08,0.05146698749551118,0.05137751224785619,0.04898439585803016,0.04979867727374209,0.05039166239495505,0.04983109794184282,0.05015531552090884,0.05099559056264101,0.04931322965612645,0.048177827861977024,0.049953738970985734,0.051322083670834864,0.05035231124917864,0.04979564451315806,0.048668508707745334,0.04933199914777349,0.05024162643195292,0.04984387788242344,0.05053772568674195,0.04946018692561475,0.0
2021-01-11,0.05123095247141509,0.05143825286131052,0.04894520283728238,0.049673889817116845,0.05024834345863108,0.04971066460442433,0.04970350733187832,0.051020341617939065,0.0490740868195131,0.04815553907588572,0.050107576536178124,0.05112889538457443,0.050443980393746084,0.049198385003308226,0.04952740139327591,0.049601839047119775,0.05040913755906267,0.050011174413266364,0.050927987025433684,0.04944284234863812,0.0
2021-01-12,0.05118441860366288,0.05143077035339887,0.049003234630809404,0.05012692859154852,0.05007688101732408,0.050335426958339535,0.05007467696537703,0.05040328304992623,0.04919980205524835,0.04811811631608571,0.04992817650463791,0.05137780588126691,0.05046301936536896,0.04920081110007554,0.04896278275408887,0.04895943799956056,0.05026811631237607,0.05001546201261311,0.05122241107383585,0.04964843845445534,0.0
2021-01-13,0.05105718228131396,0.051854858241779746,0.049005494510591927,0.050617807646108175,0.04990721515370078,0.05000764001929441,0.04986684211147829,0.050384710588200446,0.049442891903861225,0.04814787953862486,0.04970378565369617,0.05128348004601146,0.05020940759374389,0.0490835181598428,0.048421765745104914,0.04862710949425392,0.05081497761614495,0.05015594595361921,0.05153591250769715,0.049871575234931444,0.0
2021-01-14,0.05191252438197908,0.052688750393468556,0.049075772618163815,0.04995443984156618,0.0494538077484498,0.04969586540345182,0.050183070210411816,0.050609479405120505,0.050213040406916015,0.047751046925836316,0.04945633714130649,0.05125110505510267,0.04966499924700205,0.048944825667477834,0.0485363226843064,0.04790437112405897,0.0511682496524437,0.05045692519180934,0.051298015211089135,0.04978105169003948,0.0
2021-01-15,0.051967683093553596,0.05265614514313346,0.048990357213225054,0.050039889754235234,0.04917457340564466,0.04960051255663072,0.0504177472928794,0.0505638936263402,0.04980816980737381,0.047665826127963155,0.049636148475903426,0.05090161279985931,0.05018440009643606,0.04864238002317854,0.04791049344026443,0.047877427567360645,0.051536223004708344,0.05086265022013536,0.05177209850656086,0.04979176784461358,0.0
2021-01-19,0.05182669789625783,0.05272727424625045,0.048087277763794824,0.05014562404337047,0.049579442150231204,0.04971160948073724,0.050287269774705455,0.050757032559352246,0.04972527400122664,0.0472173423679226,0.04963830410202673,0.05173316249093583,0.05018677884476966,0.04940373887170393,0.047396260186266005,0.04830048711707375,0.05191291957107067,0.05007588963347062,0.051534797774739835,0.04975281712409397,0.0
2021-01-20,0.05213674961940798,0.05293325605481639,0.04810780876835496,0.050118327606815324,0.04979892941408737,0.04918071770859973,0.05043381595128141,0.05062583563531874,0.04961101591678434,0.04731572786247501,0.049870407891672866,0.05230697310945773,0.050197132329649057,0.04937682650111017,0.04656537565851513,0.04855374688962873,0.0518317856844411,0.05017348653747202,0.05108989530989766,0.049772185550214294,0.0
2021-01-21,0.05163610612938359,0.05328903845925051,0.04813164826894777,0.050108828666665516,0.05001043348642155,0.04926650987004512,0.050140034542264095,0.05059079528551606,0.04986386396952879,0.047473980006968834,0.05029068132507109,0.0528269009657516,0.04966823421052034,0.04945703404790329,0.046545100377626825,0.04862974576520344,0.051721641562041884,0.04945669244578463,0.05125036904479485,0.04964236157031021,0.0
2021-01-22,0.05205131427061968,0.05294204934013827,0.048563884032748285,0.04939183022747811,0.05007061928110339,0.04923454955038125,0.05021066150753623,0.05043735721587439,0.050137003162523015,0.04724162471687449,0.051160812575335265,0.05241375766373425,0.049924738785462566,0.0495174186713298,0.04609041709275408,0.04816748922271072,0.05152658923112819,0.05027229228989621,0.05092247506993208,0.049723116092439484,0.0
2021-01-25,0.05186586501478258,0.05289404118843021,0.04918196966231557,0.04994374234921429,0.04990919052505076,0.04856089800685668,0.050194344285948676,0.05041782267168653,0.05003262369325173,0.047435460319592095,0.05144057636913559,0.05180367247476428,0.050326167803465036,0.048987849386395284,0.04634341428479842,0.048340318363389215,0.0518790706911067,0.05037638659130198,0.05051577923179842,0.04955080708671585,0.0
2021-01-26,0.05206156679462519,0.052344401944155655,0.048730465951798474,0.050137000895296574,0.049351831963265466,0.0485356721088389,0.05006336937789565,0.05019455821687131,0.05076535894498463,0.0467977088364628,0.051649067615918524,0.051713321982921535,0.05062705590519371,0.04950117790477534,0.046332511954290286,0.04809494519455806,0.051890372565827125,0.050731711883895095,0.05083868709357769,0.04963921286484796,0.0
2021-01-27,0.05255685159746687,0.05201758703650291,0.048710897834304816,0.049935865505826155,0.049132535455744204,0.0483602196007776,0.05018207934748666,0.05061895795945773,0.05061727317759948,0.046219326438241316,0.05132635561870655,0.052730632208622,0.050709088095384734,0.049819500656005884,0.046455141040892496,0.048213558078321776,0.05190823317582814,0.05061278557010926,0.050291827738399346,0.049581283864321736,0.0
2021-01-28,0.0527179615160201,0.051850771159620015,0.048199817100561815,0.049752262975080806,0.048922581946629504,0.04822680172333145,0.04964994778666837,0.05076030268090581,0.05099937654879221,0.04634253696466152,0.05147789624421182,0.052633326836712305,0.050993684743397855,0.04989334505404021,0.0463269455487123,0.04840077474509284,0.05252666257186455,0.050507585813314694,0.0504703050746975,0.049347112965684226,0.0
2021-01-29,0.05270454671241692,0.051783045356246886,0.048667962284291474,0.04911423515385182,0.048621736597535645,0.04773143746864203,0.04957818400440281,0.05080065400244574,0.051471403952680135,0.046639413257365134,0.05145310761169037,0.05297225790325391,0.05065327543589727,0.050216601532319105,0.046195216315848685,0.048257687196683746,0.05235834088422329,0.0508496329063585,0.050266507778967795,0.04966475364487857,0.0
2021-02-01,0.05,0.05,0.05,0.05,0.05,0.05,0.05,0.05,0.05,0.05,0.05,0.05,0.05,0.05,0.05,0.05,0.05,0.05,0.05,0.05,0.0
2021-02-02,0.049854242170927335,0.0500623241126306,0.049997203910640685,0.04970451503032481,0.050214968161042456,0.050492858938115635,0.04992255527119675,0.05004047969694533,0.050076949246555695,0.05062753266880845,0.04973643682176987,0.049582892056351836,0.04985498584104258,0.05018382889761456,0.04959305310988638,0.049816607293375725,0.04973288915844772,0.050463338558142196,0.05003468240195566,0.05000765665422565,0.0
2021-02-03,0.0497254566574289,0.049815574705724064,0.05012778449909933,0.04931594825190369,0.05106459068576661,0.05065966978177988,0.05032722114871683,0.05053318965221811,0.049195169284385505,0.05018986661626855,0.04987837968547894,0.049627122757625354,0.050020394924398,0.049598085922570916,0.049285172668724425,0.04998418131407601,0.05017760953973931,0.050242032581538726,0.05048301272699235,0.049749536595564255,0.0
2021-02-04,0.0495388950504636,0.04953166266595972,0.05058121531400404,0.04955377154010683,0.05076079802446299,0.04986387969919556,0.05016380529690329,0.05059887085991457,0.04944875379980063,0.049920666286071454,0.05005910972740325,0.05032902760422864,0.04935574709558323,0.04985142852033759,0.0497769385603747,0.05061468823207199,0.05021295221055206,0.05013484099653687,0.05006948525698209,0.04963346325904699,0.0
2021-02-05,0.0498714653945025,0.049827705079404094,0.05082546307951646,0.04981584892952716,0.05114359736222254,0.049780398257245714,0.04981733265749195,0.050287115524246154,0.04888410221706648,0.0497860643262981,0.05054249799541788,0.05053278106082508,0.0498223393513095,0.049732261527153876,0.04945522499924286,0.050605289208373455,0.050189859159934375,0.05013104266348794,0.049289362587922,0.04966024861881188,0.0
2021-02-08,0.04980441913303281,0.050191355678410536,0.051207574623437176,0.04977717303076238,0.051683134028140384,0.04968348312657552,0.04939871711695924,0.04988502465668103,0.04904961176514747,0.04991871340751126,0.051065969510686815,0.0497772429331964,0.05035744211048881,0.049772513285677535,0.048642563686098934,0.05031033549562964,0.05024338042238301,0.05033522595238168,0.049135583103660126,0.049760536933139206,0.0
2021-02-09,0.04954472056961826,0.05021579147760848,0.051386210012155646,0.04968502552422012,0.05161402365789162,0.04931471865748159,0.0492726353574151,0.049983820786544536,0.049323207381404124,0.04972901128464461,0.05153362047936632,0.05002412517569079,0.04996638446996142,0.049493287268825965,0.04874481746361495,0.05015559220346593,0.04948619752188515,0.050497631424639894,0.04936035124047338,0.05066882804309202,0.0
2021-02-10,0.04941484078961378,0.0501098473725662,0.051311050231162815,0.0498826122916367,0.05183309012019851,0.049483002922825155,0.04999179024072526,0.049108366735020975,0.04975375602765545,0.04941136332461741,0.051842981032243766,0.04967354828693319,0.0502144345028589,0.04946566149870743,0.04851984948709374,0.05050746497648367,0.04916682412320091,0.05008265597181592,0.04943212531087337,0.05079473475376698,0.0
2021-02-11,0.049714376692111276,0.05042215435890974,0.05150318407819749,0.049796508390048205,0.05219787301281123,0.04970704781855274,0.05000810594334346,0.049123343667491694,0.049982642250095854,0.049545925973480766,0.05160508772444675,0.04935917968373983,0.04961542537786342,0.04930169085940431,0.04842771695440926,0.0507933725659701,0.04899336655243655,0.04967478049082028,0.04974908805381957,0.05047912955204739,0.0
2021-02-12,0.049961920464890036,0.05008411626462079,0.05181026902040495,0.049431690562679834,0.05218937449542358,0.049486838670244365,0.049815605155992725,0.049244072084366694,0.05001468055365322,0.04960451164619767,0.05188044591164948,0.04954786565461268,0.04965694289869547,0.048920844348818014,0.048348426421175456,0.050793091941675944,0.04911355222567329,0.049805980622469076,0.04995181430457681,0.050337956752179974,0.0
2021-02-16,0.05032236982976936,0.05038633825909792,0.05191121281267682,0.049367838712363464,0.052310909613691864,0.049078993827186,0.04962778132587972,0.0493307164620276,0.05004554417379841,0.04964759452762316,0.05176992280785358,0.05019653122550109,0.04905548133905109,0.049204475798329324,0.04901249312463635,0.05041603138282201,0.04893589596383011,0.04943057306350506,0.04974831450781635,0.05020098124254084,0.0
2021-02-17,0.050293310814832536,0.05125042775505301,0.05184714790881828,0.04932587116682482,0.05214516600375548,0.04844748240027709,0.04913285701318446,0.049359310367005776,0.05008085561474015,0.04988200662158905,0.05175863556332773,0.05073262412002875,0.04901524742844093,0.049807163495359574,0.04894088770655686,0.0501422309474186,0.0486478871402247,0.049184365275281125,0.04997129222733078,0.050035230429950325,0.0
2021-02-18,0.05054737119692187,0.051377027155882146,0.052312699867467144,0.04946253572215168,0.05133563324826893,0.04827115033834815,0.04889726536236509,0.04897694844212456,0.04974038730951101,0.0498856655587915,0.05245758530306326,0.05090285800083339,0.048898022514129454,0.04936189790452249,0.049271437238630894,0.050257436823288974,0.04859141452252868,0.049247889178962743,0.05008301931637588,0.05012175499583199,0.0
2021-02-19,0.050192425833094016,0.0509686010891942,0.05279334134249772,0.049342051733128514,0.05123263180054403,0.048097675621479256,0.049035712037147475,0.04933112478493443,0.04954200205323204,0.04971191163502492,0.05252460059762782,0.05089910562486731,0.049173019559456,0.04940840641412773,0.049394090603211226,0.05033660842166301,0.048922554749875787,0.04885622169679421,0.05040481479795292,0.04983309960414742,0.0
2021-02-22,0.05013368751239405,0.05114832363453849,0.05255030690230285,0.04944686407339503,0.05101097712979475,0.047954945734395356,0.048920781274803135,0.0492465476899842,0.04947323098175569,0.049682671380769594,0.052642301243052254,0.051412482220644755,0.04978006818811296,0.04929488575392173,0.048953019018986,0.050723835281622026,0.04821604107070991,0.04896647911287434,0.05011036657453599,0.050332185221406846,0.0
2021-02-23,0.05066999579642366,0.05117587414412176,0.05265522769195019,0.049105489190019364,0.050820580121549205,0.047908613662605376,0.0487786319797995,0.04909861468487227,0.04938880191660483,0.04958637318302541,0.052977353086970456,0.0510391395913738,0.05056589799701182,0.0492985163038463,0.049206574861636564,0.05019206244899983,0.04749985348606127,0.04912428067528295,0.05006903630381604,0.05083908287402921,0.0
2021-02-24,0.05091374987611165,0.05060490872506249,0.05271455551946913,0.04926945325421894,0.05090333237558184,0.04803576217576017,0.04842186350423361,0.04922088994252714,0.04871711160903013,0.04919767213187208,0.052871185770508713,0.05162708332254145,0.05091023169416041,0.04925822595600182,0.04887780038992327,0.05043252535141421,0.04801626236215149,0.0487857363292982,0.05014165312032783,0.0510799965898056,0.0
2021-02-25,0.050661977029002096,0.050950198209441085,0.05299519454383997,0.049365282161074865,0.05048452657835554,0.0482835071616249,0.04873480098129218,0.04935356946586647,0.048375696531247035,0.04911133190818308,0.052175725094096376,0.05146056610806275,0.05103737650907664,0.049383829234239375,0.0485585958108333,0.05103265916013969,0.04759466077054551,0.04861865579362536,0.050733690019786865,0.05108815692966701,0.0
2021-02-26,0.05040681432326594,0.05139643634952497,0.05285170488908286,0.050292801192926215,0.0508166633814248,0.048396456946047446,0.04875312333317993,0.04927653222858231,0.04735608193060096,0.04916870516556092,0.051763811500446066,0.051602899301206887,0.05122409424324016,0.04949420412758765,0.04819549254451364,0.050226941626722,0.04750473564067905,0.049098871960022876,0.05071088684881402,0.051462742466571204,0.0
2021-03-01,0.05,0.05,0.05,0.05,0.05,0.05,0.05,0.05,0.05,0.05,0.05,0.05,0.05,0.05,0.05,0.05,0.05,0.05,0.05,0.05,0.0
2021-03-02,0.050518889613798225,0.04978352819858601,0.05006298339490439,0.05002849885704988,0.049775501982085316,0.049685961562678335,0.04980759800003186,0.04991344273363759,0.05004144851628128,0.0502457075877219,0.04959358102044246,0.04951126007355518,0.049502761330485145,0.05029646387893941,0.05083944653324832,0.05018034138659627,0.04980963319545234,0.05000188186722423,0.04992772825117527,0.05047334201610644,0.0
2021-03-03,0.04986516835392991,0.049470030654401496,0.05026816819665436,0.051034016384115505,0.04977338870570315,0.04932706589357812,0.05059248912815645,0.050401077871960374,0.04912664375377718,0.05027217695137075,0.049576185744204984,0.049690121923326266,0.04991748235911619,0.05034491797870269,0.050574615926167514,0.049707156648448,0.04978226337354999,0.05004090329452762,0.04993286350005614,0.050303263358253233,0.0
2021-03-04,0.049907069010773006,0.049364345283698714,0.050827686936721655,0.05104701830362555,0.04930717459808918,0.049094012240624485,0.050965993554771105,0.05051041222295713,0.049153713364746415,0.04984501314444446,0.04909899306026106,0.0497174401702123,0.05010227304656082,0.05049761790024277,0.050595110928181024,0.04948022697856995,0.05028508958456389,0.0496705408165252,0.0502779900254063,0.05025227882902495,0.0
2021-03-05,0.049391313634198165,0.049133515195563346,0.05063006290743611,0.05098394156184946,0.04952671322907632,0.04885456810075502,0.05144749010539767,0.05045966778190211,0.04907422983227685,0.0503672087052408,0.04881604494537688,0.04964295058124185,0.05032053122389505,0.05088548579488753,0.050665606660156876,0.04963511521341055,0.05049860951555724,0.04943758758337151,0.050277920332634625,0.049951437095772114,0.0
2021-03-08,0.049405975284602575,0.0490179652927461,0.050839422189196286,0.05087268289627836,0.04982754881308443,0.048382348288625796,0.05105843154834712,0.051002125934019406,0.048901637889743936,0.050621597782680695,0.04904679265148499,0.0498258078886947,0.04975270215368315,0.05044020692005104,0.05071781669953493,0.04968879752950528,0.05028324131150728,0.04883827040257659,0.050360637482780496,0.0511159910408568,0.0
2021-03-09,0.04926313281261753,0.04965388472582898,0.050374733449250565,0.05140251550178504,0.04990287214277389,0.04818085249684297,0.05098738541292125,0.05099520858660013,0.04873729639252919,0.050129779472174514,0.04934920366655341,0.0503439249992492,0.049894683616639714,0.05064716746476198,0.0512030130357957,0.049545416138180386,0.04959221608095531,0.04860365263224852,0.05016643919387787,0.051026622178413965,0.0
2021-03-10,0.04894299752556041,0.04964026082971503,0.05013509333738973,0.050802072721234624,0.049901575063216574,0.04838345237329931,0.05057580213311834,0.05095797872515364,0.04892375277024549,0.050504801495505486,0.04956346095432495,0.05093995501276761,0.05006975577936455,0.050409134168326895,0.05181070219887602,0.049446406706897504,0.049590157649326415,0.04821987977298027,0.04988036043437643,0.05130240034832077,0.0
2021-03-11,0.04876887007995375,0.04984731935488637,0.04962214860527911,0.05096241181036825,0.049686165788178596,0.04866249988784432,0.05077667245213546,0.0510205445228318,0.04859915439870825,0.0509915824059112,0.04931757486739527,0.051394638805184786,0.050073028349473775,0.05077665372834206,0.051603237542623775,0.049050760946115414,0.04941864220010734,0.0484129968345547,0.0496477471038629,0.05136735031624306,0.0
2021-03-12,0.0487651751285311,0.050148555215296514,0.04987505030943733,0.05078744800137649,0.04915280881223499,0.048834840707409496,0.05114607884725628,0.05122425253324399,0.04861978790367056,0.05066153356831007,0.04941698836444598,0.0514877248493141,0.049891611323530684,0.05048609704601283,0.05222176064466857,0.04867911286298324,0.04916285508687654,0.04820297606545317,0.049558995939915064,0.05167634679003293,0.0
2021-03-15,0.04858754705522849,0.050421154302746796,0.05002448635997595,0.0507245487746795,0.04948362876772636,0.0488832877933087,0.05126606347367309,0.05107010230988848,0.0487406612600528,0.05055173655286233,0.04893127051824971,0.05090585288666805,0.04942307864423603,0.050818181397778744,0.052027384028672664,0.04884133991676268,0.04957146004792746,0.04846997755963895,0.049583096741349114,0.05167514160857416,0.0
2021-03-16,0.048217639632009715,0.05040629855554926,0.050057210893125356,0.05035200107955443,0.049849311390271656,0.049503703785128694,0.051086714288732134,0.05079638286323634,0.04858723312833068,0.05052116114921851,0.0490770855370473,0.051260188577324714,0.04905656799410431,0.05057570353572586,0.05180988959324282,0.049290918204894944,0.04909242208129934,0.048507546305242635,0.049810506900444876,0.05214151450551633,0.0
2021-03-17,0.04845500057410632,0.05047541215320258,0.04999514187386711,0.05079841645374336,0.049635716686430596,0.04910971205219907,0.05082287817911438,0.05109159298846583,0.04890410287093215,0.049825762027624176,0.04937826951134859,0.05147359856319989,0.04908323068354832,0.050690957723531355,0.051731534528054866,0.04940197026741086,0.04894016829557883,0.048531942220338124,0.04944021123216557,0.05221438111513813,0.0
2021-03-18,0.04857066478480882,0.05023339331866508,0.05011750215211018,0.05055171907248832,0.04963428314769727,0.048634095467477746,0.05089693948354946,0.051483589144166,0.0489008794552591,0.04979476066206882,0.04921160454178819,0.051603146505277066,0.04885971093221804,0.050645014915138765,0.05189724605886345,0.049731113841489885,0.04901499645952249,0.04838036585389937,0.04915050346083076,0.052688470742681355,0.0
2021-03-19,0.04884168431937777,0.05037118809517294,0.0497019455019093,0.050104465073242094,0.050055550500367196,0.04900130296593057,0.05113702172189338,0.0510725531245936,0.04879837959360225,0.05007329851309994,0.04964919268095662,0.05117339599624643,0.04875837136035779,0.05057311213837364,0.05184219088782026,0.04986098221397092,0.04859328964732065,0.04860169826772601,0.04900622677428903,0.052784150623749526,0.0
2021-03-22,0.04814004060374012,0.05030802729045025,0.049592014518295625,0.0503595735461308,0.05027066683119813,0.04883265867373924,0.051001400050970425,0.05095074120240678,0.049424311974559286,0.05012044547843544,0.04975819926159575,0.05129043431705895,0.04910044040978548,0.05002577195651644,0.05192021808194465,0.050321265565204665,0.04885607539526121,0.04883341983654605,0.048567579056410085,0.0523267159497505,0.0
2021-03-23,0.048272285987376255,0.050205803158626716,0.0498675452084355,0.050214350200126184,0.050104401969349996,0.04863464307272557,0.05108102437698407,0.05082355732314188,0.049807405245425894,0.05016459245660576,0.04987479591436569,0.05188543508941543,0.048700025562668656,0.049929018836644676,0.05203651156759678,0.050377245783642846,0.048541327942349825,0.04852725813300437,0.04840188948503373,0.052550882686480116,0.0
2021-03-24,0.048490599671256636,0.04972606938625502,0.049232460947862836,0.05032110465655728,0.049569545614180664,0.04881223899705438,0.05108760220389725,0.05112741008358903,0.04920669469010449,0.05048520660884547,0.0497762362622896,0.05151593136916248,0.048570966497199525,0.05024136485209056,0.05251912038609573,0.050455376472387896,0.04850650123014456,0.0491158372341448,0.04869716073657406,0.05254257210030781,0.0
2021-03-25,0.04812451778448313,0.04975974270389445,0.04945110517072384,0.05059960008143062,0.04909626029142464,0.04864588068317895,0.05116605185187348,0.051197900861483715,0.04905594490296914,0.050067330873326425,0.049573252911925623,0.05174461557901897,0.04912914873000638,0.050746312604711435,0.05269574534875151,0.05058013169968785,0.04825481566044321,0.048804895240297436,0.04914447055685748,0.052162276463511584,0.0
2021-03-26,0.04806820585086224,0.049627060820426665,0.048809709608196535,0.05070528927381182,0.048928362649941305,0.04830021118247767,0.05135970205773429,0.05232899039207355,0.04984367209219691,0.050643728847794396,0.04900537247786554,0.05138626740473117,0.04896101248890023,0.05137886641480394,0.053196109623700825,0.05029500079717971,0.047268307218828284,0.048681604551733954,0.048975962325747566,0.05223656392099335,0.0
2021-03-29,0.048196210008124164,0.049138646883038706,0.048939231548649244,0.05009680752335082,0.049603060450828865,0.04817381419911772,0.051766683721589504,0.05240004448656515,0.049672191479673264,0.050544492534723484,0.048728670684385474,0.05152745266948408,0.0491543933358554,0.051748565358506735,0.05305980995280942,0.050195034731659836,0.04729279157102124,0.048669642140113344,0.04890107785400203,0.052191378866501666,0.0
2021-03-30,0.04876025769113116,0.04925607483062314,0.04848543822135954,0.05028214837749603,0.04929368158216333,0.04822636433110581,0.051715504460864294,0.0529018032800297,0.049637902231937044,0.05025303061416279,0.04901082991721322,0.0511268683296823,0.049037640214474994,0.05177968975212168,0.05292327752738759,0.049821836400840695,0.0474997462855846,0.04912564726607854,0.0488169476284386,0.05204531105730492,0.0
2021-03-31,0.04931692386470024,0.0494876625613393,0.04887154395927925,0.050143336758566866,0.04898653436623796,0.0481966831205884,0.05159140425558767,0.05339840047761306,0.04996359811712202,0.04994733302234681,0.049429406691815427,0.05089620938127857,0.04917909626806122,0.05183594604776863,0.05281388312780446,0.049525557856928006,0.04705805998567757,0.0486597862968365,0.04874537325555463,0.05195326058489351,0.0
2021-04-01,0.05000000000000002,0.05000000000000002,0.05000000000000002,0.05000000000000002,0.05000000000000002,0.05000000000000002,0.05000000000000002,0.05000000000000002,0.05000000000000002,0.05000000000000002,0.05000000000000002,0.05000000000000002,0.05000000000000002,0.05000000000000002,0.05000000000000002,0.05000000000000002,0.05000000000000002,0.05000000000000002,0.05000000000000002,0.05000000000000002,0.0
2021-04-05,0.050916966298467134,0.049907918954080005,0.049467597254832275,0.05000658887746152,0.049858768650298445,0.049943280692409865,0.04977182300356362,0.05005770646773526,0.05032329516272656,0.04997733332557267,0.05006858468471074,0.050188926494123876,0.04997361534625865,0.0502268199644063,0.049692511716967556,0.050681783575050814,0.0498641103454819,0.04927238027958105,0.049906107373312386,0.04989388153295928,0.0
2021-04-06,0.05062838856916231,0.0497575318210848,0.04955290812237169,0.049478228286100524,0.04989393590318312,0.04987431709701408,0.04953261195899131,0.050130443528475066,0.05062444519405922,0.049934995488134695,0.04955212045752664,0.050543324213021094,0.05003199973326705,0.050297099620020734,0.04986535489638442,0.050604376192164145,0.050091669933042655,0.049593727351402425,0.04975455890675016,0.050257962727843795,0.0
2021-04-07,0.050950886108894006,0.04934497781625629,0.04938387813347009,0.04951973378325751,0.04942053309096467,0.050352577857781015,0.04969639147460091,0.050108508655740305,0.050607687540334234,0.04995498117965738,0.04918737283160101,0.050948775928162666,0.049656202355854294,0.05017436017900823,0.05007266101862556,0.050429335299577306,0.04993976061083917,0.04950193083614081,0.05058485689871806,0.05016458840051665,0.0
2021-04-08,0.05141229775438133,0.04953021814993934,0.04898045629019681,0.04916352334039816,0.04990724693849169,0.05081387968366017,0.049564242301662065,0.05061906437139679,0.05044513467641751,0.04978535274910618,0.049389543595911675,0.05083489084764059,0.04988924629527853,0.05023406431543498,0.050227177493551725,0.04979197246464576,0.05006277252664396,0.049486871170221595,0.05024591327880993,0.04961613175621122,0.0
2021-04-09,0.05102976828554423,0.049579552833665524,0.04914082547576976,0.04904348577087791,0.04983495465961372,0.05084394607551116,0.04982708659340858,0.050286301177122565,0.050577954561742744,0.04982242055071767,0.049187965123989104,0.05094192550932652,0.05014413326924768,0.0503492191779301,0.05058022603041509,0.049422000184634766,0.05005408559076054,0.0492246031925913,0.050543223098438915,0.04956632283869206,0.0
2021-04-12,0.051330898246709694,0.04941288571386327,0.04856384864622632,0.04921554361940155,0.050831710003444386,0.05040237905859639,0.04992844573125392,0.050349447799166745,0.05055463631774765,0.049556194575230285,0.04863673487422236,0.05066691896516451,0.050425322077946685,0.050201363362472835,0.050305321766198306,0.04925655029029274,0.04998812955528482,0.049319405154062114,0.05119907394151641,0.049855190301199025,0.0
2021-04-13,0.05126990985748778,0.04933063149398101,0.04818728067552588,0.04956819937140983,0.05038820332806225,0.050091513565708116,0.05019639364117216,0.050227454667210514,0.05036096037019344,0.04979162109781142,0.04920697396367745,0.05060558956588291,0.051038069231592986,0.04995754608794888,0.05014471338349494,0.049082357526889706,0.05056387847842364,0.04917453191020916,0.051085290167688466,0.04972888161562967,0.0
2021-04-14,0.0515709390979955,0.04874409344148664,0.04808854754523155,0.04938169179390435,0.05104993408997004,0.049820677072612285,0.050520203270096445,0.04971917268636839,0.050984409037339175,0.050141837024284076,0.04928766723906847,0.05072118239697396,0.05098426325699164,0.050034329727885685,0.049829369717884486,0.048983695821271586,0.05030069887113259,0.0487580379972855,0.05134425402375992,0.04973499588845786,0.0
2021-04-15,0.05161316506599253,0.04902113070663286,0.04832011099673054,0.049843708750401144,0.05150605482010147,0.049793809161788466,0.05077785644544235,0.04997829796115126,0.05080808995334208,0.050099986329919764,0.048867897362165354,0.0503537065977991,0.0511215186015305,0.049836484180561386,0.049838362649540856,0.04901835272056935,0.050508004024726987,0.04845172103290299,0.050701457118483916,0.04954028552021706,0.0
2021-04-16,0.05187986198977394,0.04860123279608345,0.04860323311271186,0.05001444444866107,0.05119396413065452,0.049458491710763275,0.05044724785900035,0.05018999328503595,0.05125146001166905,0.049713164031277485,0.048755930219578573,0.050389877433720545,0.05112859555324513,0.049885289942198825,0.049849375956253925,0.0491274312232571,0.050797011340267095,0.0485674756459602,0.05054877311315246,0.0495971461967352,0.0
2021-04-19,0.05185550516654329,0.04854126694960481,0.048927211874839914,0.04981561532604533,0.05100265863473722,0.04995996055456762,0.050540408978350916,0.04991907523063081,0.05129195505488732,0.0497712145156603,0.04868012583633958,0.05028532484198198,0.05099415194365715,0.050069233380018105,0.05026442562683087,0.04883032039673466,0.05069777135270643,0.04838341965035381,0.050905633217802324,0.04926472146770783,0.0
2021-04-20,0.05183847933644123,0.04809076742612777,0.04891622779007606,0.04946592909611227,0.05071263196327949,0.04944486654583651,0.050849374134723256,0.05032799246479829,0.05127829741572175,0.049500101469208795,0.04886829741420169,0.050384054276370424,0.05144932621665958,0.05020604682685828,0.04988709956804629,0.04937158602250069,0.050763589762840476,0.048153264603436545,0.050993315962009345,0.049498751704751105,0.0
2021-04-21,0.05237316906918643,0.04802160751338956,0.04821394315665138,0.04909640575194206,0.05052341741398861,0.049173300584690084,0.05043123608002529,0.04990274807400042,0.05076103747845978,0.04964273662030993,0.04888099912109631,0.05094905744911059,0.05168897459946687,0.050510797343197036,0.050148878822815775,0.04962141062882495,0.05108611053350687,0.048296052064424985,0.05114156837627355,0.049536549318639295,0.0
2021-04-22,0.052417808492323824,0.04777689399385222,0.048191828857250374,0.04903344262467748,0.05036344720545853,0.04910101320293292,0.050865346488560545,0.04975322035903792,0.051344802252916134,0.049433635349294514,0.04883268276861305,0.05063724098207285,0.05109613908685753,0.050392161913676584,0.050488438640079764,0.04976937491711262,0.05079339101597427,0.04830655228765981,0.05159330837405024,0.049809271187598765,0.0
2021-04-23,0.05263055404738356,0.047721000790782134,0.0486379221149875,0.04872560991681189,0.0503158629161423,0.04922761631888942,0.051620847268749735,0.049654768734106826,0.051286657425926856,0.05029446131882468,0.049103657656502195,0.05088493881959767,0.05131027295688327,0.04899261998297041,0.05007754423405527,0.049561183822345,0.050060367062015734,0.048474852340025514,0.05183438827861911,0.049584873994380926,0.0
2021-04-26,0.05250884489920554,0.04799457988980875,0.049174615738711326,0.04925147497259651,0.04986776383146309,0.04844836990339808,0.05208647494904834,0.049802588614199686,0.05058889023978266,0.049979262534222156,0.04876445990762106,0.05152123002333728,0.051251217268329805,0.048806547457631674,0.04976046767148524,0.049868563839146125,0.05009074057023652,0.048704412464751316,0.052214828284081506,0.04931466694094346,0.0
2021-04-27,0.052075242982229104,0.04843557534530597,0.04928937195111341,0.048971268072744156,0.0506251871245409,0.047813491919740124,0.052333462142211386,0.04978576932511971,0.050893377910173565,0.04899724817375295,0.048482321928095984,0.05197383638460354,0.05108803902805496,0.04900420927232627,0.049199579759547404,0.04998163409821881,0.050623714647498985,0.049073224588374015,0.05186971006283137,0.049483735283517495,0.0
2021-04-28,0.051910880075272864,0.04872615584449747,0.04891803338830561,0.048701908797064264,0.05057525208302083,0.04776495450612491,0.05259438823349786,0.0498006220144538,0.05091818160684346,0.04881850185514504,0.04880955249496828,0.05194869083838883,0.05104154138093666,0.048756009055087556,0.04945725328369903,0.05054008559180173,0.05086901937263963,0.04913147128565774,0.05102048972555024,0.0496970085670441,0.0
2021-04-29,0.05170967801485352,0.049078417930926266,0.04876121009913978,0.04880507946410542,0.050622778608732204,0.04824225340249001,0.05250026499969966,0.04968902000349474,0.050609910978753364,0.04825436580338231,0.048644147297657044,0.051619116394462955,0.05132930390916996,0.049071974194878736,0.04922924934472935,0.050795734851143096,0.050920935406430654,0.0490736461771411,0.05117847761429677,0.049864435504513034,0.0
2021-04-30,0.05181819996816234,0.049405554330431284,0.04925081222534998,0.048410242331774746,0.05023418963781785,0.04871126920990985,0.05228476733748715,0.049485565166601755,0.05076690538152688,0.04785040971115649,0.04845407142854283,0.05119298103273337,0.05154103336845302,0.04921755695466702,0.04922758234407892,0.05092607057610842,0.051017246551504115,0.04920626749361131,0.05100938727242138,0.04998988767766111,0.0
2021-05-03,0.049999999999999996,0.049999999999999996,0.049999999999999996,0.049999999999999996,0.049999999999999996,0.049999999999999996,0.049999999999999996,0.049999999999999996,0.049999999999999996,0.049999999999999996,0.049999999999999996,0.049999999999999996,0.049999999999999996,0.049999999999999996,0.049999999999999996,0.049999999999999996,0.049999999999999996,0.049999999999999996,0.049999999999999996,0.049999999999999996,0.0
2021-05-04,0.04999159682018379,0.050033156889192444,0.04964320924009935,0.05039206778045105,0.04992044335523668,0.049986151306153546,0.049704492783992894,0.049842940224795386,0.049795430521458045,0.04972860855171507,0.04990284451421116,0.05028679439944605,0.04996993993074376,0.04983879032468515,0.05067805817076881,0.05046574311889449,0.050056383298635154,0.049904195604854436,0.05008979398826137,0.04976935917622148,0.0
2021-05-05,0.05049465130583716,0.05039045162235057,0.04997483246849283,0.05044062495351354,0.04992699832048455,0.04970398472531347,0.049346849733400276,0.0506291170953481,0.04969971438410717,0.04936934782005689,0.049740027529396276,0.0505549827754922,0.04926897044010334,0.04984965706706873,0.05096229516145807,0.05002731692773215,0.04991446178325135,0.0493610979223733,0.05011278540245784,0.0502318325617622,0.0
2021-05-06,0.05092478397015752,0.05071561897607894,0.04977183515276358,0.05043041832315307,0.04986958490207148,0.04987190949491397,0.04915807332807747,0.050351259589985285,0.0499437049863864,0.04964994307634068,0.04925024434028248,0.050543492824431234,0.0489728626946171,0.0497820798948516,0.050622528751626705,0.049774488224586244,0.050028769152854514,0.049935269810370976,0.05007101269732293,0.05033211980912792,0.0
2021-05-07,0.05093922077661387,0.050872221303195575,0.04929498620938089,0.050431362906053226,0.05007752534449738,0.05032965948376845,0.04931248177936073,0.05036436990179892,0.050648145497158424,0.04956369680177835,0.04933776876963921,0.04999124940753296,0.04858332181315708,0.04992836984389228,0.05044574921676409,0.04980165678526821,0.0497730197858917,0.05058606934960483,0.04961626840738936,0.05010285661725443,0.0
2021-05-10,0.05075767869872316,0.05046500624848598,0.049932286121506506,0.049943270895374994,0.05026777731875691,0.050884274430362614,0.049121493784688934,0.050677302406606776,0.05067278893106195,0.05004705948746709,0.049814374805297705,0.04997328955715986,0.04879653002496694,0.04921807276366094,0.05083589572801141,0.04950854058710049,0.0497726056581962,0.0506354448324077,0.04908315826195156,0.049593149458212346,0.0
2021-05-11,0.051313529186678114,0.050164664321250094,0.05008996602435958,0.05007680848794633,0.050512024605964934,0.05087056530374475,0.049040783144250616,0.05057052326889179,0.05083241324566273,0.05005789552047243,0.04974957059353885,0.0504523572633148,0.04875674141406276,0.04896211743172576,0.05045257784781103,0.0491855961249656,0.05007525486693547,0.05090243643649984,0.0487758793712443,0.04915829554068012,0.0
2021-05-12,0.051254753677047654,0.05003233053316561,0.04992043790181581,0.05009667856414938,0.050472221100019934,0.050536222241643024,0.0489689819722374,0.05102208251320713,0.0517709868508995,0.05034632835802304,0.05004347500378627,0.05063075172331341,0.048412365315349225,0.048580898717168426,0.050832583258842774,0.04883343840870626,0.04997130958894195,0.05111436063214852,0.048365389670482074,0.04879440396905258,0.0
2021-05-13,0.05132653731611316,0.050327353308321755,0.04955346861845218,0.05043112612536605,0.05057940301003013,0.05056598018787363,0.048654124012485436,0.051240650150286005,0.051800239319547164,0.05026846920423433,0.04990102821064902,0.050930497085672884,0.04848900801599064,0.04776499281260765,0.05077213318150001,0.04898667050595488,0.05019226741951149,0.05120818683781877,0.04837590051889013,0.04863196415869474,0.0
2021-05-14,0.05108968205266421,0.05020643359984547,0.05014691633735403,0.050529784659531354,0.05038055215862366,0.05093726904573541,0.0477194026291893,0.05105216434089661,0.051852031879469164,0.050712259676593784,0.04959773975896093,0.051986688270203855,0.04835689825581978,0.04749304625814971,0.05094312933211269,0.04882212016291434,0.050305155982601615,0.05152535646228286,0.04771777561327063,0.04862559352378083,0.0
2021-05-17,0.050865551885784364,0.0507025367030351,0.0502324286903274,0.05055280643618888,0.05083093306602281,0.050889267245464824,0.047464124900870534,0.05164087143490375,0.051497678978766656,0.050975615306670524,0.049834261872764726,0.052204362984269594,0.04758280482242635,0.04708079646332207,0.050968431162000664,0.049245033708002726,0.0503724314383216,0.051163269537024395,0.04764748466137785,0.04824930870245524,0.0
2021-05-18,0.05030773345656724,0.05112838059521659,0.05068300944592894,0.05087792822253037,0.05090687320732731,0.05020842539787499,0.04751465156644178,0.05123733370270455,0.05216087754171676,0.05066084494422566,0.049945026478561964,0.051381285242071896,0.04791382510898307,0.04691856904040608,0.050744462212009185,0.04985230478595316,0.050212166895292516,0.05105909583607987,0.04825125204097314,0.04803595427913487,0.0
2021-05-19,0.05060536716341917,0.05163423713499291,0.05107569239623399,0.05084820271606964,0.05092524248420227,0.05015532976204276,0.047746793736984296,0.05110920383132107,0.0519764016221564,0.050955686200981794,0.049978945737163445,0.05105949598110153,0.048324514262293825,0.04682678677905644,0.05057408126217385,0.050020338025458855,0.049820583864124884,0.050385802327068775,0.04829696217630632,0.04768033253684762,0.0
2021-05-20,0.05030927663040894,0.05205265463746948,0.050870916235638226,0.05091834521803424,0.050840044917890875,0.05003935749187361,0.04789547014689321,0.05129280834172998,0.05205590947948066,0.05094730460162714,0.050198470604128256,0.051150850334360426,0.0482267121517969,0.04695913390296345,0.05117084431865205,0.04982310019342934,0.049419682201812885,0.050010526583697854,0.048296125756608986,0.04752246625150344,0.0
2021-05-21,0.05136630838993692,0.05166181189291106,0.05067454221102568,0.05079332011578176,0.05078667599306208,0.049390407588818,0.04808487264287303,0.05156416930438232,0.052127915376383366,0.050860742103590255,0.04973418794790731,0.051142728660302006,0.04833114631222842,0.04686376701864161,0.05105091030075808,0.04993644934529537,0.04961495126050109,0.049430056877169,0.04828736885129639,0.04829766780713639,0.0
2021-05-24,0.05094933620807649,0.05180928353859965,0.05116076023917203,0.050930895408074536,0.05077102097582964,0.04944482467521943,0.04784913925942695,0.05165365164787086,0.05213186160988445,0.050868392769099435,0.04960252715283699,0.051054551530078304,0.0481959994625748,0.04628490770958225,0.05212429672454608,0.04959757527062809,0.04979405239594631,0.048768896458087144,0.04833378425244442,0.04867424271202224,0.0
2021-05-25,0.05054985758303265,0.051638574284696585,0.05173299817366861,0.05084539124856831,0.05079947736018382,0.049667042259828556,0.04761346509209911,0.051657010055740846,0.05202325492797784,0.05118427286367388,0.04998464857175786,0.05104814302646935,0.047701101709764646,0.046441294335778815,0.052229421947125015,0.0496228402166247,0.04949681456229691,0.048646456611080774,0.0482019412184861,0.048915993951145514,0.0
2021-05-26,0.05065744895417079,0.050969259235226765,0.050980081479974515,0.05135778133407317,0.050528090240311664,0.050241262502251555,0.04766985788468223,0.05149201635582466,0.052036249374252753,0.05035327855537609,0.050248927842535096,0.0506949450482827,0.048353880204475105,0.047159974427246995,0.051843830595983166,0.05040544591208805,0.04956282356627123,0.048700614194964575,0.04807705427894915,0.04866717801305984,0.0
2021-05-27,0.05111174090035812,0.05078053196080511,0.05108899650062659,0.05199316394376369,0.050711846906895924,0.04968910160092112,0.047518521815267716,0.051810895262497374,0.052585662825815,0.05014454323216767,0.050456594929263514,0.050741036655310885,0.04852462576024277,0.04743350160985481,0.05118261928506026,0.05024846741617395,0.04955345433337282,0.04839197501170098,0.04781369945211806,0.04821902059778376,0.0
2021-05-28,0.050914130312446265,0.05102910009179457,0.05082547663748258,0.05208471161164372,0.05078496859216632,0.049727046962869954,0.04761313939054056,0.05167390936715373,0.05319265521239274,0.05016615416113891,0.05059693486984869,0.05101397319674937,0.04863255670178218,0.04745281142893707,0.0514004340307901,0.05013736190880515,0.04966191969043643,0.04799975308258031,0.047111080446748214,0.04798188230369322,0.0
2021-06-01,0.04999999999999999,0.04999999999999999,0.04999999999999999,0.04999999999999999,0.04999999999999999,0.04999999999999999,0.04999999999999999,0.04999999999999999,0.04999999999999999,0.04999999999999999,0.04999999999999999,0.04999999999999999,0.04999999999999999,0.04999999999999999,0.04999999999999999,0.04999999999999999,0.04999999999999999,0.04999999999999999,0.04999999999999999,0.04999999999999999,0.0
2021-06-02,0.04937239103855738,0.05071911271897576,0.05010665222481215,0.04947853294311925,0.049804835940419324,0.05019659098254435,0.05046312015057119,0.04969104214230114,0.04985860441449412,0.04962251648147642,0.04942064300231122,0.0506096599704739,0.050408069117016036,0.049844150153591546,0.050302289944348065,0.04987251367197495,0.050215844856105134,0.050064329359767186,0.049707691776829856,0.050241409110311046,0.0
2021-06-03,0.049240443247719236,0.050889316349854836,0.04973523291674336,0.04908672082782444,0.05014381222846367,0.04994586332820644,0.05040370055514284,0.05032609170942568,0.049679203184312036,0.04889835135156433,0.0494345142542702,0.050375014057266604,0.05002708056220025,0.04975215175900523,0.051232095463843844,0.05014668988582211,0.050076938522564556,0.049956304641616885,0.05037350279971387,0.05027697235443963,0.0
2021-06-04,0.04884475626859003,0.05174429156379846,0.04954855059363647,0.048952636395933155,0.04944537261462498,0.04954756859202191,0.050759836749330954,0.050047635749798834,0.05059735626997813,0.049462295043335554,0.04963334199351893,0.05034449091057324,0.049917269227878994,0.049813527114313076,0.051450019601419913,0.04967394101788446,0.05031628069901156,0.04957849277032872,0.05007843836087109,0.05024389846315167,0.0
2021-06-07,0.048232282066357164,0.05184688567943602,0.049307951859330665,0.049002948196027685,0.0497691285637788,0.04961792128062191,0.0515209953187427,0.050180253135590706,0.0506804159706767,0.04943400447080372,0.04994803260595056,0.05027098183923119,0.05021290606644349,0.04945385790377256,0.05160962954256188,0.049652801919136035,0.04998611970984405,0.04993899803673895,0.04963873876143887,0.04969514707351623,0.0
2021-06-08,0.048187079034681786,0.05176407821491039,0.049049354152266834,0.04884915873593055,0.04917555769545081,0.049562132092146945,0.05144995674402,0.050565646507057235,0.05098616973695924,0.049869988796318425,0.04967684107517703,0.05039062752496697,0.04990502135987244,0.04944321047108879,0.05196109139796358,0.04909499430227057,0.05067389838473857,0.04954716463047769,0.05022276725134616,0.049625261892356,0.0
2021-06-09,0.047541003950546105,0.051421305612398875,0.04914185671812005,0.048400881674036486,0.04895212249586851,0.04948526483224443,0.05175382748293321,0.05087953786683263,0.05135817364110249,0.050268377592083024,0.04945683681902409,0.0504816781732783,0.050344375752483156,0.04933024040680073,0.05237953479177782,0.04974636753684287,0.05035726126681751,0.04922171055986143,0.04981936284002051,0.049660279986927645,0.0
2021-06-10,0.047160710492828266,0.051882560922390845,0.048853864810207426,0.04884889537390139,0.049125458472919215,0.04999165648873271,0.05148122736306581,0.05067290067137288,0.05221215499123097,0.05005160955967434,0.04921773078775008,0.05046399437335205,0.05051264276779039,0.04880065391236318,0.051982258840420716,0.05014979418059891,0.05057290903027813,0.04953597691216615,0.049093343082421956,0.04938965696653477,0.0
2021-06-11,0.047032383664823436,0.051754230693342035,0.04944879750642959,0.049644140445479545,0.04896254697108334,0.04990378135175841,0.051861329651158444,0.050363837501170364,0.052176792683099577,0.04922134155493933,0.04908155686054132,0.051036281758547485,0.05064151567305933,0.04861944226607715,0.05252701835755023,0.0499315565181035,0.05062776234502577,0.0490002037281186,0.04864464122933533,0.04952083924035724,0.0
2021-06-14,0.04682050167686021,0.05158805709271714,0.04968612998083707,0.05015710729152435,0.04876705410675625,0.04930652912219074,0.05234185765547327,0.05109258598377496,0.051840654748266185,0.04912723116691301,0.048492959457920565,0.05113965610994815,0.05045293913799865,0.04911164668345227,0.05258015504303331,0.04934725442197384,0.05054820049415317,0.049488742997657334,0.04866244196914882,0.04944829485940089,0.0
2021-06-15,0.0468860063269985,0.051980329202501833,0.050242799003141686,0.050469662419397814,0.04853391899132699,0.04916097659222695,0.052088095555410927,0.05064899924799061,0.0524450518318041,0.04904656688657013,0.04824674000483152,0.051113578162691506,0.050526344835012754,0.0490914914562779,0.053075885017992576,0.049448809184132206,0.050309461490581936,0.049064342549162636,0.048138737313219854,0.04948220392872753,0.0
2021-06-16,0.0469021549445904,0.052307969471677845,0.05009659913905233,0.05045901880019634,0.04869446380150142,0.049237927043949664,0.05220817249193229,0.050362442889402156,0.052682190716044915,0.049113187859811724,0.048176466167479386,0.05116963934893282,0.051118238575519566,0.04778477342000345,0.05316889406091816,0.04934513191438497,0.050698144505424474,0.04900395027382621,0.04786324163012682,0.04960739294522498,0.0
2021-06-17,0.047190178823704694,0.05271627351435797,0.049899252963292486,0.05015651077476734,0.04837194763318853,0.04935043173657804,0.05230503230754582,0.050488265330111144,0.05284464984026475,0.04872681559581925,0.04813847639348965,0.05140606409230503,0.05117550425307698,0.0475548506159929,0.05360602367619871,0.050113635049807065,0.050893513284459325,0.04865825884844667,0.0471781534059989,0.049226161860594704,0.0
2021-06-18,0.04730056853176779,0.052427222018755694,0.05036829958243595,0.050034521575136215,0.04821129143691263,0.04932104240294461,0.052294647141805616,0.05026221193073028,0.053258594110116415,0.04864437507957228,0.04788531001214726,0.05150090667538979,0.051224670208385746,0.04771644897381456,0.05336385340830061,0.050459247971488756,0.05068940726873949,0.04851956723942358,0.04739946516203434,0.049118349270098366,0.0
2021-06-21,0.04754521383291475,0.05226402180325198,0.05002695091753545,0.05062888330579446,0.04795139170367627,0.04969723080033206,0.05244559308812524,0.0503240565620191,0.05330173537769106,0.04857026080539643,0.047523771530756445,0.05191454003033012,0.05133389160279894,0.047485850000683005,0.05265376859765162,0.05054285326252781,0.051159973519584706,0.04820999312171469,0.047407064765136564,0.04901295537207923,0.0
2021-06-22,0.047590686978414495,0.052292801480441874,0.05001300199053257,0.05055317676339575,0.04827324276086187,0.049357417375152084,0.05268705313697239,0.049855549221111115,0.05393947912318624,0.048952754482356184,0.047379211457073446,0.05149745532377378,0.05097223673481709,0.04770610293831914,0.05291271270387308,0.05040488606196953,0.05116706748429556,0.04792500889284396,0.04703275454896885,0.04948740054164106,0.0
2021-06-23,0.04770445695688977,0.05259507092310063,0.0502799857654586,0.050402732434215475,0.048574618267092966,0.04922144524505836,0.052648054980772976,0.0497934547377548,0.05404671888976471,0.04885839014610305,0.047204631406990584,0.05162821537949046,0.050936820628027436,0.047584271706339915,0.05329132526343801,0.05032384806554581,0.051445580899326125,0.04739285789459459,0.04627359024000787,0.049793930170027825,0.0
2021-06-24,0.047845036406980505,0.05313766292166208,0.04980614877906743,0.050763635535206894,0.04791157655039563,0.049726271003436955,0.05292301324078745,0.049998708070597024,0.05435522249589186,0.04897861322485736,0.04740849117799326,0.051556212088559754,0.050843935791585186,0.04761426137709857,0.053045689238898124,0.05039762003703336,0.05092340274176173,0.04717982825725858,0.045946797588198,0.0496378734727302,0.0
2021-06-25,0.04787235956277841,0.0532522161403207,0.05003310162520732,0.05115918511584744,0.048241800427376795,0.049020892058363026,0.05331249351554306,0.050215965890685915,0.054532583055842146,0.049056884440705724,0.047388268225501844,0.051426019287781594,0.05006665136973815,0.04760601876577851,0.05294794955323358,0.05050164216279933,0.05044345959347504,0.04731682734907334,0.04613651674534864,0.049469165114599256,0.0
2021-06-28,0.047680167871675457,0.05392256728336148,0.05017561682464567,0.05079240962016537,0.04797601475908922,0.048941948019710385,0.05303987700247473,0.04995276610909842,0.05434110024793912,0.04929696325219193,0.048380153186804865,0.05163528864217308,0.050281319561732096,0.047332029804929544,0.05206194667001398,0.05018915032154637,0.05063177328401653,0.047481749692088196,0.04642725369810502,0.049459904148238656,0.0
2021-06-29,0.047595428890652505,0.05429134696192799,0.05064960838377756,0.05072739422030303,0.04808194550473688,0.04939042910255732,0.0530684996071048,0.04962272495372454,0.0542929018897902,0.049040963296273964,0.04829420599264408,0.052132917041715264,0.049980777371115184,0.04754770882038743,0.05203404423152411,0.0497371478674288,0.050769030220138074,0.04726888409439881,0.04637624614475863,0.04909779540504096,0.0
2021-06-30,0.04736959059006006,0.0542554375749636,0.051015331057190194,0.050598896700693785,0.04781291308091662,0.049859183418010704,0.05246299896866831,0.04974585972095716,0.05419685743728741,0.048033937714797234,0.048489902046041894,0.05196803482784801,0.050267978746039554,0.04810476609597039,0.05162930507864918,0.05045810997596345,0.05158268390923252,0.04707815893154584,0.046258919126236316,0.048811134998927794,0.0
2021-07-01,0.049999999999999996,0.049999999999999996,0.049999999999999996,0.049999999999999996,0.049999999999999996,0.049999999999999996,0.049999999999999996,0.049999999999999996,0.049999999999999996,0.049999999999999996,0.049999999999999996,0.049999999999999996,0.049999999999999996,0.049999999999999996,0.049999999999999996,0.049999999999999996,0.049999999999999996,0.049999999999999996,0.049999999999999996,0.049999999999999996,0.0
2021-07-02,0.04983885621462266,0.05046383926000415,0.04983315944816722,0.05025472392146404,0.05075738324045019,0.050109499485985205,0.050296192887153826,0.05031742652403457,0.04971323594669859,0.04979130388503063,0.04975541200487667,0.049374401598729224,0.05058056566991009,0.049907597682201425,0.04998779262277124,0.050018787962438596,0.05010612389283067,0.04987197857185077,0.04997717735903091,0.04904454182174946,0.0
2021-07-06,0.04964476804088201,0.05121399503511255,0.04956901970611446,0.0500091223919327,0.05084247566657043,0.04978090066785336,0.05024421439647414,0.05041250762840588,0.049904760659847086,0.049423906570195124,0.05034215847601354,0.04961834183904567,0.05052071308672865,0.04964992126014725,0.050032144722481645,0.04975551002561549,0.05005842374927059,0.049909737680704475,0.050326696300815175,0.048740682095789835,0.0
2021-07-07,0.04926378402221164,0.051486172292981004,0.05015386036689453,0.05024074315613742,0.05052458186711463,0.050110600503456414,0.050139446356140406,0.0500133914619208,0.04989480865080468,0.048750980937771866,0.05054274808967414,0.04915794221531196,0.051049774625262334,0.04982705898386304,0.050345751288888706,0.050082602310357424,0.050205378856739875,0.049606777734137235,0.050123983690516356,0.048479612589815646,0.0
2021-07-08,0.048925913195147136,0.05158199410330798,0.04969798051544602,0.05036117391613287,0.050526718572538334,0.04977057590762709,0.05014579890140956,0.049725380871061035,0.05005083992866166,0.04863524335212719,0.05000204454076391,0.049017980241830766,0.05107334279923101,0.04973113831839603,0.050515910886813196,0.05053419434621941,0.050562003164074824,0.049562202601558684,0.05007599657786109,0.04950356725979241,0.0
2021-07-09,0.04929909243876672,0.05154416151119231,0.04924104587604383,0.05121983352877816,0.050047140782169215,0.04941255573412206,0.05005038312601508,0.04954411933382856,0.05016786628988482,0.04863420240873444,0.04968358270752447,0.049076906898976924,0.051094183011094724,0.0499650290570698,0.050623756759016265,0.05059508383796937,0.05059180874025766,0.0495013938068051,0.05038857348794271,0.04931928066380787,0.0
2021-07-12,0.04927486385913929,0.05169686861257766,0.049383188663813325,0.051280092827374876,0.05049874975791914,0.04949437761089928,0.050079149786042214,0.04895539764311585,0.049918605805952615,0.048615977348033815,0.04958504237657043,0.048890089871419184,0.051596971686176156,0.050177459271669486,0.05068429585942082,0.050616414162391044,0.05027918445591727,0.04861990490814185,0.05085915023957283,0.0494942152538529,0.0
2021-07-13,0.04906926153647546,0.052403030709326746,0.05004074087895255,0.05134220303542839,0.050705385173135935,0.04941651520150683,0.0498978461875176,0.049218313946410734,0.04991412978183728,0.04792698943942652,0.049498637707374976,0.04799858453714109,0.05136181602162684,0.05062073500677063,0.05057256853550823,0.05081360421432094,0.05025444616699775,0.04857329532121018,0.05085293035492738,0.04951896624410385,0.0
2021-07-14,0.049382019802915324,0.05259753463290565,0.05013966971451562,0.05158417135712928,0.05035957653673635,0.04952022840575854,0.04984591937345047,0.048968668226333695,0.04935329045439256,0.04736024519820549,0.048999524766506666,0.04823732616063266,0.05141242832923901,0.0510144252462551,0.0509605880287412,0.05088108320927686,0.049888908174219856,0.04887377799726077,0.050915671082287894,0.04970494330323691,0.0
2021-07-15,0.04914560590885088,0.0527226721159665,0.05045182371046004,0.05141854754641831,0.04995638452116517,0.04962973506658241,0.049486176720136256,0.04906620370289572,0.049270544984292564,0.04769865187702396,0.04899891032093023,0.04846286141035892,0.05156560424072987,0.051321455063541424,0.050588550345674825,0.05103927527133662,0.04997598842891841,0.0493139966739161,0.050603250449588105,0.04928376164121367,0.0
2021-07-16,0.04880705389404915,0.0529016321997521,0.04989456667310177,0.05092333977571375,0.0501132291008705,0.050402645371362124,0.04984182509074146,0.049400999850031165,0.04907733203645532,0.047779475254005464,0.048498371536536404,0.048554737076592615,0.05186880573724533,0.05102231311892955,0.05089277396075505,0.05132958894158908,0.049137374937903634,0.04987270692415103,0.05078533369587992,0.04889589482433448,0.0
2021-07-19,0.04911202633058751,0.052731543739533135,0.04967406783029379,0.05079082175443877,0.050394997050783714,0.05050987057678504,0.04987985915678526,0.04969054607909735,0.04906679696203054,0.047734936391210236,0.048497112364065266,0.04842868350131385,0.051836994124898075,0.05066815021892875,0.05128127246392361,0.05121928060379037,0.04889210459276486,0.04985858233191599,0.05040878189983801,0.0493235720270159,0.0
2021-07-20,0.049104923337333184,0.052863130856976505,0.049199324980900336,0.05088389381001312,0.05016988567313427,0.05047360378237727,0.049909822310769715,0.04995938136489676,0.04899841674887265,0.04746044874082596,0.04892275266982845,0.04847767023310574,0.05199109756056891,0.050362805024892036,0.051097160143459865,0.050984144275450824,0.04938115320848428,0.04962256624359377,0.05109676411910377,0.04904105491541259,0.0
2021-07-21,0.04896869993782519,0.052917857769364945,0.0494723368270657,0.05032131519130222,0.05056520138617688,0.05071697772036211,0.049927140360160424,0.050357172832928156,0.04829951010259089,0.04746313869000871,0.049225839934375626,0.0479012725024823,0.052303626970411694,0.04985973636745322,0.05062159821242778,0.05097956410558219,0.049689653955487044,0.0494367087964644,0.051418111383099006,0.04955453695443132,0.0
2021-07-22,0.04896727287949431,0.05353831187264693,0.04892008919826632,0.05027956318308609,0.05051665529048328,0.05040518093469235,0.049834030803252764,0.0508304218118796,0.049046713693150085,0.047323076579039204,0.04916040296399054,0.04727588978969056,0.05235181754488634,0.05037695814411313,0.05023503312176793,0.05123145370589909,0.04911238927344193,0.0491570130753576,0.052027801889216366,0.049409924245645456,0.0
2021-07-23,0.04934509465457971,0.05343655978711388,0.04847382086875703,0.049544812640478476,0.05017797166560536,0.050713644859473425,0.05021899306108645,0.05090989134439847,0.04895632479187652,0.047108424058148475,0.049665647290988706,0.04752918247674445,0.05269157804461268,0.05001969551869857,0.050858344560242935,0.05145908154461957,0.04930010530405187,0.04866370823359949,0.05181299236474929,0.049114126930174674,0.0
2021-07-26,0.0493398827416584,0.053443142519014546,0.04863689713643495,0.04941160826822426,0.050000768953045165,0.050724172435586634,0.05005105604424317,0.051011253221693954,0.04944187142073676,0.04661310356055824,0.04976910172583718,0.047872924408485285,0.052823641730987775,0.04961157211310593,0.05062814861209581,0.05192078273790396,0.04889277958186122,0.04832969794135241,0.052553718469834795,0.04892387637733953,0.0
2021-07-27,0.04887034037299694,0.05305985974142894,0.04894660994904017,0.049442211721687813,0.050560402850699404,0.05081151953427981,0.05021970306063084,0.050755758579229156,0.049204826011004975,0.04627778606320523,0.05001049909923365,0.048021379080581,0.05300725711060684,0.049537921483046976,0.05014586946858004,0.05238141501387463,0.04870943670162955,0.048029435255565925,0.05258662467608338,0.049421144226594896,0.0
2021-07-28,0.049063196345691965,0.053333244102659313,0.04889958709550891,0.04948306782165785,0.05007791599202542,0.05018741992258675,0.049979938430516534,0.050413358397487215,0.049795515338214434,0.046921832506085795,0.04976088983223046,0.04815569229383787,0.05343466650251669,0.049287311940295446,0.050281609126350636,0.05264581575049352,0.0489771813719791,0.04756890442062412,0.05254534760752611,0.04918750520171184,0.0
2021-07-29,0.048873201580880925,0.05382361115690455,0.04907433532041371,0.04931725947531161,0.04979673874792631,0.049367707457444225,0.050244629008180657,0.05084678018141116,0.04936840564310274,0.04678500285737858,0.0502728242760427,0.048400010896880015,0.053293697252820155,0.050051847612099847,0.04929250196192454,0.05269176321516207,0.04861811292395409,0.04786061842853941,0.052988207656780154,0.04903274434684248,0.0
2021-07-30,0.04936355503199759,0.05426491768901656,0.04910540571413433,0.049134460113674616,0.04997207596801434,0.04869806045920451,0.05045118056676757,0.05090302973240583,0.04927532013976269,0.04689665314640418,0.05011538465676498,0.04849074448348131,0.05353843883868873,0.04980084867110569,0.04881154242737171,0.05265384948330705,0.048949864318093665,0.04791467553708549,0.05244686537478715,0.04921312764793196,0.0
2021-08-02,0.05,0.05,0.05,0.05,0.05,0.05,0.05,0.05,0.05,0.05,0.05,0.05,0.05,0.05,0.05,0.05,0.05,0.05,0.05,0.05,0.0
2021-08-03,0.04920866163189411,0.0501924870238157,0.049607995904217515,0.04999514069433753,0.0497142667551377,0.04958927838122117,0.05050649095716414,0.04978449115015079,0.05090211189408,0.049882052349913795,0.05046696704345237,0.050069256775128974,0.049500852846264834,0.04971803814690392,0.049656790835229024,0.050271253099162486,0.05015338953830605,0.05012501878982982,0.04993658739582035,0.05071886878796954,0.0
2021-08-04,0.049235552306388236,0.050042350616096,0.04970638914002022,0.049918858125125934,0.0499505294042306,0.04974512021432813,0.05051138725573446,0.05024830046146987,0.05071611888362315,0.04956620894016188,0.05045969645402803,0.04987007802217414,0.04929258162045246,0.04905001422673493,0.04947138392674522,0.0506350849756706,0.05043078336302573,0.050134549240695186,0.04998468963645826,0.051030323186836986,0.0
2021-08-05,0.04982445643602802,0.0501438333308687,0.04983684328146142,0.04952015387775263,0.05022144483679192,0.04943791634490114,0.050865266686429635,0.05008360905247228,0.050925808289669784,0.04995089329009711,0.05051874184367361,0.049687656104211414,0.04896024672734355,0.048717247381545585,0.04949057062254923,0.05092012758355565,0.050661225469922626,0.049792745826936144,0.04974548293678575,0.05069573007700393,0.0
2021-08-06,0.050199567564200846,0.05008495407293633,0.04997768589009146,0.049446206781986864,0.05016850966587148,0.04919098667096713,0.05126514242312107,0.04963940873585233,0.05091398923918747,0.049912601554424674,0.050287350058511704,0.04991243386177504,0.04892347841408242,0.04831334119738653,0.04942587385133187,0.05094545683051285,0.05077267607591511,0.05024419291550029,0.049394311434371695,0.050981832761972885,0.0
2021-08-09,0.05094198245434112,0.05020225540212722,0.050183801774962705,0.04963255794931106,0.05004975556468873,0.04927062315789179,0.05096033358741492,0.0495354038220118,0.05100328080300155,0.0497323456862129,0.050095298300480526,0.05056077979394151,0.04891987269444568,0.04816078465666581,0.04933659866966202,0.050957843971055565,0.05063632861253768,0.0500701391866808,0.049357741740056915,0.05039227217250952,0.0
2021-08-10,0.05067080682584161,0.050345442557968585,0.04986394216539804,0.04966756549595501,0.049981802617344674,0.04993524155297023,0.05083897858178998,0.05017819831756855,0.051285628700716006,0.04968737240852345,0.05040003303677436,0.04981790180132482,0.0490559879605974,0.04770702238308615,0.04961970818829256,0.050925488760841256,0.05033417492023602,0.0495743597873574,0.04934923282519456,0.05076111111221936,0.0
2021-08-11,0.050866968066306535,0.05037863571765585,0.04997978824993185,0.05038287633378988,0.04995641609916359,0.05001436974188107,0.050181463205990595,0.04966393345611324,0.05164417040398715,0.04993651196414553,0.050465664921409414,0.04960493667640891,0.049280841637601054,0.047633313837887215,0.049996749128518585,0.050741655907741275,0.05010944597598249,0.04950649593814685,0.049253211812352975,0.050402550924985995,0.0
2021-08-12,0.05067294187826604,0.05033844344476093,0.05004308441920476,0.05039719133689712,0.049558072202776485,0.0502139731462821,0.05062095086371443,0.04946429651332923,0.05195338904211072,0.04900082789273192,0.04995411562258265,0.04956071550240823,0.04985998517707202,0.047580990043902524,0.04968631128488073,0.05054518382477278,0.050341005477831866,0.04976663208577727,0.0497633511061995,0.05067853913449849,0.0
2021-08-13,0.050724508113912645,0.05022460245997946,0.049845454988734224,0.050270211084364996,0.04999267703932092,0.050643364242314276,0.050056257820589395,0.05044387937877742,0.05198369061634974,0.049080369352297,0.04989719259995386,0.049937439796523014,0.04993468629724965,0.04703904999729991,0.04948949757849316,0.05061451056274968,0.049858276827067276,0.04963332045455557,0.04898170816851175,0.051349302620955925,0.0
2021-08-16,0.05028203103197537,0.05083202383395327,0.049751262830943256,0.05013035646033109,0.050594795721357035,0.05042790185350213,0.04944238165616818,0.0507839412678095,0.0521810076378896,0.049272932384474916,0.05020811839593152,0.049439941699043595,0.050321754725387725,0.047081885106297794,0.04946147961630889,0.04963435694140454,0.05006965199498104,0.0500731888956198,0.04925216601946965,0.050758821927151185,0.0
2021-08-17,0.0500392308123675,0.05177613467638348,0.04949513126067654,0.04977412690338264,0.05049464945159324,0.05078686782264673,0.04904743063114772,0.05050733265837648,0.0528606286347936,0.04899881751073188,0.05070469253496505,0.048392480559456684,0.05024279168693215,0.04731650403461082,0.04968643663667786,0.049431267240530624,0.05018373440570031,0.05011957583696396,0.04907351252976958,0.05106865417229318,0.0
2021-08-18,0.049824345036655567,0.051361644983493465,0.04982692007685648,0.05003680337362531,0.050644110195661,0.05113176200915076,0.04847075918760024,0.05014662594658957,0.05272999413834109,0.04907446828718074,0.050986324956425515,0.048693785351718887,0.049713904271751125,0.047736390429372194,0.04972073516285277,0.04947755753004847,0.05014258628580751,0.04985349493364067,0.04903427757724594,0.05139351026598266,0.0
2021-08-19,0.0502395638086044,0.05101654966815505,0.049436999785349316,0.049900673303277535,0.051167630764432835,0.05155478918712699,0.0486629181461964,0.049665155741401304,0.0521570787594791,0.04934780211803487,0.050552069546506914,0.04912144844986801,0.04940767258857618,0.04702913613496854,0.049779360099731065,0.05044313900869902,0.05026770295413582,0.0497500265473013,0.04876390515675091,0.05173637823140462,0.0
2021-08-20,0.050681287938364836,0.05083944991807847,0.04925285214513303,0.04986294162710344,0.05202975909067156,0.0516643264053046,0.04845074046314211,0.04985803851368321,0.05192531469281998,0.04908216628813302,0.05034226977724217,0.04866756926957185,0.04949862159994381,0.04694011140903765,0.04940088710230719,0.050606424897142385,0.05045170240911887,0.0499611194491307,0.04893595140208763,0.05154846560198354,0.0
2021-08-23,0.050825626919006224,0.05084993724235113,0.04918582897791919,0.049722499093548166,0.05264084296897589,0.051555048747574425,0.04792635451816658,0.050156376339946525,0.05160444359906431,0.04941471934853067,0.05026773788659663,0.04867046738178595,0.049818054639691495,0.04653630634397817,0.04905752901675123,0.05066770840149809,0.0506531692522614,0.05003524348243361,0.04884806807586128,0.05156403776405894,0.0
2021-08-24,0.050338068161548025,0.051159097248209086,0.0497312707303147,0.049372318814985064,0.051994419793983185,0.05123337326170042,0.04790418737463087,0.050679351211665495,0.051278335023032924,0.0495088197469932,0.05074979021954362,0.04918181449951004,0.04974252568796306,0.04631657054947011,0.049115123753847585,0.05036440030586893,0.050908344251671574,0.05045034768827083,0.048763078091573785,0.051208763585217525,0.0
2021-08-25,0.05018859191035972,0.051327778866559565,0.05005506613680582,0.04873244867296065,0.05183861254024228,0.05090502733176301,0.04787124345766507,0.049972277099823346,0.050935562787191836,0.049416327036638105,0.050495027977465655,0.04877415729128914,0.05011182836018136,0.04672559039191611,0.04890035101521621,0.05092486522413998,0.05188186954443766,0.05070196960900845,0.04892110877165205,0.05132029597468417,0.0
2021-08-26,0.05004914575080846,0.05151936663030859,0.049598393115946396,0.048694910733417585,0.05215292646184093,0.050701897787365335,0.04735677288005104,0.04962815191968736,0.051055022518758104,0.04957726472368459,0.05100097639261827,0.04893166266187362,0.05088865522591664,0.04660202788359357,0.04890458991849823,0.05075907853739739,0.052074439496569244,0.050265706999106215,0.049264455012290986,0.05097455535026741,0.0
2021-08-27,0.050279374717137386,0.05163345270710989,0.049993810698029405,0.048920157785576665,0.051894822841290086,0.05075663578279269,0.04704963338560799,0.04951272577865517,0.05106745132732387,0.04974892411604652,0.050702541506423636,0.04903283330885872,0.0504964108429982,0.04637765235402328,0.048810595023812804,0.051405923706697325,0.051762075040424356,0.050131492319794295,0.049680881298417516,0.050742605458980135,0.0
2021-08-30,0.050558392757425505,0.05124262268564927,0.05033129155597194,0.0488549409337947,0.05240287742469155,0.050537548315251285,0.046897270356600705,0.05034646024818618,0.05101358963183517,0.050422085050155184,0.05075431603708911,0.048408710755748985,0.051111943785113,0.04598204243345354,0.04947981241433875,0.05099956008190322,0.05092946196898961,0.04955834661517854,0.0493396105872755,0.050829116361348514,0.0
2021-08-31,0.05088810967144328,0.05111107315264037,0.04987500003767272,0.04934569238740951,0.0529544641494975,0.050646393632670025,0.04673993914519134,0.0506148105904569,0.05070930784982914,0.050593597512421956,0.05037718217790927,0.04817627296268667,0.05048400042095697,0.04646493789533475,0.049265178785289125,0.05129125383327475,0.05038447739713149,0.05002084333943529,0.04953240752960039,0.050525057529148515,0.0
2021-09-01,0.05,0.05,0.05,0.05,0.05,0.05,0.05,0.05,0.05,0.05,0.05,0.05,0.05,0.05,0.05,0.05,0.05,0.05,0.05,0.05,0.0
2021-09-02,0.049134579318875556,0.04954005169373957,0.05007070449588923,0.0502799433229939,0.050039055298418636,0.04972411736314228,0.050509936550618736,0.049666149822005345,0.05028362527015377,0.050163972124218685,0.04969889881937601,0.05003830714301556,0.05008428582580264,0.04990078797392029,0.05055715725896769,0.049898678384984234,0.0503380190535472,0.05016697707587618,0.05012685483223709,0.0497778983722176,0.0
2021-09-03,0.04846492724114742,0.049072396789795185,0.05038893170385372,0.05086387770996257,0.0497091969807573,0.04927932934393121,0.05118873475610177,0.04886798352002757,0.05076279996229603,0.050753152690030515,0.05012499293348014,0.04969411201565079,0.04993312240199925,0.049531787120183475,0.0507670458186,0.05017687021139187,0.05012967676919639,0.04985422035336639,0.05064063736155522,0.04979620431667305,0.0
2021-09-07,0.049009905980366905,0.048748750715198914,0.05101550640468004,0.05089393139101003,0.04970440159521636,0.049262983890057406,0.051141364069192355,0.04894347720600858,0.05112891223824427,0.05029579676159096,0.04994444520110806,0.04982973752159116,0.04999384463384721,0.04899677390416066,0.05052984456341845,0.050708320307535824,0.05033648457227757,0.04922571110658587,0.05047832969408104,0.04981147824382834,0.0
2021-09-08,0.04901371878695665,0.04915039792024361,0.050851709055374915,0.05106338888305152,0.049769470944419386,0.049137832288135334,0.050815614902346,0.049050760154632375,0.051151410345398975,0.049829073086900176,0.04954752819978141,0.05019517519825697,0.04985813625998301,0.04951648255839015,0.05072431360626414,0.05078887437610647,0.050223788872274126,0.04893511014720112,0.05067746242704663,0.04969975198723691,0.0
2021-09-09,0.048733368635105065,0.049212222062411055,0.05145236864980813,0.05103575328572384,0.05007922756699191,0.0488121314645439,0.05070868962257049,0.0489361322749477,0.051595621951480555,0.04985952489968711,0.048960217271933296,0.050660316874067385,0.05035959590913884,0.048868217495473064,0.05056218166330879,0.050756861451087244,0.05036087688380527,0.04882706060456883,0.050762362384625996,0.0494572690487214,0.0
2021-09-10,0.0491877518917626,0.04931664851351781,0.05054176975055392,0.05147637542310694,0.04966123247077842,0.04928531911858276,0.0506687504018733,0.04870124079376834,0.051583545849398976,0.049982409219639874,0.04882604321770715,0.051376568115395045,0.05000833150679758,0.04860669561366269,0.05116484249254532,0.05050182957830186,0.05055962868616229,0.048916185377258725,0.050229015486497754,0.049405816492688485,0.0
2021-09-13,0.04975343302797785,0.048809316869383376,0.05054377034065097,0.05161227233329608,0.04887954483956622,0.04888424491179844,0.050782677014657475,0.048573197839578426,0.05200766868891424,0.04921044445920966,0.048797133092112435,0.0515861765228974,0.049941367432395946,0.04870730386871332,0.051446456170873935,0.05071366559355093,0.050549511199384285,0.049226729593478034,0.050806595428476105,0.04916849077308494,0.0
2021-09-14,0.049863643048432334,0.048402492849367026,0.05049955821642512,0.05148369200289293,0.04843076616924499,0.049676045454334836,0.05110344485080083,0.04834026442043775,0.05237610213581443,0.04930985175946668,0.04911834304054941,0.05157737347484837,0.04956155464854856,0.04855098397504405,0.05147488862901234,0.05042894956257728,0.05080666713994742,0.04886906074379188,0.050872557931108314,0.049253759947355556,0.0
2021-09-15,0.04974224372941512,0.048606507720500285,0.05088410832438852,0.05167366052157537,0.048065452386392746,0.04975616704927028,0.051868982540286254,0.04878806582229349,0.0523101446981605,0.04922850286941781,0.04901865898394577,0.051422667653830106,0.04929025047399572,0.047946511856373636,0.05209320995675506,0.04946488728515448,0.05063105621875267,0.04895617759333431,0.051007084003238216,0.049245660312919846,0.0
2021-09-16,0.04978775738235783,0.047757188075282106,0.05143637582620608,0.051475308827294494,0.047934574144246477,0.050188310064526565,0.05134666510728501,0.04857697103237272,0.052443553994764185,0.0495732619945765,0.049505608634616914,0.05117218456010925,0.04914077904956022,0.047978336757603934,0.052061101414315074,0.0489127839664239,0.050290500594191184,0.049368974526386104,0.05166042490747362,0.04938933914040796,0.0
2021-09-17,0.0498113131683248,0.048112254253921696,0.051721722088789196,0.05160970925361343,0.04794387488285096,0.050436646487340815,0.05110782954789735,0.04842931290501997,0.05233713318930067,0.04966645857352229,0.04931737359976093,0.051275322625954564,0.048822934056796725,0.047669862721552915,0.05220362157491438,0.048782910468258354,0.05042890613982585,0.04949071894327439,0.05168048570407952,0.049151609815001086,0.0
2021-09-20,0.05038852354738192,0.04752026604078563,0.05125597886597502,0.05178049605202175,0.04760274770238981,0.050675050236583016,0.05167905335244753,0.04843649008152823,0.05204760797833635,0.04906057943620312,0.04969144224008047,0.05111981068364196,0.04878361475134999,0.04795896276897855,0.052481511437846524,0.04843918801664837,0.050595400787524,0.049386613536517084,0.05171679618172948,0.04937986630203129,0.0
2021-09-21,0.05053481206240517,0.047799111869026974,0.0515637046345228,0.051707646403333446,0.047193179048770954,0.051264577384510984,0.05148525276967653,0.04867394666318596,0.05125751154171099,0.04868375504351194,0.04935440172942966,0.05130264195298278,0.048396995790643264,0.048129833494348025,0.05260611715569737,0.048395542786398474,0.050803231323918466,0.04939974928878972,0.05173722893578912,0.049710760121347286,0.0
2021-09-22,0.05081691318052893,0.047525224690416944,0.05177315959150506,0.051938252164116704,0.04690925280684441,0.05090121475834828,0.05179555213380005,0.04840758060375129,0.051033756807564966,0.048432698104974053,0.048859031392864745,0.050992705672426586,0.04896164914408847,0.048809310150543614,0.05259297188593901,0.048245762989272224,0.05116851955926659,0.04947699096510653,0.051398604050658735,0.049960849347982894,0.0
2021-09-23,0.051229792829323245,0.04787153134635227,0.05116989108674646,0.05139939711549925,0.04654411480509609,0.050844970329071267,0.05202223295460612,0.04873644252439475,0.051103698616246696,0.048681095471754504,0.04857815659367175,0.050826405961868486,0.0489087675150191,0.048845893710259956,0.0528988026053172,0.04800770493987863,0.051079050474456544,0.04995744458265017,0.051261578443959586,0.05003302809382812,0.0
2021-09-24,0.050818222237314255,0.04894689143563274,0.05043893294975208,0.051463632325578636,0.04636965457562545,0.05054871240749267,0.052476436290854786,0.04854521843626951,0.05149602080408617,0.04881372123967896,0.04820174094438324,0.05098530883044199,0.049041805014734305,0.04905199302599789,0.05267271775418691,0.04779620456959474,0.05102257498606179,0.0505552583671969,0.051213369080812296,0.0495415847243047,0.0
2021-09-27,0.051045389081446055,0.04813036971780608,0.050764159869372716,0.05125595643559063,0.04613896196783412,0.04990924360600018,0.05313567573188551,0.04845134578662898,0.051741012078885165,0.04856287752226806,0.04774531527065296,0.05089989244868308,0.049297662283249166,0.04888962618194603,0.05304020327572289,0.04808075781002935,0.05088007851635795,0.050742413360019875,0.051207384177704506,0.05008167487791672,0.0
2021-09-28,0.05078490857779605,0.04821559286302468,0.0505454621871668,0.052117888720285145,0.04621863419136085,0.04952749414194638,0.05309609218340942,0.04885596703937941,0.05148235481721435,0.048463131289348725,0.04773646058083194,0.050065583468163664,0.0498400521591305,0.049321204963316774,0.052774387942504414,0.048012292371962875,0.05084649079268607,0.05060608408602252,0.05154099243528423,0.04994892518916509,0.0
2021-09-29,0.04996905988981812,0.04767963679279028,0.0501684026064504,0.05225411833466452,0.045969377842040145,0.05025133901941212,0.05252902208723388,0.04859942140196463,0.05131604705200125,0.04817857085025601,0.047721031173716615,0.05013659325362916,0.05023305522205466,0.04939993801589043,0.053348399264000444,0.04861075006188085,0.05087469019090258,0.05067224371403124,0.05195434416434832,0.050133959062914527,0.0
2021-09-30,0.04926769457064357,0.04785800719872167,0.050134446754718925,0.052077602103728325,0.04589047049623856,0.05022946150467557,0.0523135605494687,0.048880694754349495,0.051291418195488464,0.04890282903373741,0.04780492769805165,0.049895583624494616,0.05018519411238642,0.049402805229251924,0.05377793664176852,0.048683183854224,0.0509585163351339,0.050736946786783435,0.05178200806079292,0.04992671249534186,0.0
2021-10-01,0.05,0.05,0.05,0.05,0.05,0.05,0.05,0.05,0.05,0.05,0.05,0.05,0.05,0.05,0.05,0.05,0.05,0.05,0.05,0.05,0.0
2021-10-04,0.050164717693562226,0.05002400823623891,0.049949477871298886,0.05043607734740162,0.050262041193000775,0.05070962348837497,0.04948282620134337,0.05008714069490994,0.04923709281059025,0.05025408178913564,0.049387662845514727,0.05031890324878761,0.05009702399580247,0.0497524529167616,0.049946901914109734,0.04961265416911628,0.049618334695614885,0.04979756824783126,0.050469505424668056,0.05039190521593652,0.0
2021-10-05,0.050194558375202064,0.0496954561496197,0.04939802514525294,0.05030267949882522,0.05019782618628327,0.05176033563571073,0.04964463774482504,0.05003600541090777,0.04869585782022254,0.05072730681097472,0.04957438798340043,0.049506471425201766,0.050458716996918576,0.04956888149302074,0.050321597274443214,0.0496426265339299,0.04929347273282256,0.05047216939533131,0.049851680711001795,0.050657306676105456,0.0
2021-10-06,0.050131687372156834,0.049843498275722174,0.049932619497872685,0.04989130348894991,0.0504436198780106,0.052327819570862806,0.048631457308919504,0.0506627914233266,0.049046297967970706,0.05096328801331681,0.049023345723671605,0.04966131487411463,0.050380317196247366,0.04963186705897349,0.05039669596750385,0.04960074649690806,0.04931297997869948,0.05005919654720969,0.04964351013289688,0.05041564322666604,0.0
2021-10-07,0.05077983879043086,0.049305367504237155,0.05024825939689335,0.049974102359096405,0.05000321852492888,0.053153078653389425,0.04813938057725509,0.05062305937618589,0.049648355387202144,0.05093945891431711,0.04879227319825775,0.049762102548723534,0.05036860697896931,0.049851389131286304,0.04923064959337241,0.04936377792712477,0.04926431963779003,0.05047742502792883,0.04915681003468069,0.050918526437929955,0.0
2021-10-08,0.05037821730579726,0.04980096728782359,0.05018647018229662,0.0502648165653367,0.0500440374468641,0.05333888002449185,0.04850111244642395,0.05075616569383765,0.049974190582525994,0.050931630064788194,0.04818890706047201,0.049292011867401134,0.05050443378078505,0.0501226125097444,0.049000244950366534,0.049140509561731896,0.04914800200350553,0.04974281129014118,0.05007353103296632,0.05061044834269972,0.0
2021-10-11,0.05038507608393456,0.04967331623032764,0.05009833437769727,0.0505066916498489,0.049856805625181924,0.05344258837914224,0.048529453133676397,0.05065216207223599,0.049970141001563384,0.051412323275058396,0.048427820223331745,0.049614365200625926,0.04985348607641247,0.05011074437669403,0.04907487461018431,0.04894551204014347,0.04939471318500489,0.04966239496346459,0.05036345983087571,0.050025737664595914,0.0
2021-10-12,0.05061360606107474,0.049305163610416244,0.05034486541446077,0.050635146785080486,0.049548927489794316,0.053681397133730685,0.04851832139549326,0.05082754206181625,0.04960318427042523,0.051545522947490284,0.04797184211721829,0.049289290340468514,0.050024491141458294,0.05032610358678833,0.04928897578009117,0.04901374850575257,0.05001746031158176,0.04966407497164478,0.0503096797683443,0.049470656306869525,0.0
2021-10-13,0.0503209597399876,0.04982191955140961,0.049915624918701995,0.05065868530518716,0.049493600008955765,0.053646760503070934,0.048211361356643764,0.05113657943735677,0.04951539993578429,0.051242905502915735,0.04753924498143187,0.049651300658239375,0.05024773836103844,0.05063079477674992,0.04950030406807468,0.0489653435142132,0.04981252704985773,0.04971124983065531,0.05026463947917061,0.04971306102055504,0.0
2021-10-14,0.05037643473109595,0.0498432339786001,0.05007425798820271,0.050787301760386816,0.05014307404563629,0.053751802167069054,0.04757613311387945,0.051083467317344054,0.04977372426702964,0.051999781077229974,0.04720416749449769,0.04946987941821876,0.05027690940075549,0.050285924666227666,0.05008561246889601,0.048630470702989544,0.0494767366329504,0.049628412545431246,0.05001874616485427,0.049513930058704775,0.0
2021-10-15,0.049773152776411644,0.050474003637547636,0.04956925827794735,0.05086966339822973,0.04980562621056433,0.053995909675692004,0.04777255822744415,0.05028928401474314,0.05002692267682259,0.05161952401704588,0.047126532318886104,0.04890590515197853,0.05063633263774139,0.050249179521003315,0.050254853213321876,0.048678552118856945,0.04976846328060593,0.050074675144297094,0.05068114379540563,0.04942845990545472,0.0
2021-10-18,0.05028942622845597,0.05093140490281154,0.049573399703511024,0.05104906473780384,0.04979008446701388,0.05385208339064017,0.04770595842935267,0.0504976346316184,0.05029511481605025,0.051026810651152416,0.0471014065590819,0.049654793434201566,0.051072516672589136,0.049261264584443354,0.049555691496721004,0.04878667141612327,0.04980235501738662,0.05001907765482891,0.04990247676331056,0.04983276444290342,0.0
2021-10-19,0.05014858011067325,0.0507470235890595,0.0492647991590012,0.05154368303350287,0.0494298342556704,0.05343767872607829,0.04729045953886261,0.050215324968497,0.05082314304132082,0.05148472834109804,0.04746418513773274,0.04921377875769963,0.05099330505887397,0.049615853237448646,0.049723312981695855,0.048846161825652434,0.04983736781203857,0.049756693566496736,0.050116822785323735,0.050047264073273576,0.0
2021-10-20,0.050853479613521664,0.050717923827757624,0.0488847339594073,0.05156450867430765,0.04893193175109668,0.05357274784553842,0.04730099358718075,0.05047354849704415,0.051506451058930945,0.05122520885757785,0.047430543781219574,0.04894026763428016,0.05114975039566453,0.0493481368620593,0.0501419022144666,0.04861353465083648,0.0501886880750505,0.04942515349386337,0.05009287024109965,0.04963762497909683,0.0
2021-10-21,0.05083919903354986,0.050758174023967324,0.04944518885728646,0.05126696550213133,0.04865969975761981,0.053310110197587156,0.04749088831754542,0.05047037859553015,0.05135768657342757,0.05137845907259816,0.047748606480397825,0.04872873098928195,0.05116231885503678,0.04908436313805914,0.05017837886635597,0.04883943111216908,0.05009377714033453,0.04925890422860272,0.049729507171563984,0.050199232086954634,0.0
2021-10-22,0.05108399075881072,0.051178770642789806,0.04934952609978742,0.051095087175932224,0.0483929307501625,0.052966112578089065,0.04731301488692148,0.050683526019167265,0.0522408863926609,0.05190832578989668,0.04776271030392367,0.04845965341509286,0.05031916561786283,0.04892745973464375,0.050131716197912284,0.049175163823934144,0.05011476389067333,0.04939185618174667,0.04952571340236947,0.04997962633762281,0.0
2021-10-25,0.05115243701953819,0.051421883088071656,0.04950504477357815,0.0514500835545904,0.04833931712078772,0.05300416059622061,0.04743206380237256,0.050436232922323715,0.05159702024306852,0.05150122737161667,0.0475306189695265,0.04877782037367465,0.050339776767636825,0.049221610791019,0.05004529073269306,0.04910610882639892,0.050256278858031835,0.04978709065799491,0.04905268872210004,0.050043244808755785,0.0
2021-10-26,0.05117149522006614,0.05151554641661956,0.04883730101474872,0.05083706457146135,0.04829126547876676,0.05289727136008965,0.04747259688238888,0.050276961385977426,0.05134630597667755,0.05151674951489855,0.04733662462660328,0.04882625730110012,0.050006186809474766,0.05007444280726029,0.05040714926931966,0.048918983467034244,0.051426925292515496,0.049397446652106394,0.049620411126421786,0.049823014826469315,0.0
2021-10-27,0.051029736861025986,0.051512317497560474,0.04869754364809621,0.05026743237787919,0.047795230579324506,0.05338233795463032,0.04730000828844338,0.05022414365203372,0.051487804727069326,0.052124727227007436,0.04790433675974207,0.049237603630563245,0.050120726627420994,0.049593725624218474,0.05034952616441978,0.04914547964291013,0.05144747521709414,0.049185369506816956,0.049696166490655974,0.04949830752308732,0.0
2021-10-28,0.05102964046640445,0.05145105553008557,0.04881402560454379,0.05054844500391666,0.04754594600833915,0.05327545078908579,0.04727844936559093,0.04966122765702216,0.05164259989749898,0.052329898678264125,0.04827577394618576,0.04932461073807456,0.05031831308629427,0.04925747410041167,0.05051634205040622,0.048701848147042204,0.051741759555691394,0.04877753069670204,0.04997286528517925,0.04953674339326102,0.0
2021-10-29,0.05109993755753602,0.05187699470398156,0.048838978800573724,0.05104311771157554,0.047672557265494395,0.053662778943786786,0.047481553044528946,0.050005248141690925,0.05153326036322465,0.05221976824147398,0.04851316851006945,0.04870563961594653,0.050199112806909425,0.04929455766947925,0.050624993151643705,0.048225740481773825,0.05160722969529042,0.04863883773665788,0.04976116315012194,0.04899536240824089,0.0
2021-11-01,0.05000000000000001,0.05000000000000001,0.05000000000000001,0.05000000000000001,0.05000000000000001,0.05000000000000001,0.05000000000000001,0.05000000000000001,0.05000000000000001,0.05000000000000001,0.05000000000000001,0.05000000000000001,0.05000000000000001,0.05000000000000001,0.05000000000000001,0.05000000000000001,0.05000000000000001,0.05000000000000001,0.05000000000000001,0.05000000000000001,0.0
2021-11-02,0.04982525966046738,0.049730898487758496,0.0499413729514292,0.04990408376585408,0.04974482848113569,0.049838023508711346,0.05014536549993169,0.05025253107182487,0.05063887535651795,0.04983565063069183,0.0500315517044883,0.049950694878824003,0.04995075071692227,0.05016116809462563,0.05003818198004338,0.04997714761253512,0.04980046432762647,0.0499288893379276,0.0498811222570924,0.05042313967559235,0.0
2021-11-03,0.04955383894884136,0.04947590902258525,0.05001173877289313,0.04970599931055498,0.04978917437825549,0.04983535084502426,0.04984931904394882,0.05034374041184903,0.05038669035779905,0.04991647377480264,0.050090997464140974,0.049673495721777386,0.05074952022848005,0.05004367284428143,0.050050762515414286,0.049610048434349185,0.050020561306349964,0.05006358514512937,0.05019875865081747,0.050630362822705756,0.0
2021-11-04,0.050255985650636666,0.049195695177980656,0.05036723487032992,0.04952568725863962,0.04942811005938151,0.049297515967135115,0.049979296323154114,0.05018279683961374,0.049938253982206915,0.05039813460976329,0.05001740873908478,0.05029933026888707,0.049891175080132896,0.050260801329548806,0.05040429169282905,0.049513557325315136,0.04989652670800683,0.050232631994302085,0.05030564821182823,0.05060991791122353,0.0
2021-11-05,0.05018778623436912,0.048677460215760054,0.05009971064149184,0.04959536728716425,0.049510093594312965,0.04937809454513038,0.05010551124745113,0.050267292541810435,0.05049227098356396,0.05070704569447224,0.050575110229205966,0.050476609639750175,0.04993599676979618,0.050136797068693804,0.05060603966245367,0.048781724478794274,0.05003580316652149,0.04998987116769695,0.05025711620539167,0.050184298626169466,0.0
2021-11-08,0.05074079249048024,0.04843031163905384,0.04932133592362964,0.04915490798259168,0.04899115303082871,0.049681193500653774,0.04986539913859925,0.05038853430083259,0.05080219616037257,0.051186305796835294,0.05041964634277739,0.050819202925142866,0.049754792759708746,0.05033757712977065,0.05098428346071563,0.04900167350275241,0.04977978613567003,0.049550087627487624,0.05061864287413746,0.05017217727795967,0.0
2021-11-09,0.050619797922254295,0.048888825228005056,0.0489272758108684,0.0487241945831944,0.0492459043530719,0.049975126020205644,0.04965275290531147,0.05019617878146786,0.05113967813032844,0.050812165247829166,0.05045318991076894,0.05111479202295802,0.049555926289887274,0.04994935843692382,0.05065999708117845,0.04944572457071593,0.04945176437958089,0.04929612626062143,0.052049449309021695,0.04984177275580674,0.0
2021-11-10,0.050759902589655174,0.04886476613890628,0.04859834347224756,0.04866794657196111,0.04941890901123121,0.049549941097334405,0.04993624250751666,0.05034876062249989,0.05125852914318543,0.051297283120545004,0.049898224639869135,0.051013293390386,0.04956687615583822,0.050674124490945854,0.05041528300802709,0.049178072757392756,0.04884767527765322,0.049626446572544274,0.051687104369151124,0.05039227506310954,0.0
2021-11-11,0.05033851524028847,0.049150215109722,0.048893194387777915,0.04866350426091339,0.04948376210389865,0.04907023526894507,0.050462406924637465,0.05065228917284831,0.05081345475012256,0.05140540270310643,0.0494458952174296,0.05128599675027786,0.0494935968414339,0.05011961311015592,0.050483924161988415,0.049375976924339524,0.04901754642787479,0.049881163833865004,0.05169122671787047,0.050272080092504355,0.0
2021-11-12,0.05035106240653909,0.048457206560545946,0.04812163162481584,0.04844230670751717,0.05004545038716275,0.049051363450132404,0.04998864440086392,0.05048689993224178,0.0510169326530005,0.051309768040355704,0.05024823486311385,0.051575186013993156,0.04987257417658444,0.05003982688667107,0.050923130278736184,0.04947163503074608,0.048959860896905495,0.05007896587166806,0.051395037350973526,0.05016428246743304,0.0
2021-11-15,0.0503347166427746,0.04856331252072706,0.047883185325330826,0.048623730537401634,0.049839326397062345,0.049440178505647844,0.05047461097869331,0.05051864273947839,0.050382189064276585,0.05129722517575452,0.050375378242980384,0.0512802399184259,0.049697850337201664,0.04945005149979178,0.051021451585126214,0.04941928987039513,0.04962693546803102,0.050322559269173665,0.0514520990243689,0.04999702689735832,0.0
2021-11-16,0.05095637480941897,0.048572035228198925,0.04842113304676728,0.04854569171685205,0.04968980493093508,0.04958071946560808,0.05094968872729622,0.04966034779578918,0.05053289369298495,0.05143206552993287,0.050366410216889104,0.050910754983891464,0.049014274607102816,0.04979015946235704,0.05082097190500591,0.04939906595221306,0.049528357799689,0.05043920320841973,0.051600079592569875,0.04978996732807828,0.0
2021-11-17,0.05092233312728082,0.04830042394919887,0.04831599039282627,0.0482944882672531,0.05005680047783338,0.049201690883201414,0.05090749716271576,0.04887924688112765,0.05065173855635016,0.05199033379808652,0.050282114736894624,0.05080627140385045,0.04934441604795455,0.04986759807086529,0.050985729966195534,0.04918435786030087,0.0498504282761515,0.05020996769162822,0.05218710298233556,0.04976146946794944,0.0
2021-11-18,0.0513522602781527,0.048298884670565874,0.04855798334036835,0.04832755564197739,0.0506406205250014,0.04863368923988178,0.05075462147864376,0.04900979106305192,0.05096935077401257,0.0520620648751888,0.04973523300547267,0.05094998194305257,0.04967255640714024,0.049374393135214405,0.05069354663842268,0.04883135196297157,0.05018723263652201,0.049589335989037746,0.05202453611520583,0.05033501028011578,0.0
2021-11-19,0.051622136546469244,0.04816914855941913,0.04803873224506262,0.04832164359326097,0.05043467033417533,0.048439111793179085,0.050932592003064554,0.048904855001363344,0.05097612186606959,0.05181855178227623,0.04962516746212522,0.050995423686564505,0.049500628091895496,0.04975682628147193,0.05097169325527123,0.04849647215364875,0.05014002781427925,0.050068442135416384,0.052411043376349685,0.05037671201863744,0.0
2021-11-22,0.052365389212780826,0.047597432809997564,0.04764411239057876,0.04875010208991899,0.05054594191440358,0.04832965142101784,0.05085707848457232,0.048759452233464756,0.05139621118744569,0.05160716128447533,0.049267501751576015,0.05108344841902007,0.04966651477725574,0.04966285668268436,0.05122701939137333,0.04901542012871853,0.05003192557760942,0.050185102491571716,0.05180520387212551,0.05020247387940983,0.0
2021-11-23,0.05232710187903327,0.04789226806927445,0.04811240419457305,0.048413621838608346,0.05090284589038142,0.04863358258662191,0.05077730631204274,0.04872587190369647,0.05105219562006408,0.051573669595914064,0.04914932882032315,0.051077247755694215,0.050077690864036004,0.04978299408610084,0.05112952061429743,0.04841917144882665,0.04996863246526688,0.05000944170998255,0.05184440584301402,0.05013069850224859,0.0
2021-11-24,0.05319364198745237,0.04796662946983282,0.04813942353418358,0.047933720066464035,0.050867620660543705,0.04897066707492832,0.05024642018352118,0.04858392157613253,0.051389661294472755,0.051080834817995274,0.04937586330047357,0.05096734961163609,0.05043200160533768,0.04999220147545499,0.05093052850654152,0.048405787102314586,0.050357701553396396,0.04996626292670797,0.05152166637400518,0.0496780968786054,0.0
2021-11-26,0.05289746006840415,0.04775675212145656,0.048068483895575935,0.04772537192110942,0.050966486791190466,0.04850572549593723,0.04952766009333253,0.04814336403030307,0.051518132622913555,0.05071471661456726,0.04942330872537007,0.05140485395910152,0.050797580481007985,0.04979747815677046,0.05086606966161577,0.04827809754275466,0.05104781668363593,0.050377598434153056,0.051620974210208954,0.05056206849059167,0.0
2021-11-29,0.05253431344771686,0.04736237788671337,0.0476205913396584,0.04767288800608049,0.05116641539355147,0.0486867872611126,0.050257981604006144,0.04751988172060513,0.051152312822842945,0.05055127390129566,0.0498959308176189,0.051423609909035446,0.05085304202588524,0.050037777374631914,0.05081822396909094,0.04818892533776789,0.05053062403629697,0.05064978573209939,0.051957003049679935,0.051120254364310294,0.0
2021-11-30,0.05218326060820963,0.04695991162834643,0.047738517787497686,0.04734409410184106,0.051056071332790415,0.048994440095919245,0.05036919858869198,0.046950632119058595,0.05143251665543004,0.05049185235796479,0.050087107304839715,0.05133996072718241,0.05121658569655449,0.050076073335074654,0.05053668759822244,0.04849818288815418,0.050625216157035316,0.050612147100596534,0.05183129023431761,0.051656253682273,0.0
2021-12-01,0.04999999999999999,0.04999999999999999,0.04999999999999999,0.04999999999999999,0.04999999999999999,0.04999999999999999,0.04999999999999999,0.04999999999999999,0.04999999999999999,0.04999999999999999,0.04999999999999999,0.04999999999999999,0.04999999999999999,0.04999999999999999,0.04999999999999999,0.04999999999999999,0.04999999999999999,0.04999999999999999,0.04999999999999999,0.04999999999999999,0.0
2021-12-02,0.050183025152679576,0.05045981023412661,0.05031110829836579,0.04996091554906187,0.049895208009426595,0.04986814768340513,0.04988665336237791,0.0497500839701236,0.049924782643612366,0.04964016100918222,0.050577366807483565,0.04982862011869548,0.04977769780985044,0.04980180716843024,0.05030058536259806,0.05012500218210591,0.049771271759057836,0.05032512817238963,0.049772946523350556,0.04983967818367659,0.0
2021-12-03,0.05006879743549323,0.05053504717603015,0.05127672901012209,0.04969878259272822,0.04947280977657714,0.04999063382851445,0.04960042732342083,0.05009159868978704,0.04964017960341375,0.04878376663251756,0.050282596209138386,0.04963040372665647,0.04993479476714122,0.04915275276462896,0.05060744581068943,0.05082628629215808,0.05037023752452382,0.05045106840015473,0.04979276699085331,0.049792875445451044,0.0
2021-12-06,0.050634339018385786,0.05017010780424494,0.05157989249901224,0.04931549262297017,0.049252375725156325,0.05017339307070433,0.04961763538888828,0.05006471537883655,0.04982672902248092,0.04832747020692409,0.0504660222960853,0.04954045577657538,0.04930583197042951,0.049233274949663286,0.05084651068125219,0.05089929498470622,0.050223800799082535,0.05062042133550737,0.0500617198732427,0.04984051659585194,0.0
2021-12-07,0.050991149061658275,0.05036163623225703,0.05146711396437639,0.04975859508492684,0.04913867939283687,0.049686953886590564,0.04976066491105707,0.05030122511259809,0.0501308058582858,0.0484300048060049,0.050615245722239605,0.049977718609470416,0.04887279117792234,0.0490435804008039,0.05080100630085381,0.05029160299639432,0.04977303518714546,0.04999544982591266,0.04982328936928629,0.0507794520993792,0.0
2021-12-08,0.05167890474746436,0.05033500887898188,0.05055389369416021,0.049532513775795366,0.049447568014393095,0.049724318788324694,0.04968486509483,0.0502494713088701,0.049834062825258915,0.04822508328211704,0.05069185241241929,0.04999745637410624,0.049034644707903356,0.049509729185676796,0.05083841907124356,0.05023387555991259,0.04983493769336113,0.05041980685343204,0.0494699053954952,0.05070368233625417,0.0
2021-12-09,0.0512258206859792,0.05073664369044424,0.05006271345749887,0.05002602720502202,0.049875532947160454,0.050042439278022974,0.04952373975438174,0.0503644661055846,0.04958406694148517,0.04790647034397704,0.050809130937973866,0.04951238332286792,0.04935393582152589,0.04913879748724315,0.05089266786230754,0.05024935935346495,0.050064947268106556,0.0501596349338641,0.04986574299371988,0.05060547960936979,0.0
2021-12-10,0.051021963405949784,0.050841509003502004,0.05049527850296136,0.049928857697849306,0.05002812991878593,0.05048341018990392,0.04958240751262593,0.05028918497618928,0.049657290772398784,0.048454455603099654,0.05072354681751722,0.049618871515567736,0.04911580735395545,0.04945100481711702,0.05082762889270362,0.050281896175545224,0.04981165903172654,0.04940172801403189,0.04952485468405235,0.05046051511451708,0.0
2021-12-13,0.051009187919034436,0.04992760765752368,0.05028163258031154,0.05018195585352778,0.050332811729571506,0.050397621279479665,0.04979669288699116,0.0502825329040939,0.05009338486420529,0.04888183526201222,0.0504047335763379,0.049216238949051104,0.049053864063718707,0.0495371893716624,0.05131439147590627,0.04972835007089885,0.04972261420951852,0.04892372660869051,0.050118552851458026,0.05079507588600647,0.0
2021-12-14,0.05036529881965391,0.05017692805309048,0.05021057743113282,0.050166961542025636,0.050537543411676225,0.05026485512053172,0.049992306968634936,0.04990947415367752,0.05090565701510851,0.04891955967303881,0.051376183374312136,0.04951297597911625,0.04898978160673231,0.04973638987186234,0.051336195524762346,0.04989990348160657,0.049837062555521484,0.04868889227949118,0.04955551914705074,0.04961793399097419,0.0
2021-12-15,0.050779004364106387,0.049866782379742604,0.05048117216396575,0.04927892602302387,0.050676737295747495,0.05023275679157335,0.050279062282921914,0.050217019968361504,0.05118369061854864,0.049039193881638125,0.051651665921234005,0.0493894213210708,0.049095431418330185,0.04929837608358506,0.0507203055213462,0.04979405633314189,0.04940859513613788,0.048893770549746404,0.04991937290985184,0.049794659035926135,0.0
2021-12-16,0.0507269266659905,0.04941371397609502,0.0510487953838226,0.04892949839577336,0.050865294138969924,0.050378735240748755,0.05026265077513805,0.050820785229033515,0.05079485214504447,0.048990704735125984,0.051715226106144645,0.049462308268406176,0.04834279456997208,0.049234566551575466,0.051048194921689743,0.050117069427695365,0.04959733475737222,0.049333446759565906,0.04996555151190884,0.04895155043992724,0.0
2021-12-17,0.05088113988212463,0.04924385649641908,0.05086935780656721,0.04878273888280673,0.050926111516964793,0.0503059416421947,0.050096745660458145,0.05130145442420938,0.051410192264968534,0.048458038663671196,0.05227028056786718,0.049348749030133233,0.04839730834947472,0.04890171011853345,0.051081385546309706,0.0498293724688901,0.049371724267862606,0.049346395970671246,0.049826892178926295,0.049350604260947,0.0
2021-12-20,0.05156862822167584,0.04924253847411271,0.05057975631897076,0.04876576197490181,0.05028248720320962,0.05037216216827077,0.05046830676891293,0.0509564317854066,0.051638826093527344,0.048665374328003094,0.05173040606234847,0.049155753614580834,0.04826873311083523,0.049475304214415886,0.05098737837107396,0.049986242041990245,0.04970517091371798,0.049799143927420804,0.049734312997667667,0.04861728140895758,0.0
2021-12-21,0.05167399093513231,0.048897242828066005,0.050834240874283926,0.04837272575722303,0.05023067528978482,0.05020159484860699,0.05036172214503509,0.05092438111203297,0.05114433102236787,0.04917710395926203,0.05228057219722623,0.04945075022815664,0.048571274867074674,0.04945943528831641,0.05079708804597926,0.04968143750444166,0.050041531692767115,0.04988341382121019,0.04945372456431355,0.048562763018719146,0.0
2021-12-22,0.051665663538594225,0.049277303558781876,0.050752072709714734,0.04849023450222068,0.05000742411564443,0.05048291988606733,0.049838072273573994,0.05086839443915605,0.05091652585359372,0.04862982990407613,0.05222276899049602,0.04961809644742338,0.048665260135397355,0.05000030621094395,0.05064170420487684,0.04982712006202425,0.05012787311630532,0.049941848938462347,0.049983622600724836,0.048042958511922494,0.0
2021-12-23,0.05172199777768786,0.04955395974191521,0.05056078612045051,0.04812085179828272,0.05040882778866882,0.05023299229780072,0.05004520252599639,0.050818733629294205,0.050754011154260766,0.04871963022745242,0.05238366551140985,0.05028189757651015,0.04820547275455458,0.05042278206740498,0.05040052444784137,0.04950015312783082,0.05005998900682403,0.0493004925898042,0.04984557505790958,0.04866245479810065,0.0
2021-12-27,0.05207685399548644,0.049568978008128206,0.050704784861282735,0.04819841112633608,0.05098911877034582,0.05018154276639762,0.04982431006165809,0.05079889199429236,0.05104943100831824,0.048832884988016155,0.052537449119085894,0.050359197592957844,0.047835074283832046,0.05082218684030756,0.05019410928355957,0.049330425966132956,0.04938363179284021,0.04910129805480959,0.049554328421494036,0.04865709106471853,0.0
2021-12-28,0.05193547490313473,0.04932987803741412,0.05083434516946738,0.04825242790068569,0.050278132177978996,0.05084526088253412,0.049510748835506976,0.0505074714676077,0.05026232998802034,0.048784149879455875,0.051743227072565325,0.05050971846867857,0.04840589875193295,0.0506745397418037,0.05008478541983412,0.05033276544167361,0.04940273878781167,0.048460342715423994,0.05036829305123607,0.04947747130723421,0.0
2021-12-29,0.051711848500933404,0.04899738863237657,0.05159662145024516,0.04850802458239533,0.05083296742144778,0.05035376041210779,0.04982203974563784,0.049990479073801594,0.050225652161380155,0.049503978469051906,0.05123096402797849,0.050264507927343424,0.048193525726192205,0.05131874948554486,0.049676403990026735,0.05000399884656433,0.04933764843078609,0.048011032459452964,0.050250681628204195,0.05016972702852921,0.0
2021-12-30,0.05184521533416047,0.049113126148342914,0.051508277803613195,0.04863637172646488,0.05062170884198082,0.05001652820843084,0.04953494233433324,0.049769962053786754,0.050258933907951844,0.04995169061740111,0.051551259665663256,0.05015822899006013,0.04823441304894337,0.05179122130532137,0.05018183818536769,0.04963679146095809,0.04912051619990436,0.04799255930501506,0.04971041812347949,0.0503659967388209,0.0
2021-12-31,0.05219689027240344,0.04879257154694171,0.05213790589382505,0.048993803747722484,0.05119114790963789,0.049773413663930025,0.04929803467829383,0.0487373493961152,0.04946264198296281,0.050024506766500686,0.05167191550015315,0.05000311260769004,0.048065280298436035,0.05213832684487703,0.05091928508738931,0.049441284859435476,0.049256885882647844,0.04761987961408382,0.05019965337059797,0.05007611007635613,0.0
2022-01-03,0.049999999999999996,0.049999999999999996,0.049999999999999996,0.049999999999999996,0.049999999999999996,0.049999999999999996,0.049999999999999996,0.049999999999999996,0.049999999999999996,0.049999999999999996,0.049999999999999996,0.049999999999999996,0.049999999999999996,0.049999999999999996,0.049999999999999996,0.049999999999999996,0.049999999999999996,0.049999999999999996,0.049999999999999996,0.049999999999999996,0.0
2022-01-04,0.04960785191004977,0.04997836226077412,0.05021962427332841,0.049913659382609006,0.05053947658306341,0.05040242589449936,0.04947320129854663,0.049705929913708105,0.05033906983999792,0.04991717930587922,0.05049395066881136,0.049517353146721975,0.049882087655829584,0.04973532106144039,0.0500243327628614,0.04998368766153417,0.04994211145360945,0.04942178656712221,0.05038903732120427,0.0505135510384092,0.0
2022-01-05,0.05006719564150628,0.04987930845251028,0.04989840529977558,0.05084025319840023,0.05054801551086248,0.05039671982227499,0.04937833712708871,0.04991389763877447,0.04997326697203931,0.04963712340976087,0.050349646937571615,0.04915856499180824,0.04971592984098697,0.049835449904244704,0.05060207267560269,0.04965989981149303,0.049580158487024274,0.04962724836366886,0.05035274533042435,0.05058576058418197,0.0
2022-01-06,0.050293203551296614,0.04937246825496529,0.05012140412141652,0.05049665403826664,0.050155542286497636,0.05044242245289958,0.04881436125583245,0.050363375343288344,0.049658304174197525,0.04940455495963503,0.05032814134420088,0.04868604349434263,0.049683806768165355,0.04994359452532092,0.051260512809599146,0.050289708992799394,0.049091315302673626,0.050278229001411746,0.05077378040828022,0.05054257691491013,0.0
2022-01-07,0.049893126198954384,0.049192446463024744,0.050231715822258445,0.0501778340144063,0.049987075705848615,0.050779401231036504,0.04877900309468773,0.05060915986165151,0.04922847984054678,0.04945046095942726,0.050777105722636745,0.04870155695996695,0.050055896960640105,0.04987667058696956,0.050860735312674155,0.05056467972899667,0.0488094921026308,0.05012024081402151,0.05137033483681118,0.050534583782809867,0.0
2022-01-10,0.04980189326454545,0.0493747875744833,0.050217985957151254,0.050465777459283385,0.050137800529528466,0.050866134084504126,0.048527700848366204,0.05045371654695558,0.048268953487080136,0.0501043435499182,0.05149928677214422,0.048525349716625574,0.05070578513200489,0.04937083144588928,0.05091786485083353,0.050195042291538886,0.04841814571291087,0.05042254844333745,0.05106333874572405,0.050662713587174994,0.0
2022-01-11,0.04980200562276713,0.04890577556233502,0.05106447134995827,0.050728608128146516,0.05005701571358903,0.05115498619202797,0.04880317426418885,0.050045942507957714,0.04815372357844023,0.0506465414181585,0.051390697849331916,0.04875525696040345,0.050785998981588365,0.04937779447956376,0.05084785159516045,0.05047907350376768,0.04797133960172166,0.0500047599822553,0.0508937397679486,0.0501312429406896,0.0
2022-01-12,0.049988593686316043,0.04900749593499788,0.05150427579660799,0.05083010927942554,0.05021711239163538,0.051339280314483475,0.04872765418451723,0.04968804474569195,0.0481594260633151,0.050855320555547805,0.05187311637640372,0.04835141133951281,0.05056628456856526,0.04970445007181866,0.05067910632339619,0.0502367739020437,0.04779784224969043,0.05036580841106731,0.05024785747179344,0.04986003633317001,0.0
2022-01-13,0.04957186322296319,0.04909582379105321,0.0519897508072595,0.051130499209022934,0.05025319439083786,0.050365340700576355,0.04924613600786764,0.04984672891881766,0.04780481544324642,0.050057696207288255,0.05230856650142892,0.04858842976983658,0.050155023882096715,0.05004688946185756,0.050680097483176416,0.04986335689350433,0.04823533542745958,0.0501726589152739,0.05044084648026065,0.05014694648617218,0.0
2022-01-14,0.04936098288497989,0.04895494717376035,0.05235457667676626,0.050466870726987696,0.0501260208385502,0.05042136847868037,0.04917884070033932,0.04935295643005988,0.048210013540431806,0.049484969541104366,0.05283659811439095,0.048866459405217715,0.04974546278690182,0.049983979074206944,0.05073327309282717,0.04969433441339637,0.04863164239907352,0.05049066456790503,0.050568429682021014,0.05053760947239921,0.0
2022-01-18,0.049382890104985575,0.049176082440290626,0.052924190883283824,0.05095443689820917,0.049671291980964226,0.04996675087236495,0.04855413095925601,0.04976211407704656,0.04817389081778945,0.049781088112061285,0.05279648296731261,0.048867220558411306,0.050177313564113535,0.04987246450936485,0.050733686266079624,0.04918437132274033,0.04812372108591268,0.05040694632684102,0.050941351628296265,0.05054957462467615,0.0
2022-01-19,0.04949106403754014,0.048560576180668856,0.05254509351002356,0.05102896377438462,0.04967864565766758,0.04982122925683674,0.04877506942370593,0.049790779608262406,0.04840068182435641,0.050488812846909176,0.05270066645880996,0.04901894571028933,0.049806791302039174,0.04950428426384346,0.05095704882748744,0.049650279538439486,0.04827509505890866,0.04987627589486822,0.051078319400396685,0.05055137742456201,0.0
2022-01-20,0.049628533869728465,0.04861916389924104,0.05298377529027908,0.05141069863353499,0.04968932264695774,0.05027342898563483,0.048629978357355066,0.04990417731895968,0.048206236483046117,0.05062266907337747,0.05224905463545818,0.049006437532971944,0.049593372715939624,0.04921447259760821,0.05140661365660775,0.04928646642470146,0.0483590925459807,0.04950775624000645,0.050986375081365706,0.0504223740112453,0.0
2022-01-21,0.049375965528366296,0.04934292821093546,0.052802646209089574,0.05085923575271304,0.049182152895128735,0.05031885759384988,0.04818140230633434,0.049457086009241445,0.0486276321034663,0.0506929843917898,0.05195576218140446,0.048866583876886735,0.04982252171849615,0.04927094489334197,0.05129732526694432,0.04990567448344456,0.04872813110611819,0.049741990231174864,0.05123641275015339,0.05033376249112036,0.0
2022-01-24,0.049451681690119466,0.04979134542617003,0.05254416649240054,0.05090154549334705,0.04886737207912523,0.05093503876458813,0.047780485975021436,0.049090202291327115,0.04901887041357336,0.051122674906766925,0.05259862885364056,0.048453185516167535,0.04887051307309683,0.04944146856466631,0.05159421870180295,0.049906909150310645,0.04922661842485563,0.0490524552531198,0.05110362162711478,0.050248997302785696,0.0
2022-01-25,0.04994369727255632,0.050042445193783716,0.05287218182074388,0.05081898862504351,0.04829846548616839,0.0505518081819868,0.04764498981190053,0.04854993786542125,0.04899282402965119,0.05151051244806066,0.05272456455732653,0.04874972732686345,0.048556490344354275,0.04931190324545025,0.051326029774955054,0.049881766783276785,0.04893815607947163,0.04926784873018049,0.05135356123193509,0.05066410119087001,0.0
2022-01-26,0.05009720810576875,0.04991688500923637,0.05331410698132968,0.05100588217532401,0.048069427675211295,0.05014508158727064,0.04815190181156642,0.04888285176034468,0.04923853130885753,0.051906126604758206,0.052277545997265105,0.04860428148008635,0.04807823496363505,0.04893180160769633,0.05139294916339882,0.04968582781606228,0.04861296482360657,0.048755431964484404,0.05141673765778364,0.051516221506313645,0.0
2022-01-27,0.05008510619268827,0.04963386222383621,0.05281845035658096,0.05105714516689159,0.04841414289347509,0.05035189244916879,0.04833197254017526,0.04876854923082056,0.04944494103487439,0.051167948322794275,0.052581069405140936,0.04869954487789787,0.04779556609911906,0.04913200732566541,0.05170606907632244,0.050235417269852735,0.04832820726418494,0.04888078546744636,0.05154832805478199,0.051018994748282656,0.0
2022-01-28,0.05004312614949394,0.04951945647331009,0.052618264732081824,0.05118144094004734,0.047999616996652256,0.05022211708740834,0.048205224250615,0.048958191471514846,0.04958346550196154,0.05128428208221693,0.052394327150075526,0.049226928037845584,0.04787556642444868,0.04897710017297721,0.05190630067927468,0.050231104322244084,0.048445965361845075,0.04840184062207092,0.05145691968023424,0.05146876186368155,0.0
2022-01-31,0.04973942565354196,0.049696571377806274,0.052642175377116185,0.05079059026114202,0.04822480931471393,0.050318653980380997,0.04835303995052676,0.04896875254572583,0.05015393120175067,0.05190930483818949,0.05214375996866631,0.04905826014651757,0.04820890721714194,0.048678466451437544,0.05177957859568754,0.05004241545171391,0.04751237887860059,0.0485408834142321,0.05164322157698079,0.0515948737981274,0.0
2022-02-01,0.05,0.05,0.05,0.05,0.05,0.05,0.05,0.05,0.05,0.05,0.05,0.05,0.05,0.05,0.05,0.05,0.05,0.05,0.05,0.05,0.0
2022-02-02,0.05040615987655682,0.05023151401950382,0.050265105166029896,0.049905509207467225,0.05047355628342443,0.04991857971122431,0.049771733601775225,0.04985082400570091,0.04982157979063109,0.050297863360478645,0.049505462419065706,0.04985539933152818,0.049807632852441386,0.05012767512695167,0.050542662950915036,0.05017175199076139,0.049348407582723214,0.04990971695637584,0.04985468058556074,0.04993418518088454,0.0
2022-02-03,0.05030724232483643,0.050918647781741946,0.051407491432077165,0.05002050403851992,0.05046303387453111,0.04975640918993744,0.04985381832027617,0.049723734706935196,0.04949615392222396,0.050253443963777636,0.049530051444284344,0.0498122703244168,0.049709698711463066,0.04999851335153921,0.05027755778444192,0.04977046963416828,0.049291563001983695,0.049825257124914174,0.04976978016923521,0.0498143588986964,0.0
2022-02-04,0.04990358785350003,0.05080428344814414,0.051464663255008924,0.050275097977208236,0.05067379518418325,0.04972846900566513,0.04982091194402171,0.049601696379977946,0.049656794088957484,0.05019947683456128,0.04923594297990239,0.04993539112721345,0.04934007163155218,0.049785238562885165,0.0503851322981319,0.04968200026233309,0.04991422309478028,0.05025140833325197,0.04961839054386541,0.049723425194855966,0.0
2022-02-07,0.0497849026844596,0.0503792590175402,0.0512544107378676,0.05038257673529795,0.05024085835916134,0.05000640004100324,0.04968593205986395,0.049796664198428986,0.049615373531106066,0.05074842675648493,0.04902949976286235,0.04997938574579497,0.04953823313666485,0.049971796395101215,0.050781244579913856,0.04910428258094576,0.05028415767445219,0.05002915834849575,0.04924421083911442,0.05014322681544074,0.0
2022-02-08,0.04992058741731935,0.04997231756118956,0.05085768060283039,0.04999975629783234,0.04975473515260746,0.05063676162899486,0.0497382918358581,0.05001287504571229,0.04943966629669175,0.05057791542956386,0.048592642874091645,0.0507715405939965,0.04975906117277039,0.05022601725256971,0.05071063133439252,0.04915769632461545,0.049919637607208925,0.049908460891577654,0.049142080741143755,0.05090164393903369,0.0
2022-02-09,0.04967873777978337,0.05013277359570091,0.050628482545435616,0.0499260099554086,0.04965386022040597,0.05045209293572865,0.04974524434648178,0.05088629466913106,0.049905429958899857,0.05019325588958092,0.04850463621176967,0.050808062122975596,0.04869962168724063,0.05018758628121782,0.051214021982107914,0.04915633705311461,0.049662015891375415,0.05002120009820666,0.04929438655261526,0.051249950222819675,0.0
2022-02-10,0.04969186375572843,0.04995536133048215,0.05013827052055259,0.05067972944016407,0.04963694421795095,0.05015601131951189,0.04958669348121784,0.051324494569640694,0.05037972108159654,0.04986907300942732,0.048057443489908626,0.05092625215402021,0.048764859052364044,0.050073147938329066,0.051794988562506306,0.04915648417504671,0.04919864933288737,0.05001243293803085,0.04943153106112498,0.05116604856950909,0.0
2022-02-11,0.04979108071912021,0.050177995126570556,0.05021911257453485,0.051176491265904664,0.049933210602593904,0.049891807630387315,0.049802230296456446,0.05060604434873374,0.0501821794305578,0.049795571702868954,0.048176285590648925,0.05082984957834773,0.04872814831102436,0.04978009356939588,0.05210400097422126,0.04873459467871909,0.04956073751971853,0.04984617398423975,0.04946692001822374,0.051197472077732224,0.0
2022-02-14,0.05019524184039808,0.05008316123541507,0.05047238911768897,0.05020111977708832,0.049826500874747354,0.05050062006107744,0.050006699452102295,0.050649420751770376,0.049793019240730436,0.049324404367872964,0.04825014576334484,0.0512863670194922,0.04890766444134368,0.049681435878276045,0.05260286740895821,0.04857224086012551,0.04888550311708602,0.04951304946019429,0.04920654695447125,0.05204160237781684,0.0
2022-02-15,0.05061003907716662,0.05029045400838543,0.050227034071455075,0.05014095147187194,0.0498118594654108,0.05066035334946657,0.05010257289625733,0.050423384360252746,0.05035688555922037,0.04949439398199235,0.04806612280332514,0.051129064109105275,0.04922881951559485,0.04954061543711855,0.051884062518093174,0.048576213609328615,0.048656002376748095,0.04976723779930351,0.04946091436427594,0.05157301922562755,0.0
2022-02-16,0.05092287875687343,0.05019690063540597,0.05088364908734691,0.05042862368831836,0.049829358856018434,0.049951671232919714,0.05066281732827805,0.05083494253214736,0.050483912126538154,0.04940027039607171,0.047738844366911545,0.05086084319566721,0.048578832622209175,0.04917134903849545,0.0513672510591335,0.04896266060585474,0.04838301397071912,0.049300196088229664,0.05006169631768352,0.05198028809517791,0.0
2022-02-17,0.05063055393206544,0.049980061943431894,0.0506627890485255,0.05040618392498145,0.0498250600340324,0.04930999793431099,0.05100058959559033,0.050764554613400605,0.05067586054627122,0.04973873463504496,0.04825992689998823,0.051227817638311954,0.04819005372381355,0.048839277216344866,0.05137980451878724,0.049035492656102735,0.048023840978676555,0.05013258260148581,0.05031291485288913,0.05160390270594521,0.0
2022-02-18,0.05039025242941608,0.04991796490925998,0.05069930095051785,0.05032279014333021,0.04987728012793078,0.04910122490409918,0.05169886610960935,0.051007739599225166,0.05079167776736646,0.049081137273388295,0.04858242974857697,0.05128693196449029,0.048241311393495634,0.048884587552756896,0.05122399214261386,0.048920856662774695,0.04865376390297256,0.04979258151618091,0.05039009616543769,0.051135214736556994,0.0
2022-02-22,0.05049584583660186,0.049631306646400676,0.05105891687915042,0.05036098607955119,0.049710218164285544,0.049309117650085846,0.05159176141654816,0.05030834310599049,0.050640863028595946,0.04950419300930541,0.0484785795207281,0.05150949932841339,0.04758513656332985,0.049351029496792924,0.05158257287600039,0.04938107128879213,0.04824882544863911,0.04953860084561197,0.05021806741034445,0.051495065404832244,0.0
2022-02-23,0.050458755190948126,0.05044422531147479,0.05150234105319195,0.050678327391026574,0.049928476623713254,0.04941732805611924,0.051140994058281895,0.04989659254100064,0.05061712084020065,0.050088535337846546,0.04813429074656618,0.051989282274598966,0.047630108375444936,0.0487535578689528,0.05067797181611105,0.049545730066714984,0.04796196793344345,0.049777655880031885,0.05033514582921723,0.05102159280511483,0.0
2022-02-24,0.049995020827154325,0.0503496409020462,0.051902582279002095,0.05020896606296914,0.04993701780819996,0.049536712097917074,0.051029341124544284,0.05056976351662491,0.050797308719360744,0.05018273331202743,0.04743857553047635,0.05197771123849865,0.04785595830315422,0.04856114818851188,0.05083762843593995,0.04954853036327654,0.0484417624059333,0.04990991225217362,0.050099948501659906,0.05081973813052938,0.0
2022-02-25,0.04978828684271263,0.05052568451173653,0.05200528275806032,0.05057648104893482,0.04973111310899538,0.04942453760495672,0.05089580557849631,0.050535435537608635,0.05058516274496481,0.05014153706248968,0.04776870222650265,0.05186957514124785,0.04793994020927434,0.04860401986254483,0.05072240177366727,0.04977510497556921,0.04835788377889466,0.049516884867448645,0.0499781765182598,0.051257983847634726,0.0
2022-02-28,0.049509623581154696,0.050220825941152306,0.05226987472810253,0.050441671166592296,0.04984997597140804,0.04979595666446641,0.05130038217611259,0.050067127651483946,0.05062358427797026,0.050331423044145965,0.047964314219212545,0.05155714299545503,0.04785748558436977,0.048858589996001844,0.050414605366442725,0.049628377189879426,0.048188504829485584,0.049991318493063285,0.05031587142346865,0.050813344700032,0.0
2022-03-01,0.049999999999999996,0.049999999999999996,0.049999999999999996,0.049999999999999996,0.049999999999999996,0.049999999999999996,0.049999999999999996,0.049999999999999996,0.049999999999999996,0.049999999999999996,0.049999999999999996,0.049999999999999996,0.049999999999999996,0.049999999999999996,0.049999999999999996,0.049999999999999996,0.049999999999999996,0.049999999999999996,0.049999999999999996,0.049999999999999996,0.0
2022-03-02,0.04995707502972045,0.049985933759810426,0.05039180105256917,0.05046447487522376,0.05030699398741887,0.05009566846077474,0.05004054496566726,0.04969731521098585,0.04969596649415117,0.0502525772033762,0.050025955362261856,0.0499479367603163,0.04991758590932592,0.04997749330649589,0.049959795983262084,0.050013871660456025,0.050067567146392836,0.04998099210745504,0.04994751026573467,0.04927294045860147,0.0
2022-03-03,0.05024748645247214,0.050249613619629326,0.05058866307392513,0.04980047762737729,0.04982121566897353,0.05037533171854232,0.0500619145682485,0.04948018636240449,0.05013809545814245,0.050341404980025664,0.05018698992103423,0.04981052286893344,0.049629222668314175,0.05054445204432437,0.04927751171692082,0.05028151170885729,0.049797978316894566,0.04999566040269543,0.04985843856586172,0.04951332225642321,0.0
2022-03-04,0.05025640003584332,0.05000384613999363,0.05106546138870336,0.049544819530732996,0.049795124305696485,0.04972887156928869,0.050035858113244645,0.04891358513536258,0.05028633406923984,0.050866923920274365,0.050488408141597545,0.04985010011563372,0.04964832791862959,0.05064462355568199,0.0493756562687964,0.05088984583534711,0.04947944066933985,0.050360506421707134,0.049795651255193196,0.04897021560969368,0.0
2022-03-07,0.05118497553001882,0.049755299617415566,0.050525799927899684,0.04940242789005738,0.049533328015456124,0.049755706235566084,0.0500325116016797,0.048698530375567234,0.050460124135266196,0.05119634493523711,0.05052106442259203,0.050005644558248484,0.04916458250990309,0.050991460402184795,0.049564146223502165,0.05051258468320592,0.04904922497252084,0.05098626400917396,0.049700869828839415,0.04895911012566546,0.0
2022-03-08,0.05119132622256383,0.049756242667693074,0.050151590733659684,0.050089786112274055,0.049513877436287525,0.049750407975275905,0.05010446562318663,0.04850488029310724,0.050601960472941084,0.05085541990095821,0.05034070852606862,0.05030647235843983,0.049614741893185856,0.05055743748811541,0.04945100405418826,0.051036548652687114,0.049010667213001076,0.05100055455433996,0.049181247779885306,0.04898066004214125,0.0
2022-03-09,0.05107188846454172,0.0499111574892657,0.05041993606128803,0.04983636590204258,0.04918732237228039,0.04994067954715265,0.05046107969948024,0.04886403780096979,0.049958994898865336,0.05128321188067686,0.04998481253985959,0.050265577039337206,0.04934570521446913,0.05069892600172883,0.05023720894612927,0.050890403621057165,0.04879246710556123,0.05053516025776298,0.049446059712797454,0.04886900544473406,0.0
2022-03-10,0.05106540992574214,0.05048165662096995,0.049469272420763,0.04907117693258375,0.04962269298694808,0.04932879054764366,0.05099974889723054,0.04901633309218218,0.04977743495198429,0.05123046447875768,0.0501272414315291,0.05074566563428684,0.04953208724192171,0.05101301985176147,0.05030381033476777,0.050889807248677095,0.04862342351464631,0.05007874555035951,0.04985050139436037,0.048772716942884646,0.0
2022-03-11,0.051158688393429165,0.050607954194727814,0.049640518832151946,0.048875226542133214,0.04989483171956584,0.0492418804221082,0.05101370984682532,0.04923587003375245,0.04925192998688209,0.05124465780941038,0.050324153889932846,0.05066036346627039,0.049561999435430444,0.050771230269923015,0.050660516461239556,0.0514927038918089,0.04884833677612273,0.049589129668790324,0.04964257703370007,0.04828372132579544,0.0
2022-03-14,0.05132906661106891,0.05085039648364916,0.05002271924835117,0.04904493931509265,0.050311514879176795,0.04939388985320498,0.05073713648392572,0.049241055043714343,0.0493089559795182,0.05129760810745942,0.05019541174229581,0.05080622668374388,0.049176181586073474,0.04986031048242934,0.050789477876596156,0.05135983076465909,0.04868947844696432,0.049380412269796,0.04942994802654696,0.04877544011573358,0.0
2022-03-15,0.05189499042878134,0.050930671997638954,0.04965064508850405,0.049144485099493894,0.05050733954263355,0.049388640928069605,0.05110509518527797,0.04935428276166669,0.04925181411436184,0.05146769249101408,0.04992253004019661,0.05056713811195703,0.0494500450132972,0.04974114521413724,0.0510645149800195,0.05108574600237993,0.04848538249466423,0.049224172996073116,0.04957282630601185,0.04819084120382113,0.0
2022-03-16,0.05154523268444099,0.05047789107517617,0.04946006344654869,0.04988550379157865,0.05036980269563086,0.04975696664896676,0.05067768731738491,0.04901192212755072,0.04925949022341807,0.052053933498863406,0.04980518365875476,0.051264793870050306,0.04978265617760222,0.04962504577123664,0.050903949102755454,0.05081375209593601,0.04901218592927971,0.049256820241544465,0.0493008675001536,0.04773625214312754,0.0
2022-03-17,0.05181735782615006,0.050102578344624074,0.049054082043582456,0.05033954407424729,0.050184262537648704,0.049985789747109176,0.051274597034025114,0.04872637197256243,0.049629368129020114,0.05202562969221892,0.05004456123206747,0.05110277247933727,0.04920156959835115,0.05005502605630942,0.050489922802243986,0.05079089145976446,0.049108371015158477,0.04960883535892563,0.04878869029062083,0.04766977830603284,0.0
2022-03-18,0.05193393500299648,0.04976159159736215,0.04891362909625537,0.0504457987500229,0.05083687011707095,0.05000411852810114,0.0517984590535305,0.048904263305318434,0.04914774240151917,0.05269836698132867,0.04960207075153949,0.05105008802943523,0.04921522161619921,0.049905824037315076,0.05080102881435326,0.05094219625862997,0.048961492805546576,0.0489270795759869,0.048675514411219645,0.04747470886626919,0.0
2022-03-21,0.05143919023962572,0.04937021033297306,0.048814431185551684,0.05020360951985241,0.05084950535244793,0.050308605548080185,0.05240716736955719,0.048877648350932994,0.04894327739341799,0.05283226392199927,0.04929018910450383,0.05116210506324543,0.049354905698610264,0.04973090380346743,0.05097767358087334,0.050769995496097765,0.04865639593951145,0.048991747559865205,0.0492023793665307,0.04781779517285612,0.0
2022-03-22,0.051706827541634214,0.04963565926426315,0.04857061692745431,0.0507653749053253,0.05035588454511988,0.05022726755425482,0.0526484753153301,0.048862926429374676,0.04907556664850944,0.053341209063630435,0.0489046709096072,0.05105590885672706,0.04862760765792854,0.04931204629853,0.051251680409575,0.05127624007703048,0.04860119422288001,0.04914013775493701,0.049011668966557835,0.04762903665133065,0.0
2022-03-23,0.05228600146598008,0.04985335380558474,0.048435635709337115,0.05075493002605151,0.050828595330967855,0.05039738651902624,0.0519975440782671,0.0489225121392507,0.0492818703686734,0.053541085589368806,0.048969627402678385,0.05128853092487005,0.048023658694702584,0.04921199379615973,0.05115247067865691,0.05113029028145331,0.048982974472754084,0.04829431184154792,0.04890599865120965,0.04774122822345987,0.0
2022-03-24,0.05194517469180609,0.04985624325473213,0.04831924771510622,0.050495005085154226,0.050854480926636504,0.050653415001132386,0.051592173383113615,0.049328588856257474,0.04880206419554188,0.053329194348649564,0.049053532019018284,0.051705473701588775,0.04771854441180695,0.05010887029263371,0.05129934304343569,0.0512836352153911,0.04875552821703087,0.04842394440259197,0.048719815133626596,0.04775572610474601,0.0
2022-03-25,0.0519404451290897,0.04894979609985369,0.04822209540752135,0.050346114939022385,0.05138922899657242,0.05063590565929474,0.05170155685954329,0.04977808255918858,0.0492095086315201,0.05404534881329076,0.048685034256273546,0.051757326113461,0.04727843999481794,0.049550791973761645,0.05072526751447248,0.051291705004784686,0.04873935462767639,0.04934816267685724,0.048325871664820795,0.0480799630781772,0.0
2022-03-28,0.05132962758088196,0.04967784441330934,0.04887771908407948,0.04992182111761392,0.051497429752770066,0.05078497409358121,0.051475853623593026,0.04957812694842142,0.049763848286809964,0.053842825865045275,0.04901595988973016,0.051844900257357086,0.04694952704781099,0.049104228586306045,0.05057381224363449,0.05176128681106698,0.048547204767377304,0.049636442685161535,0.047896385712224994,0.04792018123322455,0.0
2022-03-29,0.05102108870374121,0.04950601811747109,0.0488797874144649,0.04989917648765146,0.051634515445657544,0.051269065750387276,0.05150646813078756,0.04910619808344783,0.050051561638564716,0.053746860610379824,0.049655230386930344,0.051906996699278805,0.04664948565373896,0.04922315150666703,0.050466023822149285,0.05161499226314608,0.04854465358995402,0.049882517228753274,0.04794262377754202,0.04749358468928674,0.0
2022-03-30,0.051360904838772835,0.05018055707789096,0.04896660792408106,0.049787936402438636,0.052149709332526724,0.051491050427657566,0.051693971143760675,0.04883371975617838,0.04949684047699647,0.05324555004153937,0.04976742521628018,0.05169332572968811,0.04658132763385855,0.0498674523288113,0.05060882196106646,0.05178846582888541,0.04808467909821891,0.04975729891968063,0.04744664060779693,0.047197715253870974,0.0
2022-03-31,0.05114618604161161,0.049625745442581616,0.048724056846136114,0.049996746159534415,0.05154057399448084,0.05188812955914167,0.051585066616837524,0.04848247752104912,0.04950673092455724,0.05366874805175247,0.05011267672827406,0.05168080107002713,0.04624781240842636,0.05008039434153577,0.05039094499089607,0.05261811556072924,0.048111331190409536,0.049792675532047,0.0472708539172181,0.04752993310275403,0.0
2022-04-01,0.05,0.05,0.05,0.05,0.05,0.05,0.05,0.05,0.05,0.05,0.05,0.05,0.05,0.05,0.05,0.05,0.05,0.05,0.05,0.05,0.0
2022-04-04,0.05014332254301903,0.04928568827220107,0.04946145229283677,0.049615507548806274,0.04974952978333214,0.050310267512298903,0.05037469858095323,0.05038698275556723,0.04996656283563981,0.05019398051008477,0.049748120529114835,0.05047610761527653,0.05012597807938754,0.04992664494331901,0.049862051997849786,0.049744867284059274,0.0505610053504878,0.049940152458503174,0.05019527187740617,0.049931807229856455,0.0
2022-04-05,0.0500183599015768,0.04946874692065705,0.04897415413008793,0.04911541026511247,0.04904167570876201,0.05020646422345612,0.050615801901054455,0.050081580823493475,0.050497523226401095,0.049906371908101106,0.04998612760587641,0.050195664035055494,0.05046416193756932,0.049498261299079555,0.05012994473019269,0.0505306151388269,0.050635708363376775,0.050416986909797595,0.050204630935577574,0.05001181003594474,0.0
2022-04-06,0.04993700403339451,0.0491676603760218,0.048639442983622,0.04927192947791744,0.04942818825037092,0.05047381316143074,0.05061290357023748,0.04989961562354019,0.05054216424851594,0.04998902944910461,0.05005773450843039,0.05079771097620828,0.04994745526113805,0.0494253170616597,0.05026186309413479,0.050568769861782346,0.0504433017379462,0.05066844433935202,0.04986459131107811,0.050003060674114086,0.0
2022-04-07,0.05016284320516183,0.048763549769631424,0.04866941189493471,0.049263812540777725,0.04920110289141363,0.050606089095683725,0.05083181487428221,0.049347053107698755,0.05125584997251692,0.04984891571757628,0.0497095782661703,0.050710973288622715,0.0496931206898184,0.04934860619548797,0.04996463351390786,0.05057500405891658,0.05090106965485977,0.051213655456465,0.049686714629926874,0.050246201176146844,0.0
2022-04-08,0.04968892305107554,0.048231095562617725,0.048969959203691245,0.04900728569194153,0.049446266119921464,0.05075514494899542,0.05079755417587398,0.0493273425795114,0.05146750808528422,0.049423641203964225,0.050137616690444906,0.05069572947149999,0.04967390941105597,0.04928637587554269,0.050190526409651694,0.05039004699305635,0.05093917379744577,0.05153451752216259,0.04974001055371484,0.050297372652548133,0.0
2022-04-11,0.04930768194902659,0.048424147139480386,0.04829479746022948,0.048780175097595815,0.04951097737993315,0.051211026425645276,0.05119613668202622,0.04924336191614932,0.05149451043092159,0.049187250700350564,0.05017182145511179,0.05025067092110018,0.049760939093646456,0.04914464966037101,0.05066584910310433,0.050898297414959735,0.0509119743569233,0.05153061064398521,0.04988503120378617,0.0501300909656531,0.0
2022-04-12,0.04930699384002771,0.048609261849972905,0.048060369087898604,0.048858202750756335,0.04966469338867383,0.050562331906178204,0.05119441006856179,0.049457931708431366,0.051765431904606106,0.04930562743757584,0.050360409232655036,0.05039104686939955,0.04948561409914832,0.04929167776161118,0.05092836546927873,0.05027826893021858,0.05082919486831924,0.05151959979073875,0.04973769000802137,0.05039287902792634,0.0
2022-04-13,0.04959085621494424,0.04917643722482249,0.04754938572720285,0.04928382191812701,0.049454214375232564,0.05104652723175703,0.05161645600908219,0.049578807171096514,0.05226733882316455,0.04904486805380231,0.050069666089188405,0.04999894823978945,0.04926001909194987,0.04899408070675693,0.050050846568935145,0.050662114491189084,0.05080647910449456,0.051352625995658464,0.049440198542477345,0.05075630842032873,0.0
2022-04-14,0.05002986549930112,0.04895469798729855,0.047474156250552416,0.04902927358870867,0.049204245934903516,0.05171548597492049,0.05095785053908602,0.049801481629948276,0.052606942919001046,0.04915666511325477,0.05066652975533039,0.05014127560468005,0.0491385440423479,0.04869100374119764,0.050145964336944106,0.050155073529718985,0.05049054560298735,0.05171405874714108,0.049481254258558725,0.050445084944118694,0.0
2022-04-18,0.04991323292759781,0.04914372237651125,0.04794248887030149,0.04917395972974992,0.04934974420940684,0.05204171058764301,0.051240434748293255,0.04937940902984539,0.05270147035082286,0.04865935952510693,0.050729139595824625,0.0503548629900046,0.04915040268659994,0.04839343373741257,0.05021288269260014,0.049721238221148906,0.050553979236792855,0.05162061961648173,0.049473829715256955,0.05024407915259861,0.0
2022-04-19,0.05019258162342353,0.0486529316966433,0.04774635703506274,0.049456361242530424,0.04961965043845656,0.052207230736577785,0.05104839003952769,0.04911538678586906,0.05240729517096028,0.04918430465798492,0.05104205305768892,0.050191595371996335,0.04984747948968378,0.04841624486295773,0.0494491177916206,0.04929509637503629,0.05040247714420082,0.05161197568540017,0.049073538468039295,0.05103993232633939,0.0
2022-04-20,0.050028885343286034,0.04864716210480555,0.047836762959540306,0.04929784445990438,0.04971260853894459,0.052235160359378245,0.05085514293011282,0.04955085678246158,0.05211243035958438,0.049159069375500984,0.050947493239608975,0.04957792328311615,0.05006770676969043,0.04855984815336413,0.04911265586319464,0.04936072741886734,0.05061535980500738,0.0516570053046922,0.0492881922659837,0.051377164682955646,0.0
2022-04-21,0.050564404721499714,0.04837132421082237,0.04822490202625212,0.04919153459614117,0.04936717500826004,0.05213052434036753,0.05116240551039168,0.04926306812915206,0.051117620427187864,0.04935714089681352,0.05090318199282051,0.05022438289419083,0.04997914203233922,0.048830498658027514,0.049286129572399966,0.04901347124800965,0.05088115309207309,0.05106747221885519,0.04919362985596405,0.05187083856843162,0.0
2022-04-22,0.05017955648074518,0.048544107200018005,0.048394952096230466,0.04919430424661332,0.04896890053622538,0.05240190923795487,0.05149717565338847,0.04871791172378608,0.05119640857322477,0.04943820663734699,0.051118271012695955,0.04987008922883922,0.04955495099399877,0.049374800403887906,0.049366039009090916,0.04876394253982554,0.05121611958875313,0.051162682713529806,0.048828237302722434,0.05221143482112256,0.0
2022-04-25,0.050688034302718704,0.04892986003561492,0.04817569380608341,0.0487810436117712,0.04907856108131984,0.052677234995165835,0.050813220059051166,0.04903354695143305,0.051098324379628635,0.0496177609767304,0.051875621083016674,0.05000578154492235,0.04916508523867127,0.04899604839244512,0.049433774598809155,0.04848566732593835,0.05141562365049899,0.05065599882610591,0.048651188981321,0.05242193015875367,0.0
2022-04-26,0.050597654182540065,0.04941293662349763,0.048367704561783915,0.048978774437260404,0.04902661202084345,0.05309655368132915,0.05121582650698385,0.04897359841969344,0.05112374628450328,0.049362375229725676,0.05186267468289175,0.049890679180114694,0.04923160472065992,0.049144397146618855,0.04934786678959082,0.04831215385786985,0.0509099176279777,0.050640319201480724,0.048725106913397195,0.05177949793123734,0.0
2022-04-27,0.051267539070980514,0.04907170180419926,0.04803889512633726,0.04894260371777235,0.04895468895199029,0.05328022589129511,0.051381244808704006,0.049293607434790526,0.05144562412018056,0.04905012834191704,0.05188693491313511,0.05021153106476913,0.049576822077643634,0.04902598450509849,0.04967716032222214,0.04794784115852662,0.050679277639789695,0.05082995167706783,0.04815450120042648,0.051283736173153675,0.0
2022-04-28,0.051525508974584265,0.049458080126457776,0.04822333431448333,0.049176495729520195,0.04891737029223981,0.05366252216270808,0.05116838751077832,0.0493318516296494,0.05145190602185481,0.04884186724380959,0.05214821510925962,0.05012393916397682,0.049552746170876585,0.04854444705011318,0.04929565373050858,0.04806980744866719,0.05005539311337864,0.050935848594261944,0.04795371740889987,0.05156290820397163,0.0
2022-04-29,0.051231217228408676,0.04951305127195531,0.0484663164502414,0.048836632260470685,0.048834260008885966,0.05403511679440552,0.05094104863314681,0.04930594482397957,0.052209522169156586,0.048919960120161476,0.05170436341368276,0.049930562129424295,0.049568783008462236,0.04843343389456047,0.04905842442340289,0.04792352336469866,0.05048176266932065,0.05106291768629456,0.04823454642993065,0.05130861321941063,0.0
2022-05-02,0.05,0.05,0.05,0.05,0.05,0.05,0.05,0.05,0.05,0.05,0.05,0.05,0.05,0.05,0.05,0.05,0.05,0.05,0.05,0.05,0.0
2022-05-03,0.0503513299612589,0.04982920869471253,0.05013892233764395,0.050561817279044304,0.05027188206828918,0.05036923534862585,0.04995923305088346,0.04962096756650256,0.04973722641101798,0.05022938551223729,0.04972850407853729,0.04963172706488085,0.0494670967183965,0.0498557788877654,0.04954278031359999,0.05006446356857693,0.05000100573361809,0.05044515111096734,0.04979768361314311,0.05039660068029858,0.0
2022-05-04,0.05063154194782751,0.04954757501632408,0.05000981943224067,0.05120365074766351,0.050870792404809954,0.05093192385062853,0.04980977161760785,0.050028821427564714,0.04921472748468569,0.04982655409896821,0.049975686774362836,0.04940184125816082,0.04953051239679561,0.04949109322128444,0.04915189281778512,0.050237480776548486,0.049649916162845205,0.050045567412576486,0.05008523036052092,0.050355600790799454,0.0
2022-05-05,0.05041775830750103,0.049964143653708167,0.050013048217602205,0.051469285675125105,0.05094966095094689,0.05073251453283157,0.049900537535852774,0.049619407520869914,0.04927895498278321,0.049671028076561055,0.05038683557889238,0.04945512638595894,0.04925801719916253,0.04928855917928868,0.049332049567153216,0.04995253446441419,0.04987732899932377,0.05010516300516597,0.05002037343188518,0.0503076727349734,0.0
2022-05-06,0.050295206274839264,0.049934667772437505,0.050167120965182464,0.050903642167662654,0.05137872933622835,0.05112627266289517,0.04985780401309332,0.04953971538038402,0.04954129052220188,0.04950669134485039,0.04992278047642071,0.049841521086633714,0.049276794574979965,0.049468143229739664,0.04890490786712264,0.04937426203688768,0.04975117506426041,0.050423628508454256,0.050126819883279786,0.050658826832446116,0.0
2022-05-09,0.05062297245606773,0.05005720372952447,0.05039596929759027,0.05112649796344581,0.05114963297166233,0.05086318178650341,0.04955175142339619,0.04966031958236863,0.049397696532547546,0.04944711158377962,0.04956184009034724,0.04956939040541157,0.04939086357912105,0.04942451275400103,0.04923128023671415,0.04969144910515765,0.04974859833584134,0.04994892861073347,0.04991492918726577,0.05124587036852075,0.0
2022-05-10,0.05076072912371895,0.05005632472470844,0.05038074184367773,0.051047103094819954,0.05067281096103569,0.05094447681116732,0.049723470689804934,0.04960253981258713,0.049121564526855205,0.04953107374648052,0.05017999181222203,0.04944817181547183,0.04914905826808391,0.049557595604615555,0.04953741806141355,0.0493071050908334,0.04985716184908764,0.049897978204100524,0.04990636436809842,0.051318319591217146,0.0
2022-05-11,0.05028253954723678,0.05089079221705276,0.050688898440657076,0.05112803174617843,0.05064767042024791,0.05069643195191537,0.049615671605325366,0.04931916811556362,0.04962661054362964,0.04977541548961479,0.04996218385572885,0.04955010794533394,0.04920692007842925,0.04874804736424055,0.04945961166867168,0.04917711404239109,0.04988301775871027,0.049704724433579435,0.04988286973453142,0.0517541730409618,0.0
2022-05-12,0.05012946282898817,0.05148816847644746,0.05051332587664342,0.05098692549133614,0.051084183573419206,0.05131778560631949,0.04942242781925605,0.04932156995741296,0.049254741688914215,0.049656208618642866,0.049963930543697334,0.048989630023602314,0.04889292439895181,0.049070980609085726,0.04909985715746327,0.04929894283132784,0.04994258778452628,0.049930115235471625,0.05009302554823524,0.05154320593025864,0.0
2022-05-13,0.05014154621363333,0.05115884691827842,0.049980053237381555,0.05030958224374069,0.05126175014015281,0.05183075749229846,0.04880839544721741,0.04890562508141362,0.0495316131457034,0.04946791707685211,0.050400477439884864,0.04938314583170927,0.04889874420305414,0.04907804422045188,0.04905317251110388,0.04959965292221732,0.05028620757443684,0.0495336899270225,0.050818128842769116,0.05155264953067849,0.0
2022-05-16,0.05053377194061606,0.05102950749091261,0.04883868721861411,0.0501575956605756,0.051661277323891884,0.05176255729762199,0.04898979773965172,0.04954193925456173,0.04930400769261926,0.049774632880404054,0.05082248107081839,0.0490091315177402,0.04884676006351851,0.0493491022214364,0.048302739883721135,0.049767768614999854,0.05066763026803056,0.04910140886673554,0.05081601719051654,0.051723185803014056,0.0
2022-05-17,0.051061473771612444,0.050911460030661805,0.04877475839675301,0.050369064836092284,0.050705609257042664,0.05214258014180202,0.0491020364921169,0.049335181003082755,0.04940002488300608,0.04989649791890094,0.0511116557730437,0.04881953077146681,0.04933118168641669,0.04866627598572647,0.048085071213561294,0.04980965606135194,0.05063418013790971,0.04904279931984762,0.051158191998128856,0.05164277032147607,0.0
2022-05-18,0.05121989627189773,0.05084489453316625,0.04838258942967931,0.05035303183816977,0.05103000506133062,0.05262047473495633,0.04917825465978386,0.049618523522977444,0.04965553870977601,0.050224793047782136,0.05038413204152057,0.04879476445851596,0.048918971009480165,0.04845078706788037,0.048054791507393536,0.05001656325334813,0.050217508344763157,0.04873736330237995,0.05185410635674773,0.05144301084845112,0.0
2022-05-19,0.05129151700263008,0.050565433676863336,0.04848751935649875,0.05046405908028123,0.05111850562742061,0.05257653257071385,0.0488986867593573,0.04994396046153339,0.04979041716918402,0.05069736767335445,0.04991138451778459,0.048782657736309,0.04843662186087246,0.04874727842793953,0.048317139180476074,0.049582307666023985,0.05027678334859106,0.04865823777800692,0.05244337397676479,0.05101021612939454,0.0
2022-05-20,0.05159987246689433,0.050758950144746406,0.04784950898045009,0.05057806613601134,0.05059978781933642,0.052663223425800106,0.04899355609198289,0.050108387090606055,0.04972337537225913,0.05024847798868948,0.0503421903747079,0.04848718670278924,0.048331153454584816,0.04859173902644728,0.048300948879526205,0.05017082868468883,0.05007768518560503,0.04900010448986766,0.052540066878891796,0.05103489080611496,0.0
2022-05-23,0.05134966920157612,0.0512625026781828,0.04762401895216071,0.05071050175574365,0.05084479405737372,0.052921923558174724,0.048513992178904106,0.05005090910917997,0.05019724824610861,0.05033934030190342,0.050443606430343936,0.049059244274850276,0.04852661991785221,0.04859924864219418,0.048086532988088404,0.049088835704924096,0.05054100373799165,0.0484378088050057,0.05294978047111941,0.050452418988322194,0.0
2022-05-24,0.05141203879648142,0.05090426706411973,0.047891767953274475,0.0510168400219047,0.051022540957987916,0.05272832904591221,0.048287122776031394,0.05023447802861741,0.05041517755278234,0.050274253789620214,0.05028218586018742,0.048278915254145356,0.0476784061931994,0.04857019361386108,0.04796315133491165,0.04969708166579798,0.05119305736986395,0.04851015257896002,0.05311919040942741,0.05052084973291391,0.0
2022-05-25,0.05114625055848507,0.05053223285506433,0.04757487309743996,0.050950293031275094,0.051191420165017834,0.052802280166594134,0.0483289039615404,0.05046822673224449,0.051752907553874086,0.04988186419792666,0.05019187918236406,0.04792815353830475,0.04800201385664553,0.04846910125151346,0.04783525691920098,0.04943417187999878,0.05145923895786683,0.04833893577779283,0.05313798770793277,0.05057400860891805,0.0
2022-05-26,0.0506565354913169,0.05031696954243258,0.04766695197399958,0.05093346594575812,0.051500122672906774,0.05353993108186932,0.048373154345660675,0.05045771750510237,0.05109340333566996,0.04956339383362697,0.050533536801337466,0.04767287075019025,0.04788901835484593,0.048817924917433794,0.047999196849468795,0.04951987036634476,0.05097286842587351,0.04830309500746562,0.053400121083489356,0.05078985171520718,0.0
2022-05-27,0.05087349696283749,0.05026191788549937,0.04757479770068515,0.05165279488834162,0.05175546806248214,0.053457727724771614,0.04791774328536985,0.050004541925523165,0.050579889469896624,0.04955622633896651,0.051171152106563714,0.047450035485297824,0.047600924130861096,0.048428326182457085,0.048210319365854584,0.05011733816209688,0.05088172282857611,0.048199600954568614,0.053833860617512955,0.05047211592183757,0.0
2022-05-31,0.05093277041115476,0.05095292366175038,0.04755813847544176,0.051697387844906434,0.05122007049742629,0.053767975478593105,0.04756015916583135,0.04936735223925628,0.05092273553701383,0.049448857285912126,0.05116276423909038,0.047845862595275415,0.04747356644651108,0.04840549684053808,0.04819704818615707,0.05030632231313772,0.05077993534709998,0.04779888687870409,0.05401674996719384,0.05058499658900596,0.0
2022-06-01,0.05000000000000001,0.05000000000000001,0.05000000000000001,0.05000000000000001,0.05000000000000001,0.05000000000000001,0.05000000000000001,0.05000000000000001,0.05000000000000001,0.05000000000000001,0.05000000000000001,0.05000000000000001,0.05000000000000001,0.05000000000000001,0.05000000000000001,0.05000000000000001,0.05000000000000001,0.05000000000000001,0.05000000000000001,0.05000000000000001,0.0
2022-06-02,0.050128390286354504,0.05026847554207532,0.05027145682054611,0.049972468708021814,0.04936720885906856,0.04987866457751178,0.05027346964325437,0.04900941737475429,0.05021510490715396,0.04993147641887326,0.04983936042813285,0.05048417041795866,0.04950529918058875,0.050266286842368835,0.04993646311296512,0.050241038013829765,0.049805116066674114,0.05091123013061407,0.04976638729960719,0.049928515369646785,0.0
2022-06-03,0.05026771489806758,0.050229369051755415,0.05035821794538493,0.0499498812776092,0.04964518980575815,0.05000994971651206,0.050040802606904675,0.04912948449485277,0.04988219831736991,0.05084238537514814,0.0503626829246877,0.05044001936751254,0.04888525389125277,0.050277407707965474,0.049522555487996486,0.04977345866116558,0.04991567930570048,0.05093012706557459,0.049398601070750316,0.05013902102803123,0.0
2022-06-06,0.05046801470780634,0.05013331063305857,0.050076004878243305,0.0498022752482314,0.0501352220214962,0.050627661780532324,0.05009455024063595,0.04905317372576144,0.049905609660889444,0.050233352782912785,0.05083357076938359,0.049964349958213514,0.04913950534837173,0.05062275413210698,0.049142366137400514,0.04931486840210547,0.05007999162303004,0.05067601875547284,0.04945916921296955,0.0502382299813779,0.0
2022-06-07,0.05052323456761533,0.04969327357738906,0.04998507723167947,0.04994446943023043,0.049769018292551495,0.05089455288641491,0.050250464042466386,0.04917677543268602,0.0501350316617682,0.050703544890203976,0.050973572650349984,0.049298546543049056,0.049015355220537966,0.05067390594489196,0.04941798106445785,0.04947732619867819,0.05057722762122836,0.050487736805851155,0.04961003457176243,0.049392871366187766,0.0
2022-06-08,0.05070992669875726,0.050004485955201065,0.050247741010234305,0.04980966499813744,0.04957726657456811,0.05118780894570679,0.05020438676480743,0.04882693183049096,0.049986453121226626,0.0507386930191182,0.05082755500986932,0.04926520211297243,0.04892203582334429,0.05075768131498539,0.048985921947158825,0.04944989574916034,0.05058674089597113,0.05085768460681632,0.04993753641204298,0.04911638720943074,0.0
2022-06-09,0.05045585093713794,0.050180856745884767,0.049891972887812774,0.049762952464584856,0.04927454074188675,0.05176681102651428,0.0503029242924876,0.0489510737951656,0.0500718743331442,0.050587061907171965,0.05121777720017692,0.04902671833777809,0.04921596554771575,0.05079084323295542,0.048859080458548296,0.04934549548798547,0.05045991309744351,0.050549070103113894,0.049430574423740624,0.049858642978751186,0.0
2022-06-10,0.0505892955267869,0.05063478906235847,0.049833004541309685,0.049491224879490446,0.04912135063679981,0.051665360467062535,0.04983342431638402,0.0490245618965677,0.049598720915270934,0.04987696971304736,0.051801650383867394,0.04911075876308258,0.04923822614791617,0.051026500728017746,0.048823147917844936,0.049775394309109364,0.04998463653973223,0.05101114719962014,0.04946959896194089,0.05009023709379061,0.0
2022-06-13,0.050867998934008375,0.05060014672028563,0.049737463702856304,0.04956851608284067,0.04930339177771364,0.05132574178296697,0.049643141327954866,0.050017264430240044,0.04977638220781962,0.050184894945273534,0.05131277696055022,0.048994225079879807,0.04873681221958847,0.051262078810163515,0.04850687413152553,0.05021898118221272,0.05012268893538083,0.05046387344053806,0.04943865689594157,0.04991809043225961,0.0
2022-06-14,0.050626151287791334,0.05054605141955527,0.04969763004922746,0.04976674201054822,0.04914698112672621,0.05195528916296444,0.05013630231063165,0.050058684029026315,0.05027471989584523,0.049676077973112236,0.05122544625529249,0.0493172568533659,0.048961857796092606,0.05085968769087899,0.04793827768476509,0.04989220380722569,0.049936227832653356,0.05052762736858375,0.04941488975834885,0.05004189568736472,0.0
2022-06-15,0.05052783127317347,0.05048961204301725,0.04923286471467979,0.04957843316430728,0.049257689877589016,0.05188511366957066,0.05054760925232846,0.050414637551747396,0.04972441019532151,0.04984881030229467,0.05152091757136389,0.049154557128972654,0.04935637417031397,0.05081958180882143,0.04743456812911168,0.04993138930127513,0.04972456359386627,0.050645264941210445,0.04973072640065529,0.050175044910379794,0.0
2022-06-16,0.05033098379892616,0.05083099761307983,0.04861579043251873,0.048902487443618504,0.04965083842562326,0.05223655639475272,0.05087197758301543,0.049907990783909284,0.049294890568587234,0.0504836298928243,0.05157282821451977,0.04903208702950865,0.04955514962165406,0.05103767576488358,0.04685411490613683,0.049406552509199,0.04952719470573859,0.0509416001949187,0.05020327683084075,0.050743377285744455,0.0
2022-06-17,0.05010678484713148,0.05026863295589024,0.04875578175050789,0.04906715021241196,0.04999583660403986,0.051917600493735186,0.05122497379242651,0.05022623319169223,0.04966785058913785,0.04999136665681443,0.051356793230997996,0.04932865995506879,0.049216931287815985,0.05152097291279724,0.04701885638190497,0.04881906403428788,0.04927909528542906,0.05114948326561248,0.05052184026221458,0.05056609229008329,0.0
2022-06-21,0.04978149159117111,0.050598658745372053,0.04915389654714088,0.04917726154376009,0.04967363081963702,0.05213185754927502,0.0506404814382637,0.05037633181743634,0.04927894789218309,0.05047120494912744,0.05149546604806587,0.04947673251522669,0.04877729378873714,0.05122852980198545,0.04721584862390681,0.04858162558418393,0.049572818270467604,0.05131660720577118,0.050625848046513613,0.050425467221775,0.0
2022-06-22,0.050235216004649655,0.05060349467711422,0.04854799426819195,0.04884655388202547,0.05016822047428145,0.05174337537204939,0.05031574706054427,0.050483661874938655,0.04958118516910506,0.05049228420616762,0.05164163542715344,0.049757297536119884,0.04848068506482892,0.05143419309507239,0.04697566707039686,0.04857520648437428,0.04954134844067498,0.05174395675653021,0.05057072927882511,0.05026154785695609,0.0
2022-06-23,0.05061564492413324,0.050241555582686254,0.04868116868879019,0.049117456246859,0.050687379343590765,0.05177585237952935,0.05021659107163582,0.050592275796267225,0.049609421062968555,0.049768688794968555,0.05124785748732826,0.050162726152233446,0.04852431902732177,0.05131971877340059,0.04653914975627333,0.04836433895223211,0.05006372612873135,0.05139813185574453,0.05100218512565343,0.050071812849652154,0.0
2022-06-24,0.05073929295913036,0.04944294456450796,0.048985903149389914,0.04857243212354504,0.051171110375845735,0.0514730983157077,0.05099891033824579,0.05112946931398782,0.04939917179689473,0.04928382912754558,0.051212964380453536,0.04999364284533783,0.04894450206897195,0.05132105058064707,0.04685752727968663,0.04845332321769324,0.04958270376866295,0.05109894819066498,0.051545123925442464,0.04979405167763888,0.0
2022-06-27,0.051341156468375664,0.04930011113005933,0.0490953564235953,0.04883369049462356,0.05101564533978339,0.05105752407531795,0.050788575937811574,0.05112181755725497,0.049810398695639545,0.04924994962613596,0.0512455060792254,0.04991032208091239,0.04858984528200427,0.05083639510862803,0.04691123366134008,0.048354408756932594,0.04989709136816575,0.05085604529047335,0.05202191354007587,0.049763013083644884,0.0
2022-06-28,0.051232516541312355,0.04976691535855142,0.0489124511856475,0.048775932986078116,0.05070457717169473,0.050908337021261914,0.05101686484541156,0.05079842369803785,0.0500988851288067,0.04935152235278376,0.051027689987946045,0.05016959592969378,0.048328963074292096,0.05079209290335796,0.04666861781944283,0.0486980918916291,0.04966037695250641,0.05135046784653363,0.05216159904065193,0.049576078264360265,0.0
2022-06-29,0.05238378167431103,0.050409621853361716,0.048642265342593576,0.04805123954715751,0.05040994268780101,0.05014316837815331,0.051209974884911025,0.0506350011318637,0.050253712968272926,0.048857452994224684,0.05080475714914132,0.04935996693073158,0.04873076869855683,0.05096308835160224,0.04711107070124593,0.04893978889439636,0.04967311069709795,0.051576601219173374,0.05223472853023638,0.04960995736516764,0.0
2022-06-30,0.0523384264640165,0.05057209650186734,0.048705415889786365,0.04814643661823748,0.05005715181678786,0.04977180049937717,0.05137529757115758,0.050962211547240927,0.049531561968548396,0.0489039960337042,0.05065016346687422,0.04936077440311887,0.048617993953471716,0.05065349124774437,0.04719094673488287,0.04861900031278213,0.04985817424103909,0.05186098293085761,0.0525263140819124,0.05029776371659312,0.0
2022-07-01,0.04999999999999998,0.04999999999999998,0.04999999999999998,0.04999999999999998,0.04999999999999998,0.04999999999999998,0.04999999999999998,0.04999999999999998,0.04999999999999998,0.04999999999999998,0.04999999999999998,0.04999999999999998,0.04999999999999998,0.04999999999999998,0.04999999999999998,0.04999999999999998,0.04999999999999998,0.04999999999999998,0.04999999999999998,0.04999999999999998,0.0
2022-07-05,0.049916092624880816,0.050039453129852654,0.05008768965757282,0.04986079079657901,0.0503491410123957,0.05017524944761475,0.04963718535554558,0.049522306221490356,0.0496820928547817,0.05040154072275998,0.05035010356076682,0.05018442265552021,0.05000289323114515,0.0495175264762981,0.04969213526820961,0.049754719919590934,0.05040154194285413,0.050338348317101905,0.049915283895848206,0.050171482909191455,0.0
2022-07-06,0.05013866497900667,0.05046662093400242,0.05011681046050394,0.04969464719412333,0.050903787056546114,0.04988956873894566,0.048787750879967146,0.04979258906987403,0.04969659482237469,0.050348525534773834,0.05009542568708078,0.049994875031959304,0.050505016748108096,0.04979574720939428,0.049255029863070815,0.04999024233636808,0.050840951716903456,0.04988291942609913,0.04994003597580476,0.04986419633509327,0.0
2022-07-07,0.050423862533259395,0.050302441477748365,0.04973389112339346,0.04964485956703113,0.0507260443724605,0.05007360435736875,0.04921653197190229,0.04941225399141302,0.049693266304359114,0.050495980314221686,0.050155319549234974,0.05036951525753826,0.05063338805015381,0.04894964342087691,0.04871188169021689,0.04981335137941863,0.05073776543240416,0.049735307959746886,0.05099159190041451,0.050179499346837145,0.0
2022-07-08,0.05027552738496013,0.050013742618022924,0.049773912855277706,0.0493701286537695,0.05060346311365536,0.04965909736734535,0.048899050768680306,0.04945738826464525,0.05024486387431704,0.05076568645867639,0.049916629710179856,0.05000195099290147,0.05077467361637116,0.0487574342768517,0.04931576109428672,0.0501669307139263,0.05124727781260406,0.04955306979147904,0.05073958753625453,0.050463823095795224,0.0
2022-07-11,0.05094578440822023,0.04982080032548013,0.049982235227368436,0.04877192116885965,0.050611446740810924,0.049954278338806064,0.04830298148116738,0.04922223745789827,0.050200336279288695,0.05111384341875413,0.04971403671034769,0.04988557320005419,0.050756766164771046,0.048964501465102596,0.0490736780969976,0.05046837042719853,0.051489475444608766,0.049432425074608925,0.051087376875322686,0.050201931694334144,0.0
2022-07-12,0.05112936443944187,0.049196464285815936,0.050148902335281416,0.049301127453377565,0.05048331068839702,0.05000993550233871,0.04854441659771732,0.04921980448707098,0.04979587302236134,0.05153195679180909,0.050288087854390186,0.049749079232305385,0.05081473360898227,0.04930360407404331,0.04919061010489381,0.05032029257444761,0.05050139627613771,0.049416182684528374,0.0510013664071664,0.0500534915794936,0.0
2022-07-13,0.05112180355542588,0.04953852616886998,0.05008561920142638,0.049116544870910134,0.05063990620129936,0.04979448677476685,0.04858752428188856,0.048932233392530965,0.0502055970948698,0.051467832902231496,0.050139703623080005,0.050075103373608806,0.05085990362998677,0.04916687555858161,0.049248318152288244,0.05008210488142282,0.050395860671840736,0.0495042688835786,0.05085316860048641,0.05018461818090669,0.0
2022-07-14,0.050760848278057366,0.04928050051444319,0.050629986873951205,0.04882999236332134,0.050728510970464206,0.04972504048589492,0.04880886687059035,0.04940971662440378,0.0504196481647357,0.05139482137070386,0.04986890237036955,0.04931340357369053,0.05110225486191731,0.04904702483376015,0.04920359650096228,0.05117807714964999,0.050210185091943464,0.04954819605798289,0.05048956475442356,0.050050862288734344,0.0
2022-07-15,0.050819697677371635,0.04891207517550324,0.05031492895262323,0.048351913629066184,0.05068797241566865,0.05053629481653263,0.049106339999362154,0.049461175778966915,0.05060104566002917,0.05140115033648189,0.04950889912195085,0.049848234403701036,0.05120040883584694,0.04915559825792845,0.04906115649538756,0.05062899832201062,0.049993968775712314,0.04987751893840519,0.0500699203831921,0.05046270202425927,0.0
2022-07-18,0.050783090309924506,0.048514622920783186,0.050782930322026444,0.04862682102064316,0.05082814917572798,0.050276342409460884,0.0487980494694667,0.04991411930009879,0.05114586333942041,0.05113494150108678,0.04963907065616169,0.05037963582527301,0.050571396541722984,0.04949769665511006,0.04901104537185935,0.05038250948604329,0.050216463463397185,0.04915216500321518,0.0503002477516831,0.05004483947689535,0.0
2022-07-19,0.050425551480921656,0.04831023522390416,0.050380671663158245,0.04804949402026039,0.05090574624462083,0.050216211163790006,0.048363356795292925,0.05078699040532779,0.0516206074695873,0.051390805439849564,0.04978822816297614,0.05004023619543324,0.050521931893270186,0.049838073531995285,0.04903937241577314,0.05000564770110498,0.0501705403398386,0.04952754914486714,0.05033578085913945,0.050282969848888776,0.0
2022-07-20,0.05012138204385241,0.048877094031289134,0.05074117234315636,0.04806564658156918,0.05109072322614483,0.05046047624827101,0.04822648006264899,0.050773093650732765,0.051267613767533575,0.050809811505287496,0.05020083683088972,0.05036959101368277,0.0502595462063206,0.04935815338651165,0.04865324134439237,0.04957024105875522,0.04988901184197339,0.049272706906646827,0.05095348247259665,0.0510396954777449,0.0
2022-07-21,0.050968134205378636,0.049506190981063215,0.05109038051890653,0.04778854289253073,0.05070555450371097,0.050036533754005345,0.04842017391095882,0.051217453733359265,0.05068395428767611,0.05054494626582933,0.05005677992308014,0.05032943816476374,0.04998300719577266,0.04920518093795666,0.048421214741575735,0.049122227935420086,0.050312103855453934,0.04964014080221494,0.05087595657052056,0.05109208481982267,0.0
2022-07-22,0.05105580504844645,0.04910669908605423,0.05116767646653222,0.04778304863717297,0.051204767062407334,0.049656111321792686,0.0478795896888768,0.051149118983594345,0.05116383010029601,0.05071235312131981,0.050155418659287396,0.0510917121976788,0.050321444936840126,0.0486245003662317,0.047812401835526236,0.04925999966148077,0.050024455876836904,0.04967194965887547,0.05111280599563834,0.05104631129511164,0.0
2022-07-25,0.050562497538196714,0.04901220918275455,0.05179297628735607,0.047439886469209054,0.05132538954347243,0.04947460619917361,0.047949649108512314,0.05162841551539408,0.05109841066695266,0.05090809296868076,0.05022977548668128,0.05146138279162177,0.050949455056908594,0.04818522208140301,0.047214173646271104,0.049452503104244955,0.049563703339400175,0.04982875786599258,0.051126223561464436,0.05079666958630969,0.0
2022-07-26,0.05041509834082977,0.0487544482363173,0.05206355689081709,0.04732736068496633,0.05127011059944235,0.049833270641349875,0.048354988579586124,0.051438564121481165,0.05113702986868094,0.05124096365373199,0.05038644215437719,0.052348923899045136,0.0509665479662452,0.048042771574615534,0.04687905325684493,0.04899973456785549,0.04927134511300896,0.04955195126556525,0.05087932222436582,0.05083851636087372,0.0
2022-07-27,0.050355914611385354,0.04904975392904019,0.051703515418018944,0.04729167216740145,0.0513118111132272,0.04967413021445637,0.048615098232813125,0.05139003682247863,0.050696493384885445,0.05172971187239216,0.05007486197584899,0.05173761100302971,0.051624167651106015,0.048292568081957955,0.04711912693823206,0.04878893328735383,0.04936968357295299,0.04909252155285519,0.05104633323563491,0.05103605493492934,0.0
2022-07-28,0.05053204889321452,0.049132153892651825,0.051551580287816645,0.04735416716833084,0.051418771770481965,0.04957782753242109,0.04884015685401215,0.05156627184142931,0.050887011549439386,0.051741101028314765,0.05057053600495189,0.051790081243096545,0.05121163350175965,0.04811462684012789,0.047014077667762146,0.04849898001233499,0.04946670003502776,0.04927606256691436,0.05096946528966513,0.05048674602024732,0.0
2022-07-29,0.05077510307091652,0.048960589056135616,0.052007159462751584,0.04713963645172995,0.0518549115243484,0.049939271349280244,0.0492480319770294,0.05186440357341463,0.05107763846626038,0.051531071426713655,0.05062610064737991,0.05121675566819281,0.051699530451356994,0.04806315914170306,0.04728693132679717,0.04814918614960806,0.04921959119200251,0.048407815801548015,0.05050769604171833,0.05042541722111281,0.0
2022-08-01,0.049999999999999996,0.049999999999999996,0.049999999999999996,0.049999999999999996,0.049999999999999996,0.049999999999999996,0.049999999999999996,0.049999999999999996,0.049999999999999996,0.049999999999999996,0.049999999999999996,0.049999999999999996,0.049999999999999996,0.049999999999999996,0.049999999999999996,0.049999999999999996,0.049999999999999996,0.049999999999999996,0.049999999999999996,0.049999999999999996,0.0
2022-08-02,0.04973183928497944,0.04979057320232493,0.04958690712247705,0.050269683734763655,0.05042280637183327,0.04992690555414534,0.050523998707051626,0.04965391112721351,0.04947104635990486,0.04984600262642227,0.05010692540028567,0.0507471545172449,0.05003119437706972,0.049722824108767924,0.05004927296619878,0.049689692506559247,0.04994257230893182,0.050226970396973956,0.04975652413962575,0.050503195187226436,0.0
2022-08-03,0.049850509080175104,0.05035157890699681,0.04953938737957521,0.0496875896872265,0.0504315861675634,0.04940057300717205,0.05064102365718966,0.0498662164919218,0.049888727089339495,0.050027324378653835,0.05024867140627528,0.05091345043021974,0.05051430391189615,0.049031950522370714,0.0497204654744099,0.0492157303715632,0.049557217476834683,0.0500824946720063,0.04987183683646524,0.051159363052144996,0.0
2022-08-04,0.049553514275353386,0.050552880422082384,0.049618412196975624,0.04969392284989557,0.05026164199820826,0.04951988086307214,0.05112255463431374,0.049746473991040714,0.04998652198764919,0.0496624477594393,0.04990429342836493,0.05127286360848078,0.05029800423603278,0.04878447248516841,0.04975505054557484,0.04952721465356369,0.04982873734792332,0.049781966326996455,0.05000812195911331,0.051121024430751186,0.0
2022-08-05,0.04930496902282165,0.05075526401313654,0.04940842470699775,0.049329574963496485,0.05003868335041828,0.04956561924542009,0.05066768917998194,0.04922635919995049,0.05034327857723439,0.049567658533970764,0.04986804270603075,0.05142222539052073,0.05071317634583284,0.04871002596145785,0.049809696975034894,0.0499269038581603,0.05032671676845199,0.050278266783581375,0.050047556049263496,0.05068986836823742,0.0
2022-08-08,0.048968337374755734,0.049792691453449826,0.050194049267539134,0.048946574798142566,0.04966799512827555,0.049816439000554054,0.05002779629713887,0.049179484930810466,0.04958550420439693,0.05010297103359269,0.05063431234940872,0.05155931436569399,0.05061655854318383,0.048845968532700804,0.05054739790647888,0.049986283294384,0.05022762167823694,0.05090907049385715,0.04967577179870447,0.050715857548695335,0.0
2022-08-09,0.04857092108112212,0.04978504232476425,0.050293396906528384,0.04905295583022642,0.049070085618096476,0.04942739330372264,0.05067825165600071,0.049153711843713935,0.0496213987668542,0.050182998824663184,0.05122104800353894,0.0513846518889069,0.050402057650762964,0.04879005786074475,0.050439438428556936,0.04966844477614358,0.050353095366696715,0.0509255382216529,0.05018404901042071,0.05079546263688348,0.0
2022-08-10,0.04891331797894747,0.050493756246535945,0.05024856795964719,0.04884199916177082,0.04928214777286396,0.04933799656036154,0.05032404457787607,0.04919264990459292,0.049347932393266666,0.04978751722585753,0.051254432945743944,0.05110445998073569,0.0499075571067344,0.048923299168964055,0.05067691782983634,0.04954856784445149,0.05035452454884712,0.05135978156198591,0.0499033159255109,0.05119721330547012,0.0
2022-08-11,0.049092156181320054,0.05090492147838228,0.05060989759318866,0.04836561682641241,0.0499105389129598,0.048835363982082644,0.05015406548246608,0.049317334770864404,0.04930176092582182,0.04960921156008817,0.051061105689329846,0.050846135084071535,0.050404997867541594,0.04918346310347396,0.0505724294697529,0.049261186945763306,0.05076508514386564,0.05184700327506123,0.04898130458116918,0.05097642112638462,0.0
2022-08-12,0.04949740893549043,0.05031558547852175,0.05055070912806931,0.04888295334090903,0.0494131544192641,0.04881910285899237,0.05040985066615477,0.04954744575156185,0.049697159828100475,0.04890042266512347,0.050337025258285366,0.049942044049151,0.05087935658686098,0.04963917611920566,0.050393573777507986,0.049312843035201975,0.05151373698236364,0.0519134151720098,0.04934156379813462,0.0506934721490914,0.0
2022-08-15,0.04945881163152159,0.05015207926312613,0.05085395377559371,0.04914630005890545,0.049032188147380515,0.04927410801447131,0.050629466085328145,0.0492286727656968,0.049773458469195585,0.0488286769796539,0.05010862962874659,0.049860664893713096,0.05065536618149833,0.049646693362345694,0.050647220496151994,0.04950800626818079,0.05131604203786094,0.05167245917920687,0.04957134833450813,0.05063585442691439,0.0
2022-08-16,0.049752253118170525,0.049748961964293174,0.05027776355081138,0.0484976322014138,0.04931436408428962,0.049184531438131895,0.05103769184760733,0.04910786370727811,0.04980208871982026,0.04941868155609491,0.050103289866715216,0.04996741920762711,0.050873132506916975,0.049270203038145166,0.05134643575634558,0.04952132757909792,0.051336296976997264,0.051727943173490123,0.04917523912638196,0.050536880580371625,0.0
2022-08-17,0.04924218642960541,0.05045738318959651,0.05022603282380517,0.04809855516551038,0.04940554616569089,0.04881744538291481,0.051228905336803104,0.04953583508729927,0.049914693007006225,0.0491123520810543,0.05009991994307063,0.049857655950073465,0.05102899983885158,0.04894449449909085,0.051552792372052875,0.049627600820458924,0.051744101302102184,0.05130955512144022,0.04928004423265667,0.05051590125091642,0.0
2022-08-18,0.049605948290616576,0.05061023445787966,0.050662846650541445,0.048362537422254166,0.04976054017911777,0.04864761203540797,0.0509155984057112,0.04941118831607015,0.049431746759446754,0.04867304162027535,0.05007811362651397,0.04987703590532439,0.05096897303355095,0.048611531470361895,0.05137229760007972,0.04951324311864786,0.05192306322166875,0.05158194229763338,0.049719376442440226,0.05027312914645761,0.0
2022-08-19,0.04968581345207203,0.050361410568442774,0.05123188589125929,0.04828607786020705,0.04974481886158511,0.0481251320145943,0.051183786137721905,0.04929545563246281,0.04914133693809878,0.04847224660081597,0.050312766023803794,0.05007719804107465,0.051328312205052726,0.04826942640378491,0.0515580375694696,0.04975976038143423,0.051601922810378564,0.0514845131571537,0.0502234700909194,0.04985662935966857,0.0
2022-08-22,0.04989993286249171,0.05037152522253779,0.050955536351249324,0.048786408630593116,0.04954290097551312,0.047691313129801696,0.05143821186330107,0.04877987019957863,0.04952138033033464,0.0487799512423272,0.04996221604623618,0.05038242101239598,0.0511040371471606,0.04830094397133488,0.05165601458235694,0.049884958497005034,0.050939045557172505,0.05150281766109956,0.050434816346692835,0.05006569837081702,0.0
2022-08-23,0.05009045858371927,0.04950695986065168,0.05069563249320368,0.04905365575161583,0.049521243777659374,0.047970867172369036,0.050841588431369704,0.04882609520659735,0.04940245095383278,0.04942002153169266,0.05011530184861119,0.05001645543271847,0.05037611465145368,0.04899674401397812,0.05251953169345496,0.049298238483963364,0.05076970491344439,0.051577193431536515,0.05078567920372761,0.05021606256440036,0.0
2022-08-24,0.0498077052818977,0.04919346168181518,0.05096288672046622,0.04921993912566763,0.04875655765269029,0.0475453744890883,0.051413537026945545,0.04900731299914896,0.04986167045934889,0.04963917015657261,0.050140986375046694,0.04980165685711361,0.05053286166612363,0.049132706481079154,0.052860842771166566,0.04874492523749572,0.05093780375681276,0.05133658690430027,0.05110669761963193,0.04999731673758834,0.0
2022-08-25,0.04945839089530869,0.04938212989732979,0.05092073304714834,0.049040444646381375,0.04853683015709133,0.04782045680960181,0.050693462457379115,0.048498187799456735,0.05033136020879728,0.04936548244735499,0.050007604905122696,0.05024493400181009,0.0507374996727746,0.04927930636036503,0.052701061132719614,0.04880502358371543,0.05096385982480749,0.051507247287557574,0.05123997513054299,0.05046600973473501,0.0
2022-08-26,0.04918192148645904,0.049650010924856186,0.05079576590744488,0.049183637066615535,0.048835339467968086,0.04780261832133432,0.05103611093518342,0.04810425063093438,0.05061632336534173,0.049330324074000634,0.05057181173310301,0.05042630680662603,0.05049649474629409,0.049587124867117666,0.053146817816653424,0.04911291010163838,0.050541207475617966,0.05098356109249679,0.0508169818633968,0.04978048131691754,0.0
2022-08-29,0.049383847836420525,0.04898220983204278,0.0511151513878554,0.04875140806452419,0.049250324896009834,0.04763173464359702,0.05081699504415218,0.047632322670802224,0.05074187959687457,0.04995599274920855,0.05084423425129233,0.05090867900478239,0.05018832546043574,0.04930668601954209,0.05344336806097122,0.049521566774569856,0.05032925413025759,0.050818865243160774,0.05073155007793532,0.049645604255565384,0.0
2022-08-30,0.04949982643679118,0.04872883801590551,0.05079226798545174,0.049076458806388716,0.0496135995737195,0.04758884684575751,0.05094184037652219,0.047777048910097084,0.050459863593076686,0.04972222505689392,0.0504365671696399,0.05124728441636839,0.049513533499342566,0.04954432035871407,0.053660925473771506,0.049663200724188186,0.05083654096821563,0.05029475626618397,0.051005334134085194,0.04959672138888648,0.0
2022-08-31,0.04901942280190996,0.049067127389384506,0.050086836591045604,0.049215269275838774,0.04976043600366748,0.047270360361883645,0.051117334627345315,0.04713124906991645,0.05040004057214999,0.04976480277073806,0.050612812836953125,0.05210726433629577,0.04938148566057293,0.049873780847966794,0.05382125177215318,0.04960449063736402,0.05041429243834211,0.049979650065561106,0.051396968148599974,0.04997512379231122,0.0
2022-09-01,0.05,0.05,0.05,0.05,0.05,0.05,0.05,0.05,0.05,0.05,0.05,0.05,0.05,0.05,0.05,0.05,0.05,0.05,0.05,0.05,0.0
2022-09-02,0.04974612907817516,0.050080870916152535,0.05000382019665319,0.05028313716122383,0.04977713854455182,0.04975487893713269,0.05015886235141794,0.05025262462552794,0.04925324204818696,0.04945700432952955,0.0497671314033649,0.05055513125740511,0.05033927263621535,0.05073619969086748,0.05015518487978009,0.04974638926284849,0.049805016463756055,0.04984945314542209,0.04988313218557156,0.05039538088621713,0.0
2022-09-06,0.04947882353614739,0.04995958796077548,0.049209959853119774,0.05092419709384456,0.05009349258226595,0.04947744322441534,0.04998407711370564,0.050173624157749,0.049538487937272745,0.049658649018470946,0.05008443315904794,0.05008510341582492,0.05037551296765458,0.050984554923778055,0.049921679920439235,0.049484730713917666,0.050327150174209585,0.049874578311625326,0.05034279395467017,0.05002111998106551,0.0
2022-09-07,0.048969781642024916,0.050518327017940866,0.049069431349197716,0.05080704490162262,0.05062179917382881,0.04926425705326369,0.05019407724466735,0.04998033779070855,0.04932684756770528,0.04991573921425833,0.05016816057389139,0.05088283803921393,0.050165776423446364,0.05096085379140471,0.04992942328993992,0.04895529122581713,0.04975670530631411,0.04989748285642347,0.05034701575323242,0.05026880978509822,0.0
2022-09-08,0.04842695873992858,0.05037831623847116,0.0485357560090915,0.05094283632569768,0.05104387666287901,0.04944370737174423,0.05090058378377533,0.05004282396936548,0.049239630494777864,0.049163465505572566,0.05020454326395735,0.050984862564125835,0.05029016406497615,0.0508503563017774,0.049830809240462466,0.04878027681498079,0.04941243511708716,0.05021651079766026,0.050512115867372996,0.0507999708662961,0.0
2022-09-09,0.04821266381479167,0.050386692568195564,0.04916467098166851,0.050857698745742856,0.05102906138195786,0.0497019194388004,0.05048866124856455,0.05047820420463129,0.04928047853047102,0.04876927632309512,0.05062360361763355,0.05125025042732766,0.050321297145865064,0.05076534389090976,0.05001959474284612,0.048550680002710206,0.049489340171456585,0.049947893341738596,0.0501513818724979,0.05051128754909535,0.0
2022-09-12,0.048284393703710515,0.05073170424129431,0.04995042109205998,0.0509330441670611,0.05060944070578032,0.048837485805149794,0.04941114875154919,0.05048507586734072,0.04931047524436359,0.04848278421694036,0.05088422932900709,0.05164940139547115,0.050271367505075215,0.05076406862411973,0.05009163751319436,0.04911428560702063,0.04957793796089662,0.04982546589037659,0.050176240935619516,0.05060939144396915,0.0
2022-09-13,0.04797323307451166,0.05035268695894724,0.049671589148080515,0.05048762648159645,0.050689681139517294,0.04901635594188081,0.0493589562560367,0.049783372602726826,0.04894648962028928,0.04882909709411454,0.050884109327149894,0.05125297203835951,0.05034605131983785,0.0508226823236511,0.05007439589303244,0.049670141454363166,0.05004904637045937,0.05024060988783759,0.050654061600162156,0.05089684146744529,0.0
2022-09-14,0.04797234839388608,0.050314826592530455,0.04979984441411369,0.0505273187503692,0.05073495858424713,0.04845818285237868,0.049231182943020556,0.050221521870912396,0.04903698795231951,0.04861166443190805,0.051256888027635124,0.05090896312586348,0.05100828918703949,0.050749488172138736,0.05005047251919589,0.04973131371156175,0.050430936388228084,0.05024992752881103,0.050209879009963515,0.05049500554387716,0.0
2022-09-15,0.04831042061353605,0.050136288436221,0.049447274437813916,0.050524553912162234,0.05127248925415633,0.048325023562066076,0.049083413374649616,0.050344116638191,0.04922329073823043,0.04873069895520075,0.050632705339616384,0.050931859426611784,0.05121980352661914,0.050655255550568254,0.05003121200265919,0.04987591537157281,0.0501508921562843,0.05029690305452747,0.050178230114263374,0.050629653535049876,0.0
2022-09-16,0.04794920289367547,0.050173366176124876,0.049424306453176456,0.05125374227253729,0.05144325626178057,0.04837125732258992,0.04884658864670392,0.05041899583817212,0.04859694601409785,0.0487519785663475,0.050481052138542176,0.051143931098156833,0.05119993289624927,0.050315621218202,0.04948769121607599,0.04974882591615799,0.05033475118487499,0.051134817378805125,0.05040957459596061,0.05051416191176893,0.0
2022-09-19,0.04789801502650117,0.05049104167473315,0.050068339736066975,0.050627921924626194,0.05146885166098617,0.04827021362885887,0.049164096123099084,0.04973781110927991,0.04817203255072567,0.04879486870832057,0.05046593260435513,0.05191049146593456,0.05154043314200882,0.05013425452475738,0.04986212772941187,0.048882578694072136,0.05027931217830509,0.05106309826982376,0.050933860049931445,0.05023471919820198,0.0
2022-09-20,0.04825656743327214,0.050702981891571644,0.049921371507126444,0.05054503965358478,0.051512036359997106,0.0484548406763462,0.04870558310346341,0.0496503302580139,0.04848925263763703,0.04897983740118717,0.050675499216214816,0.051583103448711934,0.05186612917494471,0.04959105339324093,0.04999957685566306,0.048638067406576835,0.05012146984240263,0.050906983320312404,0.051297789659920524,0.05010248675981216,0.0
2022-09-21,0.04803613277478186,0.05035470810643934,0.04973930100933612,0.05091477250829476,0.05157020809345498,0.04861761064127744,0.04877785507499432,0.04926544719624289,0.04864866716358603,0.04899165283226636,0.05047692896633683,0.05205097862144395,0.05187408387183608,0.0496520886739594,0.04970390350642824,0.04881089804878331,0.05037987109020573,0.05047070556865,0.051817717916948065,0.04984646833473415,0.0
2022-09-22,0.04787234266876894,0.050433729875630676,0.049441109324125786,0.05085961004675261,0.051828158851046045,0.04838375442896196,0.049025950049538095,0.04887556899231737,0.04878026508876721,0.04901508025152803,0.04987658416035054,0.051985895747116366,0.051786323120529755,0.04971029608434592,0.04994024034225268,0.048990631623069075,0.05048704003007074,0.050399241670341245,0.052151502087567865,0.05015667555691897,0.0
2022-09-23,0.04822926459148357,0.05092410859299232,0.04980379316108273,0.05076795897443623,0.05153591429909087,0.04808232180990807,0.04910346694324642,0.04879932081708093,0.04851954769829359,0.049096188294096954,0.049180262575249226,0.05185321015742827,0.05161281239569222,0.04963752519079911,0.04973360308674392,0.04882735043598094,0.051001039832160866,0.05072546368982183,0.052441269343333555,0.05012557811107823,0.0
2022-09-26,0.048183617904653225,0.05068955568095591,0.0487304189182319,0.050533455485109666,0.05121729180728112,0.04812735568518884,0.049328448597374785,0.048675003873051105,0.04881909875552658,0.04922870692918191,0.04921531614019537,0.05185557178945339,0.05128741113607689,0.05000299407254622,0.049616549536237925,0.04913693016041873,0.05121721719224032,0.050988428966065674,0.0521544282545783,0.05099219911563214,0.0
2022-09-27,0.0485890752026789,0.050775022829561055,0.04861161893750963,0.05023665100993005,0.05174385738682331,0.047638387525823535,0.04968983209280546,0.04854701806006498,0.04843980941390442,0.049189190011305416,0.04908325964183608,0.051779171283708784,0.05138659400583911,0.04973352670878477,0.049780065634204625,0.049007478753225996,0.05157084706316322,0.051534820375204224,0.0518292554787705,0.05083451858485582,0.0
2022-09-28,0.04882381267313644,0.05079974533856617,0.0486852796181994,0.04968837620595178,0.05124590891124944,0.04756717137574447,0.04979963355866583,0.048886864355307806,0.04848227728933126,0.049131367060671546,0.04886147829879453,0.052050136578380236,0.05126209087927609,0.04957796694152942,0.05036873668596292,0.04870677237245062,0.05067442600028576,0.051759274526124305,0.05253263302257107,0.05109604830780061,0.0
2022-09-29,0.048766930585714845,0.05083911464847539,0.04852114922303017,0.049531839763178945,0.05188985275882954,0.04806936533501888,0.049740353772300454,0.04903272239343914,0.048101899297007936,0.04983140502997982,0.048555771961133594,0.0519706961130723,0.05116900661413532,0.04912893994059338,0.05052750234156224,0.04901553128742283,0.05075426904909961,0.051017916367584536,0.05243113857169517,0.051104594946725986,0.0
2022-09-30,0.04905228704583117,0.050391938220389725,0.04893433910444214,0.04931663342605351,0.05133258364077716,0.047688041403823246,0.050033712285859094,0.048987749643432436,0.04816912759590966,0.0498039648937092,0.04872331541513568,0.05159299583988466,0.05151967652553541,0.049601684545147906,0.05038283652309322,0.048931006336636024,0.05102175611191319,0.05136934485355137,0.052366188491534044,0.05078081809734109,0.0
2022-10-03,0.05,0.05,0.05,0.05,0.05,0.05,0.05,0.05,0.05,0.05,0.05,0.05,0.05,0.05,0.05,0.05,0.05,0.05,0.05,0.05,0.0
2022-10-04,0.050310115331628796,0.049679187418621706,0.04945507471108648,0.04967450745881793,0.050292884342335406,0.0497431685301641,0.050264004994796,0.04979147204509922,0.05021695687351661,0.04971054439129292,0.049998374956850555,0.05011181414303554,0.05008284172722457,0.05041860799119103,0.05024972443757924,0.04924925870795955,0.050482234780079994,0.049951931425304956,0.05032394374956,0.04999335198385559,0.0
2022-10-05,0.050040887631631795,0.04995543263767377,0.05009594332816282,0.049432352166144625,0.050215004309235395,0.05035735621629781,0.04958950620000527,0.04962885899192697,0.050289841249289806,0.049912580179165625,0.05037672547285571,0.049547047476323346,0.04996867057919655,0.050893427884811326,0.050312590674143884,0.048978472416814973,0.050608264650774594,0.05029621956196127,0.04985559822640963,0.04964522014717496,0.0
2022-10-06,0.05011487853955905,0.04979596636876984,0.04965284860673541,0.04933350610007403,0.04980865555837297,0.05022625380573744,0.04958426727911594,0.04989215543883298,0.05014731700839744,0.05059950085752145,0.050303766536077286,0.04980913443232866,0.050021430584628296,0.05080164875869001,0.050712665789714145,0.04924285043090105,0.050223770104614006,0.05025870117592077,0.049626541987361515,0.04984414063664787,0.0
2022-10-07,0.05000013752120074,0.04948428664960956,0.05001100952432357,0.04922518975517108,0.049865675532451526,0.04996338536893251,0.04912040304154657,0.049433420212414855,0.05043904229230491,0.050385359132237816,0.05036737729441946,0.050130521522937656,0.050329205155512584,0.05045305141784806,0.050758952102423704,0.04932259564537075,0.05030915892669291,0.05037044413758577,0.049916640113400794,0.05011414465361524,0.0
2022-10-10,0.050254570319128146,0.04991288687669221,0.05007090506701657,0.04904975314977952,0.049896406610682245,0.049609174931338075,0.04932099021280714,0.04994670273311986,0.05010781872381875,0.05015667294588832,0.05085273982312654,0.050658604856391384,0.05047351837899691,0.049824550685008184,0.05104100548338672,0.04925323149930754,0.05060051798048707,0.049997091448687185,0.04915000462046466,0.049822853653872866,0.0
2022-10-11,0.049896860388939174,0.05026134909003238,0.04989683788323517,0.04868808045156416,0.04982317367818472,0.04961443781945061,0.04957330108264463,0.0501527091582676,0.050097526378247874,0.050008391239058536,0.05079876139582436,0.05078013181428528,0.05054387209801621,0.049444569536869855,0.051760580801873596,0.049354072253343304,0.05037550728096092,0.04946905985085799,0.04961836426780749,0.04984241353053607,0.0
2022-10-12,0.05037668851768032,0.05045945670966916,0.049877007554409616,0.04883797737149833,0.04972832334773868,0.04983141795606469,0.049600568211019345,0.04931288299130079,0.05000535470558787,0.05012544148582226,0.05093383158479151,0.05026252028800952,0.05076293097590449,0.049454238024227375,0.05139734851180713,0.04952486643186651,0.050343265212885624,0.049383607326727225,0.049452380157396426,0.05032989263559325,0.0
2022-10-13,0.050541581817555616,0.05072912623134439,0.04986513190335194,0.04920407749318779,0.04971610120390618,0.049521196639390655,0.04934633231538417,0.04934231723732499,0.05026600077879183,0.05023864561484294,0.050799704278008374,0.05049105128212905,0.05025334826778143,0.04873811620996446,0.05226632929468534,0.04900669194990176,0.05061025629771823,0.04927465593988314,0.04940121299116887,0.05038812225367887,0.0
2022-10-14,0.05001804904850284,0.050569765978725166,0.04988240106315904,0.049193509485662264,0.04945756544311075,0.049809531574593426,0.049497979008973174,0.04964762209694204,0.05043686980710484,0.050168459917480215,0.05095422827457268,0.05077739652865822,0.05033495941998648,0.048315215464738645,0.05255148889202293,0.048826924539155665,0.050543951542658096,0.049409161446560705,0.0490770818682773,0.05052783859911582,0.0
2022-10-17,0.050369165938601836,0.050493034140169944,0.049487562202383435,0.04891124858021349,0.050230319809971245,0.04983161886898234,0.04937950077676203,0.04971062177705097,0.050824086605669574,0.049947433716141944,0.051202510562428354,0.050455150916436334,0.049952409624952454,0.048216657963441815,0.05344281027804114,0.04883361296922235,0.050847640011965685,0.04895659828003971,0.048547502988689366,0.05036051398883594,0.0
2022-10-18,0.05106777569051996,0.050166777329968985,0.04931640483320895,0.04878013231335428,0.05005445027772446,0.050039178820582585,0.04978438004127029,0.04947642656235062,0.050761398863560694,0.05054215901615754,0.05123580823665115,0.05033777270642248,0.05000002355300824,0.04843155337090142,0.05297680975273128,0.04891849330137356,0.05081120614479943,0.04938567832233486,0.048200667252541414,0.049712903610537824,0.0
2022-10-19,0.05156604286961565,0.0506222614722349,0.04919177067814718,0.048224141581717506,0.05006564033983631,0.05006618663430416,0.05053618173629359,0.04959469789351049,0.04986305440216145,0.050614167689384204,0.051298506570138326,0.05064812502430239,0.04988595740543979,0.04832714408610409,0.05326629616268284,0.04903406460354631,0.05017562772838778,0.04919415345603295,0.048059940172222745,0.0497660394939375,0.0
2022-10-20,0.052115030335291294,0.05041065277968346,0.04880671790776651,0.04820936833350347,0.04990949161270021,0.05018478423051238,0.05092357525332662,0.04968968489968535,0.04974615746244513,0.05042853860449163,0.05079485219333621,0.0513149304835338,0.050125511354281845,0.04840269255080517,0.05336125971726269,0.04887759334024839,0.050219828913317485,0.049196719590140346,0.04767839533718331,0.049604215100484635,0.0
2022-10-21,0.052014086476800295,0.05080322322170748,0.048406115347680315,0.04795331341634615,0.05039933154434624,0.04998352225689349,0.050877044442285566,0.04982962864068198,0.05016123607312607,0.05059190635534948,0.05064925035534653,0.05109389514989623,0.04994538893372714,0.048906933431160836,0.05355378633051214,0.048300795783587605,0.04994448722909695,0.04907622561480357,0.04806867908685015,0.04944115030980163,0.0
2022-10-24,0.05149486522143505,0.05077671890297712,0.04809699131382077,0.04772007475221119,0.04990417971296066,0.05058066708975929,0.051616454473801816,0.04941853636539553,0.050131836205192466,0.050978910495269744,0.05066693830104898,0.051500839133960585,0.04962805501858321,0.04836903120774372,0.05382162513259753,0.04863847113655511,0.050236198809181835,0.0492628429148689,0.047822688887409134,0.04933407492522753,0.0
2022-10-25,0.0508617994775165,0.050816282747154544,0.04798587166904928,0.04749876890425933,0.050061645980724524,0.05065403517896178,0.051736363631484726,0.049240313151571305,0.049489723420690725,0.05151614500554767,0.05078296349657542,0.0516477686444857,0.049558447669487776,0.048768000934417986,0.05399081203969051,0.04888858964155275,0.05040793428659727,0.0494498378064818,0.04722037473271367,0.04942432158103672,0.0
2022-10-26,0.05080959069172382,0.05094346828508049,0.04799626585281575,0.04722856103826433,0.049836827704058465,0.050514602647731895,0.05141704825990145,0.04966715080763182,0.04950628938627866,0.05206714356396507,0.05068162312251939,0.051574610301179345,0.05018506099540521,0.0487608955524819,0.05413358322629167,0.0490892342886091,0.04992396084610678,0.05009455046227604,0.046404373658150165,0.04916515930952853,0.0
2022-10-27,0.050590038600027816,0.050946210786777996,0.04803187050929838,0.04755607512567306,0.049327124625536185,0.05034431700070023,0.05116442235059433,0.049673029304722,0.04968486780082505,0.05218919919012971,0.0512418875614775,0.05205610421135677,0.04936888467611072,0.0491939731460396,0.05408624527123597,0.048707498122125756,0.049979362154797896,0.049874295971936086,0.046542618397582065,0.04944197519305282,0.0
2022-10-28,0.05028021845380668,0.05085588742897191,0.04871681131159573,0.04793817495193097,0.049058277762353976,0.050177600923736264,0.05092728612879594,0.05022489798112006,0.04944628122882358,0.052100227206576304,0.051006956394832846,0.05176784885655292,0.04944307811580962,0.0495457855376451,0.05390718891379611,0.04876546238925458,0.05017575482115304,0.05000076775265877,0.04598846212010927,0.04967303172047619,0.0
2022-10-31,0.05036079913136619,0.05094918204478946,0.04805354220759072,0.04772106554781471,0.04926888367390121,0.0503648427498276,0.0510292469656176,0.05139018726196947,0.04946106051049042,0.05150467228472999,0.050542069019402766,0.051958341452473564,0.049190272136928566,0.04941439733287897,0.054190669884723326,0.048626101206476965,0.0504272226091987,0.05007353049876733,0.04602455044437547,0.049449363036676804,0.0
2022-11-01,0.05,0.05,0.05,0.05,0.05,0.05,0.05,0.05,0.05,0.05,0.05,0.05,0.05,0.05,0.05,0.05,0.05,0.05,0.05,0.05,0.0
2022-11-02,0.0495939110259024,0.04987280630095779,0.05010910921117248,0.049932921532120325,0.050198487743972835,0.04986514251391218,0.049607186834257695,0.04968411318068393,0.0502913483242582,0.05018048019171727,0.04988312639308288,0.0495747876702311,0.05039506021236346,0.04959116201738272,0.050062520355074795,0.05113311013906773,0.04973685042420719,0.050265328094939075,0.05017107148405301,0.049851476350643076,0.0
2022-11-03,0.04940876951993819,0.04979835044123677,0.05036201789822862,0.05018281745681912,0.0507702420594262,0.04987823206938315,0.04942197912853548,0.04956188568546432,0.05028011316394836,0.0497380794335984,0.0502271430326314,0.04996850910963584,0.05042904957619609,0.04938052989323963,0.04953072374944813,0.05142242200540752,0.04964346971596671,0.050311044987917344,0.05025304528076732,0.04943157579221153,0.0
2022-11-04,0.04996943007244345,0.049840217006406104,0.05065353756198075,0.05027255058407735,0.050869951957480224,0.04998093195269364,0.049533671120399206,0.0499816064076005,0.049908079322987076,0.04922392051822936,0.04980923631653332,0.050297155262837026,0.05079196403078092,0.049428605407032866,0.049588203548435204,0.051189702574401634,0.04889782466514863,0.04982314797786684,0.05010518384469646,0.049835079867969354,0.0
2022-11-07,0.04961601778540447,0.050159848983496104,0.05061583475044505,0.05032522269024785,0.050376415456421596,0.050125574682921,0.04977524986403076,0.050432204792133034,0.049924864548463344,0.049266267633814816,0.04942630767100082,0.050329254628617225,0.050898774176738736,0.049552827410828275,0.0492880400597665,0.05112041401828365,0.04930997435091643,0.049686264219019574,0.05012069702314575,0.049649945254304884,0.0
2022-11-08,0.04990431440454337,0.05011176448967148,0.0506636046783084,0.0505004691561573,0.050065423483818865,0.04951493344494091,0.04975322211990501,0.051218944355486136,0.04965631465872847,0.049520544359006685,0.04955620316509151,0.05022425014413197,0.05088763517326281,0.04981296863194386,0.04926380048742451,0.05097781909834833,0.049330327661397694,0.04933451415441694,0.05003207904589154,0.04967086728752411,0.0
2022-11-09,0.049743937491539686,0.05075161400864895,0.05040921027583384,0.05029886609601812,0.049974083258406445,0.04920395747994304,0.049846211764709616,0.05121424736306703,0.050170170121795185,0.04944363419680375,0.04985772219957599,0.05023260607550697,0.050683619087533556,0.050370755960569065,0.04889901910192529,0.051030247270103704,0.04930002463662216,0.04918888045976153,0.05014798217697755,0.04923321097465853,0.0
2022-11-10,0.049954657958859214,0.05071575382609523,0.05064683197702599,0.050801525653555314,0.04986994713437636,0.048750439182674785,0.04943143760550658,0.05141038645054337,0.05050553204662282,0.049775214755025284,0.04933382958541764,0.05050251653634287,0.050574908573421964,0.05023626093833547,0.048911684646071006,0.05050311694132907,0.049275071920375405,0.048922415499517785,0.0507526301235472,0.049125838645356544,0.0
2022-11-11,0.05037934417971533,0.0506740082932792,0.050024572218543194,0.050843427737558046,0.04996463849133113,0.04880244082793473,0.04915800812692431,0.051197833097404194,0.05050466986616421,0.05003123905777809,0.04876451005206462,0.05056344571195315,0.05045331177190576,0.05067998731381362,0.04925999063857809,0.050659572829715685,0.04948160050039896,0.04878629813003393,0.050643730279316755,0.04912737087558694,0.0
2022-11-14,0.05074455254579318,0.05071842000500377,0.05039962932065111,0.050644749595996706,0.05017716900065532,0.04859637697700343,0.049238921614232725,0.050407296802748726,0.05063786975737723,0.05053649533123409,0.048597587270027234,0.050432408562852575,0.05056145256082389,0.05087958040383499,0.04915698914520885,0.05001513496933022,0.04994378372246969,0.0487472804221586,0.05046989092843552,0.04909441106416213,0.0
2022-11-15,0.051116977333248347,0.05029720030485519,0.050439253954088416,0.05061107264836844,0.05083510603639499,0.048473000697915526,0.049462345516481175,0.05044108898270348,0.05104674604294685,0.051356466180787326,0.048868247785872954,0.05029698438067902,0.04993703164733658,0.05046032096425771,0.04888118697034165,0.04947458675330207,0.049888969194343435,0.04865870817294675,0.050490997516646756,0.04896370891648321,0.0
2022-11-16,0.05063862735293702,0.04986677976044425,0.05020080613157422,0.05097803685730429,0.05076599836144689,0.048004974753184985,0.04947610670978676,0.049968304483148436,0.05091692072567266,0.052223428511964765,0.04885185195920418,0.05022566261936765,0.05022872757597787,0.050340146936189954,0.04908223641781225,0.05009867597315152,0.04996479719263466,0.04849405363402186,0.050761470496267,0.048912393547908724,0.0
2022-11-17,0.05101831172760312,0.049668724553396916,0.05010581987195207,0.05081309111411854,0.05034428506531819,0.04785698374861322,0.04916980420373628,0.05017904268452401,0.051172515461503316,0.05247584784517822,0.04858309791133791,0.049885372369516644,0.05089726141680374,0.050367237328928706,0.0493816477738249,0.0499590736007436,0.050089961004401024,0.048167032441990505,0.050627933793108044,0.04923695608340107,0.0
2022-11-18,0.05073343453271895,0.05008509724926912,0.050070099522036504,0.05117257715816487,0.050772677465071636,0.04749852860949245,0.04910803251102614,0.04953629334404453,0.051724256980882885,0.05232762425937766,0.04885510489170718,0.05002237862934979,0.05076337564720492,0.05009165436991605,0.04954869360651766,0.05047978673265643,0.04933679984896433,0.04819907999015641,0.05074323272686998,0.04893127192457271,0.0
2022-11-21,0.05086419340411254,0.05011086149969796,0.05056541110992151,0.0509852835996262,0.051262671127956516,0.04778780724150916,0.04966808886256815,0.04931518752558508,0.051583969015879444,0.05238956858484261,0.04893445115917843,0.04978017448734518,0.0512217652517965,0.049761708342768156,0.049423187707447094,0.05022926656375709,0.049127478111664444,0.047928716203775285,0.050964085889872335,0.04809612431069612,0.0
2022-11-22,0.05086072421743701,0.04984563802728311,0.0516199949732228,0.050614668426565104,0.05124987235393612,0.047858814902652334,0.049764605563693144,0.0493150955399509,0.05208394558564287,0.0528704976001388,0.04880521223803271,0.0493522664380065,0.05107693670418322,0.04929202687290723,0.049111190524190856,0.049392263476336726,0.049185367172576176,0.047636545543711634,0.051639578054360626,0.04842475578517218,0.0
2022-11-23,0.05094869235985359,0.05018996241452374,0.0519741737567845,0.050763889014108235,0.05107667212494717,0.04782964987807782,0.049625572485905795,0.04936155230964483,0.05249050591659472,0.05245297049602318,0.04817398062167495,0.050371048519063544,0.050777355795544266,0.049023142111792845,0.048916031193066395,0.04894788734020342,0.04952764388285817,0.047540835696722676,0.0518866477072189,0.04812178637539145,0.0
2022-11-25,0.05104239470756706,0.050707817952678674,0.051742297134104255,0.05042800335162494,0.05127246897004477,0.047704230827858844,0.049244593202944026,0.04931983979658577,0.05255464297288396,0.0529562604248252,0.04789003265116716,0.05102748288619418,0.05061589746836795,0.04870197250384014,0.048870690278449806,0.049841490216438245,0.04997222725671543,0.04665939641630172,0.05154378670441195,0.04790447427699591,0.0
2022-11-28,0.05076174017697649,0.05117769077583631,0.051994080173452834,0.05074175982123593,0.05121872871047099,0.04704135044259337,0.04901900306668982,0.04998913663007343,0.05241349361757049,0.05291608459842608,0.04857010081564426,0.05110141905904606,0.05066849886514138,0.049144703623568,0.048298935391535326,0.049368715235119015,0.04956359210636209,0.047497443347137805,0.05077189489961993,0.0477416286435005,0.0
2022-11-29,0.050336445269325174,0.050927025111130515,0.052295427262475505,0.05092148800810963,0.050536330241680624,0.04694108249989803,0.04907413848159246,0.050592700945812884,0.05255672655467776,0.053057359871941774,0.04850805799686504,0.05146120531414892,0.05046710671803827,0.048353801975734446,0.04801836123913628,0.05003639076470416,0.049964079563047846,0.04772329249350387,0.050880147076583566,0.04734883261159337,0.0
2022-11-30,0.05065216990955652,0.05076043417310161,0.05196747163796725,0.05062047257652239,0.05074438223301386,0.04670032923809026,0.04917770644291179,0.05036044947694053,0.052476767513797457,0.05276812024984223,0.04819314596103959,0.051837348279408,0.05068991433158165,0.048400283906243444,0.048446383137972955,0.05016617518868133,0.05033353606676235,0.047838624742483356,0.05063918388074604,0.04722710105333739,0.0
2022-12-01,0.05000000000000001,0.05000000000000001,0.05000000000000001,0.05000000000000001,0.05000000000000001,0.05000000000000001,0.05000000000000001,0.05000000000000001,0.05000000000000001,0.05000000000000001,0.05000000000000001,0.05000000000000001,0.05000000000000001,0.05000000000000001,0.05000000000000001,0.05000000000000001,0.05000000000000001,0.05000000000000001,0.05000000000000001,0.05000000000000001,0.0
2022-12-02,0.050370805046178094,0.05005586849060518,0.04995030885575991,0.04978196118660242,0.050471957333743794,0.05018713898238532,0.050106788164615466,0.05058330557137957,0.050156821433047574,0.04987556386863573,0.05001354516493224,0.050070299103722245,0.04960010434625836,0.04963838667554898,0.05039771458990007,0.04971267146321578,0.04927186042135153,0.050004837112480376,0.0496268854704943,0.05012317671914288,0.0
2022-12-05,0.05039165152458694,0.04999899092183772,0.050267106353438396,0.049938871780614694,0.050252041905520635,0.05033682988004477,0.0500140961423278,0.050576389197022474,0.049836156170588945,0.0503636910506563,0.05035705189838785,0.05001530524177918,0.04962919231274571,0.049594312280780754,0.05079024196029245,0.04943713282422472,0.049123524191671895,0.04962033502482694,0.049488478591344344,0.04996860074730748,0.0
2022-12-06,0.04992341172228131,0.05028217778961439,0.04972686559696079,0.050633035640880904,0.05036246660736075,0.05081503464716323,0.049864295669826746,0.050623137560324605,0.04974745299590182,0.05014514494525847,0.05060777112288045,0.050487860099582844,0.0494166385716514,0.049504800381084735,0.050709177266092184,0.04966342868739189,0.04919069500349859,0.04982165484311585,0.049335330922412976,0.04913961992671597,0.0
2022-12-07,0.050228105619327446,0.05060340659111298,0.04944901534599259,0.050472996741564545,0.0504191418258637,0.050584834679850005,0.050542118943974604,0.050575382544589834,0.04960583091966412,0.05067581029975362,0.0503405355146778,0.05090211584823662,0.049275303113443726,0.04944895563363288,0.05057467462825415,0.05008807365543432,0.04908115827946092,0.04921083340101675,0.04926657655717237,0.04865512985697708,0.0
2022-12-08,0.05012978694797364,0.050432875403861314,0.049679792309113215,0.050694769088057916,0.050481866652204166,0.05040074715947835,0.050377113609003356,0.05037881539557042,0.049162047272569544,0.05050452826679987,0.05082263067334265,0.051493406703268935,0.049288251684409735,0.04971109307695646,0.05095064980721521,0.05018940986593461,0.048365094804715146,0.04880389782427607,0.04906548850716062,0.04906773494808883,0.0
2022-12-09,0.050268277522431286,0.05052917446370745,0.04971319348811161,0.05072275355780203,0.050541506912020945,0.050784134099190976,0.0499433697585559,0.050206689876292426,0.04940616852739084,0.05014825562021665,0.0511302651070084,0.05160842002818359,0.04884741271671048,0.04992849508168895,0.05123918336915622,0.05046696608855104,0.04829559545823063,0.04858134742146334,0.04883928973987016,0.04879950116341722,0.0
2022-12-12,0.049927897700791854,0.05074224223361665,0.0500927708269205,0.05061707244136284,0.05044081774847362,0.05072872268022982,0.04925959070210719,0.050556055310177456,0.04921617998620755,0.050124142014578814,0.05085626524447539,0.05227322271716987,0.04923490313095123,0.04960696543498494,0.05147701252766426,0.050203406068626485,0.047873091581509535,0.04898403646990737,0.04891003473710699,0.048875570443137555,0.0
2022-12-13,0.050486993275719934,0.05031241261140637,0.04958023666815399,0.05054154065514026,0.050498895597432814,0.05062392486916858,0.04912114310961006,0.05069426302871316,0.04964806772395932,0.05034613145063943,0.0507935754294501,0.052227793303878195,0.04949907546964316,0.049067017804112927,0.05145495507586376,0.05095176190513282,0.04805548533639238,0.04858916870241015,0.048892842413609604,0.048614715569563094,0.0
2022-12-14,0.05003652640688242,0.05017886709556927,0.050266665154687626,0.05009741104929125,0.05062420852182058,0.05114430223368186,0.049312070727658044,0.050357185715619514,0.049426312749646976,0.050274887354150616,0.050869471732955994,0.0528384643896426,0.04914346527154016,0.04898961922309294,0.05136563012280076,0.05089780419240275,0.04808637646685064,0.048570294888621475,0.04876035032876097,0.048760086374323504,0.0
2022-12-15,0.049958389618382934,0.04982714581236859,0.049765029114164736,0.050255429072887235,0.05109807861412946,0.05139261656852168,0.049152595754972175,0.05007073366796994,0.04932515896504603,0.05036853776925941,0.051293711008174106,0.05270931932876164,0.04917640247960672,0.04880345794426813,0.05131490351603791,0.05166434499267657,0.048301418004404593,0.04790686137305734,0.04878268482373579,0.048833181571575096,0.0
2022-12-16,0.050159696029549276,0.04964281703410239,0.04921232518292182,0.05031688493561263,0.05099130712564868,0.051491213371743276,0.04982770774458823,0.04996547820773333,0.04917026959694171,0.051105111081880865,0.05090952516567546,0.05239713541057592,0.04955861335499776,0.04878050560750578,0.05146318023702236,0.05147994589288533,0.04833289445459271,0.04807185552167843,0.04863281574699277,0.04849071829735139,0.0
2022-12-19,0.04977349436466203,0.0494434236123996,0.04918737592404035,0.04999510364063316,0.0509252093098495,0.051240365202218335,0.049820354535797105,0.04990364772755572,0.049178864122876344,0.051133924272516534,0.050929558420941295,0.05313166209017987,0.04962581197643818,0.0488516518792329,0.051212576623984166,0.051458828768732354,0.04833503557348489,0.04864782728736466,0.04911450243477905,0.0480907822323139,0.0
2022-12-20,0.049761378032327386,0.0494815665360595,0.04867655964339949,0.05021954839210944,0.050647303107458186,0.05158119471288101,0.05007691241467445,0.050092788217338834,0.04906957701566646,0.05083795895775908,0.05078965483924871,0.05324005558684562,0.050146000185556816,0.048580846348324686,0.05105641639657212,0.05171026491868179,0.048184596583897,0.048693147216374105,0.04968116985997698,0.047473061034848385,0.0
2022-12-21,0.05032677999675647,0.04937097948252827,0.04866471621151471,0.05025597249546983,0.05044734871792862,0.0516577690444001,0.04981159282734766,0.04979133387347126,0.04932691855370324,0.050434480739697723,0.05058736668956499,0.05343592813797121,0.05006331813043549,0.04868702697688862,0.05100046760500339,0.051763405264618714,0.048495520860731965,0.04798483823486063,0.05011523064398145,0.047779005513125694,0.0
2022-12-22,0.050193584303463226,0.04918577953562907,0.048677737959361464,0.0502151681087748,0.04991676190771759,0.05170708114538105,0.049592067319105974,0.05014428887547861,0.04938866627841199,0.050923169821369546,0.05042329234135979,0.05334307286749095,0.05051877357166127,0.04958069477697144,0.05087680230766166,0.05199135272252466,0.04835263500613511,0.04803701712221818,0.04953620430846051,0.04739584972082316,0.0
2022-12-23,0.05030916313705474,0.049180326335141925,0.048587770449267334,0.05066410152161044,0.04990164394431344,0.05192825718328168,0.04960032615945902,0.05018994556044414,0.05009174762978708,0.05074681355791245,0.05077289914869931,0.05300115700871606,0.05002125681464848,0.04979610750110316,0.05113547999754917,0.05160966301539131,0.04807258090109992,0.04785771949426033,0.049282548257404905,0.04725049238285512,0.0
2022-12-27,0.049401264667174136,0.048847074713243586,0.048362605499805325,0.05007524674070124,0.05013426598611954,0.05231669237727607,0.049832671831915545,0.0503051386031754,0.05031711669071862,0.050695202193526176,0.05102935024275923,0.0527898928817802,0.04967040302472024,0.05033137876983637,0.05069429643760379,0.05152908341205657,0.04845971081495595,0.048332261908902614,0.04959154495757751,0.04728479824615182,0.0
2022-12-28,0.04925896984281227,0.048865184849796996,0.04838183122664574,0.05038758584339639,0.04994937718538512,0.05238011429189529,0.049640631522743124,0.05053253607693835,0.04984065599200401,0.050933553983247594,0.051643392204930326,0.052702959802637735,0.050122340267347874,0.05037875804396763,0.05068089690688762,0.05108108763815036,0.0486097375420815,0.04817247191585468,0.04920355554181176,0.04723435932146579,0.0
2022-12-29,0.049176772631491075,0.04927803447197641,0.04829964220932869,0.050103338628655895,0.04997241719304198,0.05273188708759459,0.04976833553234166,0.050857524530899555,0.04949271418154864,0.051693084105553774,0.05146434096292801,0.05267512948124034,0.04999695425120099,0.05043237007398096,0.05038026204522924,0.051077253584733855,0.04879385270096745,0.047711785496694234,0.048987723182060176,0.04710657764853252,0.0
2022-12-30,0.048961702106615095,0.049315381165530636,0.04873279059476008,0.05024241665764515,0.050182896367321296,0.052966044053163096,0.050036695578560934,0.05042824274968391,0.04974114499183632,0.05185085467351412,0.05158062160353204,0.05203451699490941,0.04965720437068058,0.05068246065684644,0.050149663693467426,0.051077251959412276,0.04939253209195692,0.04772902520213989,0.04858550890173892,0.04665304558668581,0.0
2023-01-03,0.049999999999999996,0.049999999999999996,0.049999999999999996,0.049999999999999996,0.049999999999999996,0.049999999999999996,0.049999999999999996,0.049999999999999996,0.049999999999999996,0.049999999999999996,0.049999999999999996,0.049999999999999996,0.049999999999999996,0.049999999999999996,0.049999999999999996,0.049999999999999996,0.049999999999999996,0.049999999999999996,0.049999999999999996,0.049999999999999996,0.0
2023-01-04,0.049922423345189475,0.05016610001938989,0.049700088558747114,0.049714592608366456,0.04988985314485652,0.0497812380401781,0.04991730599473769,0.04995611020536066,0.05024320767844952,0.05003407459786346,0.050348119440801406,0.04988987162380821,0.050476244219322196,0.050336529608087974,0.050200020645659815,0.050256268376960414,0.050464638025313625,0.04928371266652623,0.049749922690735665,0.04966967850964557,0.0
2023-01-05,0.05001875345502916,0.04961126110810074,0.049269253064721366,0.05033082895751625,0.049638063885768004,0.05057174028178495,0.04989410118191483,0.05023951966881818,0.050718526683333716,0.05003298684588692,0.050987940931368374,0.05048185536135471,0.05036605032663082,0.050517322620120715,0.04956407466212463,0.050040169011132965,0.050360200292643244,0.049379927988090794,0.049073119679494355,0.048904303994165337,0.0
2023-01-06,0.04987990564662875,0.049789472878602366,0.04920288438514046,0.050974291535170274,0.04959944270112709,0.05012958166325784,0.049723295189050054,0.05070972679950488,0.05103602825574006,0.049901540337651124,0.05101365245131677,0.050226198942681294,0.05034396419313181,0.050049369547397866,0.04961499800945168,0.049283473605061585,0.050644355820580786,0.04937415613142022,0.049459540692949035,0.04904412121413611,0.0
2023-01-09,0.0492488662540559,0.05091435327270194,0.048804177954609985,0.05093637349256713,0.05029567169702141,0.050279083296461295,0.049905630496830285,0.05077395737499421,0.05076583401135995,0.04981912188104051,0.05066276101946973,0.050321481983234335,0.049729088968372054,0.04957388296457429,0.04967100810699859,0.04912556049105618,0.05072456692977536,0.04954635251387437,0.04964431817110625,0.0492579091198961,0.0
2023-01-10,0.048896255118000435,0.05090987593403197,0.048380213594663574,0.05109540429990474,0.04992537626463095,0.04984695470023192,0.04976762860590715,0.051419230473561214,0.05113276920801442,0.050175464227720776,0.05044950925113942,0.05070313077298262,0.04960410137476766,0.04977234166988045,0.04937169337491354,0.04990433108161698,0.05056385996127737,0.0499378125831549,0.049218042507641606,0.048926004995958276,0.0
2023-01-11,0.04918912034960784,0.050829920374420315,0.0485231607639034,0.05107813620028688,0.05011575385329473,0.04977599327176082,0.049032579464849624,0.05112703646799316,0.05121053525433395,0.050107532037471564,0.05046273103182401,0.0509618416174824,0.04991374085521357,0.04934337144502141,0.04939827555291341,0.050045648729269664,0.05026433550955225,0.049802897103335485,0.049480743117290206,0.04933664700017534,0.0
2023-01-12,0.048514243716314125,0.05115368010947745,0.04797093180826251,0.05175836453395534,0.05058114151820539,0.049632257978643464,0.049006554320025125,0.050991535305410826,0.05104947023959012,0.050643889971890454,0.0509188527181464,0.05092351172189087,0.04969474230544773,0.0496377990613976,0.04903237599977217,0.049804262565661984,0.05041664068485016,0.04933301497691202,0.04958107475974802,0.049355655704398135,0.0
2023-01-13,0.048293577014306914,0.051781968608738925,0.04848207623517809,0.05103643678718181,0.04978654093629236,0.04971896810766511,0.048681696506256235,0.050923525772765474,0.05103349963487614,0.05064328812821157,0.05044557023643823,0.051145231147531375,0.04929335779786331,0.05014122885553644,0.049056606711423735,0.049998773631058764,0.05074436649177567,0.049084395295917016,0.050021850966561886,0.04968704113442113,0.0
2023-01-17,0.04813005092802808,0.052102761103845936,0.04850694820590618,0.05113995261474227,0.04989900690422337,0.04980755660506294,0.048820883284696776,0.05060291226236521,0.05117049973560691,0.05048334456406271,0.05000393370785566,0.0513554880463963,0.048997132942885324,0.05003402240387472,0.04859944023007284,0.04992201914600021,0.051201740061715496,0.0490485680484351,0.05024782193969716,0.04992591726452664,0.0
2023-01-18,0.048623456379961086,0.05122230583438894,0.04840050295826246,0.0507844241121467,0.0500143897382792,0.04938180072692874,0.0490025373488966,0.05091582332591437,0.050834096861494746,0.050837159896459726,0.050173088188786366,0.051205572141607016,0.04869656931896261,0.05036151121261195,0.04920144733711216,0.04996244813994141,0.05134534191795077,0.04937093027447667,0.049881633249143964,0.04978496103667449,0.0
2023-01-19,0.04900957602456406,0.05155593179883527,0.048177570213934096,0.050083685959325615,0.05005107176033732,0.04949976261125941,0.04838814188197442,0.05006666021106149,0.05107269299042175,0.05097662451707136,0.04985162730610119,0.050941591302578304,0.049081951620467995,0.05058284987859357,0.049623924913794006,0.05039817875111729,0.051683531802307274,0.04950032787567028,0.05024313982457683,0.0492111587560085,0.0
2023-01-20,0.04876994826099651,0.05242276336942329,0.04838360421729282,0.049907113540925266,0.04977536280182965,0.049927503376999124,0.048078704397687765,0.0498404772219495,0.05153242023784485,0.050879671825605086,0.04941154117225443,0.0506687045637467,0.049160928402176333,0.050540096982795296,0.04965789054748353,0.05041416452912701,0.05155676051155066,0.04940420386588989,0.05043948547776816,0.04922865469665388,0.0
2023-01-23,0.04910421505749321,0.052531843766575104,0.04827254405767576,0.0504390049371611,0.04945637465175105,0.04935541631546572,0.04808821609836972,0.05012756398672515,0.051762843166997585,0.05077586601706958,0.04969212198207616,0.050418961720455784,0.04924619212812623,0.050450878539928024,0.04921298284358949,0.0503419975868797,0.05151758601547585,0.0492100723354269,0.05069731334833277,0.04929800544442507,0.0
2023-01-24,0.048943995100052255,0.05220821275612591,0.04813342134622327,0.05030424446648505,0.04943758049835224,0.04915516148964812,0.04770639142892075,0.050114215223807615,0.051891892083720685,0.05139447174786737,0.04971053322002406,0.050524927029398106,0.04935051055109399,0.050254371154647044,0.049212547648566876,0.050962311354383644,0.051077520517775296,0.04930170294846565,0.05114849247171255,0.049167496962729595,0.0
2023-01-25,0.04911839974748645,0.052128492596372644,0.048032296125585364,0.05040662283711144,0.04916003868591757,0.049279280842593046,0.04780077649864668,0.05031516358442121,0.05179533490190273,0.05132471668981312,0.04943294962433245,0.050911233313342116,0.04896369672659284,0.04974131239542838,0.04895965876558441,0.05097646331559413,0.051100850596272056,0.049788412464539016,0.05171352381392001,0.04905077647454438,0.0
2023-01-26,0.04861579652554699,0.05162359259915807,0.04743200515986777,0.05079238899050874,0.04895545197048202,0.04927005757554955,0.04811667290327827,0.05105174836641742,0.05156265323878891,0.05173574678104389,0.049869901809737396,0.05119718763458037,0.048662137366151936,0.049133140141847505,0.0490067651604534,0.051008732934668496,0.051217849933329895,0.04972271300082757,0.0520203009135046,0.04900515699425714,0.0
2023-01-27,0.049018241144189095,0.05210882097676505,0.046921736078138564,0.0508251988373824,0.04887292368982419,0.049358621093270355,0.0480972600039377,0.05111812265966845,0.051415783970910206,0.051688473238548124,0.04953400706534678,0.05094119589928513,0.04884576872943339,0.04891611816695363,0.04918006328947739,0.051061367512792256,0.05194454700935742,0.049667159090274596,0.05177172565606932,0.04871286588837585,0.0
2023-01-30,0.04881519882415745,0.05169453716644127,0.04649528743688593,0.05080006938134987,0.04921112059701941,0.04964257018923052,0.04777549786045541,0.05146411637673871,0.050799967287378976,0.052009851334629265,0.0490344754607707,0.05152156790411679,0.049318516714263724,0.04957604595119211,0.04919132072160451,0.05079335203740016,0.05186123621622693,0.04961432424215299,0.0517665142550906,0.048614430042894737,0.0
2023-01-31,0.04857277778628728,0.05183689612809101,0.04671293244984128,0.05030318897368413,0.04890268058458801,0.04947751373366402,0.047109442036838124,0.052450663914283456,0.05100276207600994,0.05221258797777789,0.04970328780164856,0.051608239406625185,0.04910389945838877,0.04916850968633786,0.04941909942736662,0.050463933641508994,0.052409604972700266,0.04949025133132498,0.051501989545212415,0.04854973906782127,0.0
2023-02-01,0.049999999999999996,0.049999999999999996,0.049999999999999996,0.049999999999999996,0.049999999999999996,0.049999999999999996,0.049999999999999996,0.049999999999999996,0.049999999999999996,0.049999999999999996,0.049999999999999996,0.049999999999999996,0.049999999999999996,0.049999999999999996,0.049999999999999996,0.049999999999999996,0.049999999999999996,0.049999999999999996,0.049999999999999996,0.049999999999999996,0.0
2023-02-02,0.050043695521303035,0.049757613950758645,0.050311664272714204,0.05026236122243382,0.05036646612806815,0.04972420834836621,0.05064281001047799,0.04993069002496839,0.049922779021175444,0.05028307215792739,0.050183424859266634,0.049621295462127575,0.04955293776637584,0.049667620748549544,0.050066309503139825,0.05039070669108728,0.05053671639712805,0.04934312346751633,0.04965001710267803,0.049742487343937575,0.0
2023-02-03,0.04983589651092665,0.05024891885126906,0.049951262025305566,0.050251329143463204,0.05026529090955939,0.04956933258391601,0.0512538393332014,0.05021734288195706,0.049580244494938204,0.0499151736212077,0.05004030855356502,0.04943018723581362,0.04981253190791502,0.049368571160926286,0.04980765604084533,0.05051064938101077,0.051022592958495254,0.04905716373116333,0.05040217212171035,0.04945953655281068,0.0
2023-02-06,0.0499479005127346,0.050201869017902044,0.05007083788913165,0.050297993201165195,0.05004355810382712,0.049955938830926166,0.051097749168866766,0.050553885156869406,0.04952074085456211,0.04985732433176717,0.04991916794461003,0.04971035367385746,0.049714633597730574,0.049380216921727546,0.049350244413118596,0.05062844654215092,0.05134568162022537,0.04938489498892234,0.05021396385922064,0.04880459937068452,0.0
2023-02-07,0.049730886750508595,0.04999207210030219,0.05001692271392609,0.050330389064801084,0.04999059732874395,0.049349790628376466,0.050694313642618824,0.050525882084979636,0.04996957317384093,0.05017564039071751,0.04966028075673687,0.04939191101467199,0.049892885295759214,0.049155756578637355,0.049971526838223396,0.05030122234035273,0.05135266631090255,0.04977240387789643,0.05018435949141662,0.04954091961658757,0.0
2023-02-08,0.04995768906744954,0.04960234218079419,0.049697771088847556,0.05111350691775599,0.050074759949796536,0.04894814781548513,0.05100258647245074,0.05036585732212854,0.05029454635010478,0.05057868142179265,0.04978171510392905,0.04942179674538982,0.049726441790924794,0.04909822781620816,0.050127955313033094,0.05010235826497466,0.05128404174394778,0.049394572845407284,0.0500321445176234,0.04939485727195636,0.0
2023-02-09,0.050134281444577836,0.048975100576401746,0.04985366612243072,0.05098225466794374,0.049913424980644536,0.048502375053899593,0.0509799127015617,0.05099299082451884,0.05030643974080086,0.05104437389016439,0.05009314943051909,0.0496064092010125,0.049963419374900044,0.04882830502895466,0.0507832148541563,0.049675455755090435,0.05117370358787156,0.04936180625169694,0.0498034736772112,0.04902624283564345,0.0
2023-02-10,0.05008398834143348,0.048515110662880674,0.04980186658121877,0.051529827901266194,0.0500627554083491,0.04895367798258495,0.051122445909677836,0.05086647786226104,0.051003467968679245,0.05105275900638845,0.05013359430592504,0.04922032014197937,0.049833467342438924,0.048636752512817724,0.050655745367556355,0.04955959694245579,0.05079352415829892,0.049379238925743314,0.04958874754296824,0.049206635135076435,0.0
2023-02-13,0.04984605972857305,0.048472244777267956,0.04949993807793188,0.05149205669149249,0.04964269028481,0.04866192735903108,0.051145440698783705,0.05120608299929432,0.051880423342096305,0.051517226245369224,0.050421770989135674,0.048526890034321465,0.04921240682768952,0.04853544105876376,0.05142476750349031,0.04981756214265899,0.05087490263013984,0.049046809701667214,0.049586420563679116,0.04918893834380421,0.0
2023-02-14,0.04981627411554567,0.04872085445059904,0.049432889891738385,0.05201019922993465,0.04945750207720253,0.04847204247375323,0.051094189975998044,0.05121487711443601,0.051622959985061743,0.05119853125412108,0.05056963651777739,0.04875135126923245,0.049445314681721496,0.04841048458531751,0.05136847544833109,0.04949553587419159,0.05070391113762578,0.049409686822285796,0.049510910881614696,0.04929437221351197,0.0
2023-02-15,0.049971360314469936,0.04849581314337063,0.049352829909303855,0.05152930265559503,0.04865941996115223,0.047892364038162855,0.05142338283819506,0.051829546279117615,0.05149753471255927,0.05062897395741894,0.050164212883735154,0.04968822659733483,0.04939735428203905,0.04904333234882798,0.051741438087694346,0.04943428155784952,0.050802606016680664,0.04963635705785236,0.049328192433262884,0.04948347092537771,0.0
2023-02-16,0.05055421633704367,0.048895319829308066,0.049165969869652285,0.05145578352336634,0.04892511581037116,0.04767473023541225,0.05166595426806579,0.05138197834790504,0.051606740399950606,0.050393528963245914,0.0499774096541807,0.04971235148034199,0.049156376451203854,0.04890056692381494,0.05161284325987016,0.04954225655253849,0.050724874648425455,0.04962653182143585,0.04929972566679037,0.04972772595707703,0.0
2023-02-17,0.0509238590730431,0.04868397855312722,0.049058719037523735,0.0513503685273861,0.04889963696980071,0.047998915892953485,0.051513310486145984,0.05111173197274695,0.05131284710591523,0.05085272909064403,0.04985582534398225,0.04997507517720621,0.04928864285325459,0.04886354550661861,0.05170954733107861,0.049997971922959,0.050378740805465935,0.04968592013638885,0.04914709817949075,0.049391536034268636,0.0
2023-02-21,0.051378710938901805,0.04870337542638414,0.04871033400571652,0.051507083211850414,0.04923126635870439,0.048183691949553915,0.0512857581332485,0.051524608196867126,0.051725417430767494,0.05056979512226123,0.05022314256187333,0.049768032184181424,0.048890391003449725,0.04810711731407438,0.05177478947408408,0.049522691000980036,0.05085892714572813,0.049242946874497866,0.049247182738284045,0.049544738928591375,0.0
2023-02-22,0.05246720600788601,0.04829817102615341,0.048703107937801596,0.051917877774332356,0.049363995173454266,0.04811425120528874,0.05034370826325677,0.05107741651402498,0.05172752138909921,0.05000934970867961,0.05035321719764089,0.05025208115560514,0.049006332018316036,0.04815622537358703,0.05155908969423909,0.04932202339856093,0.05085906049074271,0.04968260086829279,0.04982940443032936,0.04895736037270888,0.0
2023-02-23,0.05271702968980018,0.04868860510779586,0.048485622523041255,0.05211526220474145,0.04961073685251275,0.04764279792631167,0.05027972499067263,0.051177901996492914,0.05192158653118081,0.04946487025169012,0.05045606701097288,0.050177452939022205,0.04885844160177848,0.04754613979046809,0.05197208936616851,0.04912401205572756,0.05122444547273848,0.04994160754171143,0.04968695598586855,0.04890865016130394,0.0
2023-02-24,0.05281419005851697,0.04932455518793774,0.04806743436709354,0.05247801530002451,0.0495322509097687,0.0474613232386697,0.049820533887022546,0.051650899796733145,0.051634434677516224,0.049642499227418105,0.05073469590938978,0.05050694059369107,0.04873073721167499,0.04765594482956737,0.051889475241537704,0.04874939395697762,0.050730952595891485,0.05000746619623545,0.049506186471509485,0.04906207034282404,0.0
2023-02-27,0.05323015335463239,0.04885168141774123,0.04812441968218271,0.052380598772766594,0.04981159178135813,0.0476478749784033,0.05011242746143524,0.05114730466485839,0.051495623931046126,0.04927704396755726,0.05021098484988578,0.05087013730365306,0.04926475829121356,0.047841743688941646,0.05234461290883183,0.048758073435635506,0.05060311752197702,0.049890649092001665,0.04924438205506741,0.048892820840811146,0.0
2023-02-28,0.052920099875609874,0.048794893255885416,0.0484341401325174,0.05214407518510534,0.04953815758853801,0.047376082112544925,0.050057802787126134,0.051357072960866945,0.050841954599841414,0.04953005805883786,0.0500618566110118,0.05116091191677427,0.04954999440099167,0.0481711392362187,0.05274400285289831,0.04815218079315557,0.050527848067456194,0.049725597758997,0.04918984609604741,0.04972228570957572,0.0
2023-03-01,0.049999999999999996,0.049999999999999996,0.049999999999999996,0.049999999999999996,0.049999999999999996,0.049999999999999996,0.049999999999999996,0.049999999999999996,0.049999999999999996,0.049999999999999996,0.049999999999999996,0.049999999999999996,0.049999999999999996,0.049999999999999996,0.049999999999999996,0.049999999999999996,0.049999999999999996,0.049999999999999996,0.049999999999999996,0.049999999999999996,0.0
2023-03-02,0.049838153709469424,0.04950701924495192,0.04982936373244339,0.05000271039328083,0.0499807279180081,0.05032784165175981,0.050302111048112386,0.05000719620760527,0.05034768554603511,0.04974508000849273,0.05010492066898333,0.05021392914814198,0.04998073575805371,0.05002581153838255,0.05016455912305832,0.0500286382895833,0.04997986060796603,0.05040428145444379,0.04983025718625115,0.049379116764976846,0.0
2023-03-03,0.05010850950243956,0.04974751890714445,0.049674285827332035,0.04998208602803418,0.049787224575776466,0.050186261739784785,0.05048678574060649,0.04972697523247937,0.05062988319803358,0.04944137324202996,0.05034345652579976,0.05035823763607997,0.0491288896155756,0.050307048377316525,0.04967832701105238,0.049707639787884575,0.05050186309742793,0.051057970707058746,0.04947875363907894,0.04966690960906454,0.0
2023-03-06,0.04997004995025082,0.05010100129349397,0.04982153481247439,0.04956672742113933,0.05021280429830406,0.05036697346019791,0.050367802665085525,0.049558474686800184,0.050677042257081466,0.04943776920580075,0.050265885291122414,0.050626251142991546,0.04876812380971269,0.04989933510217419,0.049489758418458096,0.049462193235592505,0.0507939796802004,0.05071427818624286,0.04952944669531433,0.0503705683875625,0.0
2023-03-07,0.05013915341942207,0.05024953101912055,0.049107059873782145,0.05010198637968214,0.05046591100339866,0.050450094332391456,0.05108349581778391,0.049387724644247684,0.04998307812562572,0.04929659692424573,0.049925245454650886,0.05049163528689857,0.04894301583141073,0.050232815486724376,0.04960068518843757,0.04958853783827204,0.0506571862586845,0.05078054836655938,0.04981101724592854,0.04970468150273334,0.0
2023-03-08,0.050433778431435254,0.05035698131225381,0.04929649943191419,0.04989080278244932,0.05012901306433455,0.050767497421589994,0.05125951195471627,0.04932800385935446,0.04963736320464451,0.04921155873634714,0.04998215588882579,0.050322379372530736,0.04860004577404264,0.05034512094256493,0.04952112341253211,0.04954605405608311,0.05161004137556392,0.04995470809763794,0.04993961386216868,0.04986774701901049,0.0
2023-03-09,0.05076469625631722,0.051004425085406396,0.04867371453496812,0.05041510842411336,0.050059043087381905,0.051517500101148514,0.05113608563968499,0.04925736520178181,0.04957346078113752,0.04937510671991227,0.05005245510811519,0.050866045693196235,0.04817268500969316,0.05032310238152962,0.0500041484351224,0.04900336393106533,0.05160558234139709,0.04911793400423838,0.049531055646175826,0.04954712161761448,0.0
2023-03-10,0.05063734875379269,0.05163935571749165,0.048119079830165015,0.05035098304839701,0.05003804335803021,0.051047949910962905,0.050931858945576544,0.04901106052462058,0.04912595807865062,0.04952226347184614,0.049463197820075674,0.050859093214869186,0.04827101108882148,0.050817610939443855,0.05033875204868711,0.04917983830241807,0.05200759804901948,0.049233591382724394,0.049944757155885595,0.049460648358521944,0.0
2023-03-13,0.0504080631633194,0.05162657186797105,0.047953950508004356,0.050590328045803545,0.050023529772813546,0.05133411174105088,0.05122414496857059,0.04918114334393585,0.04854953948048896,0.049857339466074735,0.049369667439709594,0.05075198948907078,0.04872407658399515,0.05101163785244074,0.05029689555378626,0.04943988603096674,0.05191322449725875,0.04894712782433498,0.049782641469249676,0.049014130901154605,0.0
2023-03-14,0.05071600353387502,0.051344543100598876,0.04859124662378923,0.050696630309048925,0.050029379550985964,0.05170815391514845,0.05120564497666199,0.04963305680208715,0.048134411615448666,0.04982614605810806,0.0494104788416521,0.05102667142202643,0.048393997098192865,0.05032881556846868,0.05105606094853795,0.049097739198831425,0.05204644673761144,0.04819036156234143,0.04934649025381446,0.049217721882770855,0.0
2023-03-15,0.05092146856375422,0.05093509486168149,0.04909980138125487,0.050326795698095596,0.04998157086389641,0.051277193633348137,0.050724167632026904,0.04967695054601414,0.04808174598620455,0.049382780477236786,0.04991911473623552,0.05125641366421965,0.04862479731687311,0.05060946203682913,0.05085594056244363,0.04961177922426895,0.0523223351776677,0.04772293434179522,0.04963421951648841,0.04903543377966567,0.0
2023-03-16,0.050344181776561976,0.05128032126350172,0.049339461559328085,0.05045270739064288,0.0494905053384611,0.05106664602379483,0.0510387077818636,0.05014139166173068,0.04809488738622286,0.049540448548374416,0.04953423380444536,0.05078547261253788,0.04886838496079358,0.05037220418011424,0.05075675885583013,0.049766735094626556,0.05176658207494927,0.04783417345325234,0.05009534037250442,0.04943085586046439,0.0
2023-03-17,0.0501685321664153,0.050719404588426296,0.049399829303072455,0.05107246013606742,0.048677832148830466,0.05079029469046724,0.051424634866220294,0.05063400226262348,0.04834020195060415,0.049705525428217094,0.04974596809939672,0.05098104590555981,0.04846966672588963,0.05059020037624193,0.05030135233818669,0.04981177245002182,0.052336390739309915,0.047901911051992964,0.04991979078340829,0.049009183989048105,0.0
2023-03-20,0.050320748218002184,0.050725258946996206,0.04885041171724,0.0512581153104384,0.048642320958196275,0.05083863159218774,0.05194535402993052,0.050521762974545616,0.04912725875176186,0.0497359043630029,0.049465590475979954,0.0511256988175783,0.04831449972175867,0.050789611864597364,0.04984834624025727,0.05014287557954127,0.05214925554662747,0.047444400860825596,0.04972337874159636,0.04903057528893607,0.0
2023-03-21,0.05060119482120821,0.05076696836832683,0.048909138444406294,0.05158788737984931,0.048838788670131354,0.05071645084489493,0.05251368210028713,0.05062442372644197,0.04936892721621231,0.04964029941600874,0.04902894471313091,0.05138658852399817,0.04893148878074697,0.0498519556201009,0.049440032405204434,0.049783969763143164,0.0520265869663095,0.04786136346820645,0.04988292033210274,0.04823838843928971,0.0
2023-03-22,0.05087084916579857,0.050537030077049204,0.04867184455352676,0.051784763937160236,0.04866549977113901,0.050594555271238795,0.05321816728211138,0.05042269796718529,0.04925810061225062,0.050446831196786855,0.048564510741898465,0.0513380030252627,0.048500260170191815,0.05001146073033514,0.049739177705221994,0.049610429512490874,0.051753860861971465,0.04758024471530542,0.04936833485528339,0.049063377847792126,0.0
2023-03-23,0.050818413456492934,0.05048350213212721,0.04824905237119328,0.05173972313077742,0.04893783781403249,0.050737411399663646,0.05369863560471848,0.04975127431387343,0.04972692772691208,0.04984144929983439,0.04862293046957834,0.05134950797462711,0.04814901463851699,0.04978403086607225,0.0498462347742309,0.04967445100054788,0.05139409831349456,0.047528223294695984,0.05009620286496452,0.04957107855364607,0.0
2023-03-24,0.051027448093307864,0.0513834505339631,0.04830362477540377,0.05180959861604372,0.04892480377466616,0.05007394359318533,0.0538285200873632,0.04987681568403222,0.04918481294461019,0.05001484297380174,0.04866953405727928,0.05070109456214418,0.048807600821329,0.04962846886862119,0.049544011490915286,0.04940278692241576,0.05121190283108724,0.04754339485761108,0.049740895658850356,0.050322448853369325,0.0
2023-03-27,0.05111559483781903,0.05140525176402292,0.048205667455770713,0.052074734575569465,0.04945318056014785,0.049795754387631994,0.05381856586111482,0.049572336297003465,0.048530256880777174,0.05044580019586112,0.048624248324610236,0.050447508838062496,0.048675144493183733,0.049544856098047915,0.04964202008856581,0.049343733456414164,0.05084831086390807,0.047600273379890944,0.049928733594905676,0.05092802804669227,0.0
2023-03-28,0.05081444425526834,0.05118790510215713,0.04844061403069949,0.05229002386544529,0.049791704911305135,0.049969191680801946,0.05306756265334405,0.04968080106018069,0.0481722683696213,0.05026564027829994,0.048721659215237634,0.05064791247406386,0.04907662610651864,0.04975853330053031,0.04986220814188643,0.04949187666838429,0.05105780447208626,0.04723247007492362,0.049813300311619214,0.05065745302762619,0.0
2023-03-29,0.05078615733753709,0.05162121626310625,0.04784034741970864,0.0518577881646204,0.050225848976794635,0.050228841627581955,0.053140079658705416,0.04919861011127553,0.04851089413935309,0.05027060562430527,0.048798551102439504,0.05165152829356869,0.04878545692064384,0.04949874530148033,0.04920999774825019,0.0496640802030799,0.05116523875185977,0.047285268758421886,0.04955376124916418,0.05070698234810314,0.0
2023-03-30,0.05076157324232288,0.051675353806198115,0.04783581184180408,0.05191495537130872,0.04977488120787805,0.04982844450566318,0.05329903513734325,0.04922675833514799,0.04853782885555668,0.05009940006521021,0.048805964686372716,0.05175152714297236,0.048802275075164755,0.04985116399305622,0.049785676888893925,0.04964070850123775,0.051084551977527995,0.0473446456693377,0.04920101084213233,0.050778432854871124,0.0
2023-03-31,0.05074240672242431,0.05219118636986655,0.04753385468033659,0.05184084203031074,0.049774215439511466,0.05001778685277936,0.053308216238026,0.048676730018276,0.048146420091879694,0.05009277280915901,0.048695316450919346,0.05149261143909839,0.04916820837256844,0.04931205677415445,0.05014730294420735,0.049655895332914333,0.05144252626028601,0.04727198635021061,0.049584391591642824,0.050905273231428474,0.0
2023-04-03,0.05,0.05,0.05,0.05,0.05,0.05,0.05,0.05,0.05,0.05,0.05,0.05,0.05,0.05,0.05,0.05,0.05,0.05,0.05,0.05,0.0
2023-04-04,0.0498524490859166,0.049904612332550245,0.050098150770400814,0.05044506719625154,0.050086853866004866,0.04997439074421203,0.04989124498154294,0.04985388501273115,0.04955709318026043,0.04992218504455738,0.050583416472645866,0.049678895697314054,0.05002644995142493,0.050261861230548766,0.05041221297971499,0.050289974266051564,0.04944561243228069,0.05037712571979345,0.04974794478768256,0.04959057424811498,0.0
2023-04-05,0.04984686104639118,0.04925099474840484,0.04967762073549402,0.05015839214170316,0.05025733023052693,0.04959346538178947,0.050093087383489124,0.04965619147200074,0.04909766602046366,0.05099272317715376,0.05105762269828691,0.050091817967677504,0.050263829080879736,0.050501585463353746,0.049660221708540835,0.05100619352981421,0.04998701409233503,0.050183947953939614,0.04952604669996118,0.04909738846779425,0.0
2023-04-06,0.04978442852561755,0.048728206859693896,0.049770251634754306,0.04970490696720751,0.0498053699404354,0.04993250440948551,0.04976944531226959,0.05008303809921164,0.049665525770536054,0.05086772692200267,0.05166211660195844,0.050144520487941095,0.04998265621289166,0.05060276368786893,0.049619838272298954,0.05114712957493635,0.050014692072962164,0.05044923182252947,0.04927960746368667,0.04898603936171191,0.0
2023-04-10,0.04957189807650269,0.047982578148085965,0.049569699683235414,0.049852537418638924,0.05034169897992258,0.050402334046262286,0.04969953879924274,0.04984323872061363,0.04948915818321696,0.051224310373949554,0.051336645063949374,0.05038311318010872,0.05063249924594583,0.05040080456501228,0.04992662248870945,0.05147175764341892,0.04941773121423129,0.050246618888568025,0.049455171304785724,0.048752043975599256,0.0
2023-04-11,0.04971609075184208,0.04808573576986429,0.04931623636816942,0.04933307394085432,0.050038303041538584,0.05006521264763081,0.049824537712864846,0.04985693082369047,0.05007608914343555,0.05139332065262311,0.05106649509200688,0.05030394602158843,0.05097418081541773,0.05018202511689638,0.049899231677418845,0.051289052287835896,0.049535491114727805,0.05072144567447166,0.04974904526431804,0.04857355608280485,0.0
2023-04-12,0.049479953093322905,0.047760861511282005,0.04929449646439887,0.04880211775094359,0.04947619563415439,0.050223920165953846,0.050363142950970746,0.04993098377862712,0.0499052529699234,0.05158143435361016,0.0510642837994515,0.050856281842058725,0.05099261071965394,0.04989268538407764,0.05030601190143173,0.05118979725318937,0.04963772957327727,0.050363055307845864,0.050078727922357825,0.048800457623468865,0.0
2023-04-13,0.04882078844089792,0.04808736261645632,0.04914555903001796,0.049017251502249906,0.0492587212774834,0.05050918096273856,0.05086833718572919,0.050011170854064466,0.04997972361100091,0.05201164476282941,0.0513485888362992,0.05018036283651252,0.050809928843630864,0.049556699250642745,0.050717641952235284,0.05080838995102449,0.04983998601704656,0.050724324354115974,0.050070358631552354,0.04823397908347213,0.0
2023-04-14,0.04876654682108922,0.04816094209295804,0.048947006139520854,0.04913620738374679,0.0484822465260465,0.050616470591626404,0.05080129163906804,0.05044117925055658,0.050124861628406216,0.05149939695901934,0.051416249560310504,0.0502551244992736,0.051554897210336646,0.049289542752319636,0.051033610464851234,0.0505497465571224,0.04995630108815432,0.05060301193627805,0.05035539122756616,0.048009975671749604,0.0
2023-04-17,0.04905508568069824,0.04810222129625475,0.04897437334837474,0.04932560113686433,0.04813459047565941,0.05001630395658432,0.050893211826605105,0.050765158397315185,0.050462434284295275,0.051680572019587874,0.051244756160466136,0.05047261424290244,0.05145167393419515,0.04892207770347145,0.05096650315654113,0.05047045866581304,0.05010787289645865,0.0513850584120485,0.049793363633822495,0.04777606877204157,0.0
2023-04-18,0.04952931981469368,0.0477116862135211,0.048771410088702116,0.049064257403318164,0.04889448788746254,0.050062609439108015,0.05085867467653622,0.050487540946884756,0.050442187272396466,0.05130727348778746,0.05126355423876682,0.05026692638344696,0.051168317495828966,0.04943495365761858,0.051061061169091745,0.05067417029906749,0.049844923615102,0.05142969251191509,0.04978059191050783,0.04794636148824379,0.0
2023-04-19,0.04979945309120926,0.047918778623311196,0.04856406958184678,0.048591465717605316,0.048765374952330194,0.04972162617775248,0.05108903210818881,0.050913027187636475,0.05078860480550404,0.051151795883331304,0.05100092741066915,0.05039311744286106,0.05157713042072536,0.04884323521028495,0.05046710170958583,0.051028481827513496,0.04948819521699189,0.05173459205732349,0.05015137072240496,0.048012619852923655,0.0
2023-04-20,0.04937638382834472,0.04773437155184677,0.049191266853010486,0.048274756486682543,0.048364909949871714,0.04936798399792947,0.051372399600193755,0.050677227025671456,0.05107627775169362,0.05107008176616769,0.05060795424160671,0.050603876694808134,0.05116340762792178,0.049315254938242986,0.05073039489162545,0.05093744367228711,0.04983348857215256,0.05176860674233848,0.05032195169976107,0.04821196210784329,0.0
2023-04-21,0.04937273494462351,0.04747944859995949,0.04941043648050975,0.04825774390110843,0.04844849456061892,0.04884801194957123,0.051964093951989296,0.050492679018521315,0.050765679374010546,0.05080504325774858,0.05073220397918042,0.05105358341346967,0.051214746026587876,0.048965274081305354,0.05107506827899619,0.050901061894726214,0.049727827443638774,0.05209538101620907,0.05041865588913318,0.047971831938091826,0.0
2023-04-24,0.04952163162953285,0.047929452489644725,0.04934034536266685,0.04789150738688253,0.048206684780741964,0.049311683928245434,0.05118809614722233,0.05051032322059297,0.05108640262472269,0.050285512313348636,0.05061331302947984,0.05133675460853814,0.051307932875139045,0.04867866400139015,0.051191660990872426,0.05096324508061139,0.04992806472503933,0.052405570462239655,0.05025856434789439,0.04804458999519443,0.0
2023-04-25,0.04953396743893834,0.04800056611208296,0.049341717431731304,0.047946677036027896,0.0484496351484136,0.04897583482743086,0.05128667767370724,0.050829093987460626,0.05099912428371418,0.05037210241738734,0.05055839891873429,0.05142663853330675,0.051005361869757626,0.04827795088233444,0.05155569151090754,0.050996022456262606,0.05039603916494969,0.052301669334695954,0.050009256977274055,0.047737573994882536,0.0
2023-04-26,0.049849180493382224,0.04804618558820886,0.04911542474734762,0.04791597164945774,0.048273934867141405,0.04921696800269398,0.05159443629858886,0.050545042825719824,0.050854408307223486,0.0504795159419864,0.049740430781753935,0.05187620248288692,0.05057930427111737,0.04802829951817815,0.05178980655049312,0.05133744126156767,0.05047040980660994,0.05271676883366944,0.04995596029367993,0.047614307478293004,0.0
2023-04-27,0.049576932721637365,0.04830049483643443,0.04900996253659538,0.0480186847106206,0.04840596275147222,0.049456254871092085,0.05155540662523139,0.050899794071003354,0.05114202082899835,0.050418561545703476,0.0494773477895378,0.05143680553729666,0.0506472618097183,0.04837578400472094,0.05188721365736569,0.05124053707558191,0.05075797612363573,0.051539852165290605,0.05007613859575092,0.047777007742312805,0.0
2023-04-28,0.04962347831641584,0.04832687457909488,0.04892367855415856,0.04809413585983151,0.048040084196533085,0.049536277910096044,0.05076199302121292,0.050904868926506065,0.05149718291749404,0.0507112989468617,0.04948564210923607,0.05119033882286062,0.05091611782539236,0.048598728765146954,0.05257887419193413,0.051193311662987434,0.05077163210708247,0.051332014298318684,0.04993004525527736,0.04758342173355909,0.0
2023-05-01,0.049999999999999996,0.049999999999999996,0.049999999999999996,0.049999999999999996,0.049999999999999996,0.049999999999999996,0.049999999999999996,0.049999999999999996,0.049999999999999996,0.049999999999999996,0.049999999999999996,0.049999999999999996,0.049999999999999996,0.049999999999999996,0.049999999999999996,0.049999999999999996,0.049999999999999996,0.049999999999999996,0.049999999999999996,0.049999999999999996,0.0
2023-05-02,0.05024046872092392,0.04966756613820458,0.05008758591764104,0.05012669578548953,0.050128140213361455,0.05008538642927665,0.049704638575227215,0.05033538822851033,0.049830203373649004,0.04985940745428963,0.04943542880102274,0.0501438283778202,0.0495409676792934,0.050896791698063035,0.050438048221711954,0.04985530914938131,0.04940753884753322,0.050127536540342334,0.05023072783258703,0.04985834201567134,0.0
2023-05-03,0.04985984129824173,0.050286714044677217,0.049812862763998544,0.049908244678920806,0.04997898474617691,0.05003534014317167,0.05018832115483341,0.04995511056150704,0.04925079976104368,0.05082162107468499,0.04935181473544866,0.05019006517553761,0.0498774175048386,0.05079102312530869,0.050800583318796354,0.04955788845894832,0.04929705937894173,0.05036874271286852,0.05031498832349917,0.049352577038556354,0.0
2023-05-04,0.04969399579625358,0.05003675551051788,0.049643571607919275,0.04992745195812842,0.04983104029604633,0.049723274631473045,0.05027498188105198,0.05071070210903485,0.04858280649155545,0.05113846041098579,0.04954997147976061,0.05063226404151892,0.05001700679240851,0.05076636465750553,0.05105576159599405,0.04948328697000839,0.04919564090509271,0.05023386769370898,0.05039480063288238,0.04910799453815333,0.0
2023-05-05,0.04885531559599931,0.05069614714187992,0.04955357672885058,0.05012041637047972,0.049746021420602894,0.04953468910918316,0.050103405995326804,0.05075905304119065,0.048606619810927655,0.05213304809351428,0.04934722769317874,0.05086926931789552,0.049999354349711714,0.05063245674688515,0.05102235754555903,0.049619421845365316,0.0490016071982271,0.05020598641614092,0.05017255341656715,0.04902147216251434,0.0
2023-05-08,0.04875824627381518,0.0507473110209375,0.050683978000014146,0.04939342208787654,0.0495991362717964,0.04961346025232703,0.04950721989655632,0.05092935493306453,0.04898589772450206,0.052104029544479645,0.0493719925724313,0.050764590991434426,0.05043410207551583,0.050467587569949596,0.051261692798115516,0.04920486799091009,0.04842449034700366,0.05062537715044769,0.05011776001211542,0.04900548248670719,0.0
2023-05-09,0.048615802196229164,0.051071488718872675,0.05048693449524494,0.049653498804788865,0.049362691567775306,0.04960666363842018,0.04974854385205694,0.05151670347974162,0.04882605747411096,0.05223381679485535,0.04932627098378013,0.05084997699844843,0.05055692301581183,0.0503170805032092,0.051011625305959325,0.049088894004078905,0.04789510747927743,0.051070696324586266,0.05033696094297446,0.048424263419778096,0.0
2023-05-10,0.04823829922756739,0.05130403976150182,0.04972288118359027,0.049675820186203534,0.04991479782198622,0.049726307282304,0.04996176679654223,0.0515492658950378,0.04928624149413915,0.05174798834973801,0.04875521715039672,0.050149453081283164,0.051161762446188044,0.05058772516836521,0.05077942941704802,0.04920406327449981,0.04846676710963126,0.051305266528563834,0.050315921972521,0.04814698585289261,0.0
2023-05-11,0.04820196770282202,0.051615287690713524,0.04907527977109308,0.0497759707911324,0.04962803490284662,0.05001236126924558,0.04979170032850322,0.05187705554191074,0.04912214077282183,0.0515305877647746,0.0490635516130837,0.049911668859648914,0.05130051062480453,0.050692201272810135,0.05072912443704414,0.049795871509126184,0.048387212363210426,0.051152998078373715,0.049976032445141844,0.048360442260893095,0.0
2023-05-12,0.0482942834873498,0.051429832622359714,0.049450116317044705,0.049441209486088857,0.04900073688981933,0.05024852079894549,0.05011761358615433,0.051285517246876425,0.04916619747598327,0.05143828017914307,0.04911377304831869,0.049204516827155764,0.05091839655188564,0.05126844776684022,0.05053154238723254,0.04972592251961988,0.04801105540827301,0.052186192141740355,0.05054730865489417,0.04862053660427477,0.0
2023-05-15,0.047571156532134555,0.05186296019823993,0.049957051095693546,0.04937498448282778,0.04864284218257055,0.05000668306740909,0.05003905676609139,0.0511711925563442,0.049109543734461775,0.0525642762850641,0.04909744102395646,0.04936100997494917,0.05072768224915595,0.051055440290887176,0.05049308213590658,0.05003629492657205,0.04785030108053823,0.05226094749267715,0.050291186365126535,0.04852686755939375,0.0
2023-05-16,0.04770892856375722,0.05260415681258142,0.04978852873958126,0.0490670749893945,0.04902577722860838,0.049314122428086644,0.05048175246459423,0.05138418496181852,0.04951463645417268,0.05238303641389039,0.04929365433225993,0.04933331417976938,0.050581686803918266,0.05133671852687413,0.05017450535809864,0.0501685150824962,0.04792022010570121,0.052412639207650887,0.049312209366789476,0.0481943379799566,0.0
2023-05-17,0.04733224508414474,0.05243683397626179,0.050169174991327885,0.04925760657616537,0.048872034862336176,0.04898010515721114,0.05076595265274647,0.05170556795156124,0.0491130331521511,0.0522255115164167,0.04868523047988905,0.049220305013664395,0.05062316869539794,0.05137735508855328,0.05033695122012468,0.05051005530801535,0.048006512873721735,0.05294397723586646,0.04927548855958999,0.04816288960485453,0.0
2023-05-18,0.04750133840750374,0.05245894048517412,0.0504381011377941,0.04878285887584169,0.04883500505224719,0.04852877894398505,0.05019373831648271,0.051992883321888735,0.0490775781045043,0.05170444242407407,0.0490068659650695,0.04890875922913047,0.05052489425017336,0.05154241778168154,0.05092093141500214,0.05030070959242159,0.047936885321315154,0.05351869433857499,0.04932903611943962,0.04849714091769602,0.0
2023-05-19,0.047034016309272626,0.05221809321845259,0.050323069323785025,0.04842213215944292,0.04918287887942784,0.04823650245224816,0.04966056962899845,0.05218563562235405,0.048844131679042,0.05184522005350942,0.0493155482988106,0.048635009205175044,0.05008185408805306,0.0511844206306561,0.0516455027765447,0.050635838069843876,0.04856072381437013,0.05372875913125131,0.04930098438229796,0.04895911027646425,0.0
2023-05-22,0.047000420728654166,0.05204369426055711,0.05018518042077388,0.04855786222859004,0.04887086327741145,0.04827346211748509,0.05031826433056458,0.052523635852606124,0.04860771261882102,0.051471816594086006,0.049318338847545856,0.04882503361017041,0.050241387138331685,0.050766330528460135,0.05122552436195297,0.05108423467776117,0.04921641020469972,0.053341247753305246,0.049393614584851975,0.04873496586337127,0.0
2023-05-23,0.04683613509872416,0.052588776148315405,0.05017285596565551,0.04827039605545674,0.049013409968554036,0.048228989280567465,0.05057067497712973,0.052618938746773716,0.048546170829503625,0.05172509301692442,0.04940340084523387,0.04826014202677593,0.05051731092630082,0.050881241482519164,0.05084030888834831,0.05152381143560666,0.04927398849204433,0.053302667182966605,0.04912624358851625,0.048299445044083095,0.0
2023-05-24,0.046954039906266794,0.052238396554683854,0.0505015113031234,0.04797449560278835,0.04880261329236113,0.048877043057675436,0.05014207250923259,0.051847531918448646,0.04852642626253083,0.05109567861395124,0.049309500997893795,0.04845028372623556,0.05050052083170018,0.051212888276367004,0.0508422471848975,0.05206028682580473,0.049166438263050234,0.0535170746285308,0.04949932368692253,0.04848162655753537,0.0
2023-05-25,0.04692277454971235,0.05181325563585472,0.05056431293292255,0.048205342602090494,0.04892434910436346,0.04896719488976296,0.049513331794613556,0.052291487363089924,0.04880919930497275,0.050973496334453854,0.04953177306357323,0.048100395258138265,0.05049687696647499,0.050912253173651556,0.05105684313270138,0.052049751066391044,0.049222516026559124,0.054166454961886594,0.04894944334170626,0.04852894849708088,0.0
2023-05-26,0.04683580606408819,0.05239487988118734,0.05032116694290463,0.0485224011884647,0.04878704636418573,0.049619236028049324,0.04958221365151534,0.051981082123912836,0.048802338490513436,0.0503107466293594,0.04924286163530327,0.04753055846383005,0.05015115319877151,0.05112626494590479,0.051020601066785604,0.05225975642248747,0.048760855971137496,0.05528277765556102,0.04893891206010519,0.048529341215932595,0.0
2023-05-30,0.04631428381385249,0.05260527638551928,0.05024141170238582,0.04875042634079367,0.04868668666424467,0.049850003998602045,0.049167068308845686,0.05207649529714626,0.048974512680666306,0.050119428933098564,0.04921377758024468,0.04792197804060997,0.049949181399189475,0.051537627741909786,0.0513875317624131,0.052087019303146985,0.049084843843170224,0.05503049533956324,0.048706387371238315,0.04829556349335948,0.0
2023-05-31,0.045759180422315,0.053290369927857156,0.050847135892880965,0.04895436069030373,0.04888068283671206,0.050140666252975995,0.0489744189091486,0.05205262479911142,0.04894925546565802,0.04993332410861508,0.04913862228945875,0.04828250785495461,0.04969620102841078,0.051319535425117635,0.051530125762894334,0.05119270971769728,0.049059178041013625,0.055262212655918,0.04896364794166394,0.04777323997729286,0.0
2023-06-01,0.05,0.05,0.05,0.05,0.05,0.05,0.05,0.05,0.05,0.05,0.05,0.05,0.05,0.05,0.05,0.05,0.05,0.05,0.05,0.05,0.0
2023-06-02,0.0500446541137787,0.05009156388258639,0.05035059904402304,0.04997621674893775,0.04998987018716446,0.049672952307505555,0.05001601256187412,0.0496619600400504,0.049942125153946464,0.04987315852210567,0.05042025221142501,0.04985605602868419,0.05013679480044172,0.04958953564633464,0.05010660725945627,0.04999141544751922,0.04984385868800849,0.05000401010190001,0.05007227180233465,0.05036008545192321,0.0
2023-06-05,0.04986970082732783,0.04989801136327652,0.0505803737700938,0.04978752865448866,0.04986305112578854,0.04955483974146079,0.05045023004595367,0.049024541666477385,0.04987574426442787,0.050251742346042884,0.05123373500955325,0.04980683193379026,0.050059554416358926,0.04939240705814648,0.049749655218321726,0.05036805284935001,0.0500830671551264,0.0497381993011078,0.05014093785038834,0.05027179540251903,0.0
2023-06-06,0.04996205122658085,0.04982288219522697,0.05055004850698672,0.04972103920889256,0.050293732065073336,0.049426654552474455,0.05096879632995954,0.0485594141729893,0.05000974393823071,0.050887198610027155,0.05106623773980984,0.04940101629572167,0.049805375141071785,0.04911524492777633,0.049468634203293595,0.050544410647243056,0.04937662047560826,0.050192088727735874,0.050083789222447654,0.05074502181285052,0.0
2023-06-07,0.049983349183406404,0.04931825401427157,0.05071005106876729,0.04965493360298021,0.050623597683887654,0.04932595121016613,0.05091865841916494,0.048959130633746385,0.050018074566897254,0.05113112458301899,0.0513582732707468,0.04929838104596465,0.049232800939609404,0.049220478709952664,0.04948306251582986,0.050286543915367646,0.04918350901057904,0.05039672163554143,0.04994577211393667,0.05095133187616504,0.0
2023-06-08,0.04964363800841485,0.049548359588009044,0.05102148724428522,0.049500949232063336,0.050481353322504474,0.04897832767837816,0.050513996544162304,0.04846257762661154,0.0501866198823541,0.05082089808568096,0.05106722503961148,0.04944794926608488,0.0497774781032644,0.049210511825433984,0.049772303235158695,0.05109904171598459,0.049019779572466296,0.050494789436971915,0.05006802775214312,0.05088468684041648,0.0
2023-06-09,0.04947642864422938,0.04958835403891099,0.05120261143531274,0.049635878781866184,0.050179933884410215,0.04904960080728416,0.050577690344841116,0.04809679031667761,0.050928829114586745,0.050770420870453976,0.0513595524416646,0.050088620371588705,0.048985387704526484,0.049046720274585634,0.049729700213007155,0.05116322081364152,0.04928109371896961,0.050439442565150094,0.050005973531016656,0.05039375012727624,0.0
2023-06-12,0.04952703692850075,0.04954128813178734,0.051268535626979236,0.05001774768521924,0.05051024888797334,0.04867955802728935,0.05112409308950245,0.04821030450860837,0.05055397995351806,0.05061741490854031,0.05114644405347098,0.04993751557176692,0.049102305823603865,0.049251611882722424,0.04958031409852459,0.05067799118139699,0.04984190989118462,0.05054383381536613,0.05009802066659033,0.049769845267454656,0.0
2023-06-13,0.04954078572074511,0.049305407892694185,0.050914848942407706,0.050057488191781914,0.05044972724307078,0.04805575123941291,0.05087604822755975,0.047764391064785326,0.05099781037024053,0.0508327681500351,0.05217684295585044,0.05019701672666667,0.04901659630399232,0.04888858821006908,0.0502521713452666,0.050167588339541005,0.049874654125070736,0.05058833940081698,0.05055293341513852,0.0494902421348544,0.0
2023-06-14,0.05027113948770215,0.04907814429248858,0.051135061458272985,0.05076609473796884,0.05047461118292151,0.047758012345759236,0.05126111032194979,0.04766145917461287,0.05090600390270524,0.05101796971418646,0.051653802870153254,0.05040268163760554,0.049005839734089396,0.049399955680516514,0.05006048993537342,0.049487190766924885,0.0488563034691446,0.05042914034312649,0.05067650020202404,0.04969848874247429,0.0
2023-06-15,0.05004944143442634,0.049340502940481125,0.051124547865989245,0.05052923280039239,0.050528396738366246,0.04769236553428899,0.05097480925057272,0.047701209263930386,0.05139503275446378,0.05046907478350887,0.052442191843850516,0.04982715632401184,0.0490158974985548,0.04973731167870618,0.050213637493597384,0.04976415740394616,0.048488001925402424,0.04984782518280522,0.05033755433187404,0.050521652950831435,0.0
2023-06-16,0.049958291748802564,0.048868647575682454,0.0509467773205234,0.04980832474723489,0.05058295520260366,0.047296881257949626,0.05091604196936952,0.047734157737968706,0.05157677324950512,0.05079416789258219,0.05274052103271897,0.049753647879512475,0.04872281724310444,0.049976605699999496,0.050424322516229775,0.049514381990420096,0.04962038062644892,0.04931615216173077,0.050968247960624186,0.050479904186988826,0.0
2023-06-20,0.05007628655653769,0.049013392450786494,0.05186999179322106,0.05002649547287624,0.05053157114565625,0.047192121647970604,0.05047062545245518,0.047354885197358476,0.051761447757605585,0.05110628058844313,0.05229379200180143,0.049670609349570995,0.04891516386601497,0.04971507472660234,0.05049184345398049,0.04919261316312088,0.04964429704902745,0.048729904605584996,0.05128580237467232,0.050657801346713355,0.0
2023-06-21,0.05004314563085021,0.04969882305742972,0.05128680663946563,0.049731996623465044,0.0509310379469841,0.04736643694977189,0.05044929371813158,0.047377886223590196,0.05168110187701528,0.051614241366207465,0.05311454362359608,0.050153727087706,0.048442203604301536,0.04964989363686451,0.05018937898100774,0.048946937390196045,0.04871619990323277,0.04877193427971939,0.051494424732434624,0.050339986728030243,0.0
2023-06-22,0.04978249078162334,0.05012752048344121,0.051540933490644855,0.04955157173050378,0.05129012331377247,0.04747442131585652,0.05032152061694143,0.047427950456072725,0.051501953447674394,0.051339714700847035,0.05267962044053759,0.05059320682022587,0.04846942175757078,0.04981440619621472,0.0498101198003854,0.048760182905544854,0.04943749540870419,0.04841059600115343,0.05134026255296767,0.05032648777931771,0.0
2023-06-23,0.049344234566996,0.04970172620753715,0.05133514410201953,0.04903877899760374,0.05158650224828959,0.04735200969927718,0.05063918184258758,0.04710215920183673,0.05134707909024658,0.05155331557739487,0.05267168171241243,0.050830581347372394,0.04833869240563597,0.04984683446402038,0.05016774407707775,0.04905689601112903,0.04907614467859888,0.048842367947198324,0.05171168538507925,0.0504572404376866,0.0
2023-06-26,0.0492505482016029,0.04959834948708715,0.05146837511096254,0.04881236212986944,0.052169402407180675,0.046999234802089083,0.05135434395827922,0.04725198248929302,0.05143544397257908,0.051212241632233126,0.05228198442781778,0.051347849501441924,0.04827530505748309,0.04968648923650929,0.050657949960846764,0.048574492063162944,0.04935544295395695,0.04900655366654606,0.051053713915475675,0.050207935025583204,0.0
2023-06-27,0.04894672951734006,0.0498078492663118,0.052453922966516145,0.04836585089234902,0.05224001346692673,0.04687202165871017,0.051281997724290186,0.047077787402831965,0.05143627063736024,0.05126029068536447,0.05229643788930521,0.05136207749817757,0.04820360147908855,0.04949548653740803,0.050744198289141104,0.048276161410198484,0.04902607280333047,0.04844476600033779,0.0516685203166204,0.05073994355839149,0.0
2023-06-28,0.04837869532906368,0.0498035404947236,0.05212396767950108,0.04823922737604749,0.052511820969617914,0.04710459277354685,0.050589458082182445,0.04713729393876299,0.05152528943643894,0.05142242836059631,0.052298309143340924,0.05178256019683613,0.048167560505512616,0.04927770044464022,0.05033885065360122,0.04845170606290328,0.04979661256629475,0.048325961170061764,0.05201137328113732,0.05071305153519061,0.0
2023-06-29,0.04820268017231455,0.049408020731188995,0.05196100475096739,0.04820164555056984,0.052994559699494355,0.047498923597888064,0.05061944147144367,0.04747608459362971,0.051111964688602615,0.051293846747579114,0.052714062940667925,0.051924882515250105,0.04843790453743446,0.048970118417522746,0.050484680841718595,0.04834505053318878,0.04939494056560371,0.04769297620927911,0.05205148214483938,0.051215729290817025,0.0
2023-06-30,0.047693215874110344,0.049380440618738246,0.051785711156329746,0.04807524006033338,0.05319969268422123,0.0474616448011111,0.0505607610002146,0.047263248332418954,0.05095388085034921,0.051249807524498654,0.05344099252422081,0.0521544120488105,0.0482683074303844,0.049793284038138076,0.05089416487983293,0.048384615537128035,0.04903229132361244,0.0471565293549111,0.052199087830159044,0.05105267213047721,0.0
2023-07-03,0.049999999999999996,0.049999999999999996,0.049999999999999996,0.049999999999999996,0.049999999999999996,0.049999999999999996,0.049999999999999996,0.049999999999999996,0.049999999999999996,0.049999999999999996,0.049999999999999996,0.049999999999999996,0.049999999999999996,0.049999999999999996,0.049999999999999996,0.049999999999999996,0.049999999999999996,0.049999999999999996,0.049999999999999996,0.049999999999999996,0.0
2023-07-05,0.05014737757585544,0.05061091314673054,0.050247256318062636,0.05017413799737917,0.05015800112044851,0.05054556968359935,0.049879642629116254,0.05021434431015619,0.05026843191983637,0.049776428601165476,0.04896360524872795,0.05018809613108001,0.050304028552171046,0.04958901631207823,0.049862218600391486,0.05049107447815855,0.049739970473208765,0.049601520505668344,0.049578927684490307,0.04965943871167532,0.0
2023-07-06,0.049737876953674605,0.05042756455977768,0.04996652893087085,0.04951276865958894,0.05075043404284577,0.05028128197819219,0.05030529598585913,0.050439530710706997,0.05018328217684418,0.05016983531361063,0.049094518826185395,0.04983513698174478,0.05031919472935891,0.049703432085398506,0.049828517643612034,0.05047100660173549,0.04981664323842361,0.050162370336208933,0.049548923950702206,0.04944585629465911,0.0
2023-07-07,0.04946082510026031,0.0506453871013509,0.05000452239259007,0.04953464798952743,0.05036953167201507,0.050609386059034187,0.05016317953575226,0.05039025282063806,0.05088459849961698,0.04989933534711059,0.04872243617834229,0.049502221445487646,0.05036741479237865,0.0492816172726233,0.050054454711002276,0.05070937884849553,0.0499154716518856,0.05023343641113988,0.049490879641593745,0.04976102252915537,0.0
2023-07-10,0.04883206257494859,0.050212481247531686,0.049555218246932216,0.04959239828478546,0.05033352118605137,0.050535651052258164,0.05014513601624902,0.050800088141984834,0.05069689767865456,0.049964925991536575,0.0493650445259832,0.049783297042292285,0.05110498278128818,0.04917816707982943,0.049925719352467174,0.05091353940109049,0.04999665174480725,0.050136442325308214,0.049462948963973324,0.04946482636202805,0.0
2023-07-11,0.04871082545089174,0.04990042883217466,0.04897736114513347,0.04960678244662798,0.05030705011069623,0.050945285489507795,0.04992127355754084,0.050986375951825605,0.05071555663983435,0.04950106236940848,0.04940119416158725,0.050142833431809225,0.05064968108935038,0.04936197841424556,0.05018204995187074,0.051169023696773376,0.049656894849754746,0.05068554718758092,0.0494353002568454,0.04974349496654118,0.0
2023-07-12,0.04888401450861143,0.050191214219989094,0.04893495622115008,0.04963588007094949,0.050214232210894535,0.051237464578488864,0.0493446081165907,0.050425927612482525,0.05023547793591567,0.04971895600250208,0.049174044197262054,0.05023617653609937,0.051071239569201766,0.04975760325373961,0.050750094564832114,0.05093614825412732,0.049418807815245325,0.050375633230522104,0.04978588191867371,0.049671639182722084,0.0
2023-07-13,0.049253392238489624,0.05066188684956218,0.0484804066477537,0.04979421540922704,0.04959927510312515,0.050614200320589615,0.04954531390121111,0.05023308418419239,0.05018069689474383,0.0496391035133463,0.04890953849481908,0.050213690561333485,0.05171590764118793,0.049748944168517155,0.05034922117633943,0.05144379440210524,0.04937194600595867,0.05034603294202746,0.04993468962288575,0.04996465992258493,0.0
2023-07-14,0.04889123989298351,0.05020365249310309,0.04887305860156855,0.049435383151477545,0.04995173273171399,0.05015330076347683,0.049509869213894594,0.05003828493051479,0.05068078814595639,0.04984827378801367,0.049002398157330956,0.050158979980608545,0.051746330370852175,0.049946456246752535,0.049809090841532226,0.05139642605053817,0.049453536774438,0.05052216442700426,0.05046345529132154,0.049915578146918674,0.0
2023-07-17,0.04941254287088898,0.0503755205036994,0.04850547228112594,0.04953274376042982,0.0497532733451445,0.04988506905826614,0.04930155645704461,0.05017035991592782,0.05071523004430296,0.04955012389571886,0.04906684692136068,0.05022380558612933,0.05260867553265271,0.04951182997818851,0.04997710460904453,0.051218379244157286,0.04989718254930687,0.05028955988173655,0.05039548333157665,0.04960924023329788,0.0
2023-07-18,0.04892910982680646,0.04992986905234039,0.04819290928952593,0.04998241396639514,0.04985241830391826,0.04930417805085479,0.04932602202350999,0.05033620925625919,0.05021475060616366,0.04973918089274394,0.049609569419831745,0.05016853330000514,0.05330306719985791,0.049342123796295156,0.05039836008200937,0.05050460623851013,0.050008920048500105,0.050570803461985676,0.05058028688663724,0.04970666829784967,0.0
2023-07-19,0.048494076957704,0.04986253954278334,0.04833068143105228,0.04973023318384765,0.04934774127608099,0.04960752601801425,0.049272543812448645,0.050045556631837324,0.05052110252815994,0.04896821319207034,0.04953236648555553,0.050860678530675905,0.053172445843919086,0.04951151909724562,0.05055307737100706,0.05055122450846199,0.050253944226144334,0.050672152381167485,0.0502476167784374,0.0504647602033868,0.0
2023-07-20,0.048559427997552695,0.04997353449567788,0.04796345889717617,0.049200132769585035,0.04938394592918886,0.050139754064894036,0.04888519462288653,0.05056173622635658,0.050477437765001715,0.04900250090000224,0.04984013768153141,0.05051315749844781,0.05288805441432592,0.0500100522188067,0.05078544627780451,0.050897864791177694,0.0495234042596798,0.050697912784906825,0.05030417193922342,0.05039267446577433,0.0
2023-07-21,0.049184710820441374,0.04988195846487238,0.04751263564184653,0.04923823066031603,0.0491725829814321,0.05010995593254125,0.04867326409245964,0.05058649808474236,0.0508311160403793,0.0490017400216849,0.04941979972352718,0.05075318491518254,0.05314779555993471,0.04973314117174806,0.050282143570689886,0.050636742554146935,0.04968606486562603,0.051395446524718766,0.04997329575749445,0.050779692616215504,0.0
2023-07-24,0.04938217450092356,0.049822589434503774,0.048218503268066426,0.048875344497699355,0.048808320741874446,0.050437852016253594,0.048838527990949225,0.05061187875206141,0.05075350706824485,0.04916615149312902,0.0488449162698511,0.05083579433677466,0.05294479130873737,0.04936281572931046,0.05047097720918362,0.05033091009186633,0.04969107052049217,0.05158813168676326,0.05010202844150091,0.05091371464181442,0.0
2023-07-25,0.04940863763638985,0.049470283699823606,0.04792069043809504,0.048327367202545955,0.04891445808513491,0.05100194634665475,0.04880145210913555,0.05041621722557925,0.0504380916489074,0.049000311544363614,0.04916765243582778,0.050441981001828805,0.05399037856230618,0.04952084630581051,0.04954796199234817,0.0502609146690053,0.049903523459350195,0.05167571022702286,0.05055601696592548,0.05123555844394479,0.0
2023-07-26,0.04875147561823195,0.04935335936844548,0.04796061352361261,0.04831698525311196,0.04878073286051396,0.05119033776289976,0.04870590270052848,0.05017050227715563,0.05048461782906015,0.04878023323647983,0.04911538690051059,0.05010425101309887,0.05441141346766092,0.04964944179992025,0.05016161421468154,0.05076388606867391,0.05027978634655928,0.05124336723026626,0.05068686996076256,0.05108922256782609,0.0
2023-07-27,0.04813262720951139,0.05002602667164361,0.047957329415623064,0.048871407269367284,0.04865343016157586,0.051252373019063525,0.04848129011272652,0.050196022666182116,0.05074973393882281,0.04870036609727675,0.04909343401638825,0.05014550163907654,0.0545045737194368,0.049469996134158783,0.050685103989950124,0.05018511587135868,0.04998159913999648,0.051389528502898504,0.05040759707436713,0.05111694335057565,0.0
2023-07-28,0.048253207369913,0.05013150469634094,0.048273124912824816,0.0489361704333052,0.04878979636586552,0.051245750604294864,0.04851442174322758,0.05028586310959323,0.05080496656760846,0.048843780541573165,0.04882280543368261,0.04953784715876597,0.05405176069050818,0.04912624298068488,0.05068844723387626,0.05003606472012024,0.05002277186954876,0.05129834077674757,0.0508226413240578,0.051514491467461135,0.0
2023-07-31,0.048117495708138024,0.04976426549052298,0.04841478882740431,0.048982500601568266,0.049048373881357105,0.05142313596263551,0.048813849187426754,0.05023995281556559,0.05092758281747384,0.04902619974109947,0.0484367000280219,0.05015796384777512,0.05413070410230209,0.048934449163135184,0.04989218108557565,0.04966831432775129,0.05047517723562179,0.05123848895356626,0.050935418656569975,0.05137245756648916,0.0
2023-08-01,0.049999999999999996,0.049999999999999996,0.049999999999999996,0.049999999999999996,0.049999999999999996,0.049999999999999996,0.049999999999999996,0.049999999999999996,0.049999999999999996,0.049999999999999996,0.049999999999999996,0.049999999999999996,0.049999999999999996,0.049999999999999996,0.049999999999999996,0.049999999999999996,0.049999999999999996,0.049999999999999996,0.049999999999999996,0.049999999999999996,0.0
2023-08-02,0.05008200682521461,0.04949744488028943,0.04994443645848574,0.0502129802765426,0.04971054799381505,0.05022130403801991,0.049975618011433236,0.050014570759772385,0.05020840034959031,0.04972968175663816,0.0500523457039472,0.04990318066976014,0.05032609620275467,0.04994184444324265,0.05049027119678105,0.05000880373042879,0.050023730784088866,0.050231746866105584,0.049718782079986916,0.04970620697310266,0.0
2023-08-03,0.05017966793451513,0.04920379715257405,0.049922582828081465,0.05030326811806267,0.049775684235945944,0.05042872517052923,0.05014052239739952,0.05004190836670979,0.05026490254083602,0.05042458677424022,0.04973932037181802,0.05038642034622865,0.04950481030696539,0.05040736564808739,0.05073294879611559,0.049945153312560595,0.04965583287145748,0.04994199714645824,0.04921691159370488,0.04978359408770969,0.0
2023-08-04,0.050316486225741176,0.049480439390426366,0.04999076372959686,0.049876789210562246,0.04977098937958177,0.05021665836613759,0.05042384344555832,0.050133364305727894,0.04982441478490554,0.05034735560020433,0.04982165176310588,0.05014312833832469,0.04979120506750662,0.050165621003054654,0.051229792906081574,0.04969030474267678,0.04965238623173969,0.04982351407313316,0.04979903096567036,0.04950226047026459,0.0
2023-08-07,0.05034832564031114,0.049415477502617,0.04956761147555546,0.04992345821120963,0.05026263579314263,0.049642934470633615,0.05058012771673738,0.050057555046440855,0.04985710572585774,0.05011281649530147,0.05021382085283979,0.05035469483356714,0.049628063435981945,0.05035995721106652,0.05114697926681031,0.04994630527978891,0.049155272716123424,0.04944580340008833,0.04958411960018963,0.050396935325737226,0.0
2023-08-08,0.05071331310391488,0.050002490807029266,0.0502005680127139,0.04991605250449615,0.04981899803894516,0.04988805769663643,0.050604473744853606,0.0501793240622147,0.04965565274199946,0.05019439368672544,0.050108457349172124,0.05008579866646492,0.04897480517676618,0.0503906298316875,0.05184385801597064,0.05027109332276273,0.049028226135870795,0.04875795556608922,0.04917363989032144,0.05019221164536543,0.0
2023-08-09,0.05078137930056562,0.05003349254154101,0.04999881177364336,0.04961068669143859,0.04977238234162513,0.0495043742241501,0.05089537234104161,0.04979535732311696,0.04993368333216713,0.05034875145030503,0.050524200249370724,0.050166126755046746,0.04903219255892007,0.05031330085756682,0.051217760884010255,0.05069571393206276,0.04892298975751428,0.04870423447508683,0.04934502124663324,0.05040416796419358,0.0
2023-08-10,0.05074426308945578,0.05002478086563558,0.04999965831310888,0.049730084442244755,0.050186884244482526,0.04972338629417421,0.050842932421285084,0.04935514783925699,0.05024350299677428,0.050290756447319875,0.05017302609400684,0.05051093972189165,0.049041820208594586,0.05061134161548402,0.050988419745314636,0.05090435341318645,0.04906186981461045,0.04886657132715385,0.04899640218798763,0.04970385891803188,0.0
2023-08-11,0.051089454319382784,0.05021873240406501,0.04957138822213901,0.05011401371754226,0.05084340284077255,0.049955622992934955,0.05087958147493336,0.04936957917607613,0.0503899264104802,0.05016131595639681,0.05034547572120517,0.050182350028546464,0.04899300872050102,0.05015779692255904,0.05054262579640385,0.05136303629182304,0.048831898730974224,0.048577315583755686,0.04913804339691611,0.04927543129259237,0.0
2023-08-14,0.0508425035463777,0.04937397787657703,0.04921962845081373,0.0501379106800988,0.05059237075061931,0.04965689105793238,0.050809872026596745,0.04939183694160608,0.049912258767825644,0.050615713957934114,0.05050830891904574,0.05047461360214887,0.04957371000447448,0.050066143392448255,0.05095073109095347,0.05113178208730532,0.048820452792346584,0.048725781801991414,0.04971049673138295,0.04948501552152138,0.0
2023-08-15,0.05198452847574767,0.049584993402010134,0.049059697178386714,0.049977383876925,0.05047580104496336,0.049587820657256726,0.05040532844190332,0.0492538619310532,0.04971864798540969,0.05136930321770251,0.05037336300973289,0.049768089580282386,0.049846371118975094,0.050064170260633284,0.05070436580149787,0.051415436628616855,0.048649473067633106,0.048741151807622264,0.049485410860256984,0.049534801653390664,0.0
2023-08-16,0.05201700193509237,0.049470138477449965,0.04863264614045627,0.04981706754403855,0.05050937645830965,0.05021907514334043,0.05042548644049565,0.04919810571590659,0.0494009609644031,0.05054272045408165,0.050990726286031955,0.05010632171367787,0.05002292773415042,0.050097624084798106,0.05099646861976855,0.05215090665198839,0.048469520264641644,0.04829494505597812,0.04928510593011213,0.04935287438527861,0.0
2023-08-17,0.05211099970207193,0.049943718498447365,0.04844882526004478,0.05007293805474934,0.05026043829480062,0.050147391547496,0.050504508329316744,0.04922764264551064,0.049081613973400044,0.05093582657230075,0.05102982209437113,0.049866878803526936,0.049892035648540195,0.05027615826999656,0.05123726213033343,0.05143252001187718,0.048500538187014615,0.0484421017651508,0.049391487837519836,0.049197292373531105,0.0
2023-08-18,0.05244233127341345,0.050413453038458095,0.04825175440444955,0.04978340596139073,0.050132552160371525,0.049859551164206914,0.05054107300252133,0.049119219187274535,0.04903034622886111,0.051081324438008044,0.05095954994544044,0.049972825443751805,0.050175332778952454,0.050128734171513874,0.05147938285962025,0.05138186784551227,0.04851559031712218,0.048355076030039,0.04910870042794958,0.04926792932114286,0.0
2023-08-21,0.053148583354383314,0.05003546006027285,0.04850457325549632,0.05000369363860531,0.050237760052993366,0.050157361900398045,0.05092563727073308,0.04896124189226401,0.04936566494541612,0.051185756122608526,0.05098670818992688,0.04995854409145697,0.04973805449769094,0.04981486719366953,0.0514982091067261,0.0510316225320192,0.048428901979010494,0.04850037675022623,0.04881668170318217,0.048700301462920606,0.0
2023-08-22,0.05345444657038253,0.05048005906653492,0.04825160416622205,0.04977945419817783,0.050791646224848615,0.04989937320917173,0.0506818068841297,0.04904667482596202,0.04961749731447813,0.05167960443672492,0.050690009608333884,0.04963124629605186,0.049839210799661825,0.04985390775043782,0.05117165297297318,0.05114628877916225,0.04849584195087241,0.04801873081841734,0.048788544781562304,0.048682399345894814,0.0
2023-08-23,0.05306417284164382,0.05058773496253957,0.04814043813514691,0.05006204177215808,0.05052629267088148,0.04942445449557712,0.05025254845601439,0.048889822032732656,0.04966701964140252,0.05092112312250538,0.050479536554078386,0.049461870315753886,0.04977187250456292,0.049513532734658035,0.051630014852950656,0.05186633918102541,0.04902976977950035,0.048255813050603016,0.0496546514732968,0.048800951422968704,0.0
2023-08-24,0.053476882179005925,0.050164673049248404,0.04791004456096083,0.049762456079013834,0.05095278419104226,0.04950340418984429,0.04990515668311449,0.0485836768118465,0.04977137414803808,0.05110752526261818,0.050218019617887265,0.04954142457671966,0.050129794923274636,0.049761629062513496,0.051379499172179544,0.05195562336146965,0.04918518485370695,0.04836802408022709,0.049257331693851006,0.049065491503438016,0.0
2023-08-25,0.05335556842347851,0.05024001795830268,0.04824918668274107,0.049570708766836655,0.05075368195904174,0.04919136593332694,0.049372228562919694,0.0487713351274753,0.049892080687012494,0.05157305073543337,0.05008973377452164,0.04974472615410882,0.05016236688210257,0.04968956943611153,0.051699144368999216,0.05188275846317121,0.048745141991556655,0.048493100149941605,0.04916564619123165,0.049358587751686445,0.0
2023-08-28,0.05333665821568468,0.05011358677127567,0.04826834526386429,0.050042800266303825,0.050820188712977214,0.04924738215715552,0.04943425379326025,0.048709480811233025,0.04982566449673571,0.05126846241358563,0.049753525501373075,0.04938268927457541,0.050339058912376104,0.04922939309590064,0.052219321975171394,0.05202309371676884,0.04895238593338481,0.04874161111220015,0.049961947620619174,0.048330149955554486,0.0
2023-08-29,0.05285543881861957,0.050641954593822716,0.048228203836286794,0.04954618381379201,0.05137449258714326,0.048962605714229994,0.049169202608529,0.048541286437537884,0.050215981222388774,0.05076507021591879,0.05017882296602999,0.0495613379712072,0.050423734878198824,0.048815971687895005,0.052137015234174834,0.05191118381683294,0.04941051668494471,0.048953285294315335,0.050230841162803096,0.048076870455329386,0.0
2023-08-30,0.052925252456004095,0.0506432856723738,0.04763276168280308,0.0495975127229425,0.05137036034427751,0.049089098869332146,0.049391404461355336,0.04812143448136146,0.0498663356946347,0.051226519895725776,0.04979286449682534,0.04963775745307105,0.05094060221201852,0.048807894501534,0.052531842105879877,0.051859577412200666,0.04953764547777277,0.048940432597348364,0.04951914488530953,0.048568272577229246,0.0
2023-08-31,0.05276305301270806,0.05079389265058517,0.047321882703281415,0.050278167170674695,0.05134101429277842,0.049227419050351676,0.04980212628538899,0.0478512732564729,0.04996091045229789,0.05067068510784077,0.049541731063726266,0.0495811671446315,0.05045822900901443,0.04898069778538619,0.05271997989961528,0.0521646933699873,0.04877077751389868,0.049306787683751144,0.04951317037186701,0.04895234217574213,0.0
2023-09-01,0.04999999999999999,0.04999999999999999,0.04999999999999999,0.04999999999999999,0.04999999999999999,0.04999999999999999,0.04999999999999999,0.04999999999999999,0.04999999999999999,0.04999999999999999,0.04999999999999999,0.04999999999999999,0.04999999999999999,0.04999999999999999,0.04999999999999999,0.04999999999999999,0.04999999999999999,0.04999999999999999,0.04999999999999999,0.04999999999999999,0.0
2023-09-05,0.04986782482082959,0.05034692160691874,0.05042137268058414,0.04950353717746871,0.04990642226691704,0.05009958858939598,0.04968550395186794,0.05067152474779364,0.04961771828101167,0.05032264849702817,0.04952062566220787,0.04995361026720441,0.04963262465569581,0.049927052423579726,0.049542118926815745,0.05012304685976953,0.050448035619462664,0.05014804409504989,0.05047002359756246,0.049791755272836344,0.0
2023-09-06,0.050503294489301714,0.0505880126214002,0.050573904504895316,0.04902811957590966,0.05005419234771326,0.04996474553657026,0.049837151951492326,0.05083725181662842,0.04911382317998354,0.0504279005608891,0.04984191374483577,0.05004711850088733,0.048890305382449185,0.04950058507742629,0.04930687034496215,0.050165389073132324,0.05025639466814777,0.05012193845223075,0.05092599693446126,0.0500150912366834,0.0
2023-09-07,0.05108566108732243,0.05097335737729546,0.05015685259425527,0.04866131917498659,0.04987010662854968,0.05034438855687766,0.05006440785946306,0.05025142216450379,0.04866637740258488,0.05051223766953215,0.04981904274088486,0.04991381011464631,0.04843157721947277,0.049300037495681376,0.048991431494300866,0.050762398835942475,0.05115672090920715,0.050654019722178124,0.051009552630983314,0.049375278321331824,0.0
2023-09-08,0.05109588237125044,0.05118440414403135,0.04995213135473587,0.048709048574472336,0.05016483420314159,0.05047750355369686,0.049351870099821345,0.05049418475215924,0.04868859471833784,0.05041204881200254,0.05005381930952388,0.04970024234582984,0.04882333477714575,0.049803695039993226,0.049482398654558245,0.05006008424742071,0.05036852698532954,0.05074474116275159,0.05125944795404742,0.04917320693975047,0.0
2023-09-11,0.05112304679437732,0.051248954337549536,0.04966612335745205,0.048790455651697616,0.04967678239493464,0.0507501890031068,0.04945370376109881,0.05022866628394509,0.04858893160508762,0.05058029228192077,0.05041657959114805,0.04986759608336524,0.04881694547880963,0.05055438705155602,0.04939967260213135,0.050031750163590495,0.050424427039781505,0.05028988566020775,0.05079508277946321,0.04929652807877642,0.0
2023-09-12,0.0510742963023624,0.05178233773772168,0.04943946163857602,0.0484351627163334,0.04940539272492248,0.05058126539518606,0.04877098662406569,0.05031120144077593,0.04857805242736511,0.0504126726131416,0.05038276155366335,0.05039579086559286,0.0488232460931335,0.05056376518159061,0.04973664549896916,0.049854382274917536,0.05076599506603457,0.05046389339291716,0.050632444459245224,0.04959024599348565,0.0
2023-09-13,0.0515415113750334,0.05181763724116564,0.04966591806422526,0.048200317155414625,0.048978472693471456,0.05036559859379582,0.04864636707407518,0.05016828907053335,0.04853960546702656,0.05027300795313294,0.050974166341143545,0.05018796251595818,0.04915504112063409,0.050785193095826534,0.049811580316617955,0.04983634922537844,0.05089503377611643,0.05019120507132837,0.05023490489489533,0.04973183895422671,0.0
2023-09-14,0.05132196967012021,0.051727840033638624,0.04946870416933425,0.047832741877980624,0.04886295455733303,0.050257623850829984,0.04892193645249121,0.05077765183599699,0.04904452532269149,0.050186693892163285,0.050651080369149434,0.049985009425174115,0.04909804109553298,0.050824406907597895,0.04962502749724377,0.04994841122402072,0.050849709094866725,0.050347663366344664,0.05049734019922474,0.04977066915826524,0.0
2023-09-15,0.05115528799072799,0.05233582819506628,0.05017466678940426,0.04775795426653186,0.04832518506834229,0.050115762190199434,0.04993811978900847,0.05035937199285354,0.048639467270393096,0.049630735090246264,0.05024745261633751,0.05092997677094216,0.049294207059726536,0.050196916890848514,0.049134158123099146,0.050276415729031375,0.05046428815406953,0.05059575609276767,0.05061541846914219,0.04981303145126182,0.0
2023-09-18,0.05146871982167967,0.05289256201622472,0.05057769645102307,0.048387463971051946,0.04805529145356133,0.0505491170281969,0.04981783239131207,0.050433129399115206,0.04817948017030909,0.04979509318820507,0.05034218595317154,0.05099644802067608,0.04936959512549819,0.04975536778730445,0.04847541452574484,0.050056055199349525,0.050223673073637454,0.050342540687124085,0.050615982541872134,0.049666351194942754,0.0
2023-09-19,0.05139277212943624,0.05301454425192979,0.051169770401509204,0.04817975150556405,0.04778924388205455,0.050613354454495565,0.04949241125746004,0.05030581271870521,0.04800282574201197,0.04903159819890716,0.050513134873534295,0.05065616425917863,0.04967746998342398,0.049051082955805896,0.048508047136086634,0.050413358175621995,0.050547967473860984,0.05008885341591582,0.05129302010682087,0.05025881707767723,0.0
2023-09-20,0.05139889308265389,0.05286542668855046,0.051431718624185226,0.04786641862709153,0.04830626744604151,0.05019573584469879,0.0493322824828794,0.05058727130591446,0.04799698737724678,0.04917592799953536,0.050583517818154414,0.05050509670313535,0.049539092439710754,0.04922530414760488,0.04846556125119143,0.05011369306332036,0.049814057148486746,0.050155044597804746,0.05150742890168344,0.0509342744501104,0.0
2023-09-21,0.050829773691867496,0.05339947708444753,0.05127669987194493,0.04748561577948099,0.04796982829070787,0.04990307771954893,0.04935127961379589,0.05068675436682949,0.04816525746988434,0.04932852835371056,0.050936955948059685,0.05023545551646555,0.049896177907879626,0.04988767453305125,0.0482000020626806,0.04966365478952383,0.050124006460108755,0.04983597920734718,0.05191131120045279,0.05091249013221261,0.0
2023-09-22,0.05104126714669234,0.05365773460867542,0.05145175357350323,0.04766031208395064,0.04749905360776773,0.05020209885448271,0.04908046094994943,0.051093480779227686,0.048336720712379044,0.0490147989161493,0.050935074100144515,0.05033028954799401,0.049432562681465404,0.05022189915998519,0.04824577431948904,0.04964949441216826,0.050044653566922094,0.04950365316269288,0.0521463087119487,0.05045260910441227,0.0
2023-09-25,0.051650473242840396,0.0536899744232799,0.05124426043425225,0.04757031355816003,0.047505318360940914,0.05006321639308349,0.048685376813597844,0.05126761378234077,0.04857781829960164,0.04851456964585869,0.05096477951563529,0.05035777329114486,0.04932382891316637,0.05015712904094189,0.04886348658806249,0.049494384043513084,0.050157331008174974,0.049249734490620964,0.05237339331734573,0.05028922483743864,0.0
2023-09-26,0.05180007988555048,0.05345128721245416,0.051720584151598414,0.04716651633005702,0.047965795628928456,0.04987630018960354,0.04843296392068162,0.05090557665095575,0.04843490588903218,0.048269421356085654,0.05134140623239499,0.050022381912539826,0.049597131102833196,0.05001372068434658,0.04930539971596715,0.04990575866450966,0.05034680023748588,0.04935879100528087,0.051874846327293,0.05021033290240183,0.0
2023-09-27,0.052119681465218365,0.053363314114514504,0.051661422282409136,0.04686234202968005,0.04773831412092943,0.05004549903267981,0.04837464780618513,0.051731698925080734,0.04811132161111512,0.04829279008169867,0.05123382022270952,0.050467498017546526,0.04934887938632128,0.04969479142760444,0.04914007179280126,0.05044376522071336,0.05144730596094893,0.04865776141838942,0.05201998825702902,0.0492450868264251,0.0
2023-09-28,0.05175227608007477,0.05329495693743,0.05169792903408401,0.04654989746442505,0.047671480387378555,0.04966867216085259,0.048262687682885115,0.05187433546763067,0.048606880261511116,0.04835507695046165,0.0513531566117415,0.050440578429384125,0.04914438911408758,0.05000714403233336,0.04912569520791466,0.05017201910545599,0.051892722375397445,0.04834595221420121,0.05213346970216208,0.0496506807805884,0.0
2023-09-29,0.05196151046284245,0.053174202157964055,0.05186738112793474,0.04675752125903844,0.04821631212608665,0.049009624676325976,0.04807988626471186,0.0517981047911386,0.04777499162288911,0.048094046356358916,0.05096580581537478,0.05039999567129645,0.05004949391938564,0.05020208362619456,0.04948448471112127,0.04965517767341537,0.05157980538148778,0.0492737032572787,0.05210862634621427,0.04954724275294035,0.0
2023-10-02,0.05,0.05,0.05,0.05,0.05,0.05,0.05,0.05,0.05,0.05,0.05,0.05,0.05,0.05,0.05,0.05,0.05,0.05,0.05,0.05,0.0
2023-10-03,0.049980025130519676,0.050151372631533395,0.049561033157845276,0.05025054238948065,0.05020695784270924,0.05014326543167483,0.04991537135076762,0.050278325875656095,0.05020855321468089,0.05015016801183674,0.04950645512827466,0.04974829120176889,0.05010836421728157,0.049675848213505014,0.050303587249316675,0.04976881276418335,0.049116471841266995,0.0504794741207396,0.05050589428150146,0.049941185945457066,0.0
2023-10-04,0.05024321028169452,0.05001199092825658,0.05019240529326675,0.05021036832999961,0.04999458420928886,0.050048156544068606,0.04955828449361885,0.05047984371190317,0.05086063287194648,0.050219959175296064,0.04931197184100919,0.04930639906988156,0.04976006563323254,0.04987783544012574,0.05041456116580931,0.04983379416895475,0.04895643387931533,0.05048751963361347,0.050463678511015374,0.04976830481770306,0.0
2023-10-05,0.05039654546663447,0.05044695346930015,0.050243842950471664,0.05009259429890397,0.0502717855774921,0.04961530479910984,0.049427329573805454,0.050773973690356,0.05038490462023448,0.04998847215179428,0.04922942190825376,0.04935539669848506,0.049163452427344836,0.04994164946070717,0.05058695203284203,0.049858542487559505,0.049130578570882426,0.05087265991608173,0.05031526275697874,0.0499043771427621,0.0
2023-10-06,0.049933765793385466,0.050940017990227446,0.049784754405500134,0.04965694448483736,0.049828444877195156,0.05000527257657619,0.04968664861056718,0.0511553845131161,0.050273140566363894,0.05007957924779035,0.049993574009342255,0.04908493078129499,0.04944382012635569,0.05011722261503605,0.05041370472734652,0.0494546281707771,0.049054740461539174,0.050772459192186654,0.05010363351365747,0.05021733333690465,0.0
2023-10-09,0.04945088654321761,0.051259358772617766,0.04949877880503876,0.04988641920495812,0.04958689637241115,0.05003745648248875,0.04958212716732222,0.05143977391503771,0.049772046285010856,0.050375306508643955,0.049759272809885395,0.04932898337523275,0.04985586569920247,0.050441606617924926,0.0505326427987616,0.05004625108832359,0.04912678141288466,0.04978925349393917,0.04959107657343199,0.050639216073666275,0.0
2023-10-10,0.049105362609226336,0.05129892723662139,0.0490591923744819,0.050259696051125236,0.050219829891888335,0.050309843340243944,0.049106049039727685,0.05127310462537065,0.049278489867884925,0.05070186946567751,0.050048617789010104,0.04926030470877704,0.050129629355898826,0.049999289169343375,0.04988366843292543,0.050414926696785115,0.04920178886880602,0.04972490567712167,0.04966684197384747,0.05105766282523685,0.0
2023-10-11,0.04914881292045632,0.05143920901496186,0.04915828020250219,0.049967433669866494,0.050549075439898436,0.05032907008106204,0.04933280330372679,0.05189843129755882,0.04908212322038042,0.05071836174801166,0.04972373237821248,0.04942409460796058,0.04940157919069364,0.04976818570743099,0.04986512415482226,0.05090666609286886,0.04951842455878569,0.049433011888122394,0.049745110100535166,0.050590470422142875,0.0
2023-10-12,0.04980353173401818,0.051415959972498405,0.0487554981133922,0.05033830319122251,0.05065226861934785,0.0498258614956084,0.049426409038043566,0.05255558211289377,0.049316987517803924,0.051245827817230104,0.049315695064559746,0.049543494984975206,0.04940746825374796,0.0495666999363836,0.049117036898051074,0.050220248313065194,0.04930365325165095,0.0493936193347513,0.05029386042756146,0.050501993923194516,0.0
2023-10-13,0.050262999368019354,0.05095497243451997,0.0487977799910539,0.05032995052695839,0.04995214423393238,0.0499158922991399,0.0489322545711802,0.052833826156188965,0.04971793170619843,0.05128995486389953,0.04949715995284772,0.04975186697576233,0.0492235529132722,0.049367650405481425,0.04920915227003096,0.05065199186295948,0.04924826706956456,0.04954515134794889,0.04999433936970442,0.05052316168133688,0.0
2023-10-16,0.049589461071190645,0.05117636683705149,0.04916537122252105,0.0505841044664465,0.049520104418103,0.05021371172511746,0.04879394494794255,0.05283197068471621,0.049520217162113606,0.05097613644026719,0.04923634932454932,0.050045028588551185,0.049263636205094254,0.04897181385634623,0.04887757102287775,0.050584525563324156,0.04983606626472559,0.050095225596189244,0.050103290785417996,0.05061510381745443,0.0
2023-10-17,0.04996750692743829,0.051111108844862384,0.048821923906513257,0.0505725837158971,0.04917160222595896,0.05049811538069707,0.04841219657152886,0.0527313235099744,0.04963693709712424,0.050560719897979826,0.04919468546108245,0.05062643181538351,0.04981880519686993,0.04861074692790636,0.049217419867007055,0.05033008561726866,0.05005843870660487,0.04999136347462152,0.04999621880102704,0.05067178605425403,0.0
2023-10-18,0.050247665833493646,0.05198412573404799,0.04868849071805456,0.05046621917197445,0.04907003526286942,0.0507060278103027,0.048596652038173996,0.05256688358801227,0.04952546647059034,0.05057801491560349,0.04936501869157435,0.05028444441279603,0.05004742443387303,0.04819841563101138,0.049220765974236136,0.05029443802512882,0.049955669094899915,0.04960017981924547,0.04994940779475218,0.050654654579359644,0.0
2023-10-19,0.049745838021017154,0.05255615148906246,0.048284583970009225,0.05017051238403813,0.04868112959318905,0.050929305367541804,0.048510046586116344,0.05253834769793138,0.04975858732163943,0.05011098956640057,0.050063345760012125,0.05062288191146144,0.05028982516694801,0.04851570806306641,0.049277746860809823,0.050089534322085065,0.050161388920870006,0.0495727192240491,0.049455971000898685,0.05066538677285358,0.0
2023-10-20,0.0496652529158211,0.05284232906473619,0.04817772740606819,0.05014433462539794,0.048621558309247255,0.050338041886290354,0.04850932045664021,0.051763965188971126,0.050183177552855555,0.05002709704196711,0.04964785345094053,0.050788158935569656,0.05029868008499916,0.048667109343460226,0.04945747602194833,0.05006428562744398,0.050840334719767635,0.04981950228976674,0.0491320941841286,0.0510117008939798,0.0
2023-10-23,0.04987303505799683,0.052750194631577894,0.048878134455550025,0.05026510840747824,0.04905371905290296,0.050157168730586864,0.04827581806877423,0.05213812847541974,0.049939848069380545,0.050015198146720535,0.04942151961457837,0.05098917102045247,0.05026920985687764,0.0486023322565155,0.04900201572658284,0.05022146078646404,0.05017000013855909,0.049606550619225025,0.049585083651962326,0.050786303232394664,0.0
2023-10-24,0.05008173201255631,0.05282742194921554,0.04916089659715854,0.050101115874685784,0.04920736184166645,0.049835292180411085,0.047788201042218606,0.05258629234037676,0.05033381469801886,0.050442894169090806,0.04939819383106622,0.051044835376912984,0.05002921095510735,0.04795863226578428,0.04942036515986763,0.04954358546541162,0.049801838936622406,0.049341621630024236,0.04995263283719575,0.051144060836608655,0.0
2023-10-25,0.04957203009889579,0.05240229279013905,0.049018623773472395,0.05020226741794702,0.049230897369786766,0.05022869262879274,0.0482065105029511,0.05191629148368025,0.04985526961666998,0.04984687505160424,0.04934675415215127,0.05140999375728646,0.050170408975519165,0.048560196354838686,0.04962391652894066,0.0500090192074417,0.04955008633395817,0.04947043112664039,0.04999883210371908,0.051380610725564914,0.0
2023-10-26,0.04976381724080789,0.051748272412851654,0.0487913285702441,0.049804941262425385,0.04886358687652165,0.05060463122176954,0.048410318515207384,0.05221802241051246,0.05006402948851379,0.04986226041927181,0.05020998679314804,0.05092839407311981,0.0500838042043119,0.04840367167328053,0.04943119910773795,0.050126517946330336,0.049606102778084825,0.04905822258034536,0.05014047454901697,0.051880417876498414,0.0
2023-10-27,0.04910529575225649,0.05152235112434676,0.04886217135463325,0.05016448181569609,0.048387735089309714,0.05035604419988214,0.04824144871453598,0.05230662245171299,0.05051444549221841,0.049925709193551784,0.050236887354124946,0.05065901697815067,0.04988281037031107,0.049080382599204636,0.04916736428936639,0.050175551388354014,0.0500296955985442,0.04884197755326763,0.05048956666005964,0.05205044202047313,0.0
2023-10-30,0.04903516587064902,0.05151238273200072,0.04891396394972002,0.050282345513603194,0.04797561180669844,0.050346918857340425,0.04831360862109692,0.05224068958862713,0.05085298999456349,0.04994605057626636,0.04935121920095004,0.05046293849758564,0.0501766001894558,0.04934665101270825,0.0490448914912309,0.05051373663478536,0.049767031919426725,0.04899225791916153,0.05033721191063475,0.05258773371349516,0.0
2023-10-31,0.04957827789906308,0.0509009525767771,0.04891695054709939,0.05000687725446851,0.047550794884073544,0.05058776493772512,0.048792730845787356,0.05258089218074396,0.05058054343873464,0.0501471920161415,0.04943126338200013,0.050588938896382996,0.04953629426396707,0.04941508636605321,0.04915593060597827,0.05079658502756153,0.04958608980810792,0.04886834914048828,0.05034454534662759,0.052633940582218736,0.0
2023-11-01,0.05000000000000001,0.05000000000000001,0.05000000000000001,0.05000000000000001,0.05000000000000001,0.05000000000000001,0.05000000000000001,0.05000000000000001,0.05000000000000001,0.05000000000000001,0.05000000000000001,0.05000000000000001,0.05000000000000001,0.05000000000000001,0.05000000000000001,0.05000000000000001,0.05000000000000001,0.05000000000000001,0.05000000000000001,0.05000000000000001,0.0
2023-11-02,0.049820878890731564,0.049909707548399226,0.049660235956315205,0.050326434815372,0.05013290580522865,0.04940499042751564,0.05054744683500177,0.04999324847733069,0.05010402581534049,0.05048928962600564,0.0499120301588711,0.04973566764230849,0.05021399764101514,0.05019776046770405,0.04983575057346165,0.0497240643659862,0.04966418919502274,0.05000284626335162,0.05005691744313142,0.0502676120519068,0.0
2023-11-03,0.05017699886858003,0.049880411886469925,0.04937276491243681,0.04992917311236644,0.04984027587984709,0.048686188424418804,0.05162665616293918,0.050067128503222445,0.050305610128328695,0.05097555520916076,0.04970688113355475,0.0494364480694599,0.05069078719057863,0.05016375592774324,0.049675259758480035,0.050291928106620774,0.04948192831532063,0.050034239278120916,0.04969978443334322,0.04995822469900773,0.0
2023-11-06,0.0506170936122532,0.04974902267596173,0.049597784736599405,0.04965525826592541,0.049990219467064737,0.04879541428220156,0.05168337497273993,0.05019421226807584,0.05044571957160023,0.051837787422273865,0.04934745972022877,0.04930844483429838,0.05095767401083151,0.05012623050610605,0.04970348154990875,0.049872995429430675,0.048833717193291826,0.04979575856946456,0.04956807982339109,0.04992027108835259,0.0
2023-11-07,0.05111287374233464,0.04966081924257235,0.049222514265718956,0.04966182624937055,0.050535515372804346,0.04796046031168396,0.05150449500690144,0.04974452089433115,0.05098191897661035,0.05186603839205009,0.050124404880285404,0.048748638202100944,0.05074934155824842,0.0505195694860867,0.04966662272475304,0.04983508589645683,0.04867195310798787,0.04994128970101534,0.049774457744918774,0.049717654243768956,0.0
2023-11-08,0.0514036557719532,0.0502422695409049,0.049451858202917594,0.05038735856016002,0.05121092372734013,0.0479900758190924,0.05111736588389921,0.049876867618961505,0.05048809663080274,0.051688866527960425,0.05021208181209822,0.048624446018437156,0.050705345561541076,0.050301959420613294,0.04981325473153509,0.049311845979975684,0.048285386973938325,0.04959133612506578,0.04962479946311185,0.049672205629691324,0.0
2023-11-09,0.05180433770746638,0.0504862833151716,0.04945760307769757,0.05016074888393407,0.051498498306716746,0.048199629385518944,0.05033542030846532,0.050258112291362116,0.05041400595322892,0.05134947335724856,0.0501552910769277,0.048615057898151647,0.050819817058381477,0.050179381994748876,0.049834934294762295,0.04949108458724861,0.04824036722518226,0.05017574120631795,0.04902670775140528,0.04949750432006357,0.0
2023-11-10,0.05199477051258686,0.05021514035477892,0.04875341766092583,0.0502617541727648,0.05136078388324647,0.04854647050393764,0.05070187881387324,0.05032839480579235,0.049745625338356574,0.05108837294732444,0.050829013403679464,0.04869450530582356,0.05130085945277573,0.04989702260790848,0.04990278958456211,0.04938567189384794,0.04874340469191351,0.04996204224487545,0.048825508636344085,0.049462573184682494,0.0
2023-11-13,0.05209961268340393,0.05020038731617058,0.04879908896233579,0.050361226248392205,0.051632292190488656,0.04834604054968923,0.05058694725223477,0.05025759787813172,0.049968373160389136,0.05135012234072061,0.050532609607725196,0.048759452106899574,0.05163683017040684,0.04964507203867721,0.04999765406149347,0.0489675383599385,0.04821471143879384,0.050181142414842,0.049018542477831425,0.04944475874143535,0.0
2023-11-14,0.05199411358887606,0.050057105575118215,0.04809076206668263,0.05001856705772279,0.051986451510763323,0.04827252991571499,0.05076430124658648,0.051075330842471615,0.050030761050013896,0.05152768331639857,0.050612698305711044,0.04924544756048924,0.05183697162545744,0.04927061646195475,0.04979632693500842,0.04853804273888605,0.04843077464954817,0.05030684760619997,0.048928424046175804,0.049216243900220634,0.0
2023-11-15,0.05182801292855498,0.04971113477589081,0.04825058386940756,0.04999834371060826,0.05117591974127235,0.04841880583000434,0.05106921426894064,0.05066629600258592,0.05112744878748657,0.05169248622123467,0.050092343092141445,0.04945015474479299,0.05178126323616897,0.049806738043415615,0.04995845514442778,0.04847873680064226,0.0489222212191783,0.05010469688364147,0.048274360884733546,0.049192783814871334,0.0
2023-11-16,0.0514472677084497,0.049498865715899114,0.04821882863416771,0.04989634130125222,0.05175698540251777,0.048075421328303426,0.050740616574869106,0.05099239213069927,0.051546256828161496,0.051509306360131873,0.05040685570462119,0.04975602083234316,0.05145167203340985,0.05020823448948974,0.049060373142728354,0.04862643269170826,0.04930208705131657,0.049821909574981206,0.04867178778664698,0.049012344708302936,0.0
2023-11-17,0.05116699890228273,0.049909410101722264,0.048902077508354784,0.049832924955379373,0.05162362745816138,0.04844217473880065,0.05047288634379138,0.05114183730678746,0.05172906650619611,0.05133536359899381,0.05006911805138271,0.049944076153314754,0.051009269426467475,0.050352592978545774,0.04899768271052289,0.048027785792687884,0.0494807416295797,0.050137317453968926,0.04864780337768251,0.04877724500537734,0.0
2023-11-20,0.05102288358859366,0.04972090195777183,0.049225707246837516,0.04921341118909323,0.0513871936663096,0.04849361912735975,0.05104384682315151,0.05181578082411572,0.051776988424856965,0.051991870443433334,0.05019074575846306,0.05008812283027443,0.05085875251037439,0.050117580529928,0.04876108286961221,0.047750747058885656,0.049891908137724976,0.04959744187594674,0.04872141197604243,0.048330003161225085,0.0
2023-11-21,0.05116088366985453,0.04939021478125648,0.04891003373133428,0.04925489584677666,0.05131159765994571,0.04833721736177126,0.051070566571056776,0.0520086404923472,0.05171471029412519,0.0517417139882099,0.05092806574168904,0.050061499136131546,0.05115939774231058,0.04997491647798642,0.04885128526898484,0.04785281544293232,0.050163595951600304,0.04920677142061016,0.04912721466824111,0.04777396375283574,0.0
2023-11-22,0.05161904982255762,0.049321037506942174,0.04816652035912619,0.049509785871492,0.051369795213676434,0.04833175934316991,0.050779081447000676,0.05216964379566903,0.05170493966242372,0.05219631161205091,0.05090528000515669,0.050041257373157275,0.050923958873817385,0.04979210291527168,0.04858131426393549,0.04820421807904821,0.05049726477115064,0.04936110194561883,0.049030755795312776,0.047494821343422366,0.0
2023-11-24,0.051599348151268744,0.049357135926886904,0.047908724250539894,0.04952512104974211,0.05096736617002695,0.04828046279590413,0.05040466234559841,0.052348771607008134,0.05179979568489251,0.05233874410000962,0.05012291852544798,0.05070678357987023,0.05112239224859451,0.05040830676223226,0.048762740021182985,0.048481768002154736,0.050534457944048386,0.04928757726907809,0.048374070540925816,0.04766885302458762,0.0
2023-11-27,0.05205745287431391,0.04876062105413738,0.047583299009394744,0.049995171308484326,0.050957354889977845,0.04863312724227336,0.05044565999056707,0.0520532674817668,0.05117665844645482,0.05216338003842388,0.05022625865118832,0.05077352943566858,0.05092874636726315,0.05060282902286224,0.04910012510080934,0.04841414043786081,0.05024848615897458,0.04913136123962704,0.04905979376645631,0.04768873748349544,0.0
2023-11-28,0.05243899009252826,0.04873767232118494,0.04817937654638972,0.050187869835847644,0.05113422727641071,0.04850196188355635,0.05096593930504733,0.05172858346230921,0.051237269849768875,0.051723365278644504,0.050384915284103354,0.050293129158060376,0.05069210056687598,0.05085679226705361,0.04861773134503672,0.048741929071502786,0.05064631100262014,0.04895156521635094,0.048296398989774926,0.047683871246933685,0.0
2023-11-29,0.05225959154169298,0.048948210021568496,0.04808956386085359,0.05007691805308373,0.05112131186435706,0.04849262060751315,0.051120598650057886,0.051535509362836594,0.051181917536584944,0.05137981404627964,0.05061427705071404,0.05044977300297351,0.05110382625340791,0.05083723795001522,0.04860713783025831,0.04854648134123278,0.05148615355467937,0.04858969209243176,0.0480967910338009,0.047462574345658,0.0
2023-11-30,0.05234237460142664,0.048976813513732634,0.04827925389801457,0.0497295963014702,0.05112610060015204,0.04815865057890096,0.05105447784635362,0.05174739810872509,0.05167648103495734,0.05139780906397652,0.05100444871029277,0.05062830850768941,0.05124609573537088,0.050393346063679414,0.04804883529228096,0.04736590205257748,0.05123221165939941,0.049203833403126465,0.04840792413192083,0.04798013889595281,0.0
2023-12-01,0.05000000000000001,0.05000000000000001,0.05000000000000001,0.05000000000000001,0.05000000000000001,0.05000000000000001,0.05000000000000001,0.05000000000000001,0.05000000000000001,0.05000000000000001,0.05000000000000001,0.05000000000000001,0.05000000000000001,0.05000000000000001,0.05000000000000001,0.05000000000000001,0.05000000000000001,0.05000000000000001,0.05000000000000001,0.05000000000000001,0.0
2023-12-04,0.0505011446384837,0.050476183719657175,0.04997336361466076,0.04951972072067938,0.05028029596364461,0.05009678645790585,0.050527023798326805,0.0499638512780843,0.04976746767425553,0.050582773204364086,0.04999048804615532,0.04937639466056945,0.049744622611449234,0.04965842293407949,0.049872547495745205,0.05019733883527379,0.05007586460615421,0.04974681435257156,0.0498122448667818,0.049836650521157926,0.0
2023-12-05,0.05067599559303159,0.05093796379824886,0.04991277225859821,0.04937848766238703,0.05060226549520562,0.049733302376046194,0.05059535155154522,0.050394132560490544,0.049811940484648404,0.050459456106587655,0.049710744699069366,0.04977206126468388,0.05002576473481294,0.050024653322535556,0.049542969987458066,0.05021394450318465,0.0495121308304299,0.04958908017410816,0.049687718925289,0.04941926367163907,0.0
2023-12-06,0.0501621435653094,0.05184662303297742,0.05021049353692141,0.049340482740801044,0.050865038177811704,0.04992326896469019,0.051489397481546725,0.04960332746411164,0.049748578724411116,0.050616771143441666,0.049231765065691636,0.049763033909821876,0.050243462445030425,0.049672380100551645,0.04885999534279956,0.050126792132106086,0.04912887523968263,0.049707651756258686,0.04953568044801126,0.04992423872802387,0.0
2023-12-07,0.05022871942984118,0.05213329357050127,0.05033021276056458,0.04994594383964244,0.05102786813472614,0.05014096570757082,0.05140943717110602,0.049160039603529694,0.0497122531650335,0.05084728772916657,0.049053882345363856,0.04966373241827059,0.05047917426922276,0.049481731153780774,0.048837538576146824,0.050243166905266014,0.04924355787339415,0.04937546364158601,0.049244948299587796,0.04944078340569898,0.0
2023-12-08,0.050815971112146134,0.05219978216556823,0.04996357493831915,0.05013759886396111,0.05137062403207325,0.04987847783496884,0.05181213882697483,0.04830564967788596,0.04927282910328514,0.051432423233755395,0.04922429511456058,0.05008412130876706,0.05042285309473001,0.049770470105886956,0.048447290905062605,0.05025235152804248,0.049217609270049,0.04918846087787369,0.04903179534347329,0.049171682662616456,0.0
2023-12-11,0.050823345654331685,0.05263256710713231,0.05060643740250854,0.049903137859654924,0.051759332792969306,0.050024675120332054,0.05174227414180001,0.0487860646600068,0.04928874102889666,0.05134675661417026,0.048826146155577704,0.049440234410153105,0.05010535816720812,0.04959618412282744,0.048009332251029976,0.05022140855178441,0.049293464158535576,0.04915504906842396,0.04947323833655543,0.04896625239610175,0.0
2023-12-12,0.0510249593015167,0.05247076731469314,0.0505451431228607,0.049442609618569555,0.05277131775461023,0.04979727295708361,0.05211220349868226,0.04879386826226832,0.04913034296781238,0.0514277863815272,0.04855053522622943,0.04952025335879113,0.05014206390715164,0.04956169356898254,0.04811191149088572,0.05003405763657021,0.049343828274033996,0.04889321297591616,0.049330850866916943,0.04899532151489797,0.0
2023-12-13,0.05121502004556631,0.05250426070149084,0.050376889458739305,0.04936473242164833,0.053217742379084776,0.04922855682694278,0.052014765128189776,0.04912011169810262,0.049049521415601136,0.050913955159485144,0.04873699448021903,0.04932566718355146,0.05063318714554423,0.04863491358575231,0.048434595798594306,0.05005516394143756,0.049297505637838114,0.04926493068480979,0.04949952091770775,0.04911196538969437,0.0
2023-12-14,0.05095975392147886,0.05238523839662046,0.04949471615199599,0.049756238437373555,0.05330495738605968,0.0491343316150558,0.05229994076396593,0.049193570631979586,0.04941124318608302,0.05106565977553743,0.04862693466181203,0.04995135648101269,0.0504259583383239,0.048635148953721626,0.0486775036779508,0.049860011460084515,0.04914510955629021,0.04913031522567359,0.04929562063281192,0.04924639074616834,0.0
2023-12-15,0.05106498053936354,0.052451865864361014,0.04963998715398367,0.049602986660177845,0.05288162239252146,0.04904186200890421,0.05309944379103838,0.04947250902061997,0.04910127288728881,0.051397184049326305,0.048679203925257354,0.04996038355911243,0.05036574214062866,0.04876417397120198,0.048113081409315625,0.049383080117761505,0.0492203878845421,0.049014999990877654,0.04970042338989605,0.04904480924382138,0.0
2023-12-18,0.050579886019415356,0.05222692151743222,0.049689607783039956,0.04980620033258057,0.05279997342710839,0.04923568967488517,0.05346984086732478,0.04944281995451366,0.04903922359978076,0.05149132390887436,0.04841491375733554,0.04967147168781912,0.050959012117270885,0.048563780980488296,0.04808081856456511,0.049490987134480656,0.04934823802122254,0.049069389355269916,0.050042148030138144,0.048577753266454506,0.0
2023-12-19,0.05021896529070965,0.05183182155288676,0.049587567643498594,0.049605871294442584,0.052531883514312046,0.04915167150693294,0.053501203589309966,0.049448641421543156,0.049090096191462804,0.05218365525325362,0.04837920297607018,0.04993072075208162,0.05071010405834772,0.04862030871090642,0.04817763043762729,0.049694439241383136,0.048908090116045654,0.049479445414621605,0.04987294693531549,0.04907573409924891,0.0
2023-12-20,0.05059587735601749,0.05198234677843194,0.049450335384682034,0.049854545219505886,0.05272019209273309,0.0494631842199614,0.05321490493209778,0.04954072458657905,0.04899974765491257,0.05237372028457326,0.04812126330855834,0.04907920926772142,0.05066677675309279,0.04861637344518671,0.04813348485788512,0.04942109078279787,0.04905055357627245,0.04945132770336187,0.05009674207868792,0.04916759971694111,0.0
2023-12-21,0.050712881903179026,0.05192301565133148,0.04924277291485913,0.049289372363143666,0.05245285869258917,0.04911531071072837,0.05327532251570585,0.04964869722096473,0.04988399498935732,0.05216662027412254,0.04747331428321932,0.04924452255724048,0.05017976122289783,0.04897706705585703,0.04823429684124672,0.049197416485770556,0.04882814759534589,0.05018060519284356,0.050620303922901844,0.04935371760669547,0.0
2023-12-22,0.05065471154555771,0.05127232198077576,0.04916380152590964,0.04989273565630637,0.05294335774471644,0.04903409145900878,0.05295130584163569,0.050284513286685796,0.050020396869580826,0.05238497251734036,0.04783858669431032,0.04885683748804447,0.05044873222164419,0.04877298867843532,0.04813404399431778,0.04866082648009762,0.049100110663687684,0.05010255393270904,0.05031462795849671,0.04916848346073934,0.0
2023-12-26,0.05099754632856044,0.05093618512366631,0.04950229717399728,0.04968555009725385,0.05262074141186464,0.04977742977671164,0.05347308609385619,0.04989536842560242,0.04976733439320241,0.052038664981823475,0.04777953773313125,0.04887643253243877,0.05037066313631032,0.04886801941781448,0.048179562764550855,0.04838932255684078,0.049264012623870194,0.05020746264402822,0.05012563300748631,0.04924514977699029,0.0
2023-12-27,0.05109801428980629,0.05064336944731394,0.049845561641694854,0.050084626823511405,0.05213695043313361,0.049214267584817714,0.053928455777288456,0.0499907279300504,0.04959005356513685,0.051868190719215376,0.047809709120852674,0.04891005633326493,0.04993542571652824,0.04847523899391568,0.048069403562560106,0.048066107440779736,0.04951996083259815,0.05066178944230429,0.05037884806903331,0.049773242276194236,0.0
2023-12-28,0.05118898706460424,0.05041547631399567,0.0498491489687533,0.050073777247911976,0.05217577191246726,0.049141562433103234,0.05395177443286338,0.050144729017495955,0.049347090599590804,0.05151328274983161,0.04765888405365823,0.0493049848078331,0.049685999735321125,0.048525965477566685,0.048357054748094874,0.0484758464591668,0.04966488314594078,0.05142968384587706,0.05000735712153701,0.04908773986438677,0.0
2023-12-29,0.05139748140767725,0.05053627179020204,0.05015293370069767,0.0500100539931466,0.0518470365189262,0.04875410861619845,0.0545472974660315,0.05013785193615837,0.049042163312741444,0.051494750442157754,0.04781595783986001,0.050033380280155415,0.04973424136202029,0.0483615701209243,0.04856012528653339,0.04787065241943207,0.049622126985140146,0.0513113338723813,0.0494467562209576,0.049323906428658026,0.0
2024-01-02,0.04999999999999998,0.04999999999999998,0.04999999999999998,0.04999999999999998,0.04999999999999998,0.04999999999999998,0.04999999999999998,0.04999999999999998,0.04999999999999998,0.04999999999999998,0.04999999999999998,0.04999999999999998,0.04999999999999998,0.04999999999999998,0.04999999999999998,0.04999999999999998,0.04999999999999998,0.04999999999999998,0.04999999999999998,0.04999999999999998,0.0
2024-01-03,0.04999276586725554,0.05035116886866641,0.04980234263697837,0.050068041042741776,0.049755889786518466,0.049826742997798185,0.050030989556291046,0.049791680912423274,0.04959173574887656,0.05040006484940211,0.050168220744723484,0.050134725071696196,0.04949406781165007,0.04976020300239681,0.05024262248106516,0.04988592415349264,0.0502731333552034,0.050274987117873864,0.05003057116306552,0.05012412283188105,0.0
2024-01-04,0.049839448501967996,0.0505706241224968,0.04982692070975627,0.05018319387383635,0.049447474189359214,0.04999158189013631,0.05018372267948082,0.05027849127929279,0.049433100867442056,0.05032041060044173,0.04993137728738852,0.05085992194854018,0.049643013190332624,0.049568932022901614,0.04969808680300068,0.050052053406611056,0.050270634915172495,0.049963602112447054,0.04927608998100301,0.05066131961839253,0.0
2024-01-05,0.04932748563046721,0.0509878294306629,0.0493936475917036,0.05059246657591664,0.049489488497161886,0.05011955837228435,0.050016993927967865,0.05029287757479341,0.04986533003227157,0.050008007094612915,0.04995296994527329,0.050696450840818766,0.04965664216461884,0.04937428445288964,0.04967752934509468,0.05049787082806491,0.050346329279132476,0.0499962236571971,0.049175941226321025,0.05053207353274703,0.0
2024-01-08,0.04911595425092014,0.05132219902726129,0.04958592022029108,0.05121121750932662,0.049382585141655444,0.04976768093384072,0.05003253690840379,0.05127546033716748,0.049793237934753626,0.05067331144257063,0.050212737288141636,0.05058171512959491,0.049445977231825346,0.049494481134402,0.04931181952051355,0.05060034530217476,0.05033279563932591,0.05009387108033433,0.04808944724631221,0.04967670672118446,0.0
2024-01-09,0.049720961233450184,0.05146113180880979,0.04910560995358014,0.051394101050569484,0.04925466492252234,0.049621501485143896,0.04971219680120449,0.05152983615692331,0.050090708332722444,0.04967970515038652,0.05082308323272311,0.05072804270162011,0.04939410360998869,0.05025132062090669,0.0489773078150228,0.051068108073692595,0.04974679418282064,0.04978961294315592,0.0482972594998871,0.04935395042486981,0.0
2024-01-10,0.04985231475264261,0.05185416962859215,0.048750468257507035,0.05200734115511186,0.04925064149489434,0.04961909535319563,0.04954359382166049,0.05142303714176991,0.04949899624816793,0.04969069577794938,0.050929567586648274,0.051019549639534006,0.04999193809424534,0.04902020573682086,0.04850738951112051,0.051618974502297056,0.04975615904989772,0.04984438483545309,0.04846542171436461,0.049356055698127205,0.0
2024-01-11,0.049359337072406494,0.05215826046910662,0.0480303931298364,0.05201046514706397,0.049572265476073865,0.049847340300038755,0.049477896739482476,0.051592151601776916,0.04934080669774787,0.049737176852386565,0.050540483366445295,0.051224932006455295,0.05041232008248531,0.04897467741490679,0.04825523667718077,0.052076462873667025,0.04928414162221062,0.0498428418590165,0.048364376078485975,0.0498984345332266,0.0
2024-01-12,0.048785170729624946,0.05224541821831359,0.04792687224870582,0.052350589898323086,0.05003178781872749,0.050642361315151596,0.04886113161801852,0.05158268266552842,0.048990996608865266,0.04968688632108351,0.05058697675932688,0.051049245267319,0.05032735098267839,0.04932790909033731,0.04841749045130482,0.05178453121403952,0.049044209206954896,0.04992565860134678,0.04871564078408566,0.0497170902002647,0.0
2024-01-16,0.048652044381691864,0.05260857969858254,0.04837356638457529,0.05240588678235751,0.049986267627460675,0.050792985231283165,0.04896338063764683,0.05196684051954663,0.04899853611516432,0.04976418636758035,0.05043022997433794,0.05066330964411466,0.050516971704504206,0.04905439960376432,0.04829682053131348,0.050970164388672294,0.048651644617420824,0.049853007818303055,0.04889213726680857,0.05015904070487138,0.0
2024-01-17,0.04934244338809352,0.05189621591272954,0.048483779538727366,0.05236454734940296,0.05022171602384371,0.05058588890750841,0.04947085449892129,0.05169770333547176,0.0487910081507111,0.04995802013752209,0.049871590746065814,0.051294126307138324,0.05071743544363016,0.04939041995966963,0.04824682619894756,0.051083482919527905,0.04855512543241451,0.04977190554868809,0.04876952361837749,0.04948738658260879,0.0
2024-01-18,0.049314236863655235,0.05182858252356493,0.04874006825748844,0.05247055311715437,0.05019427208593327,0.05059012863540437,0.04950498911667469,0.05107936008901069,0.04953977438771983,0.050171377799005164,0.049259619233368745,0.05105209928555851,0.05012047429632185,0.049837488870175806,0.04822375670568005,0.05118587040447214,0.04836691689693834,0.05066792331566348,0.04850401675327782,0.04934849136293225,0.0
2024-01-19,0.049874136944441615,0.05182160776058726,0.04965636928450072,0.05276585011461132,0.05046891991687063,0.050758734572914146,0.048655015011742686,0.051315091402280265,0.049062503727158764,0.050058687458595465,0.04933695803336608,0.05045959857565037,0.04952558646239636,0.04984129586211327,0.047615952683633216,0.05057824744166482,0.04863304209953047,0.05084977510688552,0.04890844326655696,0.0498141842745,0.0
2024-01-22,0.04994627877778448,0.05218709524797822,0.04974631793762415,0.05270026573905203,0.0505554513312078,0.050522507210417546,0.048519326562577944,0.05156312151921338,0.04940272601718158,0.049496388326837566,0.049292905720151665,0.04989479457648049,0.04915988783888122,0.04956286456713545,0.04775813198456203,0.050548414766611836,0.04869685663402072,0.05126082024145689,0.04909315859504225,0.05009268640578286,0.0
2024-01-23,0.050190939616878226,0.05284564841386059,0.04955833784266496,0.05293682049917186,0.05110629732556686,0.05076963874103217,0.04812209017834514,0.05174863348897789,0.0497858398943285,0.04955905259649639,0.04926938507300981,0.0497724574349391,0.0486944914558331,0.04996709351309059,0.04708082008967389,0.04971620359356527,0.04881226833749771,0.05149998375386825,0.04907858627958762,0.04948541187161213,0.0
2024-01-24,0.04977740201037156,0.05236775241638044,0.04939651703455197,0.0533190788203681,0.05048671396051387,0.05001767438060103,0.04797102618061021,0.052052200986134965,0.04995108945006219,0.049258352571216316,0.049631673293842535,0.05035111461089816,0.04884302086620262,0.05019805253820053,0.046900742533942316,0.050312818602034605,0.049282715561975284,0.05210396253959914,0.04852811442177863,0.04924997722071563,0.0
2024-01-25,0.05002145365992159,0.05279679158334116,0.049317253428431976,0.05322462075053576,0.050323235847339554,0.05012936324505944,0.0483776284212612,0.052158413191078175,0.04988959386699933,0.04892982032846349,0.04922941991950284,0.049854470249328924,0.04857784655762071,0.05009552644437607,0.04679957318316793,0.05039870103231496,0.050250390506041645,0.05173925998708027,0.04876325811530729,0.04912337968282779,0.0
2024-01-26,0.0500053971532038,0.05247216298644088,0.04919905092756727,0.052240149678395874,0.05054341728178915,0.05006387148352647,0.04765449661090189,0.051725445807468295,0.05063469963674327,0.04942420312509347,0.048853074847610534,0.05048338114549514,0.048819542731523426,0.050409658508989215,0.047039011641583146,0.05021292649682342,0.05052915582694185,0.05181132897600989,0.048884063555075664,0.048994961578817366,0.0
2024-01-29,0.05016552582753499,0.05190545591926245,0.048868121818084656,0.052704939356895505,0.050391226982530714,0.04988394827536148,0.047247971339892364,0.05168082345036038,0.05136561371312583,0.049822410668282094,0.048433140690114784,0.050801535643014914,0.04883181142623081,0.050605326369876885,0.046984546692783,0.050115397030820415,0.05070683628449383,0.051502650940265515,0.04872605641170726,0.049256661159362204,0.0
2024-01-30,0.049865962285726095,0.05180867925533563,0.04919910037853794,0.05258304118294217,0.05004570268029635,0.05039155777194237,0.04751587967381669,0.05215220045316042,0.05127967299014133,0.05021541213760371,0.048214034734263826,0.05087215192390663,0.04906043980418031,0.05057594149837426,0.04695843720939977,0.05019391615268238,0.05079711074761147,0.05128345100283184,0.047736260323440756,0.049251047793805854,0.0
2024-01-31,0.04998554897251303,0.05175374457695957,0.049608815569821364,0.052341821818922794,0.04964973938650011,0.05000617720031085,0.04733817259803995,0.05227534610381271,0.051395745840549956,0.05060947382583301,0.04825046920505947,0.050025679710171,0.04879860489636843,0.050742582755975894,0.04749093682714215,0.0504215003220414,0.05108596842026675,0.051438834835046285,0.04796933418152792,0.048811502953137506,0.0
2024-02-01,0.04999999999999999,0.04999999999999999,0.04999999999999999,0.04999999999999999,0.04999999999999999,0.04999999999999999,0.04999999999999999,0.04999999999999999,0.04999999999999999,0.04999999999999999,0.04999999999999999,0.04999999999999999,0.04999999999999999,0.04999999999999999,0.04999999999999999,0.04999999999999999,0.04999999999999999,0.04999999999999999,0.04999999999999999,0.04999999999999999,0.0
2024-02-02,0.05005944145790129,0.05034093115714007,0.04982689403398282,0.04999556965446144,0.04984833851642622,0.050391368054462315,0.050825023681576355,0.04999647611778118,0.04970395003796427,0.05046893416539557,0.04936345035400276,0.049891543408534474,0.049778820912127805,0.049951653169121174,0.050115846514610506,0.05044426280086512,0.04916635859549734,0.04961365754872834,0.049924239001226306,0.050293240818194786,0.0
2024-02-05,0.050277717863660636,0.050656899765533295,0.049742440040964724,0.04987641218770064,0.049315224198821506,0.0505288107405324,0.05103736957932329,0.05026753311348219,0.04994097135494877,0.05067178112150678,0.048555245477331734,0.050570365184663284,0.050102345128273405,0.050442287515664874,0.05015805379036349,0.050076062002582335,0.04851744099006001,0.04958535008783625,0.04970996046979243,0.04996772938695769,0.0
2024-02-06,0.050138728965741695,0.05098769338605666,0.04990796749421899,0.04957331118156452,0.04956870974833009,0.049909757598740875,0.051327631448315536,0.05085818099869117,0.049984310761920135,0.051321343863229944,0.04855415997761282,0.05032279229199763,0.05048898171324844,0.050031396263604186,0.05005705619610722,0.049986001254743596,0.04826099151702636,0.049406530627313885,0.04970454137299609,0.049609913338540236,0.0
2024-02-07,0.049930964510988635,0.050852525941817786,0.050320440014407684,0.04935654002952135,0.04974359390064309,0.05039388823756446,0.0515214038112525,0.05018709558162837,0.04944454426289271,0.05101307754328177,0.04819160755096133,0.05007110464036723,0.050759460821692075,0.050003450634078364,0.04986286603427204,0.05062185966646128,0.04873463254039802,0.04972511753706346,0.049882996203640124,0.04938283053706763,0.0
2024-02-08,0.05041022661830396,0.05075293142879561,0.051191062482785495,0.049457284343836345,0.04961951037118843,0.05023437986355739,0.051493352731182905,0.05023012225264557,0.04951985358826437,0.05116840316728448,0.04743169695043792,0.05005320164975555,0.05061101824674352,0.05018903799815355,0.049910738048585965,0.050411703599805124,0.04874016587909232,0.04913610255515125,0.0496652567470016,0.04977395147742873,0.0
2024-02-09,0.0507741324757148,0.050737516446370035,0.05102023155915385,0.05015259036326807,0.049298693944356604,0.05004508150735759,0.05194226197118821,0.04989917701874002,0.04961303229696479,0.050712850366104206,0.04763393572175938,0.04955691439802344,0.05080629373003614,0.04981491236674867,0.050348465324308964,0.05049189100974988,0.048602995235675885,0.04895595737569161,0.04985430175457275,0.049738765134215115,0.0
2024-02-12,0.05055096229801742,0.05139332033237455,0.05092052749021827,0.0504931334305308,0.04930775848418532,0.04998453680293469,0.052693489770671044,0.05012758509345511,0.049450978271456766,0.05100618352150873,0.04820150825702927,0.04959715921160808,0.050305416339251584,0.05017104647532645,0.049511332312115436,0.05018625691612758,0.0488466855338054,0.0487444050674403,0.04949714786018928,0.049010566531753744,0.0
2024-02-13,0.050835504541370216,0.050450198311887476,0.05121437213875358,0.05097454133804534,0.04981017759964425,0.04993103788869257,0.05215382937991697,0.0504165929698526,0.049298946013125025,0.0504710109706831,0.04824764301423259,0.04939852775855863,0.049763557578117165,0.05031974684988121,0.04953248078362692,0.05103053685774435,0.04904751107781768,0.04907941427794203,0.04934992121253282,0.04867444943757548,0.0
2024-02-14,0.050585629526675474,0.05012717598095177,0.05098413097813701,0.050853238933040903,0.04926381307154024,0.04953049526501318,0.05215357603383951,0.050347109155292814,0.049455824944507315,0.05005795097704762,0.04834914775960201,0.050332095005516844,0.049936775360386175,0.05079475074636538,0.050056244376857295,0.05114386292050364,0.04859788427324674,0.04890536714171671,0.04959688995404996,0.048928037595709316,0.0
2024-02-15,0.050177041192050215,0.05014059193160006,0.050945408115642445,0.050902190824841306,0.04873489576201111,0.04959910873751216,0.05214971248073443,0.050581575722629814,0.05002500388672386,0.049619251884647414,0.048454078866813376,0.05001979592219528,0.05040605417736868,0.05102460171181642,0.05020567841434942,0.05070422074227771,0.04876876626546045,0.04927523051656508,0.04946759383739689,0.048799199007364014,0.0
2024-02-16,0.05051767496396658,0.049740973279294796,0.050777256821899215,0.0510324714260318,0.048501846787601284,0.04937247268893637,0.05197241527311711,0.050962322711152405,0.0501432551869678,0.04968600547717189,0.0476536955172352,0.05067150049786807,0.04995311504008195,0.05094582224165524,0.05032974064540179,0.05106840305134779,0.049031415616306216,0.049238850641271564,0.05003868585255252,0.04836207628014017,0.0
2024-02-20,0.04996835494347226,0.04970330841581588,0.049899102205500784,0.050850550232531794,0.04854374746620826,0.04965610577757041,0.052383784257026805,0.050957163816341036,0.05046977007215241,0.04986144993064698,0.04800006788651079,0.05032045876412669,0.05001089006798831,0.05108189597494885,0.049818804642593424,0.05073853388523408,0.04980368096911175,0.04945931485978744,0.05018821081725002,0.04828480501518204,0.0
2024-02-21,0.0501980764363472,0.04956598484879903,0.04984819780221302,0.05060354307803564,0.04828400184085358,0.049742334888728326,0.052379285807978224,0.05038498648202896,0.05008121369413069,0.05062172610562239,0.04832577013841284,0.05031820851497311,0.05007021166256273,0.05108130685836813,0.04996957821433573,0.05088559029041311,0.0496822806697159,0.04974852881756418,0.0496840075787747,0.048525166270142514,0.0
2024-02-22,0.04990562698362226,0.04913835895459927,0.049582050441795165,0.050696354889585134,0.0483018347665786,0.05009891810539008,0.05286340738066964,0.05067643134282222,0.0497334749899798,0.05038334123998972,0.04874278189784424,0.050287188157405925,0.049653176464668436,0.05158799386545628,0.0501146616561962,0.051040671946425545,0.05006183902250387,0.049131952225162416,0.04894212998730131,0.0490578056820037,0.0
2024-02-23,0.049688110127945065,0.04901896915117729,0.04987972272037569,0.05093661336907593,0.04853025279303862,0.04988052847945339,0.05311762043899382,0.05082395169090662,0.04980155243153962,0.05051023632031557,0.04845332551250363,0.05019217073004969,0.049392401485082914,0.051469942495614075,0.05004034326027841,0.05161656247633821,0.04977603444586246,0.04890557364042742,0.04906945136049345,0.048896637070528104,0.0
2024-02-26,0.04977874783351121,0.049183991640828206,0.04982830487893989,0.05090638012918231,0.04857388677696345,0.04954421807672849,0.05357274207463781,0.05097193821681394,0.04927054292128435,0.05051359449659832,0.04801307593928787,0.05016698406088872,0.04955348164455154,0.05136473013170091,0.04975515154623287,0.05164294961319466,0.05054061055874622,0.048998703060576645,0.048806564986912035,0.04901340141242057,0.0
2024-02-27,0.05000266502700938,0.04912243219931698,0.04940898082061547,0.05049932079185614,0.048785289183033945,0.04905236272118807,0.05314285195644649,0.05074511956736483,0.0493625624791024,0.050779082875097845,0.04849157486455512,0.05049154025366005,0.04961151806441456,0.051315180849690584,0.04993053448761615,0.051681877932004745,0.05034982973512177,0.049087003037381054,0.0491413062943863,0.04899896686013831,0.0
2024-02-28,0.04974029021429623,0.048992644390512374,0.04934573274599346,0.05042145861788161,0.048903418801815014,0.04982907418935192,0.05287151554472338,0.051120708750329806,0.049558362046073674,0.05085650874327584,0.048685777284549474,0.05066500855163473,0.04967638982606729,0.051409614356339346,0.04959480892588624,0.05097751647392525,0.050602002855222664,0.04866814271849893,0.04898159363259665,0.04909943133102617,0.0
2024-02-29,0.05003658674089441,0.04898191273033847,0.04867079590546832,0.049960822533189064,0.048952624214255856,0.05010652668404869,0.052653729604707135,0.05189861276170877,0.04959158314873877,0.051295218837039004,0.04902920314079007,0.05065138271922032,0.049381962309177595,0.05105028461359609,0.049235724141453295,0.050862685487555764,0.0507509443406502,0.04895083654425079,0.04911047552810773,0.04882808801480965,0.0
2024-03-01,0.04999999999999999,0.04999999999999999,0.04999999999999999,0.04999999999999999,0.04999999999999999,0.04999999999999999,0.04999999999999999,0.04999999999999999,0.04999999999999999,0.04999999999999999,0.04999999999999999,0.04999999999999999,0.04999999999999999,0.04999999999999999,0.04999999999999999,0.04999999999999999,0.04999999999999999,0.04999999999999999,0.04999999999999999,0.04999999999999999,0.0
2024-03-04,0.049625103851852856,0.0494547105834982,0.050290667895919565,0.05015692501025572,0.04970535006569884,0.050662812021954565,0.049726748563008474,0.05010030711755855,0.050087403418035886,0.04920589167652544,0.050162610818985306,0.050008740769712665,0.04992704926997036,0.04971092936275841,0.05045263160913054,0.050003458733808216,0.05054376329216468,0.050112177103108904,0.05015695112854909,0.04990576770750374,0.0
2024-03-05,0.0497016706150845,0.049750896145022816,0.05034082967892922,0.0501986997332164,0.04936868247824983,0.051285371730225515,0.049534540178994,0.04986176198894454,0.050005169010241886,0.04948528981969363,0.04992793368851004,0.05008300722476421,0.04994273295814129,0.04953854845548078,0.05032700349816687,0.049957302012224224,0.05031120042668046,0.05017133042200453,0.05055192135576437,0.04965610857966077,0.0
2024-03-06,0.05033922936661912,0.04974775364038744,0.05082410484060227,0.050440173774153,0.049470630159736566,0.05095729948715748,0.04929779509248833,0.04976440867832735,0.04974620903512725,0.04901074216971405,0.050081360128626705,0.05016907294260135,0.049907813620397735,0.049972853499467125,0.050070900689986424,0.05038898967760221,0.05034864334043471,0.04920425567067343,0.05071593330358187,0.049541830882315785,0.0
2024-03-07,0.050827733120267594,0.05008517805213567,0.050013887193967634,0.05048241659688976,0.04944777249036079,0.05058018594973412,0.050149712577491214,0.04928364941835617,0.04961026722827493,0.04936048664909339,0.04985370401974626,0.05009077641495571,0.04979357324096604,0.04987730091068547,0.049656513861790805,0.0500848587031658,0.050996622400678,0.04928998767798969,0.05084554653802216,0.04966982695542887,0.0
2024-03-08,0.05110604993622927,0.05031497932134238,0.04995042318268739,0.05059548886629734,0.04896569831029977,0.05055514903312232,0.05012139745659827,0.04935038691398854,0.05008660833794026,0.04919183201766439,0.05069638558920725,0.04961649204590322,0.04951141494703286,0.0496389774581851,0.049747074843198937,0.05027400093031521,0.05105430825991675,0.04951509085663735,0.05026075149838873,0.04944749019504462,0.0
2024-03-11,0.05071567400247321,0.05076592383735313,0.04981999887459976,0.0502050321347411,0.04902660258041226,0.050211740129590024,0.050344938788043754,0.049268293439766256,0.05048418632567851,0.048868702370786624,0.0509291737602337,0.049294292123918886,0.04955192894691241,0.04962290964942533,0.049376225987811606,0.05027001495957327,0.05138400221752158,0.049404635004539996,0.05044452245324862,0.0500112024133699,0.0
2024-03-12,0.050933739117554916,0.05045247532882198,0.0501958880713121,0.050160402487513585,0.04877032909565593,0.05022198192518831,0.0499885732578386,0.04943964975632046,0.050406887615885194,0.0498321247602355,0.050209381919572936,0.04962355285877352,0.049469248834020436,0.049581293659992885,0.049861729308331895,0.05009577172891347,0.051045467268424044,0.0489364125486155,0.05049689209258474,0.05027819836444404,0.0
2024-03-13,0.05129854913176282,0.050383645343941234,0.050493047084551414,0.05036534758730174,0.04846637457705803,0.0505330292691481,0.050384415303275726,0.04919267458389616,0.05033997731469201,0.04988683635428295,0.05027042542776442,0.04890535939870201,0.04920825485544589,0.04966033734511066,0.049761176773896035,0.04990783464761718,0.05102051576571216,0.048813653111092606,0.05046649601443486,0.050642050110314064,0.0
2024-03-14,0.051681204082209345,0.05006319564183825,0.050840105141428636,0.05104269977486367,0.04836812668022517,0.050165218183250176,0.0498760318454641,0.04925107990734257,0.050303547432401834,0.04993116155913319,0.05051920926681717,0.04943201111599953,0.048651299435352194,0.049252208085299475,0.050006783736846735,0.050107451824754755,0.05088723291223597,0.049270069488911494,0.04973849506405396,0.05061286882157184,0.0
2024-03-15,0.052026144293345566,0.04987342462424014,0.0514495169216342,0.0510045256066882,0.04804371680081984,0.0503267243480348,0.049591062314255335,0.04897848946331555,0.050206697077479434,0.050251454397762824,0.050409747383645356,0.04929541075421123,0.049031542093159595,0.048931973843986405,0.049803878449574686,0.050648020280454356,0.05127727693224769,0.04918619043072946,0.04921342322137424,0.05045078076304103,0.0
2024-03-18,0.05206967749465589,0.05022466141686954,0.05122985540845187,0.05111400176397154,0.048165561572373713,0.05065177587110819,0.04925355104356805,0.0489593925467634,0.05022223743049063,0.05045215762513962,0.04993595303250271,0.04978622416941475,0.04920369918534119,0.04835635555683548,0.04992231620021232,0.05030350486549752,0.051454202243844865,0.04911033169805842,0.04920790363055592,0.05037663724434438,0.0
2024-03-19,0.051937779170844786,0.05064720160827196,0.05160606268188302,0.05132546883590748,0.04801124400277388,0.050691458209415015,0.04922946006949373,0.04829945471050614,0.05049321411949827,0.050753279881365417,0.05006628467921312,0.05011379707430629,0.04882616976791009,0.04795317997094291,0.05005449335785471,0.050218421828916324,0.05179180772090507,0.048895932098928216,0.04923032562427492,0.04985496458678876,0.0
2024-03-20,0.05179773726358152,0.050317752182612585,0.05130821794186091,0.051336185158215024,0.0483640349417053,0.050745323805411434,0.04903255991444375,0.048428203893530156,0.05137997361471474,0.050356948745063766,0.04980658291159216,0.05007802062520133,0.04913894158285528,0.04778519056812268,0.049541832725513144,0.050470015527008645,0.051477881784597494,0.04908278355875786,0.04945109561057793,0.050100717644634314,0.0
2024-03-21,0.05119080941760863,0.05023872417681549,0.05100248997714194,0.051836883159489165,0.04829311389541767,0.05059058020220354,0.049640586722970066,0.048413426910881185,0.051164722472620106,0.05063078114279985,0.050091231197413114,0.05008215733329097,0.04886556542166114,0.04751605905972428,0.04938672212340421,0.0505467151626613,0.05176236737772305,0.048708686472732854,0.0495306322293606,0.05050774554408072,0.0
2024-03-22,0.051299312401188665,0.050198503844650334,0.05125855070390638,0.05226073247198579,0.048142710443164906,0.050872317494421546,0.049802827472939674,0.048462096264710826,0.051385105203298934,0.050513096444986784,0.049710034696054145,0.050629202445023516,0.048747199150340655,0.047758509825509804,0.049319291274367454,0.04990849772034632,0.05175596069076224,0.048626573762328915,0.04910059214016672,0.05024888554984653,0.0
2024-03-25,0.05138823644813852,0.050426883851586196,0.050736558815405834,0.05279124421502138,0.04879870138916959,0.05047180055245877,0.04958178711184126,0.047918192033473014,0.05160321218683571,0.05020651100307618,0.049543958455679216,0.051104916379692396,0.04858558392019489,0.048398011547836656,0.049157554462397356,0.050098068108607764,0.050886026820168635,0.049022823310266035,0.048765545490564055,0.05051438389758666,0.0
2024-03-26,0.05159870223903578,0.04981606986023983,0.050949745934051514,0.05297084863712912,0.04825428372143212,0.050567389713317194,0.0499374560027389,0.04814700267085317,0.05149429920929707,0.05023323449489566,0.04988498664757781,0.05146261919569802,0.04850076347083943,0.048686953109883475,0.04946684600228262,0.04958003005015844,0.051060844727272736,0.04871797480593447,0.04805570559923841,0.05061424390812426,0.0
2024-03-27,0.05112995466305115,0.04927131273071229,0.05099804104087704,0.05385532783897269,0.0486981022992294,0.05058859776220185,0.04981257894490789,0.04805834090177889,0.05113835410906343,0.04961097881256721,0.05006717879062272,0.05188560737795581,0.048730994742967174,0.04850677573939162,0.049272816440653844,0.04907602523674216,0.0515331568454774,0.0486363921876453,0.048109065963463975,0.05102039757171811,0.0
2024-03-28,0.05119233416156619,0.04927753521212379,0.05121347397797303,0.053443296878920785,0.04910353908397323,0.05082144288656219,0.0494401892602072,0.047972229152949034,0.05106769385814391,0.04976855023541373,0.04991202954246521,0.05131618412358689,0.048431367151803094,0.04841749601151153,0.04935714949085893,0.048462417129573186,0.051931808337166825,0.04883537020825458,0.048594644791851764,0.05144124850509482,0.0
2024-04-01,0.04999999999999999,0.04999999999999999,0.04999999999999999,0.04999999999999999,0.04999999999999999,0.04999999999999999,0.04999999999999999,0.04999999999999999,0.04999999999999999,0.04999999999999999,0.04999999999999999,0.04999999999999999,0.04999999999999999,0.04999999999999999,0.04999999999999999,0.04999999999999999,0.04999999999999999,0.04999999999999999,0.04999999999999999,0.04999999999999999,0.0
2024-04-02,0.05012281504578888,0.04993842036376619,0.050114950831300964,0.05036499524474161,0.04997925838204971,0.049920537802741846,0.04923417957043257,0.04965899717496239,0.050189726484486365,0.049927641500627874,0.050127063969353285,0.049824823826688854,0.050356193311400135,0.049881540252118065,0.05005737905830502,0.04975698650984897,0.05038649914619241,0.05025409049039854,0.04982838533619968,0.05007551569859677,0.0
2024-04-03,0.050056836191731874,0.04995067613765991,0.050248687007013786,0.05079156596847058,0.05043274196952622,0.049443606825170204,0.0494430741916362,0.04947977274073964,0.049869486354464025,0.04983543036926858,0.04980571567755658,0.0493935419156428,0.05033326950908797,0.05029856055132588,0.05027728962245244,0.04921439069604828,0.050533658843839833,0.05034596201007374,0.049793149880030266,0.05045258353826094,0.0
2024-04-04,0.05018977342186419,0.05012064399772574,0.05004020718636689,0.05070270222294845,0.050343897251751875,0.049619334917649,0.049220469634617764,0.0499807375326045,0.04983908324681171,0.049801470533222494,0.04930118180842404,0.04947452050912663,0.05014941707914571,0.051030337165052744,0.04976050332472162,0.04936955448512626,0.05028949676461978,0.0505022386249248,0.0497703224967435,0.05049410779655214,0.0
2024-04-05,0.05097408475571766,0.05013396689837556,0.04985392471502466,0.05106948067478795,0.05015663390260303,0.04953362319766218,0.049034317113573346,0.05023027424137575,0.04950072984207115,0.0502659587605238,0.04956192193893787,0.04939254528470184,0.05029823220987489,0.050564970308467086,0.049801866802909475,0.04942271019436203,0.05003461149332064,0.050483994714033725,0.049222802851960644,0.050463350099716815,0.0
2024-04-08,0.05052205358709746,0.04992149690233298,0.04993741257133697,0.051497343436621705,0.0499361219053594,0.04915068821152292,0.04962841870419047,0.050192596286334566,0.0494248047001097,0.049794714736673046,0.050013123076188215,0.04925256477944645,0.05056590128886548,0.05099333652233017,0.0494476435290879,0.049603984249271565,0.049934492855434026,0.05079154130427122,0.04922893385070134,0.05016282750282448,0.0
2024-04-09,0.05065694436295432,0.050279127920379744,0.04998939176431988,0.051169159194826355,0.04979883999376372,0.048947850617648454,0.049505537879206196,0.049930070391148426,0.04972306496666304,0.049723411036152985,0.05028718801188942,0.04914137413672698,0.05100302994280795,0.05084572077530745,0.04947221686926786,0.049412242719389515,0.04991422810188381,0.050688089268634565,0.04925281576010659,0.050259696286922874,0.0
2024-04-10,0.05047651041411602,0.050480399432568546,0.04994810090425926,0.0512139516881189,0.04957042764435269,0.049229771998338064,0.04993524915376075,0.04964547330279049,0.049583077222743195,0.04974848132406141,0.05047760950641264,0.048810484340099734,0.050634655209092445,0.050855131879098944,0.04940993267531844,0.04948986813680615,0.05004547309394896,0.05043875038016274,0.04929344113431743,0.050713210559632994,0.0
2024-04-11,0.050420496303286565,0.0503885012317168,0.05005745854097509,0.05057686355830581,0.05009916472994467,0.04898063078444555,0.05017305571972658,0.04988098622519501,0.048573601795902456,0.04951007987643273,0.05018428388397896,0.049534663913634105,0.05031665962311696,0.05109855989500782,0.04956824480021299,0.049908826280838606,0.05003591401837776,0.05008278129422199,0.05012690456708566,0.0504823229575939,0.0
2024-04-12,0.050372991490953214,0.05037174258771811,0.050584893370989675,0.05048375156836066,0.049798777935513815,0.04860463424142392,0.0502773117102827,0.0500952731102401,0.048638550185845335,0.0495356421932795,0.05046170797286906,0.04955903304158417,0.05063764120348946,0.05162023219407435,0.04954198731033091,0.04942145236349617,0.05008031516325679,0.049837323307146845,0.050061589054792265,0.050015149994352706,0.0
2024-04-15,0.05088887181687256,0.05054964008343058,0.05047271034147573,0.0502407560416888,0.049831591329832677,0.04894987202749922,0.0502331540010656,0.050211467881501326,0.04851087130627468,0.049328970693284346,0.050674416146987596,0.049104529916770924,0.050580136792200386,0.05176592701565641,0.049632689708760704,0.04923667817841108,0.04975200065694719,0.04966216630851594,0.050739852619669096,0.049633697133155304,0.0
2024-04-16,0.051497322395974085,0.05112474964905532,0.050273029670074534,0.05013141865957089,0.04929544533305426,0.04886104256710424,0.050093959791187234,0.050779678853318404,0.048224319639373375,0.048811869806741834,0.05091105640310902,0.0491350818792492,0.04976815727430749,0.051881662661101884,0.049662323940090784,0.049546794857538136,0.05025021917078275,0.04938247082561397,0.050412974010438226,0.049956422612314436,0.0
2024-04-17,0.05159995249179208,0.051347142581609516,0.04961790899259785,0.051096291303640205,0.04925029914503453,0.049131183600033726,0.050570820158604084,0.05048072613067673,0.047914583716504276,0.04893571361534061,0.051220367530938636,0.049600554591351424,0.04945870376047047,0.052131591597412846,0.049804640202204195,0.04949753353679864,0.049556006071311214,0.04892200728428596,0.049825369308010445,0.050038604381382426,0.0
2024-04-18,0.051339886207609355,0.05166108025502622,0.049484089845735435,0.05158895229403597,0.04873301287497685,0.048889497330593806,0.050779297747497336,0.050423041730333816,0.047934022432947795,0.049349044226657625,0.05166690223762173,0.049814860936716124,0.049187778476740156,0.052375987962444574,0.04924563891766227,0.04932649260747768,0.04940891541307689,0.04893286071964129,0.04942292402752478,0.05043571375568024,0.0
2024-04-19,0.05231105881485251,0.05151383195370469,0.04978296781464926,0.05114199886154874,0.04839931888239535,0.04895914606588533,0.05067407087927193,0.04989645472059637,0.047865547185001536,0.04943649738194917,0.051336951002821166,0.04970497951584502,0.04915040348782657,0.052638789691776815,0.04949212271542419,0.049383802567036554,0.04940913927028266,0.04867811151939324,0.04990044155997376,0.05032436610976501,0.0
2024-04-22,0.052180153125481465,0.05134974367483064,0.05010299973482093,0.051369402869119125,0.048387061990698026,0.04903863956773915,0.05032583098215282,0.04999677473787571,0.048205133779396364,0.04942607488993726,0.050895958655916645,0.049557006762142045,0.04944161356935128,0.05304456591141277,0.048988750694423974,0.049836269436205914,0.049387489487703336,0.04889205431021039,0.049658835369686904,0.049915640450895304,0.0
2024-04-23,0.051986339438885705,0.051281335040485314,0.0501583902638098,0.05167792651328701,0.048766257914603026,0.04953786373202196,0.050134142572542756,0.05053487041703326,0.0485471575267964,0.04939911942418281,0.05096664666719333,0.04923724176631652,0.049132382523366484,0.05283747265476916,0.04803407816525629,0.04984459107344248,0.0491084532449221,0.049158668198798314,0.049173173354634274,0.05048388950765305,0.0
2024-04-24,0.05135296489311726,0.05123912849277342,0.05050111959362839,0.05156546168788642,0.048924440562052106,0.04999710568290512,0.050485665261553424,0.050177283920308714,0.04846424637749427,0.04923036290430156,0.05064823691656139,0.048991444530397686,0.049461155249542435,0.05220861623023092,0.04870235156701925,0.04986921708084518,0.048600383507211825,0.05004816865311889,0.04929838571080583,0.0502342611782459,0.0
2024-04-25,0.051762179829663274,0.05078204566584168,0.050667668735731385,0.0515352221529974,0.04900945049003077,0.05031021681364912,0.05081086403997164,0.05038185799457757,0.04819777919897654,0.04954450340931998,0.050165227961004075,0.048673887727659224,0.04946926834242638,0.05278196083376395,0.0482915694550959,0.04977163812803605,0.048593065727953036,0.0497962912790531,0.04907491102162641,0.05038039119262248,0.0
2024-04-26,0.05212449288091786,0.0512435997408815,0.05107377993446064,0.051645551604108685,0.048974752397232764,0.05009843211944905,0.051019126189577255,0.05090169403696365,0.0482508055436247,0.04958730714714557,0.05060503679889984,0.048182215493917845,0.04903265955152272,0.05240830451100452,0.04814955583051264,0.04921729609482287,0.048533093220938274,0.04975063518163543,0.04928277979814478,0.04991888192423943,0.0
2024-04-29,0.053152270540152986,0.05169789133967904,0.05156303144793796,0.05128888403155445,0.048986703265330354,0.04987992724695356,0.05056930241835455,0.050786648340955,0.048327502239211936,0.04895305633333079,0.05037636508004138,0.04815705416981782,0.049050230847387015,0.05234762694440616,0.04764093350481101,0.049521093354717036,0.04879212109813671,0.049618269382623516,0.04917770360960534,0.05011338480499362,0.0
2024-04-30,0.05269839285387509,0.05165224489334156,0.0522006923584081,0.050980692953761036,0.049322994313424885,0.0502116566896801,0.05090311162887829,0.05101898710948755,0.047790905118146224,0.049430139406221936,0.050436724778658334,0.048335534167163685,0.049284233096648866,0.05229184815397995,0.04754880058291162,0.04929704849981689,0.04828570687169344,0.04927096750860197,0.04891972158513613,0.05011959743016454,0.0
2024-05-01,0.04999999999999999,0.04999999999999999,0.04999999999999999,0.04999999999999999,0.04999999999999999,0.04999999999999999,0.04999999999999999,0.04999999999999999,0.04999999999999999,0.04999999999999999,0.04999999999999999,0.04999999999999999,0.04999999999999999,0.04999999999999999,0.04999999999999999,0.04999999999999999,0.04999999999999999,0.04999999999999999,0.04999999999999999,0.04999999999999999,0.0
2024-05-02,0.049999774136832556,0.050053428407361066,0.04950904611403786,0.050010053415355936,0.050268214222051424,0.05038355079319398,0.050036098091991436,0.05005608928073591,0.05022603276954358,0.050186437608327125,0.049997281690653345,0.050051480599700916,0.05010824540258851,0.049720100462904385,0.050060410458144536,0.04936174379055877,0.04994709491893482,0.04970258948074823,0.04968269197402049,0.05063963638231509,0.0
2024-05-03,0.05034678593429549,0.05037061274600121,0.0498033531732073,0.04982738409000276,0.05076820377685675,0.05045378548356279,0.050794077645154735,0.05039670571020196,0.05012866050040079,0.0492847165680555,0.05047599920787589,0.05068442473290375,0.04996767157820949,0.04994607121566049,0.04970313069233158,0.04889484261223883,0.048949681908106904,0.04935577048204762,0.04945712212633434,0.050390999816551714,0.0
2024-05-06,0.049886284017652854,0.05001686755117871,0.05019418005273315,0.04966921661491946,0.0505903475660342,0.050831093122052265,0.050445653896329455,0.049891247837542785,0.049575923557940986,0.0494012395057601,0.05102489609581944,0.051456415048665646,0.05028083426598546,0.050230947250152334,0.049667351708643614,0.04823493764595528,0.04913109100266615,0.04955522643597815,0.049734864422152664,0.05018138240183722,0.0
2024-05-07,0.05038929447217572,0.04995736368526679,0.050736029220900876,0.04962951536760099,0.05033622136693465,0.05108701516790311,0.05067828760078202,0.05009077013117278,0.04950490269224758,0.049701050250968305,0.051388583414259656,0.051423140001712546,0.05013222327203169,0.050439828467712146,0.04978674142389181,0.04788124053991233,0.04896066698257482,0.04917559497675716,0.048758167724643336,0.0499433632405518,0.0
2024-05-08,0.050603672334837736,0.049875351319577585,0.05112713234418273,0.04987518183226216,0.050082218811742775,0.0510769688090684,0.0502546719310053,0.05020971164537353,0.04924048231962201,0.04977127431126517,0.05129692670053035,0.05167554213064614,0.050961362154710727,0.05057367087985968,0.04980809558529221,0.0476767466970244,0.04851278615518035,0.04930906397916323,0.048947317725364384,0.04912182233329117,0.0
2024-05-09,0.05050399087055558,0.05000598010030567,0.051729120181425045,0.04976395506259601,0.049488204267001346,0.05105817577592076,0.05053767090222902,0.049663132519337884,0.049136097946826204,0.04975736648495234,0.05160461208002408,0.051528030641509445,0.05040898671398869,0.05034172192034127,0.04976764968358154,0.047946124997375626,0.04884426768034072,0.049517507649349514,0.04947041327493578,0.0489269912474035,0.0
2024-05-10,0.05066803641230772,0.04972055601990454,0.05188795669218813,0.050267718538276225,0.04926108209337691,0.0510276476379909,0.05069036369251272,0.049262356968903055,0.04832508695404113,0.05000660382350766,0.05169419807179623,0.051284853620840336,0.05130043505065001,0.05012876466283194,0.04996966105508252,0.047904822137623225,0.04910067916825026,0.04915259229191068,0.049707684754718644,0.04863890035328717,0.0
2024-05-13,0.05041095124492746,0.0488643228878325,0.051986006195681056,0.05003719329598795,0.04972422451473116,0.0507606608657395,0.05134441377080297,0.049484888045208564,0.04817913717411538,0.050069752958867106,0.05155012896211755,0.05089845159734378,0.050973439949140505,0.05053607949392333,0.04994586927642015,0.04800362710782439,0.0492323049770977,0.049648127712397586,0.04935953082271489,0.048990889147126376,0.0
2024-05-14,0.05020189619602385,0.04849100440093795,0.051479192871034474,0.05009851663474352,0.04935682816919304,0.05051252069036801,0.051516815280823997,0.04937490512384428,0.04803566615127244,0.050482979296388765,0.051680916038835574,0.05092313409893607,0.051418087794375414,0.05034690863739739,0.05042359008753204,0.048425093272437505,0.049252893215548,0.04978081757505939,0.04910545731016755,0.04909277715508058,0.0
2024-05-15,0.05005394959108485,0.04848375085722766,0.05160360233058953,0.04998888950716558,0.04982510273755471,0.05028006622883858,0.05138628108652965,0.049770149939360374,0.04798465838681104,0.05055362241966368,0.05201332709185052,0.051321017149599205,0.05172799263852957,0.050171301598051346,0.05033468681936215,0.047478537794225,0.04943929248372233,0.04976927504123461,0.049140917808279914,0.04867357849031966,0.0
2024-05-16,0.049563811077324195,0.04866678965567963,0.05157325567161308,0.050363063165220615,0.049837794738804994,0.049877937731894466,0.051378408981192766,0.05004501207996714,0.048063878483831195,0.05075102436202883,0.05169730855233255,0.05102856779828382,0.05156682528395797,0.050668139622251404,0.05074941665371819,0.04776794738843546,0.04905134871219167,0.04930802699916136,0.04943123967270101,0.048610203369409674,0.0
2024-05-17,0.049734767176630036,0.04911441514334114,0.05151661419715833,0.04995796993004288,0.0504461625913531,0.04979921171123664,0.051156091425325165,0.049935781897978974,0.04795755905255815,0.05093695570896578,0.05118067461621922,0.050794589817085956,0.051650101544821046,0.050530959508296,0.05087774173398335,0.04775002420867167,0.04899067594125057,0.04859017239713575,0.04986177390261163,0.04921775749533486,0.0
2024-05-20,0.05007013226841721,0.049238192653560574,0.0514577013474611,0.050549797669283414,0.05013084215924484,0.049709419854702876,0.0508970379229683,0.049800761611105956,0.048390568883422455,0.0507186290581724,0.0510518147607318,0.050599155007577834,0.051393889259151594,0.05027705448211858,0.0502218963876296,0.04795014704091005,0.04933665365109454,0.04904624611724698,0.05032848141135318,0.04883157845384657,0.0
2024-05-21,0.04983836518230946,0.049279385966087864,0.05164092831953873,0.04996669547425687,0.05009385813053533,0.04998714187201017,0.05138931237206701,0.04991583734015363,0.0482295237017045,0.050343680326914705,0.050630024542593334,0.05069989575724269,0.05150624803483889,0.050116539543539215,0.050389913873403885,0.047361655159450906,0.04970807964095262,0.04951121385464056,0.050266313896479835,0.04912538701127983,0.0
2024-05-22,0.0499255396741768,0.04923454136187059,0.05157050409672486,0.05053142367866731,0.04974104715437499,0.05039327420394082,0.0518121943360721,0.050161736023475706,0.04788951471959174,0.05031059772496927,0.0501581711833488,0.05075831254936014,0.05152424589029424,0.05047581700368634,0.05013009105512909,0.047139328315297775,0.04930922191122831,0.05003071722012462,0.0500453543517112,0.04885836754595515,0.0
2024-05-23,0.04984665531452626,0.04962947232908766,0.05192302068019981,0.050577515358448386,0.049515258096976995,0.050875253110809274,0.051283229830816776,0.05036356251227307,0.04732313191051723,0.05053295720290284,0.050024405234196975,0.050963743730212445,0.05141258022499817,0.050697367286509705,0.0497896838775237,0.04684495946381366,0.049387232857564654,0.0506961501851129,0.049785236469301455,0.0485285843242079,0.0
2024-05-24,0.049929944189171835,0.049392893706392035,0.05089913188347611,0.05074149674282365,0.049948529232652895,0.051349057159903684,0.05126469759805507,0.05018247891887015,0.047123753915072064,0.0508289006426173,0.050340734081247,0.05160932282171988,0.051224329434906644,0.05074947526587645,0.04961016866123123,0.04639251707611214,0.0489673939164331,0.051152736709485135,0.049978773748604315,0.04831366429534932,0.0
2024-05-28,0.049609341023329194,0.04924358780831088,0.050862506594768694,0.05110998415338737,0.05001170175029053,0.0509729673933359,0.051182226683226945,0.05051362999947583,0.04656691945090226,0.05105495150324093,0.05057944677146543,0.051190507941927664,0.05124136754391173,0.05023293569876912,0.04956467820819176,0.04704587167247717,0.048920909625471486,0.051133189683993725,0.0502529772596112,0.048710299233912166,0.0
2024-05-29,0.04938014669877837,0.04894492624996804,0.051372335949017495,0.051498567939178064,0.05045202753371648,0.05054118383820693,0.0509824621861413,0.050826767638732444,0.046954449940396506,0.05111110996920785,0.050773467237006105,0.050938905274017086,0.05099729588710533,0.05039731209399843,0.04909856723948201,0.04693334015744146,0.04873996611508602,0.05141502979114692,0.050356558845919414,0.048285579415453556,0.0
2024-05-30,0.0496899551891266,0.04937756642833601,0.051988512323169575,0.051179847948093014,0.04993318132414921,0.05081539181067842,0.05108347155498307,0.050908624001828794,0.0468720129924351,0.05099447298206021,0.050782463794052074,0.05097182891167514,0.05063315065474601,0.05026770401050504,0.0490545959894287,0.04718682135170264,0.04839060551978167,0.05111325865182898,0.05030156468310766,0.04845496987831218,0.0
2024-05-31,0.04943219842214773,0.04927833739496842,0.052006920482582285,0.05115097520827395,0.04992404377852266,0.051063433608100874,0.05136082126028576,0.05069969083566342,0.04695633248372164,0.05054238265877884,0.051279753867130635,0.05124568795312936,0.05072970477175408,0.04970993686672744,0.04874763392353497,0.04719489973987,0.04828177356369111,0.05095576814547082,0.05080310733507863,0.048636597700567066,0.0
2024-06-03,0.049999999999999996,0.049999999999999996,0.049999999999999996,0.049999999999999996,0.049999999999999996,0.049999999999999996,0.049999999999999996,0.049999999999999996,0.049999999999999996,0.049999999999999996,0.049999999999999996,0.049999999999999996,0.049999999999999996,0.049999999999999996,0.049999999999999996,0.049999999999999996,0.049999999999999996,0.049999999999999996,0.049999999999999996,0.049999999999999996,0.0
2024-06-04,0.050137078815035256,0.05008084850586341,0.050179969373932404,0.04981053560559668,0.04965313100841402,0.05029051685813396,0.05059204139812626,0.049480219964725645,0.04981831227442212,0.04954686982310339,0.05020520092619575,0.05023678428046498,0.0496638518323677,0.050364373942047055,0.04989928914640709,0.049937206107192086,0.049842926668314184,0.05038839297621895,0.04940284380357278,0.0504696066898663,0.0
2024-06-05,0.04980255592919383,0.050241738421652866,0.05016609189916067,0.0505222677764564,0.049720043826065374,0.04958427415428446,0.05032679736059847,0.04954776612027052,0.04968441159698107,0.049539954632743306,0.049986740386592995,0.050152263540214466,0.0493060889527174,0.05078026403137104,0.050293267990720945,0.04994313361963375,0.049948828089344297,0.05032994388550569,0.0493765498816021,0.05074701790489026,0.0
2024-06-06,0.050211111122617925,0.050129292156001815,0.050330364204788695,0.05063639993939005,0.04977714610249272,0.04968924719507878,0.050316305652196344,0.05009891541528323,0.050128772367662805,0.05051441951579502,0.04950867889975518,0.050431622617530626,0.048538703961549724,0.05037714877953377,0.05040727246756778,0.05005940339027459,0.04940262924382573,0.049584639926585926,0.04942381291563506,0.050434114126434254,0.0
2024-06-07,0.05047847848914223,0.04998773492249883,0.05037522660140546,0.05052926070325146,0.04984119642984185,0.04992765019264303,0.05009287823068017,0.05022176081069726,0.05024090488944697,0.05002934064145879,0.049964135842129775,0.05069924369853404,0.04889182946025682,0.05009510523345701,0.05044152377935184,0.050220909566033055,0.04933652254506358,0.049105236203347294,0.049375847943026845,0.05014521381773381,0.0
2024-06-10,0.050637435086877014,0.0496607949754845,0.05000048669957088,0.05011405104317277,0.04999488933961601,0.05026883281872265,0.05007932079865506,0.050153221731666336,0.05032673035635879,0.049986811430135995,0.04975970641631623,0.05061761825500652,0.04903265392065176,0.05024134915840201,0.05079385680929852,0.0507406335791061,0.048708299879797905,0.04917344446905999,0.04971661290345382,0.049993250328647175,0.0
2024-06-11,0.05097252236747447,0.049694847396814186,0.049737292343365706,0.04995216382426744,0.050215328379439254,0.05068517024095721,0.050110342736244054,0.04986105296009039,0.050604510469043934,0.050034621704268215,0.04991715972562099,0.050704702275407174,0.04857869034292953,0.05001399629133922,0.05138892241486051,0.05097737952797167,0.04816700781622444,0.048917986802126355,0.04951913404893126,0.04994716833262397,0.0
2024-06-12,0.050698128376752055,0.049529740043160374,0.04930980713818577,0.04922836939837432,0.05069021016060297,0.050966010712952696,0.050405587690416594,0.049991987778300426,0.050880262443064275,0.05017081816090207,0.04979037638721557,0.0504298066542765,0.0487595565048854,0.05016632239044768,0.05127118484266754,0.051169772074358126,0.0485218167069832,0.04910544072739816,0.04913766114298608,0.049777140666069974,0.0
2024-06-13,0.05064675909675656,0.049366859810946975,0.049485134174666906,0.04907969241684396,0.05026332050584478,0.050750985291930964,0.05086058953891015,0.04991770669154464,0.05101932831704561,0.04982651323621246,0.050216628145120144,0.0507046506434882,0.04942804091347019,0.05001222617977763,0.0510002748913355,0.05150857869644265,0.048374899112780305,0.04868269654996346,0.0488882663394129,0.04996684944750607,0.0
2024-06-14,0.05050768419065978,0.04883214242132533,0.049412066030401706,0.04891375021275736,0.05070927474110888,0.05030942693687002,0.051024751752641435,0.050293806196706696,0.05143456606655003,0.0499273569027264,0.04979083376061297,0.05111386406760622,0.04882290372862507,0.0501347676565708,0.051072830169052376,0.05191221507838805,0.04805875818261134,0.049067163161257865,0.04904114839973972,0.04962069034378779,0.0
2024-06-17,0.050186831351096216,0.04899038970347409,0.04942049157251989,0.0486772064913953,0.0515151685713724,0.05063340512640586,0.05085463721730377,0.0501249122339842,0.05154863915814065,0.04987488968433185,0.05033136502655238,0.05128757533128437,0.04874401159997968,0.049787116801584735,0.05070102205794436,0.051825449170727574,0.048475040478921295,0.04887693289665087,0.048707557637845504,0.049437357888485155,0.0
2024-06-18,0.0501836044575121,0.04901535485151103,0.049312947468544775,0.04901711368241693,0.05147501552251274,0.050443586183809466,0.050465650055634886,0.050055781528976724,0.051826552799656964,0.04946719111507662,0.05073414918000937,0.051232690223912594,0.04830018081437377,0.05006591091300904,0.050331276844224164,0.05134693835555887,0.04910675297647848,0.04946638507717418,0.04862658368104419,0.049526334268562976,0.0
2024-06-20,0.050676112757073614,0.04891981784035199,0.04950606281701269,0.04895735181258141,0.05088281566908375,0.05098830503439911,0.05066863712053287,0.049859053187270526,0.05177881170829899,0.04981775313246153,0.05010506716059406,0.051196984545291334,0.048641302812625645,0.049336919739013836,0.05081469797954671,0.05114303688959995,0.04921076768206676,0.0489383509124029,0.048935046288728606,0.049623104911063684,0.0
2024-06-21,0.050682895603841295,0.0489132963511862,0.04969893713156754,0.04866780100637923,0.0503183369656355,0.05030925885756467,0.05111877338560496,0.05041737209355735,0.052066659020630665,0.04997186909411924,0.049850008660625306,0.051399730081557925,0.04853547941450461,0.04957864792698247,0.05093924899692381,0.050579166132997955,0.049484396309512645,0.049068975723565715,0.04840002196039089,0.04999912528285208,0.0
2024-06-24,0.050333018018659796,0.04929285429176772,0.049430863090914545,0.04867967997923789,0.0502825182904939,0.050635846483211976,0.05123882798207336,0.05047753820278288,0.051942492387608216,0.04975969175233079,0.0503320681866499,0.05151429935101048,0.0485225944562968,0.04969188210611274,0.05076162695801944,0.050358596833025605,0.04941806521973845,0.04887268909292492,0.048170555077557964,0.05028429223958256,0.0
2024-06-25,0.04979478366999888,0.04954000880707699,0.0489945076407102,0.048806406814697896,0.05099387342059816,0.050755132360341536,0.05070104918111084,0.050291717330096276,0.051341139950959645,0.049577995350625216,0.05091215635498162,0.05109111024304089,0.04860580060608594,0.049851023066818705,0.051875674543189775,0.050400237019527006,0.04944330637496337,0.04887614334836459,0.04760876913881877,0.05053916477799382,0.0
2024-06-26,0.050336584196602,0.0496911166500293,0.049282563527203414,0.048790485282083206,0.05095707956842351,0.050638510036376864,0.05140264748018825,0.04950904429207264,0.05153468734430588,0.049333776952712655,0.05112580123148305,0.05139062751461941,0.048374269949495854,0.04989229351747652,0.051327138022680144,0.05016139579132548,0.049404235801899246,0.04920543251724162,0.047268470560328124,0.050373839763453006,0.0
2024-06-27,0.05046172599190599,0.04976195290732363,0.0489584369962996,0.04870161680935287,0.05089438330258261,0.05046621206934209,0.051740642238993044,0.04934538931179596,0.05132479739403093,0.04891589319393239,0.05114246356589198,0.0511948468424647,0.04838830406968146,0.04944776641667695,0.051711819145858935,0.05054737132929928,0.04967139428798426,0.04967210813542271,0.047241898500192565,0.05041097749096799,0.0
2024-06-28,0.05028991362720432,0.049620539053221606,0.04920132925284073,0.04879939760467611,0.05070755996705553,0.04979463783123858,0.0518610030954308,0.04958342908129799,0.050980494658046195,0.04923218837984002,0.05085341802165277,0.051404749118147006,0.048535972110776815,0.04997674659982245,0.05148177181134979,0.05071183616897665,0.05006289572623742,0.049441883550953754,0.04721671036073186,0.05024352398049968,0.0
2024-07-01,0.049999999999999996,0.049999999999999996,0.049999999999999996,0.049999999999999996,0.049999999999999996,0.049999999999999996,0.049999999999999996,0.049999999999999996,0.049999999999999996,0.049999999999999996,0.049999999999999996,0.049999999999999996,0.049999999999999996,0.049999999999999996,0.049999999999999996,0.049999999999999996,0.049999999999999996,0.049999999999999996,0.049999999999999996,0.049999999999999996,0.0
2024-07-02,0.04958355880913883,0.04989311230465532,0.050667700890066475,0.049701842469732145,0.05040698562539049,0.049920866984955306,0.050106462067335295,0.04987278934891198,0.05043909228783292,0.04998433336782933,0.04995162872689624,0.05013864962130078,0.04993658627792398,0.0503655855746361,0.049914899277832554,0.04965790515562557,0.04978914026188408,0.04955013520885038,0.04996696932023421,0.05015175641896793,0.0
2024-07-03,0.05009401487838294,0.049919418988905506,0.05094768546583874,0.049621453983588984,0.05039437013796453,0.050326618457385695,0.05036556421885677,0.04968551176877339,0.05033855644940222,0.04999406806480474,0.04983778984741211,0.05013439681187246,0.04990168874866421,0.050105103109642266,0.04983551815982691,0.04937399564667082,0.049640425069171455,0.04895150828042285,0.05032716990427565,0.050205142008137936,0.0
2024-07-05,0.05006717871064218,0.049753597279143344,0.05131812710842493,0.04993673438680735,0.05125744669730425,0.050160667311008614,0.05065833918592318,0.050451977047800016,0.04936560578154993,0.05014713579582228,0.04987072855135418,0.049548442667861334,0.050046215376747645,0.0503032678671955,0.04930895443701135,0.048816901337847045,0.04941086141620489,0.048772402454605596,0.0505594268320042,0.05024598975474209,0.0
2024-07-08,0.05031852886857487,0.04956500521588896,0.05189033122511095,0.0499122082991009,0.05125219002908283,0.05009453573607003,0.05019390169597914,0.051169931701971774,0.04932805246310489,0.05000860336809537,0.04995324484880342,0.04944192713836823,0.05003186924797916,0.04962245383274997,0.049800915053872755,0.04879153834008272,0.049269367512133115,0.04826615821779302,0.051082002174731966,0.050007235030505706,0.0
2024-07-09,0.05035678732221408,0.049249712611942796,0.051062880943066206,0.04985174093704155,0.051570448940781874,0.04966125600978248,0.05019385743557401,0.051602270145495704,0.04957653536178106,0.04955670748768749,0.05060498064349897,0.04908037044958911,0.0502561260124229,0.049694084792534385,0.049605294728226494,0.04946764617157798,0.049363991032912835,0.04777635310590655,0.05086165685052019,0.050607299017443416,0.0
2024-07-10,0.05083919992019396,0.04865542421113168,0.050874704646762144,0.05006647211286653,0.05146067442192851,0.049806807823085816,0.0499555607931556,0.05214350964701849,0.04973453524793531,0.049704797905610124,0.0509470511622821,0.04908825996670532,0.04970650804730186,0.04934554027294316,0.04975066174320389,0.04950818529267974,0.04936288664894794,0.047686971494844535,0.05067961632757267,0.050682632313830724,0.0
2024-07-11,0.050806982623825124,0.048817343506296865,0.051054426975856965,0.049598854267688945,0.050939793277305696,0.0489005888080045,0.05041890373499313,0.052666522465051185,0.049778003563288424,0.04917212857082079,0.05082612121390918,0.048826150045610646,0.05007788215451446,0.05096461285460007,0.04963088129563292,0.04948064562065819,0.049102452583822474,0.047559692824106437,0.05061092118272638,0.05076709243128763,0.0
2024-07-12,0.05106480579426196,0.04861310250630487,0.05088964774251588,0.04922719946277066,0.05058487718623274,0.04957229146143566,0.05068939849362272,0.05343376053640086,0.049671460306406005,0.04936272538215131,0.05046291891062022,0.04827929207275349,0.05005468605509466,0.05113507020433407,0.04939657239245298,0.049253899741120676,0.049520962187354994,0.04751365113534346,0.05038503848774509,0.05088863994107771,0.0
2024-07-15,0.05142336634823902,0.04841668609322239,0.05143534176959718,0.049233290793899105,0.05018911330765236,0.049617255084396066,0.05059726995870349,0.05342112449009772,0.04962138796032436,0.04908332746917768,0.0507987850693575,0.04801260027634899,0.05003226932877875,0.05171650457639455,0.04870866479563422,0.04927214049817277,0.04969179588648411,0.04733453106771545,0.05047174257211191,0.050922802653692575,0.0
2024-07-16,0.05176943827312496,0.048161346917285845,0.05154323467855004,0.04986551866662632,0.05062760823481826,0.048765714270819674,0.05030403688007885,0.05321989886799524,0.04935542373845954,0.04875370078007002,0.05151073064489836,0.04780240454467906,0.049834969632520786,0.05174898309033139,0.048746501479028106,0.04982808897305778,0.04975752278374196,0.047255235086897,0.04991489815387734,0.0512347443031395,0.0
2024-07-17,0.05180325939122085,0.04821829451901024,0.0514983983588981,0.0498332113704029,0.05039927659216312,0.048431424266769725,0.05031204897754044,0.0538116961148817,0.04902416866159797,0.04865640633138589,0.051782315253662746,0.04804732247582254,0.05044378754279036,0.05180141082103437,0.04856554238003712,0.04977035344765167,0.04969138254946314,0.04706478727045127,0.04969478156191413,0.05115013211330167,0.0
2024-07-18,0.051614900808944396,0.04858432492158929,0.05129610758536139,0.04963722110301211,0.05063319961249895,0.04803792580501786,0.050037777261933154,0.053341178293669536,0.04903568666971584,0.04854144587183264,0.05175334781166012,0.04823117904734427,0.051173666732406926,0.05202478318097848,0.048576031268429375,0.04989250439940281,0.049849785337821674,0.04723871618465444,0.049899485787381195,0.050600732316345494,0.0
2024-07-19,0.0521670548872779,0.04831722930858334,0.0509713081136084,0.05003948147739692,0.050545469912080754,0.04768902513640165,0.04975736700322548,0.05281486426546766,0.04901991860751671,0.04844643334703116,0.05143776263258897,0.04884115371934193,0.05170349453480537,0.0514954097102075,0.04917372974864235,0.050212033543422546,0.049790580787290054,0.04688870347477896,0.05042918951371489,0.05025979027661758,0.0
2024-07-22,0.05188981400089414,0.04829297121298159,0.05082808662840366,0.049989498183669615,0.050492912463746015,0.047615596352295876,0.04941386980366866,0.05249789668598702,0.049338357602530414,0.04819375457871516,0.051612704358715934,0.048715895911887554,0.051798812049810475,0.05130574159812611,0.04944342357063463,0.05064678259223145,0.049540782788487954,0.04638762792562922,0.050988093617148504,0.05100737807443585,0.0
2024-07-23,0.0517993075407577,0.048569230793845244,0.050834295921323255,0.05068210470300482,0.0499902883569052,0.04731044838921429,0.048976657613532364,0.05235650425792713,0.04876550521074438,0.04817660451549254,0.05193789511099784,0.04844408833882047,0.051831563723758106,0.05156366606432045,0.04965303421269828,0.05056837100703161,0.050063670886330056,0.04620112616050512,0.050942512745305,0.0513331244474862,0.0
2024-07-24,0.0518964519971356,0.04803627384480745,0.05064714654710434,0.050589442006777896,0.05018494137756765,0.047122336376154275,0.04911945673521936,0.05171788909512281,0.04828230249830681,0.048362621528727,0.052114787537229174,0.048575855852386975,0.05246733220389019,0.05157582206931384,0.04963429076474609,0.050695577609368464,0.050315111877752575,0.04614107528239436,0.05120525928676283,0.051316025509232324,0.0
2024-07-25,0.05213153945288048,0.0487822579352745,0.05107270498704997,0.050315588726892374,0.05019312626131566,0.046818562181389946,0.0491108055919261,0.05128469880732263,0.04823549660164876,0.04884124643109029,0.052165499400313384,0.04853711215258191,0.052467729976933386,0.05139238917450791,0.04926037345262202,0.05064407395509225,0.049993114919235235,0.045695565613301896,0.05141131498342411,0.05164679939519702,0.0
2024-07-26,0.051949496576509345,0.04958562409594155,0.051278458779575445,0.050231844819941265,0.05048213606871877,0.04706199622924444,0.04993746259710888,0.05103690769823654,0.04786921813674242,0.048879170844161754,0.05188993379920532,0.048316006822109264,0.05263831324086423,0.05114099545873994,0.04913975358257914,0.050793821187802055,0.049337094080532884,0.045545578294533144,0.05118721063822886,0.051698977049224736,0.0
2024-07-29,0.05207860389214786,0.04866318829703714,0.05168676330321154,0.05015898495858557,0.05024458836234487,0.04747014273215995,0.050158999969586046,0.05062556421255433,0.04794516114992425,0.048688750643718665,0.05284280136807742,0.048348287684774456,0.05273697216024031,0.050719335873739384,0.04890197922337469,0.0506619141198378,0.04958853299860271,0.04527737245074009,0.05085925421660215,0.05234280238274079,0.0
2024-07-30,0.052073705570747905,0.048682989032039124,0.05133344210994083,0.049929241920193816,0.050516809446705245,0.04743710033727113,0.049808101946992575,0.05105850876334522,0.04755649490507931,0.04828134291587913,0.052569888751598785,0.04863994173765918,0.05350510123780202,0.050076869698298776,0.04893816506224967,0.050841767390103584,0.050092753000829056,0.04530202831841957,0.05100344064578348,0.05235230720906145,0.0
2024-07-31,0.051558749002193205,0.04849637478363288,0.05078347283601328,0.050901352712315016,0.051159661888474796,0.047488705563262144,0.04933173769979231,0.05112275435945342,0.0480079655750388,0.047821401697755776,0.05227083807672362,0.047977983948780764,0.054109194533502214,0.049541538606785264,0.04882776217131185,0.05127378750336511,0.050312324396485954,0.045490367362130114,0.051025826398630854,0.05249820088435265,0.0
2024-08-01,0.049999999999999996,0.049999999999999996,0.049999999999999996,0.049999999999999996,0.049999999999999996,0.049999999999999996,0.049999999999999996,0.049999999999999996,0.049999999999999996,0.049999999999999996,0.049999999999999996,0.049999999999999996,0.049999999999999996,0.049999999999999996,0.049999999999999996,0.049999999999999996,0.049999999999999996,0.049999999999999996,0.049999999999999996,0.049999999999999996,0.0
2024-08-02,0.0495500591399157,0.04978796392371421,0.0509448052823686,0.05009577553194434,0.05020773625981445,0.04995864017991621,0.04979546814135031,0.050096919616306135,0.050489304399580145,0.050210493907048695,0.04986345167949059,0.049444659723697174,0.05046572120906691,0.050168092992824834,0.05037572076958249,0.049286092099329146,0.05015632361149959,0.050112100789765406,0.04910366845513272,0.04988700228765234,0.0
2024-08-05,0.0489170806530519,0.050047588347401764,0.05137403558045318,0.049906215117577264,0.050384461007512045,0.05001379840468651,0.05023797656382809,0.04999764889279245,0.050650044540511384,0.04986854569197453,0.05019799360962279,0.049365176175285554,0.050438075006114476,0.05103480753092613,0.050299383073771034,0.049244878957960266,0.05013189420204015,0.049977632322774086,0.049017897383332995,0.04889486693838344,0.0
2024-08-06,0.04893413238466504,0.04997807402623114,0.05114455049929749,0.049675213624182805,0.05102014749806733,0.04990711386742332,0.0503062271719356,0.05031154418657387,0.050247109540629276,0.04992705429201427,0.05053726677723768,0.049484084015241396,0.05021581637470865,0.05098922772501971,0.05015332504134858,0.049444524824957835,0.04951439320354714,0.049855316218294386,0.049401131973481456,0.04895374675514301,0.0
2024-08-07,0.04909768915372938,0.0496561956752272,0.05129282798512994,0.05002804402198342,0.05114916999933943,0.05004187816559464,0.04960521117276379,0.050467130710628895,0.05097973043456163,0.04986273909981556,0.05010455581186161,0.04986718275187386,0.05011210500534359,0.05052923085786145,0.04976231545298819,0.049540280918062764,0.04926892426114464,0.04974404895035297,0.049596829931682684,0.049293909640054326,0.0
2024-08-08,0.04929954699801934,0.049620538683183,0.0515749146960227,0.04947229958852061,0.05142070148236559,0.05017223725785008,0.04927917216916312,0.05037990058123982,0.051097294219202435,0.05013374988591995,0.04986659187976939,0.04974124245306636,0.05018679211719135,0.05054313026661408,0.049622316064109315,0.049149116062234634,0.049562684991758914,0.04970085451894681,0.04928332426657072,0.04989359181825156,0.0
2024-08-09,0.04960662537519294,0.0499112687423614,0.051191559826505764,0.04918332436621917,0.051521974860709994,0.0499105939690318,0.04915396342296802,0.049893229493017235,0.05127092682034001,0.05055179536906174,0.0496694500593125,0.049889255471593376,0.05002039364774707,0.05090638714432402,0.04943037948173812,0.0495706183954218,0.049878007169890326,0.04932858334095971,0.04893764870911189,0.050174014334492846,0.0
2024-08-12,0.04902137986126557,0.04958465154209968,0.05177357502551494,0.049184581500469865,0.05133277414192158,0.050416215825810046,0.049392937527186806,0.05016331774439909,0.0513377369310812,0.04983707863561697,0.050030275229830924,0.04938833908869468,0.04992681378770073,0.05136393060382012,0.04910334796918572,0.05032153513060017,0.04989736498848428,0.048782448282352654,0.04900796524586618,0.05013373093809857,0.0
2024-08-13,0.04864648527963311,0.04910727341373533,0.051806622528344295,0.04973443985132011,0.05099466804183028,0.0504343196637942,0.04912090043255751,0.04981441356575922,0.05159644619484605,0.05028389822477022,0.05026912380265007,0.049182253198237005,0.049516447420397035,0.05178913361608268,0.04924722913732598,0.05010868440815025,0.04979733748437635,0.049248872075740066,0.049363335845550596,0.049938115814899715,0.0
2024-08-14,0.04920187368851162,0.049674470524669556,0.0516562435514117,0.04949214907643992,0.05132690376536265,0.050905876774517626,0.04906129067828847,0.04983256662188478,0.05166719746743941,0.05025754295558247,0.0500252830155257,0.04914110343006454,0.04912134279186684,0.05187716182865514,0.0489750943876068,0.0497427321203589,0.04974417632397384,0.04920917607923424,0.049427898923148694,0.04965991599545717,0.0
2024-08-15,0.048958162389500716,0.049570048004907614,0.051790056193321984,0.04975713759477541,0.051086711805479024,0.05117996533150162,0.04871842574128611,0.04998099686180997,0.05147759492650891,0.05019121356351934,0.0502227409128106,0.04878976649373922,0.049321511625943414,0.052037676659607505,0.049351998382369575,0.04987223194978678,0.0497444754748768,0.049140323513912676,0.049587857822041094,0.049221104752301695,0.0
2024-08-16,0.0490793918914171,0.04943399206624593,0.05211117236820658,0.04967788547217099,0.051261345651477615,0.051792432085938436,0.048633504259094976,0.049417264107469154,0.051308931959043194,0.049925228265134604,0.04973832579125742,0.049123762420560727,0.04959207872303613,0.052212273947148405,0.04913974290464438,0.049739382295122134,0.04962801340322645,0.0494171389777953,0.049721446202320295,0.049046687208690515,0.0
2024-08-19,0.048764684863495514,0.04921689255997364,0.051752173844174826,0.050047796008788364,0.0513277360542854,0.05213429942454977,0.04868086150065504,0.04942683648642773,0.05126770823744525,0.04985582716367144,0.049400063570213024,0.049224286043123816,0.04982889180619473,0.05169582334531331,0.04909994871916639,0.050077363692197986,0.04959387411356989,0.05032662309344094,0.04973075199284965,0.04854755748046314,0.0
2024-08-20,0.04888694813791566,0.04950170987425834,0.05123451736967992,0.04959002644294786,0.051757634178023725,0.05231886011944656,0.049273922680773075,0.04958939854980941,0.0515768328552139,0.049777163473235804,0.04904669493912138,0.04900846726548915,0.050075994702799526,0.05106970624895933,0.04922532617923495,0.05027441863701683,0.04942066547384085,0.04989613778769159,0.0500363922638876,0.048439182820654285,0.0
2024-08-21,0.04863690350084168,0.05008487153903403,0.051316482822543676,0.0498131803747948,0.051535990287941404,0.0520182514696462,0.0493259777729475,0.049624157279612516,0.051759572266345394,0.04941639354759086,0.049064039546225464,0.04846565692792889,0.04950479488428479,0.05178626252334115,0.04932545879298827,0.050137891883920864,0.04966529919493873,0.04984915931796414,0.0503323360250353,0.04833732004207428,0.0
2024-08-22,0.04893800975468806,0.05040140744930605,0.05069587429689018,0.04985570766915114,0.051365919313769236,0.05187914143726076,0.04915419711879045,0.04978699464808665,0.05193579044097446,0.04928208073199913,0.04922321295808998,0.04833001651381215,0.04931701067865299,0.05188567666720501,0.049145224015728954,0.05004317826441755,0.04971962184097198,0.05019471564298321,0.05028841459870889,0.048557805958513146,0.0
2024-08-23,0.04909601338652942,0.04997364405432902,0.05070242235917993,0.05029479821303143,0.05161960429061466,0.052192156659218544,0.0497847780655996,0.04966962786769186,0.05185087972736736,0.0490306333990264,0.04899150604265258,0.04813160889039976,0.04935956727517718,0.05219904859463146,0.049569093461413034,0.04961519257846663,0.0500036107836962,0.04972898265004517,0.050086774791880256,0.04810005690904958,0.0
2024-08-26,0.04901224251149719,0.04956081953307026,0.051196589569335406,0.050078294371837494,0.051587909548703875,0.05231929727943152,0.04979227446648792,0.0499466445808414,0.051706734569792884,0.049563347304362744,0.04920627028084058,0.04779034151876076,0.04976319219158266,0.051249554705900466,0.04923047699653653,0.05016222864103341,0.050097525171216746,0.04926855478429788,0.05041428277235367,0.04805341920211661,0.0
2024-08-27,0.04864885147328378,0.04941867156869557,0.05139931612534658,0.05008266863936977,0.05114028820598239,0.052099818413810194,0.05005703990700913,0.04970272859706454,0.05127235490979921,0.04957857985596147,0.049565322468060835,0.047317025229210365,0.049565612745578455,0.05179803475994474,0.04924097828537598,0.05037786128258141,0.05063275545332203,0.04959217977132157,0.050230342072279215,0.04827957023600277,0.0
2024-08-28,0.04870025018980641,0.049285397231715815,0.05173240927922543,0.05000572413975818,0.051792627702101184,0.05236109439641496,0.04980123215646476,0.04928804264713533,0.051443148778692764,0.05032012053208979,0.049167091713441885,0.047201954138141364,0.04910168685530937,0.052174883181387355,0.048785204449581156,0.050304704251220064,0.05078380025155798,0.04953275918162781,0.04950459740780694,0.04871327151652119,0.0
2024-08-29,0.04832244082952465,0.04872563523333713,0.052001413981745175,0.04969211914102197,0.051545076946540425,0.05241810507513117,0.04987376416130075,0.04956324943938012,0.051261063247108496,0.05049311242846098,0.04909373448028117,0.04748474113526487,0.04964438440742145,0.05163996696648623,0.04878331712482239,0.05038435565395958,0.050971495893044755,0.04933022691187036,0.050044434433517956,0.04872736250978025,0.0
2024-08-30,0.04840699538053597,0.04894363852215339,0.052809258550562684,0.04918904250171911,0.051126009832372026,0.05265979662879169,0.04953498437870803,0.04982534648029967,0.05113007747072023,0.05063813257493212,0.04920903920521863,0.04719196191409176,0.04933005752647323,0.05146293810384118,0.04902582805921096,0.050285066280361654,0.05104077116857377,0.0487072539594708,0.05007166101795288,0.049412140444010114,0.0
2024-09-03,0.049999999999999996,0.049999999999999996,0.049999999999999996,0.049999999999999996,0.049999999999999996,0.049999999999999996,0.049999999999999996,0.049999999999999996,0.049999999999999996,0.049999999999999996,0.049999999999999996,0.049999999999999996,0.049999999999999996,0.049999999999999996,0.049999999999999996,0.049999999999999996,0.049999999999999996,0.049999999999999996,0.049999999999999996,0.049999999999999996,0.0
2024-09-04,0.05045071047337175,0.050500982061822616,0.050116329308448004,0.050022130152087126,0.05041653209608528,0.050327535885980525,0.0502588206665453,0.04990372254955367,0.0499778766727552,0.0498998541139276,0.049494598846533865,0.04986138295815677,0.05005634109615319,0.049532620487291214,0.05034828804784278,0.04947732282218011,0.04996099442358742,0.04948424825574391,0.04991155350789683,0.04999815557403676,0.0
2024-09-05,0.0507286691576513,0.05116963909562279,0.04998595279106308,0.04978015557977374,0.04967413551611349,0.05052809570355485,0.05010809449744029,0.04924842238659549,0.04999946518429012,0.04994881302467099,0.04936491351585024,0.050099014887455995,0.0500623535691339,0.04972576087595031,0.05026494260891057,0.04942976589418029,0.0500419761714939,0.0491539333622412,0.050228148559788625,0.05045774761821872,0.0
2024-09-06,0.05070932847336701,0.05109137182270347,0.05033477006083366,0.049675257513183656,0.05009550629272678,0.05096658698032316,0.049924345268513776,0.04977459753307608,0.049691167182040835,0.04973523542494396,0.04921073584696548,0.0498320117582225,0.04989675608884341,0.050103946159682416,0.050598716525447285,0.049363604204321815,0.0500901693677571,0.0488332293820412,0.04978430348145047,0.05028836063355578,0.0
2024-09-09,0.05017230938641254,0.05140814793108215,0.050468940734043795,0.0491677651615382,0.04992838760260265,0.051476380968933935,0.05020492276724406,0.04924173244336712,0.04993957103266799,0.04972619260131692,0.049304087243597194,0.05008538771739131,0.05005158452357306,0.050373993505070866,0.05050825698799055,0.04951242345712378,0.049550073306744456,0.04886777836929691,0.04993990108624007,0.050072163173762216,0.0
2024-09-10,0.04974596576565122,0.05100393246908227,0.05111844143486252,0.04907870184132416,0.050060763036828305,0.051486464103900995,0.04995370837698113,0.049483529540065144,0.049869397629758394,0.04991240257260532,0.049298890451635234,0.05016736739430115,0.04976564618621638,0.049859599790750324,0.050385609614334685,0.050142204513396606,0.0496217360459821,0.048528462475761466,0.05007853593634064,0.050438640820221856,0.0
2024-09-11,0.05010531322980869,0.051139068716934,0.0508443240340914,0.04934494477149461,0.04974187641474183,0.05134094718417492,0.04934363134596402,0.050125129541385476,0.04975578261478172,0.04998094156696617,0.049751902509349924,0.05055744613921172,0.049505426111854475,0.04941718080839624,0.05034649815834019,0.049958394098679214,0.04988840663937496,0.04812709809537144,0.05018596426324496,0.05053972375583383,0.0
2024-09-12,0.049722400522243346,0.050852771427659725,0.05123873166082212,0.049484925675034715,0.05033163207806555,0.051874487956040986,0.0493618642383068,0.050072068994547365,0.050054847580563104,0.049407272925614636,0.04957439754015105,0.050648970987704316,0.04938861710709473,0.049270212263125904,0.05054042863646377,0.04958605903219975,0.049963346989067875,0.04834452277389502,0.04947923252462176,0.05080320908677731,0.0
2024-09-13,0.04950387625015145,0.050491610295926,0.05147560620689598,0.04947887535805113,0.050399770961279955,0.05179443326350148,0.049348673365058236,0.05019806853561702,0.05025557618221574,0.049529016710007756,0.04900409777006064,0.05076397302474328,0.048710944581975404,0.04920827105640503,0.050371880824802394,0.049628411546718855,0.05051433911641124,0.04842456596329337,0.04970821809495596,0.051189790891928724,0.0
2024-09-16,0.04942710250553842,0.05036947896329153,0.051443887967036916,0.04954426187564661,0.050129751570497774,0.05204635647048107,0.049284881592985184,0.05031219799049713,0.050034747130344615,0.04970199762233069,0.04901640530939213,0.0502206151160722,0.049018504770560654,0.04910999033596047,0.05059804496077941,0.049122644830199486,0.050773197820169196,0.04841098481088229,0.049542865627362334,0.05189208272997173,0.0
2024-09-17,0.04912468346300792,0.05027150305123548,0.05170681390354952,0.04932219074002255,0.05009001102745273,0.05197584808087387,0.049529401135201406,0.05044811299029942,0.05004837147902199,0.049562002479559206,0.04968040995887427,0.05010201550343801,0.048611940259050655,0.04908358273183586,0.050746425332558014,0.04924070017227278,0.051018338421555114,0.048622412544810374,0.04938207342055935,0.05143316330482129,0.0
2024-09-18,0.04876432431167537,0.050220628909482604,0.05186715731301372,0.04994670353139432,0.05018504526305452,0.05136304751966164,0.04982176748409951,0.05134382292335493,0.050673302872972316,0.049384357792214575,0.04968520323758753,0.04988431383361692,0.048353505991863305,0.048524804704835195,0.05093070365737817,0.04905284102845713,0.05140111147944903,0.04832294828705463,0.04890387904205861,0.05137053081677563,0.0
2024-09-19,0.04868253251012444,0.05048578182953408,0.05192679529275003,0.05059886356786358,0.05018051472485206,0.05085642632490643,0.049699897624334945,0.0509745978331181,0.050497753492188976,0.04947051662253239,0.04946790428578371,0.04953285729225871,0.04862577752970655,0.04873239018376875,0.050560388284770164,0.04906457821093457,0.05146336156354293,0.048381037394609486,0.04959849013424961,0.05119953529817037,0.0
2024-09-20,0.048445187818215524,0.050277345721754484,0.051923567224367966,0.050727934735799854,0.05040515672502888,0.051072352510226134,0.049376834155974686,0.050698414540369365,0.05058221190463413,0.048644516715884926,0.04943066043522775,0.0496072142194121,0.04888808663610385,0.04901512553290114,0.05049403448712495,0.04907071013743149,0.05143347768499491,0.0485935599466044,0.04962285552989626,0.05169075333804698,0.0
2024-09-23,0.0481231323723192,0.05082093034093573,0.05159282477598226,0.05158246399637319,0.050332950342423924,0.05125219576424614,0.04908424953372116,0.05050921032098404,0.05074713716782936,0.04857602927985878,0.04956394637150346,0.04962088148954383,0.04884864053379357,0.0491259413370185,0.05038886250944663,0.04895194207224662,0.051313693797438505,0.04817366610135891,0.04963822175336517,0.05175308013961083,0.0
2024-09-24,0.047891723971075995,0.05038144381195174,0.05150720183119389,0.051371199226642614,0.04987917206313176,0.051436405620572924,0.04932156093366024,0.051165519194310345,0.050860030148699616,0.049170733965767606,0.04949068056344542,0.049753948526017173,0.04829410084869281,0.04930961854552219,0.05054446114446926,0.04920296930843765,0.05048673101932196,0.04841056457758074,0.049304701270099206,0.052217233429406755,0.0
2024-09-25,0.048135222466819706,0.051024750902426495,0.05097046915334755,0.05099192169261023,0.049830290786730874,0.051923417884731364,0.04943850430983231,0.05103026954549347,0.050798549212576385,0.04834267364404364,0.04903325060985724,0.0502654278757806,0.04815666207765433,0.04928076242878402,0.05032893677716127,0.049526475202718474,0.05112415447550516,0.04855913735196911,0.04884421548648762,0.052394908115470096,0.0
2024-09-26,0.04804997601267376,0.05065232030368524,0.051266030441823984,0.05073001702309387,0.05003661036346702,0.05205958196685681,0.049240278785506034,0.05117813115237108,0.050525538201212014,0.04861649885855559,0.04879448468599263,0.0504299375665415,0.04807679731019604,0.04906326436456927,0.0498638774966562,0.05022943934092279,0.051045810082701495,0.04864235379875025,0.04911804280107567,0.052381009443348524,0.0
2024-09-27,0.04809452919772405,0.050762228637262784,0.05093447989023472,0.050762527975334405,0.04991095957171064,0.05189046773060975,0.04907716923997083,0.05167314262210945,0.05063195873527443,0.048907568252329406,0.04887861677507268,0.05010637525675018,0.048133169838140026,0.04882065912058999,0.04922815897583609,0.050582854352928364,0.05078416959078456,0.04931546601872631,0.04876091751641249,0.05274458070219877,0.0
2024-09-30,0.04813932887271219,0.050423499854219074,0.050691704551397675,0.051418807326157404,0.049983926679378156,0.05193784371996475,0.0491300509690936,0.05178707208015647,0.05070075180977204,0.0482569383211079,0.04890318129295676,0.05001481623679421,0.048361319708682994,0.049189178666863335,0.049325275040579326,0.050332086560307465,0.05048929826126102,0.04919769329610926,0.04904735292899699,0.052669873823489075,0.0
2024-10-01,0.05000000000000001,0.05000000000000001,0.05000000000000001,0.05000000000000001,0.05000000000000001,0.05000000000000001,0.05000000000000001,0.05000000000000001,0.05000000000000001,0.05000000000000001,0.05000000000000001,0.05000000000000001,0.05000000000000001,0.05000000000000001,0.05000000000000001,0.05000000000000001,0.05000000000000001,0.05000000000000001,0.05000000000000001,0.05000000000000001,0.0
2024-10-02,0.04990603279106641,0.05028760278932894,0.05030104719155978,0.04970054620741516,0.0499274202895309,0.04980095570636079,0.05027041165360242,0.05050553978340927,0.04948647253791716,0.050358311506070313,0.04989968508209533,0.05045047588253333,0.05022168625771691,0.049417473458919926,0.04929408836172715,0.050126968057674005,0.05002976929248464,0.05005043047342128,0.04973030596474174,0.05023477671242417,0.0
2024-10-03,0.050003255901015224,0.05074698896778306,0.0496105613474524,0.049322348343360765,0.050276957913965185,0.04989869350170079,0.05051185746564493,0.05054672811336005,0.05002939524261351,0.04987730811287816,0.04984864426399759,0.05032873408423636,0.049967181233941754,0.04934134548949612,0.049254248514697306,0.05057145087466645,0.050052660785995066,0.0499881742931166,0.04950369861563948,0.05031976693443903,0.0
2024-10-04,0.05028019484360556,0.05121490692411992,0.04961951161890085,0.049759570396162064,0.0497025334940932,0.04996792434576276,0.05044227794853213,0.05042571402501424,0.04996909668724061,0.04966993142874927,0.04961671798729909,0.050319144719550436,0.050436323604958186,0.04865721493267562,0.04916407700272727,0.05091859245263917,0.0508302136165187,0.049638845713187704,0.04865716958091362,0.05071003867734948,0.0
2024-10-07,0.050228717276247566,0.05106980903413148,0.04978004414358524,0.050108296910403985,0.0494673693330427,0.049756166599438316,0.05077891751957928,0.05047824453289729,0.05029387323240011,0.04967945272696151,0.04958518699671151,0.050700610167999344,0.05022804337348248,0.048742324207126,0.0495844516909667,0.050664460373151025,0.051128694396407805,0.04893411109474868,0.048062320991597074,0.05072890539912181,0.0
2024-10-08,0.05026188814348028,0.051140558513746916,0.04980296361462182,0.04994298780385368,0.04989856133950087,0.04969907281217257,0.05083298116126195,0.05036341242481708,0.0500392843698655,0.05002397038092752,0.04975201440036705,0.050768836818605174,0.049311151529870895,0.04879577739317372,0.0495163187342566,0.05082973691437448,0.0510305753438636,0.048916539311831625,0.048279383935408565,0.050793985053999756,0.0
2024-10-09,0.050030188803961595,0.050904704225649154,0.05032490434494298,0.04932492831983758,0.050593632720371755,0.05024444001178468,0.050977353542394174,0.05131216636370996,0.04951413945439419,0.049878826380438966,0.04937974224842449,0.05024051530867341,0.04892011379500151,0.04865391923787221,0.04975457618725219,0.050957595403732035,0.050462790807579865,0.049289967642195,0.04875466532310641,0.05048082987867755,0.0
2024-10-10,0.049842853898637976,0.050667422655606455,0.05015017264547423,0.0490476526460644,0.05151955089022734,0.050845360685445394,0.05031215872790601,0.051237953893346094,0.04917184920996697,0.049978115017022116,0.049598618068266896,0.049717238057822404,0.0482189840557071,0.04844487504102797,0.049720060636566435,0.05144859849115558,0.05080404088420006,0.049731551457132046,0.04859905909252843,0.050943883945895926,0.0
2024-10-11,0.0501208000011552,0.0502776770238643,0.049450793916080885,0.04964465105421168,0.051550320291508925,0.0509242587393444,0.04998626953034101,0.05142216592066519,0.049071332777432815,0.049760338732894455,0.04923633222518232,0.05036355383795276,0.04810275475595524,0.04864565236970059,0.04949576244899862,0.0515687994372901,0.05057797355478833,0.04984123239334713,0.04839887511486204,0.05156045587442372,0.0
2024-10-14,0.05033125869091408,0.05017710653891582,0.049785363657345115,0.049938154809835496,0.05177147297207993,0.050999410843024826,0.04971804613386366,0.05093522274603007,0.04930466867258768,0.04982233964364426,0.04891900910171173,0.04981132789614267,0.04809414956501449,0.048669504456882076,0.049815654568753996,0.05171979918472422,0.050866730185376,0.05044443311877362,0.04791325416807191,0.050963093046308305,0.0
2024-10-15,0.05056512118460091,0.0503380125103917,0.04967088069461583,0.05003393019165034,0.05214325004284112,0.05056231417239049,0.04967973023837462,0.051056923893904,0.049387402963939064,0.0502600642910397,0.048763475442050286,0.0498257398073182,0.047628218896314266,0.048079103382286124,0.05026436753304002,0.051367676360323404,0.05092381506429915,0.05057967993616458,0.04760417316694894,0.05126612022750707,0.0
2024-10-16,0.050581994354412095,0.04958791953137979,0.04898362633161486,0.050602669688665065,0.052520850921653275,0.05108455016943816,0.0496388346489343,0.05087247972669952,0.04922164153929185,0.05021573869596174,0.049147210633588075,0.05005086512298684,0.047268523370293934,0.04840349316128417,0.04973989843768758,0.051567269025448746,0.05098606657002334,0.05042855486152019,0.047966621504621575,0.051131191704494774,0.0
2024-10-17,0.05059804253457972,0.04957149842529055,0.04892891671321526,0.051296580975567864,0.052635714001098184,0.05145510916117854,0.049692504963724224,0.05111296426599514,0.04960685347720679,0.0500896646493181,0.04855634506887467,0.04943180417970113,0.046795886723310136,0.04808448830840823,0.05013767513123436,0.05106456904628158,0.05130572919544868,0.050500327976479194,0.04807049752643199,0.05106482767665541,0.0
2024-10-18,0.05086865532514655,0.050122055438695946,0.049374210316359704,0.05130700907830039,0.05300217749314916,0.05175038271840623,0.04981490941707635,0.051388248926573996,0.04963015521578614,0.05010096744710999,0.04842021245644638,0.04907873652607266,0.04677546228291417,0.047661112043777897,0.04981717247794591,0.051119985718306324,0.05070582204010156,0.05026328022921901,0.047486172347065154,0.05131327250154627,0.0
2024-10-21,0.0512983094511324,0.05061190271568709,0.049020330402287524,0.051393206051029997,0.05327091567207837,0.05100770124155835,0.04966247944419369,0.05199817182409408,0.04981835118724426,0.04990649856521834,0.048498506101985125,0.04873273009463972,0.04657634040252575,0.04820705465707512,0.049081950174852944,0.051012277185011674,0.0508436949081616,0.04990159046857079,0.047762934773779554,0.051395054678873314,0.0
2024-10-22,0.05139617541573624,0.05018259105488833,0.04959879643027539,0.05095838660449996,0.05322865936050608,0.050796778909559956,0.04968140918252273,0.05225130127382188,0.05067432489122048,0.0493413711130866,0.04867722033329254,0.04912681766817085,0.04669712106774641,0.048348680686027344,0.04886873159275044,0.05057086272003979,0.05061258263979333,0.04934194905679229,0.048338232686807786,0.051308007312461525,0.0
2024-10-23,0.05130673916292503,0.049640207403508226,0.04925670131109124,0.0508041732695403,0.05283155362921404,0.05069902068605115,0.050258883875324435,0.05217297940889528,0.050619024639589554,0.049705738021062464,0.04929024375458198,0.04976963597762322,0.046704225750677654,0.04815639234878562,0.048991555767696926,0.0507246510181062,0.05066215320148909,0.049125391601307196,0.04815494438131365,0.05112578479121668,0.0
2024-10-24,0.05180220619453967,0.049795639924697425,0.04928168012143064,0.05026734013448838,0.05270357149850443,0.050937338996993195,0.050128604741512074,0.05182069128341844,0.05036577922745414,0.05027345775392346,0.049138641592608896,0.0495072141966034,0.047226840994353134,0.04772679634245897,0.04846373614863915,0.050718158807457406,0.05083667542503829,0.04941971043015336,0.04792402716629865,0.0516618890194268,0.0
2024-10-25,0.05214253167217598,0.04923168394694342,0.04910399704023025,0.0499902610190266,0.052771521998685074,0.0510286975025335,0.05014358885537761,0.05177664899451578,0.050786058118475114,0.0498899353419886,0.04956885175490897,0.04995461892472258,0.04731030494589751,0.04765851842355451,0.04802886835638189,0.05011666388057175,0.051143336013981244,0.04916235365913669,0.048357835534115115,0.05183372401677743,0.0
2024-10-28,0.052387898172778447,0.04962857171650098,0.04913130419908817,0.04939856435550734,0.052344756163726004,0.050959108972343264,0.049915436390519506,0.051900410043201284,0.05106132493413667,0.05010709386039755,0.049549009435585954,0.05007589306545089,0.048035383148276004,0.04752463672565865,0.04787461801634188,0.05006023992981311,0.050924098637693115,0.04883895766612377,0.04871244613396454,0.05157024843289254,0.0
2024-10-29,0.05245621446310754,0.0495207157529467,0.04905204731842758,0.049740998385788514,0.05170293680965229,0.051146153524158244,0.049911677691843806,0.05192283273623533,0.051134679900120446,0.0503752064608002,0.049480471844277105,0.0499434557193195,0.04800381403210902,0.047898043546877024,0.04763120248744477,0.04989008036643101,0.050486253911204114,0.04908190658498969,0.04896033744516572,0.05166097101910133,0.0
2024-10-30,0.05263245130421388,0.050235256281316615,0.04862170377268329,0.04927961955744887,0.051634377980056115,0.05095327553364373,0.049809876147174255,0.052101239135087817,0.05127428818421825,0.0500310350943734,0.04965579066407338,0.04945738636140892,0.047904997644769215,0.048409688342882125,0.048164831332106375,0.05040991073336877,0.050008683932385035,0.049039727925674965,0.04893185660321916,0.051444003469895756,0.0
2024-10-31,0.05232690637727112,0.04959269331496729,0.049559900244605506,0.0499263144093632,0.0515063432538864,0.0507155493733172,0.0491715737039625,0.05187245288769038,0.05177813585952258,0.04983367890214136,0.04907015960064832,0.050231025900231284,0.048688545480591455,0.04843630941673843,0.04813908035486906,0.04993726826759047,0.050019864052262164,0.04894043722926613,0.048756506257150084,0.051497255113924695,0.0
2024-11-01,0.049999999999999996,0.049999999999999996,0.049999999999999996,0.049999999999999996,0.049999999999999996,0.049999999999999996,0.049999999999999996,0.049999999999999996,0.049999999999999996,0.049999999999999996,0.049999999999999996,0.049999999999999996,0.049999999999999996,0.049999999999999996,0.049999999999999996,0.049999999999999996,0.049999999999999996,0.049999999999999996,0.049999999999999996,0.049999999999999996,0.0
2024-11-04,0.05085120633648229,0.04981525623118268,0.04967671459546448,0.050461575692867154,0.05004603838509496,0.050321307188475196,0.05020937224340848,0.04933270369494514,0.04980942121457506,0.050519107769661196,0.0500091202797942,0.04992519310930823,0.04965624176300491,0.049776974849997165,0.04992434390626188,0.050151884698286645,0.04973032555204516,0.050530241994124134,0.04941812911804499,0.04983484137697618,0.0
2024-11-05,0.050712396323056505,0.04969458182346099,0.05001005615885265,0.05032728211220302,0.05010732326238652,0.050602215624850976,0.05065659893285443,0.04912329935454977,0.049579438676248484,0.05110063152057291,0.04970224039185132,0.04969323702083233,0.04907063004714708,0.04946695345121154,0.05046964787007399,0.05004907421796067,0.05001571512787279,0.050724225600751426,0.04953855801315622,0.04935589447010635,0.0
2024-11-06,0.0508098665572241,0.04929356528183165,0.05071073903726033,0.04985263614407333,0.050089691608192724,0.05105192771107665,0.05129103743184888,0.04882661367781785,0.04979788824007902,0.050847259400093554,0.04993095241010832,0.05011166432174396,0.04851524801672374,0.04902292039478203,0.05022972144181677,0.04997525238952264,0.05004751785327353,0.05088537162702406,0.04942574568725412,0.04928438076825284,0.0
2024-11-07,0.0506968239276057,0.049541449311949266,0.05115309468844093,0.05034211179931608,0.049814738988804556,0.051119429399689414,0.05141705197178396,0.04879862002247664,0.04961671383550755,0.05037554408319998,0.04937416315708235,0.05045094465360597,0.04785985994684691,0.049176333993450616,0.050243240756915906,0.04979724685283867,0.05006179748675924,0.05100016830666259,0.04955409873626942,0.049606568080794236,0.0
2024-11-08,0.05047459743692919,0.049727350226477146,0.05067392024389454,0.05078634482613201,0.05007161718765436,0.051603822301159,0.0510109639644497,0.04917627024645178,0.04987537700840793,0.050598667870644556,0.049358415563419945,0.05005675035824139,0.04801958959733271,0.049437929309288815,0.0496434113109492,0.04985994554148184,0.04950991130971056,0.05109649928111483,0.04942325187018055,0.04959536454608007,0.0
2024-11-11,0.05098805594520249,0.05031736218157357,0.05071531756022372,0.0504278923674337,0.05000136047909031,0.050936571304557844,0.050818802225119336,0.0490429779416866,0.049989820197716965,0.050757426077198825,0.0497903189613899,0.04974424961862571,0.04753783899760826,0.0492264439609186,0.04989252939721152,0.049549469581968035,0.04932154151643612,0.05172542073025301,0.04941075731245835,0.0498058436433272,0.0
2024-11-12,0.050706229596877574,0.05063255338069573,0.050005124607336304,0.05026989406446467,0.0498088758865223,0.05161800062958725,0.050246175568604404,0.049038318557908744,0.05088573137432721,0.051159377489605716,0.04967380518153513,0.04916322680396811,0.047414530167628165,0.049596772294726185,0.050242146464716225,0.04946871057676752,0.04960026749486632,0.05154801754482073,0.04937761264018326,0.049544629674858454,0.0
2024-11-13,0.0505053772841498,0.050389576490391635,0.05028806456569298,0.04991903047943653,0.049711745996692855,0.052361219116834536,0.049676223328898664,0.04923436952558614,0.05137701866398159,0.0507474779282635,0.04930196324830565,0.049198409871192186,0.04767956678081936,0.049431227620192475,0.050516264286011,0.04906090276579898,0.0500528748365029,0.05157550454450494,0.04960328506939764,0.04936989759734658,0.0
2024-11-14,0.05000348109716473,0.05009487217637647,0.04977152379017514,0.04993601336107758,0.04951543231880001,0.05259075612096007,0.04982391177991476,0.04917702989947352,0.051049586841848155,0.05106484343744347,0.04886810566933144,0.04950172274820506,0.04789082846576898,0.04951878880575862,0.05053198003482988,0.049364017701996,0.050045433778959175,0.05164712860615949,0.049956989337501596,0.04964755402825586,0.0
2024-11-15,0.04974980764304462,0.049626384897855896,0.04950313350705127,0.049985391756888875,0.04934294341516152,0.052909619213274965,0.050023657579875126,0.04932031453377347,0.050876003517333415,0.050815032540266224,0.049013193216967454,0.04936014424710088,0.04804086253079954,0.04945367484722576,0.05001659615705751,0.049434145321901865,0.05036108855981377,0.05198601092067237,0.04996264960583501,0.050219345988100336,0.0
2024-11-18,0.049072073787418534,0.05005379409892204,0.04941869393245067,0.049778498485503,0.04906592156703347,0.052806501701967275,0.05062409637454939,0.049323721893914804,0.0501098428590703,0.050950796504057254,0.049248566856138536,0.04919260464848996,0.04836752370853289,0.04979776795640329,0.04990219859647808,0.049189253602077335,0.050774133914729146,0.052517904048403515,0.04980721785650799,0.049998887607352625,0.0
2024-11-19,0.04935896994970195,0.049851165768112916,0.04964283508817958,0.049213436703707474,0.04903629919795169,0.052803440211670605,0.05066609265015493,0.049001990430690534,0.049428894417319555,0.05100950194226677,0.049298753094542576,0.04992071161087211,0.04898212907174019,0.05004028489073888,0.04973536374535334,0.04917529277927217,0.05051186290103741,0.05237529519352885,0.049865038170167054,0.050082642182991216,0.0
2024-11-20,0.05026009809149876,0.05029782375723424,0.049478607379042486,0.04893968825448765,0.04919079730806434,0.052498564405453106,0.05010690112239811,0.04876966318882438,0.04939589245543409,0.051617628545118026,0.04906523578277778,0.050176651739948036,0.04847814037976787,0.049946162744401564,0.049985593158910366,0.04886294907447968,0.05055060770588422,0.052465535096092523,0.04951629298556554,0.050397166824617305,0.0
2024-11-21,0.05006614456053881,0.05041816850994419,0.04994178575744652,0.049118007259573195,0.04926781446638835,0.052412887479834,0.049999516429202216,0.04882806214578357,0.04891933968386247,0.051713021923994025,0.04833784084096153,0.05058610070428842,0.048579901697583486,0.049908635334796635,0.04977166143487285,0.048907315039005604,0.05055293006830327,0.052462753332993446,0.04982957633948314,0.05037853699114419,0.0
2024-11-22,0.04951999194247573,0.050569682615541275,0.05022875742708059,0.04908119299820215,0.04983363976662694,0.052652951482140345,0.049936411622862685,0.049298822998568186,0.04951335985920882,0.05163639039288313,0.04841375615684649,0.04983148161566192,0.048522056035482056,0.04953039613709052,0.049651408549480615,0.04851411423396805,0.050967338413800675,0.0519906392230354,0.04966959423155745,0.05063801429748705,0.0
2024-11-25,0.04975669397110622,0.05038160296499326,0.05037854972590607,0.04889153864051149,0.05018124066301209,0.052726602490913946,0.04968585254699682,0.04966683312403318,0.04983996252158763,0.05160609103300348,0.04810331803845751,0.04994586209411307,0.04839633116867906,0.04867417584764821,0.05033420104954406,0.048746675758641625,0.0505881759300156,0.05226483818859519,0.049536285112339616,0.05029516912990195,0.0
2024-11-26,0.04942242510041775,0.05053217036144624,0.04986302511510171,0.048493362862671335,0.05078605704577719,0.05337322915902102,0.049724189062336235,0.05031376531437572,0.049663917132426606,0.051485529288574305,0.047812176887406035,0.04995212411004703,0.047805595859678966,0.04841372385333449,0.050533444514509106,0.048726163664295864,0.05061728553428261,0.05275107868225062,0.04951645157903695,0.05021428487301018,0.0
2024-11-27,0.049850351135014404,0.05050274666661139,0.05043495259664274,0.04826248040960953,0.050961590881559604,0.053385569368260576,0.049276218174718674,0.050461604799940725,0.04952580208497558,0.05104341445216828,0.04833270651288607,0.0494889299594089,0.047604229611863856,0.048324782957954,0.050891643482032733,0.04854944694310797,0.05050142199498865,0.053030001452349616,0.04960089639783074,0.04997121011807595,0.0
2024-11-29,0.04979146189432868,0.05041226344640808,0.05019141189204548,0.048776779006141864,0.051195758952700496,0.05287149510446777,0.049360387817017314,0.050355616344702814,0.05008005971374967,0.051771708159037796,0.0477614592094633,0.04916652217150583,0.047501099982493133,0.04854283032340575,0.0507495559285942,0.04878768530782754,0.05069171156836337,0.052837399106787815,0.04973360400372944,0.04942119006722986,0.0
2024-12-02,0.049999999999999996,0.049999999999999996,0.049999999999999996,0.049999999999999996,0.049999999999999996,0.049999999999999996,0.049999999999999996,0.049999999999999996,0.049999999999999996,0.049999999999999996,0.049999999999999996,0.049999999999999996,0.049999999999999996,0.049999999999999996,0.049999999999999996,0.049999999999999996,0.049999999999999996,0.049999999999999996,0.049999999999999996,0.049999999999999996,0.0
2024-12-03,0.04987382535082426,0.049885606211034446,0.05063649564124453,0.050185382511571106,0.050221846646291465,0.04951227651612709,0.05042765727650466,0.0498960773952647,0.04961223359883768,0.04987439873223153,0.05001570105515748,0.049470318259320994,0.049535033990494026,0.049772863786459724,0.05030531229925746,0.04957305203792285,0.05044760960199364,0.05015774549331278,0.050505680954561906,0.05009088264158786,0.0
2024-12-04,0.05020811639756815,0.04967741515308191,0.0508891474740986,0.05027246925501537,0.050062172891020607,0.04938833129538692,0.05060797263438667,0.049824008913272134,0.049314039715613364,0.05018851185926141,0.049951349401179505,0.049263733989970505,0.04877882215903104,0.04881747655452353,0.05090068310530476,0.05009575084938101,0.050952312027358275,0.04984987551425883,0.05060328617045814,0.05035452463982933,0.0
2024-12-05,0.05016442142678206,0.04992416168025334,0.051297104634736815,0.050396234969760874,0.04957950221993768,0.049519306205797115,0.05101764218883493,0.04999523808530366,0.049245487598663686,0.05095187041116662,0.04980517559911205,0.04913945868728248,0.04881254835060838,0.04903492977701438,0.050476001368846814,0.04925004400610261,0.05063370472424266,0.04954184033407933,0.050550728723744505,0.050664599007730106,0.0
2024-12-06,0.049963621070347,0.04987488840007641,0.05016719496522019,0.05011174683588173,0.05008007439354766,0.049636487870117006,0.05083221009469635,0.05011783636257047,0.04936683188960494,0.05136352350317977,0.04987286858810017,0.04930928418160936,0.048358602138451744,0.04908051436931985,0.05026664874995333,0.04959736977161496,0.05043941978887655,0.04958731320468141,0.05115666221857455,0.05081690160357663,0.0
2024-12-09,0.04998847862188043,0.05014128740439173,0.050193506773905355,0.05008269709839986,0.049734511559189995,0.049225375562749606,0.05081974385795629,0.049798636529606664,0.04928192406406697,0.051349805104504154,0.050057412988929594,0.04915740167929441,0.048402843131491145,0.04945499201063678,0.050038372591371866,0.04963451106079885,0.05089265703645455,0.04993841548611961,0.050973536560080475,0.05083389087817161,0.0
2024-12-10,0.049492547316481256,0.049931560132749825,0.05053144436893011,0.05003065845732972,0.049837938965975034,0.048918436461542196,0.05124948247891435,0.05012902644285343,0.0493890297756676,0.051266826799015314,0.04966551688476961,0.04895407339603019,0.048578847117715325,0.04941504801702494,0.05015737298459588,0.04992982192627124,0.05105774741577307,0.049770773612204194,0.05156441404052855,0.05012943340562811,0.0
2024-12-11,0.049725532268414585,0.04960519087729017,0.05095591194812659,0.04994476403776107,0.04962689265779012,0.04850565854656855,0.05085621196832867,0.04958109632287232,0.05015856309230165,0.05074926473538428,0.049555553059645714,0.04939950108806802,0.0486385659259526,0.049907055667444154,0.05063552265899666,0.050529562481432914,0.051062288988690696,0.04979473253028777,0.050943545894186815,0.04982458525045647,0.0
2024-12-12,0.04917659172373169,0.05028558743030685,0.05059647925981885,0.05013703516046118,0.05009535024845068,0.04879136343408331,0.0507893958467055,0.0495789182290831,0.04973906677952722,0.05110278538076359,0.04964813809497651,0.04886196144790569,0.04856505460838638,0.049789779844703015,0.05058139433770694,0.05045453660070526,0.05081095650774111,0.04983124926863862,0.05087712456849973,0.0502872312278048,0.0
2024-12-13,0.04904463733520209,0.050848120994771755,0.05051373392093796,0.05031743694990753,0.05055674938164359,0.04921370288326999,0.05120959122782606,0.04999630777996868,0.04960506443266595,0.05156630513799671,0.04972634002760621,0.0489594229721433,0.048532042362257104,0.049796176564335354,0.05047136736492374,0.050341530627164295,0.04944877865354541,0.04953368610631699,0.05030616140356142,0.05001284387395587,0.0
2024-12-16,0.04934510299696543,0.051204136974371754,0.04965196459764273,0.05112601090231822,0.0507845986362778,0.04882924278256945,0.05117367645295074,0.05024914187010819,0.04915991083007093,0.0520600993276621,0.04993438079680973,0.04913192927094255,0.04885941880094087,0.04991946857206555,0.04981613288445744,0.050492424486673376,0.04893295548163312,0.049440050665869074,0.04986351733105989,0.05002583633861103,0.0
2024-12-17,0.04948542304767332,0.05110110719583948,0.049831526229219485,0.051262462530498626,0.051265724764083406,0.04920580173060536,0.051107470403568576,0.05015892469978131,0.04890593105251366,0.05235376936400591,0.04976534286704138,0.04931093488550394,0.04849775756622071,0.050186623920534634,0.04951756654029933,0.05012613727430486,0.048862815423073164,0.048913266343520966,0.050057813781803906,0.05008360037990794,0.0
2024-12-18,0.04967986069580386,0.050982232580561906,0.049161559700082735,0.05056284715711837,0.05125724391265934,0.049516803005817484,0.051001139382637346,0.050841647287590025,0.04879410080775236,0.05247197192245253,0.04987584976091907,0.04912659793762392,0.048735375960183,0.050322515740088634,0.05003105140908046,0.049998489767557296,0.04875259209669421,0.04915531383428106,0.05014733821780096,0.04958546882329553,0.0
2024-12-19,0.049561013543973964,0.0513773854872258,0.04945583380431183,0.050877039822734296,0.051960517024604344,0.049192213771148414,0.05094425080693673,0.05058640084330339,0.04845094875346865,0.05200344958797846,0.05011143947034124,0.048664862603594636,0.04829795377082719,0.0503934942178674,0.05010690354705362,0.049755706246063486,0.04879863233946462,0.050020613710533124,0.049836450613893475,0.04960489003467532,0.0
2024-12-20,0.04985301046010726,0.05113676429143289,0.04975166623660314,0.05069171788888932,0.052113884191184595,0.04840570511698293,0.05121481414927816,0.049770799426993556,0.04851789108112059,0.05200301278015569,0.05001611544775957,0.04906972473551714,0.048392205045070254,0.050375265066180834,0.05031744488854552,0.049235235329868066,0.0488937132387718,0.0499300533595594,0.050290558554184246,0.05002041871179504,0.0
2024-12-23,0.05014281589116207,0.0508789667187076,0.04955570889129216,0.05137055546518491,0.05175381143865636,0.048013657388559415,0.051512369062062684,0.04989639602245203,0.048538267591630914,0.051741172228397775,0.0499486449081178,0.04874575367346983,0.04784111319293388,0.05027575213012362,0.05015756033043317,0.04904310382055867,0.04963268557646001,0.05031300727662792,0.05065640264633559,0.049982255746833834,0.0
2024-12-24,0.05026013060527846,0.051500663363021344,0.049697444271970356,0.0518554411574698,0.05173989501564172,0.047779597432515857,0.05147776628020277,0.04924414644830488,0.04860235744050243,0.05189055749468907,0.04982962339267713,0.04833192511639876,0.04798498230259031,0.050551894247356406,0.05002500432214182,0.049262118100367625,0.049330712148071144,0.05018402010039233,0.05060025154303228,0.04985146921737551,0.0
2024-12-26,0.05070999465573704,0.051613626961988644,0.04974811229827022,0.05180476924876899,0.051815803499523715,0.0484105726744189,0.051997326294787295,0.04908472989787736,0.04862173532067599,0.051746872829752995,0.049742219730263264,0.0484606702129129,0.04807221582373236,0.05009301334112289,0.05015771047915338,0.04961885146098923,0.04878828166231412,0.04984248452872431,0.0500938543899696,0.049577154689016696,0.0
2024-12-27,0.05089753141946068,0.052173818021584134,0.049754279605921437,0.05198596959812701,0.05164291827881069,0.0482940058539567,0.05204027812061128,0.04922220794053635,0.048471747445343626,0.05185400430097073,0.049335864549523885,0.04813251896027256,0.04802906167869341,0.04979252740351459,0.05019295406538643,0.049478831704782865,0.04839283288522282,0.05055258095586529,0.050352503237441414,0.049403563973974225,0.0
2024-12-30,0.050730276102783405,0.05165240100879849,0.04934444530342416,0.05175895773807326,0.05103333623945911,0.047943640293418674,0.05234198183026855,0.049053091704770437,0.04834256299001092,0.05232293131372816,0.0492225131547616,0.04847610504911915,0.04834104741225411,0.05033640662389741,0.05066543984492836,0.04948992734584209,0.04895016046459322,0.0502428231897258,0.05017181530109999,0.04958013708904308,0.0
2024-12-31,0.050268398427238965,0.05186003696008873,0.04957908100877649,0.05177896439979377,0.0511912482155691,0.0480112237749932,0.05198183530855662,0.04927186138715275,0.04827560688790212,0.052481251699836896,0.049397002861035225,0.04840332055184169,0.048079052732953584,0.050116286134654665,0.050443820873130936,0.04940200922096503,0.048972599320397,0.05059667333497648,0.050293592139337394,0.049596134760799195,0.0
2025-01-02,0.05000000000000001,0.05000000000000001,0.05000000000000001,0.05000000000000001,0.05000000000000001,0.05000000000000001,0.05000000000000001,0.05000000000000001,0.05000000000000001,0.05000000000000001,0.05000000000000001,0.05000000000000001,0.05000000000000001,0.05000000000000001,0.05000000000000001,0.05000000000000001,0.05000000000000001,0.05000000000000001,0.05000000000000001,0.05000000000000001,0.0
2025-01-03,0.05020237413167957,0.05002099660576691,0.0493677345868985,0.05040151657961029,0.049123429886774796,0.050191221393726185,0.050087901520661705,0.050312109645780694,0.049334868982879324,0.05033127067494558,0.04998405945578335,0.05016818982254075,0.05011708823794776,0.05049804817032113,0.04973189513621785,0.049653403790677314,0.04981282753628321,0.0504275727029176,0.049869596804129,0.05036389433445841,0.0
2025-01-06,0.050653154736409786,0.04999249265895573,0.04938905170035753,0.050784700920620644,0.049067728483712186,0.04991009205820012,0.04918209793917288,0.049777300349705005,0.04949872973710837,0.05102444929612558,0.04998114871105667,0.05009567187285983,0.0500761606785214,0.050518369001367185,0.04910605741107478,0.05005322862914198,0.049701066798423364,0.05046884677227133,0.05038359438063564,0.05033605786428002,0.0
2025-01-07,0.05033104437068105,0.04959310455281503,0.04932717428823936,0.05082344488951742,0.04881804754278834,0.0496291903336968,0.04976843875621069,0.05025123577149689,0.04920752191396754,0.05099787902710546,0.05061864817832385,0.050500451822497794,0.050340698462665756,0.05023356045498423,0.04943579372613035,0.05048699858030599,0.04911274495153807,0.05006704220737229,0.050260767817922464,0.050196212351740675,0.0
2025-01-08,0.04993494862277878,0.04989265122567426,0.049345646860608904,0.0516284646739805,0.048449187573008756,0.04968359510215792,0.04969405044157789,0.05000727690224753,0.049015608440316646,0.05110569322452933,0.05079708980819329,0.050193301386918326,0.050379802779242804,0.050577737572199334,0.049964361140751104,0.05010666160295516,0.04892398684386919,0.04975767363461494,0.050373276099910186,0.05016898606446517,0.0
2025-01-10,0.050019470876913455,0.049545282363369345,0.049043967789878185,0.051416177451184215,0.04731654139306261,0.05021878432128976,0.049479061587770976,0.05046886655656113,0.048401395485023244,0.051570256383542776,0.050971236163371327,0.05000276506730903,0.050096466492624066,0.050396704073801014,0.050156358700527516,0.05042388468982204,0.0488522192922528,0.05050442898832434,0.050563196131998424,0.05055293619137386,0.0
2025-01-13,0.0499286934594999,0.04944721633226691,0.04962266003481712,0.05077340487443593,0.046974006553444574,0.050920379834114425,0.049205264819913316,0.05010713865018076,0.048216740497069116,0.05174232951492614,0.05123023318832087,0.0501208596103437,0.05046975900494866,0.05025269170543381,0.0501705256661274,0.04993612369919046,0.04908260231976677,0.050550103076506224,0.0508173994447822,0.05043186771391164,0.0
2025-01-14,0.049297953013431296,0.049049265274206756,0.04971066467147899,0.050300370706305955,0.046946780344086655,0.05058034547200461,0.04938913970867867,0.050818312406318414,0.0483420613240473,0.05104619894925312,0.05106635641585057,0.0502330427567744,0.05070184636423969,0.04958439007058086,0.05085740671068762,0.04978642456013779,0.049308020031782536,0.05135747329891757,0.051474060481761084,0.05014988743945631,0.0
2025-01-15,0.04939724292099976,0.049547260748162486,0.04976209401831422,0.05078235531976127,0.04671502072670868,0.050343727701776586,0.04905884758509506,0.05045421857227067,0.04846671821667771,0.05076556291839967,0.05152147922290165,0.049971383646599296,0.05037877544123776,0.04951267831606979,0.05098917787443587,0.049717346859751474,0.04995473049980635,0.05119823122257011,0.05115329573724182,0.05030985245121973,0.0
2025-01-16,0.048830068154641304,0.05002553033581192,0.04990753021074793,0.050833026630369996,0.04691396506647586,0.0506034792835026,0.048935324294278056,0.04989564157293036,0.048137107400219474,0.05111151366130622,0.05165827594647624,0.04950861759329743,0.050154320776380636,0.04982640453567899,0.05135518087793659,0.04969829019632985,0.04997748293231535,0.05153373796506297,0.05082464643352805,0.0502698561327103,0.0
2025-01-17,0.048505827815084626,0.05001312917411672,0.05025636846846624,0.05088822546105349,0.047369804037635195,0.05101590912956918,0.048744721299986894,0.04990934490401629,0.04827349993172487,0.05096704023286947,0.051640742544283524,0.04950082709564678,0.05007594521472111,0.049674868776020134,0.05140444878204372,0.049456282967151474,0.050060933479104945,0.05106944490502827,0.05070899569371125,0.050463640087765695,0.0
2025-01-21,0.04895700106100831,0.04959493484676423,0.050449047258699926,0.050682104541396863,0.04753149881410101,0.05022615601488451,0.048633275719284504,0.05033216853565929,0.048650407068977906,0.05147296274799663,0.051186886974959885,0.04923591679567111,0.05022256106635987,0.04921496353930741,0.051499233931583205,0.04948927242644971,0.050044098950199484,0.051068605027512905,0.05178542834133511,0.04972347633784809,0.0
2025-01-22,0.0494623495207493,0.050007735748586205,0.05048723347867493,0.05040680295408034,0.04775960754682349,0.050140950752296985,0.04834807625712934,0.0504916914039999,0.04837234842845953,0.05201604713072898,0.0509269321024066,0.049132743623065585,0.049338086503800754,0.04893818166056744,0.05133339670597385,0.049641216956896266,0.04968835540816007,0.05173641973662071,0.05215007494446991,0.04962174913650988,0.0
2025-01-23,0.049130903609626804,0.049968723918732846,0.05083549458396864,0.0502195529714271,0.048213230716993634,0.050059486119935846,0.048720940090663044,0.05099020789898294,0.0484582600837118,0.05189416698961175,0.05039040020045878,0.04907557044146292,0.049150195188387716,0.04881500124942452,0.05172204611770708,0.04922621468898013,0.04991812477228061,0.05154541312553966,0.052042466324674436,0.04962360090742975,0.0
2025-01-24,0.0492376729732942,0.0498052130824893,0.050412452139799925,0.050610871687755236,0.04808468385191699,0.04960797327642232,0.0490321567675642,0.05150899187447687,0.04797203242102376,0.05175083696598624,0.05052862889266363,0.04904850801670467,0.0491714204610447,0.0489470405370527,0.0515578523031902,0.049490612968074416,0.05004541363282432,0.05152682643486744,0.052148873237936134,0.0495119384749125,0.0
2025-01-27,0.049361954368702096,0.04929560504070794,0.049887819110889214,0.050688536952811405,0.04834081021926137,0.049249385999673476,0.04927736088623461,0.05132485204402636,0.04777450760289639,0.05173375753653084,0.05043512483142178,0.04906457085399987,0.04878106473898216,0.04887677123340077,0.05182524338162216,0.04993815638613153,0.0507449722861396,0.05194277079036792,0.05225922008401297,0.04919751565218751,0.0
2025-01-28,0.04995409847564312,0.04905085582411227,0.049838804295500604,0.05081975673149975,0.04865517114654257,0.049031775426982574,0.049465393127754345,0.051576580204967824,0.047843271671451554,0.0515589828099161,0.05027198546238691,0.049017268069310393,0.048410768444481736,0.04942325555555381,0.05149294104576286,0.04977160498497655,0.050442150998449925,0.05196094481794312,0.05233534295442454,0.04907904795233943,0.0
2025-01-29,0.049757668666007226,0.04852585031351592,0.04974640501114599,0.05091770852149336,0.0484833426395299,0.049029411119340345,0.04941010578689072,0.05158644584839422,0.04814298229943237,0.05209272834936576,0.04975821842074384,0.04923445088817435,0.048435184018883914,0.04950561155095272,0.05165397207407194,0.04955696822755692,0.0502981544974425,0.05263056036411493,0.052547390724257806,0.04868684067868522,0.0
2025-01-30,0.04971779487810826,0.04843767569553087,0.050072399225567533,0.050894980481855624,0.04833862102111826,0.049496857350198334,0.04918363239654791,0.05146150590596475,0.04806339195072041,0.051848511543810545,0.050127161285777676,0.04950342143268919,0.048392315255473925,0.04903065443585018,0.0526447251956764,0.0493882797238879,0.04998939061732731,0.05267481211184202,0.052929439059312716,0.04780443043274022,0.0
2025-01-31,0.05003530334258448,0.04847673593933394,0.04986114660605957,0.050158148212438254,0.048305837652634756,0.04940283424300678,0.04958523007278964,0.05130127697124084,0.0487439987106661,0.05188961063543077,0.05011476922006784,0.050006965191695785,0.04804367879014545,0.04884130638881006,0.052670905153200415,0.04985842210289188,0.04988889289088815,0.052470403307815494,0.05313819424799487,0.047206340320304914,0.0
2025-02-03,0.05,0.05,0.05,0.05,0.05,0.05,0.05,0.05,0.05,0.05,0.05,0.05,0.05,0.05,0.05,0.05,0.05,0.05,0.05,0.05,0.0
2025-02-04,0.050153719233673136,0.05002394603975518,0.04945696207926272,0.050969678380013865,0.04951276175752321,0.04990746474668134,0.05046907166073116,0.050399376541446765,0.04944713225538156,0.05018807160269001,0.05048629439336358,0.049659730924242855,0.04982240024728444,0.05032094161811803,0.050217551044521955,0.04979359026839259,0.049895130809122674,0.0495170958046998,0.049850717779785315,0.04990836281330985,0.0
2025-02-05,0.049746322729675836,0.049883606257367555,0.049566820426166586,0.05161823686929296,0.049393617314822724,0.049773925614625784,0.050953318052237,0.05033209561814871,0.05000969791181107,0.05045787882446831,0.05065789681729745,0.04971554890952088,0.04940823340781867,0.05038115288908877,0.04950901774196128,0.05032254813067416,0.04959830967676343,0.04917723078874334,0.049890073903484586,0.04960446811603092,0.0
2025-02-06,0.049734603257695825,0.04995415604617282,0.049150463711707455,0.05215056229986486,0.04959631152156096,0.049757851444183265,0.050838494068223106,0.05018310651183615,0.0496203747311789,0.05044916866878322,0.05106832205335958,0.049960440414926074,0.04995874912193057,0.05036453446441381,0.0495110158772069,0.050186061314793626,0.04930541581231995,0.048747429043287493,0.04981110832797641,0.049651831308579045,0.0
2025-02-07,0.04916196458446644,0.05062246821644515,0.04928383399375648,0.051907226548029095,0.04967298330853625,0.049999643628223095,0.050009843720533534,0.04994056663603196,0.04973486311533904,0.051098877140817706,0.051162320684600505,0.05031016464665269,0.05056544733793811,0.05101806233318524,0.04966636677413849,0.05013297257175758,0.04904439476204394,0.04762755880374886,0.049716435337465475,0.04932400585629029,0.0
2025-02-10,0.04886399380832801,0.050564906162978165,0.04870266956314011,0.051977631906422295,0.05009424175689665,0.050423738980119544,0.04964624370046155,0.050664792439239915,0.04947713381089458,0.05107751365286973,0.05107604074222458,0.050845138913424424,0.050464039178655884,0.050704085967124564,0.04900783811536551,0.04982753869451212,0.04935686300815899,0.04766079746178668,0.04990832835624326,0.04965646378115334,0.0
2025-02-11,0.04923791362655368,0.05078916393140198,0.048906223702403606,0.05176698295782326,0.04985348118343794,0.05045749010633116,0.04995496565184941,0.050521354630135,0.04908688385102327,0.05150778787011959,0.05106316708125378,0.05056655005096314,0.050149897884102033,0.05107719455252277,0.04899349335744763,0.0492633242723717,0.049408515097705274,0.04730400208651996,0.05021835089414898,0.04987325721188607,0.0
2025-02-12,0.04924364642420623,0.05025695168776473,0.04842674438320192,0.05131624313855251,0.04953671459055393,0.0501532376139912,0.049942677432858754,0.05100288049956824,0.04943988921311974,0.051474597902517585,0.051315001343280535,0.05104279267316473,0.050472842644152235,0.051123774152627956,0.04898914929326653,0.04908644163555502,0.04938910478593066,0.04714776806690698,0.05084771500418234,0.04979182751459813,0.0
2025-02-13,0.0491168577822,0.05077063224688604,0.04828035424016607,0.05108784175146547,0.04969970725637781,0.050252571973097446,0.049779084197916684,0.050618817422485946,0.049333002281546634,0.05079679229922806,0.05275623229683071,0.051008348617719995,0.05066295239832743,0.05092749931983422,0.04855201527174005,0.04892388848300625,0.04956484821457261,0.047465651394245044,0.050578873122343784,0.04982402943000986,0.0
2025-02-14,0.04884794968025908,0.050590050990460385,0.04857657054321234,0.05155690716406726,0.0494100843463907,0.05041288837617651,0.048892344203725735,0.05079054344336652,0.04992516333360114,0.05069059314211273,0.05318124938948962,0.050664878905427764,0.05132442467929729,0.05068487955360395,0.04821042841658796,0.049062203095737354,0.04932453161951583,0.0471396863793796,0.05069758663745671,0.05001703610013136,0.0
2025-02-18,0.04868487239436218,0.05087048850210509,0.0485664646685959,0.05176713266179802,0.04911296052758621,0.05075651586205947,0.048800012776660295,0.05079244346846395,0.04948037785085037,0.05054416329665871,0.05317725567952965,0.05050171064197552,0.052000006175940895,0.051074852039315936,0.04857428935143457,0.049198562435009884,0.04855845281912549,0.047282188473988435,0.050308713174294424,0.049948537200245086,0.0
2025-02-19,0.048991840846269896,0.05103976444054844,0.04820916397581074,0.05163173052731866,0.048678878466309965,0.050727513263457515,0.04863410697528763,0.05144500628236559,0.04914622345569237,0.05070518292625118,0.053580723266849324,0.05114252377994263,0.05147835377408233,0.05145574241784603,0.04755725723377801,0.04936244139383378,0.04838752613434978,0.04695605721984875,0.050662553466304265,0.05020741015385303,0.0
2025-02-20,0.04930813583812597,0.05123645794700706,0.0479611563932268,0.05149550086390945,0.04875705761225287,0.050468184356411046,0.04836619399898338,0.051815161401187554,0.048959774527319255,0.05044862869833924,0.05373587454562649,0.051284309426273406,0.05187410344897093,0.05165026550384308,0.04762717689524232,0.048998236626658385,0.04826965375209296,0.046710346644731275,0.051589546666626955,0.04944423485317173,0.0
2025-02-21,0.04831060222556012,0.05139233624501966,0.04737142101023334,0.051680567571452174,0.049204990544677724,0.05065206660221947,0.048574499004392854,0.05175727142704952,0.04987597647782956,0.05058599498530313,0.05361051239620377,0.050758480204478165,0.051704657734302654,0.05188718112814958,0.04793771097845344,0.04868754252155143,0.048171132168215294,0.0472053625000975,0.0514522509269915,0.04917944334781919,0.0
2025-02-24,0.04804470263606043,0.0512462143220061,0.0468239333308609,0.05149065784254029,0.04886599316312756,0.050524040018781975,0.04823989546206292,0.05157938540210415,0.050184195686875835,0.050864245202124306,0.05391268702197283,0.050346382682455865,0.05192087779250843,0.05202875852008575,0.04794442178615888,0.04924700603206187,0.04837583964568129,0.04707929568342721,0.05235435928986062,0.04892710847924262,0.0
2025-02-25,0.04802222930637166,0.0515569134396694,0.046788448622374544,0.05143791028232654,0.04913824407547861,0.05028506907449866,0.04784826571997791,0.05208459531987495,0.050299429826896586,0.05067489583700214,0.05376874019092448,0.04983240011213193,0.05212150737255806,0.05155999981321812,0.048341412670261714,0.049386033909474276,0.048250138971338445,0.04742930212108229,0.05196478431607214,0.04920967901846762,0.0
2025-02-26,0.047960013708590106,0.051251852780415975,0.04694374554623226,0.05155157979553233,0.049088158781781285,0.050696230335929765,0.04788155789484234,0.05182091164546778,0.050475761428811994,0.05053284359858803,0.05335553438670477,0.04954711864818286,0.052358586865656524,0.050961554321493345,0.04816760418746493,0.04984817208795336,0.04856453135216291,0.048182784221186784,0.05176597597638326,0.04904548243661937,0.0
2025-02-27,0.04811528106107716,0.05155262039665182,0.047107999092747356,0.051713967877078944,0.04849926251724749,0.050228492849441295,0.04819430633225174,0.05101638915834385,0.05032425094682696,0.05018031199465458,0.053557609449122516,0.04959409139238016,0.05274765658727865,0.05153328499464546,0.04788084289793765,0.050490509421128205,0.04870747985704166,0.04806049088610602,0.05166230644892954,0.04883284583910889,0.0
2025-02-28,0.048208477423359423,0.051414535663097616,0.04731001095323479,0.05180927392968019,0.04819765565491284,0.05095621053616856,0.0480609894107538,0.05035408756937768,0.05129106426063818,0.05027286797938661,0.05379205576169358,0.04920512849739806,0.052543424181447806,0.051611576587436134,0.04788052579565284,0.050260579794635475,0.048229108520434216,0.04783884051283136,0.05172877380584532,0.0490348131620153,0.0
2025-03-03,0.05,0.05,0.05,0.05,0.05,0.05,0.05,0.05,0.05,0.05,0.05,0.05,0.05,0.05,0.05,0.05,0.05,0.05,0.05,0.05,0.0
2025-03-04,0.049764158434891514,0.04978677742466477,0.049852549729596504,0.049755746472518125,0.04983750617023625,0.05025014847231868,0.04950197423446997,0.05015562995347202,0.05007494001317016,0.05042866175277525,0.05005594853527879,0.05043682869887135,0.05036180794508359,0.050577209364054965,0.04974847579233942,0.049633265330282964,0.049596571013082326,0.05004965220984744,0.05021431199852292,0.049917836454523,0.0
2025-03-05,0.04974216267784571,0.049868044941615244,0.049540886910783115,0.04942352834254949,0.050048146609875985,0.05027616168509477,0.049060105112239176,0.050999622704502055,0.05048532446966527,0.05028117418099562,0.050457753076095936,0.05107429013205378,0.05011814563706351,0.0502641089710483,0.04974920048134972,0.05005690846504765,0.04970811962041363,0.05024704619936745,0.04931005574079859,0.049289214041594934,0.0
2025-03-06,0.050183352081417346,0.04953187370091592,0.049427656690077246,0.04892148737128915,0.0507380849460821,0.05041238201459104,0.04856935111848004,0.0503101917680335,0.050074614668213176,0.05102454927166548,0.0504799771413137,0.0516713525871356,0.0508134389474042,0.04941398277728525,0.04951257503877839,0.05038810509730421,0.04987759048367417,0.05055935798525432,0.04901048064764617,0.04907959566343921,0.0
2025-03-07,0.05014380554652608,0.04983374541998965,0.04918403694645,0.04909510448389021,0.05044886449188659,0.05053885471031426,0.04821706296786247,0.05025267768136676,0.04998331555165509,0.05111692783329994,0.05054128148496688,0.051244750353244134,0.050761840047934804,0.04900023593547822,0.04943672384400048,0.04985910108256597,0.05005786135085861,0.051273808074973865,0.04987629492080382,0.04913370727193222,0.0
2025-03-10,0.0501581188256903,0.049885723172553034,0.048925620408710596,0.04941469905922687,0.0503125348600951,0.05088227480372076,0.04836716731689072,0.050321046443796265,0.049932921390229576,0.05078654657217929,0.0503243488580117,0.051889460371123526,0.05066202341395284,0.048851820648448424,0.04908008154501886,0.05003769625060643,0.05013702597758963,0.05093879169514885,0.04941561292970005,0.04967648545730711,0.0
2025-03-11,0.050233322241255894,0.049708517683333585,0.04896672306011944,0.04894930482898478,0.05000881479960396,0.05077003547974997,0.04804756352033194,0.050875089439143685,0.05028948268092464,0.05031476952030858,0.05024620703030073,0.05193405669409494,0.05060577494577456,0.04890249602406945,0.04923357944502255,0.0497494038443407,0.05061029512948342,0.05161543891702579,0.04930339933808747,0.049635725378043886,0.0
2025-03-12,0.05087425126304317,0.0497796996284945,0.04901528757147547,0.04913198044781677,0.04965509034795094,0.05065835849849073,0.04765979852018761,0.0506864861833264,0.04992316814920298,0.05002651833763636,0.05087833054894079,0.05205685829709874,0.05015092577047505,0.049468594321227244,0.0489782041062164,0.0497210919324137,0.05070727134114008,0.0516072848452504,0.04960477589302954,0.049416023996582986,0.0
2025-03-13,0.05066799063510241,0.04972887078381836,0.0499684948775617,0.049305068064283315,0.049591017555705955,0.05120077994920565,0.04769294785951416,0.050796434802964884,0.049801986178287905,0.05004522569361767,0.05070827945203141,0.05232905895830061,0.049514028703895874,0.049663108521673494,0.048457494508602275,0.04939470895463704,0.050731941639433474,0.05163736700864462,0.049491944409437875,0.04927325144328131,0.0
2025-03-14,0.05102849901869806,0.04953713222012473,0.04952197069895103,0.048695882823787826,0.04961320793451857,0.05123364092024076,0.047987492281881435,0.050730161908578916,0.04975131528260614,0.04997736231279031,0.0508573961882789,0.05260832094129093,0.04985019675788422,0.04879871288153571,0.048116301109902504,0.049728659892695704,0.05131822937669629,0.05163569967306814,0.04922062788619077,0.04978918989027924,0.0
2025-03-17,0.051588693889895273,0.049602870259387734,0.04958897408560043,0.0487115224608793,0.0490861109793376,0.051102887323022206,0.04845265798235747,0.05178187716406214,0.04930723185475509,0.04986530059960322,0.05085428896589031,0.05202892806538262,0.0493537332745485,0.049877368285641224,0.04829427047464917,0.04959899291700888,0.05077391588954479,0.05146888667764565,0.049486281158640066,0.04917520769214829,0.0
2025-03-18,0.05156972401173332,0.04925397199518543,0.04909339455257359,0.04928317894893537,0.04909651795752027,0.050568104689530234,0.04875688623250395,0.051839179580598777,0.049133733784890485,0.049570377999886596,0.05071087461020429,0.05180772498323909,0.05023804933424962,0.0497366017959688,0.0485271192494083,0.04915411269061665,0.051392587803960464,0.051036452023069334,0.04978318331270397,0.04944822444322144,0.0
2025-03-19,0.051510969501080375,0.05007811585787291,0.04897669092213904,0.049489791051588954,0.04869918019230718,0.051244494980920346,0.04846022182642082,0.05198538518166693,0.04933639133912137,0.04921054015982208,0.05041607662627103,0.05169243454160719,0.05022176046172323,0.050180114267715785,0.04879810293186511,0.04889301601334876,0.050490298354308696,0.051128521957424226,0.04959203928067187,0.04959585455212403,0.0
2025-03-20,0.05152397012433762,0.050578588934423754,0.04898285188355884,0.04896696246895675,0.0488279657406994,0.051177282151292525,0.048678243004121484,0.05214928376299733,0.04894923415232729,0.049029291847089665,0.05058069421938707,0.051342290740583725,0.04998763238965019,0.050500922428788696,0.048996485193828355,0.04894465289912931,0.050326956343642995,0.05091355102414522,0.04986084901512925,0.04968229167591043,0.0
2025-03-21,0.051272631201935884,0.05051834805043452,0.04911975221068195,0.04904014336147881,0.0491089632294328,0.05175447136611741,0.048696200838462024,0.0518371427734055,0.04927932797616715,0.04922460034347886,0.050241836311256206,0.051540286038165475,0.04997936250525597,0.05034651617446218,0.04902776724051702,0.04893315013924083,0.04997504470409659,0.05067775688603349,0.05000573152348199,0.04942096712589538,0.0
2025-03-24,0.05146905721000813,0.050824330788189716,0.048859448270884474,0.04867790536124873,0.049162585087743224,0.051787710704484236,0.048429542888349955,0.0520704434901606,0.04933485341577,0.04974032157524599,0.05058187114071693,0.05194875323404518,0.04901027501765058,0.05015466721977329,0.04890351566838217,0.04923767102300851,0.049296011768328304,0.0504225099965014,0.05027651749431321,0.049812008645195485,0.0
2025-03-25,0.05154958253050453,0.05012053451216415,0.0487920043340926,0.04891030292278609,0.049221163906840386,0.051836911322430596,0.04848293753575095,0.051647204751879346,0.049451599929247164,0.0503849298306793,0.05054161263667535,0.051942522317781535,0.048894009713222525,0.04976331881556142,0.0490566117361911,0.04941172803978546,0.049237060026213746,0.05029280776941333,0.05040392764393829,0.0500592297248422,0.0
2025-03-26,0.051773297089598394,0.0493607155991399,0.04877701212504363,0.04880657120384874,0.049172208586066884,0.05203818737893529,0.04819003632434379,0.051064624773371634,0.04958780161676439,0.05076251946411908,0.050662213842606926,0.052190898781248614,0.048955784727486386,0.049450089223493,0.04933969448820316,0.04974639036397882,0.04935226356621757,0.04979665960336815,0.051141440381673564,0.04983159086049183,0.0
2025-03-27,0.051490360255193796,0.049341689378436214,0.04841630941221086,0.048906008456249254,0.04931364430244353,0.05297038979609177,0.04809447701934861,0.05113394576470958,0.04932822430728641,0.050709925259402204,0.050720358436642306,0.05231247776264494,0.04863995203503301,0.04951166748022449,0.04920662773961647,0.05012325821774123,0.04972667979373024,0.048813060282804015,0.05128154678798152,0.04995939751220952,0.0
2025-03-28,0.05123808437523281,0.04895749708446582,0.04828633206759906,0.04881406270535498,0.04960215924124676,0.05225526394047817,0.04831118975746438,0.05152371560727934,0.049196632180693825,0.05056819540520497,0.050948645754291824,0.05244803666476062,0.048516315819232624,0.04912280343988306,0.04892816513228302,0.05050595180217003,0.050068098100498816,0.04919318896318816,0.05102469801668572,0.05049096394198601,0.0
2025-03-31,0.05175893953328811,0.04863394296907503,0.047917755191554175,0.04857394336770791,0.049519326717993445,0.052075993505116484,0.0485857726481177,0.05105822210404813,0.04907900226602475,0.05058780825590585,0.05123224644907674,0.05260202131413633,0.04879838370506977,0.0494505971264953,0.0491526711274005,0.05062422996074024,0.04988193821885288,0.04934032627627578,0.05069399926975049,0.05043287999337036,0.0
2025-04-01,0.05,0.05,0.05,0.05,0.05,0.05,0.05,0.05,0.05,0.05,0.05,0.05,0.05,0.05,0.05,0.05,0.05,0.05,0.05,0.05,0.0
2025-04-02,0.049653010920782344,0.05024131256913741,0.05011586810807748,0.04984431242494399,0.04999732848930859,0.04984793723336537,0.0501512356157692,0.04949825625699661,0.04998739361858212,0.05006484220162402,0.050018301449325626,0.05009058814770536,0.05006052179794314,0.05064815067766583,0.05028690529697715,0.05019982432476517,0.05014570469609619,0.05006701836138875,0.04961182925802764,0.04946965855151785,0.0
2025-04-03,0.05021477215088424,0.04990826822922457,0.0500999155730743,0.04950090217601285,0.04960364945690253,0.0499657096743274,0.050245345112514536,0.04993091266406028,0.04973959545436323,0.05080584052846075,0.049536359168572706,0.050160851350631926,0.04985153424210044,0.05056093035735334,0.04996699970771161,0.05036652382939797,0.050098109211317646,0.050209057937493626,0.04890059246589571,0.05033413070970035,0.0
2025-04-04,0.05033490746910247,0.05006904868736238,0.05003152371445149,0.049692078165362606,0.04936763670159338,0.04989255126201056,0.0502393167192807,0.05018040512594136,0.04991796262683657,0.05090415894464237,0.04998302167971904,0.049929552211766516,0.04940770197113837,0.05037153118924261,0.04984486031501297,0.05022226374566662,0.050160597271244285,0.049761808297745284,0.049078810736238855,0.050610263165641656,0.0
2025-04-07,0.05050868173016723,0.05004519165550304,0.04940267753331718,0.049724119012367424,0.0495825920179093,0.049929187711439116,0.04970351470685907,0.05015836197353511,0.050072182087259845,0.051682862064609786,0.04991652586808949,0.049725610220720994,0.0492962037980641,0.050549895062569336,0.04933791852706318,0.050301776149683085,0.04990944401206613,0.05004447304225993,0.048898682633355346,0.051210100193161245,0.0
2025-04-08,0.05048902478266849,0.050195076953825205,0.04961682576611617,0.04919238093461391,0.049901987039170904,0.0499495906945338,0.04944255846344406,0.050246086979466774,0.04953282842963316,0.051306558907804375,0.0494250420064967,0.050389149975975676,0.048480060506376946,0.0504875093531391,0.049588440338684835,0.05073513261826395,0.04951175111667461,0.05047014270557002,0.04969287759590558,0.051346974831635805,0.0
2025-04-09,0.0504865221852061,0.050122396744821364,0.04948421548846232,0.04963859900604625,0.05004257391197565,0.04960155531461628,0.04927364103568899,0.0498680278936501,0.0496633199913085,0.05157733729390633,0.049093647826407405,0.0500331664737328,0.04821533287461789,0.0509385126443613,0.04948397838814337,0.05041524140034986,0.049766340565084916,0.0509512741113439,0.0498926149675424,0.05145170188273424,0.0
2025-04-10,0.05035303145418811,0.05053648451564796,0.04967198185516275,0.0495050138211611,0.05048968443098989,0.04966234478256979,0.04940095738183555,0.049323119523625024,0.0490603824652387,0.05161604899147373,0.04930295417770612,0.04990123610214519,0.04772112644316147,0.05137904948571737,0.04921943749417651,0.05078764576018293,0.04917011511433873,0.05150164786704969,0.0502536555619527,0.051144082771676674,0.0
2025-04-11,0.0498445312309693,0.0504790061935445,0.050109579574042065,0.04954070348898372,0.05064855282986061,0.049890984835923725,0.04970760638400811,0.04926063504357981,0.048400552803064066,0.05123894187323613,0.048707697862706505,0.05045028566615053,0.04701989550356039,0.05175347837184533,0.04987349788815089,0.05061488162374863,0.049085277804455874,0.05184123210143382,0.0500602592900488,0.05147239963068706,0.0
2025-04-14,0.049754315345803324,0.05104202876860755,0.04998400324249118,0.04974505252307322,0.05050568376955941,0.04964294967140085,0.04990295848052441,0.049377810194827454,0.048142464265808066,0.05146352778075163,0.048743720117435614,0.04994375752691384,0.04717608965690953,0.052183080307178505,0.05004509578227481,0.05047253051132964,0.048241207549192894,0.05147905702132058,0.05020727911469292,0.051947388369904667,0.0
2025-04-15,0.04971823000153266,0.050618085646246175,0.04948761308542154,0.04972015355384066,0.049934886285464886,0.050151411874238584,0.05017548867833035,0.0494344518556038,0.048947628758417884,0.05186959409779462,0.04846193188866452,0.04964540720102496,0.047001470029694604,0.05233513452278676,0.05013382789889097,0.05051542835164669,0.04813046587413671,0.05134162724940741,0.05019731010330099,0.0521798530435555,0.0
2025-04-16,0.050195433599738735,0.050710371053791885,0.049313996628296226,0.0499582143980237,0.050269851743954125,0.05045151332061168,0.05003078969098035,0.04914087775375888,0.04904805598462786,0.05249568378645224,0.04823134213268427,0.04949180045805014,0.04663764069457541,0.05195596152586198,0.04954078394492043,0.05015736248704797,0.04772164352216656,0.05130643242115754,0.05051314530189873,0.05282909955140132,0.0
2025-04-17,0.05012284062324171,0.05058555608140907,0.049332958320347856,0.04975391411545361,0.05043688087564175,0.050645034952696684,0.04958574940482737,0.04929561526889304,0.04942355502164094,0.0525387654026036,0.04790619575765595,0.04953288953614503,0.04676032770382318,0.05226239899409687,0.04879815127366673,0.05021513609031487,0.04781298908218776,0.05174457758339198,0.05047717793417971,0.05276928597778217,0.0
2025-04-21,0.04935839736491582,0.05052290691436221,0.049276071590616866,0.05016562340640655,0.051123319552624814,0.05099245463613254,0.04962054566332146,0.049836548935402604,0.04968548226106866,0.05189674936002362,0.047637718751145745,0.04955713932401334,0.04627247244998687,0.052571923265992845,0.04918021041188252,0.049863820361361014,0.047788926317408637,0.05170818948558644,0.05034560185904829,0.05259589808869915,0.0
2025-04-22,0.04935672481413779,0.05077806547445397,0.0491122609967334,0.050240095510003406,0.0519306775482634,0.051035018742042824,0.04939973601547539,0.049836715452068935,0.049787942234567166,0.05210241856931612,0.04750489921697787,0.04927745464826732,0.04586614130132877,0.052377397683375064,0.048439603215817785,0.05020069614484153,0.047776066839761384,0.05151157791564401,0.050743059317848845,0.05272344835907502,0.0
2025-04-23,0.05020384988655426,0.05057304160404069,0.049209576064919755,0.050320051331374314,0.05136310999120422,0.051341896993400214,0.049530132074850235,0.04984719281892696,0.05000187490348282,0.05227052057765541,0.04760182603172384,0.049335170424492585,0.046134243489831195,0.05209584728312534,0.04817561588419974,0.050171429993306677,0.04770028530893544,0.05081669026661866,0.0503912402482162,0.05291640482314127,0.0
2025-04-24,0.05054474554650438,0.04966480224258274,0.04941642342918556,0.05049840563736816,0.05093701812273688,0.0519441941197633,0.049440699752845506,0.04981006657609651,0.04981321552008044,0.052221568283087126,0.047538081030533544,0.049335540667189696,0.0469054196620458,0.052099451047793906,0.04793570088753809,0.05020591800944056,0.04752971725478706,0.05116414631281795,0.050138275795792886,0.052856610101809844,0.0
2025-04-25,0.050308495605841407,0.04865551973423467,0.049344976156271675,0.050982258221892784,0.049972551233704955,0.0522857217180791,0.04945433149514352,0.04981418723342963,0.05002391148854611,0.05234977814315926,0.04772287516437858,0.049598119603974984,0.04717346966494285,0.052551853849479524,0.047673590721373456,0.0503499630875871,0.04738825326763969,0.05128764379814001,0.050171079214936944,0.05289142059724355,0.0
2025-04-28,0.05048093991258309,0.04905532853057635,0.048735319641068156,0.05120371183134293,0.050258805094477485,0.05203807568787411,0.04965948707315729,0.049837323603450064,0.05040144379190845,0.052133792042210296,0.047606890647687264,0.04988408764966491,0.047295528794287806,0.052556817272499626,0.047491134018619346,0.05030620123780737,0.047165191041007436,0.050937918393173756,0.05001955873472059,0.052932445001883724,0.0
2025-04-29,0.05018643611223323,0.049448132384087864,0.04886087660667695,0.0510124601491537,0.050458866730570345,0.051990980034056285,0.04937009592232321,0.05040182595111941,0.05061726141250923,0.052052212532167366,0.047781281833364934,0.049332523831834944,0.04707276685846238,0.052521804705538945,0.04710951662758025,0.05043057260097773,0.04709420878035325,0.05118145529307443,0.04999408908471127,0.05308263254920449,0.0
2025-04-30,0.04967682894591408,0.05006694739749482,0.048565150223660564,0.05074868759860285,0.0504587742257797,0.05216393143339932,0.04966910014880186,0.050689911314588644,0.05102252062253695,0.05238694141451183,0.047887185113525105,0.049655160677820546,0.046856494860101364,0.05242732782717797,0.046676555717418196,0.050322886164154604,0.046878467806194465,0.051024593669199106,0.049726255805118386,0.053096279033999653,0.0
2025-05-01,0.049999999999999996,0.049999999999999996,0.049999999999999996,0.049999999999999996,0.049999999999999996,0.049999999999999996,0.049999999999999996,0.049999999999999996,0.049999999999999996,0.049999999999999996,0.049999999999999996,0.049999999999999996,0.049999999999999996,0.049999999999999996,0.049999999999999996,0.049999999999999996,0.049999999999999996,0.049999999999999996,0.049999999999999996,0.049999999999999996,0.0
2025-05-02,0.05005033722370319,0.04956165976281588,0.05007138984631119,0.04974967040991289,0.049986590557175116,0.0499906705649711,0.05012625153020388,0.04985783015749716,0.05061541211911274,0.04956940068423314,0.04968132842250039,0.05030936413599106,0.050502724902514104,0.04960710264104614,0.05039448718992671,0.04939384483997406,0.04939321542608095,0.05048786561330462,0.05040832329567103,0.05024253067705471,0.0
2025-05-05,0.04951191525284176,0.049537365901073965,0.049526798279454214,0.04950282562662673,0.05017560067246888,0.0499141435753068,0.05021813891118678,0.049664727055200523,0.05066621773603127,0.04951295977071004,0.050139917893318314,0.05060953740391972,0.05078001687873949,0.0500087536721179,0.04990076939068775,0.04999265386931532,0.048992092626699985,0.049876595636238544,0.05082908095496504,0.05063988889309694,0.0
2025-05-06,0.049051955082492514,0.04948374385059716,0.04949758469185273,0.048700264129167184,0.05039497045552295,0.050415279936685375,0.05045353934627948,0.04974376713638301,0.05136605381176529,0.04889917226349184,0.04979318128545699,0.051214244178316055,0.05106495632332866,0.04959077117993123,0.04991173088615345,0.04952332710200276,0.04958942600826791,0.04986929657946335,0.051033022474585465,0.050403713278256525,0.0
2025-05-07,0.049108014520474225,0.0491876168872596,0.04972898577974128,0.04822383584572918,0.050545291387480956,0.050090522044415116,0.0500217736226078,0.05023043426146767,0.051627447712013864,0.04958125642039574,0.050021168798969985,0.0512713104496168,0.050791852617419996,0.04966734926206773,0.05015446742311509,0.0501367968430803,0.04949168891295861,0.04988396338415215,0.050426954942130967,0.049809268884903016,0.0
2025-05-08,0.04895560786255519,0.04974735308494224,0.04994070335760963,0.048886986019960804,0.05076996939839101,0.04974700771775604,0.04947109896308428,0.05082850535586002,0.05147602964096589,0.04987391339867924,0.05002065383734972,0.05111394380375971,0.05100086076538822,0.04951296913023093,0.050300667264401536,0.050039747194025215,0.049126711946732654,0.04929688088871732,0.05045669237022523,0.049433697999365006,0.0
2025-05-09,0.04913629567589979,0.05057525291689826,0.05002774783541787,0.048706582619332764,0.050772378614408684,0.04932920423964382,0.04977707157724545,0.04999997236759533,0.051097191743967915,0.0492190828485217,0.04990399950348281,0.05097683131800263,0.05080734158462082,0.049824864823940045,0.05026876556708259,0.050513471219313856,0.04916306334459792,0.04945481025011689,0.050806935234108355,0.0496391367158024,0.0
2025-05-12,0.04870423795408966,0.0507274232837812,0.04932192196336428,0.04933703876526015,0.051174035187165866,0.04898868278194404,0.04962522310151306,0.05083641219247296,0.05079275317908955,0.04918092484714886,0.05003716849983165,0.05059169393926851,0.050840449501538654,0.04968986130497146,0.0500431761118336,0.050864042509841015,0.049409969411825815,0.04919964115079734,0.051265254883504176,0.04937008943075821,0.0
2025-05-13,0.04879114608761847,0.05056043768205327,0.04960435173559618,0.049317654147127465,0.051235831055686444,0.049259004404605525,0.04943408945763797,0.05082136211889012,0.05028822276717511,0.04892515900560885,0.050355505231424624,0.05071526430393828,0.05089617918100218,0.04917997507400696,0.050148056364586586,0.05104316980787884,0.04947284918007044,0.049621407182656764,0.051027211029406536,0.0493031241830295,0.0
2025-05-14,0.04840025092284363,0.050116053230361404,0.049760070745375605,0.049313581063137914,0.05082421299369569,0.04971322125350449,0.04921916547273847,0.051157831287785324,0.05027037004678129,0.04867954232127701,0.05058910159305361,0.05033815187916001,0.05072063343870895,0.049533216974582,0.05027892970478049,0.051073285788727975,0.04922716039851109,0.04998292607837496,0.05150582347864882,0.04929647132795124,0.0
2025-05-15,0.04901427097556253,0.050717964816559644,0.04939729539037626,0.04885115895584536,0.05137854528457015,0.04974483967733584,0.049591403909862636,0.05059217277726729,0.04987894912259817,0.04908988676673603,0.05069347958662954,0.05067875647255675,0.050417159738610696,0.04930328485198698,0.04966851488855912,0.05070404300273143,0.04910691066141898,0.0501182831434343,0.051676469747155826,0.049376610230202365,0.0
2025-05-16,0.04845762831418652,0.05077614055102099,0.04915614580645486,0.048882775627393335,0.051849471688123,0.049947677561880975,0.0497254173170805,0.05053964103911721,0.0503595129485382,0.04946715924846295,0.05129816145814417,0.05063087609511083,0.050575700073912905,0.04938679868340785,0.0496224327294003,0.05067081096283374,0.04902274419941974,0.04927776366325471,0.050776904301309295,0.04957623773094791,0.0
2025-05-19,0.048073992814445354,0.05065882998657386,0.049221094004625036,0.04951397556663192,0.05200273955834866,0.04992941278727836,0.049794393465437334,0.05081508204509074,0.050383701936839755,0.04954571501523747,0.0506837890450498,0.049993063417795094,0.05051334541565222,0.04981137904398284,0.049627140013155595,0.050544791815984126,0.04911493858034811,0.049072262343725456,0.050726901182750264,0.0499734519610482,0.0
2025-05-20,0.048275781586007066,0.050894208171055146,0.0495185681976034,0.050119018131922786,0.05217102353999947,0.04957367264525317,0.04944744721849353,0.0504591910563524,0.05047210720552289,0.04938453602912786,0.05035111867714802,0.05057956322511952,0.05062542627551247,0.04961832739346708,0.04930785784233157,0.050572203420462945,0.049192592768149454,0.04891569453102107,0.05049104064289633,0.050030621442553797,0.0
2025-05-21,0.04893583420110719,0.0507862273989885,0.04944748464833294,0.05031523540457271,0.05288227517519992,0.0504442178932203,0.04971992240742732,0.04953651887897109,0.05015964000814964,0.04926327877475889,0.05028715065345949,0.04948159562326578,0.05095970355347633,0.04968100843980875,0.04932171284300255,0.05023699609760979,0.04897381673039492,0.04942864670445604,0.05037455262007188,0.04976418194372597,0.0
2025-05-22,0.04901090099343665,0.050804741032100045,0.0496988703091677,0.04988027513883573,0.05224689815948748,0.05089333003305911,0.049344203484770525,0.0496195559346947,0.04985844433609589,0.04924596935452373,0.05075045513506146,0.049420961564507,0.05138950115044371,0.04949941055980733,0.049457906605481584,0.050103984969425065,0.04876812518217211,0.04945735435153787,0.05070999908452424,0.049839112620868126,0.0
2025-05-23,0.04930749844646771,0.05039917325142024,0.04918028772956188,0.049651503011726945,0.052811128245082925,0.05112707688389754,0.04922101340214302,0.049707085588318795,0.049188989312794966,0.049192443690374836,0.05119254249929293,0.04960628114810082,0.05173660524075369,0.049649512245223314,0.049276011174175204,0.04918496818475055,0.04878059416818187,0.049671518237244854,0.05092269125991249,0.05019307628057556,0.0
2025-05-27,0.049390681949331126,0.050865058893651165,0.048894927121739665,0.049430015813453146,0.05271598917753255,0.05089781600485964,0.0488231255845266,0.05029098764045501,0.04982813568337253,0.049267314477351776,0.0506517831472433,0.048875571141806365,0.0520119236539139,0.04970310321135002,0.04943415270459976,0.0491574900146626,0.04936764300982124,0.050106209783123336,0.05081576966128509,0.04947230132592121,0.0
2025-05-28,0.049080632945239205,0.05087308802428097,0.04823375423431058,0.04991482297999185,0.053165698527212535,0.0508630333086902,0.048813067490021345,0.05027944174389457,0.049379242932911536,0.04950290809098135,0.05054241546546794,0.04906943651083195,0.0518763841616089,0.050066476259425785,0.0491365513178854,0.04924423684364228,0.049350298925255366,0.050720937199543556,0.0506208347870874,0.04926673825171725,0.0
2025-05-29,0.04892416844210593,0.051301798016037015,0.047941619167648025,0.050501733694164254,0.05322484489697379,0.050628412452293325,0.04919198453705613,0.05026203188890657,0.04892556354065259,0.04898127424518808,0.050084484988233,0.048850913621100264,0.05176336988400859,0.04986081787645465,0.04872152063229673,0.048986042566521795,0.050513523752823905,0.05125555443741953,0.05079042181206427,0.04928991954805159,0.0
2025-05-30,0.04847855967329822,0.05119437735839037,0.04840987344981314,0.050535129651122494,0.052728608935002495,0.05062735217841181,0.04923502923044903,0.05047028831646518,0.04937120657997415,0.0486893689799921,0.050035461256641524,0.04873256214969049,0.051890495980464614,0.05026688856988435,0.048895640116406534,0.04886001133759876,0.0503838887625061,0.05141404796467753,0.050689985115119456,0.0490912243940918,0.0
2025-06-02,0.05,0.05,0.05,0.05,0.05,0.05,0.05,0.05,0.05,0.05,0.05,0.05,0.05,0.05,0.05,0.05,0.05,0.05,0.05,0.05,0.0
2025-06-03,0.05007511050386052,0.04951189598132078,0.050016782004937255,0.050475332847947856,0.05029144722809077,0.04981589088843569,0.049973009351337846,0.049687612036525476,0.0499770537455944,0.05048113727846865,0.05027536965850627,0.049984724640284,0.05009207284882318,0.05002444274908016,0.04952187274259453,0.05028833460678005,0.05005747795868553,0.05008669148797784,0.04964658475727758,0.0497171566834718,0.0
2025-06-04,0.04967378043968277,0.04976692591650175,0.04978544398788161,0.05012182934137413,0.05020941720348474,0.049301265403683396,0.0500011513125329,0.050007729094303816,0.050087894194568404,0.050771365035798925,0.05036147070095477,0.04985414179109834,0.049798327771191364,0.04974000375805673,0.04984387449048743,0.050651046184930666,0.050415923046803035,0.05006705762729498,0.04950646843336424,0.05003488426600623,0.0
2025-06-05,0.04973205308379615,0.04940886949882953,0.0496552422316061,0.050086693365038217,0.049937574322550395,0.04998461370141876,0.049971085931407755,0.04977189670508661,0.05036906455605974,0.05071608194323767,0.05015806459116703,0.049741621257712955,0.050417903438180915,0.04967277824200951,0.04978630805455836,0.05070544146615577,0.05052995781838186,0.05028926755010537,0.04906582514098065,0.04999965710171671,0.0
2025-06-06,0.04934488852592918,0.04930550644892646,0.0498841001808457,0.050313912110532655,0.04978368313683244,0.050132694239254615,0.050098125807773224,0.04984254761187464,0.05046987614698797,0.05092467759790453,0.050190069175558474,0.05042331325843057,0.05055183240340261,0.04969424947887313,0.04908183859204635,0.050761164562519716,0.05066524448416884,0.05015549757051119,0.048940198975219174,0.04943657969240856,0.0
2025-06-09,0.04940862554161925,0.049267139698960245,0.04929849334842502,0.04997015423356461,0.0499686589688451,0.050253737593834426,0.04969362888194991,0.050037705360483443,0.049884270948083086,0.05084845080800812,0.05039098809724564,0.050526689905292674,0.05055747493472808,0.050272483137775506,0.04854969112947915,0.05084764609915141,0.05049062843099832,0.05043367322392511,0.04964870963885953,0.049651150018771274,0.0
2025-06-10,0.04914264901389635,0.04921154958576839,0.049004283608400166,0.04964982932636452,0.05048027961180395,0.05000644587347803,0.04963246633588181,0.05023394568167291,0.05004095159539877,0.05113019942975794,0.05111668567741183,0.05011543413050645,0.05028745733528888,0.050137060643465875,0.048659868624449674,0.05138576063635688,0.05029055524612977,0.05035048095881016,0.04929562234974951,0.049828474335408365,0.0
2025-06-11,0.049724399858337556,0.04872501195327161,0.04959406788925703,0.049502833640312924,0.04982801508766629,0.04956233700939567,0.04912474111379078,0.05044705768192537,0.05028957721683586,0.05138830837063427,0.05079718387178022,0.050045905757690794,0.05106049495007455,0.0507222488264824,0.04820668375752078,0.05166945036438463,0.04957526010984405,0.05058788923420036,0.04923235144761448,0.049916181858980314,0.0
2025-06-12,0.04981885068533042,0.048627923630912506,0.04921158978002249,0.049976626320532284,0.05078893117237229,0.049514892193622095,0.04930490803350983,0.05004566334560962,0.05068436111691056,0.05183039946212004,0.05134473197960638,0.04960923474598167,0.05059231486914225,0.05074302663951694,0.04797943225577737,0.05174471530866875,0.04985569999661442,0.05014428810164146,0.048929249375873285,0.04925316098623537,0.0
2025-06-13,0.05029251391989624,0.04893967479109179,0.04899289203826155,0.0506901756262307,0.05090337141624559,0.04944304867026044,0.04896320278283946,0.04942882798447669,0.05028095507882673,0.05137916558385242,0.05147497306452478,0.04949244841031752,0.05038384284197084,0.05080103744500258,0.04799138801359783,0.05217743976798084,0.04976376075354044,0.050089015749666135,0.04890639518603918,0.0496058708753782,0.0
2025-06-16,0.04996106821065241,0.048747093348709865,0.04893509492159631,0.0506666193995073,0.05104644699854537,0.0496270133916382,0.04930666496901507,0.049300546376405054,0.0499588934627294,0.05102228297111854,0.05170660608486219,0.04998949478346144,0.05062238676628886,0.050609690370990376,0.048081628607136016,0.05212868269090513,0.05010190534495522,0.05018267437225383,0.04881924578167831,0.04918596114755113,0.0
2025-06-17,0.04999976870203594,0.04868840944913671,0.049051245865241934,0.05059010464039982,0.050908935990674094,0.04996256483685546,0.048476100930896285,0.04965653484783632,0.050115813395236325,0.05114030764901145,0.0517936508372984,0.04994987841687228,0.05072703648121217,0.05053580202621015,0.048162406828017465,0.05183509902894992,0.04993293627948285,0.05013726336633768,0.04925670654436333,0.049079433883931343,0.0
2025-06-18,0.04966348139545378,0.048754740121122145,0.04884488045221171,0.05038626916752121,0.05091854560427114,0.05024359483815448,0.04906058332051733,0.04982508961758411,0.04979171083750062,0.05132974745502016,0.05231913532206932,0.04948817660149177,0.050530927985863734,0.05086462511316226,0.04870704226183318,0.05201451844061264,0.04992471286940322,0.04931573057898471,0.04912588749963549,0.048890600517586806,0.0
2025-06-20,0.04957077922533886,0.048761592404441605,0.0489209090707142,0.05043825111714031,0.05103885680953456,0.05064129971605757,0.04854943044064904,0.04996003398818886,0.04902499912506102,0.05224181385842603,0.052492832886720485,0.049687438040885774,0.050389188288396586,0.050657169870228926,0.04847942936859708,0.05212937197388043,0.050410789426770596,0.0489413501317814,0.04921511877075797,0.048449345486428604,0.0
2025-06-23,0.04954973152321827,0.048480900887863825,0.049195473238330165,0.05031600030138332,0.05073847623952711,0.051345681927203915,0.048212887666915095,0.050027246166045036,0.04916046991204768,0.05165934838149236,0.05232971059923645,0.04962135757454493,0.05035772819135956,0.05106513459166542,0.048580182149811635,0.05212297460822275,0.05094834754260792,0.04912565549266855,0.04864374417887504,0.048518948826980976,0.0
2025-06-24,0.04917358663688857,0.04834439468712702,0.0497376646236534,0.050153179212075,0.050325256059506863,0.05135267494902541,0.04818913544124695,0.05000608052425551,0.04933916459190796,0.051515063023552875,0.05235867900422548,0.0496870768509262,0.050264238506241475,0.051443814004987085,0.04860791831903272,0.05218562635883901,0.051114562164823324,0.04951152668256838,0.04822767691881015,0.04846268144030666,0.0
2025-06-25,0.04872597005091218,0.04865846853894981,0.0496673985862673,0.05027334222851645,0.05071987971491124,0.05172441126977472,0.04837449991425003,0.04962905260716194,0.04926852541378046,0.05145986041576521,0.05274788485453264,0.049576136991914606,0.050789349682134964,0.051202044506223905,0.048827054686208585,0.05149062444064499,0.050412681633159394,0.049404407877899584,0.04857219907263608,0.04847620751435574,0.0
2025-06-26,0.048274076341454975,0.04833017780709246,0.049682155675684875,0.05016063395720836,0.050200379877759556,0.05193285400971877,0.04830718879838966,0.04992817268409667,0.049485722724464616,0.05157534177135383,0.05277883006625912,0.05010491621794637,0.051033453642063895,0.05166341765493648,0.049213659123502076,0.051326578024455116,0.049993135535857526,0.04926483274471692,0.04831067885174699,0.048433794491291836,0.0
2025-06-27,0.047481109555015465,0.048195719220770296,0.050199967246915334,0.05008547225916693,0.05034494887535553,0.051238327272153605,0.0485977534032713,0.05021243826792763,0.04961529099268278,0.052186579313769306,0.052009214555294565,0.04977900813986524,0.05138673523188826,0.052029992382398874,0.049056383310178045,0.05100411152310053,0.05022738101596865,0.04961576306061321,0.04855933936491748,0.04817446500874688,0.0
2025-06-30,0.04721125027548359,0.04781159557305586,0.05009362797702246,0.0501074283835592,0.05030152576420212,0.051271930554830904,0.048410296561186436,0.05017451266307961,0.04970538196350338,0.0525989440585188,0.05205779604477091,0.04945801208896267,0.05131938316064977,0.05243853600194061,0.04936649667489939,0.05081515329085352,0.05006828496682224,0.04970599450647862,0.048327969199761234,0.048755880290418746,0.0
2025-07-01,0.05,0.05,0.05,0.05,0.05,0.05,0.05,0.05,0.05,0.05,0.05,0.05,0.05,0.05,0.05,0.05,0.05,0.05,0.05,0.05,0.0
2025-07-02,0.049483853920768546,0.05001747640712093,0.0501388614424395,0.049893794639461725,0.05074885022091546,0.050132195097295454,0.049943173126808224,0.04944202871299245,0.05052819565211194,0.05059360661968208,0.05003428081227608,0.049340342955262156,0.049499340102932624,0.050007892863821846,0.05002267088253439,0.049727781591115336,0.050123690050962275,0.04994542641153605,0.050657781574507066,0.049718756915455735,0.0
2025-07-03,0.04899923585244683,0.04970863698228521,0.05050413891873231,0.05014782836940113,0.050398509861235154,0.04984338040543265,0.04974360031215445,0.04949265268603399,0.050175937024405676,0.05111409484733441,0.04984934805965893,0.0492695172944238,0.04955074536312653,0.049953986137340575,0.050186154441574725,0.05029881333711623,0.0502016730667848,0.049791979542632876,0.05090963966322611,0.04986012783465368,0.0
2025-07-07,0.049568778170589,0.04969246857336419,0.05058319993783443,0.04947433071658876,0.049948763149490795,0.05000717935106643,0.049018340826143356,0.049398085147296655,0.05039990068644771,0.05115888430556816,0.05026470559338219,0.04949899004821693,0.04954358439976112,0.05063996628841996,0.050481597161698664,0.05040961582466249,0.04977994368619861,0.05003136150806831,0.05016093888174612,0.049939365743456116,0.0
2025-07-08,0.04932491523972246,0.0492510653833788,0.05052504355042918,0.04999527309716903,0.04985993672105745,0.05032641596466928,0.04898676642018746,0.04980947007816768,0.04996021648841046,0.05055638888920468,0.049407470407511776,0.0487165827145709,0.050150819262748815,0.0506125154628567,0.050658941812456636,0.050106001633006124,0.05011228061011336,0.05024288075147481,0.05126646677897658,0.050130548733887774,0.0
2025-07-09,0.04952253056115647,0.04897651011824343,0.050095111807452186,0.05012997013654364,0.049675422954241724,0.050842196758121405,0.04903193655053986,0.049825932767893634,0.04976606541732824,0.050589914044612196,0.04952606251022947,0.04882340837169098,0.05079037982784828,0.05063474003866253,0.0507793091915827,0.049576132639475114,0.05001335839421476,0.05021606690085802,0.05097882145954472,0.050206129549760684,0.0
2025-07-10,0.04970461006349734,0.0484386231291293,0.05003455650122422,0.05030299337072426,0.04963780173638717,0.05137545030575285,0.049361223039855344,0.05008776296085617,0.05014113506488699,0.0507146868350868,0.04952363912986613,0.04827501070713471,0.050658132290191143,0.05018886257836495,0.05071045100735553,0.04933470375272249,0.05017895067964707,0.04978218059863182,0.051601310479775224,0.04994791576891061,0.0
2025-07-11,0.0500525647851871,0.0481933782416308,0.05058399091385189,0.050677086949884674,0.04980968690072167,0.050896989113313314,0.04903583996005036,0.05007023021332668,0.04983723366411518,0.051187884002591916,0.05036515554502198,0.047768571856680216,0.05048986890663515,0.049967990207831534,0.05102521383553879,0.04933858729522388,0.05022579250820418,0.04932093372045855,0.05156342780187582,0.04958957357785635,0.0
2025-07-14,0.04969901998938462,0.04883219161549499,0.050329555194561615,0.05061028813072132,0.05007535380998111,0.050653590490722475,0.04899495766713542,0.04944672017006667,0.049935574877699326,0.05073669923864756,0.05054526374369145,0.04758498175329276,0.05039423486796456,0.04991055639310337,0.05200106583281728,0.04929900430362637,0.051091251176214096,0.04896728635920843,0.051305996848261905,0.049586407537404543,0.0
2025-07-15,0.04951787595612243,0.0484818581894504,0.05014127019386217,0.05018271584875304,0.0499305640575316,0.05159380609601802,0.04931047999440825,0.049268415667908516,0.05066360944599296,0.05035986713384349,0.050601480982734294,0.04742748847675315,0.05018803079964094,0.04993649281781695,0.052208402558013955,0.05008053462422164,0.05150827285474128,0.048650366666561924,0.05103962439750061,0.04890884323812453,0.0
2025-07-16,0.04893962733631105,0.048631529845007355,0.049992857545686095,0.0498049868385706,0.04967148272976175,0.05195163491599043,0.049402306654070124,0.04932647624556815,0.05102073838078075,0.05074070442818597,0.0506353974789911,0.04718014755553842,0.05063999176919936,0.0494220355332776,0.052338265265483,0.0494829553297323,0.05227489613412097,0.04874899496843275,0.05079244676699335,0.04900252427829891,0.0
2025-07-17,0.04977071585464665,0.048338545434959176,0.049740233109985404,0.049710611889280054,0.049887357265887285,0.05202487460410371,0.04958445670275454,0.04937056731394442,0.05074880698668858,0.05126647668092313,0.05066063989908693,0.04753851232286839,0.05077897914936174,0.0491833193978912,0.0518275575129638,0.049492573941234755,0.052871898507935534,0.04817195093633863,0.05058901540481024,0.048442907084335955,0.0
2025-07-18,0.04924652140359886,0.04862915405849174,0.049860451315569626,0.049988395751707174,0.04988186700879884,0.052071692889002694,0.04977590316259084,0.04946145411422057,0.05058127584715331,0.05145616565562022,0.0513224139744436,0.04759811211261366,0.0509980791153789,0.048573341900727166,0.05155498381299722,0.049480783762741405,0.052857682218603194,0.047662732643904096,0.050644390797299314,0.04835459845453749,0.0
2025-07-21,0.04889553509288171,0.04829004053584274,0.050030181624788214,0.049795961914339784,0.049720895885090814,0.05206501114364018,0.0499504663792991,0.0492980541160439,0.050534326804535706,0.051887607142098655,0.05093350239703477,0.047446750020900735,0.051304190865782556,0.049067538064488554,0.051451072854617426,0.04940724356905196,0.05267279991478687,0.0478028509636775,0.050829214264171724,0.04861675644692724,0.0
2025-07-22,0.048531678876087433,0.04829467842247686,0.05017244178746016,0.04999842098703644,0.050225714133962415,0.05135297319980227,0.05057653154820889,0.04917789005215962,0.05098812515998299,0.05204328165711579,0.050687234834792205,0.04700448360325506,0.050939043006833086,0.04909526024652835,0.051768755047549804,0.048729606942747195,0.05224597073613103,0.04831780414887971,0.05132414558674531,0.04852596002224565,0.0
2025-07-23,0.048117549503459055,0.04840871645436234,0.04992769285930082,0.0492654976817604,0.05028280923749204,0.05117629482398396,0.050709715598846405,0.04888628902843184,0.05073049318214872,0.05249923608441239,0.051056856929042556,0.04717207308049692,0.050786448735170846,0.04930009447012146,0.051530795533954815,0.04881190957365799,0.052447719757206905,0.04878382164001533,0.051503635379238605,0.04860235044689657,0.0
2025-07-24,0.048578434999814,0.04920483737548623,0.04935163580973105,0.04913435770003582,0.05067215471938959,0.05113871328793479,0.050351266209067116,0.04820154240497636,0.050353739608429614,0.05255568545620316,0.05115192310172473,0.04785852881083436,0.050975211386592355,0.04892430627165126,0.05176667581930824,0.048876521952440834,0.052459506235038825,0.04815374857128964,0.05153448550609986,0.04875672477395188,0.0
2025-07-25,0.049284596197897435,0.04930251795369606,0.04932239253909452,0.04941660097640101,0.05098441997700938,0.05075802625977528,0.05045417520102211,0.04804845632506578,0.05048294774981013,0.05260462755442325,0.05092613574695967,0.04750659878350541,0.05057322640143436,0.04920334033822346,0.051684265998952705,0.04900068674735697,0.0523162079815219,0.04816883912246668,0.051148417575753995,0.04881352056962973,0.0
2025-07-28,0.04919583846932002,0.04917348019525847,0.04922319789592407,0.04943255211323164,0.051519079018797306,0.05062792648501712,0.05033138788734589,0.047871710333796266,0.04996801453337055,0.05223643181609258,0.050978206555505355,0.04738469521964569,0.0501118984274601,0.04979316803355914,0.051890347242210894,0.04923986703536741,0.052093186078433655,0.04856258035247623,0.05112597258855746,0.04924045971863022,0.0
2025-07-29,0.04867050470129738,0.049335283611846595,0.0497805709419646,0.04907384631824153,0.051690792696035666,0.051455256439563016,0.05021829728627718,0.04816086985575241,0.049576906512876544,0.05242180821230736,0.05122721814145917,0.046964419054722824,0.04965980059520095,0.049742626709094316,0.05173543529229245,0.04958476343703309,0.05214701217223225,0.04832312620654932,0.05087072311260169,0.049360738702651806,0.0
2025-07-30,0.047981203473837934,0.050150749640018005,0.05051481370498864,0.0489227869331997,0.051769629285343684,0.05144312511403449,0.05042552058684677,0.04749734860335357,0.049623146666736034,0.05204144855280183,0.05147989863062621,0.047426394549139855,0.05010306535824632,0.04965152480421419,0.05159803651831482,0.04894885129739783,0.05208708044784962,0.0483167434313961,0.05045849002420735,0.04956014237744705,0.0
2025-07-31,0.047948034530288224,0.049630924453622015,0.05126811140516293,0.04793802020590678,0.05179892907996567,0.051595139023777804,0.05018742607103488,0.047641980457390876,0.04966170265462821,0.052356161782863404,0.05127578594764574,0.04778140990760562,0.050022961761754886,0.04989327676162205,0.05129949845946553,0.048918135913937844,0.0519643638153236,0.048478203877217456,0.051408314711273245,0.04893161917951347,0.0
2025-08-01,0.05,0.05,0.05,0.05,0.05,0.05,0.05,0.05,0.05,0.05,0.05,0.05,0.05,0.05,0.05,0.05,0.05,0.05,0.05,0.05,0.0
2025-08-04,0.049727518171749724,0.04987238625010313,0.05015424605575238,0.050324799542437966,0.04919768527464047,0.05016126938930748,0.05012155256097999,0.049891281785962874,0.05007886521208975,0.05008454525766909,0.04993779211845655,0.04974578473705741,0.04959424535172061,0.05025945954977221,0.04992838133153464,0.05032579623557036,0.04992798004615703,0.05008703954687549,0.05004435585711259,0.05053501572505035,0.0
2025-08-05,0.0498292877478464,0.04975165671669322,0.05048484383193911,0.050144693607958424,0.04946960388312515,0.05001871362631073,0.049954082996098936,0.04991514772000203,0.050297823415849305,0.049775568261398305,0.05012701222825078,0.0494420105899605,0.04975057946824487,0.05051793465372602,0.04957689343610336,0.049839042481254224,0.04945459488049655,0.05036579203273704,0.050495639401824374,0.050789079020180615,0.0
2025-08-06,0.04996212634563817,0.049630163547603585,0.05074808730418575,0.049975869295583245,0.04954916893560871,0.05045102492099699,0.050289933034562,0.05005913387858498,0.050058621130846526,0.04959434272173121,0.05000871034213622,0.04933634611443699,0.04965113960167786,0.05085424594292535,0.04964926100200635,0.04986453054518349,0.04917594769482622,0.05043661605962293,0.049575521943685766,0.051129209638157744,0.0
2025-08-07,0.05003189364035467,0.04913603764949676,0.05057910243780364,0.049120041610445524,0.04979203711883317,0.05056387857422453,0.049900830183695746,0.05019239872382419,0.05059566784472339,0.04967912679531211,0.04954428102511979,0.04964506470541144,0.04976311699039413,0.05056491013503317,0.050792399981428926,0.04945741160985047,0.04931649805671947,0.05017316729454713,0.05030727846544832,0.05084485715733347,0.0
2025-08-08,0.049953610372090056,0.04965370781343489,0.051067574651325054,0.048588898115394415,0.04978387568261216,0.05013936645076748,0.04958636629287529,0.05008124550794333,0.05074989105468625,0.04997549195475824,0.04981127641309242,0.04969229026116557,0.04962862905376687,0.05092260999023023,0.050753892331039205,0.04933987350757399,0.04933244626017981,0.05004873133372811,0.05003648088393316,0.05085374206940344,0.0
2025-08-11,0.049523531734621574,0.04911507642687978,0.05102034787809344,0.048946995807220076,0.0499684560409651,0.05005524700573984,0.05019938100913719,0.049682658199238,0.050347198462693935,0.05031026552594056,0.04995559685967884,0.05009233740902097,0.04975707795976255,0.050714214503667546,0.05129217493850701,0.049982044554126366,0.04861844752373671,0.04973036348993108,0.04968184529367872,0.05100673937736065,0.0
2025-08-12,0.04983537453311027,0.049127056550707364,0.05114986793622563,0.049238603097290404,0.049569488423940995,0.05007727466545622,0.0497449877009379,0.04999094987306022,0.05100025955486314,0.04998854048577329,0.0505318349341684,0.049922520015329624,0.04965556656489252,0.04990790506631067,0.05044966320058853,0.05039901075586751,0.048935793774541284,0.04965183018765259,0.04957498062474244,0.051248492054540934,0.0
2025-08-13,0.0500329191648245,0.049684402504159286,0.05078617796634273,0.04897305293230894,0.04934753712898171,0.05019326305373289,0.04992823428660561,0.04950329602287513,0.05100721696300132,0.04964621262085778,0.050252527941812786,0.04929123361661506,0.04981946999729991,0.04993622455006597,0.05054766529622149,0.050047098841511824,0.049108116653962114,0.05004343370219065,0.05011562504606172,0.05173629171056858,0.0
2025-08-14,0.05030902514546337,0.04964148059518863,0.05098048150543827,0.048726443784761944,0.048466199826507565,0.05033805205161225,0.050537890462789836,0.049757172663899146,0.05103724617126291,0.04927729410303259,0.050195079388886746,0.05015130124453092,0.049692834378537575,0.04971136754240552,0.0508499437738031,0.0497482576046543,0.04871370549842196,0.04974199154337196,0.050829554616108844,0.051294678099322595,0.0
2025-08-15,0.05059920148516721,0.04930223538806031,0.05089312813929289,0.04872319716106374,0.048426667080341185,0.05057270320413882,0.050534732218897274,0.049625357176499,0.05086751558098153,0.04891028155019691,0.05011980025961738,0.05023502106962491,0.049709133042311976,0.049803718521549224,0.05086275345993677,0.04975556708324578,0.048488512443586616,0.050128045870940045,0.051430239313202786,0.05101218995134557,0.0
2025-08-18,0.05013302973145531,0.04887334028596249,0.051099114121974036,0.04835158300326747,0.04820150442556105,0.05079583224119749,0.051052557592023415,0.04966516609159865,0.05113038159531917,0.0494871149432931,0.05001933586653695,0.050549127787693736,0.04984543752897447,0.05013594523505537,0.05067270269212117,0.0497019567887514,0.04858267054857296,0.04981893787442273,0.05129616383759859,0.050588097808620475,0.0
2025-08-19,0.04978489768997125,0.0489447981811363,0.05133973462941526,0.04782345831580233,0.048045401423583066,0.051071831482163044,0.05144169822680969,0.04963529550935078,0.05111536282322828,0.0501019024712305,0.04963470301173574,0.05042630727987499,0.049826142230715645,0.050357225512909845,0.05081880085701658,0.04996310037393121,0.04798267379735514,0.05004244571253016,0.050809596340448605,0.05083462413079151,0.0
2025-08-20,0.049533996544524415,0.04869761980254078,0.05141819804172895,0.047782458449886676,0.0481706274114645,0.05111574993638135,0.051452439291622326,0.050146284156916986,0.050977740774223325,0.04976469160018331,0.049276384194026294,0.049957496927648795,0.049797261187195595,0.05107969933579816,0.051183091181334996,0.04970470552957496,0.04813663375757123,0.05034877506049069,0.050675114561906286,0.05078103225498025,0.0
2025-08-21,0.04914471388889287,0.048748270648052934,0.05138065575073409,0.04795599047214644,0.04800639811736252,0.05031921454355653,0.051384044999318784,0.050213928734000754,0.05089942916203482,0.05034481953351456,0.04935033265700387,0.049991667247071145,0.0498424710838945,0.05086968946527675,0.051936142429924025,0.04955603320297629,0.04845207857823608,0.05048765335597042,0.0504258365426833,0.050690629587349434,0.0
2025-08-22,0.0495559676021245,0.04841355500610106,0.051821997756280186,0.04830194690795336,0.04766604707428838,0.05074834426046505,0.050770671706042984,0.050252122720006044,0.05087335082718939,0.05095290614507148,0.049325815203514596,0.0494399836377913,0.05017240249389386,0.05030974578028814,0.05248457670270168,0.04943121037210521,0.048903849211405524,0.04998192673395733,0.04999291035924373,0.050600669499575986,0.0
2025-08-25,0.04963096706286948,0.04864224662091558,0.051702184934969406,0.04855100068111556,0.04846512355084485,0.05087350335508708,0.050610852514117954,0.05008317763574676,0.05120519482343866,0.05032825281321632,0.0489965655067854,0.04930224535998696,0.050099243345041504,0.05036024076023111,0.052251629310253164,0.04925893498792748,0.049250874495689746,0.049981794721912325,0.050149053230364955,0.05025691428948581,0.0
2025-08-26,0.05010848426213679,0.048771100968947635,0.051263493676529825,0.04810519697081915,0.04854109860735452,0.050611486768874066,0.050786776374829284,0.050122231451744374,0.05084237027368559,0.05005282294799191,0.0495830101967737,0.04974973508617023,0.04987591275004748,0.0502579022410092,0.052260996997100344,0.049594854793186684,0.04906872050084774,0.04981186774009287,0.050242395979412706,0.05034954141244594,0.0
2025-08-27,0.050167065258119606,0.04875813007906114,0.05138482177756411,0.048048329699039674,0.04809908262033395,0.05062991998568839,0.05078802067581811,0.0508771116431541,0.05074870872861866,0.0493968010637087,0.050321774542315074,0.04982585585870951,0.04982684138282245,0.049799372870768646,0.05209638927232468,0.049618483420898474,0.04934330701845923,0.04927558590798276,0.05033744361526541,0.05065695457934739,0.0
2025-08-28,0.05017906074736706,0.04918999698264435,0.05103143637717822,0.04789951437967634,0.04781510404620447,0.050797556010764376,0.05160182316141985,0.05034645332478259,0.050718547115793856,0.04930663180460926,0.05024052701883137,0.049853885328543665,0.04999962523032123,0.049635006696922404,0.051716892323114945,0.049314616055223956,0.049377072394537425,0.0492922719383677,0.05053358998830507,0.051150389075391746,0.0
2025-08-29,0.05058630188707537,0.049021821891814574,0.05053831385118236,0.04785403587523053,0.04774076644093202,0.05119962515299921,0.0516866553363239,0.0507136143937536,0.050657025721369556,0.04929615768644918,0.049692084076239054,0.05044952634145438,0.049513349296894216,0.0493444734778116,0.05164307444638983,0.0496914186303005,0.049070001156132435,0.0488421123068575,0.050760388564836174,0.05169925346595401,0.0
2025-09-02,0.05,0.05,0.05,0.05,0.05,0.05,0.05,0.05,0.05,0.05,0.05,0.05,0.05,0.05,0.05,0.05,0.05,0.05,0.05,0.05,0.0
2025-09-03,0.05005992663903453,0.04984300619127828,0.05013573566545887,0.049803316324613336,0.05049458966277498,0.05014921496180194,0.050446264550949714,0.05057829409767824,0.049506217969421215,0.049322084082103604,0.04930142873340861,0.04936516119570904,0.04980269526534774,0.05057219787748598,0.049613079085205916,0.050035547013152125,0.0501896542659778,0.050548765136710375,0.05061356637825408,0.049619254903633704,0.0
2025-09-04,0.050564612583548114,0.04976481185973577,0.05009060223026359,0.04874531243744833,0.05045514228004291,0.050468421795222373,0.05062463820548383,0.05078832928662264,0.049690719505044036,0.04882061583461088,0.04882663116621064,0.0493026557140548,0.0497246322961952,0.05060444795875473,0.04989133710613342,0.049934213827603414,0.05071663915990089,0.05064362903406362,0.05042931311790559,0.049913294601155206,0.0
2025-09-05,0.05054964245436649,0.0496786462188653,0.04929175794034962,0.049086128721374266,0.051051511490034764,0.05030528203034572,0.05053871664403683,0.05073374961433998,0.04920540527601752,0.048855444355825055,0.04891364903191812,0.04990947114851913,0.04890938537688684,0.050455378238947815,0.04998278013111035,0.050492205419956214,0.05108372018095763,0.05050592232687669,0.050149727071468975,0.0503014763278026,0.0
2025-09-08,0.05042917531727764,0.04937549711403826,0.04914666470572772,0.04918915143294258,0.0508836474632708,0.050440014207099454,0.05049796111155134,0.05108758604368025,0.04901706577240245,0.049058860202790835,0.04842403492381361,0.04978873249342329,0.049096392391354285,0.051013182968999975,0.04974478803703486,0.0510537368432106,0.05082257250839781,0.05043681713605429,0.05005592888599973,0.05043819044093031,0.0
2025-09-09,0.050226083247836596,0.04876533935802039,0.04964199699649493,0.048767563383621815,0.051130848430873,0.05031370246574579,0.05046749234657592,0.05126516393136176,0.04864401126837828,0.04845374412909344,0.04841340667361394,0.05053368575486295,0.049124781308637504,0.051002186246818584,0.0498890407355626,0.0506051623353336,0.051038842711661946,0.05085467341325595,0.050338354083494026,0.05052392117875705,0.0
2025-09-10,0.05050370183665552,0.04860112227001047,0.04951312789892528,0.04895822204440909,0.051528235908845206,0.050736009737274115,0.05065452558847095,0.051567260920177466,0.04855853951302408,0.048044997637606016,0.0479360099387822,0.05092702382087469,0.04834047793000528,0.050590247724448596,0.04957933316838911,0.05105982941404966,0.05118695669863314,0.0507747995382627,0.050609242254850896,0.05033033615630539,0.0
2025-09-11,0.05092370191461419,0.04870912063628689,0.04944246571924264,0.048792498325221575,0.051941758056876314,0.05015456257436314,0.05058052982475176,0.05206458977746798,0.04835000919587766,0.048372911296680726,0.04794143924159984,0.05076837302153518,0.04795323387991415,0.05011002091816006,0.049375360666942064,0.051657106768248966,0.051262111597069816,0.05059655779201554,0.05047555527853885,0.050528093514592684,0.0
2025-09-12,0.050834059259947176,0.048687472434342155,0.049736222774413336,0.04858001923144892,0.052348723425724705,0.050372632386905855,0.0507321279852205,0.052025412559360405,0.04883997658385178,0.04788788636597433,0.048253373092333955,0.05031076466402157,0.04778439153816627,0.05001143204313695,0.04954516356113469,0.05182346555177368,0.05108008122993169,0.05019365667302225,0.0502911205038578,0.05066201813543192,0.0
2025-09-15,0.05129664948429426,0.04909392953962411,0.05001202172161773,0.04832236129233729,0.0522513459562036,0.050380171337683126,0.05037835438684732,0.05187364386042403,0.04892306345546356,0.047884287302232695,0.04804952179767739,0.050430740943317766,0.04719809987189382,0.049443016571241095,0.049708391306856774,0.05165699402119786,0.05170322198213217,0.04988368672980263,0.05074766682578346,0.05076283161336933,0.0
2025-09-16,0.0506068860529895,0.04978339459403385,0.05038735340878099,0.04852094795073678,0.05226759862683478,0.05073838004814068,0.05044776928515093,0.05165789431818187,0.049090836205656053,0.04745853396688289,0.04805978112792734,0.05089706504284871,0.047535360754512694,0.049054332849044494,0.049547118567176564,0.051549994150873496,0.05149567535694697,0.050213162824653,0.05030067863182846,0.05038723623679999,0.0
2025-09-17,0.05062359498940466,0.05008580725244229,0.04943876714453172,0.04828233288747248,0.051391632732917615,0.050495756610460234,0.05103616606757313,0.05185923196594368,0.048742930720618,0.04777096425353534,0.04781800511020319,0.050367299841553005,0.04763225373791375,0.048957852801569585,0.04969164777219957,0.05220886943466812,0.052137798273113024,0.050077332409315896,0.05131114241110594,0.05007061358345881,0.0
2025-09-18,0.05060628419770574,0.050569266267154064,0.05003789467690051,0.047907369304513066,0.05131776596471013,0.05052463582034417,0.05095255075571111,0.051536158030865795,0.0489934273097926,0.047091157248588644,0.04756457936493392,0.050406864153250894,0.04785633235051151,0.049344235678777014,0.04966268772562159,0.05251215131777538,0.05161275913969522,0.05026965272857267,0.0511996672794291,0.050034560685146806,0.0
2025-09-19,0.05027899183585282,0.050772589288707315,0.05019327722348455,0.04822275450631132,0.0516410132331427,0.05047727783753574,0.051542435288921454,0.051339336920277985,0.0494901890841787,0.04692630509838892,0.04722210126591117,0.04961567296860235,0.047445340996870033,0.04972453689995048,0.049247257211396486,0.052642348436886775,0.05140418886405627,0.0504256144088785,0.05105638907788226,0.05033237955276429,0.0
2025-09-22,0.0508805148468953,0.05113993814263015,0.05082110754066741,0.04793262097411764,0.05172006128173276,0.05039059012561317,0.05135620357657209,0.05074636923933535,0.04955659501581094,0.04701244808971075,0.04725764071283465,0.04926121522821148,0.047356366893132114,0.04971790360334544,0.048954982241169044,0.0532532802204755,0.05143517273951645,0.049847286173274684,0.05094574415411423,0.0504139592008409,0.0
2025-09-23,0.050972971432341946,0.05192025785753378,0.05065827445586023,0.04799239964194981,0.051806683927797026,0.05013542485159087,0.051453011767836725,0.051043005421385616,0.04921376514513502,0.047320777485657134,0.046897086645901954,0.048802054764556714,0.04724503846655744,0.049829971074545266,0.04921495490434468,0.05299850002513976,0.05117281751644089,0.049683115263769784,0.05125199548011711,0.050387893871538275,0.0
2025-09-24,0.05087479523214712,0.052317976268708294,0.05007621793134973,0.048272444514480095,0.052476891572526246,0.05040808073703226,0.05154423463962881,0.050820674199919355,0.04909939276245726,0.04721081423238556,0.04683186320042117,0.04904199040702674,0.0472257863188426,0.04967681270341739,0.04936801556102433,0.05301493374894103,0.05095611408682581,0.04993264987794844,0.05106391327193569,0.04978639873298205,0.0
2025-09-25,0.05093829167783089,0.052635782344710516,0.05013205981456487,0.04809521387412252,0.05238978337290749,0.04980169326277316,0.051485211988555525,0.05041089370929086,0.04918941597281121,0.047027068057108413,0.04701782757337149,0.048854486061176115,0.04739422505698474,0.04986651272065608,0.04882781412081235,0.05314278718198059,0.051203688219571,0.05003552394386171,0.05124080717783286,0.05031091386907752,0.0
2025-09-26,0.05033509519016391,0.052677630985419395,0.05014719890682276,0.0480445580385031,0.0522432724389614,0.0496793290951664,0.05088359484731309,0.050130065017664725,0.04909991252490738,0.047055311751306596,0.04742375995285181,0.049361530418983786,0.04747694065279247,0.05060278235569988,0.04899409542503538,0.05318266492704313,0.05069613190042374,0.05008458837284026,0.051019153868376826,0.05086238332972391,0.0
2025-09-29,0.05007074272184288,0.05266863570550508,0.050385094314362416,0.04815426403845307,0.052076665979510946,0.04913636915328205,0.05120648759993694,0.049933710723972125,0.049985361013889035,0.04663199777703254,0.04757728545102641,0.04917886646352541,0.047754125142591475,0.050659537742620234,0.04900886000032917,0.052497002869793856,0.05109835693567217,0.050254205201924786,0.05080929284958766,0.05091313831514166,0.0
2025-09-30,0.05042226598870348,0.0525492803856703,0.05077129948247039,0.04763773245000357,0.05167141579047287,0.04942778687014754,0.052001349740705,0.04977054625836684,0.04982133358672931,0.04660428444506721,0.047558165577790745,0.04896587259707455,0.047806004363005535,0.0505005187029064,0.048360203859303515,0.05287317325430915,0.05163501552460253,0.050617334327902,0.05024163536805236,0.05076478142671672,0.0
2025-10-01,0.05,0.05,0.05,0.05,0.05,0.05,0.05,0.05,0.05,0.05,0.05,0.05,0.05,0.05,0.05,0.05,0.05,0.05,0.05,0.05,0.0
2025-10-02,0.04971397562011216,0.04975214651715988,0.04992084433038324,0.04973970858030178,0.05010696970212112,0.05016590238538826,0.05019589767395719,0.04994865982913337,0.04979439484943226,0.04985850548213751,0.050330955598564035,0.05014304473868472,0.05030196151816022,0.04991170519793437,0.05017842084421369,0.04973498823435614,0.05012000034772815,0.04980542131079597,0.049943495651982285,0.05033300158745356,0.0
2025-10-03,0.05005256761756143,0.04957537981726868,0.04998958128387279,0.049922501742004716,0.05020615926387826,0.050564275074947374,0.050020505696954126,0.04996486033653307,0.04976287246410252,0.0500916208477067,0.04991711481233886,0.05020148430899333,0.05055566846240062,0.04998940548241098,0.05054626294937464,0.049500596925233835,0.04985999891051627,0.04973452687674164,0.04913738376996302,0.050407233357197115,0.0
2025-10-06,0.05059733991679316,0.04883117072927503,0.04997438215254524,0.050188235074622126,0.05013529186271805,0.05052777859781025,0.05050097157364901,0.05019718901266375,0.05031917101353996,0.04979060860734549,0.049693504323033384,0.05060698331706847,0.05066213906995603,0.049796483198065775,0.05004061139092548,0.049494599709037336,0.04980776751115335,0.049528285455213567,0.048976222630189026,0.05033126485439552,0.0
2025-10-07,0.05061737136671179,0.04926084099014955,0.04969578273071408,0.05017228320686995,0.04995426772220648,0.05058037970507798,0.05032524238401903,0.05029523130641572,0.05019810928661839,0.04903971640686503,0.0500024537480388,0.05067575057393017,0.050971324698687835,0.04977775335766412,0.050221605741381556,0.0492940147772279,0.049747797590274,0.04941874495996551,0.048809389695271224,0.050941939751910935,0.0
2025-10-08,0.05056514224266388,0.0492919059719721,0.05016992493286249,0.04971106260653402,0.04929279424840439,0.050714947676841475,0.05053087037350609,0.04972566809123066,0.050230285063498144,0.04896472343131808,0.05023972484965778,0.05093094019060206,0.05099806321650633,0.050087280251072876,0.04966264423985792,0.04973868029334323,0.049902554174535964,0.04952777596567225,0.049213586091254806,0.05050142608866534,0.0
2025-10-09,0.050503070571861625,0.04947218593498604,0.05063697915747069,0.04969758131539933,0.049445585826725244,0.05070731085027056,0.049998014875004215,0.049354374008596436,0.04987404403395786,0.04902969806595839,0.050402294892732485,0.05116742497334241,0.05097543728483444,0.05023120678525107,0.05017305250502651,0.05016993261242264,0.04979193150467214,0.049266342829472703,0.04879262606144031,0.05031090591057479,0.0
2025-10-10,0.05016423837193035,0.04992170986682727,0.05096490105705666,0.049234663980688244,0.04942564055469914,0.05111453172502899,0.04975851923732707,0.049491642017009445,0.05024051498316757,0.04893953681669677,0.05055784530477897,0.051360454029858824,0.050921248943273774,0.04979524755689857,0.05003456180141969,0.05002420712632135,0.05028823010945355,0.04907321045111128,0.04863671347182724,0.05005238259462513,0.0
2025-10-13,0.04984577498462543,0.05006021310298417,0.050938093328112444,0.04925432707609544,0.049075045690670255,0.05189783205770853,0.04992007504371672,0.04959796514632824,0.05022277170875294,0.04891967842741395,0.05055738367373616,0.051722691728555655,0.05090825023398533,0.04977563435150699,0.04981562766550617,0.04984639932820831,0.0502341635667242,0.04899347170814232,0.048291836344795745,0.05012276483243107,0.0
2025-10-14,0.049546594134853024,0.05062846803337097,0.050243302114972056,0.04852223190330473,0.04910206616614004,0.05180814374146604,0.05029977359417027,0.04999932574846188,0.050221694803989296,0.0485981031837652,0.050115291771336876,0.051237994994701545,0.05086319623232629,0.04965652704514124,0.05000255841278923,0.04986558873001589,0.050801919921110675,0.049306670903128416,0.04859785037814283,0.050582698186813595,0.0
2025-10-15,0.0495097761576987,0.050367530667882486,0.050372919961919956,0.04816951182906726,0.049190664724531395,0.05230157809791195,0.05081484932387735,0.04963474194100462,0.049573148277549946,0.048436716456510695,0.05038612889742697,0.05125653546381743,0.05079057763277867,0.04981074265403195,0.04984359561373829,0.049731336771844215,0.051022128616841446,0.049180389605170266,0.04854447314207255,0.05106265416432393,0.0
2025-10-16,0.049182157450343836,0.05124689332720257,0.0501373805069352,0.048602189203358855,0.04983102729463701,0.05245220262069094,0.05028451301200309,0.049501130518338085,0.04956070008785764,0.048301847697443015,0.050411997324435985,0.05070581300979439,0.05046894890537386,0.049609758431657464,0.050055954536640974,0.04975333577013098,0.05106841446981528,0.04893267269479137,0.048752278555945466,0.05114078458260402,0.0
2025-10-17,0.04873489903263987,0.051736631329015494,0.050187274576873525,0.04882111310762322,0.04955407024425684,0.052674466949906865,0.04985762914169774,0.04949234961245433,0.0495153915643709,0.048201245589930844,0.05020347674855034,0.05092104143239911,0.050604565876641,0.050138382340979476,0.05010779476010176,0.04951706653254354,0.05135198015924994,0.048897405864024794,0.048722373717711334,0.05076084141902894,0.0
2025-10-20,0.04879887875901634,0.05180086230296667,0.049940710374284575,0.048689553747932865,0.04965793555428136,0.0527538470901627,0.0500502178765953,0.04953904067668959,0.048872324660772314,0.048560630884372395,0.049810134135426204,0.05149005433108406,0.05101733948998518,0.050192807087193696,0.04876199845177596,0.050242537011331766,0.05152195160283306,0.04907938649507367,0.04813120190709254,0.051088587561129786,0.0
2025-10-21,0.04890273537746785,0.05234450048965357,0.049957380846571704,0.04840194803006936,0.04930108524469348,0.05265565884398871,0.049811534490751756,0.049575288457743526,0.049235660012062706,0.04867398674534785,0.04981773048937138,0.05183909987553656,0.051333730060472024,0.049646085465261156,0.04850755880465292,0.05031179826455331,0.05149431672904572,0.04935379035271643,0.04813061929733612,0.05070549212270382,0.0
2025-10-22,0.04965336711930931,0.05209151777859275,0.04976138969934771,0.04819674661565828,0.04927460277224807,0.05150625239899562,0.050293658502462084,0.049906751105182806,0.049217049939326185,0.04865650611817132,0.04951067641056937,0.05179332253128583,0.0516477061223615,0.04934989563625667,0.048737039700138485,0.05029186616976084,0.05187323809714881,0.049611845098789964,0.04789265702331536,0.05073391116107906,0.0
2025-10-23,0.049282391302595874,0.05184056892936074,0.04917663506544058,0.048129199394916077,0.04923194587749494,0.051914505282645164,0.04957981797322564,0.04972700373106121,0.049731249621599576,0.04889261588714175,0.04932240593717315,0.05183123153127428,0.051953975185807404,0.049627221076159536,0.04896381799034604,0.05039913074416115,0.05197723873224743,0.0497207715554847,0.04813322310740897,0.05056505107445583,0.0
2025-10-24,0.04925210662524755,0.052225908578290056,0.049465803697075345,0.04788380941723011,0.04902657690643984,0.05152205649515529,0.04941225106910852,0.05007156726140987,0.050090519596355736,0.0489140368937744,0.04909844852710788,0.051818577106410295,0.05182123021176397,0.04943108762527803,0.04894587723841312,0.04982832181382311,0.052439732085115195,0.0499920710592128,0.04861717145708037,0.0501428463357085,0.0
2025-10-27,0.04940630822007393,0.051594026845684746,0.049177470510988044,0.04844655194219358,0.04907090239023776,0.051483839048131606,0.04944717364206149,0.050710595253772854,0.04988595334888461,0.04849635683041546,0.04910402025141518,0.051952000841245405,0.051512231798835836,0.0493432186714902,0.04935143153379522,0.049627730967352526,0.05251546952204571,0.050094377891594044,0.04887977918731703,0.04990056130246467,0.0
2025-10-28,0.04939148257912418,0.051872644980890614,0.049250212544383824,0.04845543988956978,0.049257665901905175,0.05148047949101789,0.049686510127457735,0.05038864824115103,0.050437811770398126,0.0474674730196576,0.049314948908365054,0.051554728865023665,0.05146229785005959,0.049805906532363366,0.0491154763718933,0.04984825182280876,0.052305975046279735,0.04988724827642003,0.048732767946411855,0.05028402983481861,0.0
2025-10-29,0.049585015191656624,0.05199893252000048,0.04951558695816024,0.04841296144754467,0.04902418192343895,0.0511320065855207,0.0492642257720475,0.05033967908268231,0.05094099776722795,0.04696609097821148,0.04946597369273216,0.051962545949951894,0.051374216582256826,0.04968901242256566,0.04930219511657311,0.04983127732103591,0.051990753657281,0.04979601715281218,0.04867762764219849,0.05073070223610186,0.0
2025-10-30,0.04982333334804526,0.05268418855246226,0.04980185704811449,0.0479111456054253,0.04929724445258259,0.051185952840956596,0.048553838371504905,0.05058965973241404,0.050709252379060286,0.04713244822411135,0.04918805835416575,0.05150060132709957,0.05115729144596804,0.04924134325229283,0.049528501269843705,0.050166351864618125,0.05282124517141399,0.049289225114439165,0.048746007135830154,0.05067245450965159,0.0
2025-10-31,0.050066006703907526,0.05223766368736289,0.050207058891764154,0.04791418363241458,0.04931938794778002,0.05130233673848428,0.048737365339194864,0.050927220875415416,0.05047441607440497,0.04754775121440653,0.04961401945091954,0.05150169226207386,0.051507481797764036,0.04898063074296857,0.04909210703644058,0.04933930491606654,0.05226402741512602,0.04955247502562538,0.04924129992122393,0.05017357032665642,0.0
2025-11-03,0.05000000000000001,0.05000000000000001,0.05000000000000001,0.05000000000000001,0.05000000000000001,0.05000000000000001,0.05000000000000001,0.05000000000000001,0.05000000000000001,0.05000000000000001,0.05000000000000001,0.05000000000000001,0.05000000000000001,0.05000000000000001,0.05000000000000001,0.05000000000000001,0.05000000000000001,0.05000000000000001,0.05000000000000001,0.05000000000000001,0.0
2025-11-04,0.04981253867538893,0.04974183347856591,0.050191214484146894,0.04980719725219889,0.05006422562082072,0.04998999511074624,0.05029045902219114,0.05002695569283134,0.05007092369504392,0.050168330394832726,0.05055160120505995,0.04980697649076133,0.04933125412111344,0.0506482927469503,0.05005234270025074,0.049747472820940365,0.049946811624467034,0.04997696017893964,0.0500806311405184,0.04969398354423211,0.0
2025-11-05,0.04944473070239371,0.04969562913405654,0.05078503034479172,0.04974744727108029,0.050254285501255394,0.050088637343095356,0.050274932257285763,0.04958191299331171,0.049839662588079155,0.05049726746628906,0.05045559215214834,0.04994448691991531,0.04938971928467104,0.05105807621016513,0.05006393523386482,0.049449024820359753,0.049841546605315444,0.050057398168573984,0.0496015087743144,0.04992917622903313,0.0
2025-11-06,0.049217896643482764,0.049324133219767745,0.05098591333793744,0.04991035099664587,0.0505295242896571,0.0504615615262702,0.050596151840531144,0.04962519248392073,0.050031780231118934,0.05103697463166415,0.049942080913810555,0.05003617755987941,0.04844425146915673,0.050974100428755116,0.050010503691261476,0.04890738354620627,0.05017493348423218,0.04997467870608025,0.0497346243062559,0.05008178669336615,0.0
2025-11-07,0.049113169369012805,0.04905677137782363,0.05043949426496254,0.050557972815249375,0.050757362159117574,0.050097963594697544,0.05088466030288224,0.049225557454098456,0.04994447275777835,0.05149560349999459,0.050349657329806535,0.05017300289567806,0.048522798017831555,0.05100805690980498,0.0497570370648707,0.04882624796994564,0.0505481544217069,0.0501676682163936,0.04954500875834363,0.04952934082000127,0.0
2025-11-10,0.04868268691264919,0.0491485239734532,0.05020650080273029,0.05056151764783512,0.050875446532386424,0.04976997593339722,0.05130538578128474,0.04935342736805959,0.04962641239365926,0.051931949426864396,0.05045157511389215,0.050166070593276955,0.04844250793907187,0.050977363428170046,0.049928841068986804,0.04932091871528182,0.05031250588668121,0.05007695002001614,0.04951324544636836,0.0493481950159352,0.0
2025-11-11,0.048779295602317245,0.04870696109248018,0.050397113948018865,0.05091347578863085,0.05070128152334259,0.049969105295716305,0.05122762900393392,0.048908759016917304,0.04937372227069175,0.0520527827301272,0.05082325821486886,0.05018550668070043,0.048996063333810666,0.05019241953564076,0.049979278340098986,0.049603224053686834,0.05079056128367683,0.04979755299516598,0.04909436084708627,0.04950764844308806,0.0
2025-11-12,0.04918898487529758,0.04896065330648527,0.050177845995422354,0.05113641757799148,0.050324137432553505,0.04974728149892605,0.050609798509555166,0.04896612814921049,0.048926702907985814,0.05222005822807327,0.05093496451410756,0.05021338295114262,0.049503354853697945,0.05020232202146343,0.050184615581734836,0.05017163087056561,0.05040048232542606,0.049416984794332396,0.04923721318176472,0.049477040424263825,0.0
2025-11-13,0.048873833782265,0.048730213620669593,0.05073641540170994,0.05151559922425988,0.04982032148442228,0.049430161716873484,0.050580607089724894,0.04906929725872436,0.04873070883252342,0.052092261613600206,0.05175634153449398,0.049896048863077413,0.04981822618348075,0.050400350818226775,0.05020672443755151,0.05012662303856061,0.050137292548689164,0.04953370683376131,0.049449855524785195,0.04909541019260034,0.0
2025-11-14,0.0490278049488065,0.04837411847288624,0.05077335540618127,0.051356347736512556,0.049296915420785285,0.04928406843148723,0.05067103111277739,0.0491527032907658,0.04853685349864687,0.05245179302602055,0.05174855668513556,0.0494139229274161,0.049542364099676876,0.051083753089954456,0.050337648661489,0.05022265785307672,0.0507468821527149,0.049174044249214004,0.0494271742156442,0.04937800472080844,0.0
2025-11-17,0.04872931678166522,0.04825106897854749,0.05086211177524182,0.05134107796033381,0.04996200476091272,0.04930596922881067,0.05091318709174534,0.04899183743989028,0.04858792375816259,0.05202292623826447,0.05218718114164354,0.04981609445645285,0.04924650173640045,0.05153263265497671,0.05029132807592206,0.04972521927341312,0.05034154250194165,0.04984852152156077,0.04918441678579466,0.0488591378383197,0.0
2025-11-18,0.04862181400961627,0.04836198160988077,0.05126043020064036,0.05126463355882684,0.04918255548738868,0.04926910863299296,0.05036199941289233,0.048916278649343586,0.04862031578796619,0.05196887737200059,0.05199124626637837,0.05017790343070511,0.04886432274592879,0.05222751814859074,0.05066824600830447,0.049170561154057255,0.0504608535292229,0.05029574176475138,0.04937938343768565,0.0489362287928267,0.0
2025-11-19,0.04828011288625766,0.04816156548653187,0.05108182835726318,0.05134701576040261,0.049483939178565674,0.04908811890591534,0.050141095494497745,0.049211709238709676,0.048149329570541965,0.052050071160568256,0.05205501051656796,0.05018538021389014,0.049277339760173004,0.052725110332845826,0.050770929796369726,0.04901170384036864,0.050902033266506386,0.049626375049194614,0.04980732105783263,0.048644010126997046,0.0
2025-11-20,0.04842416428590825,0.04811386413156219,0.05108203780662069,0.051568700424502324,0.04913871657729756,0.04867428436401358,0.05038414229833815,0.049004900944422364,0.04846115877768988,0.052499176175959644,0.05223806651875791,0.05023928448122132,0.0489026586737936,0.05317504898258684,0.050769919847194,0.048479242984216964,0.049913207681890365,0.04978334117903725,0.05041609209672427,0.04873199176826266,0.0
2025-11-21,0.04816185242494487,0.04831802448752453,0.05137161635082969,0.05158059043871491,0.049516469658676995,0.04890713771041252,0.050314647333607215,0.04898052227883395,0.04837542576872037,0.05228887180297957,0.05250977026828104,0.04988369958281637,0.04873849661802067,0.05315037828678337,0.05068901933231505,0.048155862480164076,0.049762444747863684,0.05014921803370507,0.05052364610323659,0.04862230629156932,0.0
2025-11-24,0.048514149145777556,0.048695438506355895,0.050852611294897446,0.05190908285038506,0.04876264362240385,0.04937276304055154,0.05021789344820089,0.04880010651437483,0.04889576570547097,0.0526548282679808,0.052807219404028716,0.04904171566639489,0.048441754423863045,0.05329064691857029,0.05007181327059318,0.048181110785715964,0.050104086342389116,0.04995418911937554,0.05063337403488337,0.0487988076377871,0.0
2025-11-25,0.048565580545108934,0.04872508453103864,0.050892411429072894,0.051848524547756014,0.048817971496132505,0.04884886565553565,0.0510288139150419,0.04928503502672771,0.04911448069517013,0.052728569194430454,0.05175584166839077,0.0490926859729765,0.048149257214724156,0.05281494121926805,0.04951444793010168,0.04874498361372598,0.05014865730909631,0.05021617297900463,0.0503073924505799,0.04940028260611716,0.0
2025-11-26,0.04834008574793938,0.048363698371111055,0.05118509205767267,0.05216719407631717,0.04931313891617758,0.0483116844218888,0.05064109387720565,0.04930819805383469,0.04913455090510619,0.05309033328184553,0.051726868100611376,0.048434184906505265,0.04825811538379969,0.05285925961256183,0.049382450005963745,0.04874459877789584,0.05016569666581711,0.05016811831584702,0.0507681108558344,0.04963752766606509,0.0
2025-11-28,0.04790963243807451,0.048385048992169256,0.051203911834363874,0.05253486768937278,0.04955578924664193,0.048647785179235264,0.05107539182947738,0.04903875260266768,0.04896035617861089,0.05278626915360083,0.05151288855611108,0.04849244557795523,0.04830562770922067,0.05306471270370232,0.049818291200746476,0.04827387099396496,0.05022732038787192,0.050403914440807836,0.04993430419001257,0.04986881909539259,0.0
2025-12-01,0.05,0.05,0.05,0.05,0.05,0.05,0.05,0.05,0.05,0.05,0.05,0.05,0.05,0.05,0.05,0.05,0.05,0.05,0.05,0.05,0.0
2025-12-02,0.05053102741629649,0.049704762114878454,0.04966436040536181,0.05026411608722996,0.04953562900313159,0.049470325244558196,0.050138091399189545,0.05013252715506907,0.050228833073236966,0.050183624296191436,0.0501176645831622,0.050000971535188184,0.04976045242634029,0.04967638551403796,0.04998364617513208,0.05025911452294702,0.049934429670190836,0.05057267241254125,0.05022640085315519,0.049614966112161485,0.0
2025-12-03,0.05066518616118156,0.04943273115838969,0.04911530934688406,0.050552008086284815,0.04911512963247659,0.04978894670169478,0.05016399523104257,0.05065746292757011,0.05056743258450176,0.04980577030209728,0.05049716520936123,0.04984321183530617,0.0498862643210451,0.05026253217164312,0.049681557805349746,0.05007583656784315,0.0502388851368705,0.05055977311401962,0.04941090654194044,0.049679895164497716,0.0
2025-12-04,0.05137366101136992,0.049103521828952536,0.04929854381075342,0.050153670988331345,0.04951069045285237,0.050276359851466536,0.05006892596564394,0.05055854938274331,0.05105074445651583,0.049670768963958965,0.05048570293949198,0.0494115630561387,0.04977927352958521,0.05032250128470453,0.04915264799080499,0.05003426797754762,0.050245861631853905,0.050364938877086554,0.04944591046689532,0.04969189553330307,0.0
2025-12-05,0.051882891520087994,0.04903047068149064,0.04959365575228825,0.05022087179450962,0.04938863652555912,0.04997246280828645,0.050130291984101336,0.050069810996495184,0.050790342049091754,0.05012574975763188,0.050305265891131705,0.04942475998814097,0.04963829857887168,0.05092319136130043,0.048837894120295135,0.04996110326618345,0.04984292659950572,0.05059023498037787,0.04939003009494748,0.0498811112497032,0.0
2025-12-08,0.05177080483288281,0.0487689912415173,0.049526162814637675,0.0503259997058132,0.049363376594772974,0.05052425820500443,0.04992133605144817,0.050244020415793816,0.05100785961278718,0.049767896952756165,0.049788096749867006,0.04941282591265891,0.04984817875857159,0.05118713030143653,0.04893265164390448,0.049936032995753214,0.049680110175792755,0.05090855851483723,0.0492345407472452,0.04985116777251931,0.0
2025-12-09,0.0516942522258631,0.049046274814490566,0.04970160735134755,0.049895807662988144,0.049497927177162476,0.05049899744834508,0.04980909633076494,0.05090861076646873,0.05125440643528023,0.04928863025305383,0.050358608306707325,0.04909763212423573,0.049382522264831835,0.05171478169451944,0.048800852199361346,0.050392550247174685,0.049226398454858745,0.050115159801407363,0.04917831099630717,0.050137573444831704,0.0
2025-12-10,0.05188933168111877,0.048519958786071384,0.04998489430155143,0.05008580512721568,0.04907136742321693,0.05063482588144678,0.0497098195880437,0.05135954228118722,0.05144367509017312,0.049450183093355575,0.05015540565636705,0.04943492243866389,0.049201322496741064,0.052160619085644046,0.04864149830575379,0.05078842835584057,0.04932411739200294,0.049122300720390075,0.049195891040185034,0.04982609125503088,0.0
2025-12-11,0.05164746380617519,0.04804147692929579,0.049760369190729806,0.04970808360054287,0.049271092084415394,0.0504409767733111,0.04965750853300568,0.0510247481204488,0.05134989907711447,0.04892852238240045,0.05017035186792726,0.05043161514141251,0.049439780262596676,0.05197548832025948,0.04848698505848559,0.05098145170811926,0.049553699572706646,0.04929963315083504,0.04924806930566966,0.05058278511454834,0.0
2025-12-12,0.05205141183697163,0.047911459484666914,0.04949546329444363,0.04954075536935687,0.04910810567601366,0.050776990956158126,0.04953117866749873,0.050909988974451106,0.051182432086525106,0.04944754162642634,0.05090516784537645,0.05083439551154243,0.04919654906290334,0.05177096430183921,0.048550011892424035,0.05064266251567142,0.04960947351156792,0.04905269462880848,0.048720186571769034,0.05076256618558557,0.0
2025-12-15,0.05221958508072555,0.04788816827919772,0.04959652204263585,0.04959050567274342,0.04924370050896694,0.051107161932498445,0.04879939449233979,0.050936302085337885,0.05101299250973503,0.050009811806040264,0.050723887850498084,0.050832561124492054,0.049338802030322454,0.051655275199100646,0.04871651167226307,0.05048644439365676,0.04983436180766495,0.048640139739466876,0.048891517694129166,0.050476354078185084,0.0
2025-12-16,0.05235173376343687,0.04743395021776044,0.049947585347957874,0.049372228477645295,0.049079747881449594,0.051763423870439085,0.04886846755299034,0.05096683791406256,0.050833955039114115,0.05041092533281754,0.050662708966216226,0.050825913850688846,0.04897767920811478,0.05134244244872927,0.04811268611951374,0.050793875733010085,0.04991743703124876,0.04854790410868123,0.048796859239653025,0.050993637896470455,0.0
2025-12-17,0.05254307397185931,0.047176698677985095,0.049480701413676415,0.0493432796430665,0.04848074804407859,0.052226369489941075,0.04863062342475071,0.051043679084444,0.05047501530982901,0.05034819093526199,0.05068619733272347,0.05058350339759901,0.04863744023802944,0.051918539520121355,0.047799926814788424,0.05119853180665866,0.05012620782811135,0.04948305644106805,0.049283356499397364,0.05053486012661033,0.0
2025-12-18,0.0532784258334221,0.04713598029718231,0.04950829822852993,0.04946210646080616,0.048429974367429476,0.052324478310941,0.04808997701967421,0.05101995705941544,0.05053616550833758,0.05103233639998728,0.05021519917530627,0.05049273351037873,0.04812550862197444,0.05203474648958248,0.04786288829132854,0.05084176835654407,0.050178727106156874,0.049118738815925066,0.04967562351674887,0.05063636663032921,0.0
2025-12-19,0.05326138966756574,0.046935294724876654,0.049349014512972224,0.04910416213412463,0.0485732813044683,0.053380388051030715,0.04789974391178683,0.050616755843969075,0.050192443001535504,0.051434309384099146,0.04953583894253532,0.050753982423504526,0.04736179662549118,0.05212289360618382,0.04793708794130768,0.05130684525426793,0.0503485794355197,0.04934802500891695,0.04993764508946,0.05060052313638403,0.0
2025-12-22,0.05320527053588114,0.04697353879108096,0.049481835275172706,0.049288278577509795,0.048695826772377486,0.05387526079983465,0.04775876247509548,0.05094356861080466,0.05033379424380777,0.05122787130433225,0.04935487558373509,0.05109954604277467,0.04719066812590773,0.051620216704648045,0.04796797052785449,0.051011528573151235,0.04987904933235014,0.049070363678239456,0.050580514333484455,0.05044125971195782,0.0
2025-12-23,0.05373843445416988,0.04673549352785169,0.04945567743207764,0.04900335315950243,0.04868350080889494,0.054052492046692976,0.04815982624636691,0.05052178071853358,0.05033016010717802,0.05171633083952508,0.049178389741563265,0.05066013783266708,0.047316220459265944,0.0518898222529314,0.04821992532256182,0.05122483059270271,0.04937116778852816,0.048551975756410945,0.05081565041723829,0.050374830495337336,0.0
2025-12-24,0.054051419733408344,0.04717454399356452,0.04922005751897687,0.049741459823956946,0.048943400563161904,0.05362431477727893,0.04793262200007112,0.05019051156629126,0.05034214685197002,0.05133758862039588,0.04917809543019147,0.05074209531964293,0.04723349999345267,0.051692134929390635,0.04769804791271655,0.052180280395683384,0.04935442652273599,0.048298218891978766,0.050715619839106815,0.05034951531602494,0.0
2025-12-26,0.054017659506926025,0.047414374629361024,0.04973430685968924,0.04978460884839545,0.04895336145092756,0.05313343722033871,0.04823703289144798,0.049872786324380206,0.05032756950928674,0.051350412979569576,0.04891943899456311,0.05122304780483828,0.04769757736491165,0.05223673639035065,0.047915968677610186,0.05168065492641421,0.04967367197840329,0.047893116017193475,0.04988339749320218,0.050050840132190404,0.0
2025-12-29,0.05408674725583451,0.04720689204171127,0.0496094125957041,0.049440535895833956,0.04903338320728642,0.05266496700070231,0.048761345130064394,0.050147329597636396,0.05041425987626571,0.05077310370459759,0.049128035744178754,0.051161838451084414,0.04762642957368449,0.052052408833341786,0.048659779163027723,0.05192665068565621,0.04963970135273225,0.04742982845541353,0.05002905354305199,0.050208297892192146,0.0
2025-12-30,0.05424730490925707,0.047313761172899815,0.04958773318368168,0.04917983406449683,0.04894766937865478,0.052405907346740936,0.04862558820407122,0.05026504530824451,0.050407997870672704,0.05090628220537379,0.04846661185886668,0.051168275076425865,0.046997392336640256,0.0526202056271449,0.04875403157502827,0.051896030940091056,0.049940589414172606,0.04726569109928975,0.05071418675739758,0.050289861670849687,0.0
2025-12-31,0.054224773868460745,0.04721503352103974,0.04888637220142956,0.049431009735039104,0.04913196437998515,0.05275817210333579,0.048465507709266546,0.050428470647742515,0.05053505645513062,0.050650316277862595,0.04829929013865031,0.05126719942026721,0.046972052809157734,0.05281250044115968,0.04864011999134419,0.05190563629080466,0.04990161771837707,0.046763687234685845,0.050883040570846104,0.050828178485415015,0.0
