asset_id,decision_at,momentum,quality,dollar_volume,close,industry,eligible,exclusion_reason,execution_session
TEST01,2020-01-02 14:00:00+00:00,0.0920963448094354,0.0799469168404991,69947561.26718947,48.431569289068534,Test industry 1,True,,2020-01-02
TEST02,2020-01-02 14:00:00+00:00,0.24273924400161895,0.04052366482565431,78264497.388787,52.59573929025815,Test industry 2,True,,2020-01-02
TEST03,2020-01-02 14:00:00+00:00,0.26929465904254735,0.029461345901312698,95467144.17376679,62.40648386973376,Test industry 3,True,,2020-01-02
TEST04,2020-01-02 14:00:00+00:00,-0.13957082297073364,0.17074760530606045,60421335.91956935,44.78225482523959,Test industry 4,True,,2020-01-02
TEST05,2020-01-02 14:00:00+00:00,0.12705951204485721,0.08169966140424756,70059942.19176953,49.1151236614488,Test industry 1,True,,2020-01-02
TEST06,2020-01-02 14:00:00+00:00,0.06916764256030561,0.1632482106463941,96500580.58253622,70.41270893466425,Test industry 2,True,,2020-01-02
TEST07,2020-01-02 14:00:00+00:00,0.10863153831466943,0.026412881719741665,109159701.26119916,80.18793840202176,Test industry 3,True,,2020-01-02
TEST08,2020-01-02 14:00:00+00:00,0.2708722954843663,0.005918274397689774,135982454.829856,101.32620988016377,Test industry 4,True,,2020-01-02
TEST09,2020-01-02 14:00:00+00:00,0.19938195209200726,0.12296828744590668,120757242.93412094,87.0786497348261,Test industry 1,True,,2020-01-02
TEST10,2020-01-02 14:00:00+00:00,0.1870890949367623,0.06352126151519388,112743748.16250953,83.54685078926445,Test industry 2,True,,2020-01-02
TEST11,2020-01-02 14:00:00+00:00,0.03029345115546267,0.10175501488281813,110298028.15313974,75.05824551579661,Test industry 3,True,,2020-01-02
TEST12,2020-01-02 14:00:00+00:00,0.11551828528550878,-0.0026449634911041766,102174808.72227597,72.58210313874191,Test industry 4,True,,2020-01-02
TEST13,2020-01-02 14:00:00+00:00,0.06470603202843961,0.12681848154159023,105055792.16888025,79.02330849940408,Test industry 1,True,,2020-01-02
TEST14,2020-01-02 14:00:00+00:00,0.012988903243163374,-0.026339954185517794,120717304.44197813,76.54631459516348,Test industry 2,True,,2020-01-02
TEST15,2020-01-02 14:00:00+00:00,0.26613293259067894,0.053231534450258335,141651112.27184117,108.06356023216051,Test industry 3,True,,2020-01-02
TEST16,2020-01-02 14:00:00+00:00,-0.14852453152530476,-0.00732270812936593,123347434.04042268,83.40994232771084,Test industry 4,True,,2020-01-02
TEST17,2020-01-02 14:00:00+00:00,0.23956828071577974,-0.03045701802406509,135044510.13447386,99.5647945170253,Test industry 1,True,,2020-01-02
TEST18,2020-01-02 14:00:00+00:00,-0.18398613483127468,0.09323429503427809,113857256.2394804,84.45302822048941,Test industry 2,True,,2020-01-02
TEST19,2020-01-02 14:00:00+00:00,-0.019779802215794562,0.030765229656322595,109052590.59935498,72.75841346400178,Test industry 3,True,,2020-01-02
TEST20,2020-01-02 14:00:00+00:00,0.2224265924646871,0.09904551036829337,169257539.7782464,128.9265017426551,Test industry 4,True,,2020-01-02
TEST01,2020-02-03 14:00:00+00:00,0.17034492362357567,0.0799469168404991,67780546.34898838,49.52524963498617,Test industry 1,True,,2020-02-03
TEST02,2020-02-03 14:00:00+00:00,0.1874181987692043,0.04052366482565431,79489436.07343727,52.37093665535515,Test industry 2,True,,2020-02-03
TEST03,2020-02-03 14:00:00+00:00,0.12492935636247937,0.029461345901312698,91248148.48797017,65.76166190908518,Test industry 3,True,,2020-02-03
TEST04,2020-02-03 14:00:00+00:00,-0.14717943312080028,0.17074760530606045,65913998.382237926,46.84218189251633,Test industry 4,True,,2020-02-03
TEST05,2020-02-03 14:00:00+00:00,0.0857235406163448,0.08169966140424756,70805565.40466492,50.569702986859525,Test industry 1,True,,2020-02-03
TEST06,2020-02-03 14:00:00+00:00,0.05614567491101874,0.1632482106463941,99559284.68594775,70.98851375013065,Test industry 2,True,,2020-02-03
TEST07,2020-02-03 14:00:00+00:00,0.07845170131499701,0.026412881719741665,109739984.03267416,74.99683230657982,Test industry 3,True,,2020-02-03
TEST08,2020-02-03 14:00:00+00:00,0.25798201775313,0.005918274397689774,139629356.94190553,95.57682340720152,Test industry 4,True,,2020-02-03
TEST09,2020-02-03 14:00:00+00:00,0.20420384806157,0.12296828744590668,117240171.06321037,94.937808755022,Test industry 1,True,,2020-02-03
TEST10,2020-02-03 14:00:00+00:00,0.19346275440630056,0.06352126151519388,120152395.6004608,83.936743108137,Test industry 2,True,,2020-02-03
TEST11,2020-02-03 14:00:00+00:00,0.05466413078185561,0.10175501488281813,110597661.34588835,76.0781019004842,Test industry 3,True,,2020-02-03
TEST12,2020-02-03 14:00:00+00:00,0.0015791966949252334,-0.0026449634911041766,97476602.28968492,73.11150270553831,Test industry 4,True,,2020-02-03
TEST13,2020-02-03 14:00:00+00:00,-0.002781496767016778,0.12681848154159023,98156849.85824156,76.43446721666724,Test industry 1,True,,2020-02-03
TEST14,2020-02-03 14:00:00+00:00,-0.025820118053410113,-0.026339954185517794,111332451.99147639,71.9403811629504,Test industry 2,True,,2020-02-03
TEST15,2020-02-03 14:00:00+00:00,0.2217782688993355,0.053231534450258335,135428512.1567072,111.01374558897676,Test industry 3,True,,2020-02-03
TEST16,2020-02-03 14:00:00+00:00,-0.14194830899607846,-0.00732270812936593,124066782.79358898,88.66149618600292,Test industry 4,True,,2020-02-03
TEST17,2020-02-03 14:00:00+00:00,0.14919737549216472,-0.03045701802406509,131035618.83038689,103.4962400210822,Test industry 1,True,,2020-02-03
TEST18,2020-02-03 14:00:00+00:00,-0.16938346784012426,0.09323429503427809,112489420.2402589,85.91971194831679,Test industry 2,True,,2020-02-03
TEST19,2020-02-03 14:00:00+00:00,-0.06753695048442698,0.030765229656322595,106981035.78563416,71.03467262347125,Test industry 3,True,,2020-02-03
TEST20,2020-02-03 14:00:00+00:00,0.19694472386202522,0.09904551036829337,174398642.64287227,122.42006793318987,Test industry 4,True,,2020-02-03
TEST01,2020-03-02 14:00:00+00:00,0.1154605723874722,0.0799469168404991,68190807.7907199,47.75845494927501,Test industry 1,True,,2020-03-02
TEST02,2020-03-02 14:00:00+00:00,0.12144156593680577,0.04052366482565431,77076425.73564258,51.6940933048039,Test industry 2,True,,2020-03-02
TEST03,2020-03-02 14:00:00+00:00,0.15701033499523698,0.029461345901312698,86993248.27660505,67.40348448370273,Test industry 3,True,,2020-03-02
TEST04,2020-03-02 14:00:00+00:00,-0.11473224479635413,0.17074760530606045,66883547.7913581,47.919848556605416,Test industry 4,True,,2020-03-02
TEST05,2020-03-02 14:00:00+00:00,0.10356264690667527,0.08169966140424756,67625035.1969528,52.617483298245986,Test industry 1,True,,2020-03-02
TEST06,2020-03-02 14:00:00+00:00,0.027624612323258857,0.1632482106463941,98581010.68117344,71.62879854960006,Test industry 2,True,,2020-03-02
TEST07,2020-03-02 14:00:00+00:00,0.037095823902761005,0.026412881719741665,107300432.46910575,72.30444464706672,Test industry 3,True,,2020-03-02
TEST08,2020-03-02 14:00:00+00:00,0.14865315908247867,0.005918274397689774,143712598.1512944,98.62817690381765,Test industry 4,True,,2020-03-02
TEST09,2020-03-02 14:00:00+00:00,0.25155927297873637,0.12296828744590668,119727465.72905621,89.91386668070493,Test industry 1,True,,2020-03-02
TEST10,2020-03-02 14:00:00+00:00,0.15213908688848132,0.06352126151519388,128094757.15064058,82.07541306010708,Test industry 2,True,,2020-03-02
TEST11,2020-03-02 14:00:00+00:00,0.05748788733165111,0.10175501488281813,106577909.49840638,74.93226864811314,Test industry 3,True,,2020-03-02
TEST12,2020-03-02 14:00:00+00:00,-0.03238829724066594,-0.0026449634911041766,99764219.28783245,75.67637026115513,Test industry 4,True,,2020-03-02
TEST13,2020-03-02 14:00:00+00:00,-0.05255701354205755,0.12681848154159023,101098387.74434271,74.79747919178689,Test industry 1,True,,2020-03-02
TEST14,2020-03-02 14:00:00+00:00,-0.09934478568551175,-0.026339954185517794,103394750.01935463,71.72450817212835,Test industry 2,True,,2020-03-02
TEST15,2020-03-02 14:00:00+00:00,0.2744916503435677,0.053231534450258335,151383779.25738904,108.3014163509261,Test industry 3,True,,2020-03-02
TEST16,2020-03-02 14:00:00+00:00,-0.08177642259111084,-0.00732270812936593,127123022.31559771,86.27727780279434,Test industry 4,True,,2020-03-02
TEST17,2020-03-02 14:00:00+00:00,0.25300645398969257,-0.03045701802406509,129418925.80845784,102.6194538285005,Test industry 1,True,,2020-03-02
TEST18,2020-03-02 14:00:00+00:00,-0.1690781464105756,0.09323429503427809,110457325.9335328,83.87456251283585,Test industry 2,True,,2020-03-02
TEST19,2020-03-02 14:00:00+00:00,-0.1145121256712649,0.030765229656322595,107700192.63882183,69.85474506210018,Test industry 3,True,,2020-03-02
TEST20,2020-03-02 14:00:00+00:00,0.10276367769571082,0.09904551036829337,177219843.99508905,123.82930955796455,Test industry 4,True,,2020-03-02
TEST01,2020-04-01 13:00:00+00:00,-0.0003970564771209606,0.07957126512200545,65430853.88601152,50.91650475177863,Test industry 1,True,,2020-04-01
TEST02,2020-04-01 13:00:00+00:00,0.048524797448970425,0.04634882232985411,71834761.55707893,52.34592422950334,Test industry 2,True,,2020-04-01
TEST03,2020-04-01 13:00:00+00:00,0.19782522820720927,0.02960983800362002,96049499.06584415,64.14982883545919,Test industry 3,True,,2020-04-01
TEST04,2020-04-01 13:00:00+00:00,-0.04928789903966013,0.14609674352346383,68562059.1976519,49.121950012059344,Test industry 4,True,,2020-04-01
TEST05,2020-04-01 13:00:00+00:00,0.12092273435882062,0.09747462469692084,75650199.0958564,52.92783047582254,Test industry 1,True,,2020-04-01
TEST06,2020-04-01 13:00:00+00:00,-0.00859932992956347,0.01575071614600742,98522378.58071323,75.81696534921892,Test industry 2,True,,2020-04-01
TEST07,2020-04-01 13:00:00+00:00,0.042768648469448944,-0.026004267752990504,104945250.27309027,67.83472512694746,Test industry 3,True,,2020-04-01
TEST08,2020-04-01 13:00:00+00:00,0.16727543720535754,0.10803575059919437,139154323.64777046,100.80037738783432,Test industry 4,True,,2020-04-01
TEST09,2020-04-01 13:00:00+00:00,0.13405424212017114,0.15179466676653047,127312347.16894814,90.02571445446186,Test industry 1,True,,2020-04-01
TEST10,2020-04-01 13:00:00+00:00,0.09079388224591423,-0.03226802462738757,118364182.48462667,81.14784965146708,Test industry 2,True,,2020-04-01
TEST11,2020-04-01 13:00:00+00:00,0.058278105435316085,0.10121006797788219,101467110.77126797,73.36202461291482,Test industry 3,True,,2020-04-01
TEST12,2020-04-01 13:00:00+00:00,-0.03294911242507437,0.0284313716953962,105119481.22993308,74.0855996555329,Test industry 4,True,,2020-04-01
TEST13,2020-04-01 13:00:00+00:00,-0.0078102865357102536,0.11851917224645442,96225400.08612676,73.96867199415834,Test industry 1,True,,2020-04-01
TEST14,2020-04-01 13:00:00+00:00,-0.1320690171175528,0.10825289239314678,95844493.94633786,67.88826872434606,Test industry 2,True,,2020-04-01
TEST15,2020-04-01 13:00:00+00:00,0.2206981306916973,0.13026431227663587,136156281.62128058,114.87467540041565,Test industry 3,True,,2020-04-01
TEST16,2020-04-01 13:00:00+00:00,-0.09877098939576501,0.021791850284647397,121695486.20926434,83.34748019365841,Test industry 4,True,,2020-04-01
TEST17,2020-04-01 13:00:00+00:00,0.13806913573500212,0.13122690226541056,128672811.83856708,103.69995760961827,Test industry 1,True,,2020-04-01
TEST18,2020-04-01 13:00:00+00:00,-0.16270157207055003,-0.01937662275725271,106103001.2868317,84.23360600869282,Test industry 2,True,,2020-04-01
TEST19,2020-04-01 13:00:00+00:00,-0.13151480807484395,0.17381168558490115,106136848.7904178,73.51146030420847,Test industry 3,True,,2020-04-01
TEST20,2020-04-01 13:00:00+00:00,0.11562047675697018,0.08289999494607303,173455730.55920064,121.1724423543873,Test industry 4,True,,2020-04-01
TEST01,2020-05-01 13:00:00+00:00,0.03949019259456388,0.07957126512200545,70941061.59250928,52.60641054749816,Test industry 1,True,,2020-05-01
TEST02,2020-05-01 13:00:00+00:00,-0.0018656956152832693,0.04634882232985411,66937399.812507704,52.62100345897903,Test industry 2,True,,2020-05-01
TEST03,2020-05-01 13:00:00+00:00,0.10018012938368437,0.02960983800362002,91883095.23141992,61.840514545719394,Test industry 3,True,,2020-05-01
TEST04,2020-05-01 13:00:00+00:00,-0.01873328504392202,0.14609674352346383,75324196.99468812,49.83273126091822,Test industry 4,True,,2020-05-01
TEST05,2020-05-01 13:00:00+00:00,0.08205734732318803,0.09747462469692084,80674479.25228643,54.3546384499812,Test industry 1,True,,2020-05-01
TEST06,2020-05-01 13:00:00+00:00,0.05231581943882313,0.01575071614600742,97969964.96147284,79.39272594700006,Test industry 2,True,,2020-05-01
TEST07,2020-05-01 13:00:00+00:00,-0.06606052735607726,-0.026004267752990504,97873558.5665914,68.53507827291244,Test industry 3,True,,2020-05-01
TEST08,2020-05-01 13:00:00+00:00,0.18496324118099494,0.10803575059919437,129897654.31347509,96.7176760342627,Test industry 4,True,,2020-05-01
TEST09,2020-05-01 13:00:00+00:00,0.0866100019137157,0.15179466676653047,127312347.16894814,86.8870342924027,Test industry 1,True,,2020-05-01
TEST10,2020-05-01 13:00:00+00:00,0.07387860634376842,-0.03226802462738757,113810070.15296301,78.15771158159488,Test industry 2,True,,2020-05-01
TEST11,2020-05-01 13:00:00+00:00,0.06972841927916118,0.10121006797788219,109561243.19164446,73.79122583207527,Test industry 3,True,,2020-05-01
TEST12,2020-05-01 13:00:00+00:00,-0.04328016236606136,0.0284313716953962,105119481.22993308,69.73220185849902,Test industry 4,True,,2020-05-01
TEST13,2020-05-01 13:00:00+00:00,-0.04259276532741918,0.11851917224645442,96225400.08612676,78.86929227579093,Test industry 1,True,,2020-05-01
TEST14,2020-05-01 13:00:00+00:00,-0.21032286239747378,0.10825289239314678,95367311.27250347,63.553045790713995,Test industry 2,True,,2020-05-01
TEST15,2020-05-01 13:00:00+00:00,0.26005747460379935,0.13026431227663587,140948807.26057464,110.81745595904302,Test industry 3,True,,2020-05-01
TEST16,2020-05-01 13:00:00+00:00,-0.10117266769813271,0.021791850284647397,118208723.91278316,80.2377098559746,Test industry 4,True,,2020-05-01
TEST17,2020-05-01 13:00:00+00:00,0.18735259517807568,0.13122690226541056,132539472.09181434,101.68037544134086,Test industry 1,True,,2020-05-01
TEST18,2020-05-01 13:00:00+00:00,-0.12446521520579656,-0.01937662275725271,106003031.97387168,83.23894994799969,Test industry 2,True,,2020-05-01
TEST19,2020-05-01 13:00:00+00:00,-0.0880642283702796,0.17381168558490115,104064429.31190112,72.99443635599,Test industry 3,True,,2020-05-01
TEST20,2020-05-01 13:00:00+00:00,0.046541417527804496,0.08289999494607303,169900485.30791408,113.45949692810979,Test industry 4,True,,2020-05-01
TEST01,2020-06-01 13:00:00+00:00,0.01796304201604393,0.07957126512200545,72088216.74578431,49.74647182749645,Test industry 1,True,,2020-06-01
TEST02,2020-06-01 13:00:00+00:00,-0.005115480137088846,0.04634882232985411,69448264.97604024,53.059542821415604,Test industry 2,True,,2020-06-01
TEST03,2020-06-01 13:00:00+00:00,0.08317805638488052,0.02960983800362002,90644211.26045805,60.02875946948922,Test industry 3,True,,2020-06-01
TEST04,2020-06-01 13:00:00+00:00,0.04886173736993671,0.14609674352346383,66502154.428367704,47.7524042896399,Test industry 4,True,,2020-06-01
TEST05,2020-06-01 13:00:00+00:00,0.05222145099008757,0.09747462469692084,78666945.57346645,53.69493219891316,Test industry 1,True,,2020-06-01
TEST06,2020-06-01 13:00:00+00:00,0.12747842070594229,0.01575071614600742,104202211.88920799,79.48545675583895,Test industry 2,True,,2020-06-01
TEST07,2020-06-01 13:00:00+00:00,-0.059899177464363906,-0.026004267752990504,99804793.7382815,66.40341190322381,Test industry 3,True,,2020-06-01
TEST08,2020-06-01 13:00:00+00:00,0.09982395934130661,0.10803575059919437,133483023.16098198,97.40103286618255,Test industry 4,True,,2020-06-01
TEST09,2020-06-01 13:00:00+00:00,0.01984040711089352,0.15179466676653047,114296270.30019984,82.60307468794345,Test industry 1,True,,2020-06-01
TEST10,2020-06-01 13:00:00+00:00,0.06867954805142396,-0.03226802462738757,108677351.30108076,75.20937002047461,Test industry 2,True,,2020-06-01
TEST11,2020-06-01 13:00:00+00:00,0.13193479855702295,0.10121006797788219,112100697.79847944,72.72955479741499,Test industry 3,True,,2020-06-01
TEST12,2020-06-01 13:00:00+00:00,-0.049785628380253466,0.0284313716953962,101429336.11447056,69.81972473415739,Test industry 4,True,,2020-06-01
TEST13,2020-06-01 13:00:00+00:00,-0.06375076968626103,0.11851917224645442,97661656.20896648,71.42249368401423,Test industry 1,True,,2020-06-01
TEST14,2020-06-01 13:00:00+00:00,-0.2697408048292599,0.10825289239314678,95367311.27250347,62.74156863471823,Test industry 2,True,,2020-06-01
TEST15,2020-06-01 13:00:00+00:00,0.1981369828005366,0.13026431227663587,141669455.9904826,108.36179563135269,Test industry 3,True,,2020-06-01
TEST16,2020-06-01 13:00:00+00:00,-0.17229723853018997,0.021791850284647397,118847832.64982753,78.08681682967176,Test industry 4,True,,2020-06-01
TEST17,2020-06-01 13:00:00+00:00,0.10348119767922381,0.13122690226541056,145286217.91624135,97.60043967778785,Test industry 1,True,,2020-06-01
TEST18,2020-06-01 13:00:00+00:00,-0.14169743506079102,-0.01937662275725271,109939282.70556208,79.80704361769486,Test industry 2,True,,2020-06-01
TEST19,2020-06-01 13:00:00+00:00,-0.07643255320221198,0.17381168558490115,98960170.88368246,74.12827455730252,Test industry 3,True,,2020-06-01
TEST20,2020-06-01 13:00:00+00:00,-0.06483804409866978,0.08289999494607303,160498813.71662176,111.68200639695527,Test industry 4,True,,2020-06-01
TEST01,2020-07-01 13:00:00+00:00,-0.025065229927165644,0.07957126512200545,71753844.79250982,51.05611760672984,Test industry 1,True,,2020-07-01
TEST02,2020-07-01 13:00:00+00:00,-0.09022752021827285,0.04634882232985411,74934708.55000228,51.90979460749651,Test industry 2,True,,2020-07-01
TEST03,2020-07-01 13:00:00+00:00,0.0062129344543557785,0.02960983800362002,87459094.77142394,60.575247324636095,Test industry 3,True,,2020-07-01
TEST04,2020-07-01 13:00:00+00:00,0.010755897425586358,0.14609674352346383,62042633.01191726,45.32992461392964,Test industry 4,True,,2020-07-01
TEST05,2020-07-01 13:00:00+00:00,0.05015792820557108,0.09747462469692084,76512923.92171332,52.89709772344234,Test industry 1,True,,2020-07-01
TEST06,2020-07-01 13:00:00+00:00,0.053188554171829994,0.01575071614600742,100083839.2136497,79.87256229327632,Test industry 2,True,,2020-07-01
TEST07,2020-07-01 13:00:00+00:00,-0.12051685822789471,-0.026004267752990504,99686975.46235514,64.10621441606641,Test industry 3,True,,2020-07-01
TEST08,2020-07-01 13:00:00+00:00,0.06880645250482442,0.10803575059919437,134810191.638215,95.00774271795743,Test industry 4,True,,2020-07-01
TEST09,2020-07-01 13:00:00+00:00,-0.10369074183914873,0.15179466676653047,111940557.51992732,83.32920258886503,Test industry 1,True,,2020-07-01
TEST10,2020-07-01 13:00:00+00:00,-0.04059962782777837,-0.03226802462738757,100777370.51684494,71.32392195298934,Test industry 2,True,,2020-07-01
TEST11,2020-07-01 13:00:00+00:00,0.06359756133565986,0.10121006797788219,110108156.37590158,72.95326570779896,Test industry 3,True,,2020-07-01
TEST12,2020-07-01 13:00:00+00:00,-0.03361404172997351,0.0284313716953962,102554073.93127522,70.06286677461168,Test industry 4,True,,2020-07-01
TEST13,2020-07-01 13:00:00+00:00,-0.1864304457714574,0.11851917224645442,102206450.89464328,71.44260506849764,Test industry 1,True,,2020-07-01
TEST14,2020-07-01 13:00:00+00:00,-0.27199494600064766,0.10825289239314678,87129388.1087977,61.6917401566236,Test industry 2,True,,2020-07-01
TEST15,2020-07-01 13:00:00+00:00,0.14022796373826463,0.13026431227663587,143031395.75449163,100.43971935625983,Test industry 3,True,,2020-07-01
TEST16,2020-07-01 13:00:00+00:00,-0.21375603747675576,0.021791850284647397,111823506.76366761,75.1776773652446,Test industry 4,True,,2020-07-01
TEST17,2020-07-01 13:00:00+00:00,0.01750276473724277,0.13122690226541056,142146837.40447652,96.98533391596217,Test industry 1,True,,2020-07-01
TEST18,2020-07-01 13:00:00+00:00,-0.1757859923193531,-0.01937662275725271,112820258.64196396,79.11480146523571,Test industry 2,True,,2020-07-01
TEST19,2020-07-01 13:00:00+00:00,-0.026706157582840784,0.17381168558490115,92183001.07740311,78.62500427078862,Test industry 3,True,,2020-07-01
TEST20,2020-07-01 13:00:00+00:00,-0.13449009282429936,0.08289999494607303,159258551.46108103,107.94886404680533,Test industry 4,True,,2020-07-01
TEST01,2020-08-03 13:00:00+00:00,0.07050462413574876,0.07957126512200545,63323149.23947738,49.82196790753363,Test industry 1,True,,2020-08-03
TEST02,2020-08-03 13:00:00+00:00,-0.06305844465228716,0.04634882232985411,76734305.75892869,49.02536129510838,Test industry 2,True,,2020-08-03
TEST03,2020-08-03 13:00:00+00:00,0.026386242495679335,0.02960983800362002,83495220.8293006,57.87675591095618,Test industry 3,True,,2020-08-03
TEST04,2020-08-03 13:00:00+00:00,0.020625244813814447,0.14609674352346383,61181795.483844444,42.80005936931769,Test industry 4,True,,2020-08-03
TEST05,2020-08-03 13:00:00+00:00,0.0957547974911428,0.09747462469692084,78071246.97056706,53.264206492690924,Test industry 1,True,,2020-08-03
TEST06,2020-08-03 13:00:00+00:00,0.08078860812059085,0.01575071614600742,107344743.67814702,77.40419254290532,Test industry 2,True,,2020-08-03
TEST07,2020-08-03 13:00:00+00:00,-0.17966758458189735,-0.026004267752990504,99643814.31474979,63.286540482163105,Test industry 3,True,,2020-08-03
TEST08,2020-08-03 13:00:00+00:00,0.034238138529664175,0.10803575059919437,140766038.1918661,93.12906689182311,Test industry 4,True,,2020-08-03
TEST09,2020-08-03 13:00:00+00:00,-0.07816957152342507,0.15179466676653047,109491153.71494246,83.77108288329629,Test industry 1,True,,2020-08-03
TEST10,2020-08-03 13:00:00+00:00,-0.06254657477263914,-0.03226802462738757,100428399.6787642,72.19687491772886,Test industry 2,True,,2020-08-03
TEST11,2020-08-03 13:00:00+00:00,0.07572854606166723,0.10121006797788219,101445005.3866382,68.22412435804043,Test industry 3,True,,2020-08-03
TEST12,2020-08-03 13:00:00+00:00,-0.03441268357859162,0.0284313716953962,100783380.5512348,68.08394961238778,Test industry 4,True,,2020-08-03
TEST13,2020-08-03 13:00:00+00:00,-0.1571732633630789,0.11851917224645442,102711478.13566023,67.9737642860205,Test industry 1,True,,2020-08-03
TEST14,2020-08-03 13:00:00+00:00,-0.2643038532324993,0.10825289239314678,88043820.37105964,58.701770153094095,Test industry 2,True,,2020-08-03
TEST15,2020-08-03 13:00:00+00:00,0.016429566762649506,0.13026431227663587,145958445.2264701,100.46224456631411,Test industry 3,True,,2020-08-03
TEST16,2020-08-03 13:00:00+00:00,-0.21463152690723697,0.021791850284647397,104085019.3224948,76.07706135069797,Test industry 4,True,,2020-08-03
TEST17,2020-08-03 13:00:00+00:00,0.00808519648900674,0.13122690226541056,139227442.2022531,94.09011104737155,Test industry 1,True,,2020-08-03
TEST18,2020-08-03 13:00:00+00:00,-0.10528949023708967,-0.01937662275725271,113205257.9762375,78.43726844660863,Test industry 2,True,,2020-08-03
TEST19,2020-08-03 13:00:00+00:00,0.0609334664055563,0.17381168558490115,103771777.05136234,77.00285497694429,Test industry 3,True,,2020-08-03
TEST20,2020-08-03 13:00:00+00:00,-0.15497379479013174,0.08289999494607303,152240813.53293663,105.35745747736627,Test industry 4,True,,2020-08-03
TEST01,2020-09-01 13:00:00+00:00,0.0757233357741216,0.07957126512200545,63807744.040512934,48.55866930420268,Test industry 1,True,,2020-09-01
TEST02,2020-09-01 13:00:00+00:00,-0.10666244553392934,0.04634882232985411,76113376.774645,47.64444049525126,Test industry 2,True,,2020-09-01
TEST03,2020-09-01 13:00:00+00:00,-0.044298843358867024,0.02960983800362002,79358029.87418321,57.124242609654935,Test industry 3,True,,2020-09-01
TEST04,2020-09-01 13:00:00+00:00,-0.022652633681106926,0.14609674352346383,65228877.304315016,41.87768419553026,Test industry 4,True,,2020-09-01
TEST05,2020-09-01 13:00:00+00:00,0.12147861764495471,0.09747462469692084,83744749.13389239,51.275556174327335,Test industry 1,True,,2020-09-01
TEST06,2020-09-01 13:00:00+00:00,0.10093761621796316,0.01575071614600742,116529716.63337132,80.67601214809233,Test industry 2,True,,2020-09-01
TEST07,2020-09-01 13:00:00+00:00,-0.11026583854402472,-0.026004267752990504,88364598.36435619,58.79290586162582,Test industry 3,True,,2020-09-01
TEST08,2020-09-01 13:00:00+00:00,0.06329144782720242,0.10803575059919437,123244378.39085603,89.40888372989762,Test industry 4,True,,2020-09-01
TEST09,2020-09-01 13:00:00+00:00,-0.06417389285813846,0.15179466676653047,110433608.03946841,81.14160312999988,Test industry 1,True,,2020-09-01
TEST10,2020-09-01 13:00:00+00:00,-0.05134678041274365,-0.03226802462738757,97246761.43012775,71.47846232172895,Test industry 2,True,,2020-09-01
TEST11,2020-09-01 13:00:00+00:00,0.033926513970992334,0.10121006797788219,96604509.071217,68.6245680581816,Test industry 3,True,,2020-09-01
TEST12,2020-09-01 13:00:00+00:00,-0.038534047427110196,0.0284313716953962,100370865.25735596,64.97967612684236,Test industry 4,True,,2020-09-01
TEST13,2020-09-01 13:00:00+00:00,-0.13864864729080584,0.11851917224645442,106047969.3741515,65.07705131069501,Test industry 1,True,,2020-09-01
TEST14,2020-09-01 13:00:00+00:00,-0.2499851747315609,0.10825289239314678,85948433.3409498,53.97621487420817,Test industry 2,True,,2020-09-01
TEST15,2020-09-01 13:00:00+00:00,0.07298100609294522,0.13026431227663587,141069296.1188969,98.16290777906335,Test industry 3,True,,2020-09-01
TEST16,2020-09-01 13:00:00+00:00,-0.17553345893887506,0.021791850284647397,99770379.95471907,75.33966301379111,Test industry 4,True,,2020-09-01
TEST17,2020-09-01 13:00:00+00:00,-0.03504565794122061,0.13122690226541056,131965570.3695743,97.16502051947234,Test industry 1,True,,2020-09-01
TEST18,2020-09-01 13:00:00+00:00,-0.1081521847105339,-0.01937662275725271,103898890.88377637,73.48504773014021,Test industry 2,True,,2020-09-01
TEST19,2020-09-01 13:00:00+00:00,0.038059824084459626,0.17381168558490115,107184390.93272379,74.66725522489773,Test industry 3,True,,2020-09-01
TEST20,2020-09-01 13:00:00+00:00,-0.14052902102096076,0.08289999494607303,152505594.36433113,100.55426343408347,Test industry 4,True,,2020-09-01
TEST01,2020-10-01 13:00:00+00:00,0.06599054210618371,0.07957126512200545,69235750.15736711,48.92075249227105,Test industry 1,True,,2020-10-01
TEST02,2020-10-01 13:00:00+00:00,-0.10205619131656729,0.04634882232985411,67791618.7702292,50.58792857876391,Test industry 2,True,,2020-10-01
TEST03,2020-10-01 13:00:00+00:00,-0.08120474941312195,0.02960983800362002,80110165.34846534,58.04179210227062,Test industry 3,True,,2020-10-01
TEST04,2020-10-01 13:00:00+00:00,0.0015186442947006107,0.14609674352346383,62423969.68334492,44.78380939301318,Test industry 4,True,,2020-10-01
TEST05,2020-10-01 13:00:00+00:00,0.09577109428186015,0.09747462469692084,81198967.20778197,55.67681533071571,Test industry 1,True,,2020-10-01
TEST06,2020-10-01 13:00:00+00:00,0.16634102756267266,0.01575071614600742,122080152.59376276,84.70630519466803,Test industry 2,True,,2020-10-01
TEST07,2020-10-01 13:00:00+00:00,-0.18724194756089796,-0.026004267752990504,84962376.8089152,58.29876361290325,Test industry 3,True,,2020-10-01
TEST08,2020-10-01 13:00:00+00:00,0.05677964724986051,0.10803575059919437,121906841.44936463,94.45721393439692,Test industry 4,True,,2020-10-01
TEST09,2020-10-01 13:00:00+00:00,-0.054985003649153485,0.15179466676653047,111686777.17729275,85.75486709286942,Test industry 1,True,,2020-10-01
TEST10,2020-10-01 13:00:00+00:00,-0.0012719816377521065,-0.03226802462738757,97140816.44396561,73.70015555213202,Test industry 2,True,,2020-10-01
TEST11,2020-10-01 13:00:00+00:00,0.04594015470996715,0.10121006797788219,90763654.61788788,69.20790112829786,Test industry 3,True,,2020-10-01
TEST12,2020-10-01 13:00:00+00:00,-0.06369448003047451,0.0284313716953962,95107165.633387,66.29346704202067,Test industry 4,True,,2020-10-01
TEST13,2020-10-01 13:00:00+00:00,-0.14572578327848762,0.11851917224645442,103680410.36648342,66.19594679491752,Test industry 1,True,,2020-10-01
TEST14,2020-10-01 13:00:00+00:00,-0.29589245214079973,0.10825289239314678,81222873.98833491,53.20454748945216,Test industry 2,True,,2020-10-01
TEST15,2020-10-01 13:00:00+00:00,0.05902505660745305,0.13026431227663587,145006311.3111772,98.87097855283199,Test industry 3,True,,2020-10-01
TEST16,2020-10-01 13:00:00+00:00,-0.16057402379292363,0.021791850284647397,109779525.04348782,76.66911855100676,Test industry 4,True,,2020-10-01
TEST17,2020-10-01 13:00:00+00:00,-0.03644871342697187,0.13122690226541056,138514453.92022982,100.0086741563592,Test industry 1,True,,2020-10-01
TEST18,2020-10-01 13:00:00+00:00,-0.13731489515533735,-0.01937662275725271,97810335.30528313,79.07652349281643,Test industry 2,True,,2020-10-01
TEST19,2020-10-01 13:00:00+00:00,0.014080147573712898,0.17381168558490115,110949766.79119137,75.60747851170075,Test industry 3,True,,2020-10-01
TEST20,2020-10-01 13:00:00+00:00,-0.13300091964130023,0.08289999494607303,145960056.24277538,106.44961764198095,Test industry 4,True,,2020-10-01
TEST01,2020-11-02 14:00:00+00:00,0.11276041865940445,0.07957126512200545,72157899.65375987,46.20622179504296,Test industry 1,True,,2020-11-02
TEST02,2020-11-02 14:00:00+00:00,-0.08721495882789265,0.04634882232985411,68116305.94857223,50.15087847088179,Test industry 2,True,,2020-11-02
TEST03,2020-11-02 14:00:00+00:00,-0.08725588880739965,0.02960983800362002,79547695.00378212,57.44791372789126,Test industry 3,True,,2020-11-02
TEST04,2020-11-02 14:00:00+00:00,0.08329716882118188,0.14609674352346383,53046490.386564955,41.01087442194029,Test industry 4,True,,2020-11-02
TEST05,2020-11-02 14:00:00+00:00,0.1563777147408021,0.09747462469692084,80047086.31537434,52.85286837110106,Test industry 1,True,,2020-11-02
TEST06,2020-11-02 14:00:00+00:00,0.1814463400773394,0.01575071614600742,115737536.23548624,83.96110333406229,Test industry 2,True,,2020-11-02
TEST07,2020-11-02 14:00:00+00:00,-0.21468419775994607,-0.026004267752990504,76880872.82434484,54.90389615471758,Test industry 3,True,,2020-11-02
TEST08,2020-11-02 14:00:00+00:00,0.014853671687594439,0.10803575059919437,120428583.76156849,93.79316218129821,Test industry 4,True,,2020-11-02
TEST09,2020-11-02 14:00:00+00:00,-0.06918916660847674,0.15179466676653047,121793691.47556603,83.24162185025509,Test industry 1,True,,2020-11-02
TEST10,2020-11-02 14:00:00+00:00,-0.0630108607468407,-0.03226802462738757,95882676.01667768,74.83710293007668,Test industry 2,True,,2020-11-02
TEST11,2020-11-02 14:00:00+00:00,-0.006711242455745392,0.10121006797788219,94110202.22988537,65.98209657015187,Test industry 3,True,,2020-11-02
TEST12,2020-11-02 14:00:00+00:00,-0.15606817379612314,0.0284313716953962,94238682.3411226,62.234203475777434,Test industry 4,True,,2020-11-02
TEST13,2020-11-02 14:00:00+00:00,-0.17449236846088778,0.11851917224645442,100897501.69884919,59.38242933362802,Test industry 1,True,,2020-11-02
TEST14,2020-11-02 14:00:00+00:00,-0.3064762568968197,0.10825289239314678,77385089.05217183,54.16070613608834,Test industry 2,True,,2020-11-02
TEST15,2020-11-02 14:00:00+00:00,-0.035177752424944364,0.13026431227663587,134525289.03243035,89.56251419755198,Test industry 3,True,,2020-11-02
TEST16,2020-11-02 14:00:00+00:00,-0.08145299096558045,0.021791850284647397,115686187.55268925,74.7741582102613,Test industry 4,True,,2020-11-02
TEST17,2020-11-02 14:00:00+00:00,-0.07015378799166194,0.13122690226541056,138514453.92022982,98.77274353638539,Test industry 1,True,,2020-11-02
TEST18,2020-11-02 14:00:00+00:00,-0.08961533344683881,-0.01937662275725271,101520630.43909055,80.77862839944106,Test industry 2,True,,2020-11-02
TEST19,2020-11-02 14:00:00+00:00,-0.001863336953749184,0.17381168558490115,110949766.79119137,74.88218357341663,Test industry 3,True,,2020-11-02
TEST20,2020-11-02 14:00:00+00:00,-0.16042195612634202,0.08289999494607303,143120755.63581902,102.06012845524674,Test industry 4,True,,2020-11-02
TEST01,2020-12-01 14:00:00+00:00,0.01692240048856708,0.07957126512200545,68959679.12641427,44.15466199045413,Test industry 1,True,,2020-12-01
TEST02,2020-12-01 14:00:00+00:00,-0.12238814022208733,0.04634882232985411,67703373.16854325,48.01656183934905,Test industry 2,True,,2020-12-01
TEST03,2020-12-01 14:00:00+00:00,-0.14969958288349372,0.02960983800362002,83237857.56754792,53.159503958539744,Test industry 3,True,,2020-12-01
TEST04,2020-12-01 14:00:00+00:00,-0.054217875498469126,0.14609674352346383,49631312.06293643,40.751746658281455,Test industry 4,True,,2020-12-01
TEST05,2020-12-01 14:00:00+00:00,0.03877056829190173,0.09747462469692084,76407002.41046937,53.96243965138462,Test industry 1,True,,2020-12-01
TEST06,2020-12-01 14:00:00+00:00,0.2155359463617097,0.01575071614600742,122969666.0483501,82.6802702942083,Test industry 2,True,,2020-12-01
TEST07,2020-12-01 14:00:00+00:00,-0.3245887334439358,-0.026004267752990504,72467838.38427138,52.9718549035873,Test industry 3,True,,2020-12-01
TEST08,2020-12-01 14:00:00+00:00,-0.05462206165819539,0.10803575059919437,123216908.78474559,91.88979571478315,Test industry 4,True,,2020-12-01
TEST09,2020-12-01 14:00:00+00:00,-0.05910716404716021,0.15179466676653047,121793691.47556603,79.9704305268976,Test industry 1,True,,2020-12-01
TEST10,2020-12-01 14:00:00+00:00,-0.11504200840565126,-0.03226802462738757,100227315.68066397,70.14661609253983,Test industry 2,True,,2020-12-01
TEST11,2020-12-01 14:00:00+00:00,-0.10936310777534264,0.10121006797788219,94699717.17920619,66.09598018572363,Test industry 3,True,,2020-12-01
TEST12,2020-12-01 14:00:00+00:00,-0.1809408341540416,0.0284313716953962,93301845.63288386,61.7444497753553,Test industry 4,True,,2020-12-01
TEST13,2020-12-01 14:00:00+00:00,-0.26196846145907793,0.11851917224645442,94184572.24719763,57.63273682942737,Test industry 1,True,,2020-12-01
TEST14,2020-12-01 14:00:00+00:00,-0.31160569988350695,0.10825289239314678,75424823.76943359,53.071228581503306,Test industry 2,True,,2020-12-01
TEST15,2020-12-01 14:00:00+00:00,-0.17538679387008504,0.13026431227663587,125130971.88959941,89.91435031620871,Test industry 3,True,,2020-12-01
TEST16,2020-12-01 14:00:00+00:00,-0.09014326857562716,0.021791850284647397,116138659.41965005,68.76221506345048,Test industry 4,True,,2020-12-01
TEST17,2020-12-01 14:00:00+00:00,-0.06263041438042904,0.13122690226541056,145780999.0460913,93.63047987125594,Test industry 1,True,,2020-12-01
TEST18,2020-12-01 14:00:00+00:00,-0.011179348686904178,-0.01937662275725271,104845561.79762664,76.32249499467676,Test industry 2,True,,2020-12-01
TEST19,2020-12-01 14:00:00+00:00,-0.03476392770362191,0.17381168558490115,108454314.09560901,74.26873437002425,Test industry 3,True,,2020-12-01
TEST20,2020-12-01 14:00:00+00:00,-0.20806744173425384,0.08289999494607303,144164986.74097475,95.33450113623198,Test industry 4,True,,2020-12-01
TEST01,2021-01-04 14:00:00+00:00,-0.07248560027689332,0.07957126512200545,68959679.12641427,44.49278606114045,Test industry 1,True,,2021-01-04
TEST02,2021-01-04 14:00:00+00:00,-0.07046065051087402,0.04634882232985411,65311234.021629155,48.76774713941876,Test industry 2,True,,2021-01-04
TEST03,2021-01-04 14:00:00+00:00,-0.13633645481367673,0.02960983800362002,82267304.13038737,56.45076291219739,Test industry 3,True,,2021-01-04
TEST04,2021-01-04 14:00:00+00:00,-0.07989783740729794,0.14609674352346383,50406117.72208522,40.64760481056927,Test industry 4,True,,2021-01-04
TEST05,2021-01-04 14:00:00+00:00,0.10525903102318668,0.09747462469692084,76030776.72035904,55.03801524477474,Test industry 1,True,,2021-01-04
TEST06,2021-01-04 14:00:00+00:00,0.18200864449606802,0.01575071614600742,125645041.77570762,84.22294523262195,Test industry 2,True,,2021-01-04
TEST07,2021-01-04 14:00:00+00:00,-0.3337521972995515,-0.026004267752990504,70153932.30420095,54.51900847025103,Test industry 3,True,,2021-01-04
TEST08,2021-01-04 14:00:00+00:00,-0.08154817985119356,0.10803575059919437,120900129.73083133,95.36438264946261,Test industry 4,True,,2021-01-04
TEST09,2021-01-04 14:00:00+00:00,-0.07842893293415576,0.15179466676653047,115794124.86145246,81.42323999731245,Test industry 1,True,,2021-01-04
TEST10,2021-01-04 14:00:00+00:00,-0.16839391921223612,-0.03226802462738757,98155906.60263194,73.70888047877446,Test industry 2,True,,2021-01-04
TEST11,2021-01-04 14:00:00+00:00,-0.11186057010644568,0.10121006797788219,97088429.90058509,71.76264998584082,Test industry 3,True,,2021-01-04
TEST12,2021-01-04 14:00:00+00:00,-0.1269219826742094,0.0284313716953962,91525137.35799605,63.14911097586664,Test industry 4,True,,2021-01-04
TEST13,2021-01-04 14:00:00+00:00,-0.26584740399564866,0.11851917224645442,92450959.57237959,59.451568614907906,Test industry 1,True,,2021-01-04
TEST14,2021-01-04 14:00:00+00:00,-0.3029524794587176,0.10825289239314678,79091893.17984639,55.3170872171526,Test industry 2,True,,2021-01-04
TEST15,2021-01-04 14:00:00+00:00,-0.1668503317001172,0.13026431227663587,111466022.26973042,92.51538372345989,Test industry 3,True,,2021-01-04
TEST16,2021-01-04 14:00:00+00:00,-0.17501873508304588,0.021791850284647397,106171134.61839503,66.0323865710061,Test industry 4,True,,2021-01-04
TEST17,2021-01-04 14:00:00+00:00,-0.058510340465463107,0.13122690226541056,142748905.7096498,88.77244560215087,Test industry 1,True,,2021-01-04
TEST18,2021-01-04 14:00:00+00:00,-0.09647072730628348,-0.01937662275725271,107035513.92106852,78.51403196768652,Test industry 2,True,,2021-01-04
TEST19,2021-01-04 14:00:00+00:00,0.023438506207063448,0.17381168558490115,106949438.80739476,72.97558230763148,Test industry 3,True,,2021-01-04
TEST20,2021-01-04 14:00:00+00:00,-0.2518286385030355,0.08289999494607303,136029935.70609814,99.17187989132064,Test industry 4,True,,2021-01-04
TEST01,2021-02-01 14:00:00+00:00,-0.10262084746071565,0.07957126512200545,65179474.35879457,49.5075334686013,Test industry 1,True,,2021-02-01
TEST02,2021-02-01 14:00:00+00:00,-0.0824901707579252,0.04634882232985411,70702372.26481718,52.48563895449817,Test industry 2,True,,2021-02-01
TEST03,2021-02-01 14:00:00+00:00,-0.15580198555859404,0.02960983800362002,84005778.86142129,56.6927217802072,Test industry 3,True,,2021-02-01
TEST04,2021-02-01 14:00:00+00:00,-0.13896918151253668,0.14609674352346383,57000059.793557875,41.46601995123385,Test industry 4,True,,2021-02-01
TEST05,2021-02-01 14:00:00+00:00,0.07164094827535017,0.09747462469692084,76030776.72035904,55.47087970700362,Test industry 1,True,,2021-02-01
TEST06,2021-02-01 14:00:00+00:00,0.16908711376231,0.01575071614600742,124256313.60707839,83.72667210247724,Test industry 2,True,,2021-02-01
TEST07,2021-02-01 14:00:00+00:00,-0.28397325330373613,-0.026004267752990504,75451067.03465748,56.33259218864631,Test industry 3,True,,2021-02-01
TEST08,2021-02-01 14:00:00+00:00,-0.02883138201530977,0.10803575059919437,129920955.08147568,101.19534506634088,Test industry 4,True,,2021-02-01
TEST09,2021-02-01 14:00:00+00:00,-0.14978045026914544,0.15179466676653047,105801585.99330443,87.3595639277286,Test industry 1,True,,2021-02-01
TEST10,2021-02-01 14:00:00+00:00,-0.15805382795553435,-0.03226802462738757,100808039.8930361,71.43460852531025,Test industry 2,True,,2021-02-01
TEST11,2021-02-01 14:00:00+00:00,-0.058023571948867314,0.10121006797788219,97088429.90058509,76.28934992726604,Test industry 3,True,,2021-02-01
TEST12,2021-02-01 14:00:00+00:00,-0.1347956544968535,0.0284313716953962,92635152.44039819,70.03122452569134,Test industry 4,True,,2021-02-01
TEST13,2021-02-01 14:00:00+00:00,-0.23819395504881524,0.11851917224645442,91149338.99123245,62.912477116718776,Test industry 1,True,,2021-02-01
TEST14,2021-02-01 14:00:00+00:00,-0.2614953578477015,0.10825289239314678,75027883.00558388,58.54079330718259,Test industry 2,True,,2021-02-01
TEST15,2021-02-01 14:00:00+00:00,-0.18327360632348721,0.13026431227663587,109891304.80947182,89.04195974391006,Test industry 3,True,,2021-02-01
TEST16,2021-02-01 14:00:00+00:00,-0.2611763809420993,0.021791850284647397,90540185.49622166,66.41925764248087,Test industry 4,True,,2021-02-01
TEST17,2021-02-01 14:00:00+00:00,-0.15801312157322778,0.13122690226541056,140634570.68993574,96.06922034452346,Test industry 1,True,,2021-02-01
TEST18,2021-02-01 14:00:00+00:00,-0.10144929957151239,-0.01937662275725271,106701824.12050459,82.66386539981814,Test industry 2,True,,2021-02-01
TEST19,2021-02-01 14:00:00+00:00,-0.00228931757551587,0.17381168558490115,110681621.51035899,77.49996748042027,Test industry 3,True,,2021-02-01
TEST20,2021-02-01 14:00:00+00:00,-0.21995288553091052,0.08289999494607303,143720833.52268124,101.98645608963929,Test industry 4,True,,2021-02-01
TEST01,2021-03-01 14:00:00+00:00,0.011704823823803556,0.07957126512200545,65323730.93956492,49.46585838775057,Test industry 1,True,,2021-03-01
TEST02,2021-03-01 14:00:00+00:00,0.01692199918816195,0.04634882232985411,75168444.1209346,54.128279051216445,Test industry 2,True,,2021-03-01
TEST03,2021-03-01 14:00:00+00:00,-0.1667891070331311,0.02960983800362002,82828295.32294163,59.80851413407115,Test industry 3,True,,2021-03-01
TEST04,2021-03-01 14:00:00+00:00,-0.12993162939391933,0.14609674352346383,57450464.64577024,41.24355337996909,Test industry 4,True,,2021-03-01
TEST05,2021-03-01 14:00:00+00:00,0.06056842341361257,0.09747462469692084,79479134.8869082,56.25380560502894,Test industry 1,True,,2021-03-01
TEST06,2021-03-01 14:00:00+00:00,0.18326034581357176,0.01575071614600742,118387751.08540803,80.54738518020903,Test industry 2,True,,2021-03-01
TEST07,2021-03-01 14:00:00+00:00,-0.22597622333376666,-0.026004267752990504,76330159.79829858,54.6817417274829,Test industry 3,True,,2021-03-01
TEST08,2021-03-01 14:00:00+00:00,0.025679436558795787,0.10803575059919437,134412963.68115753,100.25255597787887,Test industry 4,True,,2021-03-01
TEST09,2021-03-01 14:00:00+00:00,-0.061851276770725994,0.15179466676653047,106681607.22336143,81.21653796317734,Test industry 1,True,,2021-03-01
TEST10,2021-03-01 14:00:00+00:00,-0.13754449658750056,-0.03226802462738757,95926806.48459338,69.50014343366247,Test industry 2,True,,2021-03-01
TEST11,2021-03-01 14:00:00+00:00,0.014806979894071981,0.10121006797788219,99478366.02504215,78.75952471306135,Test industry 3,True,,2021-03-01
TEST12,2021-03-01 14:00:00+00:00,-0.07512422444883282,0.0284313716953962,91525137.35799605,71.11399969688055,Test industry 4,True,,2021-03-01
TEST13,2021-03-01 14:00:00+00:00,-0.1551692919084895,0.11851917224645442,92276739.37785901,63.97105674291828,Test industry 1,True,,2021-03-01
TEST14,2021-03-01 14:00:00+00:00,-0.18862731125354704,0.10825289239314678,79091893.17984639,57.40900976321279,Test industry 2,True,,2021-03-01
TEST15,2021-03-01 14:00:00+00:00,-0.1719059827298357,0.13026431227663587,113078597.24433014,84.52553083239445,Test industry 3,True,,2021-03-01
TEST16,2021-03-01 14:00:00+00:00,-0.23744145401233985,0.021791850284647397,88080599.91848132,66.50068398453341,Test industry 4,True,,2021-03-01
TEST17,2021-03-01 14:00:00+00:00,-0.0774638261077325,0.13122690226541056,141203035.9556905,90.06027213053481,Test industry 1,True,,2021-03-01
TEST18,2021-03-01 14:00:00+00:00,-0.015114123084198794,-0.01937662275725271,111451577.50162436,80.73477468818277,Test industry 2,True,,2021-03-01
TEST19,2021-03-01 14:00:00+00:00,0.101871556280418,0.17381168558490115,114816359.0741126,78.76805625920237,Test industry 3,True,,2021-03-01
TEST20,2021-03-01 14:00:00+00:00,-0.1794839273515696,0.08289999494607303,135491174.4407587,104.29728901846129,Test industry 4,True,,2021-03-01
TEST01,2021-04-01 13:00:00+00:00,-0.026298837406760867,-0.03003947747365427,66640025.24815402,49.092067807570395,Test industry 1,True,,2021-04-01
TEST02,2021-04-01 13:00:00+00:00,0.01826925212645425,0.03288807891848458,78075608.80863187,53.745442349612674,Test industry 2,True,,2021-04-01
TEST03,2021-04-01 13:00:00+00:00,-0.06239344699032523,0.16668248109185507,81739698.4807367,59.55803203031198,Test industry 3,True,,2021-04-01
TEST04,2021-04-01 13:00:00+00:00,-0.16958079173538887,-0.03779190215421155,63840821.19560179,41.47186957959098,Test industry 4,True,,2021-04-01
TEST05,2021-04-01 13:00:00+00:00,0.05234245611532762,0.028719791803706204,84092853.56025454,55.60157862021327,Test industry 1,True,,2021-04-01
TEST06,2021-04-01 13:00:00+00:00,0.052470233050601056,0.14018679318227986,109078871.83742967,78.51353680468371,Test industry 2,True,,2021-04-01
TEST07,2021-04-01 13:00:00+00:00,-0.2075952560316907,0.02916554831832155,81550997.00097574,56.47623773007908,Test industry 3,True,,2021-04-01
TEST08,2021-04-01 13:00:00+00:00,-0.01912205100683717,0.06900965566547683,145385573.04165146,107.29332938160663,Test industry 4,True,,2021-04-01
TEST09,2021-04-01 13:00:00+00:00,-0.10699745782266301,0.1145328698343551,105529049.08352101,81.41941474260757,Test industry 1,True,,2021-04-01
TEST10,2021-04-01 13:00:00+00:00,-0.15818836894132082,0.06020015252606144,104509773.15584141,68.87952528489522,Test industry 2,True,,2021-04-01
TEST11,2021-04-01 13:00:00+00:00,0.06008238450881387,0.06643009331675463,105502710.13803354,78.62410692741044,Test industry 3,True,,2021-04-01
TEST12,2021-04-01 13:00:00+00:00,-0.06116306321646292,0.06727814252891748,93415852.9591473,72.5254275309875,Test industry 4,True,,2021-04-01
TEST13,2021-04-01 13:00:00+00:00,-0.14899492001710102,0.01379974825380593,90125017.17728709,63.433103954633154,Test industry 1,True,,2021-04-01
TEST14,2021-04-01 13:00:00+00:00,-0.16357341259576075,0.12314236369401903,76542508.18133703,59.36097279578268,Test industry 2,True,,2021-04-01
TEST15,2021-04-01 13:00:00+00:00,-0.25411783207396266,0.13076784056495183,111991999.8737868,90.28730255687184,Test industry 3,True,,2021-04-01
TEST16,2021-04-01 13:00:00+00:00,-0.20632585611289211,0.16262144312586568,87485067.38970917,66.22398972267943,Test industry 4,True,,2021-04-01
TEST17,2021-04-01 13:00:00+00:00,-0.1515492037700863,0.0005305448068584161,142815638.57824177,84.31615358090767,Test industry 1,True,,2021-04-01
TEST18,2021-04-01 13:00:00+00:00,-0.047355811169932815,0.07038897342496787,110844427.24111298,79.21087916526696,Test industry 2,True,,2021-04-01
TEST19,2021-04-01 13:00:00+00:00,0.06501554482617822,0.052051805302640475,116886198.07585137,77.53315587052421,Test industry 3,True,,2021-04-01
TEST20,2021-04-01 13:00:00+00:00,-0.1325335808633571,0.07582361870557969,140198011.48564047,109.74687199526366,Test industry 4,True,,2021-04-01
TEST01,2021-05-03 13:00:00+00:00,-0.06680445792352008,-0.03003947747365427,74924357.47022848,48.562568612729535,Test industry 1,True,,2021-05-03
TEST02,2021-05-03 13:00:00+00:00,0.02136863261283506,0.03288807891848458,77178970.47865017,52.19337458731617,Test industry 2,True,,2021-05-03
TEST03,2021-05-03 13:00:00+00:00,-0.03690917729541121,0.16668248109185507,81350985.67832695,56.19747900753921,Test industry 3,True,,2021-05-03
TEST04,2021-05-03 13:00:00+00:00,-0.1677785156416728,-0.03779190215421155,62385845.55294384,38.68840728923125,Test industry 4,True,,2021-05-03
TEST05,2021-05-03 13:00:00+00:00,0.02294082355785587,0.028719791803706204,85451451.1048605,53.715510881166296,Test industry 1,True,,2021-05-03
TEST06,2021-05-03 13:00:00+00:00,-0.01107392562516707,0.14018679318227986,111346356.9153815,74.65242261674679,Test industry 2,True,,2021-05-03
TEST07,2021-05-03 13:00:00+00:00,-0.17595136456712068,0.02916554831832155,78582328.57926965,56.99880917243434,Test industry 3,True,,2021-05-03
TEST08,2021-05-03 13:00:00+00:00,0.10934561065753323,0.06900965566547683,149528730.65446085,102.93378820563377,Test industry 4,True,,2021-05-03
TEST09,2021-05-03 13:00:00+00:00,-0.06292791087096883,0.1145328698343551,108001131.78814729,80.19998317633164,Test industry 1,True,,2021-05-03
TEST10,2021-05-03 13:00:00+00:00,-0.11871107929015345,0.06020015252606144,97843267.66985726,63.37146601761402,Test industry 2,True,,2021-05-03
TEST11,2021-05-03 13:00:00+00:00,0.06549398035930754,0.06643009331675463,112152977.19051483,73.02673440950575,Test industry 3,True,,2021-05-03
TEST12,2021-05-03 13:00:00+00:00,0.0400564674288717,0.06727814252891748,93495852.5031608,71.53989735061226,Test industry 4,True,,2021-05-03
TEST13,2021-05-03 13:00:00+00:00,-0.19571861082739728,0.01379974825380593,87535824.08193679,62.24084858225533,Test industry 1,True,,2021-05-03
TEST14,2021-05-03 13:00:00+00:00,-0.06596179526526857,0.12314236369401903,79527708.42844102,57.19078829160129,Test industry 2,True,,2021-05-03
TEST15,2021-05-03 13:00:00+00:00,-0.18526100626023134,0.13076784056495183,115928557.43887322,85.33463082190733,Test industry 3,True,,2021-05-03
TEST16,2021-05-03 13:00:00+00:00,-0.17465254377835027,0.16262144312586568,87485067.38970917,66.08248178507213,Test industry 4,True,,2021-05-03
TEST17,2021-05-03 13:00:00+00:00,-0.17077259781018972,0.0005305448068584161,126810356.80103442,82.7192422444913,Test industry 1,True,,2021-05-03
TEST18,2021-05-03 13:00:00+00:00,-0.04839165781463017,0.07038897342496787,118420170.94978741,75.66027340132919,Test industry 2,True,,2021-05-03
TEST19,2021-05-03 13:00:00+00:00,0.062178978852567734,0.052051805302640475,115860632.75744677,76.75793566497663,Test industry 3,True,,2021-05-03
TEST20,2021-05-03 13:00:00+00:00,-0.03272202885932518,0.07582361870557969,137427940.5353377,104.46385581933647,Test industry 4,True,,2021-05-03
TEST01,2021-06-01 13:00:00+00:00,-0.0368991361917439,-0.03003947747365427,71635981.11042899,53.40888871777261,Test industry 1,True,,2021-06-01
TEST02,2021-06-01 13:00:00+00:00,-0.03392788166406879,0.03288807891848458,74752225.06962353,57.3708071363197,Test industry 2,True,,2021-06-01
TEST03,2021-06-01 13:00:00+00:00,-0.08364988334647205,0.16668248109185507,85270448.9899418,60.68222786570522,Test industry 3,True,,2021-06-01
TEST04,2021-06-01 13:00:00+00:00,-0.19247444967236282,-0.03779190215421155,60960442.383385465,43.2378167701076,Test industry 4,True,,2021-06-01
TEST05,2021-06-01 13:00:00+00:00,-0.00331967027846114,0.028719791803706204,79684945.78449488,58.42217178332036,Test industry 1,True,,2021-06-01
TEST06,2021-06-01 13:00:00+00:00,-0.08040358788132518,0.14018679318227986,113506260.57306403,79.42085609004044,Test industry 2,True,,2021-06-01
TEST07,2021-06-01 13:00:00+00:00,-0.1478724630554672,0.02916554831832155,79202989.1283068,58.618075474130535,Test industry 3,True,,2021-06-01
TEST08,2021-06-01 13:00:00+00:00,0.04910555604289857,0.06900965566547683,153289602.87093708,115.20162025368506,Test industry 4,True,,2021-06-01
TEST09,2021-06-01 13:00:00+00:00,-0.04307953392215047,0.1145328698343551,107794044.31360179,89.91574751903731,Test industry 1,True,,2021-06-01
TEST10,2021-06-01 13:00:00+00:00,-0.15992966089938654,0.06020015252606144,95171410.6057154,67.59734063211202,Test industry 2,True,,2021-06-01
TEST11,2021-06-01 13:00:00+00:00,-0.003415410163576049,0.06643009331675463,105934210.2390727,79.01970138201862,Test industry 3,True,,2021-06-01
TEST12,2021-06-01 13:00:00+00:00,0.021440851678016015,0.06727814252891748,95876392.51355612,77.44331894585913,Test industry 4,True,,2021-06-01
TEST13,2021-06-01 13:00:00+00:00,-0.1419834887447805,0.01379974825380593,87327527.8909618,64.87380867781351,Test industry 1,True,,2021-06-01
TEST14,2021-06-01 13:00:00+00:00,-0.1014813739847501,0.12314236369401903,85496914.2930074,58.12131079751267,Test industry 2,True,,2021-06-01
TEST15,2021-06-01 13:00:00+00:00,-0.22141376074217234,0.13076784056495183,124393908.64222841,93.96977072012754,Test industry 3,True,,2021-06-01
TEST16,2021-06-01 13:00:00+00:00,-0.1654764402343516,0.16262144312586568,88796832.11836714,70.8272101794313,Test industry 4,True,,2021-06-01
TEST17,2021-06-01 13:00:00+00:00,-0.1636712490893537,0.0005305448068584161,125407957.20247367,88.05262238685086,Test industry 1,True,,2021-06-01
TEST18,2021-06-01 13:00:00+00:00,-0.06524567385545021,0.07038897342496787,111846048.13649133,77.53838987913828,Test industry 2,True,,2021-06-01
TEST19,2021-06-01 13:00:00+00:00,0.02711612511923045,0.052051805302640475,116458395.3116675,77.9976526958816,Test industry 3,True,,2021-06-01
TEST20,2021-06-01 13:00:00+00:00,-0.0775677322132391,0.07582361870557969,145840200.82914507,106.7985710779948,Test industry 4,True,,2021-06-01
TEST01,2021-07-01 13:00:00+00:00,0.0390353194160884,-0.03003947747365427,67132767.65451926,48.19296076623282,Test industry 1,True,,2021-07-01
TEST02,2021-07-01 13:00:00+00:00,0.09689436248389871,0.03288807891848458,81710255.58672515,59.246577114877034,Test industry 2,True,,2021-07-01
TEST03,2021-07-01 13:00:00+00:00,-0.01624094584905411,0.16668248109185507,82500678.68609084,58.30294965285728,Test industry 3,True,,2021-07-01
TEST04,2021-07-01 13:00:00+00:00,-0.0461080183891307,-0.03779190215421155,56173961.86519997,41.959578942561436,Test industry 4,True,,2021-07-01
TEST05,2021-07-01 13:00:00+00:00,0.10637672010561094,0.028719791803706204,75858676.94060728,53.6643603728954,Test industry 1,True,,2021-07-01
TEST06,2021-07-01 13:00:00+00:00,-0.009607022872617277,0.14018679318227986,108081955.16139318,75.64081674638327,Test industry 2,True,,2021-07-01
TEST07,2021-07-01 13:00:00+00:00,-0.09299141341033945,0.02916554831832155,75295481.45827524,58.50197425216708,Test industry 3,True,,2021-07-01
TEST08,2021-07-01 13:00:00+00:00,0.19212114994350982,0.06900965566547683,151871473.16838396,108.054339515474,Test industry 4,True,,2021-07-01
TEST09,2021-07-01 13:00:00+00:00,0.0661284609629007,0.1145328698343551,114532819.57291678,92.33933604985924,Test industry 1,True,,2021-07-01
TEST10,2021-07-01 13:00:00+00:00,-0.06078264229349106,0.06020015252606144,91521006.43215844,61.70997865219735,Test industry 2,True,,2021-07-01
TEST11,2021-07-01 13:00:00+00:00,0.06869519163417359,0.06643009331675463,108280920.03680852,72.50296695513501,Test industry 3,True,,2021-07-01
TEST12,2021-07-01 13:00:00+00:00,0.10687060948374727,0.06727814252891748,98820632.45547085,77.29064523733366,Test industry 4,True,,2021-07-01
TEST13,2021-07-01 13:00:00+00:00,-0.10350809815597783,0.01379974825380593,91770857.62370262,61.74488059943367,Test industry 1,True,,2021-07-01
TEST14,2021-07-01 13:00:00+00:00,-0.06928464003852464,0.12314236369401903,77204573.9756825,52.97096546198102,Test industry 2,True,,2021-07-01
TEST15,2021-07-01 13:00:00+00:00,-0.07573504944332654,0.13076784056495183,123414016.2630162,91.91875506527757,Test industry 3,True,,2021-07-01
TEST16,2021-07-01 13:00:00+00:00,-0.06905476944578626,0.16262144312586568,88796832.11836714,67.72513719933082,Test industry 4,True,,2021-07-01
TEST17,2021-07-01 13:00:00+00:00,-0.08809408395106,0.0005305448068584161,126154310.93946071,87.49151023529977,Test industry 1,True,,2021-07-01
TEST18,2021-07-01 13:00:00+00:00,-0.035494182342738934,0.07038897342496787,113485135.51815255,68.89503801740261,Test industry 2,True,,2021-07-01
TEST19,2021-07-01 13:00:00+00:00,-0.010489947760267904,0.052051805302640475,108366259.4730364,69.02115980896215,Test industry 3,True,,2021-07-01
TEST20,2021-07-01 13:00:00+00:00,-0.03204178628816745,0.07582361870557969,139023438.3527944,97.8136514409245,Test industry 4,True,,2021-07-01
TEST01,2021-08-02 13:00:00+00:00,-0.04153748514510891,-0.03003947747365427,67001130.710786454,45.63149851180696,Test industry 1,True,,2021-08-02
TEST02,2021-08-02 13:00:00+00:00,0.20740025182268473,0.03288807891848458,84029374.6928042,61.84258460967851,Test industry 2,True,,2021-08-02
TEST03,2021-08-02 13:00:00+00:00,0.003570999061019986,0.16668248109185507,85499082.1987069,55.2516443056121,Test industry 3,True,,2021-08-02
TEST04,2021-08-02 13:00:00+00:00,-0.021003725444693644,-0.03779190215421155,59544844.94439537,39.448038685233804,Test industry 4,True,,2021-08-02
TEST05,2021-08-02 13:00:00+00:00,-0.009575583799164344,0.028719791803706204,77649090.22336084,51.42037112014578,Test industry 1,True,,2021-08-02
TEST06,2021-08-02 13:00:00+00:00,-0.01822830384364771,0.14018679318227986,109830571.09417787,70.77239673746782,Test industry 2,True,,2021-08-02
TEST07,2021-08-02 13:00:00+00:00,-0.07293055435084139,0.02916554831832155,83015110.30479628,56.676965220436735,Test industry 3,True,,2021-08-02
TEST08,2021-08-02 13:00:00+00:00,0.15376082858100437,0.06900965566547683,153744305.59825766,104.22682905211792,Test industry 4,True,,2021-08-02
TEST09,2021-08-02 13:00:00+00:00,0.10488658121799088,0.1145328698343551,118347715.82735696,87.18023511989135,Test industry 1,True,,2021-08-02
TEST10,2021-08-02 13:00:00+00:00,-0.14845142999468597,0.06020015252606144,82793317.26385967,55.25532556834266,Test industry 2,True,,2021-08-02
TEST11,2021-08-02 13:00:00+00:00,0.0688314465153832,0.06643009331675463,93441114.17837107,69.33957545240919,Test industry 3,True,,2021-08-02
TEST12,2021-08-02 13:00:00+00:00,0.14353902680261332,0.06727814252891748,105733727.14789769,72.52267199164895,Test industry 4,True,,2021-08-02
TEST13,2021-08-02 13:00:00+00:00,-0.09715129646974607,0.01379974825380593,90101214.3541253,62.88626833459749,Test industry 1,True,,2021-08-02
TEST14,2021-08-02 13:00:00+00:00,-0.094984141096913,0.12314236369401903,76036440.98426905,50.58682185601046,Test industry 2,True,,2021-08-02
TEST15,2021-08-02 13:00:00+00:00,-0.08994631797776642,0.13076784056495183,124427119.37605232,86.11735101630542,Test industry 3,True,,2021-08-02
TEST16,2021-08-02 13:00:00+00:00,-0.0962386922886973,0.16262144312586568,94396525.60434586,68.21492205276665,Test industry 4,True,,2021-08-02
TEST17,2021-08-02 13:00:00+00:00,-0.06990033548141017,0.0005305448068584161,129186618.68712436,81.5018389095634,Test industry 1,True,,2021-08-02
TEST18,2021-08-02 13:00:00+00:00,-0.11662479842314721,0.07038897342496787,101560668.29200149,63.05557885124823,Test industry 2,True,,2021-08-02
TEST19,2021-08-02 13:00:00+00:00,-0.11142534984656127,0.052051805302640475,98971369.63324264,68.95064144013243,Test industry 3,True,,2021-08-02
TEST20,2021-08-02 13:00:00+00:00,-0.06384420438721083,0.07582361870557969,139023438.3527944,91.76017288369256,Test industry 4,True,,2021-08-02
TEST01,2021-09-01 13:00:00+00:00,-0.05965013288423804,-0.03003947747365427,67109722.07515769,47.31131872124838,Test industry 1,True,,2021-09-01
TEST02,2021-09-01 13:00:00+00:00,0.30073161975924445,0.03288807891848458,87081285.29506274,64.4922337154693,Test industry 2,True,,2021-09-01
TEST03,2021-09-01 13:00:00+00:00,-0.033582673692779674,0.16668248109185507,77873656.92088203,56.060964075710835,Test industry 3,True,,2021-09-01
TEST04,2021-09-01 13:00:00+00:00,-0.06254780376259383,-0.03779190215421155,59629626.19741385,39.44332571909272,Test industry 4,True,,2021-09-01
TEST05,2021-09-01 13:00:00+00:00,0.005024944087307581,0.028719791803706204,75003236.88819823,55.56256530855888,Test industry 1,True,,2021-09-01
TEST06,2021-09-01 13:00:00+00:00,-0.11144171510842604,0.14018679318227986,107331826.468703,73.92160024141248,Test industry 2,True,,2021-09-01
TEST07,2021-09-01 13:00:00+00:00,-0.028016550630406645,0.02916554831832155,78640597.75401145,54.38315871616238,Test industry 3,True,,2021-09-01
TEST08,2021-09-01 13:00:00+00:00,0.17212885164558567,0.06900965566547683,150206387.36231,108.0005918203224,Test industry 4,True,,2021-09-01
TEST09,2021-09-01 13:00:00+00:00,0.066935712209925,0.1145328698343551,130809604.01658654,89.38445759449341,Test industry 1,True,,2021-09-01
TEST10,2021-09-01 13:00:00+00:00,-0.22750302080772755,0.06020015252606144,80063085.46995354,56.88005962479886,Test industry 2,True,,2021-09-01
TEST11,2021-09-01 13:00:00+00:00,0.02225788984736421,0.06643009331675463,98913357.0498168,71.95590791493244,Test industry 3,True,,2021-09-01
TEST12,2021-09-01 13:00:00+00:00,0.11070645679839108,0.06727814252891748,107734116.27480075,70.79499057308516,Test industry 4,True,,2021-09-01
TEST13,2021-09-01 13:00:00+00:00,-0.03406876741936271,0.01379974825380593,87049916.44000101,64.61306272409148,Test industry 1,True,,2021-09-01
TEST14,2021-09-01 13:00:00+00:00,-0.05923701984701768,0.12314236369401903,70105256.36109163,48.03972323944781,Test industry 2,True,,2021-09-01
TEST15,2021-09-01 13:00:00+00:00,-0.11343004164755499,0.13076784056495183,123447226.9968401,87.29572562370386,Test industry 3,True,,2021-09-01
TEST16,2021-09-01 13:00:00+00:00,-0.09759359117513422,0.16262144312586568,80029897.74948956,71.00053978312448,Test industry 4,True,,2021-09-01
TEST17,2021-09-01 13:00:00+00:00,-0.15912359249633912,0.0005305448068584161,126053698.01687102,83.8168553958217,Test industry 1,True,,2021-09-01
TEST18,2021-09-01 13:00:00+00:00,-0.14163900279498143,0.07038897342496787,101193630.99893355,64.24102419352081,Test industry 2,True,,2021-09-01
TEST19,2021-09-01 13:00:00+00:00,-0.07571734801434571,0.052051805302640475,97549231.68041334,69.60123032630248,Test industry 3,True,,2021-09-01
TEST20,2021-09-01 13:00:00+00:00,-0.08381005368687844,0.07582361870557969,139065587.85738528,94.77315053771402,Test industry 4,True,,2021-09-01
TEST01,2021-10-01 13:00:00+00:00,-0.03289879425458442,-0.03003947747365427,71590756.11333317,48.48563907805955,Test industry 1,True,,2021-10-01
TEST02,2021-10-01 13:00:00+00:00,0.2748542098349964,0.03288807891848458,90686401.67594326,64.5350643435255,Test industry 2,True,,2021-10-01
TEST03,2021-10-01 13:00:00+00:00,-0.0341276165813339,0.16668248109185507,82128104.55917306,57.73427537509509,Test industry 3,True,,2021-10-01
TEST04,2021-10-01 13:00:00+00:00,-0.11925032162971028,-0.03779190215421155,55160092.29488982,43.1820772351277,Test industry 4,True,,2021-10-01
TEST05,2021-10-01 13:00:00+00:00,-0.0020520215008382747,0.028719791803706204,75576656.0050552,53.015695769947406,Test industry 1,True,,2021-10-01
TEST06,2021-10-01 13:00:00+00:00,-0.12731879791558198,0.14018679318227986,104282313.03858799,77.91303747230874,Test industry 2,True,,2021-10-01
TEST07,2021-10-01 13:00:00+00:00,-0.06716445862797393,0.02916554831832155,81200125.81771964,59.35643184141589,Test industry 3,True,,2021-10-01
TEST08,2021-10-01 13:00:00+00:00,0.14338108569803598,0.06900965566547683,146899667.57036436,110.686300731886,Test industry 4,True,,2021-10-01
TEST09,2021-10-01 13:00:00+00:00,0.04232518368541438,0.1145328698343551,133989033.93023357,96.54328844448979,Test industry 1,True,,2021-10-01
TEST10,2021-10-01 13:00:00+00:00,-0.22822334364593588,0.06020015252606144,82673664.41052565,58.49973385299474,Test industry 2,True,,2021-10-01
TEST11,2021-10-01 13:00:00+00:00,0.03970654711143906,0.06643009331675463,100421679.98107289,71.83609014265966,Test industry 3,True,,2021-10-01
TEST12,2021-10-01 13:00:00+00:00,0.06790297342890761,0.06727814252891748,102156967.52665403,72.99154841914628,Test industry 4,True,,2021-10-01
TEST13,2021-10-01 13:00:00+00:00,-0.0239120995690264,0.01379974825380593,87865239.72147302,68.68986668598934,Test industry 1,True,,2021-10-01
TEST14,2021-10-01 13:00:00+00:00,-0.09707486471956706,0.12314236369401903,73835453.16524202,48.82887643782256,Test industry 2,True,,2021-10-01
TEST15,2021-10-01 13:00:00+00:00,-0.1170743235128684,0.13076784056495183,121430514.52969408,99.12909968780534,Test industry 3,True,,2021-10-01
TEST16,2021-10-01 13:00:00+00:00,-0.07393561938645565,0.16262144312586568,86628934.56418002,72.25413234486197,Test industry 4,True,,2021-10-01
TEST17,2021-10-01 13:00:00+00:00,-0.16190414378679097,0.0005305448068584161,117492124.22887626,88.84385140142791,Test industry 1,True,,2021-10-01
TEST18,2021-10-01 13:00:00+00:00,-0.18760940218424405,0.07038897342496787,100538047.25201385,67.69443044072625,Test industry 2,True,,2021-10-01
TEST19,2021-10-01 13:00:00+00:00,-0.07943986896043298,0.052051805302640475,99624530.59727737,75.70392290373348,Test industry 3,True,,2021-10-01
TEST20,2021-10-01 13:00:00+00:00,-0.10969008027382565,0.07582361870557969,139375933.42554724,98.67410221176473,Test industry 4,True,,2021-10-01
TEST01,2021-11-01 13:00:00+00:00,0.045070767951335355,-0.03003947747365427,72930694.8992984,47.98293140569501,Test industry 1,True,,2021-11-01
TEST02,2021-11-01 13:00:00+00:00,0.3155096082814508,0.03288807891848458,90868229.28394979,65.20737546878871,Test industry 2,True,,2021-11-01
TEST03,2021-11-01 13:00:00+00:00,0.009709821166243637,0.16668248109185507,80579061.4638099,55.13886566037358,Test industry 3,True,,2021-11-01
TEST04,2021-11-01 13:00:00+00:00,0.04859991456907675,-0.03779190215421155,58242362.86319284,42.57862962672167,Test industry 4,True,,2021-11-01
TEST05,2021-11-01 13:00:00+00:00,0.009163062810894074,0.028719791803706204,73734017.38748,49.109989767075454,Test industry 1,True,,2021-11-01
TEST06,2021-11-01 13:00:00+00:00,-0.07719480627489905,0.14018679318227986,109093982.98280188,82.68290310843838,Test industry 2,True,,2021-11-01
TEST07,2021-11-01 13:00:00+00:00,0.0809242391284577,0.02916554831832155,85776719.96390152,55.81243395704837,Test industry 3,True,,2021-11-01
TEST08,2021-11-01 13:00:00+00:00,0.1821665249140232,0.06900965566547683,142116624.09045357,108.71807691137339,Test industry 4,True,,2021-11-01
TEST09,2021-11-01 13:00:00+00:00,0.17552152879894334,0.1145328698343551,134810514.69573703,96.3817356230517,Test industry 1,True,,2021-11-01
TEST10,2021-11-01 13:00:00+00:00,-0.20703347097771452,0.06020015252606144,83003059.69696991,59.824978511535654,Test industry 2,True,,2021-11-01
TEST11,2021-11-01 13:00:00+00:00,0.08872364510210673,0.06643009331675463,103945829.22945085,68.22672719006765,Test industry 3,True,,2021-11-01
TEST12,2021-11-01 13:00:00+00:00,0.16325481707603418,0.06727814252891748,98752043.12749135,69.91601643389157,Test industry 4,True,,2021-11-01
TEST13,2021-11-01 13:00:00+00:00,0.15778055775166688,0.01379974825380593,90999558.72905037,66.75365024594464,Test industry 1,True,,2021-11-01
TEST14,2021-11-01 13:00:00+00:00,-0.09187081666787067,0.12314236369401903,69376278.47691056,47.126730280820915,Test industry 2,True,,2021-11-01
TEST15,2021-11-01 13:00:00+00:00,0.1183473493306324,0.13076784056495183,120279785.29096687,98.26167534874195,Test industry 3,True,,2021-11-01
TEST16,2021-11-01 13:00:00+00:00,-0.04151639823384323,0.16262144312586568,82414677.15726611,67.05950387266529,Test industry 4,True,,2021-11-01
TEST17,2021-11-01 13:00:00+00:00,-0.10487156855183477,0.0005305448068584161,117449332.92532784,88.98145560820323,Test industry 1,True,,2021-11-01
TEST18,2021-11-01 13:00:00+00:00,-0.15775672162423404,0.07038897342496787,95380261.33541816,64.3151252132605,Test industry 2,True,,2021-11-01
TEST19,2021-11-01 13:00:00+00:00,-0.005586757921364205,0.052051805302640475,102926644.63517854,73.46691370842179,Test industry 3,True,,2021-11-01
TEST20,2021-11-01 13:00:00+00:00,-0.03563477076520294,0.07582361870557969,139375933.42554724,94.15859379614622,Test industry 4,True,,2021-11-01
TEST01,2021-12-01 14:00:00+00:00,0.08670136385753602,-0.03003947747365427,74641405.16193339,49.46740419906138,Test industry 1,True,,2021-12-01
TEST02,2021-12-01 14:00:00+00:00,0.35801842053905597,0.03288807891848458,92450255.3960681,60.833869876599344,Test industry 2,True,,2021-12-01
TEST03,2021-12-01 14:00:00+00:00,0.037234389985609795,0.16668248109185507,78972288.01621434,51.49773277224201,Test industry 3,True,,2021-12-01
TEST04,2021-12-01 14:00:00+00:00,0.04482956236843805,-0.03779190215421155,59115924.187138334,39.689415289951036,Test industry 4,True,,2021-12-01
TEST05,2021-12-01 14:00:00+00:00,-0.08992272987762628,0.028719791803706204,63363615.12808643,49.33405060140747,Test industry 1,True,,2021-12-01
TEST06,2021-12-01 14:00:00+00:00,3.1843319098001643e-05,0.14018679318227986,121673587.69618198,80.59409436013533,Test industry 2,True,,2021-12-01
TEST07,2021-12-01 14:00:00+00:00,0.05362430782594152,0.02916554831832155,81268999.36430043,56.25535467528813,Test industry 3,True,,2021-12-01
TEST08,2021-12-01 14:00:00+00:00,0.1831354729400374,0.06900965566547683,132826590.64836298,100.24105621354396,Test industry 4,True,,2021-12-01
TEST09,2021-12-01 14:00:00+00:00,0.20521716574520932,0.1145328698343551,134060685.22296539,98.13441872431113,Test industry 1,True,,2021-12-01
TEST10,2021-12-01 14:00:00+00:00,-0.1471437705189872,0.06020015252606144,82695018.82675226,61.01997109062112,Test industry 2,True,,2021-12-01
TEST11,2021-12-01 14:00:00+00:00,0.03223716477699279,0.06643009331675463,97807218.21600588,68.34513111115938,Test industry 3,True,,2021-12-01
TEST12,2021-12-01 14:00:00+00:00,0.13234495874960195,0.06727814252891748,96309551.54395847,71.58521743068728,Test industry 4,True,,2021-12-01
TEST13,2021-12-01 14:00:00+00:00,0.15825924497585397,0.01379974825380593,101511548.87988444,67.48853738268808,Test industry 1,True,,2021-12-01
TEST14,2021-12-01 14:00:00+00:00,-0.11200981133408694,0.12314236369401903,67847513.40136448,46.64186264735009,Test industry 2,True,,2021-12-01
TEST15,2021-12-01 14:00:00+00:00,0.09283640490286094,0.13076784056495183,130075213.87498835,98.68862393697283,Test industry 3,True,,2021-12-01
TEST16,2021-12-01 14:00:00+00:00,-0.024762308619843187,0.16262144312586568,84568321.07955104,64.3137514996242,Test industry 4,True,,2021-12-01
TEST17,2021-12-01 14:00:00+00:00,-0.04965289368852133,0.0005305448068584161,111767599.65155102,89.77447288696547,Test industry 1,True,,2021-12-01
TEST18,2021-12-01 14:00:00+00:00,-0.15732412550524888,0.07038897342496787,95380261.33541816,65.1050614096849,Test industry 2,True,,2021-12-01
TEST19,2021-12-01 14:00:00+00:00,-0.01079620742703924,0.052051805302640475,104028269.24740218,76.36479379333971,Test industry 3,True,,2021-12-01
TEST20,2021-12-01 14:00:00+00:00,-0.012334541284328981,0.07582361870557969,142829068.77643627,96.56914993926382,Test industry 4,True,,2021-12-01
TEST01,2022-01-03 14:00:00+00:00,0.12132243914059515,-0.03003947747365427,71680761.54666635,53.69997263738254,Test industry 1,True,,2022-01-03
TEST02,2022-01-03 14:00:00+00:00,0.23969653932711332,0.03288807891848458,85810278.78454891,60.82906067472821,Test industry 2,True,,2022-01-03
TEST03,2022-01-03 14:00:00+00:00,-0.10213659241912754,0.16668248109185507,78478085.574207,54.493285345221686,Test industry 3,True,,2022-01-03
TEST04,2022-01-03 14:00:00+00:00,-0.04063437194973307,-0.03779190215421155,58633945.65586918,39.397584214247985,Test industry 4,True,,2022-01-03
TEST05,2022-01-03 14:00:00+00:00,-0.10796085765028818,0.028719791803706204,68497315.50504673,51.82637869044825,Test industry 1,True,,2022-01-03
TEST06,2022-01-03 14:00:00+00:00,-0.058412824272548125,0.14018679318227986,128660699.13549748,81.39499612661139,Test industry 2,True,,2022-01-03
TEST07,2022-01-03 14:00:00+00:00,0.02531367257539041,0.02916554831832155,82223991.86837041,56.82554683186946,Test industry 3,True,,2022-01-03
TEST08,2022-01-03 14:00:00+00:00,0.04841759272472901,0.06900965566547683,143211098.52546388,100.48279988791036,Test industry 4,True,,2022-01-03
TEST09,2022-01-03 14:00:00+00:00,0.2050807239651653,0.1145328698343551,142649116.97030067,100.08088787882461,Test industry 1,True,,2022-01-03
TEST10,2022-01-03 14:00:00+00:00,-0.1743598114126923,0.06020015252606144,82118596.0156439,62.77732047467065,Test industry 2,True,,2022-01-03
TEST11,2022-01-03 14:00:00+00:00,-0.0715350928936268,0.06643009331675463,88869184.10219958,70.99501291303388,Test industry 3,True,,2022-01-03
TEST12,2022-01-03 14:00:00+00:00,0.11044791753967553,0.06727814252891748,101126053.50980619,72.30557668345321,Test industry 4,True,,2022-01-03
TEST13,2022-01-03 14:00:00+00:00,0.13757183632515124,0.01379974825380593,93099787.37360689,67.0321190405216,Test industry 1,True,,2022-01-03
TEST14,2022-01-03 14:00:00+00:00,-0.16137002253681865,0.12314236369401903,65083322.25574161,49.876514550502705,Test industry 2,True,,2022-01-03
TEST15,2022-01-03 14:00:00+00:00,0.0629457367247368,0.13076784056495183,132702635.27846059,103.25632559219056,Test industry 3,True,,2022-01-03
TEST16,2022-01-03 14:00:00+00:00,-0.03611174257286354,0.16262144312586568,80981137.66540104,64.890743788771,Test industry 4,True,,2022-01-03
TEST17,2022-01-03 14:00:00+00:00,-0.0008383125951679782,0.0005305448068584161,111767599.65155102,90.09282991427047,Test industry 1,True,,2022-01-03
TEST18,2022-01-03 14:00:00+00:00,-0.17449149908430484,0.07038897342496787,88843903.31228533,63.64531549096527,Test industry 2,True,,2022-01-03
TEST19,2022-01-03 14:00:00+00:00,0.042283583089425925,0.052051805302640475,107473164.52429998,78.73602849873079,Test industry 3,True,,2022-01-03
TEST20,2022-01-03 14:00:00+00:00,-0.028678059373246856,0.07582361870557969,139307868.84572774,99.46989286257555,Test industry 4,True,,2022-01-03
TEST01,2022-02-01 14:00:00+00:00,0.08254644048821502,-0.03003947747365427,75527208.11156474,50.96318946709391,Test industry 1,True,,2022-02-01
TEST02,2022-02-01 14:00:00+00:00,0.15794648099730413,0.03288807891848458,79808412.8461006,58.947209231347216,Test industry 2,True,,2022-02-01
TEST03,2022-02-01 14:00:00+00:00,-0.05248271018948314,0.16668248109185507,73603848.147401,55.11089790806891,Test industry 3,True,,2022-02-01
TEST04,2022-02-01 14:00:00+00:00,-0.05013021871807544,-0.03779190215421155,55414808.4683224,38.96412739514124,Test industry 4,True,,2022-02-01
TEST05,2022-02-01 14:00:00+00:00,-0.077913310214623,0.028719791803706204,70031311.3372348,48.54754298178261,Test industry 1,True,,2022-02-01
TEST06,2022-02-01 14:00:00+00:00,-0.02118489622798525,0.14018679318227986,119809955.0191939,79.36067145777501,Test industry 2,True,,2022-02-01
TEST07,2022-02-01 14:00:00+00:00,0.013935903339207467,0.02916554831832155,77914342.89034754,53.901485478015566,Test industry 3,True,,2022-02-01
TEST08,2022-02-01 14:00:00+00:00,0.004538375992686916,0.06900965566547683,141361192.6269061,95.1746995349327,Test industry 4,True,,2022-02-01
TEST09,2022-02-01 14:00:00+00:00,0.1809815697545356,0.1145328698343551,142922515.1410426,97.66212780337354,Test industry 1,True,,2022-02-01
TEST10,2022-02-01 14:00:00+00:00,-0.11672093018961927,0.06020015252606144,86380639.81154564,62.97795290402041,Test industry 2,True,,2022-02-01
TEST11,2022-02-01 14:00:00+00:00,-0.0728277149506299,0.06643009331675463,99950298.2972531,72.65449365633792,Test industry 3,True,,2022-02-01
TEST12,2022-02-01 14:00:00+00:00,0.04823984597842057,0.06727814252891748,100510866.29686508,69.20969573970797,Test industry 4,True,,2022-02-01
TEST13,2022-02-01 14:00:00+00:00,0.07281280415562108,0.01379974825380593,93099787.37360689,62.54323988102426,Test industry 1,True,,2022-02-01
TEST14,2022-02-01 14:00:00+00:00,-0.1492652634583006,0.12314236369401903,65811281.92422493,46.84222339817135,Test industry 2,True,,2022-02-01
TEST15,2022-02-01 14:00:00+00:00,0.15564426571461665,0.13076784056495183,146246957.6060204,103.68808601246111,Test industry 3,True,,2022-02-01
TEST16,2022-02-01 14:00:00+00:00,-0.01998653132733974,0.16262144312586568,88894107.29926416,62.72003643764411,Test industry 4,True,,2022-02-01
TEST17,2022-02-01 14:00:00+00:00,-0.05612481577417894,0.0005305448068584161,108698306.167793,83.67862643888635,Test industry 1,True,,2022-02-01
TEST18,2022-02-01 14:00:00+00:00,-0.22305968854415903,0.07038897342496787,91689292.28765115,59.13648515936671,Test industry 2,True,,2022-02-01
TEST19,2022-02-01 14:00:00+00:00,-0.00023944578362733449,0.052051805302640475,112622344.93833734,78.84953923654459,Test industry 3,True,,2022-02-01
TEST20,2022-02-01 14:00:00+00:00,-0.016797165788532187,0.07582361870557969,136404672.2739743,99.45218803194496,Test industry 4,True,,2022-02-01
TEST01,2022-03-01 14:00:00+00:00,0.05909274595115366,-0.03003947747365427,72713059.24381559,51.52891839521506,Test industry 1,True,,2022-03-01
TEST02,2022-03-01 14:00:00+00:00,0.11366635267169056,0.03288807891848458,79346087.39217463,60.14644796915469,Test industry 2,True,,2022-03-01
TEST03,2022-03-01 14:00:00+00:00,-0.06784111930138925,0.16668248109185507,79998425.70754719,58.78219204370115,Test industry 3,True,,2022-03-01
TEST04,2022-03-01 14:00:00+00:00,-0.027067423212707276,-0.03779190215421155,55176718.71599604,40.14254759772875,Test industry 4,True,,2022-03-01
TEST05,2022-03-01 14:00:00+00:00,-0.11784787741730296,0.028719791803706204,74185523.23685876,50.434838871163024,Test industry 1,True,,2022-03-01
TEST06,2022-03-01 14:00:00+00:00,0.001496953356583175,0.14018679318227986,117980648.66731247,80.68291998112271,Test industry 2,True,,2022-03-01
TEST07,2022-03-01 14:00:00+00:00,0.011132264358997057,0.02916554831832155,76371133.09266669,55.69302227386806,Test industry 3,True,,2022-03-01
TEST08,2022-03-01 14:00:00+00:00,-0.030868426736333165,0.06900965566547683,140865003.823982,97.68315135250985,Test industry 4,True,,2022-03-01
TEST09,2022-03-01 14:00:00+00:00,0.21381835976302854,0.1145328698343551,135180952.32918447,100.50525294006462,Test industry 1,True,,2022-03-01
TEST10,2022-03-01 14:00:00+00:00,-0.075198777705067,0.06020015252606144,85141348.3945122,65.00576388601513,Test industry 2,True,,2022-03-01
TEST11,2022-03-01 14:00:00+00:00,-0.05375384096329827,0.06643009331675463,108944433.73353565,72.23468070551908,Test industry 3,True,,2022-03-01
TEST12,2022-03-01 14:00:00+00:00,-0.009487985272389365,0.06727814252891748,100569882.89736572,72.60248643134285,Test industry 4,True,,2022-03-01
TEST13,2022-03-01 14:00:00+00:00,-0.012379298557319784,0.01379974825380593,88899303.09728223,60.87404824400044,Test industry 1,True,,2022-03-01
TEST14,2022-03-01 14:00:00+00:00,-0.1518355859539302,0.12314236369401903,60532954.1391567,47.02889152328814,Test industry 2,True,,2022-03-01
TEST15,2022-03-01 14:00:00+00:00,0.2442802178400203,0.13076784056495183,148901540.4820841,107.02218589742971,Test industry 3,True,,2022-03-01
TEST16,2022-03-01 14:00:00+00:00,-0.032664797139307145,0.16262144312586568,87639466.0378004,63.980361405425946,Test industry 4,True,,2022-03-01
TEST17,2022-03-01 14:00:00+00:00,-0.02407466667659497,0.0005305448068584161,111624822.14167762,82.25949777571246,Test industry 1,True,,2022-03-01
TEST18,2022-03-01 14:00:00+00:00,-0.24845277027020796,0.07038897342496787,82428740.6749153,60.75039327329956,Test industry 2,True,,2022-03-01
TEST19,2022-03-01 14:00:00+00:00,0.016555892689848584,0.052051805302640475,112864379.43094862,81.41412285220581,Test industry 3,True,,2022-03-01
TEST20,2022-03-01 14:00:00+00:00,-0.043587486394375485,0.07582361870557969,135018288.50066918,102.09885951793407,Test industry 4,True,,2022-03-01
TEST01,2022-04-01 13:00:00+00:00,0.0508830129525748,0.05530340355839641,70311079.09887618,53.97594057049796,Test industry 1,True,,2022-04-01
TEST02,2022-04-01 13:00:00+00:00,0.08588803240488319,0.09778336298027888,79417847.53884444,60.96690525418333,Test industry 2,True,,2022-04-01
TEST03,2022-04-01 13:00:00+00:00,-0.006773241442025069,0.004711738094958994,76155887.63667223,58.660488740165995,Test industry 3,True,,2022-04-01
TEST04,2022-04-01 13:00:00+00:00,-0.03201037607117163,0.12214128807104079,54081687.17283237,41.02801897256132,Test industry 4,True,,2022-04-01
TEST05,2022-04-01 13:00:00+00:00,-0.08139464472339197,-0.03395882236975738,75117505.78660077,53.87166950030528,Test industry 1,True,,2022-04-01
TEST06,2022-04-01 13:00:00+00:00,0.019218898508274185,0.15347145193053524,112728372.91977626,86.60840416490775,Test industry 2,True,,2022-04-01
TEST07,2022-04-01 13:00:00+00:00,-0.025098997825051428,0.023817602974635962,74502441.73043689,58.64937022416863,Test industry 3,True,,2022-04-01
TEST08,2022-04-01 13:00:00+00:00,-0.10138205079720886,0.02937310012128687,138441477.8640164,97.61502195775438,Test industry 4,True,,2022-04-01
TEST09,2022-04-01 13:00:00+00:00,0.2154114799657112,0.1057991363326297,133925960.64628777,102.39300703651244,Test industry 1,True,,2022-04-01
TEST10,2022-04-01 13:00:00+00:00,-0.043456460137737074,0.09485942129847086,94167143.12159619,72.42462079132964,Test industry 2,True,,2022-04-01
TEST11,2022-04-01 13:00:00+00:00,-0.07164046722535933,0.01691325230215995,104806708.3885285,75.02919462017448,Test industry 3,True,,2022-04-01
TEST12,2022-04-01 13:00:00+00:00,0.0048547068377367,0.06751033882583457,104262471.89280206,77.7791362835406,Test industry 4,True,,2022-04-01
TEST13,2022-04-01 13:00:00+00:00,-0.03434045147701259,0.022289811987715076,87108172.49793679,57.835475689971986,Test industry 1,True,,2022-04-01
TEST14,2022-04-01 13:00:00+00:00,-0.2127360207536798,0.027601231204358753,64114186.33690049,49.071569656931956,Test industry 2,True,,2022-04-01
TEST15,2022-04-01 13:00:00+00:00,0.2013902019262781,0.046925581596712077,152953375.43380785,112.44574017318348,Test industry 3,True,,2022-04-01
TEST16,2022-04-01 13:00:00+00:00,-0.05828503808865493,0.1705370419533512,94037641.13958202,68.82096080896731,Test industry 4,True,,2022-04-01
TEST17,2022-04-01 13:00:00+00:00,-0.027879167895182078,0.08175110207196776,109747313.8179053,81.07947630183075,Test industry 1,True,,2022-04-01
TEST18,2022-04-01 13:00:00+00:00,-0.23919893976483175,0.0743790636023325,94691989.28756766,62.38633190117214,Test industry 2,True,,2022-04-01
TEST19,2022-04-01 13:00:00+00:00,0.04514146522322182,0.005106944708010044,112523972.7644533,79.67794586261961,Test industry 3,True,,2022-04-01
TEST20,2022-04-01 13:00:00+00:00,-0.06303504316702258,-0.015460106641530915,130669184.52410993,101.10583735671625,Test industry 4,True,,2022-04-01
TEST01,2022-05-02 13:00:00+00:00,0.1154801523871114,0.05530340355839641,70298025.15705585,54.316057446789344,Test industry 1,True,,2022-05-02
TEST02,2022-05-02 13:00:00+00:00,0.18045945161449306,0.09778336298027888,79697347.43691102,59.41762365233771,Test industry 2,True,,2022-05-02
TEST03,2022-05-02 13:00:00+00:00,0.04840549388752158,0.004711738094958994,77920430.98939699,56.049080659437756,Test industry 3,True,,2022-05-02
TEST04,2022-05-02 13:00:00+00:00,0.05542152588362104,0.12214128807104079,53698881.35873851,39.55709338854688,Test industry 4,True,,2022-05-02
TEST05,2022-05-02 13:00:00+00:00,0.014161760606422602,-0.03395882236975738,73883064.90483513,51.8657646257078,Test industry 1,True,,2022-05-02
TEST06,2022-05-02 13:00:00+00:00,0.15059831118928058,0.15347145193053524,109512788.19181311,94.15542750554076,Test industry 2,True,,2022-05-02
TEST07,2022-05-02 13:00:00+00:00,0.030522164105285965,0.023817602974635962,76656500.93653277,58.63898148703088,Test industry 3,True,,2022-05-02
TEST08,2022-05-02 13:00:00+00:00,-0.04536452752079079,0.02937310012128687,129922883.29754722,95.83417353333128,Test industry 4,True,,2022-05-02
TEST09,2022-05-02 13:00:00+00:00,0.2757133906253584,0.1057991363326297,140221880.6601281,106.08041125279735,Test industry 1,True,,2022-05-02
TEST10,2022-05-02 13:00:00+00:00,0.133178158491416,0.09485942129847086,100532460.33262888,70.8768235794644,Test industry 2,True,,2022-05-02
TEST11,2022-05-02 13:00:00+00:00,0.019740908025677406,0.01691325230215995,104205383.73695949,76.30346698946114,Test industry 3,True,,2022-05-02
TEST12,2022-05-02 13:00:00+00:00,0.0868357270883664,0.06751033882583457,102090015.88273631,76.88354725333988,Test industry 4,True,,2022-05-02
TEST13,2022-05-02 13:00:00+00:00,-0.06463020754774063,0.022289811987715076,85977217.23241442,57.19525899226365,Test industry 1,True,,2022-05-02
TEST14,2022-05-02 13:00:00+00:00,-0.14611934512330238,0.027601231204358753,71835524.55788821,47.561364750044696,Test industry 2,True,,2022-05-02
TEST15,2022-05-02 13:00:00+00:00,0.32262060682183713,0.046925581596712077,157406303.79361308,108.15321920932111,Test industry 3,True,,2022-05-02
TEST16,2022-05-02 13:00:00+00:00,0.02441518597673875,0.1705370419533512,93550606.4224439,64.63100482765549,Test industry 4,True,,2022-05-02
TEST17,2022-05-02 13:00:00+00:00,-0.02094384519752346,0.08175110207196776,116596346.30871993,81.07384248200756,Test industry 1,True,,2022-05-02
TEST18,2022-05-02 13:00:00+00:00,-0.17651300567913641,0.0743790636023325,91273586.02504082,63.742401754952596,Test industry 2,True,,2022-05-02
TEST19,2022-05-02 13:00:00+00:00,0.04128767868469585,0.005106944708010044,110542213.75298333,76.22160664474293,Test industry 3,True,,2022-05-02
TEST20,2022-05-02 13:00:00+00:00,-0.0394768925355693,-0.015460106641530915,140288911.40485036,102.9449665595069,Test industry 4,True,,2022-05-02
TEST01,2022-06-01 13:00:00+00:00,0.023882549469670167,0.05530340355839641,73197619.93130371,58.31288759209026,Test industry 1,True,,2022-06-01
TEST02,2022-06-01 13:00:00+00:00,0.04352092891883519,0.09778336298027888,85579868.81426537,63.903991561089356,Test industry 2,True,,2022-06-01
TEST03,2022-06-01 13:00:00+00:00,-0.05944422348707645,0.004711738094958994,72817361.9494771,55.85193033727896,Test industry 3,True,,2022-06-01
TEST04,2022-06-01 13:00:00+00:00,-0.0851704640522295,0.12214128807104079,57650801.053039275,43.2671315402978,Test industry 4,True,,2022-06-01
TEST05,2022-06-01 13:00:00+00:00,-0.11377109374893724,-0.03395882236975738,74377417.99736783,56.31846837110096,Test industry 1,True,,2022-06-01
TEST06,2022-06-01 13:00:00+00:00,0.19025548300621042,0.15347145193053524,121560918.58865453,106.33305528375313,Test industry 2,True,,2022-06-01
TEST07,2022-06-01 13:00:00+00:00,0.008497644143723226,0.023817602974635962,83461211.97192204,58.34263148626979,Test industry 3,True,,2022-06-01
TEST08,2022-06-01 13:00:00+00:00,-0.1538623714244549,0.02937310012128687,128502009.53598231,101.0491841932803,Test industry 4,True,,2022-06-01
TEST09,2022-06-01 13:00:00+00:00,0.19406627276988386,0.1057991363326297,145533221.86927325,113.82304703239781,Test industry 1,True,,2022-06-01
TEST10,2022-06-01 13:00:00+00:00,0.058042028923094735,0.09485942129847086,105555697.39492588,74.83782937237558,Test industry 2,True,,2022-06-01
TEST11,2022-06-01 13:00:00+00:00,-0.021308811096273694,0.01691325230215995,104205383.73695949,81.32990708979196,Test industry 3,True,,2022-06-01
TEST12,2022-06-01 13:00:00+00:00,-0.008600596442512431,0.06751033882583457,103242638.75845174,78.14908974979305,Test industry 4,True,,2022-06-01
TEST13,2022-06-01 13:00:00+00:00,-0.1069898855254332,0.022289811987715076,82832990.24734429,57.144016295546244,Test industry 1,True,,2022-06-01
TEST14,2022-06-01 13:00:00+00:00,-0.1716566195699324,0.027601231204358753,74611697.31540267,49.24199983775981,Test industry 2,True,,2022-06-01
TEST15,2022-06-01 13:00:00+00:00,0.16503098517680703,0.046925581596712077,147935881.42231262,110.03336609882518,Test industry 3,True,,2022-06-01
TEST16,2022-06-01 13:00:00+00:00,-0.07651919511860228,0.1705370419533512,92110606.98274493,67.49825071424675,Test industry 4,True,,2022-06-01
TEST17,2022-06-01 13:00:00+00:00,-0.08330543133338375,0.08175110207196776,119047652.23685925,86.98068643097615,Test industry 1,True,,2022-06-01
TEST18,2022-06-01 13:00:00+00:00,-0.16465509294452274,0.0743790636023325,94575894.8978338,64.06717448774533,Test industry 2,True,,2022-06-01
TEST19,2022-06-01 13:00:00+00:00,-0.02029075487722576,0.005106944708010044,120027934.33141628,86.80496733046907,Test industry 3,True,,2022-06-01
TEST20,2022-06-01 13:00:00+00:00,-0.014786326050499898,-0.015460106641530915,139509981.78099135,110.05484080684371,Test industry 4,True,,2022-06-01
TEST01,2022-07-01 13:00:00+00:00,0.2099876551462705,0.05530340355839641,74266256.21342134,60.0400002553973,Test industry 1,True,,2022-07-01
TEST02,2022-07-01 13:00:00+00:00,0.07861069234736995,0.09778336298027888,88302134.86865157,63.71547106576004,Test industry 2,True,,2022-07-01
TEST03,2022-07-01 13:00:00+00:00,-0.042039370738049864,0.004711738094958994,80127262.6700995,53.479900736074335,Test industry 3,True,,2022-07-01
TEST04,2022-07-01 13:00:00+00:00,0.031162195395865844,0.12214128807104079,58576921.47516061,40.796118858992195,Test industry 4,True,,2022-07-01
TEST05,2022-07-01 13:00:00+00:00,0.049457553947593214,-0.03395882236975738,77433260.54410407,55.13766385559384,Test industry 1,True,,2022-07-01
TEST06,2022-07-01 13:00:00+00:00,0.4057629181910889,0.15347145193053524,133630458.38937405,103.99451045587674,Test industry 2,True,,2022-07-01
TEST07,2022-07-01 13:00:00+00:00,-0.002723716044358837,0.023817602974635962,83624251.80035686,58.532029045223354,Test industry 3,True,,2022-07-01
TEST08,2022-07-01 13:00:00+00:00,-0.06482993051093999,0.02937310012128687,125732800.12336048,101.88679689244192,Test industry 4,True,,2022-07-01
TEST09,2022-07-01 13:00:00+00:00,0.23266044463367486,0.1057991363326297,156657272.81591213,110.35260574645082,Test industry 1,True,,2022-07-01
TEST10,2022-07-01 13:00:00+00:00,0.21273465016359672,0.09485942129847086,103141776.82159424,71.34787254236194,Test industry 2,True,,2022-07-01
TEST11,2022-07-01 13:00:00+00:00,0.12174591613773655,0.01691325230215995,106775072.33088963,80.2605028189236,Test industry 3,True,,2022-07-01
TEST12,2022-07-01 13:00:00+00:00,0.011106706507927111,0.06751033882583457,99852810.51094885,74.64397033679019,Test industry 4,True,,2022-07-01
TEST13,2022-07-01 13:00:00+00:00,-0.07451410156147631,0.022289811987715076,78222230.56488767,54.10941610143614,Test industry 1,True,,2022-07-01
TEST14,2022-07-01 13:00:00+00:00,-0.07039640662954505,0.027601231204358753,73889271.24100095,48.9190351396578,Test industry 2,True,,2022-07-01
TEST15,2022-07-01 13:00:00+00:00,0.1970719797138596,0.046925581596712077,145895750.2234177,102.10898639739605,Test industry 3,True,,2022-07-01
TEST16,2022-07-01 13:00:00+00:00,-0.003350107426379756,0.1705370419533512,93063807.80627798,64.41661229059558,Test industry 4,True,,2022-07-01
TEST17,2022-07-01 13:00:00+00:00,-0.005838552825866317,0.08175110207196776,118722767.0557202,84.36161908754008,Test industry 1,True,,2022-07-01
TEST18,2022-07-01 13:00:00+00:00,-0.07007563488734525,0.0743790636023325,86026219.35859898,65.22863900407654,Test industry 2,True,,2022-07-01
TEST19,2022-07-01 13:00:00+00:00,0.2576573266912525,0.005106944708010044,119452727.2556811,89.16167313463589,Test industry 3,True,,2022-07-01
TEST20,2022-07-01 13:00:00+00:00,0.1251480666102358,-0.015460106641530915,145457256.29892975,108.80673724882806,Test industry 4,True,,2022-07-01
TEST01,2022-08-01 13:00:00+00:00,0.34012365149133705,0.05530340355839641,75510681.46070212,62.12006390222183,Test industry 1,True,,2022-08-01
TEST02,2022-08-01 13:00:00+00:00,0.043189378678622825,0.09778336298027888,91625040.13893633,64.32799334652344,Test industry 2,True,,2022-08-01
TEST03,2022-08-01 13:00:00+00:00,-0.025428085975807146,0.004711738094958994,76729850.6217397,56.672393501068036,Test industry 3,True,,2022-08-01
TEST04,2022-08-01 13:00:00+00:00,0.03604405728543014,0.12214128807104079,58777315.35588284,39.00553189503682,Test industry 4,True,,2022-08-01
TEST05,2022-08-01 13:00:00+00:00,0.0918093412446781,-0.03395882236975738,78824277.16531447,58.161595254794676,Test industry 1,True,,2022-08-01
TEST06,2022-08-01 13:00:00+00:00,0.47129828519101924,0.15347145193053524,155573678.7155071,106.21747259503645,Test industry 2,True,,2022-08-01
TEST07,2022-08-01 13:00:00+00:00,0.04142017246298635,0.023817602974635962,76595377.89241931,58.623673695176,Test industry 3,True,,2022-08-01
TEST08,2022-08-01 13:00:00+00:00,-0.020333608793035363,0.02937310012128687,146065131.26849234,107.82337648066186,Test industry 4,True,,2022-08-01
TEST09,2022-08-01 13:00:00+00:00,0.2914813318287661,0.1057991363326297,165990591.50944495,115.22421974507485,Test industry 1,True,,2022-08-01
TEST10,2022-08-01 13:00:00+00:00,0.3028236768854038,0.09485942129847086,102395506.62417082,75.21741181124199,Test industry 2,True,,2022-08-01
TEST11,2022-08-01 13:00:00+00:00,0.16610888012722813,0.01691325230215995,106775072.33088963,82.08539268940926,Test industry 3,True,,2022-08-01
TEST12,2022-08-01 13:00:00+00:00,0.03892528295269848,0.06751033882583457,108852603.72791468,77.6394515903712,Test industry 4,True,,2022-08-01
TEST13,2022-08-01 13:00:00+00:00,-0.12708854069238995,0.022289811987715076,76523087.8335976,57.58650544333866,Test industry 1,True,,2022-08-01
TEST14,2022-08-01 13:00:00+00:00,-0.024649830706266584,0.027601231204358753,65212590.89757662,48.31156024326832,Test industry 2,True,,2022-08-01
TEST15,2022-08-01 13:00:00+00:00,0.1809631557964242,0.046925581596712077,138759371.0356289,98.43211166952962,Test industry 3,True,,2022-08-01
TEST16,2022-08-01 13:00:00+00:00,-0.04298432910087524,0.1705370419533512,89624264.11978722,63.48758003781345,Test industry 4,True,,2022-08-01
TEST17,2022-08-01 13:00:00+00:00,0.04609944552863765,0.08175110207196776,115513929.35743791,85.02807376238177,Test industry 1,True,,2022-08-01
TEST18,2022-08-01 13:00:00+00:00,0.03770548904074178,0.0743790636023325,88526422.74690881,64.14596429773052,Test industry 2,True,,2022-08-01
TEST19,2022-08-01 13:00:00+00:00,0.2823887922792141,0.005106944708010044,117901243.1640156,92.08659479059321,Test industry 3,True,,2022-08-01
TEST20,2022-08-01 13:00:00+00:00,0.18269728396808316,-0.015460106641530915,148282992.14646727,110.8497743716597,Test industry 4,True,,2022-08-01
TEST01,2022-09-01 13:00:00+00:00,0.31138704532939476,0.05530340355839641,82531987.28602806,58.42347653371552,Test industry 1,True,,2022-09-01
TEST02,2022-09-01 13:00:00+00:00,-0.006790897692995235,0.09778336298027888,87131857.05195464,60.304455366585714,Test industry 2,True,,2022-09-01
TEST03,2022-09-01 13:00:00+00:00,0.00844307135243616,0.004711738094958994,74041423.83546296,54.553964013254316,Test industry 3,True,,2022-09-01
TEST04,2022-09-01 13:00:00+00:00,-0.006967375997723124,0.12214128807104079,55788755.41207421,36.63435397628864,Test industry 4,True,,2022-09-01
TEST05,2022-09-01 13:00:00+00:00,0.04730925907065342,-0.03395882236975738,79216014.16037345,54.86206844330046,Test industry 1,True,,2022-09-01
TEST06,2022-09-01 13:00:00+00:00,0.42588913946769935,0.15347145193053524,160916675.73789614,95.33868705293413,Test industry 2,True,,2022-09-01
TEST07,2022-09-01 13:00:00+00:00,0.06774613376813976,0.023817602974635962,79653781.83859363,56.125562162205995,Test industry 3,True,,2022-09-01
TEST08,2022-09-01 13:00:00+00:00,-0.017932330478292458,0.02937310012128687,143646389.75726753,96.17912427911624,Test industry 4,True,,2022-09-01
TEST09,2022-09-01 13:00:00+00:00,0.2733313198650069,0.1057991363326297,162540919.41143572,110.77480714086414,Test industry 1,True,,2022-09-01
TEST10,2022-09-01 13:00:00+00:00,0.316221624720159,0.09485942129847086,95200374.0152263,71.40667288241936,Test industry 2,True,,2022-09-01
TEST11,2022-09-01 13:00:00+00:00,0.1468270163808887,0.01691325230215995,111603044.60696909,79.63149588390756,Test industry 3,True,,2022-09-01
TEST12,2022-09-01 13:00:00+00:00,0.10839659286776437,0.06751033882583457,109311098.14446162,76.97364809099801,Test industry 4,True,,2022-09-01
TEST13,2022-09-01 13:00:00+00:00,-0.10602109604940435,0.022289811987715076,79405918.1769763,54.46639873893219,Test industry 1,True,,2022-09-01
TEST14,2022-09-01 13:00:00+00:00,0.0016057174991872536,0.027601231204358753,68272530.80437039,46.10750045377778,Test industry 2,True,,2022-09-01
TEST15,2022-09-01 13:00:00+00:00,0.13106865115869382,0.046925581596712077,141720897.56517687,101.43684860619341,Test industry 3,True,,2022-09-01
TEST16,2022-09-01 13:00:00+00:00,-0.10569418411820819,0.1705370419533512,93196769.03983024,60.55641728462122,Test industry 4,True,,2022-09-01
TEST17,2022-09-01 13:00:00+00:00,0.008208857429831573,0.08175110207196776,118996319.44807234,81.4933972984112,Test industry 1,True,,2022-09-01
TEST18,2022-09-01 13:00:00+00:00,-0.006035903123009501,0.0743790636023325,95584687.21921809,60.70118423844689,Test industry 2,True,,2022-09-01
TEST19,2022-09-01 13:00:00+00:00,0.32604477418720035,0.005106944708010044,118938569.85364836,91.0794405438849,Test industry 3,True,,2022-09-01
TEST20,2022-09-01 13:00:00+00:00,0.1818120151768099,-0.015460106641530915,151323466.22192618,105.88306988323508,Test industry 4,True,,2022-09-01
TEST01,2022-10-03 13:00:00+00:00,0.20496455537394342,0.05530340355839641,78692278.45170155,57.85686740512157,Test industry 1,True,,2022-10-03
TEST02,2022-10-03 13:00:00+00:00,-0.06555519886708272,0.09778336298027888,87479779.65903473,61.145364415904304,Test industry 2,True,,2022-10-03
TEST03,2022-10-03 13:00:00+00:00,-0.055085325678352004,0.004711738094958994,73192003.41047865,53.77233029484066,Test industry 3,True,,2022-10-03
TEST04,2022-10-03 13:00:00+00:00,-0.15163057634273858,0.12214128807104079,53621063.32034239,36.515109348296974,Test industry 4,True,,2022-10-03
TEST05,2022-10-03 13:00:00+00:00,0.034826906381933975,-0.03395882236975738,75948016.70503086,56.340110283353695,Test industry 1,True,,2022-10-03
TEST06,2022-10-03 13:00:00+00:00,0.2236551178847146,0.15347145193053524,143789377.72771007,92.97754375480126,Test industry 2,True,,2022-10-03
TEST07,2022-10-03 13:00:00+00:00,-0.05443166947504352,0.023817602974635962,76314011.19392514,57.07389836989463,Test industry 3,True,,2022-10-03
TEST08,2022-10-03 13:00:00+00:00,-0.13106569066672769,0.02937310012128687,133525842.5484991,95.73150411864347,Test industry 4,True,,2022-10-03
TEST09,2022-10-03 13:00:00+00:00,0.14741075144293592,0.1057991363326297,146226786.61762184,108.96764059836133,Test industry 1,True,,2022-10-03
TEST10,2022-10-03 13:00:00+00:00,0.22063244017244155,0.09485942129847086,96319845.59703004,72.42156835724238,Test industry 2,True,,2022-10-03
TEST11,2022-10-03 13:00:00+00:00,0.10851656494342832,0.01691325230215995,111388015.24605677,78.10284416752705,Test industry 3,True,,2022-10-03
TEST12,2022-10-03 13:00:00+00:00,0.05455562675537373,0.06751033882583457,111753986.41644597,80.56787201747463,Test industry 4,True,,2022-10-03
TEST13,2022-10-03 13:00:00+00:00,-0.2070679218534327,0.022289811987715076,82832191.67356527,56.693975005996776,Test industry 1,True,,2022-10-03
TEST14,2022-10-03 13:00:00+00:00,-0.055732922454402756,0.027601231204358753,70215125.40863813,46.51327397713312,Test industry 2,True,,2022-10-03
TEST15,2022-10-03 13:00:00+00:00,0.02328023683919289,0.046925581596712077,141720897.56517687,104.63767279701335,Test industry 3,True,,2022-10-03
TEST16,2022-10-03 13:00:00+00:00,-0.16189683109622977,0.1705370419533512,90754030.96974699,60.861465511496675,Test industry 4,True,,2022-10-03
TEST17,2022-10-03 13:00:00+00:00,-0.08273452790564839,0.08175110207196776,118135726.48770693,84.31748413243652,Test industry 1,True,,2022-10-03
TEST18,2022-10-03 13:00:00+00:00,-0.10330607934433689,0.0743790636023325,97989613.26497152,62.38050029401314,Test industry 2,True,,2022-10-03
TEST19,2022-10-03 13:00:00+00:00,0.203100672335081,0.005106944708010044,124285816.71218279,97.10080387936826,Test industry 3,True,,2022-10-03
TEST20,2022-10-03 13:00:00+00:00,0.07305835583889242,-0.015460106641530915,144000801.88888308,108.87971877918372,Test industry 4,True,,2022-10-03
TEST01,2022-11-01 13:00:00+00:00,0.20578017453628594,0.05530340355839641,76702159.86299074,55.47629706549297,Test industry 1,True,,2022-11-01
TEST02,2022-11-01 13:00:00+00:00,-0.062293736309455894,0.09778336298027888,86203709.3533993,59.76923392864101,Test industry 2,True,,2022-11-01
TEST03,2022-11-01 13:00:00+00:00,-0.024783523367166493,0.004711738094958994,72963272.73746778,49.502614065916596,Test industry 3,True,,2022-11-01
TEST04,2022-11-01 13:00:00+00:00,-0.1424075958193668,0.12214128807104079,54850298.18195774,33.13020276311181,Test industry 4,True,,2022-11-01
TEST05,2022-11-01 13:00:00+00:00,0.14722301003462013,-0.03395882236975738,78166585.16679487,52.51432372237881,Test industry 1,True,,2022-11-01
TEST06,2022-11-01 13:00:00+00:00,0.12450748896493735,0.15347145193053524,133276240.87078303,88.74491722031435,Test industry 2,True,,2022-11-01
TEST07,2022-11-01 13:00:00+00:00,0.02260185273082782,0.023817602974635962,82153857.53195511,55.56107357140652,Test industry 3,True,,2022-11-01
TEST08,2022-11-01 13:00:00+00:00,-0.11945182587543857,0.02937310012128687,130665943.66116002,93.04780436636842,Test industry 4,True,,2022-11-01
TEST09,2022-11-01 13:00:00+00:00,0.13058392125799667,0.1057991363326297,143187597.64215174,101.64262447483085,Test industry 1,True,,2022-11-01
TEST10,2022-11-01 13:00:00+00:00,0.21055736515271462,0.09485942129847086,99388646.6051431,71.54162885994104,Test industry 2,True,,2022-11-01
TEST11,2022-11-01 13:00:00+00:00,0.14475437096588673,0.01691325230215995,111665663.24466957,75.67768632067316,Test industry 3,True,,2022-11-01
TEST12,2022-11-01 13:00:00+00:00,0.15235215229481525,0.06751033882583457,112118554.09990108,79.37375101435745,Test industry 4,True,,2022-11-01
TEST13,2022-11-01 13:00:00+00:00,-0.1506985041699499,0.022289811987715076,80825837.44144702,53.60804811164698,Test industry 1,True,,2022-11-01
TEST14,2022-11-01 13:00:00+00:00,-0.013017162447560127,0.027601231204358753,70014602.43594047,43.84904008974412,Test industry 2,True,,2022-11-01
TEST15,2022-11-01 13:00:00+00:00,0.06488793749589816,0.046925581596712077,142441450.7833193,107.45203458796811,Test industry 3,True,,2022-11-01
TEST16,2022-11-01 13:00:00+00:00,-0.09242595013732346,0.1705370419533512,90247394.62048672,56.6269276349925,Test industry 4,True,,2022-11-01
TEST17,2022-11-01 13:00:00+00:00,-0.05241509530146127,0.08175110207196776,122964808.01836723,81.050348678727,Test industry 1,True,,2022-11-01
TEST18,2022-11-01 13:00:00+00:00,-0.030080403526113075,0.0743790636023325,87852239.68306606,59.382197723855775,Test industry 2,True,,2022-11-01
TEST19,2022-11-01 13:00:00+00:00,0.32169433800833835,0.005106944708010044,127107421.19117709,83.51635139317075,Test industry 3,True,,2022-11-01
TEST20,2022-11-01 13:00:00+00:00,0.15634393409600822,-0.015460106641530915,150220107.57960892,103.425784831369,Test industry 4,True,,2022-11-01
TEST01,2022-12-01 14:00:00+00:00,0.12147176436126017,0.05530340355839641,74710380.74216816,55.88148479864488,Test industry 1,True,,2022-12-01
TEST02,2022-12-01 14:00:00+00:00,-0.017500710543615572,0.09778336298027888,89612590.89703801,60.452939619953625,Test industry 2,True,,2022-12-01
TEST03,2022-12-01 14:00:00+00:00,-0.03874187462095047,0.004711738094958994,71168903.51970182,51.106206532814625,Test industry 3,True,,2022-12-01
TEST04,2022-12-01 14:00:00+00:00,-0.16526352124164334,0.12214128807104079,54850298.18195774,33.08444742965835,Test industry 4,True,,2022-12-01
TEST05,2022-12-01 14:00:00+00:00,0.06446405843838443,-0.03395882236975738,76325596.74162535,52.44063614488765,Test industry 1,True,,2022-12-01
TEST06,2022-12-01 14:00:00+00:00,0.10113424469734733,0.15347145193053524,116032986.5506877,82.53738310467907,Test industry 2,True,,2022-12-01
TEST07,2022-12-01 14:00:00+00:00,-0.012341600331009839,0.023817602974635962,75931861.71618046,54.27922443549827,Test industry 3,True,,2022-12-01
TEST08,2022-12-01 14:00:00+00:00,-0.07175953764744569,0.02937310012128687,134379867.6792277,92.45912611543403,Test industry 4,True,,2022-12-01
TEST09,2022-12-01 14:00:00+00:00,0.035748983854230865,0.1057991363326297,143187597.64215174,104.97795440592049,Test industry 1,True,,2022-12-01
TEST10,2022-12-01 14:00:00+00:00,0.17242974031721747,0.09485942129847086,96934876.12694243,74.25146991800676,Test industry 2,True,,2022-12-01
TEST11,2022-12-01 14:00:00+00:00,0.10728716282053519,0.01691325230215995,104418523.93735445,71.6296659517648,Test industry 3,True,,2022-12-01
TEST12,2022-12-01 14:00:00+00:00,0.10880086508379261,0.06751033882583457,115780858.84441087,81.48446340329633,Test industry 4,True,,2022-12-01
TEST13,2022-12-01 14:00:00+00:00,-0.20567180456635104,0.022289811987715076,75308738.87572548,54.33018614695238,Test industry 1,True,,2022-12-01
TEST14,2022-12-01 14:00:00+00:00,-0.05987802371277373,0.027601231204358753,64003022.80926153,42.022800529836,Test industry 2,True,,2022-12-01
TEST15,2022-12-01 14:00:00+00:00,0.08879858996303369,0.046925581596712077,142396232.07420385,102.69526559214981,Test industry 3,True,,2022-12-01
TEST16,2022-12-01 14:00:00+00:00,-0.1195206885836324,0.1705370419533512,86625015.45068222,56.266306263540734,Test industry 4,True,,2022-12-01
TEST17,2022-12-01 14:00:00+00:00,-0.09717822814981003,0.08175110207196776,120076596.14324737,81.32105671707487,Test industry 1,True,,2022-12-01
TEST18,2022-12-01 14:00:00+00:00,-0.08790197815523138,0.0743790636023325,77257791.24279618,56.63981635486874,Test industry 2,True,,2022-12-01
TEST19,2022-12-01 14:00:00+00:00,0.09364993008669353,0.005106944708010044,122631397.93655947,84.90848167114015,Test industry 3,True,,2022-12-01
TEST20,2022-12-01 14:00:00+00:00,0.07100233248835242,-0.015460106641530915,148638148.11875993,97.57594975652904,Test industry 4,True,,2022-12-01
TEST01,2023-01-03 14:00:00+00:00,0.041307110516030976,0.05530340355839641,71643172.16083214,56.19866957418252,Test industry 1,True,,2023-01-03
TEST02,2023-01-03 14:00:00+00:00,-0.01867817722084253,0.09778336298027888,91570990.08611858,61.92965207657576,Test industry 2,True,,2023-01-03
TEST03,2023-01-03 14:00:00+00:00,-0.05646889387466414,0.004711738094958994,69394845.87971486,50.64047418611591,Test industry 3,True,,2023-01-03
TEST04,2023-01-03 14:00:00+00:00,-0.15921821145471982,0.12214128807104079,51933310.04962933,34.08136245599433,Test industry 4,True,,2023-01-03
TEST05,2023-01-03 14:00:00+00:00,0.017007529093861384,-0.03395882236975738,76763861.08330527,54.31967608455905,Test industry 1,True,,2023-01-03
TEST06,2023-01-03 14:00:00+00:00,0.002965252196891699,0.15347145193053524,120531689.6864453,89.83294935040587,Test industry 2,True,,2023-01-03
TEST07,2023-01-03 14:00:00+00:00,-0.05516283386391285,0.023817602974635962,73116754.5198029,55.933389155075766,Test industry 3,True,,2023-01-03
TEST08,2023-01-03 14:00:00+00:00,-0.10442560753624353,0.02937310012128687,130903110.33871835,96.71877473656562,Test industry 4,True,,2023-01-03
TEST09,2023-01-03 14:00:00+00:00,0.02602987939014101,0.1057991363326297,150061582.1002105,106.5233275653729,Test industry 1,True,,2023-01-03
TEST10,2023-01-03 14:00:00+00:00,0.17729125659472578,0.09485942129847086,104205293.80234599,78.24767809183494,Test industry 2,True,,2023-01-03
TEST11,2023-01-03 14:00:00+00:00,0.005146528137521811,0.01691325230215995,107664888.5304038,75.58907444078186,Test industry 3,True,,2023-01-03
TEST12,2023-01-03 14:00:00+00:00,0.1166237870788589,0.06751033882583457,111244406.55609332,86.93141581238083,Test industry 4,True,,2023-01-03
TEST13,2023-01-03 14:00:00+00:00,-0.197247365219391,0.022289811987715076,77355169.54161063,55.142516905213,Test industry 1,True,,2023-01-03
TEST14,2023-01-03 14:00:00+00:00,-0.15697811903126535,0.027601231204358753,60016687.81521343,43.85096509391515,Test industry 2,True,,2023-01-03
TEST15,2023-01-03 14:00:00+00:00,0.003040575869657891,0.046925581596712077,144427347.1411516,105.79992502802386,Test industry 3,True,,2023-01-03
TEST16,2023-01-03 14:00:00+00:00,-0.14157824496588045,0.1705370419533512,81185531.22091193,59.00350392692163,Test industry 4,True,,2023-01-03
TEST17,2023-01-03 14:00:00+00:00,-0.1003660671177472,0.08175110207196776,120076596.14324737,82.63267135549091,Test industry 1,True,,2023-01-03
TEST18,2023-01-03 14:00:00+00:00,-0.12235518797414469,0.0743790636023325,75035728.03948602,55.25349374748365,Test industry 2,True,,2023-01-03
TEST19,2023-01-03 14:00:00+00:00,0.08238031787340194,0.005106944708010044,116909506.96077941,84.33789834836647,Test industry 3,True,,2023-01-03
TEST20,2023-01-03 14:00:00+00:00,-0.03062167788073089,-0.015460106641530915,143924305.6705471,93.19945225089293,Test industry 4,True,,2023-01-03
TEST01,2023-02-01 14:00:00+00:00,0.09212789023322565,0.05530340355839641,70678455.77644293,56.73141945913354,Test industry 1,True,,2023-02-01
TEST02,2023-02-01 14:00:00+00:00,0.04520419771710471,0.09778336298027888,87798077.60322927,66.12115191014219,Test industry 2,True,,2023-02-01
TEST03,2023-02-01 14:00:00+00:00,-0.09609158742785628,0.004711738094958994,68816371.11793053,48.73103853796864,Test industry 3,True,,2023-02-01
TEST04,2023-02-01 14:00:00+00:00,-0.14125721135082503,0.12214128807104079,51526327.06412986,35.21577455069402,Test industry 4,True,,2023-02-01
TEST05,2023-02-01 14:00:00+00:00,0.11055867840965994,-0.03395882236975738,76868921.24348688,55.33381611103228,Test industry 1,True,,2023-02-01
TEST06,2023-02-01 14:00:00+00:00,0.12017096885508138,0.15347145193053524,124172719.87943596,92.03487415098567,Test industry 2,True,,2023-02-01
TEST07,2023-02-01 14:00:00+00:00,0.027090672231225188,0.023817602974635962,70410286.63360225,53.80821643201926,Test industry 3,True,,2023-02-01
TEST08,2023-02-01 14:00:00+00:00,0.016970936270662706,0.02937310012128687,128749590.44981429,103.84031327487652,Test industry 4,True,,2023-02-01
TEST09,2023-02-01 14:00:00+00:00,0.08907139437712908,0.1057991363326297,148446809.8541038,111.261351228498,Test industry 1,True,,2023-02-01
TEST10,2023-02-01 14:00:00+00:00,0.2438402020597954,0.09485942129847086,104641173.8262156,84.18792418992399,Test industry 2,True,,2023-02-01
TEST11,2023-02-01 14:00:00+00:00,0.02489336329134595,0.01691325230215995,103941977.93880346,77.66189234092374,Test industry 3,True,,2023-02-01
TEST12,2023-02-01 14:00:00+00:00,0.257122261727905,0.06751033882583457,117108051.70585099,93.63727675031126,Test industry 4,True,,2023-02-01
TEST13,2023-02-01 14:00:00+00:00,-0.11320125902909883,0.022289811987715076,80050574.04672202,55.831329473364676,Test industry 1,True,,2023-02-01
TEST14,2023-02-01 14:00:00+00:00,-0.08149531778705077,0.027601231204358753,59706250.20272268,44.621018744777125,Test industry 2,True,,2023-02-01
TEST15,2023-02-01 14:00:00+00:00,0.014452100636874299,0.046925581596712077,155694386.8937552,107.26841332137766,Test industry 3,True,,2023-02-01
TEST16,2023-02-01 14:00:00+00:00,-0.07021771819192302,0.1705370419533512,81935252.05995838,61.18772277248581,Test industry 4,True,,2023-02-01
TEST17,2023-02-01 14:00:00+00:00,-0.05085089075217042,0.08175110207196776,121841012.20533922,90.63642835992731,Test industry 1,True,,2023-02-01
TEST18,2023-02-01 14:00:00+00:00,-0.07073976653641001,0.0743790636023325,79290685.4132084,56.1271686295783,Test industry 2,True,,2023-02-01
TEST19,2023-02-01 14:00:00+00:00,0.0737863235986167,0.005106944708010044,112156580.40670487,89.36386517860694,Test industry 3,True,,2023-02-01
TEST20,2023-02-01 14:00:00+00:00,-0.05896101179175173,-0.015460106641530915,125061681.22626516,92.53950987948716,Test industry 4,True,,2023-02-01
TEST01,2023-03-01 14:00:00+00:00,0.09274646691198951,0.05530340355839641,77888498.01912193,58.7973926018995,Test industry 1,True,,2023-03-01
TEST02,2023-03-01 14:00:00+00:00,0.08641034354817445,0.09778336298027888,84482510.80340505,62.903009050270505,Test industry 2,True,,2023-03-01
TEST03,2023-03-01 14:00:00+00:00,-0.17220959011149184,0.004711738094958994,69198460.37825064,46.29376229574879,Test industry 3,True,,2023-03-01
TEST04,2023-03-01 14:00:00+00:00,-0.1256681434117185,0.12214128807104079,49936200.450099334,35.83704936752856,Test industry 4,True,,2023-03-01
TEST05,2023-03-01 14:00:00+00:00,0.08705614581845489,-0.03395882236975738,76139570.33331889,53.10672597721012,Test industry 1,True,,2023-03-01
TEST06,2023-03-01 14:00:00+00:00,0.1339580649880734,0.15347145193053524,124548111.65205973,85.21248697149176,Test industry 2,True,,2023-03-01
TEST07,2023-03-01 14:00:00+00:00,-0.0166268256702089,0.023817602974635962,74287653.15800193,53.133194169316994,Test industry 3,True,,2023-03-01
TEST08,2023-03-01 14:00:00+00:00,0.015187963934187643,0.02937310012128687,131850597.92054325,104.89708303587551,Test industry 4,True,,2023-03-01
TEST09,2023-03-01 14:00:00+00:00,0.10460660915446929,0.1057991363326297,148446809.8541038,111.48434975480893,Test industry 1,True,,2023-03-01
TEST10,2023-03-01 14:00:00+00:00,0.27285094379384534,0.09485942129847086,103567026.4436287,82.29464585661435,Test industry 2,True,,2023-03-01
TEST11,2023-03-01 14:00:00+00:00,0.06408155427078177,0.01691325230215995,108625207.16977018,76.38350452749249,Test industry 3,True,,2023-03-01
TEST12,2023-03-01 14:00:00+00:00,0.25153525600951365,0.06751033882583457,132302806.23720816,94.40683822789896,Test industry 4,True,,2023-03-01
TEST13,2023-03-01 14:00:00+00:00,-0.09919932213854965,0.022289811987715076,83567148.3832621,53.87501689338803,Test industry 1,True,,2023-03-01
TEST14,2023-03-01 14:00:00+00:00,-0.06151360270206874,0.027601231204358753,58038657.31751102,41.81248187335574,Test industry 2,True,,2023-03-01
TEST15,2023-03-01 14:00:00+00:00,-0.019452987089406903,0.046925581596712077,156031585.35435456,110.84161264769826,Test industry 3,True,,2023-03-01
TEST16,2023-03-01 14:00:00+00:00,-0.04574071339791097,0.1705370419533512,81935252.05995838,58.06185920731424,Test industry 4,True,,2023-03-01
TEST17,2023-03-01 14:00:00+00:00,0.07632030560571823,0.08175110207196776,124368893.23215769,89.5287599371773,Test industry 1,True,,2023-03-01
TEST18,2023-03-01 14:00:00+00:00,-0.07416298536854504,0.0743790636023325,79585205.23452789,54.144004062035805,Test industry 2,True,,2023-03-01
TEST19,2023-03-01 14:00:00+00:00,0.09868953047463846,0.005106944708010044,119156049.84014672,86.95163589836919,Test industry 3,True,,2023-03-01
TEST20,2023-03-01 14:00:00+00:00,-0.10834076849315155,-0.015460106641530915,124766593.1454463,90.48850773725235,Test industry 4,True,,2023-03-01
TEST01,2023-04-03 13:00:00+00:00,0.06560920602658293,0.006868286882234923,80032438.78520787,57.4889549070366,Test industry 1,True,,2023-04-03
TEST02,2023-04-03 13:00:00+00:00,0.007687845341633137,0.16722534586096913,82065484.43029225,64.02309978226636,Test industry 2,True,,2023-04-03
TEST03,2023-04-03 13:00:00+00:00,-0.2253046499561292,-0.025605388404483943,68165717.32566676,42.590094075667295,Test industry 3,True,,2023-04-03
TEST04,2023-04-03 13:00:00+00:00,-0.13269871671820255,0.08398247606739216,46502401.36505161,35.91444213345696,Test industry 4,True,,2023-04-03
TEST05,2023-04-03 13:00:00+00:00,-0.045120171815189236,0.15178177847585378,71691018.98292953,50.67238469479847,Test industry 1,True,,2023-04-03
TEST06,2023-04-03 13:00:00+00:00,-0.008837844070838208,0.11891892313876141,122221879.71534705,82.76416761772279,Test industry 2,True,,2023-04-03
TEST07,2023-04-03 13:00:00+00:00,-0.10229354078527708,0.13677803512099834,75262458.7507655,54.661210399534184,Test industry 3,True,,2023-04-03
TEST08,2023-04-03 13:00:00+00:00,0.06388284206827088,0.010629076402933393,141601477.83839554,99.5387207919242,Test industry 4,True,,2023-04-03
TEST09,2023-04-03 13:00:00+00:00,0.09543584719578546,0.16383005407457688,147451960.32719564,104.83653677177908,Test industry 1,True,,2023-04-03
TEST10,2023-04-03 13:00:00+00:00,0.12389703122810736,0.1280876541991296,99163227.11588797,79.49819121922889,Test industry 2,True,,2023-04-03
TEST11,2023-04-03 13:00:00+00:00,0.011862086582780318,0.09498092643922523,103486015.39709935,71.63309164412385,Test industry 3,True,,2023-04-03
TEST12,2023-04-03 13:00:00+00:00,0.2098419637996587,-0.018162004381440503,138840878.9048167,94.35727956231344,Test industry 4,True,,2023-04-03
TEST13,2023-04-03 13:00:00+00:00,-0.08716358590412654,0.14478339874964194,78900993.11374801,51.13842828919685,Test industry 1,True,,2023-04-03
TEST14,2023-04-03 13:00:00+00:00,-0.15737735612179893,-0.004263265908760959,58611703.953504205,39.676119834602126,Test industry 2,True,,2023-04-03
TEST15,2023-04-03 13:00:00+00:00,-0.01678880171646946,0.1621202282459419,160014590.39566642,108.51051677009659,Test industry 3,True,,2023-04-03
TEST16,2023-04-03 13:00:00+00:00,-0.1542873348930529,0.12767423846149578,78300205.27363643,55.58417421866867,Test industry 4,True,,2023-04-03
TEST17,2023-04-03 13:00:00+00:00,0.09367362611610397,0.15915207799292463,132200788.31265508,89.17496999580763,Test industry 1,True,,2023-04-03
TEST18,2023-04-03 13:00:00+00:00,-0.1314289189821658,-0.007635386235683973,75942646.53773434,49.64554422223602,Test industry 2,True,,2023-04-03
TEST19,2023-04-03 13:00:00+00:00,0.07404663984432425,0.003071348760626603,119156049.84014672,83.55700263334404,Test industry 3,True,,2023-04-03
TEST20,2023-04-03 13:00:00+00:00,-0.11992484878554421,-0.03394350024129545,120972155.99819611,89.04856376067586,Test industry 4,True,,2023-04-03
TEST01,2023-05-01 13:00:00+00:00,0.055037815683933955,0.006868286882234923,82323561.56690072,56.88451146083778,Test industry 1,True,,2023-05-01
TEST02,2023-05-01 13:00:00+00:00,0.07173252321039758,0.16722534586096913,83789676.52879168,62.594738090666624,Test industry 2,True,,2023-05-01
TEST03,2023-05-01 13:00:00+00:00,-0.23100457460838697,-0.025605388404483943,66992465.5111565,41.98433896777458,Test industry 3,True,,2023-05-01
TEST04,2023-05-01 13:00:00+00:00,-0.09678594162843623,0.08398247606739216,49736834.724425524,34.807773382758114,Test industry 4,True,,2023-05-01
TEST05,2023-05-01 13:00:00+00:00,-0.01985778785361547,0.15178177847585378,71794477.72949767,49.61332539848499,Test industry 1,True,,2023-05-01
TEST06,2023-05-01 13:00:00+00:00,-0.10776125873437703,0.11891892313876141,122221879.71534705,83.61872764082095,Test industry 2,True,,2023-05-01
TEST07,2023-05-01 13:00:00+00:00,-0.0818164837671509,0.13677803512099834,72481477.72120747,55.3263656332945,Test industry 3,True,,2023-05-01
TEST08,2023-05-01 13:00:00+00:00,0.04654312972800656,0.010629076402933393,142395938.1170474,102.87548257651844,Test industry 4,True,,2023-05-01
TEST09,2023-05-01 13:00:00+00:00,0.007162122012714933,0.16383005407457688,144085823.23422134,108.5385069578606,Test industry 1,True,,2023-05-01
TEST10,2023-05-01 13:00:00+00:00,0.11887958390193076,0.1280876541991296,99611079.13295034,81.97977472735472,Test industry 2,True,,2023-05-01
TEST11,2023-05-01 13:00:00+00:00,-0.06566268426380517,0.09498092643922523,109733312.98633483,71.11459756626277,Test industry 3,True,,2023-05-01
TEST12,2023-05-01 13:00:00+00:00,0.22008083346622742,-0.018162004381440503,145051731.6881972,97.69822045260965,Test industry 4,True,,2023-05-01
TEST13,2023-05-01 13:00:00+00:00,-0.11596742804327942,0.14478339874964194,78195192.28546888,52.44274170556537,Test industry 1,True,,2023-05-01
TEST14,2023-05-01 13:00:00+00:00,-0.1755197576312716,-0.004263265908760959,57938721.36357887,39.04499383281291,Test industry 2,True,,2023-05-01
TEST15,2023-05-01 13:00:00+00:00,-0.03096305375031827,0.1621202282459419,158383796.23993093,115.94663529450419,Test industry 3,True,,2023-05-01
TEST16,2023-05-01 13:00:00+00:00,-0.14314592173301144,0.12767423846149578,77217569.99753581,57.43032794376744,Test industry 4,True,,2023-05-01
TEST17,2023-05-01 13:00:00+00:00,0.08608641922639482,0.15915207799292463,130564060.75723997,92.62492846023864,Test industry 1,True,,2023-05-01
TEST18,2023-05-01 13:00:00+00:00,-0.21998105900698062,-0.007635386235683973,70549871.89257985,51.533157012578286,Test industry 2,True,,2023-05-01
TEST19,2023-05-01 13:00:00+00:00,0.09371219779157847,0.003071348760626603,118940242.57896167,84.52278220006626,Test industry 3,True,,2023-05-01
TEST20,2023-05-01 13:00:00+00:00,-0.1408227460203102,-0.03394350024129545,117102299.43818563,84.96491972193412,Test industry 4,True,,2023-05-01
TEST01,2023-06-01 13:00:00+00:00,-0.0163999904194555,0.006868286882234923,77342680.84745292,53.13105413313878,Test industry 1,True,,2023-06-01
TEST02,2023-06-01 13:00:00+00:00,-0.00020807581846848944,0.16722534586096913,93619462.46806303,68.06896140444057,Test industry 2,True,,2023-06-01
TEST03,2023-06-01 13:00:00+00:00,-0.25204559888577693,-0.025605388404483943,63700714.33563003,43.065028529336644,Test industry 3,True,,2023-06-01
TEST04,2023-06-01 13:00:00+00:00,-0.18927386357928455,0.08398247606739216,52527705.99542727,34.772964637743115,Test industry 4,True,,2023-06-01
TEST05,2023-06-01 13:00:00+00:00,-0.10854906206450765,0.15178177847585378,68134855.0316005,50.25675526396655,Test industry 1,True,,2023-06-01
TEST06,2023-06-01 13:00:00+00:00,-0.20410666021414647,0.11891892313876141,115810760.96656501,85.50527444597645,Test industry 2,True,,2023-06-01
TEST07,2023-06-01 13:00:00+00:00,-0.05526804757125359,0.13677803512099834,72043798.78661294,55.12007477070106,Test industry 3,True,,2023-06-01
TEST08,2023-06-01 13:00:00+00:00,0.006201346599925994,0.010629076402933393,143542348.64451945,108.64826351128771,Test industry 4,True,,2023-06-01
TEST09,2023-06-01 13:00:00+00:00,-0.03925025757653189,0.16383005407457688,141572153.15515846,107.75701595899747,Test industry 1,True,,2023-06-01
TEST10,2023-06-01 13:00:00+00:00,0.10109078944562677,0.1280876541991296,104980271.79290098,83.57369234436824,Test industry 2,True,,2023-06-01
TEST11,2023-06-01 13:00:00+00:00,-0.131471403576631,0.09498092643922523,102232421.94672745,70.35928219175834,Test industry 3,True,,2023-06-01
TEST12,2023-06-01 13:00:00+00:00,0.25349306031387564,-0.018162004381440503,132224072.96689816,95.06500203111251,Test industry 4,True,,2023-06-01
TEST13,2023-06-01 13:00:00+00:00,-0.08530872338045459,0.14478339874964194,76243705.19853956,52.78674044838118,Test industry 1,True,,2023-06-01
TEST14,2023-06-01 13:00:00+00:00,-0.20545971720617606,-0.004263265908760959,55244146.99050276,40.712889577479054,Test industry 2,True,,2023-06-01
TEST15,2023-06-01 13:00:00+00:00,0.05070660135098448,0.1621202282459419,157740964.22595948,120.77567159582564,Test industry 3,True,,2023-06-01
TEST16,2023-06-01 13:00:00+00:00,-0.13423111938601429,0.12767423846149578,80015925.69399107,60.40332785466454,Test industry 4,True,,2023-06-01
TEST17,2023-06-01 13:00:00+00:00,0.06444286901850016,0.15915207799292463,125470208.4292018,92.24183856966829,Test industry 1,True,,2023-06-01
TEST18,2023-06-01 13:00:00+00:00,-0.19888902941878484,-0.007635386235683973,71764149.77232903,57.96622401580255,Test industry 2,True,,2023-06-01
TEST19,2023-06-01 13:00:00+00:00,-0.031498245346798126,0.003071348760626603,114710704.77793413,83.14548350599499,Test industry 3,True,,2023-06-01
TEST20,2023-06-01 13:00:00+00:00,-0.22360945172683344,-0.03394350024129545,112628878.66074118,82.54612748595127,Test industry 4,True,,2023-06-01
TEST01,2023-07-03 13:00:00+00:00,-0.11769258391239767,0.006868286882234923,76515503.8355551,50.73646795082696,Test industry 1,True,,2023-07-03
TEST02,2023-07-03 13:00:00+00:00,0.06952296165696548,0.16722534586096913,90541945.88968268,67.36439320927343,Test industry 2,True,,2023-07-03
TEST03,2023-07-03 13:00:00+00:00,-0.19538897517019327,-0.025605388404483943,63962228.69384887,44.91757146387556,Test industry 3,True,,2023-07-03
TEST04,2023-07-03 13:00:00+00:00,-0.14774257477611552,0.08398247606739216,52527705.99542727,33.55543835297749,Test industry 4,True,,2023-07-03
TEST05,2023-07-03 13:00:00+00:00,-0.09679905254375343,0.15178177847585378,72967902.69860995,54.03868416469208,Test industry 1,True,,2023-07-03
TEST06,2023-07-03 13:00:00+00:00,-0.1855912358391637,0.11891892313876141,115810760.96656501,81.38489115591514,Test industry 2,True,,2023-07-03
TEST07,2023-07-03 13:00:00+00:00,-0.0572329948074789,0.13677803512099834,74181410.86872244,56.01307424259079,Test industry 3,True,,2023-07-03
TEST08,2023-07-03 13:00:00+00:00,0.07100300975130192,0.010629076402933393,149830277.3330096,103.27679789659683,Test industry 4,True,,2023-07-03
TEST09,2023-07-03 13:00:00+00:00,-0.03957114156297237,0.16383005407457688,139341489.4355605,111.48633273246158,Test industry 1,True,,2023-07-03
TEST10,2023-07-03 13:00:00+00:00,0.17001237587061246,0.1280876541991296,119595175.86059576,85.74925145027098,Test industry 2,True,,2023-07-03
TEST11,2023-07-03 13:00:00+00:00,-0.1278636977855,0.09498092643922523,90605421.51792172,75.57676782728899,Test industry 3,True,,2023-07-03
TEST12,2023-07-03 13:00:00+00:00,0.2709293330481293,-0.018162004381440503,146667293.67816794,99.30332614194101,Test industry 4,True,,2023-07-03
TEST13,2023-07-03 13:00:00+00:00,-0.02874304959010987,0.14478339874964194,75950419.33449665,51.429144183305155,Test industry 1,True,,2023-07-03
TEST14,2023-07-03 13:00:00+00:00,-0.17453995050995552,-0.004263265908760959,54076815.40493205,40.34361078849326,Test industry 2,True,,2023-07-03
TEST15,2023-07-03 13:00:00+00:00,0.1823323707614084,0.1621202282459419,164436728.42527252,122.13840373742117,Test industry 3,True,,2023-07-03
TEST16,2023-07-03 13:00:00+00:00,-0.0704017729605374,0.12767423846149578,83896987.21476224,58.86593210514862,Test industry 4,True,,2023-07-03
TEST17,2023-07-03 13:00:00+00:00,0.09518232545331706,0.15915207799292463,126078981.56746832,90.15720010460488,Test industry 1,True,,2023-07-03
TEST18,2023-07-03 13:00:00+00:00,-0.10831166249876789,-0.007635386235683973,82465322.11568074,54.641062817039824,Test industry 2,True,,2023-07-03
TEST19,2023-07-03 13:00:00+00:00,-0.06423584226562085,0.003071348760626603,118227449.82343209,86.76950198486675,Test industry 3,True,,2023-07-03
TEST20,2023-07-03 13:00:00+00:00,-0.2324457025217468,-0.03394350024129545,106726004.47040486,85.13185882948085,Test industry 4,True,,2023-07-03
TEST01,2023-08-01 13:00:00+00:00,-0.16810186405802108,0.006868286882234923,70365426.9804056,48.643920922987775,Test industry 1,True,,2023-08-01
TEST02,2023-08-01 13:00:00+00:00,0.04721789237401586,0.16722534586096913,91612186.57814714,66.51969879528872,Test industry 2,True,,2023-08-01
TEST03,2023-08-01 13:00:00+00:00,-0.19533189292907704,-0.025605388404483943,64904047.62582069,42.89845813336593,Test industry 3,True,,2023-08-01
TEST04,2023-08-01 13:00:00+00:00,-0.13883083601428214,0.08398247606739216,50423576.456547365,32.89972369982528,Test industry 4,True,,2023-08-01
TEST05,2023-08-01 13:00:00+00:00,-0.0638570982462594,0.15178177847585378,75636901.38069957,52.93466841518695,Test industry 1,True,,2023-08-01
TEST06,2023-08-01 13:00:00+00:00,-0.22531197082572962,0.11891892313876141,116730571.56168121,83.7481504128352,Test industry 2,True,,2023-08-01
TEST07,2023-08-01 13:00:00+00:00,-0.032579501692406754,0.13677803512099834,82095567.05432159,54.3349250481515,Test industry 3,True,,2023-08-01
TEST08,2023-08-01 13:00:00+00:00,-0.029427128187616947,0.010629076402933393,143123050.85809577,103.62272140396804,Test industry 4,True,,2023-08-01
TEST09,2023-08-01 13:00:00+00:00,-0.022919481583854595,0.16383005407457688,154198202.7168667,113.66643380713528,Test industry 1,True,,2023-08-01
TEST10,2023-08-01 13:00:00+00:00,0.13972957712282708,0.1280876541991296,113186238.85087095,83.52224647696062,Test industry 2,True,,2023-08-01
TEST11,2023-08-01 13:00:00+00:00,-0.08812636215118264,0.09498092643922523,92981063.97690815,72.38225269390695,Test industry 3,True,,2023-08-01
TEST12,2023-08-01 13:00:00+00:00,0.2630327346619177,-0.018162004381440503,139302140.57230344,99.67137763195602,Test industry 4,True,,2023-08-01
TEST13,2023-08-01 13:00:00+00:00,-0.09256996757327562,0.14478339874964194,73907649.83343211,55.60516355049972,Test industry 1,True,,2023-08-01
TEST14,2023-08-01 13:00:00+00:00,-0.1771842310783518,-0.004263265908760959,53958338.15414411,38.640363295078615,Test industry 2,True,,2023-08-01
TEST15,2023-08-01 13:00:00+00:00,0.2416626016538479,0.1621202282459419,175237980.2721874,120.16697876315133,Test industry 3,True,,2023-08-01
TEST16,2023-08-01 13:00:00+00:00,-0.07751428241813063,0.12767423846149578,83146735.62607262,57.81759164836129,Test industry 4,True,,2023-08-01
TEST17,2023-08-01 13:00:00+00:00,0.06597432915395651,0.15915207799292463,139113150.70247263,90.96848577789765,Test industry 1,True,,2023-08-01
TEST18,2023-08-01 13:00:00+00:00,-0.1511612264945199,-0.007635386235683973,81827097.58738953,55.367379619675546,Test industry 2,True,,2023-08-01
TEST19,2023-08-01 13:00:00+00:00,-0.06616168794037669,0.003071348760626603,114276133.90985817,88.08429855958245,Test industry 3,True,,2023-08-01
TEST20,2023-08-01 13:00:00+00:00,-0.22821268752617174,-0.03394350024129545,112401678.88326749,86.58561403969502,Test industry 4,True,,2023-08-01
TEST01,2023-09-01 13:00:00+00:00,-0.18642853504869017,0.006868286882234923,69983891.91942509,53.1888282344049,Test industry 1,True,,2023-09-01
TEST02,2023-09-01 13:00:00+00:00,0.08923070969724511,0.16722534586096913,92247323.75829245,70.41206102417802,Test industry 2,True,,2023-09-01
TEST03,2023-09-01 13:00:00+00:00,-0.2354724907280218,-0.025605388404483943,63469274.58608214,42.152367422457935,Test industry 3,True,,2023-09-01
TEST04,2023-09-01 13:00:00+00:00,-0.11550266428477518,0.08398247606739216,50245493.00328654,34.03106177058859,Test industry 4,True,,2023-09-01
TEST05,2023-09-01 13:00:00+00:00,-0.050291343751628914,0.15178177847585378,77924036.75461596,56.43501820381094,Test industry 1,True,,2023-09-01
TEST06,2023-09-01 13:00:00+00:00,-0.12455678492901301,0.11891892313876141,126305430.86246204,86.63355560684127,Test industry 2,True,,2023-09-01
TEST07,2023-09-01 13:00:00+00:00,-0.034634676485594595,0.13677803512099834,79610005.4397042,56.598142991829924,Test industry 3,True,,2023-09-01
TEST08,2023-09-01 13:00:00+00:00,0.06774754106423453,0.010629076402933393,136192308.13296556,104.76358789752528,Test industry 4,True,,2023-09-01
TEST09,2023-09-01 13:00:00+00:00,0.017900245775062773,0.16383005407457688,159698410.9248433,118.15959906859129,Test industry 1,True,,2023-09-01
TEST10,2023-09-01 13:00:00+00:00,0.15842553917975,0.1280876541991296,110470106.9167206,88.57882751098998,Test industry 2,True,,2023-09-01
TEST11,2023-09-01 13:00:00+00:00,-0.08943265288767588,0.09498092643922523,97636589.03584309,75.22849537468562,Test industry 3,True,,2023-09-01
TEST12,2023-09-01 13:00:00+00:00,0.30128539499072904,-0.018162004381440503,133933687.99217495,102.95071568004023,Test industry 4,True,,2023-09-01
TEST13,2023-09-01 13:00:00+00:00,0.00898095619916539,0.14478339874964194,73972091.03718805,58.111729498138715,Test industry 1,True,,2023-09-01
TEST14,2023-09-01 13:00:00+00:00,-0.16036469502401496,-0.004263265908760959,52427163.58362845,39.673259697670964,Test industry 2,True,,2023-09-01
TEST15,2023-09-01 13:00:00+00:00,0.19037832038754932,0.1621202282459419,167208723.7508241,132.2227834653207,Test industry 3,True,,2023-09-01
TEST16,2023-09-01 13:00:00+00:00,-0.04931916163208472,0.12767423846149578,81117912.7894361,63.240087105712625,Test industry 4,True,,2023-09-01
TEST17,2023-09-01 13:00:00+00:00,0.10189443614048277,0.15915207799292463,142344195.2155149,92.85856584233694,Test industry 1,True,,2023-09-01
TEST18,2023-09-01 13:00:00+00:00,-0.09894298152423098,-0.007635386235683973,79449393.30860594,56.827821017652575,Test industry 2,True,,2023-09-01
TEST19,2023-09-01 13:00:00+00:00,-0.038492096053961866,0.003071348760626603,127125949.41117224,91.03433084145705,Test industry 3,True,,2023-09-01
TEST20,2023-09-01 13:00:00+00:00,-0.180632402830478,-0.03394350024129545,112401678.88326749,89.19097119209108,Test industry 4,True,,2023-09-01
TEST01,2023-10-02 13:00:00+00:00,-0.05036987803634596,0.006868286882234923,69569704.02940403,54.61909806686068,Test industry 1,True,,2023-10-02
TEST02,2023-10-02 13:00:00+00:00,0.16740569445745468,0.16722534586096913,105827709.2347872,74.40532685694592,Test industry 2,True,,2023-10-02
TEST03,2023-10-02 13:00:00+00:00,-0.18707346002766456,-0.025605388404483943,60845118.779379174,42.79274357856529,Test industry 3,True,,2023-10-02
TEST04,2023-10-02 13:00:00+00:00,-0.06470124918328424,0.08398247606739216,46713882.66218853,31.57443774795724,Test industry 4,True,,2023-10-02
TEST05,2023-10-02 13:00:00+00:00,0.02906178510231605,0.15178177847585378,78790709.83208445,54.00694703410793,Test industry 1,True,,2023-10-02
TEST06,2023-10-02 13:00:00+00:00,-0.045190776640889996,0.11891892313876141,124953434.94685708,82.33812626923245,Test industry 2,True,,2023-10-02
TEST07,2023-10-02 13:00:00+00:00,0.012821933248894801,0.13677803512099834,79412697.33285855,53.39457612891658,Test industry 3,True,,2023-10-02
TEST08,2023-10-02 13:00:00+00:00,0.13037941031079203,0.010629076402933393,138413721.6464308,107.06924431221528,Test industry 4,True,,2023-10-02
TEST09,2023-10-02 13:00:00+00:00,0.1022058864092299,0.16383005407457688,171041325.46950546,110.66686701712015,Test industry 1,True,,2023-10-02
TEST10,2023-10-02 13:00:00+00:00,0.28479409287647495,0.1280876541991296,106540204.62086993,84.37727401220101,Test industry 2,True,,2023-10-02
TEST11,2023-10-02 13:00:00+00:00,-0.010513044247400072,0.09498092643922523,100797305.80279273,75.09274795498399,Test industry 3,True,,2023-10-02
TEST12,2023-10-02 13:00:00+00:00,0.2997509392975166,-0.018162004381440503,133933687.99217495,101.54712944697677,Test industry 4,True,,2023-10-02
TEST13,2023-10-02 13:00:00+00:00,0.06601706910845273,0.14478339874964194,73907649.83343211,57.39292787965388,Test industry 1,True,,2023-10-02
TEST14,2023-10-02 13:00:00+00:00,-0.12839005615224452,-0.004263265908760959,55230330.3576823,39.12259211550248,Test industry 2,True,,2023-10-02
TEST15,2023-10-02 13:00:00+00:00,0.2909682356746668,0.1621202282459419,156930165.3820472,129.8444986068785,Test industry 3,True,,2023-10-02
TEST16,2023-10-02 13:00:00+00:00,0.06371564722690026,0.12767423846149578,84090974.93047409,62.772275341781125,Test industry 4,True,,2023-10-02
TEST17,2023-10-02 13:00:00+00:00,0.15444955650115544,0.15915207799292463,129279116.31018472,94.7635608404741,Test industry 1,True,,2023-10-02
TEST18,2023-10-02 13:00:00+00:00,-0.08014902204489671,-0.007635386235683973,72403785.80310786,55.1547824080189,Test industry 2,True,,2023-10-02
TEST19,2023-10-02 13:00:00+00:00,-0.04195709571946982,0.003071348760626603,137016399.32570735,94.06337434853478,Test industry 3,True,,2023-10-02
TEST20,2023-10-02 13:00:00+00:00,-0.172069567671277,-0.03394350024129545,123401250.28656858,87.571426314699,Test industry 4,True,,2023-10-02
TEST01,2023-11-01 13:00:00+00:00,-0.01940439916931158,0.006868286882234923,71495267.3082325,55.948475033326254,Test industry 1,True,,2023-11-01
TEST02,2023-11-01 13:00:00+00:00,0.2494133757219399,0.16722534586096913,108807816.3322818,78.83310617808316,Test industry 2,True,,2023-11-01
TEST03,2023-11-01 13:00:00+00:00,-0.13627368050750155,-0.025605388404483943,59655274.69880892,44.056701398662014,Test industry 3,True,,2023-11-01
TEST04,2023-11-01 13:00:00+00:00,-0.03279599207935169,0.08398247606739216,45690620.104257256,33.44553503963367,Test industry 4,True,,2023-11-01
TEST05,2023-11-01 13:00:00+00:00,0.04005516710634183,0.15178177847585378,82833135.64661825,53.731179884021415,Test industry 1,True,,2023-11-01
TEST06,2023-11-01 13:00:00+00:00,-0.07337260411196678,0.11891892313876141,129697288.84884536,86.11353050130754,Test industry 2,True,,2023-11-01
TEST07,2023-11-01 13:00:00+00:00,-0.04065099084184698,0.13677803512099834,77813863.12542513,53.92977733858812,Test industry 3,True,,2023-11-01
TEST08,2023-11-01 13:00:00+00:00,0.18013817052014613,0.010629076402933393,151703770.5565092,117.24671092985842,Test industry 4,True,,2023-11-01
TEST09,2023-11-01 13:00:00+00:00,0.09057767900849711,0.16383005407457688,168795402.9186719,116.46114194840551,Test industry 1,True,,2023-11-01
TEST10,2023-11-01 13:00:00+00:00,0.1678510825639561,0.1280876541991296,122055402.63287875,88.06042314383465,Test industry 2,True,,2023-11-01
TEST11,2023-11-01 13:00:00+00:00,0.009414408984996792,0.09498092643922523,110445849.52706942,79.17905553850291,Test industry 3,True,,2023-11-01
TEST12,2023-11-01 13:00:00+00:00,0.2743918285446685,-0.018162004381440503,145726488.7666124,105.93394834476842,Test industry 4,True,,2023-11-01
TEST13,2023-11-01 13:00:00+00:00,0.07655171167517083,0.14478339874964194,79152817.37917912,59.70484120378607,Test industry 1,True,,2023-11-01
TEST14,2023-11-01 13:00:00+00:00,-0.10895735517863381,-0.004263265908760959,55309789.27897011,40.22223711697795,Test industry 2,True,,2023-11-01
TEST15,2023-11-01 13:00:00+00:00,0.21844192836359744,0.1621202282459419,168030080.33562124,133.01861885855038,Test industry 3,True,,2023-11-01
TEST16,2023-11-01 13:00:00+00:00,0.0959149173801499,0.12767423846149578,91203248.87480271,65.68589448013418,Test industry 4,True,,2023-11-01
TEST17,2023-11-01 13:00:00+00:00,0.19369404559462633,0.15915207799292463,122283836.72062573,99.18169148672406,Test industry 1,True,,2023-11-01
TEST18,2023-11-01 13:00:00+00:00,-0.056419987634068414,-0.007635386235683973,70323296.46873504,56.81015771599213,Test industry 2,True,,2023-11-01
TEST19,2023-11-01 13:00:00+00:00,0.13353660535982836,0.003071348760626603,143021184.96406704,98.94951836573624,Test industry 3,True,,2023-11-01
TEST20,2023-11-01 13:00:00+00:00,-0.1611536424511879,-0.03394350024129545,135996147.18006253,95.3085730066566,Test industry 4,True,,2023-11-01
TEST01,2023-12-01 14:00:00+00:00,0.010616515773856916,0.006868286882234923,72173996.15929341,58.452253335802986,Test industry 1,True,,2023-12-01
TEST02,2023-12-01 14:00:00+00:00,0.30382347985250235,0.16722534586096913,101909813.31884761,76.75934318653326,Test industry 2,True,,2023-12-01
TEST03,2023-12-01 14:00:00+00:00,-0.14067634616274893,-0.025605388404483943,62255635.62570603,42.608568451329305,Test industry 3,True,,2023-12-01
TEST04,2023-12-01 14:00:00+00:00,0.008068244389770385,0.08398247606739216,45671175.874140576,33.14128392238018,Test industry 4,True,,2023-12-01
TEST05,2023-12-01 14:00:00+00:00,0.032032220056545935,0.15178177847585378,78302665.19876193,54.85322099494783,Test industry 1,True,,2023-12-01
TEST06,2023-12-01 14:00:00+00:00,0.04120945658420028,0.11891892313876141,131121180.94065061,83.29145002325103,Test industry 2,True,,2023-12-01
TEST07,2023-12-01 14:00:00+00:00,-0.0012399969618438478,0.13677803512099834,73589945.84649041,54.971357045672995,Test industry 3,True,,2023-12-01
TEST08,2023-12-01 14:00:00+00:00,0.2662025354137816,0.010629076402933393,156075944.1143089,119.59664734605416,Test industry 4,True,,2023-12-01
TEST09,2023-12-01 14:00:00+00:00,0.11114891944928651,0.16383005407457688,170509855.2092867,119.93504121310923,Test industry 1,True,,2023-12-01
TEST10,2023-12-01 14:00:00+00:00,0.18318393063305494,0.1280876541991296,126942491.29480565,90.30910774948427,Test industry 2,True,,2023-12-01
TEST11,2023-12-01 14:00:00+00:00,0.10163910239883212,0.09498092643922523,109969662.40140548,80.53018763995212,Test industry 3,True,,2023-12-01
TEST12,2023-12-01 14:00:00+00:00,0.3136320481779704,-0.018162004381440503,148718329.02049905,107.07148399756367,Test industry 4,True,,2023-12-01
TEST13,2023-12-01 14:00:00+00:00,0.10721527049126744,0.14478339874964194,82724141.73682186,60.827712646943255,Test industry 1,True,,2023-12-01
TEST14,2023-12-01 14:00:00+00:00,-0.03894315986487984,-0.004263265908760959,56490123.71844667,41.03541094070782,Test industry 2,True,,2023-12-01
TEST15,2023-12-01 14:00:00+00:00,0.31089105240824266,0.1621202282459419,175009634.76875538,126.57906551444157,Test industry 3,True,,2023-12-01
TEST16,2023-12-01 14:00:00+00:00,0.1740843247351933,0.12767423846149578,93903508.63136074,61.88253590021585,Test industry 4,True,,2023-12-01
TEST17,2023-12-01 14:00:00+00:00,0.232476394988135,0.15915207799292463,115896452.90233515,100.47081791418724,Test industry 1,True,,2023-12-01
TEST18,2023-12-01 14:00:00+00:00,0.008562945804063471,-0.007635386235683973,71815217.84070581,55.64760999190615,Test industry 2,True,,2023-12-01
TEST19,2023-12-01 14:00:00+00:00,0.1634601476516122,0.003071348760626603,143021184.96406704,95.17922012041272,Test industry 3,True,,2023-12-01
TEST20,2023-12-01 14:00:00+00:00,-0.022713826459829,-0.03394350024129545,137133460.4099713,91.48596133023158,Test industry 4,True,,2023-12-01
TEST01,2024-01-02 14:00:00+00:00,0.03565425868887928,0.006868286882234923,74445355.39924079,58.26489478262287,Test industry 1,True,,2024-01-02
TEST02,2024-01-02 14:00:00+00:00,0.25434657072174227,0.16722534586096913,98745286.4192041,76.5345361117472,Test industry 2,True,,2024-01-02
TEST03,2024-01-02 14:00:00+00:00,-0.15299836827958513,-0.025605388404483943,64329746.725188255,41.43152229913356,Test industry 3,True,,2024-01-02
TEST04,2024-01-02 14:00:00+00:00,-0.020334509182759475,0.08398247606739216,45671175.874140576,32.08865555522292,Test industry 4,True,,2024-01-02
TEST05,2024-01-02 14:00:00+00:00,0.017854565629316976,0.15178177847585378,81498279.25947714,55.124565966428136,Test industry 1,True,,2024-01-02
TEST06,2024-01-02 14:00:00+00:00,-0.052775319401188514,0.11891892313876141,132003203.01433098,78.37153219321073,Test industry 2,True,,2024-01-02
TEST07,2024-01-02 14:00:00+00:00,-0.004744609353368068,0.13677803512099834,66430406.489507675,58.899416535506504,Test industry 3,True,,2024-01-02
TEST08,2024-01-02 14:00:00+00:00,0.23306171591798797,0.010629076402933393,162190026.75548398,116.67989274624675,Test industry 4,True,,2024-01-02
TEST09,2024-01-02 14:00:00+00:00,0.11663905421869836,0.16383005407457688,176338705.25167295,114.16150853316067,Test industry 1,True,,2024-01-02
TEST10,2024-01-02 14:00:00+00:00,0.17846245892569756,0.1280876541991296,130675585.4500598,89.7692177010289,Test industry 2,True,,2024-01-02
TEST11,2024-01-02 14:00:00+00:00,0.05947880739619871,0.09498092643922523,113892724.36791366,75.60330126334985,Test industry 3,True,,2024-01-02
TEST12,2024-01-02 14:00:00+00:00,0.2158365352248588,-0.018162004381440503,134011666.65874219,104.18535566475339,Test industry 4,True,,2024-01-02
TEST13,2024-01-02 14:00:00+00:00,0.09348860147146576,0.14478339874964194,86999660.90754864,58.64477070857085,Test industry 1,True,,2024-01-02
TEST14,2024-01-02 14:00:00+00:00,-0.04708444377762566,-0.004263265908760959,54643470.25491117,38.58109437327683,Test industry 2,True,,2024-01-02
TEST15,2024-01-02 14:00:00+00:00,0.2016368614427273,0.1621202282459419,180511910.55931813,119.81187432836927,Test industry 3,True,,2024-01-02
TEST16,2024-01-02 14:00:00+00:00,0.07846345266185484,0.12767423846149578,86017420.60998839,58.12929948294081,Test industry 4,True,,2024-01-02
TEST17,2024-01-02 14:00:00+00:00,0.24574542986336656,0.15915207799292463,129440823.91709405,96.86968831150146,Test industry 1,True,,2024-01-02
TEST18,2024-01-02 14:00:00+00:00,-0.011284341024976885,-0.007635386235683973,79862306.04246946,55.865724675567286,Test industry 2,True,,2024-01-02
TEST19,2024-01-02 14:00:00+00:00,0.11092586726704168,0.003071348760626603,139710885.8756711,90.98323419870863,Test industry 3,True,,2024-01-02
TEST20,2024-01-02 14:00:00+00:00,-0.037704051970156804,-0.03394350024129545,141117170.27989325,87.76439697854325,Test industry 4,True,,2024-01-02
TEST01,2024-02-01 14:00:00+00:00,0.0218359064970981,0.006868286882234923,81340966.69926913,55.27856845813908,Test industry 1,True,,2024-02-01
TEST02,2024-02-01 14:00:00+00:00,0.16057001524938275,0.16722534586096913,99546593.2175383,75.6805214140222,Test industry 2,True,,2024-02-01
TEST03,2024-02-01 14:00:00+00:00,-0.1458908333142419,-0.025605388404483943,63613805.437344894,39.18954004050516,Test industry 3,True,,2024-02-01
TEST04,2024-02-01 14:00:00+00:00,-0.09779453392361559,0.08398247606739216,44700523.167905435,31.988049555830393,Test industry 4,True,,2024-02-01
TEST05,2024-02-01 14:00:00+00:00,-0.010116839662525856,0.15178177847585378,77901180.80943218,51.75397754292751,Test industry 1,True,,2024-02-01
TEST06,2024-02-01 14:00:00+00:00,-0.15136783405121534,0.11891892313876141,118270860.01616555,74.66351524599081,Test industry 2,True,,2024-02-01
TEST07,2024-02-01 14:00:00+00:00,0.07925756026737174,0.13677803512099834,70607178.66367906,53.75813211522765,Test industry 3,True,,2024-02-01
TEST08,2024-02-01 14:00:00+00:00,0.1450816777721251,0.010629076402933393,161797818.09678376,116.03875152926771,Test industry 4,True,,2024-02-01
TEST09,2024-02-01 14:00:00+00:00,0.0300672922131775,0.16383005407457688,173282208.93212342,112.35573623377799,Test industry 1,True,,2024-02-01
TEST10,2024-02-01 14:00:00+00:00,0.07035344605500238,0.1280876541991296,129083227.35765389,86.6354732547747,Test industry 2,True,,2024-02-01
TEST11,2024-02-01 14:00:00+00:00,-0.013319967030584245,0.09498092643922523,108972677.25886083,69.75470205376689,Test industry 3,True,,2024-02-01
TEST12,2024-02-01 14:00:00+00:00,0.1144172895970279,-0.018162004381440503,137978518.5823981,98.19304935613239,Test industry 4,True,,2024-02-01
TEST13,2024-02-01 14:00:00+00:00,0.04572445219111465,0.14478339874964194,88880400.68132916,53.99217124062164,Test industry 1,True,,2024-02-01
TEST14,2024-02-01 14:00:00+00:00,-0.14254727481495066,-0.004263265908760959,55208971.79696661,37.598808131420476,Test industry 2,True,,2024-02-01
TEST15,2024-02-01 14:00:00+00:00,0.12200376512293487,0.1621202282459419,151940415.07705203,108.12879214768247,Test industry 3,True,,2024-02-01
TEST16,2024-02-01 14:00:00+00:00,-0.05623256053040371,0.12767423846149578,85764628.06469047,56.09494599392641,Test industry 4,True,,2024-02-01
TEST17,2024-02-01 14:00:00+00:00,0.07997351551648535,0.15915207799292463,126311713.19945416,94.62420085148341,Test industry 1,True,,2024-02-01
TEST18,2024-02-01 14:00:00+00:00,-0.007238684786307403,-0.007635386235683973,79862306.04246946,55.29624064396735,Test industry 2,True,,2024-02-01
TEST19,2024-02-01 14:00:00+00:00,0.012825144857713244,0.003071348760626603,128566133.51954162,82.32811114953984,Test industry 3,True,,2024-02-01
TEST20,2024-02-01 14:00:00+00:00,-0.05295013910729229,-0.03394350024129545,134995038.43017793,81.58493046753622,Test industry 4,True,,2024-02-01
TEST01,2024-03-01 14:00:00+00:00,-0.06433882554554693,0.006868286882234923,82346832.00857362,56.206238195209146,Test industry 1,True,,2024-03-01
TEST02,2024-03-01 14:00:00+00:00,0.20152714811492412,0.16722534586096913,105816858.9231135,74.32692617011966,Test industry 2,True,,2024-03-01
TEST03,2024-03-01 14:00:00+00:00,-0.16245887146356697,-0.025605388404483943,60881131.10013585,38.220273573715446,Test industry 3,True,,2024-03-01
TEST04,2024-03-01 14:00:00+00:00,-0.10543370457152934,0.08398247606739216,43751879.51061353,32.141946944333135,Test industry 4,True,,2024-03-01
TEST05,2024-03-01 14:00:00+00:00,-0.020049421310290083,0.15178177847585378,77377863.48033136,51.64531840786509,Test industry 1,True,,2024-03-01
TEST06,2024-03-01 14:00:00+00:00,-0.11915504437867164,0.11891892313876141,110530828.30990937,75.98065888274314,Test industry 2,True,,2024-03-01
TEST07,2024-03-01 14:00:00+00:00,0.01313117911914019,0.13677803512099834,72864583.54959668,57.066688264490786,Test industry 3,True,,2024-03-01
TEST08,2024-03-01 14:00:00+00:00,0.1009700550296111,0.010629076402933393,158755177.26447737,120.96107420880163,Test industry 4,True,,2024-03-01
TEST09,2024-03-01 14:00:00+00:00,0.0031354295732397564,0.16383005407457688,176955160.02387738,112.51248623091192,Test industry 1,True,,2024-03-01
TEST10,2024-03-01 14:00:00+00:00,0.0420523355626381,0.1280876541991296,121748952.40903324,90.12161259438741,Test industry 2,True,,2024-03-01
TEST11,2024-03-01 14:00:00+00:00,-0.08965503660152463,0.09498092643922523,108972677.25886083,68.94124938168669,Test industry 3,True,,2024-03-01
TEST12,2024-03-01 14:00:00+00:00,0.055175151490573615,-0.018162004381440503,145197531.65551203,99.98704953512335,Test industry 4,True,,2024-03-01
TEST13,2024-03-01 14:00:00+00:00,0.005142310677020978,0.14478339874964194,82332390.34484449,54.24174632758364,Test industry 1,True,,2024-03-01
TEST14,2024-03-01 14:00:00+00:00,-0.10587201225026333,-0.004263265908760959,52860206.4843107,39.05056238575457,Test industry 2,True,,2024-03-01
TEST15,2024-03-01 14:00:00+00:00,-0.03771976690930001,0.1621202282459419,146708286.54521784,109.43582029755217,Test industry 3,True,,2024-03-01
TEST16,2024-03-01 14:00:00+00:00,-0.0405369305875487,0.12767423846149578,81538055.12306474,57.86393228031231,Test industry 4,True,,2024-03-01
TEST17,2024-03-01 14:00:00+00:00,0.04842456122649019,0.15915207799292463,127667347.81567279,96.24332993504596,Test industry 1,True,,2024-03-01
TEST18,2024-03-01 14:00:00+00:00,0.01576093668161649,-0.007635386235683973,87335261.87113804,54.77515982051989,Test industry 2,True,,2024-03-01
TEST19,2024-03-01 14:00:00+00:00,-0.0600272845039822,0.003071348760626603,121368323.89679271,81.92415569913645,Test industry 3,True,,2024-03-01
TEST20,2024-03-01 14:00:00+00:00,-0.09245124341253619,-0.03394350024129545,127831595.4845697,81.0117747979553,Test industry 4,True,,2024-03-01
TEST01,2024-04-01 13:00:00+00:00,-0.03680448187335794,0.15772967529636775,82346832.00857362,54.030521036721176,Test industry 1,True,,2024-04-01
TEST02,2024-04-01 13:00:00+00:00,0.17501728744533906,0.05297524195255733,104045807.05062674,68.71863426572769,Test industry 2,True,,2024-04-01
TEST03,2024-04-01 13:00:00+00:00,-0.11392686866136315,0.03674464629142459,55701580.345820576,36.41252314161129,Test industry 3,True,,2024-04-01
TEST04,2024-04-01 13:00:00+00:00,-0.11130668314847625,-0.018811238612970665,44203626.856679216,32.24765620119583,Test industry 4,True,,2024-04-01
TEST05,2024-04-01 13:00:00+00:00,0.01013661280913869,0.16041468767049782,73719160.062983,47.14773220754681,Test industry 1,True,,2024-04-01
TEST06,2024-04-01 13:00:00+00:00,-0.09305448580553544,0.007052684034811807,97186172.92345107,72.09806407016127,Test industry 2,True,,2024-04-01
TEST07,2024-04-01 13:00:00+00:00,0.045131368133996874,0.041803514140556525,73475073.22983804,53.432276271374924,Test industry 3,True,,2024-04-01
TEST08,2024-04-01 13:00:00+00:00,0.1639580535892753,0.127691801579319,159805483.16927236,108.78412776961969,Test industry 4,True,,2024-04-01
TEST09,2024-04-01 13:00:00+00:00,0.06383373425869143,0.07632206107398957,159505849.31774205,108.05066468376172,Test industry 1,True,,2024-04-01
TEST10,2024-04-01 13:00:00+00:00,0.11161664917319647,0.03738100706631031,127684193.61110401,83.53065359132252,Test industry 2,True,,2024-04-01
TEST11,2024-04-01 13:00:00+00:00,-0.05204509722543016,-0.00022288534571680672,107455216.4331272,64.26842396949138,Test industry 3,True,,2024-04-01
TEST12,2024-04-01 13:00:00+00:00,0.06949399722716221,0.07866357240348616,142007910.92526516,95.81358526177864,Test industry 4,True,,2024-04-01
TEST13,2024-04-01 13:00:00+00:00,0.060931836662660555,0.04839073013720072,82332390.34484449,49.279583956866816,Test industry 1,True,,2024-04-01
TEST14,2024-04-01 13:00:00+00:00,-0.025145835291288,0.008159885872865919,52428687.00665785,35.379883637615706,Test industry 2,True,,2024-04-01
TEST15,2024-04-01 13:00:00+00:00,0.013980160423207266,0.0772088527710011,138951762.44922924,101.9212326873915,Test industry 3,True,,2024-04-01
TEST16,2024-04-01 13:00:00+00:00,0.03892188483855574,0.005382765397916966,78151776.25195268,52.350309819898285,Test industry 4,True,,2024-04-01
TEST17,2024-04-01 13:00:00+00:00,0.0760221887928536,0.016235409218058328,130449893.73574698,94.76567011524816,Test industry 1,True,,2024-04-01
TEST18,2024-04-01 13:00:00+00:00,0.08958484213039108,0.09290005511674741,80057351.3521969,50.20727359501146,Test industry 2,True,,2024-04-01
TEST19,2024-04-01 13:00:00+00:00,-0.03395492047291504,0.17466721366005578,110827384.08251469,74.51997564243077,Test industry 3,True,,2024-04-01
TEST20,2024-04-01 13:00:00+00:00,-0.08765894085537485,0.034470096825767176,108180737.86179063,78.98974863635485,Test industry 4,True,,2024-04-01
TEST01,2024-05-01 13:00:00+00:00,-0.03627801233595862,0.15772967529636775,79039652.29733512,54.32454212609188,Test industry 1,True,,2024-05-01
TEST02,2024-05-01 13:00:00+00:00,0.08312575545917045,0.05297524195255733,107528043.95032692,65.85046022453164,Test industry 2,True,,2024-05-01
TEST03,2024-05-01 13:00:00+00:00,-0.13285954198305128,0.03674464629142459,50784839.774661444,35.735999718892245,Test industry 3,True,,2024-05-01
TEST04,2024-05-01 13:00:00+00:00,-0.05954754914191396,-0.018811238612970665,43393911.909657195,31.38135726986728,Test industry 4,True,,2024-05-01
TEST05,2024-05-01 13:00:00+00:00,-0.04436836450605108,0.16041468767049782,66289375.24335849,43.97351610743239,Test industry 1,True,,2024-05-01
TEST06,2024-05-01 13:00:00+00:00,-0.14108146958630197,0.007052684034811807,86132944.15425447,67.81300374347907,Test industry 2,True,,2024-05-01
TEST07,2024-05-01 13:00:00+00:00,-0.027941500210891146,0.041803514140556525,72336668.69539724,51.47801346316706,Test industry 3,True,,2024-05-01
TEST08,2024-05-01 13:00:00+00:00,0.04385238173039596,0.127691801579319,163186162.33078253,103.02335949400937,Test industry 4,True,,2024-05-01
TEST09,2024-05-01 13:00:00+00:00,0.01052243108894424,0.07632206107398957,155483148.51416487,98.5661879949947,Test industry 1,True,,2024-05-01
TEST10,2024-05-01 13:00:00+00:00,0.01709496804741284,0.03738100706631031,125413130.41715795,77.50200984642196,Test industry 2,True,,2024-05-01
TEST11,2024-05-01 13:00:00+00:00,-0.0962367060601026,-0.00022288534571680672,106853338.37025255,60.95554741848387,Test industry 3,True,,2024-05-01
TEST12,2024-05-01 13:00:00+00:00,-0.01764003378001744,0.07866357240348616,123070101.58127066,87.23218176296669,Test industry 4,True,,2024-05-01
TEST13,2024-05-01 13:00:00+00:00,-0.06231958251939762,0.04839073013720072,74762561.38291183,45.57232032471872,Test industry 1,True,,2024-05-01
TEST14,2024-05-01 13:00:00+00:00,-0.09406748586576608,0.008159885872865919,51942760.40676327,34.781483404718415,Test industry 2,True,,2024-05-01
TEST15,2024-05-01 13:00:00+00:00,-0.11776603859908541,0.0772088527710011,144441663.17269802,91.46067282646511,Test industry 3,True,,2024-05-01
TEST16,2024-05-01 13:00:00+00:00,-0.08926372460448229,0.005382765397916966,70518313.9328852,48.48503942943443,Test industry 4,True,,2024-05-01
TEST17,2024-05-01 13:00:00+00:00,0.02311018099431439,0.016235409218058328,127326463.9027538,86.04423724673275,Test industry 1,True,,2024-05-01
TEST18,2024-05-01 13:00:00+00:00,-0.02039691687305023,0.09290005511674741,70278104.2600497,46.77145561658136,Test industry 2,True,,2024-05-01
TEST19,2024-05-01 13:00:00+00:00,-0.11869501158881635,0.17466721366005578,99972013.67189102,68.5230827052724,Test industry 3,True,,2024-05-01
TEST20,2024-05-01 13:00:00+00:00,-0.06500932483420985,0.034470096825767176,108730180.62040442,74.86992680936072,Test industry 4,True,,2024-05-01
TEST01,2024-06-03 13:00:00+00:00,0.03201157719237613,0.15772967529636775,79039652.29733512,55.81414655764796,Test industry 1,True,,2024-06-03
TEST02,2024-06-03 13:00:00+00:00,-0.02908657761285849,0.05297524195255733,102818764.42968681,67.06362691420584,Test industry 2,True,,2024-06-03
TEST03,2024-06-03 13:00:00+00:00,-0.17189154509696336,0.03674464629142459,46040017.19001654,38.192180799213524,Test industry 3,True,,2024-06-03
TEST04,2024-06-03 13:00:00+00:00,-0.09723109602798541,-0.018811238612970665,44053052.92707841,33.06538542932116,Test industry 4,True,,2024-06-03
TEST05,2024-06-03 13:00:00+00:00,-0.12923205827414763,0.16041468767049782,63913146.41805673,44.98917133575399,Test industry 1,True,,2024-06-03
TEST06,2024-06-03 13:00:00+00:00,-0.199959947839073,0.007052684034811807,94641001.17565942,71.93098546208373,Test industry 2,True,,2024-06-03
TEST07,2024-06-03 13:00:00+00:00,-0.058364038951408403,0.041803514140556525,69045958.6286947,54.894161353676665,Test industry 3,True,,2024-06-03
TEST08,2024-06-03 13:00:00+00:00,-0.04211025522681955,0.127691801579319,166576445.5272079,108.65381644376586,Test industry 4,True,,2024-06-03
TEST09,2024-06-03 13:00:00+00:00,-0.07383064926571892,0.07632206107398957,142585534.89901465,96.50092838897044,Test industry 1,True,,2024-06-03
TEST10,2024-06-03 13:00:00+00:00,-0.06726427044501193,0.03738100706631031,118128485.96868716,81.13070986795535,Test industry 2,True,,2024-06-03
TEST11,2024-06-03 13:00:00+00:00,-0.14429915922369596,-0.00022288534571680672,98610639.69501048,63.57562699767682,Test industry 3,True,,2024-06-03
TEST12,2024-06-03 13:00:00+00:00,-0.08585049692648561,0.07866357240348616,122707708.24331713,91.70575236846113,Test industry 4,True,,2024-06-03
TEST13,2024-06-03 13:00:00+00:00,-0.13718177392232322,0.04839073013720072,69141795.67384134,47.57818295105092,Test industry 1,True,,2024-06-03
TEST14,2024-06-03 13:00:00+00:00,-0.14944396352599199,0.008159885872865919,50666281.42316036,35.44699558817843,Test industry 2,True,,2024-06-03
TEST15,2024-06-03 13:00:00+00:00,-0.2422841916247127,0.0772088527710011,130670632.39146239,91.86301846557623,Test industry 3,True,,2024-06-03
TEST16,2024-06-03 13:00:00+00:00,-0.2051010283785022,0.005382765397916966,70067143.59682572,46.662631881194606,Test industry 4,True,,2024-06-03
TEST17,2024-06-03 13:00:00+00:00,-0.05679005890028477,0.016235409218058328,124373017.97911325,86.50095380825506,Test industry 1,True,,2024-06-03
TEST18,2024-06-03 13:00:00+00:00,-0.19620009051298648,0.09290005511674741,69275877.80873197,48.88973439277187,Test industry 2,True,,2024-06-03
TEST19,2024-06-03 13:00:00+00:00,-0.16700810482650075,0.17466721366005578,102288073.6137192,72.45545308503128,Test industry 3,True,,2024-06-03
TEST20,2024-06-03 13:00:00+00:00,-0.10282131999065613,0.034470096825767176,110650414.77528614,74.1720353617422,Test industry 4,True,,2024-06-03
TEST01,2024-07-01 13:00:00+00:00,0.05895337612187035,0.15772967529636775,80426048.11941274,57.73200268370034,Test industry 1,True,,2024-07-01
TEST02,2024-07-01 13:00:00+00:00,-0.04167926329419913,0.05297524195255733,95693425.61994982,67.15046025110485,Test industry 2,True,,2024-07-01
TEST03,2024-07-01 13:00:00+00:00,-0.1843445932069998,0.03674464629142459,46164115.99110496,38.55910805001411,Test industry 3,True,,2024-07-01
TEST04,2024-07-01 13:00:00+00:00,-0.03354663781715994,-0.018811238612970665,47997507.200769596,33.15232671835341,Test industry 4,True,,2024-07-01
TEST05,2024-07-01 13:00:00+00:00,-0.16683308121046914,0.16041468767049782,59867047.77092767,45.94847487266931,Test industry 1,True,,2024-07-01
TEST06,2024-07-01 13:00:00+00:00,-0.13842115623798135,0.007052684034811807,93580924.06674963,73.43200959591978,Test industry 2,True,,2024-07-01
TEST07,2024-07-01 13:00:00+00:00,-0.049642421937796666,0.041803514140556525,76463245.08058287,58.095771889718,Test industry 3,True,,2024-07-01
TEST08,2024-07-01 13:00:00+00:00,0.03370400107904792,0.127691801579319,174845778.38983715,109.64010237110912,Test industry 4,True,,2024-07-01
TEST09,2024-07-01 13:00:00+00:00,-0.16332430564359168,0.07632206107398957,141438599.43274504,100.79749404039357,Test industry 1,True,,2024-07-01
TEST10,2024-07-01 13:00:00+00:00,-0.06790093542074382,0.03738100706631031,115912638.23109628,81.14484770218195,Test industry 2,True,,2024-07-01
TEST11,2024-07-01 13:00:00+00:00,-0.16806773036643952,-0.00022288534571680672,97310182.68699008,65.31706861933412,Test industry 3,True,,2024-07-01
TEST12,2024-07-01 13:00:00+00:00,-0.09626630803436997,0.07866357240348616,134986047.31442422,94.6192048192929,Test industry 4,True,,2024-07-01
TEST13,2024-07-01 13:00:00+00:00,-0.08904135328270424,0.04839073013720072,64107938.67197117,46.97226642021841,Test industry 1,True,,2024-07-01
TEST14,2024-07-01 13:00:00+00:00,-0.12017349386277987,0.008159885872865919,48270989.8797168,35.77442052221462,Test industry 2,True,,2024-07-01
TEST15,2024-07-01 13:00:00+00:00,-0.2513543206056671,0.0772088527710011,129688461.59262465,96.60848428856157,Test industry 3,True,,2024-07-01
TEST16,2024-07-01 13:00:00+00:00,-0.23051936082647317,0.005382765397916966,65951584.34795034,47.503586805680236,Test industry 4,True,,2024-07-01
TEST17,2024-07-01 13:00:00+00:00,-0.06779215772507874,0.016235409218058328,121607853.902582,87.37384168898045,Test industry 1,True,,2024-07-01
TEST18,2024-07-01 13:00:00+00:00,-0.13887839003595348,0.09290005511674741,67256565.69003811,49.27726422166927,Test industry 2,True,,2024-07-01
TEST19,2024-07-01 13:00:00+00:00,-0.1880258396248905,0.17466721366005578,93605720.71950772,69.71102828144048,Test industry 3,True,,2024-07-01
TEST20,2024-07-01 13:00:00+00:00,-0.14884441940421567,0.034470096825767176,107562080.92655134,75.28309753683025,Test industry 4,True,,2024-07-01
TEST01,2024-08-01 13:00:00+00:00,0.18456383575277702,0.15772967529636775,84339454.7988963,58.596415558533586,Test industry 1,True,,2024-08-01
TEST02,2024-08-01 13:00:00+00:00,0.0021153038035934824,0.05297524195255733,86945427.9883962,63.76155197782947,Test industry 2,True,,2024-08-01
TEST03,2024-08-01 13:00:00+00:00,-0.09097190248494169,0.03674464629142459,54367056.39106307,39.05917109548459,Test industry 3,True,,2024-08-01
TEST04,2024-08-01 13:00:00+00:00,0.007330173892826641,-0.018811238612970665,50402566.804087535,33.271704733998696,Test industry 4,True,,2024-08-01
TEST05,2024-08-01 13:00:00+00:00,-0.1400064028604865,0.16041468767049782,61115872.95584149,45.935105265014705,Test industry 1,True,,2024-08-01
TEST06,2024-08-01 13:00:00+00:00,-0.12643388357207597,0.007052684034811807,105424169.6355083,68.52404193358014,Test industry 2,True,,2024-08-01
TEST07,2024-08-01 13:00:00+00:00,0.06048456957477022,0.041803514140556525,75324528.85890338,56.064954660420184,Test industry 3,True,,2024-08-01
TEST08,2024-08-01 13:00:00+00:00,0.06196031738261687,0.127691801579319,170551006.54621428,110.95813856623631,Test industry 4,True,,2024-08-01
TEST09,2024-08-01 13:00:00+00:00,-0.10535617741060632,0.07632206107398957,145103230.25611544,96.28914712250459,Test industry 1,True,,2024-08-01
TEST10,2024-08-01 13:00:00+00:00,-0.023014897848098403,0.03738100706631031,112116568.15530369,76.9651367543568,Test industry 2,True,,2024-08-01
TEST11,2024-08-01 13:00:00+00:00,-0.09402128431288037,-0.00022288534571680672,87542031.97392222,67.60692589662544,Test industry 3,True,,2024-08-01
TEST12,2024-08-01 13:00:00+00:00,-0.06308151359120984,0.07866357240348616,140136780.41487283,88.36817775877726,Test industry 4,True,,2024-08-01
TEST13,2024-08-01 13:00:00+00:00,-0.15885294406941985,0.04839073013720072,65242544.40089594,49.91599773247694,Test industry 1,True,,2024-08-01
TEST14,2024-08-01 13:00:00+00:00,-0.0719930466180182,0.008159885872865919,48662650.714763224,35.03834279038585,Test industry 2,True,,2024-08-01
TEST15,2024-08-01 13:00:00+00:00,-0.18601701443706675,0.0772088527710011,127012082.90469986,94.19957110663007,Test industry 3,True,,2024-08-01
TEST16,2024-08-01 13:00:00+00:00,-0.17628306438904295,0.005382765397916966,65796624.678468764,48.16316598710969,Test industry 4,True,,2024-08-01
TEST17,2024-08-01 13:00:00+00:00,-0.04938626549076397,0.016235409218058328,121757491.09784096,85.81260141807313,Test industry 1,True,,2024-08-01
TEST18,2024-08-01 13:00:00+00:00,-0.11380243283915947,0.09290005511674741,66714039.3332655,44.02360499693194,Test industry 2,True,,2024-08-01
TEST19,2024-08-01 13:00:00+00:00,-0.2136583338629897,0.17466721366005578,94853015.90028307,69.70781522541897,Test industry 3,True,,2024-08-01
TEST20,2024-08-01 13:00:00+00:00,-0.12941480335194533,0.034470096825767176,104867613.11208165,78.05182735938051,Test industry 4,True,,2024-08-01
TEST01,2024-09-03 13:00:00+00:00,0.0817487120176481,0.15772967529636775,87782258.07043791,56.25070208298992,Test industry 1,True,,2024-09-03
TEST02,2024-09-03 13:00:00+00:00,-0.10717116079965028,0.05297524195255733,93918131.23277918,61.76776485174801,Test industry 2,True,,2024-09-03
TEST03,2024-09-03 13:00:00+00:00,-0.09338279677526151,0.03674464629142459,59315844.776538834,40.90154693638034,Test industry 3,True,,2024-09-03
TEST04,2024-09-03 13:00:00+00:00,-0.0216942602045177,-0.018811238612970665,50632139.1353039,32.526618751030114,Test industry 4,True,,2024-09-03
TEST05,2024-09-03 13:00:00+00:00,-0.1972831162107731,0.16041468767049782,59172055.32258358,46.65961209220564,Test industry 1,True,,2024-09-03
TEST06,2024-09-03 13:00:00+00:00,-0.2250200739333338,0.007052684034811807,105739262.83871287,70.98617129722182,Test industry 2,True,,2024-09-03
TEST07,2024-09-03 13:00:00+00:00,-0.013528299578624337,0.041803514140556525,78377938.42121194,55.225839123429516,Test industry 3,True,,2024-09-03
TEST08,2024-09-03 13:00:00+00:00,0.04147572276684519,0.127691801579319,163351305.0456823,110.0765724922866,Test industry 4,True,,2024-09-03
TEST09,2024-09-03 13:00:00+00:00,-0.20056641781808904,0.07632206107398957,145103230.25611544,97.06104199658382,Test industry 1,True,,2024-09-03
TEST10,2024-09-03 13:00:00+00:00,-0.15161132300235336,0.03738100706631031,112116568.15530369,77.46054327657758,Test industry 2,True,,2024-09-03
TEST11,2024-09-03 13:00:00+00:00,-0.11835183907400026,-0.00022288534571680672,84988548.57263207,66.04782046396897,Test industry 3,True,,2024-09-03
TEST12,2024-09-03 13:00:00+00:00,-0.15900712804911432,0.07866357240348616,129738291.33704983,82.3616643150776,Test industry 4,True,,2024-09-03
TEST13,2024-09-03 13:00:00+00:00,-0.1628562202154561,0.04839073013720072,67845241.6563665,48.78064500865856,Test industry 1,True,,2024-09-03
TEST14,2024-09-03 13:00:00+00:00,-0.1268272199407019,0.008159885872865919,51153062.16907616,35.7682544322328,Test industry 2,True,,2024-09-03
TEST15,2024-09-03 13:00:00+00:00,-0.30417648841200573,0.0772088527710011,129137865.69752823,90.49356891492526,Test industry 3,True,,2024-09-03
TEST16,2024-09-03 13:00:00+00:00,-0.25449943245668827,0.005382765397916966,63782587.09713184,47.45388452571823,Test industry 4,True,,2024-09-03
TEST17,2024-09-03 13:00:00+00:00,-0.10007205671526276,0.016235409218058328,120967353.2401057,87.22934425624433,Test industry 1,True,,2024-09-03
TEST18,2024-09-03 13:00:00+00:00,-0.2342369565127399,0.09290005511674741,62517723.38829249,42.35943284175572,Test industry 2,True,,2024-09-03
TEST19,2024-09-03 13:00:00+00:00,-0.2414755834250174,0.17466721366005578,96908872.2915096,69.62403013678794,Test industry 3,True,,2024-09-03
TEST20,2024-09-03 13:00:00+00:00,-0.1362038648246634,0.034470096825767176,93410505.33549051,76.04750808621384,Test industry 4,True,,2024-09-03
TEST01,2024-10-01 13:00:00+00:00,0.02451221475059251,0.15772967529636775,85690106.8724761,52.8880087076411,Test industry 1,True,,2024-10-01
TEST02,2024-10-01 13:00:00+00:00,-0.18158298303156473,0.05297524195255733,89087417.66053003,59.28171589420545,Test industry 2,True,,2024-10-01
TEST03,2024-10-01 13:00:00+00:00,-0.06279083097970439,0.03674464629142459,58799279.84424198,39.602478394881935,Test industry 3,True,,2024-10-01
TEST04,2024-10-01 13:00:00+00:00,0.03751853309666431,-0.018811238612970665,48295855.58534534,31.94703075573867,Test industry 4,True,,2024-10-01
TEST05,2024-10-01 13:00:00+00:00,-0.12559464258886066,0.16041468767049782,62916462.795123935,44.655011899252294,Test industry 1,True,,2024-10-01
TEST06,2024-10-01 13:00:00+00:00,-0.15954510923254295,0.007052684034811807,104325633.79256192,70.22993568991761,Test industry 2,True,,2024-10-01
TEST07,2024-10-01 13:00:00+00:00,0.029669609084565618,0.041803514140556525,76589159.53536797,52.155474261360446,Test industry 3,True,,2024-10-01
TEST08,2024-10-01 13:00:00+00:00,0.013541645135029645,0.127691801579319,161663035.39177135,109.79566000563044,Test industry 4,True,,2024-10-01
TEST09,2024-10-01 13:00:00+00:00,-0.14220791484612383,0.07632206107398957,138292390.81906304,94.53961430276395,Test industry 1,True,,2024-10-01
TEST10,2024-10-01 13:00:00+00:00,-0.09635174001002889,0.03738100706631031,109072117.09096867,71.16095012422332,Test industry 2,True,,2024-10-01
TEST11,2024-10-01 13:00:00+00:00,-0.13564112100845227,-0.00022288534571680672,89167069.00270832,61.945555370574894,Test industry 3,True,,2024-10-01
TEST12,2024-10-01 13:00:00+00:00,-0.19065327221238892,0.07866357240348616,112466844.43085408,79.25107156050065,Test industry 4,True,,2024-10-01
TEST13,2024-10-01 13:00:00+00:00,-0.1354022827936735,0.04839073013720072,69010967.91566639,44.88947737345324,Test industry 1,True,,2024-10-01
TEST14,2024-10-01 13:00:00+00:00,-0.08590388535759963,0.008159885872865919,49872373.077869765,33.80711028645037,Test industry 2,True,,2024-10-01
TEST15,2024-10-01 13:00:00+00:00,-0.30666748934804966,0.0772088527710011,130868735.51431894,85.94149667690843,Test industry 3,True,,2024-10-01
TEST16,2024-10-01 13:00:00+00:00,-0.2559464199679069,0.005382765397916966,63134527.813101724,45.244042961555415,Test industry 4,True,,2024-10-01
TEST17,2024-10-01 13:00:00+00:00,-0.09312944413217394,0.016235409218058328,126522566.38280797,85.69827811751742,Test industry 1,True,,2024-10-01
TEST18,2024-10-01 13:00:00+00:00,-0.21316769325223983,0.09290005511674741,54924048.26295247,40.06059903852292,Test industry 2,True,,2024-10-01
TEST19,2024-10-01 13:00:00+00:00,-0.2661014063202345,0.17466721366005578,94971470.55244981,65.5908762511906,Test industry 3,True,,2024-10-01
TEST20,2024-10-01 13:00:00+00:00,-0.15180295478505101,0.034470096825767176,94934479.20977917,77.19698214745956,Test industry 4,True,,2024-10-01
TEST01,2024-11-01 13:00:00+00:00,-0.05404838391854949,0.15772967529636775,76600038.28948495,53.46929225150038,Test industry 1,True,,2024-11-01
TEST02,2024-11-01 13:00:00+00:00,-0.2427942223344638,0.05297524195255733,89336629.0712132,56.72239582476189,Test industry 2,True,,2024-11-01
TEST03,2024-11-01 13:00:00+00:00,-0.08840834938035758,0.03674464629142459,55602968.65545172,38.12773091531162,Test industry 3,True,,2024-11-01
TEST04,2024-11-01 13:00:00+00:00,-0.04899570538728992,-0.018811238612970665,44985534.41476244,30.786776458504395,Test industry 4,True,,2024-11-01
TEST05,2024-11-01 13:00:00+00:00,-0.16698788115789698,0.16041468767049782,60615878.10062515,44.4912424966458,Test industry 1,True,,2024-11-01
TEST06,2024-11-01 13:00:00+00:00,-0.18384945360840044,0.007052684034811807,106999581.15008786,68.96367146847263,Test industry 2,True,,2024-11-01
TEST07,2024-11-01 13:00:00+00:00,-0.025702698014071435,0.041803514140556525,80113878.6894808,49.52187047067532,Test industry 3,True,,2024-11-01
TEST08,2024-11-01 13:00:00+00:00,-0.04403910129984667,0.127691801579319,160940856.54922187,110.92100906419864,Test industry 4,True,,2024-11-01
TEST09,2024-11-01 13:00:00+00:00,-0.18635109894897672,0.07632206107398957,128226000.49073021,95.53296256905215,Test industry 1,True,,2024-11-01
TEST10,2024-11-01 13:00:00+00:00,-0.18028299944287862,0.03738100706631031,96938381.05136356,68.82904540654826,Test industry 2,True,,2024-11-01
TEST11,2024-11-01 13:00:00+00:00,-0.21959627565494955,-0.00022288534571680672,92093150.03062135,58.54968497426366,Test industry 3,True,,2024-11-01
TEST12,2024-11-01 13:00:00+00:00,-0.2393970756731978,0.07866357240348616,112466844.43085408,77.29923178660785,Test industry 4,True,,2024-11-01
TEST13,2024-11-01 13:00:00+00:00,-0.2316815320682748,0.04839073013720072,65134954.13552888,42.85106069640398,Test industry 1,True,,2024-11-01
TEST14,2024-11-01 13:00:00+00:00,-0.16644538543052467,0.008159885872865919,50777393.079088576,31.66401887342628,Test industry 2,True,,2024-11-01
TEST15,2024-11-01 13:00:00+00:00,-0.3565993789725458,0.0772088527710011,121211796.17556053,80.53267157942989,Test industry 3,True,,2024-11-01
TEST16,2024-11-01 13:00:00+00:00,-0.31002714340864057,0.005382765397916966,61649207.68325796,43.50435310066425,Test industry 4,True,,2024-11-01
TEST17,2024-11-01 13:00:00+00:00,-0.12182357761540896,0.016235409218058328,124028153.1027761,83.90783912589922,Test industry 1,True,,2024-11-01
TEST18,2024-11-01 13:00:00+00:00,-0.2961282942879818,0.09290005511674741,52228819.67721009,37.67513152461771,Test industry 2,True,,2024-11-01
TEST19,2024-11-01 13:00:00+00:00,-0.330127545524188,0.17466721366005578,92253609.69001389,62.617034734600665,Test industry 3,True,,2024-11-01
TEST20,2024-11-01 13:00:00+00:00,-0.18113238083118888,0.034470096825767176,99475137.54661316,77.09043859519387,Test industry 4,True,,2024-11-01
TEST01,2024-12-02 14:00:00+00:00,-0.06797450258720661,0.15772967529636775,67396477.95817345,53.157526271495506,Test industry 1,True,,2024-12-02
TEST02,2024-12-02 14:00:00+00:00,-0.2425104906980058,0.05297524195255733,84476545.01192525,57.180467526644264,Test industry 2,True,,2024-12-02
TEST03,2024-12-02 14:00:00+00:00,-0.10862151850797408,0.03674464629142459,50781969.77839054,37.8932605780062,Test industry 3,True,,2024-12-02
TEST04,2024-12-02 14:00:00+00:00,-0.07908671791033972,-0.018811238612970665,44985534.41476244,29.686267748956016,Test industry 4,True,,2024-12-02
TEST05,2024-12-02 14:00:00+00:00,-0.17756803859211046,0.16041468767049782,61151080.647733256,45.291524216361005,Test industry 1,True,,2024-12-02
TEST06,2024-12-02 14:00:00+00:00,-0.16447731163666768,0.007052684034811807,99990633.56005317,72.54657579452144,Test industry 2,True,,2024-12-02
TEST07,2024-12-02 14:00:00+00:00,-0.0782598373820379,0.041803514140556525,77863845.94678648,48.07750408796142,Test industry 3,True,,2024-12-02
TEST08,2024-12-02 14:00:00+00:00,-0.05398790952964594,0.127691801579319,159296368.5133711,112.0920007983955,Test industry 4,True,,2024-12-02
TEST09,2024-12-02 14:00:00+00:00,-0.1945372998320064,0.07632206107398957,132798009.08785532,95.9602946701586,Test industry 1,True,,2024-12-02
TEST10,2024-12-02 14:00:00+00:00,-0.22586361564213808,0.03738100706631031,99637996.69231385,70.51930007872825,Test industry 2,True,,2024-12-02
TEST11,2024-12-02 14:00:00+00:00,-0.25017145365146143,-0.00022288534571680672,85908763.97866684,55.54545490945309,Test industry 3,True,,2024-12-02
TEST12,2024-12-02 14:00:00+00:00,-0.2785548159966805,0.07866357240348616,112535191.65277848,74.56118048055741,Test industry 4,True,,2024-12-02
TEST13,2024-12-02 14:00:00+00:00,-0.29704075525155893,0.04839073013720072,57279151.30413738,39.92961425441387,Test industry 1,True,,2024-12-02
TEST14,2024-12-02 14:00:00+00:00,-0.22684172646300105,0.008159885872865919,48426218.37310383,30.679090391183653,Test industry 2,True,,2024-12-02
TEST15,2024-12-02 14:00:00+00:00,-0.36359444837637245,0.0772088527710011,108772749.7901949,81.62244793856381,Test industry 3,True,,2024-12-02
TEST16,2024-12-02 14:00:00+00:00,-0.2997187755089693,0.005382765397916966,68042510.76977324,42.735494618578606,Test industry 4,True,,2024-12-02
TEST17,2024-12-02 14:00:00+00:00,-0.15971455279032576,0.016235409218058328,109446764.35703193,84.82413311548618,Test industry 1,True,,2024-12-02
TEST18,2024-12-02 14:00:00+00:00,-0.30521260986094956,0.09290005511674741,50182822.82851812,39.45056581344961,Test industry 2,True,,2024-12-02
TEST19,2024-12-02 14:00:00+00:00,-0.32792382903183326,0.17466721366005578,86321289.1811825,61.13518274432111,Test industry 3,True,,2024-12-02
TEST20,2024-12-02 14:00:00+00:00,-0.13937171259670633,0.034470096825767176,104462539.24020547,76.56918963906067,Test industry 4,True,,2024-12-02
TEST01,2025-01-02 14:00:00+00:00,-0.08765773164410828,0.15772967529636775,69737054.03354242,53.58594128003981,Test industry 1,True,,2025-01-02
TEST02,2025-01-02 14:00:00+00:00,-0.25288019720723576,0.05297524195255733,82817587.92988263,60.02272797694043,Test industry 2,True,,2025-01-02
TEST03,2025-01-02 14:00:00+00:00,-0.08540023452629342,0.03674464629142459,47800605.73134817,38.30378818485404,Test industry 3,True,,2025-01-02
TEST04,2025-01-02 14:00:00+00:00,-0.07486720040771166,-0.018811238612970665,44476372.00491034,30.714460876113503,Test industry 4,True,,2025-01-02
TEST05,2025-01-02 14:00:00+00:00,-0.178378579090412,0.16041468767049782,61505636.979674384,46.54203171778083,Test industry 1,True,,2025-01-02
TEST06,2025-01-02 14:00:00+00:00,-0.07432490134719982,0.007052684034811807,106253858.0825424,70.96762695429268,Test industry 2,True,,2025-01-02
TEST07,2025-01-02 14:00:00+00:00,-0.18373547794011302,0.041803514140556525,75494947.3971222,50.570119487596514,Test industry 3,True,,2025-01-02
TEST08,2025-01-02 14:00:00+00:00,-0.03932033052026285,0.127691801579319,160940856.54922187,111.19846700033582,Test industry 4,True,,2025-01-02
TEST09,2025-01-02 14:00:00+00:00,-0.15943389411077313,0.07632206107398957,139120762.18961602,94.43469026461274,Test industry 1,True,,2025-01-02
TEST10,2025-01-02 14:00:00+00:00,-0.21443784534706944,0.03738100706631031,100843480.80252174,75.38335145185185,Test industry 2,True,,2025-01-02
TEST11,2025-01-02 14:00:00+00:00,-0.2653038428048139,-0.00022288534571680672,82026604.08567607,54.62087358569311,Test industry 3,True,,2025-01-02
TEST12,2025-01-02 14:00:00+00:00,-0.28434106689159233,0.07866357240348616,112021863.25854938,72.58419425868786,Test industry 4,True,,2025-01-02
TEST13,2025-01-02 14:00:00+00:00,-0.3191274554923239,0.04839073013720072,55658114.45560074,39.057682106723064,Test industry 1,True,,2025-01-02
TEST14,2025-01-02 14:00:00+00:00,-0.20481544420799247,0.008159885872865919,45993101.29256892,30.934582122354396,Test industry 2,True,,2025-01-02
TEST15,2025-01-02 14:00:00+00:00,-0.31874492076753114,0.0772088527710011,104487964.6968738,82.29483111393861,Test industry 3,True,,2025-01-02
TEST16,2025-01-02 14:00:00+00:00,-0.26482006494641863,0.005382765397916966,57849108.217556894,42.64181508415243,Test industry 4,True,,2025-01-02
TEST17,2025-01-02 14:00:00+00:00,-0.12434803297065122,0.016235409218058328,103031637.53583047,84.39128912781341,Test industry 1,True,,2025-01-02
TEST18,2025-01-02 14:00:00+00:00,-0.2938323803628524,0.09290005511674741,50182716.211551495,39.823767476443436,Test industry 2,True,,2025-01-02
TEST19,2025-01-02 14:00:00+00:00,-0.32806100725325904,0.17466721366005578,92913842.47729626,61.87388961814764,Test industry 3,True,,2025-01-02
TEST20,2025-01-02 14:00:00+00:00,-0.12755978192637274,0.034470096825767176,99535663.38811511,76.01847388115135,Test industry 4,True,,2025-01-02
TEST01,2025-02-03 14:00:00+00:00,-0.010239522804921464,0.15772967529636775,72957580.68849865,53.555862819162925,Test industry 1,True,,2025-02-03
TEST02,2025-02-03 14:00:00+00:00,-0.2035616653022564,0.05297524195255733,82817587.92988263,58.792879582235585,Test industry 2,True,,2025-02-03
TEST03,2025-02-03 14:00:00+00:00,-0.009996685815317985,0.03674464629142459,46942830.493312836,37.59779663694803,Test industry 3,True,,2025-02-03
TEST04,2025-02-03 14:00:00+00:00,-0.03569587298978205,-0.018811238612970665,44618036.6376092,30.827722436409775,Test industry 4,True,,2025-02-03
TEST05,2025-02-03 14:00:00+00:00,-0.10229504944412016,0.16041468767049782,58870027.71801543,44.339581694238845,Test industry 1,True,,2025-02-03
TEST06,2025-02-03 14:00:00+00:00,-0.04933053644473795,0.007052684034811807,89231027.27599534,69.18905856372662,Test industry 2,True,,2025-02-03
TEST07,2025-02-03 14:00:00+00:00,-0.047544552547870156,0.041803514140556525,70853372.39701939,50.549880510864874,Test industry 3,True,,2025-02-03
TEST08,2025-02-03 14:00:00+00:00,-0.034813941587454766,0.127691801579319,157320955.4893839,112.68728552141606,Test industry 4,True,,2025-02-03
TEST09,2025-02-03 14:00:00+00:00,-0.14858017574540083,0.07632206107398957,139623945.2935531,91.94502079395478,Test industry 1,True,,2025-02-03
TEST10,2025-02-03 14:00:00+00:00,-0.11755843827469181,0.03738100706631031,99912168.300517,78.08284440535067,Test industry 2,True,,2025-02-03
TEST11,2025-02-03 14:00:00+00:00,-0.21186612380652425,-0.00022288534571680672,77707912.81710906,54.17505583597993,Test industry 3,True,,2025-02-03
TEST12,2025-02-03 14:00:00+00:00,-0.2652317928732161,0.07866357240348616,99422606.79831532,72.8886399177691,Test industry 4,True,,2025-02-03
TEST13,2025-02-03 14:00:00+00:00,-0.2698108277811041,0.04839073013720072,53911130.99104434,37.36494641039866,Test industry 1,True,,2025-02-03
TEST14,2025-02-03 14:00:00+00:00,-0.16319225821059957,0.008159885872865919,46248761.050369576,30.073985696416575,Test industry 2,True,,2025-02-03
TEST15,2025-02-03 14:00:00+00:00,-0.21971053576037958,0.0772088527710011,101282160.39977214,86.24217094195802,Test industry 3,True,,2025-02-03
TEST16,2025-02-03 14:00:00+00:00,-0.22790199961426172,0.005382765397916966,59433123.40240037,41.81780766176487,Test industry 4,True,,2025-02-03
TEST17,2025-02-03 14:00:00+00:00,-0.0951375375464093,0.016235409218058328,112316860.43259613,84.44607912034358,Test industry 1,True,,2025-02-03
TEST18,2025-02-03 14:00:00+00:00,-0.27600380982756867,0.09290005511674741,52630591.171444535,41.678685275239175,Test industry 2,True,,2025-02-03
TEST19,2025-02-03 14:00:00+00:00,-0.2395943844240802,0.17466721366005578,88518637.54686867,65.84775276349202,Test industry 3,True,,2025-02-03
TEST20,2025-02-03 14:00:00+00:00,-0.06825002701376726,0.034470096825767176,105711529.50266556,71.24806597962265,Test industry 4,True,,2025-02-03
TEST01,2025-03-03 14:00:00+00:00,-0.061886421605309994,0.15772967529636775,73786555.23875646,49.74841384472565,Test industry 1,True,,2025-03-03
TEST02,2025-03-03 14:00:00+00:00,-0.21885954327861912,0.05297524195255733,80162541.86411867,58.24485805257039,Test industry 2,True,,2025-03-03
TEST03,2025-03-03 14:00:00+00:00,-0.04349883010872635,0.03674464629142459,47627433.10218838,34.50393139272131,Test industry 3,True,,2025-03-03
TEST04,2025-03-03 14:00:00+00:00,-0.04699414476145958,-0.018811238612970665,43188560.98588981,30.52221158392747,Test industry 4,True,,2025-03-03
TEST05,2025-03-03 14:00:00+00:00,-0.14454814345283828,0.16041468767049782,61141754.74080552,40.858423305619986,Test industry 1,True,,2025-03-03
TEST06,2025-03-03 14:00:00+00:00,-0.08666845927466149,0.007052684034811807,101201456.08011284,68.5634614214966,Test industry 2,True,,2025-03-03
TEST07,2025-03-03 14:00:00+00:00,-0.13475299343493707,0.041803514140556525,70679991.97998688,47.24008276218009,Test industry 3,True,,2025-03-03
TEST08,2025-03-03 14:00:00+00:00,-0.052120581938436716,0.127691801579319,156593330.52422065,109.57902755114118,Test industry 4,True,,2025-03-03
TEST09,2025-03-03 14:00:00+00:00,-0.1977596234358926,0.07632206107398957,128852365.60859801,91.3085542304765,Test industry 1,True,,2025-03-03
TEST10,2025-03-03 14:00:00+00:00,-0.13069874344387322,0.03738100706631031,100420830.25974444,76.5727631404464,Test industry 2,True,,2025-03-03
TEST11,2025-03-03 14:00:00+00:00,-0.21951823461791886,-0.00022288534571680672,73780474.86979291,56.96526276614396,Test industry 3,True,,2025-03-03
TEST12,2025-03-03 14:00:00+00:00,-0.2876682715227231,0.07866357240348616,97537279.62980682,69.35673741485078,Test industry 4,True,,2025-03-03
TEST13,2025-03-03 14:00:00+00:00,-0.3160944361435327,0.04839073013720072,52254120.58105236,37.56322640083656,Test industry 1,True,,2025-03-03
TEST14,2025-03-03 14:00:00+00:00,-0.23168720152036792,0.008159885872865919,46248761.050369576,29.978207780487406,Test industry 2,True,,2025-03-03
TEST15,2025-03-03 14:00:00+00:00,-0.2460159674407537,0.0772088527710011,104139070.24899799,80.4302645164088,Test industry 3,True,,2025-03-03
TEST16,2025-03-03 14:00:00+00:00,-0.3005842195322159,0.005382765397916966,53085712.778705314,41.02897605750535,Test industry 4,True,,2025-03-03
TEST17,2025-03-03 14:00:00+00:00,-0.11781825974647453,0.016235409218058328,118497534.0141312,77.95171407858491,Test industry 1,True,,2025-03-03
TEST18,2025-03-03 14:00:00+00:00,-0.2469870248622752,0.09290005511674741,55930037.19594953,38.60514409175034,Test industry 2,True,,2025-03-03
TEST19,2025-03-03 14:00:00+00:00,-0.21412097152255738,0.17466721366005578,92001833.72704482,66.72749158861315,Test industry 3,True,,2025-03-03
TEST20,2025-03-03 14:00:00+00:00,-0.10571921489482539,0.034470096825767176,106122141.03393,66.91884626770604,Test industry 4,True,,2025-03-03
TEST01,2025-04-01 13:00:00+00:00,-0.08318289572591275,0.17058302227037414,75452507.65767062,49.66400802283333,Test industry 1,True,,2025-04-01
TEST02,2025-04-01 13:00:00+00:00,-0.15695449927000182,0.1698847602848179,79781058.1564869,54.886261448662246,Test industry 2,True,,2025-04-01
TEST03,2025-04-01 13:00:00+00:00,-0.05362850660919216,-0.01016855255948343,51345048.646138154,31.95463816139348,Test industry 3,True,,2025-04-01
TEST04,2025-04-01 13:00:00+00:00,-0.06589539971677316,0.16119903382781606,39589620.8255678,28.525440511958095,Test industry 4,True,,2025-04-01
TEST05,2025-04-01 13:00:00+00:00,-0.13097023431223143,0.06442684870136044,58926054.4953922,38.84575509380634,Test industry 1,True,,2025-04-01
TEST06,2025-04-01 13:00:00+00:00,-0.04988411203362342,0.01685970247865669,100617418.8961381,68.71771324968272,Test industry 2,True,,2025-04-01
TEST07,2025-04-01 13:00:00+00:00,-0.12730764573225373,-0.0178940163566415,64715530.942002326,44.819089577559275,Test industry 3,True,,2025-04-01
TEST08,2025-04-01 13:00:00+00:00,-8.902716623682139e-06,-0.0023258329343054576,156209835.34455612,106.92020190727129,Test industry 4,True,,2025-04-01
TEST09,2025-04-01 13:00:00+00:00,-0.16073980958463596,0.10132093928645743,126215534.84186712,86.89660475962195,Test industry 1,True,,2025-04-01
TEST10,2025-04-01 13:00:00+00:00,-0.08542624755821382,0.15830783226210582,102524655.38392657,75.59527124411886,Test industry 2,True,,2025-04-01
TEST11,2025-04-01 13:00:00+00:00,-0.1212250590373003,0.12265928756646856,72357519.15169236,56.352740699556705,Test industry 3,True,,2025-04-01
TEST12,2025-04-01 13:00:00+00:00,-0.2879965246010142,-0.022901520487246804,93365922.43497077,70.30592306013641,Test industry 4,True,,2025-04-01
TEST13,2025-04-01 13:00:00+00:00,-0.24659168848295432,-0.0008787197906001146,49652270.85488626,35.19383038180436,Test industry 1,True,,2025-04-01
TEST14,2025-04-01 13:00:00+00:00,-0.15887162782541953,0.04516054050068407,47589804.464184135,28.669703830380953,Test industry 2,True,,2025-04-01
TEST15,2025-04-01 13:00:00+00:00,-0.21384059951997714,0.0655396190534046,106841575.28138286,76.20966630550637,Test industry 3,True,,2025-04-01
TEST16,2025-04-01 13:00:00+00:00,-0.23030225837354124,0.12021721850372677,56269131.64483367,40.377621127370645,Test industry 4,True,,2025-04-01
TEST17,2025-04-01 13:00:00+00:00,-0.17560674631995465,0.03131809684107364,119358318.1087349,73.8175023215146,Test industry 1,True,,2025-04-01
TEST18,2025-04-01 13:00:00+00:00,-0.232170539256786,0.1560627930369791,52627993.90507068,36.260518967754784,Test industry 2,True,,2025-04-01
TEST19,2025-04-01 13:00:00+00:00,-0.10048857998579797,0.17544285005543742,90780730.45101279,65.31269092183376,Test industry 3,True,,2025-04-01
TEST20,2025-04-01 13:00:00+00:00,-0.150509601027915,0.06782837397027046,94552869.98577493,64.53929073261841,Test industry 4,True,,2025-04-01
TEST01,2025-05-01 13:00:00+00:00,-0.09348296077208162,0.17058302227037414,72445243.62170374,51.12351681839564,Test industry 1,True,,2025-05-01
TEST02,2025-05-01 13:00:00+00:00,-0.17599630441710834,0.1698847602848179,78259051.96980748,57.095309316997074,Test industry 2,True,,2025-05-01
TEST03,2025-05-01 13:00:00+00:00,-0.10364306402312695,-0.01016855255948343,50712203.65852815,32.21407629701308,Test industry 3,True,,2025-05-01
TEST04,2025-05-01 13:00:00+00:00,-0.11994826498396327,0.16119903382781606,41999963.90756689,29.91578704069357,Test industry 4,True,,2025-05-01
TEST05,2025-05-01 13:00:00+00:00,-0.12742189244427604,0.06442684870136044,59740130.73579121,40.63904603415192,Test industry 1,True,,2025-05-01
TEST06,2025-05-01 13:00:00+00:00,-0.0038817740695591407,0.01685970247865669,100866664.72239017,74.23337890526057,Test industry 2,True,,2025-05-01
TEST07,2025-05-01 13:00:00+00:00,-0.14802408255519428,-0.0178940163566415,64300268.42300589,46.55690830291451,Test industry 3,True,,2025-05-01
TEST08,2025-05-01 13:00:00+00:00,0.020230755441924764,-0.0023258329343054576,158732988.69208768,112.59238990211541,Test industry 4,True,,2025-05-01
TEST09,2025-05-01 13:00:00+00:00,-0.1435731241467444,0.10132093928645743,120607817.77159938,91.56964019431963,Test industry 1,True,,2025-05-01
TEST10,2025-05-01 13:00:00+00:00,-0.046374779661178755,0.15830783226210582,110338972.8984707,82.02288275776768,Test industry 2,True,,2025-05-01
TEST11,2025-05-01 13:00:00+00:00,-0.09628874389888076,0.12265928756646856,76508575.96897122,55.5826755990595,Test industry 3,True,,2025-05-01
TEST12,2025-05-01 13:00:00+00:00,-0.20700638689161532,-0.022901520487246804,98739667.31725693,71.53904955578585,Test industry 4,True,,2025-05-01
TEST13,2025-05-01 13:00:00+00:00,-0.23868795514584362,-0.0008787197906001146,51046293.38675847,34.25739028363104,Test industry 1,True,,2025-05-01
TEST14,2025-05-01 13:00:00+00:00,-0.19335259583254283,0.04516054050068407,44817193.22380845,31.205986734449567,Test industry 2,True,,2025-05-01
TEST15,2025-05-01 13:00:00+00:00,-0.1929550912588558,0.0655396190534046,110154551.58475606,73.86722032647262,Test industry 3,True,,2025-05-01
TEST16,2025-05-01 13:00:00+00:00,-0.1818915172648572,0.12021721850372677,59771213.16270493,42.89302210564581,Test industry 4,True,,2025-05-01
TEST17,2025-05-01 13:00:00+00:00,-0.16286994943609856,0.03131809684107364,109078313.86172092,72.35497518357303,Test industry 1,True,,2025-05-01
TEST18,2025-05-01 13:00:00+00:00,-0.24695601712476456,0.1560627930369791,51769721.54971956,37.70107193273122,Test industry 2,True,,2025-05-01
TEST19,2025-05-01 13:00:00+00:00,-0.07205076530688315,0.17544285005543742,93811120.38279746,67.95167049782924,Test industry 3,True,,2025-05-01
TEST20,2025-05-01 13:00:00+00:00,-0.15114354191281865,0.06782837397027046,88262041.03178564,71.22710318163024,Test industry 4,True,,2025-05-01
TEST01,2025-06-02 13:00:00+00:00,-0.08423923054544447,0.17058302227037414,68744282.82253815,47.99521801623022,Test industry 1,True,,2025-06-02
TEST02,2025-06-02 13:00:00+00:00,-0.14517170963753612,0.1698847602848179,84369156.87865353,56.735156624670125,Test industry 2,True,,2025-06-02
TEST03,2025-06-02 13:00:00+00:00,-0.13464613272910686,-0.01016855255948343,45756817.22195038,30.318665655684647,Test industry 3,True,,2025-06-02
TEST04,2025-06-02 13:00:00+00:00,-0.09148071676231406,0.16119903382781606,44041271.99287005,29.337687509982704,Test industry 4,True,,2025-06-02
TEST05,2025-06-02 13:00:00+00:00,-0.0952412999414245,0.06442684870136044,53299872.44629654,41.24274872964863,Test industry 1,True,,2025-06-02
TEST06,2025-06-02 13:00:00+00:00,0.037319281362371504,0.01685970247865669,97674379.10620692,73.38270594231533,Test industry 2,True,,2025-06-02
TEST07,2025-06-02 13:00:00+00:00,-0.14605500827619367,-0.0178940163566415,61105476.59995122,44.08038558761106,Test industry 3,True,,2025-06-02
TEST08,2025-06-02 13:00:00+00:00,0.043565994318350176,-0.0023258329343054576,163108061.04366452,110.94719514734506,Test industry 4,True,,2025-06-02
TEST09,2025-06-02 13:00:00+00:00,-0.0399456701014268,0.10132093928645743,127972498.04359144,87.87388412674622,Test industry 1,True,,2025-06-02
TEST10,2025-06-02 13:00:00+00:00,0.004215061362915495,0.15830783226210582,118589649.17775938,78.27681791397275,Test industry 2,True,,2025-06-02
TEST11,2025-06-02 13:00:00+00:00,-0.11063550387715104,0.12265928756646856,79828837.91899449,53.78500989901448,Test industry 3,True,,2025-06-02
TEST12,2025-06-02 13:00:00+00:00,-0.21643755834949607,-0.022901520487246804,89002610.53465517,67.55758206056754,Test industry 4,True,,2025-06-02
TEST13,2025-06-02 13:00:00+00:00,-0.2847675980960718,-0.0008787197906001146,52618226.75741895,34.56301315309593,Test industry 1,True,,2025-06-02
TEST14,2025-06-02 13:00:00+00:00,-0.125877549849146,0.04516054050068407,40764465.20476407,30.376124708037388,Test industry 2,True,,2025-06-02
TEST15,2025-06-02 13:00:00+00:00,-0.20649178094002807,0.0655396190534046,106316161.98612586,70.2385251148852,Test industry 3,True,,2025-06-02
TEST16,2025-06-02 13:00:00+00:00,-0.07476916400276723,0.12021721850372677,60127641.29006799,40.60150249181012,Test industry 4,True,,2025-06-02
TEST17,2025-06-02 13:00:00+00:00,-0.17168537736176437,0.03131809684107364,101076521.10312903,70.99097029198258,Test industry 1,True,,2025-06-02
TEST18,2025-06-02 13:00:00+00:00,-0.22894452921257147,0.1560627930369791,51543266.9959296,37.281410640076814,Test industry 2,True,,2025-06-02
TEST19,2025-06-02 13:00:00+00:00,-0.048701799890376596,0.17544285005543742,94859829.16869722,67.38752852510265,Test industry 3,True,,2025-06-02
TEST20,2025-06-02 13:00:00+00:00,-0.03793014059449451,0.06782837397027046,90872068.84482092,67.97813711823363,Test industry 4,True,,2025-06-02
TEST01,2025-07-01 13:00:00+00:00,-0.17556009423009222,0.17058302227037414,67392245.51902431,45.392643114599075,Test industry 1,True,,2025-07-01
TEST02,2025-07-01 13:00:00+00:00,-0.16842184224483092,0.1698847602848179,81994262.24480245,54.77693592082356,Test industry 2,True,,2025-07-01
TEST03,2025-07-01 13:00:00+00:00,-0.23536853238762145,-0.01016855255948343,40115177.14206423,31.13809689288886,Test industry 3,True,,2025-07-01
TEST04,2025-07-01 13:00:00+00:00,-0.13001681745073712,0.16119903382781606,46069789.1512364,29.65070871782435,Test industry 4,True,,2025-07-01
TEST05,2025-07-01 13:00:00+00:00,-0.11321254385954782,0.06442684870136044,54917126.52632642,41.78780522268892,Test industry 1,True,,2025-07-01
TEST06,2025-07-01 13:00:00+00:00,-0.03344665239915401,0.01685970247865669,102993790.50018165,76.21372443039195,Test industry 2,True,,2025-07-01
TEST07,2025-07-01 13:00:00+00:00,-0.24771363030892557,-0.0178940163566415,63009326.57647829,43.00013243015962,Test industry 3,True,,2025-07-01
TEST08,2025-07-01 13:00:00+00:00,-0.007318490513674503,-0.0023258329343054576,158732988.69208768,113.32771171253324,Test industry 4,True,,2025-07-01
TEST09,2025-07-01 13:00:00+00:00,-0.159411683089568,0.10132093928645743,127972498.04359144,88.52320472038342,Test industry 1,True,,2025-07-01
TEST10,2025-07-01 13:00:00+00:00,-0.04746775304434525,0.15830783226210582,122729220.44640006,83.20174384079286,Test industry 2,True,,2025-07-01
TEST11,2025-07-01 13:00:00+00:00,-0.19360716640591757,0.12265928756646856,79179208.74284607,56.94928906965856,Test industry 3,True,,2025-07-01
TEST12,2025-07-01 13:00:00+00:00,-0.29583515700894714,-0.022901520487246804,98749592.03187042,68.16714702802868,Test industry 4,True,,2025-07-01
TEST13,2025-07-01 13:00:00+00:00,-0.2756292984496973,-0.0008787197906001146,51046293.38675847,35.76167352747947,Test industry 1,True,,2025-07-01
TEST14,2025-07-01 13:00:00+00:00,-0.1701904435665902,0.04516054050068407,41319976.85228281,32.55592876635602,Test industry 2,True,,2025-07-01
TEST15,2025-07-01 13:00:00+00:00,-0.28529961448022634,0.0655396190534046,97213853.20349035,70.65870383232718,Test industry 3,True,,2025-07-01
TEST16,2025-07-01 13:00:00+00:00,-0.1479187982979544,0.12021721850372677,61102286.75359543,41.74942707513613,Test industry 4,True,,2025-07-01
TEST17,2025-07-01 13:00:00+00:00,-0.18811183918961194,0.03131809684107364,91629735.36449486,71.00235054041212,Test industry 1,True,,2025-07-01
TEST18,2025-07-01 13:00:00+00:00,-0.254592761965614,0.1560627930369791,53080084.19135668,37.38546848496311,Test industry 2,True,,2025-07-01
TEST19,2025-07-01 13:00:00+00:00,-0.04836887551034952,0.17544285005543742,94572672.94536409,66.14582675182402,Test industry 3,True,,2025-07-01
TEST20,2025-07-01 13:00:00+00:00,-0.11057808387773216,0.06782837397027046,95938547.01761384,67.05428727142437,Test industry 4,True,,2025-07-01
TEST01,2025-08-01 13:00:00+00:00,-0.2334699121208632,0.17058302227037414,63956081.12095289,41.500060536901216,Test industry 1,True,,2025-08-01
TEST02,2025-08-01 13:00:00+00:00,-0.1424336878336182,0.1698847602848179,76316388.95997748,51.95064483161711,Test industry 2,True,,2025-08-01
TEST03,2025-08-01 13:00:00+00:00,-0.22778270125902245,-0.01016855255948343,38546018.09802583,30.02531070324619,Test industry 3,True,,2025-08-01
TEST04,2025-08-01 13:00:00+00:00,-0.10206612495334944,0.16119903382781606,42481645.9336756,26.92400240514685,Test industry 4,True,,2025-08-01
TEST05,2025-08-01 13:00:00+00:00,-0.08444528088554537,0.06442684870136044,56495033.73321407,40.816158844644725,Test industry 1,True,,2025-08-01
TEST06,2025-08-01 13:00:00+00:00,0.1004883130831622,0.01685970247865669,108310668.43643196,74.19729998619154,Test industry 2,True,,2025-08-01
TEST07,2025-08-01 13:00:00+00:00,-0.25146954829897106,-0.0178940163566415,55846276.61819373,40.854418072858,Test industry 3,True,,2025-08-01
TEST08,2025-08-01 13:00:00+00:00,0.02947669290806232,-0.0023258329343054576,157696350.61353442,102.81152990007529,Test industry 4,True,,2025-08-01
TEST09,2025-08-01 13:00:00+00:00,-0.08308146513400327,0.10132093928645743,123550987.31493388,83.53757795900748,Test industry 1,True,,2025-08-01
TEST10,2025-08-01 13:00:00+00:00,0.04472279189658712,0.15830783226210582,118094012.10854338,81.76923731208551,Test industry 2,True,,2025-08-01
TEST11,2025-08-01 13:00:00+00:00,-0.1702674893635906,0.12265928756646856,74210302.25309616,55.473899243755255,Test industry 3,True,,2025-08-01
TEST12,2025-08-01 13:00:00+00:00,-0.2332587247428366,-0.022901520487246804,97815514.49951777,62.23912919674157,Test industry 4,True,,2025-08-01
TEST13,2025-08-01 13:00:00+00:00,-0.265879227236424,-0.0008787197906001146,50249565.859352194,34.08328890315045,Test industry 1,True,,2025-08-01
TEST14,2025-08-01 13:00:00+00:00,-0.10088474430211092,0.04516054050068407,43049866.47007683,30.699105477553807,Test industry 2,True,,2025-08-01
TEST15,2025-08-01 13:00:00+00:00,-0.25953454138590326,0.0655396190534046,96237052.41678648,68.36710138401087,Test industry 3,True,,2025-08-01
TEST16,2025-08-01 13:00:00+00:00,-0.12793103287376195,0.12021721850372677,58547422.33920817,38.729568304856514,Test industry 4,True,,2025-08-01
TEST17,2025-08-01 13:00:00+00:00,-0.16418845893331102,0.03131809684107364,88569533.09244736,70.07976339942513,Test industry 1,True,,2025-08-01
TEST18,2025-08-01 13:00:00+00:00,-0.1465527214198311,0.1560627930369791,49439678.065988496,34.58527996418678,Test industry 2,True,,2025-08-01
TEST19,2025-08-01 13:00:00+00:00,-0.05379568154123826,0.17544285005543742,98586556.177228,64.47634441047423,Test industry 3,True,,2025-08-01
TEST20,2025-08-01 13:00:00+00:00,-0.14145471764850204,0.06782837397027046,92493958.22376703,62.3690488281922,Test industry 4,True,,2025-08-01
TEST01,2025-09-02 13:00:00+00:00,-0.26831405891254345,0.17058302227037414,57269436.440570906,39.590960552791714,Test industry 1,True,,2025-09-02
TEST02,2025-09-02 13:00:00+00:00,-0.1697619484916888,0.1698847602848179,71808394.37257215,47.84961466390718,Test industry 2,True,,2025-09-02
TEST03,2025-09-02 13:00:00+00:00,-0.2482578562151836,-0.01016855255948343,38094508.991264015,28.49087038284015,Test industry 3,True,,2025-09-02
TEST04,2025-09-02 13:00:00+00:00,-0.18969223527149004,0.16119903382781606,37868614.844408855,24.17880224819556,Test industry 4,True,,2025-09-02
TEST05,2025-09-02 13:00:00+00:00,-0.12835804141864116,0.06442684870136044,58214851.69834883,36.766930713686676,Test industry 1,True,,2025-09-02
TEST06,2025-09-02 13:00:00+00:00,0.052993545954356014,0.01685970247865669,105687025.33984339,71.92497841781086,Test industry 2,True,,2025-09-02
TEST07,2025-09-02 13:00:00+00:00,-0.27035440673884914,-0.0178940163566415,57774688.39694543,39.76827473422158,Test industry 3,True,,2025-09-02
TEST08,2025-09-02 13:00:00+00:00,-0.06677704701231424,-0.0023258329343054576,148131360.02451828,100.02135738754258,Test industry 4,True,,2025-09-02
TEST09,2025-09-02 13:00:00+00:00,-0.144542361717376,0.10132093928645743,116059085.68398353,79.21538772183197,Test industry 1,True,,2025-09-02
TEST10,2025-09-02 13:00:00+00:00,0.07463603572937694,0.15830783226210582,122751362.9308011,75.95235225916547,Test industry 2,True,,2025-09-02
TEST11,2025-09-02 13:00:00+00:00,-0.16887653350104492,0.12265928756646856,74210302.25309616,52.18987092707622,Test industry 3,True,,2025-09-02
TEST12,2025-09-02 13:00:00+00:00,-0.24879687558362085,-0.022901520487246804,97190118.14400259,59.1611277251149,Test industry 4,True,,2025-09-02
TEST13,2025-09-02 13:00:00+00:00,-0.30690384084853706,-0.0008787197906001146,48481191.74053858,31.947559681420184,Test industry 1,True,,2025-09-02
TEST14,2025-09-02 13:00:00+00:00,-0.15008075799728815,0.04516054050068407,42386145.117495015,28.77995219738644,Test industry 2,True,,2025-09-02
TEST15,2025-09-02 13:00:00+00:00,-0.25028515851795974,0.0655396190534046,99461316.56630358,67.02084636634603,Test industry 3,True,,2025-09-02
TEST16,2025-09-02 13:00:00+00:00,-0.18803262387621944,0.12021721850372677,58420552.679631606,37.01719585654777,Test industry 4,True,,2025-09-02
TEST17,2025-09-02 13:00:00+00:00,-0.1927945664921077,0.03131809684107364,95092271.62844977,65.07186608790123,Test industry 1,True,,2025-09-02
TEST18,2025-09-02 13:00:00+00:00,-0.20073646570597758,0.1560627930369791,46880676.37099983,32.03753554029303,Test industry 2,True,,2025-09-02
TEST19,2025-09-02 13:00:00+00:00,-0.07989899930730049,0.17544285005543742,93790239.57694364,61.965474397090446,Test industry 3,True,,2025-09-02
TEST20,2025-09-02 13:00:00+00:00,-0.1633904898977686,0.06782837397027046,86050837.46424773,61.04858081362725,Test industry 4,True,,2025-09-02
TEST01,2025-10-01 13:00:00+00:00,-0.2493009000157933,0.17058302227037414,52797449.66976841,37.53796771760172,Test industry 1,True,,2025-10-01
TEST02,2025-10-01 13:00:00+00:00,-0.19571209650563526,0.1698847602848179,72501972.8152579,46.88654413728459,Test industry 2,True,,2025-10-01
TEST03,2025-10-01 13:00:00+00:00,-0.2879495402963147,-0.01016855255948343,40656713.434251636,26.91642682002682,Test industry 3,True,,2025-10-01
TEST04,2025-10-01 13:00:00+00:00,-0.23214098004476325,0.16119903382781606,35104424.635921285,21.55567871538825,Test industry 4,True,,2025-10-01
TEST05,2025-10-01 13:00:00+00:00,-0.1767156260562417,0.06442684870136044,57973348.41471401,35.56273471341889,Test industry 1,True,,2025-10-01
TEST06,2025-10-01 13:00:00+00:00,0.02272983265444628,0.01685970247865669,99035090.93756989,66.86926949409637,Test industry 2,True,,2025-10-01
TEST07,2025-10-01 13:00:00+00:00,-0.23847567720648455,-0.0178940163566415,53725111.83004585,38.93059757867694,Test industry 3,True,,2025-10-01
TEST08,2025-10-01 13:00:00+00:00,-0.07729107545424274,-0.0023258329343054576,139006521.40792495,93.67343456666335,Test industry 4,True,,2025-10-01
TEST09,2025-10-01 13:00:00+00:00,-0.1583735165022263,0.10132093928645743,104621867.44221042,74.47150232128467,Test industry 1,True,,2025-10-01
TEST10,2025-10-01 13:00:00+00:00,0.060463661574927885,0.15830783226210582,112182047.6555888,66.34934668758488,Test industry 2,True,,2025-10-01
TEST11,2025-10-01 13:00:00+00:00,-0.1547938194033741,0.12265928756646856,78009167.95650539,46.64882843700259,Test industry 3,True,,2025-10-01
TEST12,2025-10-01 13:00:00+00:00,-0.2589256806128686,-0.022901520487246804,87805614.97676751,54.437140602817365,Test industry 4,True,,2025-10-01
TEST13,2025-10-01 13:00:00+00:00,-0.2834013731322851,-0.0008787197906001146,43595168.33829083,28.359164965233262,Test industry 1,True,,2025-10-01
TEST14,2025-10-01 13:00:00+00:00,-0.14569024617577142,0.04516054050068407,41136215.09700677,27.10907250105641,Test industry 2,True,,2025-10-01
TEST15,2025-10-01 13:00:00+00:00,-0.22783399092375967,0.0655396190534046,96679907.37752624,60.62955662500953,Test industry 3,True,,2025-10-01
TEST16,2025-10-01 13:00:00+00:00,-0.17936708745508878,0.12021721850372677,54600523.76729585,36.95669283301413,Test industry 4,True,,2025-10-01
TEST17,2025-10-01 13:00:00+00:00,-0.2482375736069936,0.03131809684107364,95092271.62844977,63.180204391519865,Test industry 1,True,,2025-10-01
TEST18,2025-10-01 13:00:00+00:00,-0.19035985062472405,0.1560627930369791,42867316.70739183,30.445738661546024,Test industry 2,True,,2025-10-01
TEST19,2025-10-01 13:00:00+00:00,-0.055719366962604266,0.17544285005543742,90476220.33047843,58.32292858476168,Test industry 3,True,,2025-10-01
TEST20,2025-10-01 13:00:00+00:00,-0.20405349513263404,0.06782837397027046,81094022.25703326,57.893442460141486,Test industry 4,True,,2025-10-01
TEST01,2025-11-03 14:00:00+00:00,-0.3169748980290199,0.17058302227037414,53959572.00006741,36.292593812062684,Test industry 1,True,,2025-11-03
TEST02,2025-11-03 14:00:00+00:00,-0.1848831969887973,0.1698847602848179,69841301.5463708,47.71513044024487,Test industry 2,True,,2025-11-03
TEST03,2025-11-03 14:00:00+00:00,-0.29877970799604203,-0.01016855255948343,40391674.270808496,26.196638814276753,Test industry 3,True,,2025-11-03
TEST04,2025-11-03 14:00:00+00:00,-0.3101092208454068,0.16119903382781606,32426565.51110988,20.064621367119692,Test industry 4,True,,2025-11-03
TEST05,2025-11-03 14:00:00+00:00,-0.21031966633762356,0.06442684870136044,53540268.95587824,34.16964397075026,Test industry 1,True,,2025-11-03
TEST06,2025-11-03 14:00:00+00:00,-0.04686722686709033,0.01685970247865669,100103673.84641567,66.72901309569588,Test industry 2,True,,2025-11-03
TEST07,2025-11-03 14:00:00+00:00,-0.23134901789406181,-0.0178940163566415,54906946.22560166,36.927395039873545,Test industry 3,True,,2025-11-03
TEST08,2025-11-03 14:00:00+00:00,-0.1681173327147104,-0.0023258329343054576,127028919.30183482,92.6966801150544,Test industry 4,True,,2025-11-03
TEST09,2025-11-03 14:00:00+00:00,-0.22570698997401428,0.10132093928645743,100395734.87876639,72.88851847877262,Test industry 1,True,,2025-11-03
TEST10,2025-11-03 14:00:00+00:00,-0.06363192116472272,0.15830783226210582,101359052.50112614,61.15662693561922,Test industry 2,True,,2025-11-03
TEST11,2025-11-03 14:00:00+00:00,-0.21948187126571228,0.12265928756646856,68971740.82685298,44.71299061928338,Test industry 3,True,,2025-11-03
TEST12,2025-11-03 14:00:00+00:00,-0.3080880320045991,-0.022901520487246804,82875621.94764918,53.76305297687393,Test industry 4,True,,2025-11-03
TEST13,2025-11-03 14:00:00+00:00,-0.33680666330700015,-0.0008787197906001146,44248080.538746074,28.240776546608938,Test industry 1,True,,2025-11-03
TEST14,2025-11-03 14:00:00+00:00,-0.14942633334237299,0.04516054050068407,38962199.70063501,25.726886301222955,Test industry 2,True,,2025-11-03
TEST15,2025-11-03 14:00:00+00:00,-0.2519178585815063,0.0655396190534046,91060520.58047916,57.40508917036418,Test industry 3,True,,2025-11-03
TEST16,2025-11-03 14:00:00+00:00,-0.17106336194069327,0.12021721850372677,51198469.78700495,35.181555967307936,Test industry 4,True,,2025-11-03
TEST17,2025-11-03 14:00:00+00:00,-0.2553153680066319,0.03131809684107364,91071451.37914878,64.73481913149213,Test industry 1,True,,2025-11-03
TEST18,2025-11-03 14:00:00+00:00,-0.20938432142946095,0.1560627930369791,42225731.98423655,29.255200247779264,Test industry 2,True,,2025-11-03
TEST19,2025-11-03 14:00:00+00:00,-0.08623744739893324,0.17544285005543742,77517143.1412161,55.7607766382724,Test industry 3,True,,2025-11-03
TEST20,2025-11-03 14:00:00+00:00,-0.25911085959438307,0.06782837397027046,84136002.51406121,56.22053428260704,Test industry 4,True,,2025-11-03
TEST01,2025-12-01 14:00:00+00:00,-0.3258528277914018,0.17058302227037414,53924762.963652536,34.28419658315662,Test industry 1,True,,2025-12-01
TEST02,2025-12-01 14:00:00+00:00,-0.1719168919241385,0.1698847602848179,69195815.82450029,46.1180715305413,Test industry 2,True,,2025-12-01
TEST03,2025-12-01 14:00:00+00:00,-0.32323933148804573,-0.01016855255948343,38968147.11217791,26.55226193362553,Test industry 3,True,,2025-12-01
TEST04,2025-12-01 14:00:00+00:00,-0.321198253154522,0.16119903382781606,30484114.99492281,20.847257517737344,Test industry 4,True,,2025-12-01
TEST05,2025-12-01 14:00:00+00:00,-0.23774655066562778,0.06442684870136044,50483874.51352078,33.42487160254495,Test industry 1,True,,2025-12-01
TEST06,2025-12-01 14:00:00+00:00,-0.08412566496622353,0.01685970247865669,103093289.9657012,63.80037756888503,Test industry 2,True,,2025-12-01
TEST07,2025-12-01 14:00:00+00:00,-0.23155497608171616,-0.0178940163566415,55677730.47215338,37.393119102872866,Test industry 3,True,,2025-12-01
TEST08,2025-12-01 14:00:00+00:00,-0.17430038056294084,-0.0023258329343054576,129157085.98634167,89.53490401448953,Test industry 4,True,,2025-12-01
TEST09,2025-12-01 14:00:00+00:00,-0.2325652902141515,0.10132093928645743,99915237.12494461,69.4264860857173,Test industry 1,True,,2025-12-01
TEST10,2025-12-01 14:00:00+00:00,-0.14380614299135486,0.15830783226210582,96149459.84296843,63.02508640369032,Test industry 2,True,,2025-12-01
TEST11,2025-12-01 14:00:00+00:00,-0.20607311970493036,0.12265928756646856,67028807.19950469,45.426923931771164,Test industry 3,True,,2025-12-01
TEST12,2025-12-01 14:00:00+00:00,-0.2864890247502411,-0.022901520487246804,75200837.31028074,51.84412793351075,Test industry 4,True,,2025-12-01
TEST13,2025-12-01 14:00:00+00:00,-0.31017607276276593,-0.0008787197906001146,42440123.67153461,27.123427101554924,Test industry 1,True,,2025-12-01
TEST14,2025-12-01 14:00:00+00:00,-0.15472535743032834,0.04516054050068407,38419678.02852732,27.085121548033555,Test industry 2,True,,2025-12-01
TEST15,2025-12-01 14:00:00+00:00,-0.29049568025108985,0.0655396190534046,80647089.64537111,56.92525578265477,Test industry 3,True,,2025-12-01
TEST16,2025-12-01 14:00:00+00:00,-0.170930147813952,0.12021721850372677,49824470.440809324,33.739774255931565,Test industry 4,True,,2025-12-01
TEST17,2025-12-01 14:00:00+00:00,-0.24208535851002866,0.03131809684107364,79197582.71064611,63.69023311946893,Test industry 1,True,,2025-12-01
TEST18,2025-12-01 14:00:00+00:00,-0.24941215060785316,0.1560627930369791,42658023.61829646,29.026868212905573,Test industry 2,True,,2025-12-01
TEST19,2025-12-01 14:00:00+00:00,-0.09810785405369449,0.17544285005543742,79049698.8130658,54.927027276990856,Test industry 3,True,,2025-12-01
TEST20,2025-12-01 14:00:00+00:00,-0.27320099407665077,0.06782837397027046,80749735.2062212,55.48927322516788,Test industry 4,True,,2025-12-01
