session,Test industry 1,Test industry 2,Test industry 3,Test industry 4,Unknown
2020-01-02,0.10000000000000002,0.10000000000000002,0.10000000000000002,0.10000000000000002,0.0
2020-01-03,0.09989449280462578,0.09853811308806097,0.09946842219096227,0.09931393218140873,0.0
2020-01-06,0.10004533786632604,0.09789216810768514,0.0986862485960552,0.09827710108440482,0.0
2020-01-07,0.10153583633540844,0.09892193294353163,0.099521484335516,0.09825741786945541,0.0
2020-01-08,0.10123677643321208,0.09987691482468317,0.10081432100888266,0.0993796269310016,0.0
2020-01-09,0.10166790547138674,0.09956660783740506,0.10161965556871894,0.09879200362214637,0.0
2020-01-10,0.1015676168953584,0.10006931451190403,0.10173563055203932,0.09876530902837129,0.0
2020-01-13,0.10202286439556442,0.09924064830724234,0.10158029622987723,0.0980859721950217,0.0
2020-01-14,0.10173565921153732,0.09893162465236437,0.10138999589410737,0.09768604890105016,0.0
2020-01-15,0.10160526072350128,0.09950153662577388,0.10175777220382967,0.09658578125699205,0.0
2020-01-16,0.10140158288624539,0.09955355453381369,0.10155964862090053,0.0959481068318301,0.0
2020-01-17,0.10184947661850552,0.10014016120403547,0.10153422727200398,0.09581432134645494,0.0
2020-01-21,0.10176637779572173,0.10068624379487884,0.1013066566542369,0.09565917579317257,0.0
2020-01-22,0.10221814914713948,0.10103500738327091,0.1026014920480427,0.09524471375083922,0.0
2020-01-23,0.10177498483642351,0.10133374675937416,0.10215705343272644,0.09415590460060988,0.0
2020-01-24,0.10260832321705769,0.10100033088591534,0.10324389150978026,0.09404299810259216,0.0
2020-01-27,0.10417007043607382,0.1008257097417104,0.10341241687586078,0.09521021720206144,0.0
2020-01-28,0.10398013649354576,0.10055680849859132,0.10277104200157625,0.09453563088928466,0.0
2020-01-29,0.10510922122340428,0.10007387295530351,0.10257101956723014,0.09397323331427623,0.0
2020-01-30,0.10636084387106678,0.10011384930355954,0.10205649313651412,0.09529959757987642,0.0
2020-01-31,0.10770065354139584,0.10004723063067857,0.10229082779276405,0.09461771090624732,0.0
2020-02-03,0.10000000000000002,0.10000000000000002,0.10000000000000002,0.10000000000000002,0.0
2020-02-04,0.09870252661195288,0.10069888697644472,0.09948082762169988,0.10049178471060925,0.0
2020-02-05,0.0987010762584139,0.10218570167168253,0.0994381755908053,0.10103955797040688,0.0
2020-02-06,0.09834935105101028,0.10131330999326481,0.10087620953890614,0.10093130091186815,0.0
2020-02-07,0.09783935503871276,0.10063904249918683,0.1010018031641042,0.10202935141527734,0.0
2020-02-10,0.09707650325767121,0.10119552249993344,0.10171080461107089,0.10230567885408293,0.0
2020-02-11,0.09755782003352097,0.101028502001981,0.10210712701025229,0.10176956865915775,0.0
2020-02-12,0.09606942237455302,0.10063737019591261,0.10127937617295499,0.10269433802270127,0.0
2020-02-13,0.09648164493951258,0.10002531692600454,0.10185961488346325,0.10219712949651762,0.0
2020-02-14,0.09802008140497513,0.09988025047961377,0.10190308418753516,0.10193305583438947,0.0
2020-02-18,0.09713577140318093,0.0998658079501406,0.10054964223498832,0.10109658622130854,0.0
2020-02-19,0.09784841898278827,0.09939693102032036,0.10064054988847485,0.10019497683574598,0.0
2020-02-20,0.0972769701744991,0.10072399202513067,0.09956217172682354,0.10060104072926163,0.0
2020-02-21,0.09816100083975829,0.10107282150283947,0.09994877128692706,0.10090453180818951,0.0
2020-02-24,0.09653638158820668,0.10099685440764443,0.0985764591293185,0.10084204601676172,0.0
2020-02-25,0.09631624825802315,0.10044873535325492,0.0978174534071419,0.10058582759517905,0.0
2020-02-26,0.09642604381043135,0.10017772948962718,0.09735984445851936,0.09961101404415577,0.0
2020-02-27,0.09616620517044784,0.10001246736004535,0.09716087549214332,0.09891314434715817,0.0
2020-02-28,0.09508168818297966,0.10062219017233305,0.09799252367511949,0.0993966610856378,0.0
2020-03-02,0.1,0.2,0.1,0.0,0.0
2020-03-03,0.09892193850746596,0.20144576996894925,0.09987169945347768,0.0,0.0
2020-03-04,0.09916345442023153,0.19905956699142005,0.10041058388532369,0.0,0.0
2020-03-05,0.09975535728622192,0.19888134547352573,0.0996101909480657,0.0,0.0
2020-03-06,0.09935248534476794,0.19888226513189666,0.09960993501826199,0.0,0.0
2020-03-09,0.10127219439674776,0.1979922757194805,0.10005534332146704,0.0,0.0
2020-03-10,0.10186597780850462,0.1984973080319245,0.1007957913375855,0.0,0.0
2020-03-11,0.10177688771852367,0.19977646275427197,0.10063447061692907,0.0,0.0
2020-03-12,0.10251479868244662,0.19905564011886592,0.10073009648592408,0.0,0.0
2020-03-13,0.10277720289149951,0.19929064907149224,0.10063475921893068,0.0,0.0
2020-03-16,0.10331999959688917,0.20109859706439037,0.10213924753566425,0.0,0.0
2020-03-17,0.1033772094256398,0.20141325837688367,0.10222376307819551,0.0,0.0
2020-03-18,0.10297402158917729,0.2025268781388064,0.10106465799308233,0.0,0.0
2020-03-19,0.10261979579825668,0.20340898504502547,0.10102200214116229,0.0,0.0
2020-03-20,0.10196146741350044,0.20301043641537858,0.10040384516535972,0.0,0.0
2020-03-23,0.10008242527396567,0.20360441529066847,0.10065213145104959,0.0,0.0
2020-03-24,0.10034828955721453,0.20376355407630356,0.10049594006354678,0.0,0.0
2020-03-25,0.09987420110308053,0.20372694945376182,0.10129094116748179,0.0,0.0
2020-03-26,0.10010977365118862,0.2029773042496237,0.10216581026985813,0.0,0.0
2020-03-27,0.09950197053326902,0.20367384754818374,0.10275832557581853,0.0,0.0
2020-03-30,0.09874287489343947,0.20287510737990605,0.10331794293804364,0.0,0.0
2020-03-31,0.09840966054840926,0.20296178564709755,0.10430850838990406,0.0,0.0
2020-04-01,0.20000000000000007,0.0,0.10000000000000003,0.10000000000000003,0.0
2020-04-02,0.20169999624116386,0.0,0.09902794260576821,0.09983286223180397,0.0
2020-04-03,0.20149760412040485,0.0,0.09813383819960124,0.10072707512340424,0.0
2020-04-06,0.20113392762893229,0.0,0.09879450347053902,0.10135710482370908,0.0
2020-04-07,0.20036553240086027,0.0,0.09744179000641345,0.10304452382225204,0.0
2020-04-08,0.20050802108630794,0.0,0.0968681268046081,0.10213164944402683,0.0
2020-04-09,0.1999498136641175,0.0,0.0966893097716894,0.10269370529574251,0.0
2020-04-13,0.19949329137698418,0.0,0.0976197112528532,0.10252708935116579,0.0
2020-04-14,0.20017318237213622,0.0,0.09715402668759239,0.10171908308942278,0.0
2020-04-15,0.19916206531445466,0.0,0.09695656900524348,0.10330132940683086,0.0
2020-04-16,0.19759297375730764,0.0,0.09741502815457385,0.10227735530971187,0.0
2020-04-17,0.19738280391372431,0.0,0.09813496508212372,0.10150055783620902,0.0
2020-04-20,0.19942684292899798,0.0,0.09831521590590722,0.10136517380405573,0.0
2020-04-21,0.19943643770150762,0.0,0.0980965477977927,0.10005911908848782,0.0
2020-04-22,0.19966404491037126,0.0,0.09848031120557585,0.09958436923750756,0.0
2020-04-23,0.19741557723986192,0.0,0.09762984056233216,0.09835422791184582,0.0
2020-04-24,0.19705733202854947,0.0,0.09700206207820813,0.09797237754096567,0.0
2020-04-27,0.1966093565050535,0.0,0.09797998131679063,0.09655637469044533,0.0
2020-04-28,0.19651971991452336,0.0,0.09748349950690344,0.09684277979549656,0.0
2020-04-29,0.19704234004590032,0.0,0.09760911355582776,0.09599952147056812,0.0
2020-04-30,0.19774103527681228,0.0,0.09777297213577324,0.09674200176137733,0.0
2020-05-01,0.20000000000000004,0.0,0.10000000000000002,0.10000000000000002,0.0
2020-05-04,0.1980388374256592,0.0,0.09948366517672282,0.10045650031838763,0.0
2020-05-05,0.1974617080161751,0.0,0.09940616323159437,0.10088464455944457,0.0
2020-05-06,0.19703212292690936,0.0,0.09951716699532162,0.10243386216074521,0.0
2020-05-07,0.19608303960713758,0.0,0.09928394605875239,0.10179223138796722,0.0
2020-05-08,0.19614919164314387,0.0,0.09863369710053226,0.10172372723325111,0.0
2020-05-11,0.19770779230652527,0.0,0.09941356256723115,0.10252896290148607,0.0
2020-05-12,0.19663258870024958,0.0,0.09843827180996426,0.10265759459753732,0.0
2020-05-13,0.1944795250068601,0.0,0.09854057374345461,0.10284244163900408,0.0
2020-05-14,0.19358504921795613,0.0,0.0987479724542347,0.10294111355742867,0.0
2020-05-15,0.19266973292131234,0.0,0.09869425657705963,0.10297796748974443,0.0
2020-05-18,0.1933859214274699,0.0,0.09946534959363311,0.10314817230951646,0.0
2020-05-19,0.1936870926914307,0.0,0.10044819003334422,0.10334123802519524,0.0
2020-05-20,0.19170218878878326,0.0,0.1005544029965526,0.10400606092507154,0.0
2020-05-21,0.19293450080173472,0.0,0.09984034666000746,0.10404453779698308,0.0
2020-05-22,0.19224220732454664,0.0,0.0993531590904907,0.10371270733159754,0.0
2020-05-26,0.1923500609160361,0.0,0.09962301907163665,0.10402478352742979,0.0
2020-05-27,0.19251602059016443,0.0,0.09970394082451058,0.103927837817934,0.0
2020-05-28,0.19291334141821154,0.0,0.0992669504643696,0.10230549206564278,0.0
2020-05-29,0.19348180443339194,0.0,0.09910034759648365,0.1024388969013986,0.0
2020-06-01,0.1,0.0,0.2,0.1,0.0
2020-06-02,0.09989001755859334,0.0,0.2000283849492135,0.10087446297462896,0.0
2020-06-03,0.09939096939542887,0.0,0.2003204786933098,0.09946339659152091,0.0
2020-06-04,0.09835120779926747,0.0,0.20001203544758492,0.09974147719733234,0.0
2020-06-05,0.09680636690123456,0.0,0.19952723232583297,0.09940614220654392,0.0
2020-06-08,0.09710888533464145,0.0,0.19856698294521283,0.09892835305182873,0.0
2020-06-09,0.09702904749745607,0.0,0.19667495330716359,0.09741486214176925,0.0
2020-06-10,0.09793747963170728,0.0,0.19665833987194678,0.09711653561101777,0.0
2020-06-11,0.098198901122206,0.0,0.1960307636114864,0.0965876804398785,0.0
2020-06-12,0.09690897675850778,0.0,0.1953309832776896,0.09542141697364545,0.0
2020-06-15,0.09776600294527037,0.0,0.19685659936005273,0.09553933843022462,0.0
2020-06-16,0.09714254096217516,0.0,0.19620841358471547,0.09650477671543696,0.0
2020-06-17,0.09749720231658239,0.0,0.19494051625485914,0.09684313717514959,0.0
2020-06-18,0.09784615833112015,0.0,0.1949306069685192,0.09740976165821591,0.0
2020-06-19,0.09966176047647597,0.0,0.19327574442217288,0.09610470129044768,0.0
2020-06-22,0.09925699992629,0.0,0.19332345138791918,0.09659282240515647,0.0
2020-06-23,0.09920112834129478,0.0,0.19429508363598186,0.09668724272237142,0.0
2020-06-24,0.09914982851144893,0.0,0.19315259855120676,0.09681762104471399,0.0
2020-06-25,0.09894617108547808,0.0,0.19397481985869466,0.09809068209462653,0.0
2020-06-26,0.09823623488388669,0.0,0.19361690620179675,0.09750555121354683,0.0
2020-06-29,0.09962936333936653,0.0,0.1937365653284422,0.09541849846262009,0.0
2020-06-30,0.09969216536510901,0.0,0.19563278974077808,0.09518372785786418,0.0
2020-07-01,0.1,0.0,0.1,0.2,0.0
2020-07-02,0.09920500291963057,0.0,0.09820419140618225,0.1988036971357311,0.0
2020-07-06,0.10007817490321717,0.0,0.09675512012127072,0.20038182410679117,0.0
2020-07-07,0.10050238156900174,0.0,0.0978895233326948,0.20201656609378854,0.0
2020-07-08,0.10096402220097002,0.0,0.09784630793148258,0.2015483508717897,0.0
2020-07-09,0.10023133424942895,0.0,0.09810885550752341,0.20055604307746222,0.0
2020-07-10,0.10010785046898975,0.0,0.0984525923167663,0.2001786366983109,0.0
2020-07-13,0.10046227329692625,0.0,0.09862941367477325,0.1989686576083447,0.0
2020-07-14,0.09993178180743062,0.0,0.09847958532269799,0.19866811407857043,0.0
2020-07-15,0.09932534515909089,0.0,0.09772544738604619,0.19749663198618866,0.0
2020-07-16,0.09968900622142313,0.0,0.09790653648364571,0.19667117852804403,0.0
2020-07-17,0.10043294662841763,0.0,0.09865441868264321,0.19643280717256034,0.0
2020-07-20,0.09970502877298541,0.0,0.09842935152573555,0.19572319555707884,0.0
2020-07-21,0.09967659718170019,0.0,0.09926166227307952,0.19618143132484622,0.0
2020-07-22,0.09910452883546836,0.0,0.1002271278075851,0.19735382694675752,0.0
2020-07-23,0.09886389529272246,0.0,0.0998390258028656,0.19715980779822917,0.0
2020-07-24,0.0976864652621792,0.0,0.10061744589999182,0.1966843050243941,0.0
2020-07-27,0.09668392661646406,0.0,0.1013260146282703,0.1968329569547665,0.0
2020-07-28,0.09701144682968676,0.0,0.10154175999507582,0.19792770498422274,0.0
2020-07-29,0.09847858762194654,0.0,0.10111071041854151,0.19601153078742145,0.0
2020-07-30,0.09872854356768164,0.0,0.10158446777516453,0.1951955924271206,0.0
2020-07-31,0.09887283911597433,0.0,0.10116255350199024,0.19473963000476213,0.0
2020-08-03,0.1,0.0,0.2,0.1,0.0
2020-08-04,0.1002766738790662,0.0,0.19871443633593858,0.10071418578493715,0.0
2020-08-05,0.10062822040428052,0.0,0.20112370035887225,0.10094276068700182,0.0
2020-08-06,0.10010854045998535,0.0,0.19962646844200316,0.10056523972015224,0.0
2020-08-07,0.09961109329335543,0.0,0.2004291363744316,0.10130342345114034,0.0
2020-08-10,0.10071430116867026,0.0,0.20087892530844992,0.10233546673125185,0.0
2020-08-11,0.10038471024429058,0.0,0.19989692241424137,0.10297278903714732,0.0
2020-08-12,0.09939267613989422,0.0,0.2000369381889815,0.10311064601942929,0.0
2020-08-13,0.09991559875208791,0.0,0.20156828078521602,0.10338189688728064,0.0
2020-08-14,0.10048665729546319,0.0,0.2018472826149144,0.10313455173564126,0.0
2020-08-17,0.10014086178626455,0.0,0.19965704073231932,0.10277279936051859,0.0
2020-08-18,0.09966850471271269,0.0,0.1996205983522662,0.10232711460990294,0.0
2020-08-19,0.09878753030932855,0.0,0.19817578536244196,0.10280766749894903,0.0
2020-08-20,0.09804665571860066,0.0,0.19843422445087933,0.10284608047244431,0.0
2020-08-21,0.09889186013412388,0.0,0.1988267538687103,0.10260676362568961,0.0
2020-08-24,0.09830290683904472,0.0,0.19847335998200583,0.1011306874070332,0.0
2020-08-25,0.09673880392179224,0.0,0.1974675705586048,0.10076009790624385,0.0
2020-08-26,0.09723395635433392,0.0,0.19828803014856533,0.09967017287546814,0.0
2020-08-27,0.09722495774639872,0.0,0.19775557741346445,0.09915585688091326,0.0
2020-08-28,0.09603534072013478,0.0,0.1970539645572056,0.09786293058202714,0.0
2020-08-31,0.09564793726492109,0.0,0.19779135097871475,0.09836252865702645,0.0
2020-09-01,0.1,0.0,0.2,0.1,0.0
2020-09-02,0.1004158226467387,0.0,0.19926311621188447,0.10005535464138506,0.0
2020-09-03,0.10008967402647294,0.0,0.1976897550782837,0.10057340028652541,0.0
2020-09-04,0.10068778455036105,0.0,0.19766286722358845,0.1012914166803948,0.0
2020-09-08,0.10085384141669525,0.0,0.19797814758178037,0.10208131149845999,0.0
2020-09-09,0.10180796248541459,0.0,0.19867668662319787,0.10413317667152693,0.0
2020-09-10,0.1019037278914232,0.0,0.19762579847008183,0.10403875928181068,0.0
2020-09-11,0.10191066010118463,0.0,0.1984993304649839,0.10361555818413605,0.0
2020-09-14,0.10259018569990033,0.0,0.19787705159335325,0.1039468599829876,0.0
2020-09-15,0.10381126954696933,0.0,0.19802035466912343,0.1041548441599328,0.0
2020-09-16,0.10293707165779643,0.0,0.20079624081102848,0.10432574766106316,0.0
2020-09-17,0.10345132283892784,0.0,0.2001794016851302,0.10481744655596875,0.0
2020-09-18,0.10380099647313719,0.0,0.20034064468205007,0.10411811185617313,0.0
2020-09-21,0.1048158939522876,0.0,0.19912082474995618,0.10494585692010326,0.0
2020-09-22,0.10600092660181915,0.0,0.19804391950032507,0.10401235690019245,0.0
2020-09-23,0.10568578338984999,0.0,0.1987385659979727,0.10478016761396043,0.0
2020-09-24,0.1071259216918794,0.0,0.19862272672245518,0.10565932361758092,0.0
2020-09-25,0.10709286982086684,0.0,0.19887221350809672,0.1044133750184692,0.0
2020-09-28,0.10762658586675948,0.0,0.19922002344960293,0.10356324079284061,0.0
2020-09-29,0.10831403417425106,0.0,0.19950392574931503,0.1031739039208947,0.0
2020-09-30,0.10727021223405782,0.0,0.19993396810073605,0.10350086962138623,0.0
2020-10-01,0.1,0.0,0.2,0.1,0.0
2020-10-02,0.09987696673568784,0.0,0.19845841105341372,0.09910981355798794,0.0
2020-10-05,0.09982185552002666,0.0,0.1970791831581762,0.09805371671649135,0.0
2020-10-06,0.09937488139067546,0.0,0.19526992917429659,0.09938288068610932,0.0
2020-10-07,0.09772877038319627,0.0,0.19286280415920565,0.09888811979197668,0.0
2020-10-08,0.09799610334597665,0.0,0.19047316589602153,0.09903041491629157,0.0
2020-10-09,0.09788419234387186,0.0,0.18973342475567073,0.09839658723902925,0.0
2020-10-12,0.09732837394371452,0.0,0.18954961740117982,0.09802385979766565,0.0
2020-10-13,0.09737528879893116,0.0,0.1901148282604347,0.09960164311689836,0.0
2020-10-14,0.09757476468258154,0.0,0.18978892256629754,0.09835837077972241,0.0
2020-10-15,0.0968465779776597,0.0,0.1893615823852865,0.09820204370220251,0.0
2020-10-16,0.09670909398743228,0.0,0.19122597349140283,0.09722901222223618,0.0
2020-10-19,0.09597110637112362,0.0,0.19263440228016038,0.09740116717820826,0.0
2020-10-20,0.09643328030336523,0.0,0.19261275714711412,0.09651413773981267,0.0
2020-10-21,0.09610902529249077,0.0,0.19300068482794086,0.09551170289840062,0.0
2020-10-22,0.09558699118614339,0.0,0.19388257168519596,0.09575087829322655,0.0
2020-10-23,0.0942318238747326,0.0,0.1940526678708261,0.09432047628152658,0.0
2020-10-26,0.0950362098929885,0.0,0.19479368487252147,0.09423994681098118,0.0
2020-10-27,0.09545304197643235,0.0,0.194114846822451,0.09422537030331238,0.0
2020-10-28,0.0958938550391108,0.0,0.19481951788836735,0.0936259194989069,0.0
2020-10-29,0.09586657557756724,0.0,0.19484099266289712,0.0940247300459861,0.0
2020-10-30,0.09649927259132832,0.0,0.19421825287486105,0.09368688414467756,0.0
2020-11-02,0.2,0.0,0.1,0.1,0.0
2020-11-03,0.19905796077895016,0.0,0.10049251882807157,0.09913221632547768,0.0
2020-11-04,0.1986223108538442,0.0,0.09942559125922013,0.09855739340898871,0.0
2020-11-05,0.19988761899136387,0.0,0.1000854697263224,0.0993920228259773,0.0
2020-11-06,0.2003589756295184,0.0,0.09966913666167247,0.10069886557441289,0.0
2020-11-09,0.1993620515508975,0.0,0.09826942551211487,0.10100901815520014,0.0
2020-11-10,0.19942776355551367,0.0,0.09861147247850398,0.10157052582481677,0.0
2020-11-11,0.1998412413568828,0.0,0.09887820820336708,0.10306797475557067,0.0
2020-11-12,0.19956666237208703,0.0,0.0979050484158428,0.10228757118297882,0.0
2020-11-13,0.19939231037207816,0.0,0.09756975293628115,0.10259918068733939,0.0
2020-11-16,0.1999134617252465,0.0,0.09649638654978326,0.1027221793952466,0.0
2020-11-17,0.20115535400994178,0.0,0.0973885836196128,0.10322248235824488,0.0
2020-11-18,0.20033751558350124,0.0,0.09703392897549669,0.10375985183115136,0.0
2020-11-19,0.20219309741121969,0.0,0.09818787120066626,0.10257940978048723,0.0
2020-11-20,0.2010067815630105,0.0,0.09853351274159833,0.10233126126068456,0.0
2020-11-23,0.20000294201541402,0.0,0.09927059493729531,0.10088306056460111,0.0
2020-11-24,0.19842763674120467,0.0,0.10008699486820749,0.10023368138487669,0.0
2020-11-25,0.198658674057921,0.0,0.099813888822541,0.10039271297047024,0.0
2020-11-27,0.19950605261975426,0.0,0.09960290583370618,0.09990424634462247,0.0
2020-11-30,0.19926948142963363,0.0,0.0990850389113906,0.09992637893536747,0.0
2020-12-01,0.20000000000000004,0.0,0.10000000000000002,0.10000000000000002,0.0
2020-12-02,0.1992551455412332,0.0,0.09973059896488638,0.10033983944149687,0.0
2020-12-03,0.19974371600910867,0.0,0.10028034192196565,0.10003077863057513,0.0
2020-12-04,0.20054446188201805,0.0,0.0999547948234069,0.10089658612284551,0.0
2020-12-07,0.19963610238983376,0.0,0.09902008185316663,0.10033098896658817,0.0
2020-12-08,0.19949814074670966,0.0,0.09783565968637847,0.09971003065414592,0.0
2020-12-09,0.19885792757460735,0.0,0.097970571929633,0.09955386634873052,0.0
2020-12-10,0.20001319980106175,0.0,0.09813641237560233,0.09983628141126247,0.0
2020-12-11,0.19939288211633766,0.0,0.09805585615958036,0.10011341674967673,0.0
2020-12-14,0.1986222355276503,0.0,0.09676912623300311,0.10010347349416733,0.0
2020-12-15,0.1984592525425954,0.0,0.09618641565589867,0.09978600716753658,0.0
2020-12-16,0.19746969960918487,0.0,0.09663190960700067,0.09999144670852454,0.0
2020-12-17,0.19777399258449374,0.0,0.09674272997967297,0.10021135438540207,0.0
2020-12-18,0.19821071950633903,0.0,0.09775832902089304,0.099867864107976,0.0
2020-12-21,0.19947891318910566,0.0,0.09715722090322315,0.09876379388809456,0.0
2020-12-22,0.19952657095214046,0.0,0.09683207931342647,0.09830434191502894,0.0
2020-12-23,0.1992310201905994,0.0,0.09709787405795815,0.09869738224606274,0.0
2020-12-24,0.2013000936980636,0.0,0.09604406433313686,0.09795565184010473,0.0
2020-12-28,0.20012800289662325,0.0,0.09528390457832688,0.09769931892001993,0.0
2020-12-29,0.20071846331475635,0.0,0.09569704750830116,0.09840221182777231,0.0
2020-12-30,0.2020230341343776,0.0,0.09664098703872041,0.09955957092529948,0.0
2020-12-31,0.20339309276450074,0.0,0.09807999292994837,0.09934671792783697,0.0
2021-01-04,0.19999999999999998,0.0,0.09999999999999999,0.09999999999999999,0.0
2021-01-05,0.20139546529409075,0.0,0.1010424042797448,0.09956382377698064,0.0
2021-01-06,0.20120513592354874,0.0,0.10067912080322274,0.0992773887395686,0.0
2021-01-07,0.20062579223617127,0.0,0.10036078965226022,0.09994069844503274,0.0
2021-01-08,0.20048431164635264,0.0,0.10177324888616712,0.10028494768042268,0.0
2021-01-11,0.20104547793370248,0.0,0.10292028184336476,0.10038587894080186,0.0
2021-01-12,0.20119605884632183,0.0,0.1036087554840834,0.10139289773227249,0.0
2021-01-13,0.20252110732787892,0.0,0.10410265167392989,0.10224807792224044,0.0
2021-01-14,0.2051385154401295,0.0,0.10379823219123148,0.10107959390477364,0.0
2021-01-15,0.20399399516849065,0.0,0.10421096737135817,0.10072424083377902,0.0
2021-01-19,0.20452339355529206,0.0,0.10370187974246255,0.10090648840588363,0.0
2021-01-20,0.20371389700392312,0.0,0.10259694632660837,0.10064587794251453,0.0
2021-01-21,0.2033257968404013,0.0,0.10257882824788495,0.10029400812719844,0.0
2021-01-22,0.20531526118761897,0.0,0.10284076160539099,0.09974953948531226,0.0
2021-01-25,0.20671424752889545,0.0,0.10246450473930817,0.10130420439834645,0.0
2021-01-26,0.20859631092584952,0.0,0.10330414506779886,0.1018783196391075,0.0
2021-01-27,0.2086413030609336,0.0,0.10234480029276001,0.10162041056101336,0.0
2021-01-28,0.2111453574947455,0.0,0.10293613759767178,0.10147166298715232,0.0
2021-01-29,0.21213240473005626,0.0,0.10269846265426433,0.10034427828008113,0.0
2021-02-01,0.1,0.0,0.1,0.2,0.0
2021-02-02,0.10021928919859127,0.0,0.09985947396241783,0.19907156847387164,0.0
2021-02-03,0.10168394765344749,0.0,0.10052586253179618,0.19882768814035695,0.0
2021-02-04,0.10122617410413998,0.0,0.0998475719291365,0.1997224080615996,0.0
2021-02-05,0.10186458872467852,0.0,0.09817144095203788,0.19937876547840871,0.0
2021-02-08,0.10297542859881298,0.0,0.09789959190162623,0.1985707274712918,0.0
2021-02-09,0.10276553118543365,0.0,0.09827838163419857,0.19844455455855609,0.0
2021-02-10,0.10385041385034573,0.0,0.09903995033157185,0.19833380791170013,0.0
2021-02-11,0.10487169489610501,0.0,0.09995179655039053,0.1987416717458975,0.0
2021-02-12,0.10486008514094503,0.0,0.10036432801818518,0.1982615996561582,0.0
2021-02-16,0.10500499742072081,0.0,0.09986103616158835,0.19812007873790005,0.0
2021-02-17,0.104608510651297,0.0,0.10024749858587714,0.19797251892655615,0.0
2021-02-18,0.10305259009077351,0.0,0.1005380577494447,0.19761018163091282,0.0
2021-02-19,0.10253926361584019,0.0,0.10088243391822033,0.19748887580455216,0.0
2021-02-22,0.10211185224822546,0.0,0.10030904396800411,0.19756075352591473,0.0
2021-02-23,0.10139277203523414,0.0,0.09989335760895925,0.19592823012441846,0.0
2021-02-24,0.10112790584389328,0.0,0.09961470377216557,0.19566738931440003,0.0
2021-02-25,0.10027901232259837,0.0,0.10077393354910234,0.1960883781569428,0.0
2021-02-26,0.1007885156691935,0.0,0.10057872110565726,0.19748335789777882,0.0
2021-03-01,0.2,0.0,0.1,0.1,0.0
2021-03-02,0.19990376215673417,0.0,0.09999043913400585,0.09996182947717021,0.0
2021-03-03,0.1988632617379696,0.0,0.1004025161225933,0.10134397827254374,0.0
2021-03-04,0.1988188187649836,0.0,0.10152468450723312,0.10199400697352311,0.0
2021-03-05,0.19985114327346976,0.0,0.10190673180110624,0.10227510997676471,0.0
2021-03-08,0.19928033534237505,0.0,0.10165063706877246,0.10294545208700952,0.0
2021-03-09,0.198705536268801,0.0,0.10105770651788835,0.10272721975037138,0.0
2021-03-10,0.19884510208014297,0.0,0.10036359686134566,0.10253185801190944,0.0
2021-03-11,0.1982623327856987,0.0,0.10015003399947783,0.10291925750314478,0.0
2021-03-12,0.19766473108904026,0.0,0.10019234360697452,0.10355895662300238,0.0
2021-03-15,0.1993053863246388,0.0,0.1006082940218933,0.10362555400128139,0.0
2021-03-16,0.20010498165706053,0.0,0.10125640450289078,0.1032605249483544,0.0
2021-03-17,0.20029168488228505,0.0,0.10049199656654562,0.10384858921953603,0.0
2021-03-18,0.19976851740527213,0.0,0.09964689707426606,0.10437695541716836,0.0
2021-03-19,0.20034913157419448,0.0,0.09932184756462016,0.10350971029743075,0.0
2021-03-22,0.20253673095971192,0.0,0.09866814568342736,0.10350969213019011,0.0
2021-03-23,0.2028057961105449,0.0,0.09824848537836454,0.10316410333698148,0.0
2021-03-24,0.2003706999084242,0.0,0.09878371711944056,0.10371355410365159,0.0
2021-03-25,0.199369567112332,0.0,0.09982365451168755,0.10399464089062692,0.0
2021-03-26,0.199809054268353,0.0,0.09907501389171312,0.1058579597793513,0.0
2021-03-29,0.19980236878982394,0.0,0.09841880027103946,0.1054608556464524,0.0
2021-03-30,0.1994374216603662,0.0,0.09841069750424135,0.10664540928788098,0.0
2021-03-31,0.19928592475747153,0.0,0.09817335806513383,0.10754457172192751,0.0
2021-04-01,0.0,0.10000000000000002,0.30000000000000004,0.0,0.0
2021-04-05,0.0,0.10005387726211494,0.29938522791015376,0.0,0.0
2021-04-06,0.0,0.09962070268574444,0.297337338536066,0.0,0.0
2021-04-07,0.0,0.10029460588817324,0.2970960711538007,0.0,0.0
2021-04-08,0.0,0.10158490588149231,0.2971064922681932,0.0,0.0
2021-04-09,0.0,0.10122115670859816,0.2963774173957712,0.0,0.0
2021-04-12,0.0,0.09966395828570912,0.2934404595010935,0.0,0.0
2021-04-13,0.0,0.09849667903117801,0.291960474469506,0.0,0.0
2021-04-14,0.0,0.09786751224181688,0.292145814888629,0.0,0.0
2021-04-15,0.0,0.09804406951114919,0.2911945335637812,0.0,0.0
2021-04-16,0.0,0.09760167282279619,0.29188237492696206,0.0,0.0
2021-04-19,0.0,0.09884877257126794,0.2938418030015857,0.0,0.0
2021-04-20,0.0,0.09693769983130383,0.2916820838247636,0.0,0.0
2021-04-21,0.0,0.09654045372900169,0.2910282577655327,0.0,0.0
2021-04-22,0.0,0.09704727285076985,0.29374045843837504,0.0,0.0
2021-04-23,0.0,0.09678620582925644,0.2940806708378667,0.0,0.0
2021-04-26,0.0,0.095037562023267,0.29454573985205423,0.0,0.0
2021-04-27,0.0,0.09381967003590969,0.2936264760816667,0.0,0.0
2021-04-28,0.0,0.09356651179147198,0.2913818031298893,0.0,0.0
2021-04-29,0.0,0.09431572459331788,0.29048792445507876,0.0,0.0
2021-04-30,0.0,0.09578921293775088,0.2924420405318658,0.0,0.0
2021-05-03,0.0,0.10000000000000002,0.20000000000000004,0.10000000000000002,0.0
2021-05-04,0.0,0.09993518715299739,0.1990181930861057,0.09964887132663473,0.0
2021-05-05,0.0,0.09986787287660033,0.20035236645937518,0.10172669772606141,0.0
2021-05-06,0.0,0.1004484907093937,0.19944330451186065,0.10141396393989492,0.0
2021-05-07,0.0,0.10203885946360519,0.19996904264886287,0.10210923171534829,0.0
2021-05-10,0.0,0.1025908118733429,0.2011051752372009,0.10217352326718938,0.0
2021-05-11,0.0,0.10262405052177322,0.20141190861095853,0.10201875886127071,0.0
2021-05-12,0.0,0.10207350765301985,0.20190799344292348,0.10305485251711875,0.0
2021-05-13,0.0,0.10323287294850672,0.2030411236402458,0.10461024402394357,0.0
2021-05-14,0.0,0.10432601394164627,0.20428975831361496,0.1045613341382209,0.0
2021-05-17,0.0,0.10369426398078041,0.20390039763948598,0.10522576654403824,0.0
2021-05-18,0.0,0.10279356766762972,0.20601950246586753,0.10490008972280575,0.0
2021-05-19,0.0,0.10242929067944438,0.20637796527270308,0.10437733179047375,0.0
2021-05-20,0.0,0.10203821874039185,0.2060965751606262,0.10459420463646867,0.0
2021-05-21,0.0,0.10125359303574845,0.20584451915012417,0.10570994792021943,0.0
2021-05-24,0.0,0.10130921984881602,0.20645740180372424,0.10583496220608425,0.0
2021-05-25,0.0,0.10156122508339285,0.20799645692654462,0.10563039365139551,0.0
2021-05-26,0.0,0.10284954171733285,0.2072272211880254,0.10540997619358472,0.0
2021-05-27,0.0,0.1019210838700911,0.20828786207259536,0.10627325573009785,0.0
2021-05-28,0.0,0.10245113237626312,0.20895752999400974,0.10646219416419878,0.0
2021-06-01,0.0,0.09999999999999999,0.09999999999999999,0.19999999999999998,0.0
2021-06-02,0.0,0.10048385210018905,0.10030381212828778,0.20078257744933312,0.0
2021-06-03,0.0,0.09957678894263891,0.09915685626694692,0.2007672324998605,0.0
2021-06-04,0.0,0.09851056021379469,0.0985125126310763,0.19959979711214154,0.0
2021-06-07,0.0,0.0986150333322205,0.09799897276330376,0.19964564475161778,0.0
2021-06-08,0.0,0.09860538633977455,0.09758519885521705,0.2008556126246479,0.0
2021-06-09,0.0,0.09800458828743105,0.09732447530928662,0.20074388365911205,0.0
2021-06-10,0.0,0.09921948372664355,0.09696128484185174,0.2007285058520717,0.0
2021-06-11,0.0,0.09838757353779841,0.09749055220337755,0.19991494472303123,0.0
2021-06-14,0.0,0.09691395848772955,0.09766007918435345,0.20094156783628803,0.0
2021-06-15,0.0,0.09653422185199494,0.09865852636868379,0.19982457438705242,0.0
2021-06-16,0.0,0.09683813910553617,0.09852692278884134,0.199687080544525,0.0
2021-06-17,0.0,0.09711030447257415,0.09819025847807776,0.20050461578648238,0.0
2021-06-18,0.0,0.09684083730016058,0.0988971049131194,0.19980975932300765,0.0
2021-06-21,0.0,0.09788911618318004,0.09853856908711603,0.20138035256819337,0.0
2021-06-22,0.0,0.09742759176649615,0.09872166333005082,0.200062719571669,0.0
2021-06-23,0.0,0.09648922891645602,0.09856429514179192,0.1988177855467308,0.0
2021-06-24,0.0,0.0968428014009254,0.09699836479640285,0.19778002182348026,0.0
2021-06-25,0.0,0.09556842028532544,0.09754176808131881,0.1981555934683041,0.0
2021-06-28,0.0,0.09541866356770529,0.09782386061063218,0.198059064075369,0.0
2021-06-29,0.0,0.09602892916420974,0.0984771289510602,0.1978416773206942,0.0
2021-06-30,0.0,0.0967303574049624,0.09897336594790483,0.19733218031810934,0.0
2021-07-01,0.1,0.1,0.1,0.1,0.0
2021-07-02,0.09990769509277284,0.1007040579950365,0.10014870295297391,0.10112192480099642,0.0
2021-07-06,0.09993925702746567,0.09969121504887263,0.09926690230567,0.1009560709370962,0.0
2021-07-07,0.0996117744568283,0.10004258900321539,0.10012895453655152,0.09984851740774384,0.0
2021-07-08,0.09964458265885238,0.09908661417220789,0.09894208637672738,0.09899663684988337,0.0
2021-07-09,0.10010952823518371,0.09860231278034365,0.09826006639336994,0.09886484676621098,0.0
2021-07-12,0.10022279195917558,0.09937105875369859,0.09914782201597251,0.09828893563929707,0.0
2021-07-13,0.09979239464331523,0.09879752303486194,0.10004552586336807,0.09840126293869686,0.0
2021-07-14,0.09791983450111541,0.09825104922700727,0.0994800572602751,0.09715672135161278,0.0
2021-07-15,0.09715891976136758,0.09786722368606345,0.09948833919458286,0.09675596951656117,0.0
2021-07-16,0.09626319460849792,0.09886274291688199,0.09786616717452631,0.09689805588627926,0.0
2021-07-19,0.09608762365154262,0.09891359809824032,0.09727684361814001,0.09730911301144687,0.0
2021-07-20,0.09567133383672205,0.0985516944793396,0.09606361505338631,0.09754765500554924,0.0
2021-07-21,0.09428053830001508,0.09899942981345301,0.09656989350633631,0.09829709145850508,0.0
2021-07-22,0.09559506250461303,0.09824279873579377,0.0953482635737253,0.0990716193676624,0.0
2021-07-23,0.09580871247181305,0.09924783037523205,0.09486444061657884,0.09963188949584056,0.0
2021-07-26,0.0964125707046549,0.09891308158149462,0.09484285584818765,0.09947289446464769,0.0
2021-07-27,0.09575488036567777,0.09888158070338611,0.09525237989719924,0.09877306729092632,0.0
2021-07-28,0.09714051914513452,0.09790504210513827,0.09539275262395124,0.09834580028582234,0.0
2021-07-29,0.09595102837520919,0.09594967140143092,0.09537948166412796,0.09882435505907872,0.0
2021-07-30,0.09621454370461253,0.09508739168192767,0.09588277033643774,0.09939279470928557,0.0
2021-08-02,0.10000000000000002,0.10000000000000002,0.10000000000000002,0.10000000000000002,0.0
2021-08-03,0.10179438714308839,0.09916897381759701,0.09920640524649753,0.09955936163130984,0.0
2021-08-04,0.10197687152777903,0.1000244467616103,0.09994656868505851,0.10103621084268749,0.0
2021-08-05,0.10232111134864656,0.09933161029861987,0.10013314195548784,0.10062894847836158,0.0
2021-08-06,0.10332852397281285,0.09983173822029234,0.10142832238777526,0.1007417983191731,0.0
2021-08-09,0.10326294715310082,0.09975495056887215,0.10160380252096828,0.1002910343520271,0.0
2021-08-10,0.10301866356337436,0.10030610874483542,0.10016288796726755,0.10079414178307038,0.0
2021-08-11,0.10391576093530576,0.10063635931745073,0.10056677620628696,0.09993122932872125,0.0
2021-08-12,0.1040119108971014,0.10052955922561982,0.10018743596125147,0.09902868891502026,0.0
2021-08-13,0.1035950745678871,0.10092402122370923,0.0993339173345284,0.10052648020520438,0.0
2021-08-16,0.10407465367425163,0.1005780964856555,0.09922854470191105,0.10128821459980854,0.0
2021-08-17,0.10554581550866154,0.1014051765919333,0.09882599067650594,0.10084703402650737,0.0
2021-08-18,0.1050062494927983,0.1018235379365469,0.09922508216710982,0.09986174285463854,0.0
2021-08-19,0.1042973283124291,0.1030929435048282,0.09885804803546404,0.09931428632987703,0.0
2021-08-20,0.10406526677080796,0.10354221138009886,0.09870929484063705,0.09992216916334073,0.0
2021-08-23,0.1039056975409258,0.10380624086353456,0.09903580995439785,0.10099000989561731,0.0
2021-08-24,0.1033592740618309,0.10326864680160917,0.10024093096136732,0.10215193119685843,0.0
2021-08-25,0.10340641841807274,0.10334442711164797,0.10161888530636594,0.10145081181644677,0.0
2021-08-26,0.10303875520334042,0.10232608226815845,0.10009899975806257,0.10015905868943767,0.0
2021-08-27,0.10298025506032021,0.10235347884140586,0.10081520113704545,0.09984506758984166,0.0
2021-08-30,0.10256126651781965,0.10160419996563204,0.10118952704000149,0.10122002323319507,0.0
2021-08-31,0.10212717252164355,0.1020004649923493,0.10044689918562048,0.10193685760077514,0.0
2021-09-01,0.10000000000000002,0.0,0.10000000000000002,0.20000000000000004,0.0
2021-09-02,0.10038987730673882,0.0,0.09996478682669419,0.19905721092855605,0.0
2021-09-03,0.10214853304520317,0.0,0.10139620862298036,0.1983336908190384,0.0
2021-09-07,0.10250698598722412,0.0,0.10227962167057544,0.19802777126992577,0.0
2021-09-08,0.1024555925241782,0.0,0.10185529483849691,0.19878828449763739,0.0
2021-09-09,0.10301219326939595,0.0,0.10272618379339359,0.19884727193194546,0.0
2021-09-10,0.10324328177979948,0.0,0.10115819085490384,0.2003034350387541,0.0
2021-09-13,0.10383315017408992,0.0,0.10091048163564759,0.1999678820777183,0.0
2021-09-14,0.10458699352278993,0.0,0.10083982489551255,0.19952010404037035,0.0
2021-09-15,0.1047624265085072,0.0,0.10190647893528251,0.20069375953236804,0.0
2021-09-16,0.10544648630994753,0.0,0.10342138711523732,0.20056226491937573,0.0
2021-09-17,0.10538737090103084,0.0,0.10414816359344617,0.20076776783415784,0.0
2021-09-20,0.10518030043017837,0.0,0.10358053838343653,0.20118814352729264,0.0
2021-09-21,0.10321247748735923,0.0,0.103829030003236,0.20131354588707076,0.0
2021-09-22,0.10283048819463264,0.0,0.10432034812267464,0.2002866456217947,0.0
2021-09-23,0.10337686588356795,0.0,0.10351076558810286,0.20140411582026435,0.0
2021-09-24,0.10454686913036866,0.0,0.10240077660048529,0.20206619552638916,0.0
2021-09-27,0.10509065379837784,0.0,0.10310657901442231,0.2017913094917625,0.0
2021-09-28,0.10526136823048934,0.0,0.1033457876306118,0.20225605046379375,0.0
2021-09-29,0.1051601429508068,0.0,0.10280831616593131,0.2023361894000422,0.0
2021-09-30,0.1054877405727052,0.0,0.10310827228175701,0.20314677961626965,0.0
2021-10-01,0.1,0.0,0.1,0.2,0.0
2021-10-04,0.09846815486059009,0.0,0.09989283772617027,0.20079978974430238,0.0
2021-10-05,0.09789706081893439,0.0,0.09930868226684784,0.20011796372637447,0.0
2021-10-06,0.09745436084521147,0.0,0.09921547028218378,0.1993427039685849,0.0
2021-10-07,0.09863338260505611,0.0,0.0998251755910013,0.19942912523064904,0.0
2021-10-08,0.09800019103386086,0.0,0.09841647474126296,0.19619608440480402,0.0
2021-10-11,0.09737836839861044,0.0,0.09762818281892673,0.19539250110422135,0.0
2021-10-12,0.09672769952543689,0.0,0.09817400003817889,0.19523083093317928,0.0
2021-10-13,0.0967289417005391,0.0,0.0975107861184364,0.19689036119129194,0.0
2021-10-14,0.09676579347463644,0.0,0.09735006528518408,0.19548716771114233,0.0
2021-10-15,0.09737532249274052,0.0,0.09648449779177265,0.19307930646137866,0.0
2021-10-18,0.09809259731289083,0.0,0.09668500712907546,0.19533133251807638,0.0
2021-10-19,0.09894147501907034,0.0,0.09590772241982058,0.1935665839181907,0.0
2021-10-20,0.10098670830169072,0.0,0.09584640889189004,0.19491682778386982,0.0
2021-10-21,0.10066520042277353,0.0,0.09691655092649631,0.19443824117425257,0.0
2021-10-22,0.1025439384578508,0.0,0.09686847059340152,0.19460872110796884,0.0
2021-10-25,0.10181897496392317,0.0,0.09769077537119963,0.19578404258667761,0.0
2021-10-26,0.10154588459342137,0.0,0.09658390878109958,0.195993145294729,0.0
2021-10-27,0.10133038594121156,0.0,0.09583902282119025,0.19574532827642782,0.0
2021-10-28,0.10169612314428784,0.0,0.09612601164350978,0.19492581765729114,0.0
2021-10-29,0.10159912164264753,0.0,0.0962872776356136,0.19461100310856366,0.0
2021-11-01,0.1,0.0,0.2,0.1,0.0
2021-11-02,0.10118010082081122,0.0,0.19976631346501977,0.10040815726160737,0.0
2021-11-03,0.10051746503542357,0.0,0.19961678179657705,0.10043178328773093,0.0
2021-11-04,0.10002622394955793,0.0,0.20184516838207467,0.10051604280924327,0.0
2021-11-05,0.10108206336687411,0.0,0.20160600494570005,0.10063167195720843,0.0
2021-11-08,0.10159525437122381,0.0,0.20059319648398805,0.10076800505879316,0.0
2021-11-09,0.10241976417297424,0.0,0.19944797028716776,0.10053017502535803,0.0
2021-11-10,0.1027445667506968,0.0,0.1984667200791813,0.10092099174642488,0.0
2021-11-11,0.10196717631053914,0.0,0.1994197052380685,0.10164376592811336,0.0
2021-11-12,0.10189131082776101,0.0,0.19781276717707302,0.10083272643447655,0.0
2021-11-15,0.10053497704212337,0.0,0.19735893945510757,0.1008072630892069,0.0
2021-11-16,0.10121209961394262,0.0,0.19877155409508263,0.09946448146246173,0.0
2021-11-17,0.1015738251725963,0.0,0.19913345268226332,0.09801938134361222,0.0
2021-11-18,0.10172746326454235,0.0,0.19809172015224064,0.09781646507672428,0.0
2021-11-19,0.10192094645046666,0.0,0.19796006259499924,0.09777968439532264,0.0
2021-11-22,0.10271437719124281,0.0,0.19759212767919232,0.09744486320364874,0.0
2021-11-23,0.10152551629958649,0.0,0.19735855691239845,0.09689924678236767,0.0
2021-11-24,0.10228662607542899,0.0,0.19719007450999188,0.09670204656652075,0.0
2021-11-26,0.10303159465558762,0.0,0.19786013779160966,0.09628236342402693,0.0
2021-11-29,0.10283559191004832,0.0,0.19789943563761123,0.09553302469740248,0.0
2021-11-30,0.10360985976026266,0.0,0.19797359550070676,0.09458118571372229,0.0
2021-12-01,0.1,0.0,0.2,0.1,0.0
2021-12-02,0.10003253155038469,0.0,0.20159211292561735,0.09968249396099099,0.0
2021-12-03,0.09909989636993587,0.0,0.20339795800788163,0.10000109344529715,0.0
2021-12-06,0.09903063794937476,0.0,0.20357250513524494,0.09950363589958161,0.0
2021-12-07,0.09972142402484395,0.0,0.2034342438863297,0.10006042616993843,0.0
2021-12-08,0.09987962805349236,0.0,0.2032149480166186,0.10071220806967202,0.0
2021-12-09,0.09997546466229683,0.0,0.20355452426921672,0.10154896949692412,0.0
2021-12-10,0.10061982081452954,0.0,0.20530908206989334,0.10190021852794004,0.0
2021-12-13,0.1011492412657165,0.0,0.20514406795942008,0.10153117154999447,0.0
2021-12-14,0.10276312116282628,0.0,0.20499221392749217,0.10075212933810274,0.0
2021-12-15,0.10349243372188462,0.0,0.20462743298366942,0.10153784434025982,0.0
2021-12-16,0.10247106980436976,0.0,0.20596551379927358,0.10252338594955895,0.0
2021-12-17,0.1036943528463791,0.0,0.2056346395223956,0.103475028632042,0.0
2021-12-20,0.10472627834880928,0.0,0.20598353648426343,0.10334234649632175,0.0
2021-12-21,0.10353199491480651,0.0,0.2057333436301258,0.1030867480508218,0.0
2021-12-22,0.10276785055283695,0.0,0.20464908668176507,0.10267070405819881,0.0
2021-12-23,0.1024233074443774,0.0,0.20374333214558793,0.10255391958336207,0.0
2021-12-27,0.10319878225481896,0.0,0.20397177404208322,0.10269230606803086,0.0
2021-12-28,0.10175717358940416,0.0,0.20431296146268774,0.10225346781409048,0.0
2021-12-29,0.10183882652454714,0.0,0.20534379596086638,0.1013619835122911,0.0
2021-12-30,0.10237826071389873,0.0,0.2071444099035953,0.10138221714363206,0.0
2021-12-31,0.10048828429637452,0.0,0.20937094928477784,0.09901478015783093,0.0
2022-01-03,0.10000000000000002,0.10000000000000002,0.10000000000000002,0.10000000000000002,0.0
2022-01-04,0.10070330126288994,0.09998170580763346,0.10007366978979712,0.09999235927101269,0.0
2022-01-05,0.09968262163236809,0.0994952007948113,0.10093691227267491,0.0990575422251278,0.0
2022-01-06,0.0993445817792257,0.09877274892416095,0.10254990160345247,0.10060774709831012,0.0
2022-01-07,0.09862490098156423,0.09855271129986676,0.10189498031037153,0.10130185915936697,0.0
2022-01-10,0.09641488104248588,0.09862373071266244,0.10170595233320141,0.10026214951514631,0.0
2022-01-11,0.09592658296402565,0.097424738696652,0.1012935302218142,0.10055889083049739,0.0
2022-01-12,0.09575198147495964,0.09743813883356445,0.1007616835687702,0.09988222529284653,0.0
2022-01-13,0.09512268175284314,0.09769154798671625,0.10084395765147365,0.09921879595038434,0.0
2022-01-14,0.09572146070863521,0.09720053383632475,0.100731417611048,0.09866859454425062,0.0
2022-01-18,0.09569312134217535,0.09768388527907339,0.10077792583452751,0.0977003504019975,0.0
2022-01-19,0.09612621758668698,0.09644377591657895,0.10120329256811292,0.0986079822485089,0.0
2022-01-20,0.09593695910719247,0.09675874075894338,0.1023061444331524,0.09808676343334845,0.0
2022-01-21,0.09636148536493852,0.09777893039382315,0.1016518025688277,0.09889407962805224,0.0
2022-01-24,0.09711474385927886,0.0986451486269344,0.10221694811755148,0.09887410007715443,0.0
2022-01-25,0.09714854290969714,0.09922985111599578,0.10177508859172645,0.09891123969142569,0.0
2022-01-26,0.09696742528045309,0.09830333457763747,0.10121020723962021,0.09784830432959687,0.0
2022-01-27,0.09718102174219395,0.09755233483889912,0.10162513126601487,0.09873465466338471,0.0
2022-01-28,0.09670413557373717,0.09657929682513448,0.10123443142192572,0.09796724519395802,0.0
2022-01-31,0.09776608664254252,0.09687454575824586,0.10093499444613077,0.09754870670404382,0.0
2022-02-01,0.1,0.0,0.2,0.1,0.0
2022-02-02,0.09987611945123277,0.0,0.20208690154689757,0.10057810121567477,0.0
2022-02-03,0.09966039360838992,0.0,0.20474261585922143,0.10021272767192736,0.0
2022-02-04,0.100117943669317,0.0,0.2053493843290295,0.10016876431314704,0.0
2022-02-07,0.09989680235338821,0.0,0.20544107535315437,0.098867759377409,0.0
2022-02-08,0.09975036654432753,0.0,0.20492606653586037,0.0991814588194996,0.0
2022-02-09,0.10050290353900751,0.0,0.20509726931783123,0.0989943299807015,0.0
2022-02-10,0.10153708947760706,0.0,0.20543993150532674,0.09907173412100444,0.0
2022-02-11,0.10162197913588955,0.0,0.20721055618080741,0.09869053157585782,0.0
2022-02-14,0.10050147770598576,0.0,0.20804554039530532,0.0980374770674795,0.0
2022-02-15,0.10209853712002973,0.0,0.2070301502910567,0.09848822645137623,0.0
2022-02-16,0.1025019190712402,0.0,0.20760897977766749,0.09941318854914341,0.0
2022-02-17,0.10250987782859715,0.0,0.20641728995104575,0.09919165273675912,0.0
2022-02-18,0.10301163651179339,0.0,0.20671270731167762,0.09921738611338232,0.0
2022-02-22,0.10257603308326653,0.0,0.20790634715081446,0.10002425115357923,0.0
2022-02-23,0.10248856149177257,0.0,0.2068927095204692,0.1003192302981482,0.0
2022-02-24,0.10251897207243663,0.0,0.20734997696810958,0.09999869143868598,0.0
2022-02-25,0.10186847490665901,0.0,0.20687316173517944,0.10023717938289732,0.0
2022-02-28,0.10193872442215632,0.0,0.2067717066676643,0.09993471497591065,0.0
2022-03-01,0.10000000000000002,0.10000000000000002,0.10000000000000002,0.10000000000000002,0.0
2022-03-02,0.09904335317426091,0.09983995349894528,0.0995691615871202,0.09967693364131873,0.0
2022-03-03,0.10016085842674478,0.10063478523378591,0.09844167054213879,0.10044736102826336,0.0
2022-03-04,0.10007517922145416,0.0989657692669517,0.09826283306858309,0.1012762321371883,0.0
2022-03-07,0.10028740012647522,0.09888739881902489,0.09850668125426848,0.10039166328579645,0.0
2022-03-08,0.10056795066175438,0.09887554805974684,0.09828050315471835,0.10143166507539354,0.0
2022-03-09,0.10009095343232224,0.10005425931909827,0.10064834473503526,0.1019569955179983,0.0
2022-03-10,0.09942620225273284,0.0985300731265824,0.1004775924121489,0.1016480715205647,0.0
2022-03-11,0.09879603699328386,0.09877587824674468,0.10162156609368511,0.10329087773685867,0.0
2022-03-14,0.09890861042768584,0.0990789788984376,0.10187838256418306,0.10302245082705913,0.0
2022-03-15,0.09915080709029195,0.09942625864988756,0.10280002807991674,0.10284276910459247,0.0
2022-03-16,0.09927210290494047,0.1002746616136453,0.10258616259886144,0.10240438957396637,0.0
2022-03-17,0.10018176545204087,0.1009012375769449,0.10191887977933692,0.102526414644132,0.0
2022-03-18,0.09911839888528266,0.10084549002645697,0.10245265380995734,0.10273735236105497,0.0
2022-03-21,0.0990856785636862,0.10184978578885943,0.1032043142055343,0.1027838698657042,0.0
2022-03-22,0.09905447322642605,0.10137907453668861,0.10344675673946162,0.10349632814716112,0.0
2022-03-23,0.0996840548922492,0.10194044598157044,0.1034677794665581,0.1034229144499539,0.0
2022-03-24,0.09852267235985812,0.10226021977407203,0.10356423340400597,0.10353252209790788,0.0
2022-03-25,0.09936855061845226,0.10224886804486205,0.10242931605738104,0.10357312086245936,0.0
2022-03-28,0.09990725321634314,0.10195729311588753,0.10153335885158654,0.10391736504043046,0.0
2022-03-29,0.10037171490607029,0.10281325662041832,0.10120286340110635,0.10350696599092334,0.0
2022-03-30,0.09977881986766035,0.10379887273422224,0.10202042153608924,0.10439842126012817,0.0
2022-03-31,0.09962881277949616,0.10442120998059412,0.10140823137626259,0.10589025544826301,0.0
2022-04-01,0.10000000000000002,0.20000000000000004,0.10000000000000002,0.0,0.0
2022-04-04,0.0996036774626945,0.19853523823880798,0.09939534486609714,0.0,0.0
2022-04-05,0.1003440711104065,0.19806548590804013,0.09961365265806328,0.0,0.0
2022-04-06,0.0997671094987177,0.19668611245345524,0.09921381233826651,0.0,0.0
2022-04-07,0.10088166086257445,0.1955791234253717,0.09834029122481763,0.0,0.0
2022-04-08,0.10145375252618578,0.1951236017046277,0.09893654142116358,0.0,0.0
2022-04-11,0.10181853964266739,0.1970056183571961,0.10018005263598166,0.0,0.0
2022-04-12,0.10337421267916165,0.1980430771556564,0.10170261291599185,0.0,0.0
2022-04-13,0.10410284444534267,0.19961788592248636,0.09968817261487081,0.0,0.0
2022-04-14,0.1050852661639632,0.20109423755593153,0.10016932589126089,0.0,0.0
2022-04-18,0.10507859873528061,0.20174813790807244,0.10011673899559546,0.0,0.0
2022-04-19,0.10479485042214687,0.20168233451589462,0.09887960990116956,0.0,0.0
2022-04-20,0.10435100660094633,0.20200884558136345,0.09834419620822113,0.0,0.0
2022-04-21,0.10275907512630697,0.20203360248967267,0.09907732498286331,0.0,0.0
2022-04-22,0.10281741708234243,0.20272923363480166,0.09914149769394996,0.0,0.0
2022-04-25,0.10230848076234932,0.2034365637911037,0.09897573822535848,0.0,0.0
2022-04-26,0.10154335671863844,0.20360710037057822,0.09801605721211001,0.0,0.0
2022-04-27,0.10161946748335196,0.20217362635184172,0.09812625785696458,0.0,0.0
2022-04-28,0.10172609508818263,0.2038808084109182,0.09746294640073791,0.0,0.0
2022-04-29,0.1028550275755393,0.20399439104911032,0.09664722807715227,0.0,0.0
2022-05-02,0.1,0.2,0.0,0.1,0.0
2022-05-03,0.09929238229144396,0.2000300967477166,0.0,0.10093854548971927,0.0
2022-05-04,0.09854197406679077,0.20118872292186207,0.0,0.10252436784642079,0.0
2022-05-05,0.0988482471743754,0.20198659167050587,0.0,0.10324181334772214,0.0
2022-05-06,0.09931329774921338,0.2025925276163684,0.0,0.10204434559190419,0.0
2022-05-09,0.09937491708144934,0.2030247490563698,0.0,0.1028528019000787,0.0
2022-05-10,0.09929246372210618,0.20415918179727066,0.0,0.103184674205358,0.0
2022-05-11,0.10026971523192046,0.20525524364934197,0.0,0.10330331101397333,0.0
2022-05-12,0.09954774529259257,0.20777899915160136,0.0,0.10304862634588338,0.0
2022-05-13,0.10064944003831285,0.20927737570750005,0.0,0.10223029212674029,0.0
2022-05-16,0.10072038722982546,0.20998813390994142,0.0,0.10246413413176653,0.0
2022-05-17,0.10105686270390293,0.21081604743024673,0.0,0.10303921266679371,0.0
2022-05-18,0.10178699527733281,0.21208971499867144,0.0,0.10321675984359278,0.0
2022-05-19,0.10229496816269022,0.21190632160566192,0.0,0.10367897299266769,0.0
2022-05-20,0.1016854392633254,0.21150070908010243,0.0,0.10343330141258204,0.0
2022-05-23,0.10261955496857142,0.21298696300269376,0.0,0.10366881261884292,0.0
2022-05-24,0.10248407900500374,0.2106645594199245,0.0,0.1037071397381595,0.0
2022-05-25,0.10469141707186293,0.20903630562991388,0.0,0.10306780101423618,0.0
2022-05-26,0.1038894855431375,0.2111748145857195,0.0,0.10356428087732401,0.0
2022-05-27,0.10300115748695722,0.21121524115534512,0.0,0.10518602782044494,0.0
2022-05-31,0.10391741379756325,0.21370267905796242,0.0,0.10549823744302518,0.0
2022-06-01,0.10000000000000003,0.3000000000000001,0.0,0.0,0.0
2022-06-02,0.10006489818670518,0.2990654208865967,0.0,0.0,0.0
2022-06-03,0.0991308553639709,0.3002445575131751,0.0,0.0,0.0
2022-06-06,0.09922487974507768,0.30021462239652374,0.0,0.0,0.0
2022-06-07,0.0995263187038868,0.3003383610907253,0.0,0.0,0.0
2022-06-08,0.09946847838606185,0.3023287959929031,0.0,0.0,0.0
2022-06-09,0.09938298096598651,0.30275192087950736,0.0,0.0,0.0
2022-06-10,0.09872530132259563,0.30290563293521566,0.0,0.0,0.0
2022-06-13,0.0986870350556384,0.30157599955440556,0.0,0.0,0.0
2022-06-14,0.09972476214661968,0.30185860609441495,0.0,0.0,0.0
2022-06-15,0.0988756081019531,0.30269227189983283,0.0,0.0,0.0
2022-06-16,0.09757850837861749,0.3039523023983518,0.0,0.0,0.0
2022-06-17,0.09848539085734888,0.3017499297522193,0.0,0.0,0.0
2022-06-21,0.09745533892570907,0.3029757392645631,0.0,0.0,0.0
2022-06-22,0.09796785238306292,0.3019960828158789,0.0,0.0,0.0
2022-06-23,0.0988012022339816,0.30229437313888863,0.0,0.0,0.0
2022-06-24,0.09878738888039339,0.30036643583463374,0.0,0.0,0.0
2022-06-27,0.09968622867662247,0.29941169522453565,0.0,0.0,0.0
2022-06-28,0.0994657310375931,0.2978613752705982,0.0,0.0,0.0
2022-06-29,0.09950136534301794,0.2958293490986289,0.0,0.0,0.0
2022-06-30,0.0981186857266642,0.295650016475588,0.0,0.0,0.0
2022-07-01,0.1,0.30000000000000004,0.0,0.0,0.0
2022-07-05,0.0997056522095939,0.3022676765148129,0.0,0.0,0.0
2022-07-06,0.09955542514200126,0.3019014088799104,0.0,0.0,0.0
2022-07-07,0.09995770863065608,0.30347818028273665,0.0,0.0,0.0
2022-07-08,0.10119991753737757,0.30300343749889125,0.0,0.0,0.0
2022-07-11,0.10099314482953002,0.3035586589763795,0.0,0.0,0.0
2022-07-12,0.10015299967241074,0.30317569832330143,0.0,0.0,0.0
2022-07-13,0.10101150569312967,0.3034048269539499,0.0,0.0,0.0
2022-07-14,0.102112533319039,0.30459875411328285,0.0,0.0,0.0
2022-07-15,0.10167287539450878,0.30310252058285175,0.0,0.0,0.0
2022-07-18,0.1021485734201923,0.29943218281243433,0.0,0.0,0.0
2022-07-19,0.1029913055452146,0.29910871348358586,0.0,0.0,0.0
2022-07-20,0.10236029758249493,0.2997824464859792,0.0,0.0,0.0
2022-07-21,0.10166898373600837,0.30106689970075945,0.0,0.0,0.0
2022-07-22,0.10260927966910925,0.29977307852215257,0.0,0.0,0.0
2022-07-25,0.10234799987128759,0.29923181290896705,0.0,0.0,0.0
2022-07-26,0.10256373138943746,0.3005060870575764,0.0,0.0,0.0
2022-07-27,0.10204753574576295,0.3028497178482845,0.0,0.0,0.0
2022-07-28,0.1024811298321839,0.30299277644391537,0.0,0.0,0.0
2022-07-29,0.10310714405602779,0.3036652481328679,0.0,0.0,0.0
2022-08-01,0.20000000000000004,0.20000000000000004,0.0,0.0,0.0
2022-08-02,0.19854958940355566,0.19969046085779774,0.0,0.0,0.0
2022-08-03,0.20002603327618623,0.19940164648220232,0.0,0.0,0.0
2022-08-04,0.1998711670568613,0.19915290889407328,0.0,0.0,0.0
2022-08-05,0.20016019001508828,0.19912578690576233,0.0,0.0,0.0
2022-08-08,0.1991307122034966,0.20188988033584382,0.0,0.0,0.0
2022-08-09,0.19699949053469096,0.1998445146385572,0.0,0.0,0.0
2022-08-10,0.19642063607708665,0.19814826694758703,0.0,0.0,0.0
2022-08-11,0.1962607354570261,0.19636178094853812,0.0,0.0,0.0
2022-08-12,0.19742852223834895,0.1944927203024458,0.0,0.0,0.0
2022-08-15,0.19730632062762565,0.19506053354284794,0.0,0.0,0.0
2022-08-16,0.19656734081090732,0.1946893627726266,0.0,0.0,0.0
2022-08-17,0.19528913261967557,0.19287239889981508,0.0,0.0,0.0
2022-08-18,0.19461278672213123,0.19123873595783758,0.0,0.0,0.0
2022-08-19,0.1961607538007533,0.19173490816608882,0.0,0.0,0.0
2022-08-22,0.19838558654097843,0.19249905027602787,0.0,0.0,0.0
2022-08-23,0.19773300273512356,0.19355542974876966,0.0,0.0,0.0
2022-08-24,0.19770744252238323,0.19277845006753208,0.0,0.0,0.0
2022-08-25,0.19670322356387654,0.19157065054689693,0.0,0.0,0.0
2022-08-26,0.19552516975305223,0.19030329720391492,0.0,0.0,0.0
2022-08-29,0.19578273167471372,0.19082000537393745,0.0,0.0,0.0
2022-08-30,0.19526743100141206,0.19009345679990358,0.0,0.0,0.0
2022-08-31,0.19449314612417856,0.18982876714320174,0.0,0.0,0.0
2022-09-01,0.2,0.2,0.0,0.0,0.0
2022-09-02,0.19821002422479383,0.19863550204346794,0.0,0.0,0.0
2022-09-06,0.1987263010426688,0.19896469231586905,0.0,0.0,0.0
2022-09-07,0.1978980814028823,0.1996765416340924,0.0,0.0,0.0
2022-09-08,0.19753645959673322,0.19943884570616668,0.0,0.0,0.0
2022-09-09,0.19627505639035508,0.19824409221056238,0.0,0.0,0.0
2022-09-12,0.1973730289860206,0.19681768809195588,0.0,0.0,0.0
2022-09-13,0.19532431488974994,0.19718995832783376,0.0,0.0,0.0
2022-09-14,0.19611543422777378,0.1962377639884369,0.0,0.0,0.0
2022-09-15,0.1970207767316397,0.19605522615290172,0.0,0.0,0.0
2022-09-16,0.19427912612685888,0.19544039413876946,0.0,0.0,0.0
2022-09-19,0.1932870928483807,0.19528904226846117,0.0,0.0,0.0
2022-09-20,0.19445430392247226,0.19583887437814013,0.0,0.0,0.0
2022-09-21,0.19490207532191722,0.1967656553435968,0.0,0.0,0.0
2022-09-22,0.19477881167857203,0.1962826427356723,0.0,0.0,0.0
2022-09-23,0.19612245513800264,0.19699350862485476,0.0,0.0,0.0
2022-09-26,0.19700690422968195,0.19772452941538804,0.0,0.0,0.0
2022-09-27,0.19702220854185,0.1966134440224399,0.0,0.0,0.0
2022-09-28,0.197820579491727,0.19658544410604895,0.0,0.0,0.0
2022-09-29,0.19777595008568322,0.19988285082517915,0.0,0.0,0.0
2022-09-30,0.19953644483192673,0.20009180495702694,0.0,0.0,0.0
2022-10-03,0.20000000000000004,0.20000000000000004,0.0,0.0,0.0
2022-10-04,0.20056470934752052,0.1984232166328107,0.0,0.0,0.0
2022-10-05,0.20111948185484968,0.20099761935756305,0.0,0.0,0.0
2022-10-06,0.19994395371645698,0.20106780939357122,0.0,0.0,0.0
2022-10-07,0.19976015250050763,0.19958028870814015,0.0,0.0,0.0
2022-10-10,0.1995371230183422,0.1983510999562672,0.0,0.0,0.0
2022-10-11,0.19929731858481115,0.19855677246584313,0.0,0.0,0.0
2022-10-12,0.19942927675244287,0.19858456298407362,0.0,0.0,0.0
2022-10-13,0.19975735093347513,0.197681179381531,0.0,0.0,0.0
2022-10-14,0.19880440942716315,0.19786055059051103,0.0,0.0,0.0
2022-10-17,0.1997589028945218,0.19696722434669456,0.0,0.0,0.0
2022-10-18,0.2000818144989259,0.19762996869248384,0.0,0.0,0.0
2022-10-19,0.2006154481895337,0.1991345180999452,0.0,0.0,0.0
2022-10-20,0.20145771703946774,0.19898973063561,0.0,0.0,0.0
2022-10-21,0.20288807795110417,0.19971119142076216,0.0,0.0,0.0
2022-10-24,0.20110288533393844,0.2009700580549787,0.0,0.0,0.0
2022-10-25,0.19865389214263918,0.2022540701764492,0.0,0.0,0.0
2022-10-26,0.19830731808963403,0.2027865474576433,0.0,0.0,0.0
2022-10-27,0.19651349001421148,0.2009397947432766,0.0,0.0,0.0
2022-10-28,0.19480646996796175,0.19979025351800642,0.0,0.0,0.0
2022-10-31,0.193680156083348,0.1976531357241414,0.0,0.0,0.0
2022-11-01,0.20000000000000004,0.20000000000000004,0.0,0.0,0.0
2022-11-02,0.19875053006324106,0.1990696192072199,0.0,0.0,0.0
2022-11-03,0.19957937321305835,0.1994340840854404,0.0,0.0,0.0
2022-11-04,0.19993654284235243,0.19859000646174907,0.0,0.0,0.0
2022-11-07,0.2001507682047134,0.19985108757879574,0.0,0.0,0.0
2022-11-08,0.20064671318779465,0.19958836436957988,0.0,0.0,0.0
2022-11-09,0.20189415562990815,0.19933493579882255,0.0,0.0,0.0
2022-11-10,0.20217528147689848,0.19828204402622585,0.0,0.0,0.0
2022-11-11,0.20299643915615834,0.19887080500559023,0.0,0.0,0.0
2022-11-14,0.20392890203203456,0.19940397305409985,0.0,0.0,0.0
2022-11-15,0.20439453949205597,0.19972449354918803,0.0,0.0,0.0
2022-11-16,0.20381658369943273,0.20115307464383253,0.0,0.0,0.0
2022-11-17,0.20521846532814153,0.20148725955219265,0.0,0.0,0.0
2022-11-18,0.20544038846325713,0.20016382685579612,0.0,0.0,0.0
2022-11-21,0.20443383066100324,0.1999025087613639,0.0,0.0,0.0
2022-11-22,0.20442796935734364,0.20002870327425948,0.0,0.0,0.0
2022-11-23,0.20566565698844208,0.19938950946469172,0.0,0.0,0.0
2022-11-25,0.20605978218874593,0.2002188418410184,0.0,0.0,0.0
2022-11-28,0.20509634777197025,0.1986998633837898,0.0,0.0,0.0
2022-11-29,0.20453311576914207,0.1987789143613719,0.0,0.0,0.0
2022-11-30,0.20550270049866962,0.19820852900164462,0.0,0.0,0.0
2022-12-01,0.10000000000000002,0.20000000000000004,0.0,0.10000000000000002,0.0
2022-12-02,0.10120246235015092,0.20104089876370076,0.0,0.10059870107813028,0.0
2022-12-05,0.10151428848292832,0.20286181188470473,0.0,0.10075613660723948,0.0
2022-12-06,0.10015192119837885,0.20253735876391632,0.0,0.10128426747548286,0.0
2022-12-07,0.10116100530115664,0.20394216579091015,0.0,0.10251848338039121,0.0
2022-12-08,0.10072487467856266,0.20274714576915953,0.0,0.1034647712016394,0.0
2022-12-09,0.1012788789990153,0.20335527273461523,0.0,0.10397895422281742,0.0
2022-12-12,0.10070634023041009,0.20342380458382148,0.0,0.10543694395952545,0.0
2022-12-13,0.10159240141139715,0.20317689421814827,0.0,0.1050953245162016,0.0
2022-12-14,0.10012884837756278,0.20295147137589017,0.0,0.10573584877478735,0.0
2022-12-15,0.09984750053583454,0.20338119362698584,0.0,0.10534554516515962,0.0
2022-12-16,0.09940052359365374,0.2033132011698568,0.0,0.10383441501620325,0.0
2022-12-19,0.09893852939286822,0.20349709775372388,0.0,0.10561381270295903,0.0
2022-12-20,0.09953675034018154,0.20486711043943295,0.0,0.10649508374954028,0.0
2022-12-21,0.1003201552308124,0.20350815901322616,0.0,0.10651785403416038,0.0
2022-12-22,0.10005207982669685,0.2045753497155765,0.0,0.10633003119427092,0.0
2022-12-23,0.10011240890088217,0.20431762376898882,0.0,0.10546932550281882,0.0
2022-12-27,0.09818505769503307,0.20473623256105683,0.0,0.10491995930129078,0.0
2022-12-28,0.09829673414660316,0.20616338946101442,0.0,0.1051692482605769,0.0
2022-12-29,0.09790040304885406,0.20788771245284188,0.0,0.10486488093693438,0.0
2022-12-30,0.09805141789764646,0.20990784833021883,0.0,0.10420508175676195,0.0
2023-01-03,0.10000000000000002,0.20000000000000004,0.0,0.10000000000000002,0.0
2023-01-04,0.10079631644428232,0.20024628807615746,0.0,0.10008746495130577,0.0
2023-01-05,0.10121992043564196,0.20077875169545595,0.0,0.10074759101389666,0.0
2023-01-06,0.10224426054268333,0.20039976561239503,0.0,0.10062186941803367,0.0
2023-01-09,0.10153001700382543,0.20019315493664458,0.0,0.10064132739889975,0.0
2023-01-10,0.10206893199605406,0.1996602498508505,0.0,0.1012113070935233,0.0
2023-01-11,0.10219576466153366,0.19932760310687786,0.0,0.10169947154023981,0.0
2023-01-12,0.10148771195029833,0.19935166361034892,0.0,0.10123730304885528,0.0
2023-01-13,0.10157933072147905,0.1997654656466258,0.0,0.10180172605703745,0.0
2023-01-17,0.10205975477324424,0.20003058074858254,0.0,0.10242871465701776,0.0
2023-01-18,0.10182352706220701,0.20074415951533428,0.0,0.10256761273644475,0.0
2023-01-19,0.10262404718279085,0.2018944545443878,0.0,0.10236061510174684,0.0
2023-01-20,0.10400536663260404,0.20345419772161813,0.0,0.10226217147630641,0.0
2023-01-23,0.10463458470648598,0.20240764420901577,0.0,0.10191803228296484,0.0
2023-01-24,0.10477404655468331,0.20301807336080505,0.0,0.10201403040400706,0.0
2023-01-25,0.1045134302574697,0.2030003068739601,0.0,0.1027294763571513,0.0
2023-01-26,0.1040076124352493,0.20373995311258222,0.0,0.1032704276215644,0.0
2023-01-27,0.1035428277027373,0.2034920226866767,0.0,0.10258708634989026,0.0
2023-01-30,0.10281661406097271,0.20573945910352298,0.0,0.10427709791714493,0.0
2023-01-31,0.10315317632012401,0.20566841019744914,0.0,0.10437775528997888,0.0
2023-02-01,0.10000000000000002,0.20000000000000004,0.0,0.10000000000000002,0.0
2023-02-02,0.10040486808318627,0.20113499295248555,0.0,0.09979852329291307,0.0
2023-02-03,0.09924118117493179,0.19913092412057928,0.0,0.09894082243747301,0.0
2023-02-06,0.09844341716151196,0.19842107638564493,0.0,0.09882035283628068,0.0
2023-02-07,0.09965732820755145,0.19848955902749582,0.0,0.09850526178526871,0.0
2023-02-08,0.10024779772345782,0.19837827696034016,0.0,0.09850822092664849,0.0
2023-02-09,0.1002925308229768,0.19845958963186872,0.0,0.09889692749961522,0.0
2023-02-10,0.10111272130824595,0.19825951832346705,0.0,0.09757768856570323,0.0
2023-02-13,0.10288040477365581,0.19865820686818045,0.0,0.09623024963034056,0.0
2023-02-14,0.10327839567408831,0.19940384963414612,0.0,0.09753337173008354,0.0
2023-02-15,0.10343315749492402,0.19788079422416338,0.0,0.09979914953156388,0.0
2023-02-16,0.10395370576348968,0.19754316747129233,0.0,0.10013775562162026,0.0
2023-02-17,0.10301596778213822,0.19845513256791664,0.0,0.1003302491428415,0.0
2023-02-21,0.10356266427848301,0.19772047739656398,0.0,0.09964366195381018,0.0
2023-02-22,0.10290148882940096,0.1951971475184023,0.0,0.09996639755442378,0.0
2023-02-23,0.10349678422652493,0.19356749382309488,0.0,0.10002015282695337,0.0
2023-02-24,0.10331118765078932,0.19428722880491295,0.0,0.10105527541708885,0.0
2023-02-27,0.10230369919387991,0.19255573571680967,0.0,0.10106107718265232,0.0
2023-02-28,0.1007838549892998,0.19209675268141368,0.0,0.10141612312750463,0.0
2023-03-01,0.1,0.2,0.0,0.1,0.0
2023-03-02,0.10022796515759934,0.1992168100003721,0.0,0.0999616940978228,0.0
2023-03-03,0.10076418751290589,0.1982800879375685,0.0,0.10022355532865454,0.0
2023-03-06,0.10014906050508333,0.1972362783377447,0.0,0.10004868601336955,0.0
2023-03-07,0.09901815373893365,0.1976015399647019,0.0,0.10002562252773828,0.0
2023-03-08,0.09874550474042071,0.1988921595831788,0.0,0.10010823359800321,0.0
2023-03-09,0.09823888096011354,0.1999371565969233,0.0,0.1008003744145889,0.0
2023-03-10,0.09676832149916939,0.19810322531087926,0.0,0.10018225141773908,0.0
2023-03-13,0.09531621708045264,0.19866689639395269,0.0,0.09964023756289607,0.0
2023-03-14,0.09496542757023745,0.20031922872638552,0.0,0.10067162984752291,0.0
2023-03-15,0.0941816183464411,0.19717086120719932,0.0,0.10040009759454054,0.0
2023-03-16,0.09420009850447447,0.19705209293539452,0.0,0.09946995996226765,0.0
2023-03-17,0.09431789101811977,0.1960801450398611,0.0,0.09947051393421535,0.0
2023-03-20,0.09582361662881748,0.1961724716758348,0.0,0.09972161052442842,0.0
2023-03-21,0.09602028010941144,0.1951892377308485,0.0,0.0999445380356785,0.0
2023-03-22,0.09590407882249476,0.1967246193360872,0.0,0.09995358788762913,0.0
2023-03-23,0.09718284354443926,0.19656431897254162,0.0,0.10035390135074429,0.0
2023-03-24,0.09704321089484808,0.1974783808564618,0.0,0.10003488307935028,0.0
2023-03-27,0.0957604663763129,0.19779779943848103,0.0,0.09954361020020776,0.0
2023-03-28,0.0952812294166722,0.19825717871860843,0.0,0.10017787268992483,0.0
2023-03-29,0.09509644651626273,0.19701018668196643,0.0,0.10125306665638159,0.0
2023-03-30,0.0956584380004847,0.19693797085261766,0.0,0.10199200020603494,0.0
2023-03-31,0.09474281777977431,0.19699816712815038,0.0,0.10132747342936994,0.0
2023-04-03,0.2,0.2,0.0,0.0,0.0
2023-04-04,0.19848787046605298,0.20014006995297992,0.0,0.0,0.0
2023-04-05,0.19747975939752554,0.19978976845377816,0.0,0.0,0.0
2023-04-06,0.19876758383055934,0.19859951698959355,0.0,0.0,0.0
2023-04-10,0.19864767054517452,0.1992501981105232,0.0,0.0,0.0
2023-04-11,0.19994050676115502,0.19967450472811518,0.0,0.0,0.0
2023-04-12,0.19847986197512874,0.19807971057125018,0.0,0.0,0.0
2023-04-13,0.1987843711025644,0.1993405741614306,0.0,0.0,0.0
2023-04-14,0.19972760648842303,0.19888778707586366,0.0,0.0,0.0
2023-04-17,0.1991391052324359,0.1975797502815286,0.0,0.0,0.0
2023-04-18,0.19854127535248847,0.1960306800066084,0.0,0.0,0.0
2023-04-19,0.19910516461872751,0.19671013675737348,0.0,0.0,0.0
2023-04-20,0.20019601945466753,0.19601926532245578,0.0,0.0,0.0
2023-04-21,0.19984499853444593,0.1954520720120082,0.0,0.0,0.0
2023-04-24,0.20182085858256094,0.19622762008498404,0.0,0.0,0.0
2023-04-25,0.2028160170204477,0.1967702613835357,0.0,0.0,0.0
2023-04-26,0.20278686698665155,0.19718484279462523,0.0,0.0,0.0
2023-04-27,0.20537213915380248,0.19896118145978436,0.0,0.0,0.0
2023-04-28,0.2056371150522045,0.19914109965020263,0.0,0.0,0.0
2023-05-01,0.2,0.2,0.0,0.0,0.0
2023-05-02,0.1993798824875776,0.19996098112538596,0.0,0.0,0.0
2023-05-03,0.19817612855635194,0.20332515179523977,0.0,0.0,0.0
2023-05-04,0.19667781561672298,0.20351029282833316,0.0,0.0,0.0
2023-05-05,0.19482828609632818,0.2052494598277823,0.0,0.0,0.0
2023-05-08,0.19574503118471454,0.2066785613418209,0.0,0.0,0.0
2023-05-09,0.1945901715371611,0.20783659016413591,0.0,0.0,0.0
2023-05-10,0.19596033841069455,0.2065830053828958,0.0,0.0,0.0
2023-05-11,0.19636397814493362,0.2077147861439056,0.0,0.0,0.0
2023-05-12,0.1956072305491344,0.2070623120092115,0.0,0.0,0.0
2023-05-15,0.19439034834754168,0.2093613796071192,0.0,0.0,0.0
2023-05-16,0.19515385827587978,0.2102805561694543,0.0,0.0,0.0
2023-05-17,0.19410050448359173,0.20917533999956003,0.0,0.0,0.0
2023-05-18,0.19434506521320058,0.20866620016719875,0.0,0.0,0.0
2023-05-19,0.19638002424967346,0.20980428419434832,0.0,0.0,0.0
2023-05-22,0.1977026277837255,0.20920492739053778,0.0,0.0,0.0
2023-05-23,0.19732042481150752,0.21041937694823432,0.0,0.0,0.0
2023-05-24,0.1971381679815875,0.2085217827089323,0.0,0.0,0.0
2023-05-25,0.19782815625481487,0.20742382769636836,0.0,0.0,0.0
2023-05-26,0.19695427260258258,0.20733548212721115,0.0,0.0,0.0
2023-05-30,0.19755615770689525,0.20695524429008577,0.0,0.0,0.0
2023-05-31,0.19809065592140515,0.20863152819316622,0.0,0.0,0.0
2023-06-01,0.10000000000000002,0.20000000000000004,0.10000000000000002,0.0,0.0
2023-06-02,0.09994224348428657,0.20043991154345414,0.10046908234455926,0.0,0.0
2023-06-05,0.10024015574248496,0.20044752607301353,0.09957283909496044,0.0,0.0
2023-06-06,0.09919118149215254,0.20231339866968184,0.09937602505322846,0.0,0.0
2023-06-07,0.09837979197368664,0.20092484593081678,0.09897897678429508,0.0,0.0
2023-06-08,0.09849261793831104,0.20166616486295377,0.10000462036356739,0.0,0.0
2023-06-09,0.09948078684633192,0.2025882370194742,0.10038636185783072,0.0,0.0
2023-06-12,0.1009313457837926,0.20282434424944615,0.10040160654502346,0.0,0.0
2023-06-13,0.10047411207972119,0.20173161096907677,0.10123463279228322,0.0,0.0
2023-06-14,0.09885470577081241,0.2025321441926273,0.1012912286012272,0.0,0.0
2023-06-15,0.09833293600290977,0.20241231704927787,0.10183249888761513,0.0,0.0
2023-06-16,0.0999302601161517,0.20071049330772633,0.10154931505184178,0.0,0.0
2023-06-20,0.09990324040378583,0.20147892828271075,0.10160882669023817,0.0,0.0
2023-06-21,0.09819761214523885,0.2042175092737012,0.10116711034064772,0.0,0.0
2023-06-22,0.0998449297164225,0.20492520670275022,0.10059748920371976,0.0,0.0
2023-06-23,0.09910219484033711,0.20446995062985648,0.10130652236003372,0.0,0.0
2023-06-26,0.09960430219890588,0.20344602300634582,0.10223289377393188,0.0,0.0
2023-06-27,0.09935055651824956,0.2048129775914102,0.10283231047941693,0.0,0.0
2023-06-28,0.1011962334249295,0.20571051413005392,0.10229816484610602,0.0,0.0
2023-06-29,0.09946370487082119,0.20277746490140594,0.10165805117366535,0.0,0.0
2023-06-30,0.09883154269023138,0.2028345483521688,0.10258441311272383,0.0,0.0
2023-07-03,0.2,0.1,0.1,0.0,0.0
2023-07-05,0.1988121842171745,0.10061220804610069,0.09912383712418399,0.0,0.0
2023-07-06,0.19918237651386111,0.10044289642329209,0.09924969964929772,0.0,0.0
2023-07-07,0.20158414459639215,0.10128273741510672,0.10010096640796667,0.0,0.0
2023-07-10,0.20087240247526528,0.10016830075200193,0.09959624274898406,0.0,0.0
2023-07-11,0.2005042697454859,0.09968122621792835,0.10024379329795455,0.0,0.0
2023-07-12,0.19832436133858322,0.09988672770023226,0.10099896875058154,0.0,0.0
2023-07-13,0.1974905776132252,0.1005020560516459,0.09988179603036067,0.0,0.0
2023-07-14,0.2000995418209907,0.10032252047034222,0.09953406350753521,0.0,0.0
2023-07-17,0.19998339022702843,0.10012946827418424,0.09933755245306934,0.0,0.0
2023-07-18,0.19960021197446184,0.09943771148677749,0.10037073367823428,0.0,0.0
2023-07-19,0.19919886043584356,0.09856171120987738,0.0999266755825099,0.0,0.0
2023-07-20,0.19951334034837226,0.09970302843836534,0.10132288711595826,0.0,0.0
2023-07-21,0.20084787413435673,0.0996713718493207,0.10047099960488655,0.0,0.0
2023-07-24,0.2005029927191782,0.09945363429709976,0.10074791709848825,0.0,0.0
2023-07-25,0.20115252280816814,0.09917193738130685,0.0993276572637493,0.0,0.0
2023-07-26,0.20041669442943583,0.09816201688021411,0.09976960604688923,0.0,0.0
2023-07-27,0.20052687105222855,0.09958731104839665,0.10089934285004154,0.0,0.0
2023-07-28,0.20023982161313741,0.09955914625467918,0.10066521166974692,0.0,0.0
2023-07-31,0.20152859312532193,0.0989018682230035,0.09915608861992611,0.0,0.0
2023-08-01,0.20000000000000004,0.10000000000000002,0.10000000000000002,0.0,0.0
2023-08-02,0.19985599513184085,0.09869451034459484,0.10067413792739938,0.0,0.0
2023-08-03,0.19971985138980708,0.09834770545451033,0.10140414752071858,0.0,0.0
2023-08-04,0.1993450976597067,0.09915561137595563,0.1026612030702572,0.0,0.0
2023-08-07,0.19914279936551954,0.09938895193414055,0.1028715074878368,0.0,0.0
2023-08-08,0.1982664552610209,0.10046034589703015,0.10415984933672076,0.0,0.0
2023-08-09,0.19898295441303993,0.10070956116929862,0.10309330731649688,0.0,0.0
2023-08-10,0.19952458344016377,0.10050990476476147,0.1024460502180382,0.0,0.0
2023-08-11,0.20105139540708866,0.10175731207341154,0.10241361141481173,0.0,0.0
2023-08-14,0.1991476067663589,0.09958917743956586,0.10276954820161935,0.0,0.0
2023-08-15,0.19908398211845296,0.10035342582650703,0.10261888655075264,0.0,0.0
2023-08-16,0.1993584453528699,0.10076878926522341,0.10387786567362221,0.0,0.0
2023-08-17,0.1981485194398425,0.10141479416767935,0.10404144002262737,0.0,0.0
2023-08-18,0.19895868391422583,0.10282534181600687,0.1049994558987947,0.0,0.0
2023-08-21,0.2001346478229681,0.10239657981778631,0.10539006682296453,0.0,0.0
2023-08-22,0.2012359217269505,0.10353741184581793,0.10495590945546963,0.0,0.0
2023-08-23,0.20151582747891955,0.10328835751471167,0.10541644998674853,0.0,0.0
2023-08-24,0.20232780421312152,0.10256731084338332,0.10505115935663915,0.0,0.0
2023-08-25,0.20150228252700245,0.10263344828539159,0.1056142429009183,0.0,0.0
2023-08-28,0.20197308873508546,0.10246806718410259,0.10677369825636092,0.0,0.0
2023-08-29,0.20413239694565338,0.10376419722055712,0.10682754199834958,0.0,0.0
2023-08-30,0.2040177755977928,0.10394081172585128,0.10781690479687775,0.0,0.0
2023-08-31,0.20200245425327407,0.10392297739311918,0.10786370158638153,0.0,0.0
2023-09-01,0.20000000000000004,0.10000000000000002,0.10000000000000002,0.0,0.0
2023-09-05,0.20086058622120367,0.10106067055125388,0.09944520140405026,0.0,0.0
2023-09-06,0.20027242923590732,0.10195594210519367,0.0993739061445681,0.0,0.0
2023-09-07,0.20175810102520425,0.10302513106936237,0.09901934874755222,0.0,0.0
2023-09-08,0.2000821549553485,0.10338565975982834,0.09994783600498157,0.0,0.0
2023-09-11,0.19939948667435273,0.10320844911601501,0.09948424630332967,0.0,0.0
2023-09-12,0.1988160406963757,0.10363136621447144,0.0995373470794135,0.0,0.0
2023-09-13,0.1976798151572523,0.10301541826557746,0.09902730139747246,0.0,0.0
2023-09-14,0.19892607347853775,0.10300910925855183,0.09882163794386149,0.0,0.0
2023-09-15,0.19760932248525387,0.10435575833667024,0.09797174341177697,0.0,0.0
2023-09-18,0.19633469420952554,0.10553162827688835,0.09671850315607222,0.0,0.0
2023-09-19,0.19427744749658482,0.10450986746396665,0.09562601449589414,0.0,0.0
2023-09-20,0.1923202254289505,0.1039462447971791,0.0952950427077534,0.0,0.0
2023-09-21,0.19373226702440832,0.10525261193182169,0.09500422830346174,0.0,0.0
2023-09-22,0.19342933741867505,0.10549740871963882,0.09485685911823169,0.0,0.0
2023-09-25,0.19417917740170804,0.10559031045502353,0.096098215247263,0.0,0.0
2023-09-26,0.19352732559498448,0.10471862725864291,0.09659624761088516,0.0,0.0
2023-09-27,0.19627382980926442,0.10520255539871937,0.09687668786810044,0.0,0.0
2023-09-28,0.1978450828669538,0.10491728220828034,0.09670960863816566,0.0,0.0
2023-09-29,0.19586372354586853,0.10482530834198962,0.09755155991956622,0.0,0.0
2023-10-02,0.2,0.1,0.1,0.0,0.0
2023-10-03,0.19961829205308446,0.10079163174824694,0.10109754480500477,0.0,0.0
2023-10-04,0.2002448299908497,0.10032996307022876,0.10113756653326181,0.0,0.0
2023-10-05,0.19885514914531494,0.10080478066713444,0.10108453045420815,0.0,0.0
2023-10-06,0.19813676414276288,0.10161386939405717,0.10056399290667546,0.0,0.0
2023-10-09,0.19768591855352868,0.10246080423100352,0.10100819333395512,0.0,0.0
2023-10-10,0.19687682672112844,0.1025542386567319,0.09972492434289064,0.0,0.0
2023-10-11,0.19707477130418855,0.10281251555920812,0.09966636251226797,0.0,0.0
2023-10-12,0.19851402948974056,0.1034954682365555,0.0988679533529083,0.0,0.0
2023-10-13,0.19919258091981357,0.10255877860811308,0.0990449079261204,0.0,0.0
2023-10-16,0.20144730017376106,0.10376133825111608,0.09910047338737521,0.0,0.0
2023-10-17,0.20223332772440564,0.10367952918628938,0.09983815720108664,0.0,0.0
2023-10-18,0.20283648759715056,0.10599273334351361,0.10035839689910762,0.0,0.0
2023-10-19,0.20344302242959622,0.10700745444787006,0.10033242737720577,0.0,0.0
2023-10-20,0.2056359742094152,0.10756192862704717,0.10067197264203831,0.0,0.0
2023-10-23,0.2043281273785622,0.10766521656827534,0.10001503638673433,0.0,0.0
2023-10-24,0.20356430023919433,0.1073920905511772,0.10046593482117791,0.0,0.0
2023-10-25,0.20291629455395965,0.10696887483998284,0.10129737142442174,0.0,0.0
2023-10-26,0.20442036211296272,0.10613410803007828,0.10138186226394776,0.0,0.0
2023-10-27,0.20587876831061663,0.10549951568408356,0.10067733724868579,0.0,0.0
2023-10-30,0.20517806246169928,0.10504083263639057,0.10000927865446918,0.0,0.0
2023-10-31,0.20337551677759674,0.10334786344733511,0.09980481988486567,0.0,0.0
2023-11-01,0.20000000000000004,0.10000000000000002,0.10000000000000002,0.0,0.0
2023-11-02,0.19855792879945194,0.09932991340746293,0.09918272480874586,0.0,0.0
2023-11-03,0.19863945642065362,0.09929313877966767,0.09888475805575127,0.0,0.0
2023-11-06,0.198395905907588,0.09941638211735775,0.09932537462120596,0.0,0.0
2023-11-07,0.19897433497284975,0.09915548965934166,0.09916707720715365,0.0,0.0
2023-11-08,0.19583602935019545,0.09961425084293381,0.09876365254738699,0.0,0.0
2023-11-09,0.19540332574543706,0.0999974694124328,0.09870735159293342,0.0,0.0
2023-11-10,0.19529473469422198,0.09957202858232657,0.09895266558542956,0.0,0.0
2023-11-13,0.19614646657595886,0.10028844207745927,0.099883429220869,0.0,0.0
2023-11-14,0.19608425387806716,0.0996877626197369,0.0991684269755185,0.0,0.0
2023-11-15,0.1986252856369546,0.09868986417986893,0.09918086109011584,0.0,0.0
2023-11-16,0.2013693654656598,0.09883707354076678,0.09796151160465483,0.0,0.0
2023-11-17,0.20197414505115774,0.09959914578416962,0.09777970393610114,0.0,0.0
2023-11-20,0.2033769601995115,0.09946095846850385,0.0975409505300759,0.0,0.0
2023-11-21,0.2037758809496031,0.09878977083762547,0.09771180988421105,0.0,0.0
2023-11-22,0.20480414956079113,0.09883498304217453,0.09735264329682397,0.0,0.0
2023-11-24,0.2054823782978954,0.09910681239737873,0.09791329331629535,0.0,0.0
2023-11-27,0.20337262904154885,0.09777235946822375,0.09845311600853272,0.0,0.0
2023-11-28,0.20494891493517656,0.09804065557103768,0.0977993824167946,0.0,0.0
2023-11-29,0.20540187999125914,0.09792776131636727,0.0972453985470739,0.0,0.0
2023-11-30,0.20655931608033534,0.09830673034820808,0.0964440835518893,0.0,0.0
2023-12-01,0.20000000000000004,0.10000000000000002,0.10000000000000002,0.0,0.0
2023-12-04,0.19912153044877448,0.10066666169798638,0.09946280595725351,0.0,0.0
2023-12-05,0.19835372896768988,0.10172493869439293,0.09893908607484575,0.0,0.0
2023-12-06,0.19735991120656116,0.10348612861597621,0.09752480424819253,0.0,0.0
2023-12-07,0.19665749042508227,0.10360586784729123,0.09705612711509726,0.0,0.0
2023-12-08,0.19580245104364055,0.10377500050532446,0.09631491607010505,0.0,0.0
2023-12-11,0.19506203729076316,0.10414268729574816,0.09499481311104734,0.0,0.0
2023-12-12,0.19503975429342796,0.10392456656996484,0.09529133657518822,0.0,0.0
2023-12-13,0.1939650324396126,0.10355158600420965,0.09552518491656156,0.0,0.0
2023-12-14,0.1944655680823069,0.1033634551245526,0.09604757219766147,0.0,0.0
2023-12-15,0.19369354918802445,0.1033301103851267,0.09478271041585824,0.0,0.0
2023-12-18,0.1934999264841903,0.10271537965932585,0.09456118395839314,0.0,0.0
2023-12-19,0.19291981393219942,0.10203643298430859,0.09484277056471603,0.0,0.0
2023-12-20,0.19384177228753108,0.1027671521726185,0.09515809634514397,0.0,0.0
2023-12-21,0.19513167744104565,0.10264010968202851,0.0953483432369578,0.0,0.0
2023-12-22,0.195825336595975,0.10129507969450906,0.09509500709274595,0.0,0.0
2023-12-26,0.19570794056660093,0.10066121678778454,0.09521351864903942,0.0,0.0
2023-12-27,0.19430231046481589,0.09928485787366854,0.09423867236452073,0.0,0.0
2023-12-28,0.19390755240269864,0.09873494331491714,0.09470367848342737,0.0,0.0
2023-12-29,0.19462255237041404,0.09968650434112786,0.09578841035757323,0.0,0.0
2024-01-02,0.20000000000000007,0.10000000000000003,0.10000000000000003,0.0,0.0
2024-01-03,0.19965579966176883,0.10066505843913076,0.100448046030149,0.0,0.0
2024-01-04,0.20001366049264413,0.10144871267603922,0.09969833309578592,0.0,0.0
2024-01-05,0.20118788921661707,0.1023646734260252,0.09973407624534542,0.0,0.0
2024-01-08,0.19945941023470007,0.1022381011662834,0.09823325750624613,0.0,0.0
2024-01-09,0.1978125569177706,0.10196226676842472,0.09704095400753891,0.0,0.0
2024-01-10,0.19707406898153204,0.10295799922610553,0.09631286755756968,0.0,0.0
2024-01-11,0.19565549548150496,0.10347331450485812,0.09573036440051001,0.0,0.0
2024-01-12,0.19560360855645986,0.10424206537846036,0.09660443685216259,0.0,0.0
2024-01-16,0.19492428455256655,0.10501454971348516,0.09640763711447521,0.0,0.0
2024-01-17,0.19309793041541307,0.10294247465496241,0.09570346499867399,0.0,0.0
2024-01-18,0.19311410780875451,0.10222825775952873,0.09511799070328844,0.0,0.0
2024-01-19,0.19095942448263975,0.10129248278403512,0.09307194963411716,0.0,0.0
2024-01-22,0.1913858970783498,0.10181362417677094,0.0931730052833167,0.0,0.0
2024-01-23,0.19187938821738504,0.10284163529548863,0.09162284264459539,0.0,0.0
2024-01-24,0.19272009630510395,0.10170242174773435,0.09108504523056243,0.0,0.0
2024-01-25,0.19493616424317603,0.10277616977912835,0.09110176461142502,0.0,0.0
2024-01-26,0.19714400041036217,0.10225561366672983,0.09166770965644148,0.0,0.0
2024-01-29,0.199043124124252,0.10121657808257338,0.0916207160650245,0.0,0.0
2024-01-30,0.19768070762995782,0.10033208337441413,0.09093916125531178,0.0,0.0
2024-01-31,0.19841573930708173,0.10020087550461182,0.0919476163031568,0.0,0.0
2024-02-01,0.20000000000000004,0.10000000000000002,0.10000000000000002,0.0,0.0
2024-02-02,0.19795606099706642,0.10079155791589482,0.1003408981592709,0.0,0.0
2024-02-05,0.19763226172731158,0.10168189222546999,0.10068057546666512,0.0,0.0
2024-02-06,0.19654171266327516,0.10200191103684988,0.10014015253096764,0.0,0.0
2024-02-07,0.19786047153330105,0.1024830833697747,0.10048862199476304,0.0,0.0
2024-02-08,0.19758485230051087,0.10205585663971886,0.1003623432907573,0.0,0.0
2024-02-09,0.197865083660581,0.10221532257609113,0.10143154385128701,0.0,0.0
2024-02-12,0.1968406124270991,0.10291488380566313,0.09914621158958509,0.0,0.0
2024-02-13,0.19648327183468173,0.10079285337001836,0.09895937458586722,0.0,0.0
2024-02-14,0.19691964136115467,0.10066957788098872,0.10052712711445587,0.0,0.0
2024-02-15,0.19785812732028707,0.10041851431557845,0.10054886554694469,0.0,0.0
2024-02-16,0.19920095384611253,0.09990907196580702,0.1010916624394837,0.0,0.0
2024-02-20,0.2012315665910741,0.09974598972521667,0.09997777078399599,0.0,0.0
2024-02-21,0.20057617955713686,0.09965324430899092,0.10046467554313275,0.0,0.0
2024-02-22,0.20216315996533263,0.09954341063078294,0.10152118324656766,0.0,0.0
2024-02-23,0.20209096462442447,0.099483137433856,0.10155599825950329,0.0,0.0
2024-02-26,0.2014502703993718,0.09926874973294067,0.10042152989200445,0.0,0.0
2024-02-27,0.20066506962456074,0.09885587998156124,0.1004821362406322,0.0,0.0
2024-02-28,0.20189610670570862,0.09875587184021635,0.09996967208353658,0.0,0.0
2024-02-29,0.20250702863717301,0.0988532165988653,0.09936544801245518,0.0,0.0
2024-03-01,0.2,0.2,0.0,0.0,0.0
2024-03-04,0.20090640095150075,0.19697224193823865,0.0,0.0,0.0
2024-03-05,0.19946422866512176,0.19731644396846926,0.0,0.0,0.0
2024-03-06,0.19869338914372875,0.19604065317585354,0.0,0.0,0.0
2024-03-07,0.19857064157529963,0.19627869934587802,0.0,0.0,0.0
2024-03-08,0.19892608619029334,0.19571209353034408,0.0,0.0,0.0
2024-03-11,0.19945029669775022,0.19507714864445208,0.0,0.0,0.0
2024-03-12,0.19897045349838244,0.1966802286785534,0.0,0.0,0.0
2024-03-13,0.1992403443724411,0.19709775176505168,0.0,0.0,0.0
2024-03-14,0.19871172879686566,0.19636227254758284,0.0,0.0,0.0
2024-03-15,0.1987303350309143,0.19606889607087355,0.0,0.0,0.0
2024-03-18,0.19912857498059539,0.19717086449551258,0.0,0.0,0.0
2024-03-19,0.19950438201879933,0.19777910814316196,0.0,0.0,0.0
2024-03-20,0.19972261956231485,0.19548351377606676,0.0,0.0,0.0
2024-03-21,0.1989303305020904,0.19495357402982627,0.0,0.0,0.0
2024-03-22,0.19893702361353938,0.19425110484659544,0.0,0.0,0.0
2024-03-25,0.19713476004549307,0.19356510341423688,0.0,0.0,0.0
2024-03-26,0.19755665048631488,0.1927295374292617,0.0,0.0,0.0
2024-03-27,0.19865931920175123,0.1913275507145754,0.0,0.0,0.0
2024-03-28,0.19843799906264342,0.1908213786696512,0.0,0.0,0.0
2024-04-01,0.0,0.2,0.0,0.2,0.0
2024-04-02,0.0,0.2001500475978477,0.0,0.19873432993089402,0.0
2024-04-03,0.0,0.2009112323525629,0.0,0.19806007321139094,0.0
2024-04-04,0.0,0.2011433156248873,0.0,0.1988092552850339,0.0
2024-04-05,0.0,0.19994338520258387,0.0,0.19796588462206938,0.0
2024-04-08,0.0,0.19952386137331138,0.0,0.19701205409007713,0.0
2024-04-09,0.0,0.19995699297398306,0.0,0.19620257633027205,0.0
2024-04-10,0.0,0.20058923104894033,0.0,0.19569333344981232,0.0
2024-04-11,0.0,0.19767681901617937,0.0,0.1955998668056766,0.0
2024-04-12,0.0,0.19748538524840079,0.0,0.1963921015160722,0.0
2024-04-15,0.0,0.19832661277298924,0.0,0.19655374098798734,0.0
2024-04-16,0.0,0.19854785246399723,0.0,0.19737747277475576,0.0
2024-04-17,0.0,0.1986219126084451,0.0,0.19824976495660054,0.0
2024-04-18,0.0,0.19890314782724017,0.0,0.1981991577116719,0.0
2024-04-19,0.0,0.19827668068669044,0.0,0.19710808162272944,0.0
2024-04-22,0.0,0.1972324105476552,0.0,0.19587869231269373,0.0
2024-04-23,0.0,0.19585281395803344,0.0,0.19455046092633926,0.0
2024-04-24,0.0,0.19803612570939405,0.0,0.19389391688098076,0.0
2024-04-25,0.0,0.19653662400203897,0.0,0.19356138154202196,0.0
2024-04-26,0.0,0.1968595667249064,0.0,0.19313593013129815,0.0
2024-04-29,0.0,0.1961782553277838,0.0,0.1915844698007969,0.0
2024-04-30,0.0,0.19432345453359995,0.0,0.19130300491345745,0.0
2024-05-01,0.20000000000000007,0.10000000000000003,0.0,0.10000000000000003,0.0
2024-05-02,0.19996538852686754,0.09982202118940674,0.0,0.09982732779410611,0.0
2024-05-03,0.2011616104588047,0.10020901558441087,0.0,0.10026092581765385,0.0
2024-05-06,0.20051947840751422,0.09981779877430129,0.0,0.0995671016812663,0.0
2024-05-07,0.2011099016707984,0.09974553532715925,0.0,0.10001189640751605,0.0
2024-05-08,0.20135442905800927,0.09974210661155025,0.0,0.10041076963606754,0.0
2024-05-09,0.20168778333267035,0.10086382508088518,0.0,0.10017228942121457,0.0
2024-05-10,0.201310242109297,0.10016356913632193,0.0,0.09924051324159677,0.0
2024-05-13,0.20183997655404112,0.09849459704032017,0.0,0.09974545475205647,0.0
2024-05-14,0.20189945531965814,0.0983370110341931,0.0,0.10012951164776854,0.0
2024-05-15,0.20309303296444808,0.09858635801516873,0.0,0.1012021086165398,0.0
2024-05-16,0.2007792156758765,0.09830102618870072,0.0,0.101084868714215,0.0
2024-05-17,0.20201055815892785,0.09903711654237915,0.0,0.10069336745701782,0.0
2024-05-20,0.20316088666453036,0.09983211175733614,0.0,0.10097273946956828,0.0
2024-05-21,0.20298590764576757,0.10009805202909675,0.0,0.10139083483282454,0.0
2024-05-22,0.20269985780410477,0.10013219927224934,0.0,0.10201790873661958,0.0
2024-05-23,0.201792580570135,0.10079173145694756,0.0,0.10228258391087218,0.0
2024-05-24,0.20263008825240517,0.10020664181057565,0.0,0.10180852573817152,0.0
2024-05-28,0.20259204661043517,0.10014309184854449,0.0,0.10272588399391884,0.0
2024-05-29,0.20257991069578585,0.09931927121650316,0.0,0.10313791248531608,0.0
2024-05-30,0.2021447202609599,0.10019172957371027,0.0,0.10329838948956101,0.0
2024-05-31,0.20247542454815362,0.1004230037698232,0.0,0.10331954187315091,0.0
2024-06-03,0.20000000000000007,0.10000000000000003,0.0,0.10000000000000003,0.0
2024-06-04,0.19991960193202657,0.1003319194881343,0.0,0.09912862089736353,0.0
2024-06-05,0.20138914234405803,0.1016667634838035,0.0,0.10026247453908532,0.0
2024-06-06,0.20082875224268804,0.10068585525831854,0.0,0.10062484286441334,0.0
2024-06-07,0.20148878759951705,0.10039873148028264,0.0,0.10086876482636437,0.0
2024-06-10,0.2018837448872419,0.09962710610994206,0.0,0.10061498906094438,0.0
2024-06-11,0.20348472618426267,0.09993435319227668,0.0,0.10026858594140531,0.0
2024-06-12,0.20396372467861343,0.0996393708320255,0.0,0.10056927826658393,0.0
2024-06-13,0.20383887360280725,0.09972130769096844,0.0,0.10083402118907323,0.0
2024-06-14,0.20539904009173882,0.09909480866466928,0.0,0.10206095524295743,0.0
2024-06-17,0.2060001777832258,0.09923137201115732,0.0,0.10152937837447688,0.0
2024-06-18,0.20651768078556307,0.09957382274916245,0.0,0.10168743106393065,0.0
2024-06-20,0.20483669108612723,0.09866757920983452,0.0,0.1005619459936846,0.0
2024-06-21,0.20498814762044437,0.09927251141358465,0.0,0.1023251246586499,0.0
2024-06-24,0.20414467608012746,0.10001312065304128,0.0,0.10241679430169548,0.0
2024-06-25,0.20512528924205287,0.10082393127305155,0.0,0.10235381005763977,0.0
2024-06-26,0.20548569363858865,0.10080406999783995,0.0,0.10043471555476309,0.0
2024-06-27,0.2046892430060776,0.10049454879438652,0.0,0.09965329622830078,0.0
2024-06-28,0.20404798134325774,0.10024974354952186,0.0,0.10017476924977704,0.0
2024-07-01,0.1,0.1,0.0,0.2,0.0
2024-07-02,0.09924937602625263,0.09986899656206406,0.0,0.20018879547330456,0.0
2024-07-03,0.10054908228657873,0.10019863210803774,0.0,0.2003592689881462,0.0
2024-07-05,0.09977176691273358,0.09914687503151771,0.0,0.19927662840178678,0.0
2024-07-08,0.1007410944585598,0.09923248919567029,0.0,0.20143173902319703,0.0
2024-07-09,0.10084440657181976,0.09862738086139029,0.0,0.2016268646752249,0.0
2024-07-10,0.10168466697035423,0.09731684635038924,0.0,0.2024760184296752,0.0
2024-07-11,0.1011935758867359,0.09723076041080962,0.0,0.2021455699051719,0.0
2024-07-12,0.10188274093185631,0.09699118701240955,0.0,0.20293437774184572,0.0
2024-07-15,0.1016771946336687,0.09573221601402217,0.0,0.2005605098984184,0.0
2024-07-16,0.10251028725496518,0.09536579247837745,0.0,0.20003742917503337,0.0
2024-07-17,0.10199040982182911,0.09493232041181057,0.0,0.2005403361139823,0.0
2024-07-18,0.10178942939028134,0.09581284926587737,0.0,0.20031022308534396,0.0
2024-07-19,0.10293492348496082,0.095338529511223,0.0,0.2005854931941739,0.0
2024-07-22,0.10288637070412213,0.09575460298502333,0.0,0.20068524017865275,0.0
2024-07-23,0.10280760159982032,0.09639677375097065,0.0,0.20006188608907877,0.0
2024-07-24,0.10284844946532314,0.09519834387334973,0.0,0.19876226142571946,0.0
2024-07-25,0.10293453223465816,0.09632132399344426,0.0,0.19709971210924038,0.0
2024-07-26,0.1030220826590548,0.09833424000152576,0.0,0.19702874612189036,0.0
2024-07-29,0.10369458830871825,0.09689409659869415,0.0,0.1970685091151027,0.0
2024-07-30,0.10333645054511398,0.09660782218893248,0.0,0.1978442649068726,0.0
2024-07-31,0.10242853287892974,0.09634470609096693,0.0,0.1968772212006033,0.0
2024-08-01,0.1,0.1,0.1,0.1,0.0
2024-08-02,0.09946775762473907,0.09994533233975232,0.09996039645297336,0.10056553603841477,0.0
2024-08-05,0.09765684578761548,0.09991376329158244,0.10029384960178553,0.09981406540380192,0.0
2024-08-06,0.0979153539836109,0.10000424184962337,0.10066086392212502,0.10067150306795374,0.0
2024-08-07,0.09843412060351091,0.09955384943887069,0.09945163251683437,0.10117966276027587,0.0
2024-08-08,0.09965694825485301,0.10030581936435583,0.09961576140043615,0.10184083731055314,0.0
2024-08-09,0.09978289176280002,0.10039567676686974,0.09887236986693683,0.10035939112052364,0.0
2024-08-12,0.09855344563306694,0.09968585694280226,0.09930043170998995,0.10084921766968122,0.0
2024-08-13,0.0985834326956014,0.09951723244997365,0.09954484797625847,0.10095027130535411,0.0
2024-08-14,0.10003057944793127,0.10099139926681495,0.09974476512992007,0.10131281881910717,0.0
2024-08-15,0.09927418911475075,0.10051493111436312,0.09878806667487552,0.10134822657615047,0.0
2024-08-16,0.0998425345996846,0.10056390010280096,0.09893546241231552,0.10052987030457848,0.0
2024-08-19,0.09940142837462752,0.10032320385780243,0.09923056370030775,0.10075115138225657,0.0
2024-08-20,0.09939925856902852,0.10064922125061537,0.10018607353928609,0.10082751401927198,0.0
2024-08-21,0.09862049372255048,0.10155652197563461,0.10001772175384176,0.10062233693385088,0.0
2024-08-22,0.098952032237145,0.1019110037314798,0.09938916033305978,0.10066866887524158,0.0
2024-08-23,0.09856146159148212,0.10032332687114995,0.09994417372591323,0.09971300685460364,0.0
2024-08-26,0.09840136868475273,0.09950274105593389,0.09996743071447783,0.10027735798484988,0.0
2024-08-27,0.09792627193474303,0.0994758586098883,0.10076084334434927,0.10004764283423556,0.0
2024-08-28,0.09815769071194336,0.09933708264806061,0.10037677268670701,0.09934241460975574,0.0
2024-08-29,0.09693635304902837,0.09774517384542065,0.10004835698758695,0.09942545458045875,0.0
2024-08-30,0.09746478215526827,0.0985452831547971,0.09973592501625618,0.10032055289401025,0.0
2024-09-03,0.1,0.1,0.1,0.1,0.0
2024-09-04,0.10046628649714189,0.10056639608451107,0.10008416192193532,0.09937702838860071,0.0
2024-09-05,0.10087421244626986,0.10175108337436602,0.0996401966293291,0.09793073433545355,0.0
2024-09-06,0.1002701237866956,0.10102555745310611,0.09871793673372666,0.09842183295122434,0.0
2024-09-09,0.09877839323720976,0.1012114912395938,0.09884260190920371,0.09694628910762557,0.0
2024-09-10,0.09788145074355017,0.10035665861264598,0.09829021048648125,0.09736507442855329,0.0
2024-09-11,0.09900226078125074,0.10104484117289551,0.09749726612827085,0.0990414155039734,0.0
2024-09-12,0.09830087203668675,0.100535608182976,0.09758809407867217,0.0989921643996901,0.0
2024-09-13,0.09814898296466253,0.10010731631905406,0.09784126957979336,0.0995253250203041,0.0
2024-09-16,0.0978760235250669,0.09974212644579096,0.09759439630685691,0.09962869811282048,0.0
2024-09-17,0.09729153904011634,0.09956281764945399,0.0980930832421078,0.09991259400565686,0.0
2024-09-18,0.0963156141286927,0.0991919970925936,0.09840419609913623,0.10141044516418686,0.0
2024-09-19,0.09658003824112552,0.1001574587089421,0.09859836301942675,0.10112720834777197,0.0
2024-09-20,0.09605935123655661,0.09969223837154481,0.0979066625344893,0.10052715303208573,0.0
2024-09-23,0.095047030737193,0.10037539723798475,0.09694531390951541,0.09975972529692068,0.0
2024-09-24,0.09406806560446936,0.09895832867935249,0.09687652573176196,0.1004983954882045,0.0
2024-09-25,0.0941391013848464,0.09979021498552602,0.09668795802796185,0.0998010079157871,0.0
2024-09-26,0.09367706483117434,0.09875053198124781,0.09599765017319255,0.09977564002601111,0.0
2024-09-27,0.0936879688123655,0.09888463766558919,0.09560214805826936,0.10065909481127007,0.0
2024-09-30,0.09384106483403058,0.09829374504763246,0.09577234261991051,0.10095184337713793,0.0
2024-10-01,0.20000000000000007,0.0,0.10000000000000003,0.10000000000000003,0.0
2024-10-02,0.19825853679391225,0.0,0.09983164912090826,0.10029858838361175,0.0
2024-10-03,0.19916624151420936,0.0,0.10032145346135171,0.10039070995353869,0.0
2024-10-04,0.1979259024806962,0.0,0.09985558058012015,0.09982279062164023,0.0
2024-10-07,0.1970011977378195,0.0,0.10034002247641763,0.09974588743543154,0.0
2024-10-08,0.1978563834986678,0.0,0.10041518250906165,0.09948759909188848,0.0
2024-10-09,0.19650622387932987,0.0,0.09955264167297612,0.10020649085328416,0.0
2024-10-10,0.1978470138629194,0.0,0.0982031788417759,0.10001021774651157,0.0
2024-10-11,0.19963853620616256,0.0,0.09815162507031029,0.10097111061038172,0.0
2024-10-14,0.20018999313923408,0.0,0.09748079363131933,0.09986727804432297,0.0
2024-10-15,0.20111787854750152,0.0,0.09728011293479166,0.09997685773795664,0.0
2024-10-16,0.20272803071236156,0.0,0.09760335098696923,0.10002903028363355,0.0
2024-10-17,0.20271786352419993,0.0,0.09758008211132396,0.10036940688882456,0.0
2024-10-18,0.20311602138795265,0.0,0.09741142852197864,0.1004880425510648,0.0
2024-10-21,0.2022523284556712,0.0,0.09605457143471346,0.1005721455281851,0.0
2024-10-22,0.2032186187236275,0.0,0.09649895621730728,0.1014906001437183,0.0
2024-10-23,0.2023299981111177,0.0,0.09764784506174352,0.10136673592607619,0.0
2024-10-24,0.20242379817293182,0.0,0.09709723991233368,0.10037474850765783,0.0
2024-10-25,0.20256178013539206,0.0,0.09681424237774507,0.09996725722444766,0.0
2024-10-28,0.20190596780038866,0.0,0.0962281015071517,0.10005477838211461,0.0
2024-10-29,0.20075104090095383,0.0,0.09619722441393386,0.10007342217132084,0.0
2024-10-30,0.20111268190002976,0.0,0.09607463702339504,0.10049427996131724,0.0
2024-10-31,0.19995658411832293,0.0,0.09469201771583895,0.09989322809510512,0.0
2024-11-01,0.20000000000000004,0.0,0.10000000000000002,0.10000000000000002,0.0
2024-11-04,0.20104235030831172,0.0,0.10004445841087539,0.09829765644506556,0.0
2024-11-05,0.20039996211315655,0.0,0.10069042592726216,0.09764267714692595,0.0
2024-11-06,0.20152337369364876,0.0,0.1024419045182318,0.0975197918930318,0.0
2024-11-07,0.20152873265365445,0.0,0.10309274893355504,0.09784271344537356,0.0
2024-11-08,0.20179143843833566,0.0,0.10237656219029481,0.09869441974633594,0.0
2024-11-11,0.20209036388479157,0.0,0.10169372789239321,0.09814011813464793,0.0
2024-11-12,0.20131707182931594,0.0,0.10063574909906169,0.09821658796489846,0.0
2024-11-13,0.20113099993464673,0.0,0.09969781753881332,0.09881103797085339,0.0
2024-11-14,0.1998692547295225,0.0,0.1000640759966692,0.09876490787973637,0.0
2024-11-15,0.1989702962861386,0.0,0.10044349222010869,0.0990312357959083,0.0
2024-11-18,0.19738415763957107,0.0,0.10181983627304236,0.09920440358003692,0.0
2024-11-19,0.19761203309903658,0.0,0.10175519274973213,0.0984130948448064,0.0
2024-11-20,0.19884197418865562,0.0,0.10018366450722947,0.09750999294697398,0.0
2024-11-21,0.19849395399223854,0.0,0.0999114684540249,0.09757061146096098,0.0
2024-11-22,0.198903721485861,0.0,0.09997156559428695,0.09869512760236195,0.0
2024-11-25,0.19906884070203557,0.0,0.09897047704692334,0.09893259178849718,0.0
2024-11-26,0.1993096718777573,0.0,0.0988989314491689,0.10007156920222333,0.0
2024-11-27,0.1999045466408403,0.0,0.09771203547267036,0.10006259207508333,0.0
2024-11-29,0.200183433473417,0.0,0.09784536922505697,0.09981817590387985,0.0
2024-12-02,0.2,0.0,0.1,0.1,0.0
2024-12-03,0.20117991620047943,0.0,0.10135335187485463,0.10028494208422155,0.0
2024-12-04,0.20160057459303315,0.0,0.10175094172428954,0.10017472669830212,0.0
2024-12-05,0.19956410541372044,0.0,0.1020742893551386,0.1000286994802586,0.0
2024-12-06,0.20059543889389056,0.0,0.10192255940377588,0.10049018416348127,0.0
2024-12-09,0.19948010398894883,0.0,0.10165687742685822,0.09961431336341395,0.0
2024-12-10,0.19829556967260528,0.0,0.10231043563689296,0.1000736453393803,0.0
2024-12-11,0.1986961945851909,0.0,0.10170799350524479,0.09915787329835092,0.0
2024-12-12,0.19809728709330696,0.0,0.10135030433029864,0.09893479469711988,0.0
2024-12-13,0.19885030235926737,0.0,0.10223796108679509,0.09981568777909694,0.0
2024-12-16,0.19900837826279744,0.0,0.101707986686597,0.09987046869764611,0.0
2024-12-17,0.1995699728169747,0.0,0.10123474224076612,0.09935584314698931,0.0
2024-12-18,0.1992352237709506,0.0,0.1006688616330809,0.10035404733986619,0.0
2024-12-19,0.20014563152568382,0.0,0.10043455012205069,0.0997290632508253,0.0
2024-12-20,0.20208560617657645,0.0,0.101501343136632,0.09863948692850937,0.0
2024-12-23,0.20231801203182964,0.0,0.1022789505088619,0.09907040022178693,0.0
2024-12-24,0.20401663931639713,0.0,0.10296390429384261,0.09849630138060567,0.0
2024-12-26,0.2059461079748736,0.0,0.10444831611351392,0.0985977116526067,0.0
2024-12-27,0.20539565431005496,0.0,0.10424029742908747,0.09859550681005526,0.0
2024-12-30,0.20418901477894702,0.0,0.10502435453604264,0.09842518594341097,0.0
2024-12-31,0.2029317251045234,0.0,0.10397003993520576,0.09854976004013731,0.0
2025-01-02,0.30000000000000004,0.0,0.0,0.10000000000000002,0.0
2025-01-03,0.2972816042311856,0.0,0.0,0.10061076924909931,0.0
2025-01-06,0.29710628615923373,0.0,0.0,0.09910995310095382,0.0
2025-01-07,0.29453928133565177,0.0,0.0,0.09976611415235613,0.0
2025-01-08,0.29348637614529427,0.0,0.0,0.09956906312943532,0.0
2025-01-10,0.28995458503737465,0.0,0.0,0.10041127727697167,0.0
2025-01-13,0.2903728893243053,0.0,0.0,0.10026054796305937,0.0
2025-01-14,0.2882020670486274,0.0,0.0,0.10129516123294505,0.0
2025-01-15,0.2912746379746029,0.0,0.0,0.10164710014844608,0.0
2025-01-16,0.28990405179104595,0.0,0.0,0.10053401436936629,0.0
2025-01-17,0.29037389865792806,0.0,0.0,0.10053734545494011,0.0
2025-01-21,0.2903087236104405,0.0,0.0,0.10067505613613206,0.0
2025-01-22,0.2929727590699271,0.0,0.0,0.101602120291307,0.0
2025-01-23,0.2937875607029568,0.0,0.0,0.10274377769283924,0.0
2025-01-24,0.2922791395291474,0.0,0.0,0.10361724152728129,0.0
2025-01-27,0.29093725177708385,0.0,0.0,0.10264360320121987,0.0
2025-01-28,0.29247744253622926,0.0,0.0,0.10300255727804897,0.0
2025-01-29,0.2913622345900466,0.0,0.0,0.10267749749680502,0.0
2025-01-30,0.2920765693826599,0.0,0.0,0.1028655890084045,0.0
2025-01-31,0.2951299065220453,0.0,0.0,0.10293725870104366,0.0
2025-02-03,0.2,0.0,0.1,0.1,0.0
2025-02-04,0.19813630258768983,0.0,0.09832011230004475,0.10019362599477233,0.0
2025-02-05,0.1963613491766874,0.0,0.0981744363463609,0.09969017731938962,0.0
2025-02-06,0.19724254088064586,0.0,0.09759864156595553,0.0996491722609776,0.0
2025-02-07,0.19731032117670105,0.0,0.09838836688267999,0.09969944288703908,0.0
2025-02-10,0.1980492057725701,0.0,0.09747066498195929,0.10139754256845009,0.0
2025-02-11,0.1969780009745205,0.0,0.09721782803223608,0.10042845254778252,0.0
2025-02-12,0.19663834205832498,0.0,0.0964012950445912,0.10152951212777385,0.0
2025-02-13,0.19763608904793295,0.0,0.09656215419095021,0.10123915057871023,0.0
2025-02-14,0.19548146329126975,0.0,0.09664165567248438,0.10104628951740713,0.0
2025-02-18,0.19496734219550982,0.0,0.09682090342252578,0.10125855973276515,0.0
2025-02-19,0.19434806092149154,0.0,0.09592800793613364,0.10236678183022187,0.0
2025-02-20,0.19479682592849384,0.0,0.09527010251591546,0.10292570300216901,0.0
2025-02-21,0.1931490472336439,0.0,0.09382853115387031,0.10251558114507814,0.0
2025-02-24,0.1922165028796796,0.0,0.09287243932887711,0.10230459084949348,0.0
2025-02-25,0.1924200437266264,0.0,0.09266150129215105,0.10315017784594413,0.0
2025-02-26,0.1922674550712808,0.0,0.09300282793664495,0.10266524908066978,0.0
2025-02-27,0.19140965894103862,0.0,0.09332886857171334,0.1010720465836022,0.0
2025-02-28,0.1909634234806049,0.0,0.093712727272232,0.09974250228129633,0.0
2025-03-03,0.2,0.0,0.1,0.1,0.0
2025-03-04,0.1996477745748514,0.0,0.10065269172013651,0.10053506577735373,0.0
2025-03-05,0.19962935201125048,0.0,0.09864419246153638,0.10202415150316291,0.0
2025-03-06,0.20147243142567534,0.0,0.09784106322952678,0.10043571474547851,0.0
2025-03-07,0.20017621733993418,0.0,0.09925224221968591,0.10000123195474994,0.0
2025-03-10,0.1987634947565971,0.0,0.09776008775820362,0.09955132851288555,0.0
2025-03-11,0.1985333900650056,0.0,0.09764726991334394,0.10076006232884399,0.0
2025-03-12,0.19873913041997263,0.0,0.09806500139835961,0.10020346325451909,0.0
2025-03-13,0.19858540173481726,0.0,0.09802987123591467,0.10061370637983272,0.0
2025-03-14,0.19993058068387898,0.0,0.09777962847436303,0.10077840525185185,0.0
2025-03-17,0.19789248851777236,0.0,0.09727322877549723,0.10178559119561323,0.0
2025-03-18,0.19642098256305535,0.0,0.09713744737172801,0.10114912794294895,0.0
2025-03-19,0.19587695682632028,0.0,0.09693566736334615,0.10161384929555614,0.0
2025-03-20,0.1956386757447498,0.0,0.09720500545149295,0.10166636775349483,0.0
2025-03-21,0.19624205828562996,0.0,0.09775923301314021,0.10133956977993842,0.0
2025-03-24,0.19640178105938483,0.0,0.09812418197578272,0.10162536960055271,0.0
2025-03-25,0.19719284755270677,0.0,0.09863273193206543,0.10106563395849266,0.0
2025-03-26,0.1977193034474973,0.0,0.10016939240519149,0.10001893569624061,0.0
2025-03-27,0.1974641125132558,0.0,0.10045498856154877,0.10016585416461352,0.0
2025-03-28,0.1970836552634574,0.0,0.09972342026550897,0.10069870758402247,0.0
2025-03-31,0.19726526880065642,0.0,0.09873950021731404,0.09944891713340548,0.0
2025-04-01,0.1,0.1,0.1,0.1,0.0
2025-04-02,0.0999780867474648,0.10080732354011368,0.09989516601869242,0.10036327906558037,0.0
2025-04-03,0.10120326691005625,0.10239451100448786,0.09855465830882562,0.09976452746125616,0.0
2025-04-04,0.10100821283006431,0.10215054281707099,0.09848757471811152,0.09971823252831416,0.0
2025-04-07,0.1014626980884783,0.10382141149563928,0.09822850454616334,0.09988665516989913,0.0
2025-04-08,0.10171322319290454,0.10336019560514068,0.10010933607386836,0.09910105499027852,0.0
2025-04-09,0.10192177480588269,0.10412390335527955,0.10072279981068989,0.10020999448158174,0.0
2025-04-10,0.1014227654908854,0.10396677779353178,0.10122259923430538,0.09971465992022302,0.0
2025-04-11,0.10056498009622786,0.10337830535022093,0.10100022720221423,0.09995198544925485,0.0
2025-04-14,0.10061152188612442,0.10406783443131036,0.10152749015602242,0.10059279091403962,0.0
2025-04-15,0.10066237165021744,0.10501814642752105,0.10163234462095554,0.10066626618422053,0.0
2025-04-16,0.10112293981492905,0.10575698806412115,0.10176299686856885,0.10064504170074476,0.0
2025-04-17,0.1012987214247842,0.10618132760122528,0.1020148403858167,0.100553117562873,0.0
2025-04-21,0.10011677411472257,0.10526547477935355,0.10211918372728326,0.10175412199411078,0.0
2025-04-22,0.09997475333146688,0.1055363066341097,0.10278284990929555,0.10176406912889821,0.0
2025-04-23,0.10173436069774024,0.10592231484880707,0.10211409330166747,0.10196983426655279,0.0
2025-04-24,0.10225622848334068,0.10564858048796805,0.10143390633588655,0.10216247898900055,0.0
2025-04-25,0.10213630832671584,0.10628052015620311,0.10185732556840543,0.1035041811971589,0.0
2025-04-28,0.10222729727278757,0.10557443396033647,0.10129296936789718,0.10369095900189622,0.0
2025-04-29,0.10159980732048952,0.1053769738111424,0.10121041085306157,0.10327204965316934,0.0
2025-04-30,0.10076278021200563,0.10625987962067449,0.10086303596214605,0.1029369016310036,0.0
2025-05-01,0.1,0.1,0.1,0.1,0.0
2025-05-02,0.0996241511474578,0.09866685700803272,0.1003367149486367,0.09902568013280331,0.0
2025-05-05,0.09805700340131444,0.09805907204058317,0.10066561429979477,0.09803900164347229,0.0
2025-05-06,0.0968654968358826,0.09656378850141153,0.1007776156673895,0.09617099406083009,0.0
2025-05-07,0.0969959103625187,0.09793063617769977,0.09960102132376887,0.0952495209733842,0.0
2025-05-08,0.0961864847229688,0.09799074342341017,0.09913576976647702,0.0960516586202494,0.0
2025-05-09,0.0964240642121822,0.09658652407080671,0.09970249319874344,0.09558080407648674,0.0
2025-05-12,0.09570113231424494,0.09663779567951769,0.10073338885528661,0.09694455088934871,0.0
2025-05-13,0.09593629471424858,0.09619979954712853,0.10033298965702253,0.09697154878013534,0.0
2025-05-14,0.09526394703418535,0.09581366321292732,0.10137650004426511,0.09706161197291512,0.0
2025-05-15,0.09617345634303824,0.09632182602897912,0.10139709534123877,0.09585340574562926,0.0
2025-05-16,0.09546627739823646,0.09745515228886985,0.10003547841885076,0.09630385927646126,0.0
2025-05-19,0.0948355246689382,0.09773878980062294,0.10006891474697667,0.0976761774173989,0.0
2025-05-20,0.094864827997321,0.09704359747722115,0.09921794590649265,0.09848689919207,0.0
2025-05-21,0.09587961139956142,0.09652117108663234,0.0986984815624124,0.09858226178882093,0.0
2025-05-22,0.09642107193221737,0.09688353115851069,0.0997637743910558,0.09813142585982135,0.0
2025-05-23,0.09697278888210871,0.0967465113193848,0.1001493797990486,0.09764934078866268,0.0
2025-05-27,0.09661886748363718,0.0963775339981187,0.09940664759436924,0.09669581303804607,0.0
2025-05-28,0.09614091955812948,0.0969680873915901,0.09915792265068578,0.09777496117932917,0.0
2025-05-29,0.0954546636831465,0.09556608131989201,0.09909586175456007,0.09853260992870484,0.0
2025-05-30,0.09523802895915283,0.09565217209770868,0.09958246084179352,0.09927824121843808,0.0
2025-06-02,0.10000000000000002,0.10000000000000002,0.10000000000000002,0.10000000000000002,0.0
2025-06-03,0.100196157296852,0.10100858331380973,0.0993387126965637,0.10099696912808695,0.0
2025-06-04,0.09958190176251774,0.10178224891667102,0.09924648843924284,0.10048011328010517,0.0
2025-06-05,0.09979319892746913,0.10176776827724354,0.09845633440035216,0.10050482625711207,0.0
2025-06-06,0.09918565696259657,0.10236111082716184,0.09837221102823239,0.1011334421075694,0.0
2025-06-09,0.09917297105521237,0.10206298768495785,0.09965486774765063,0.10030007119415592,0.0
2025-06-10,0.09897085408469927,0.10297368189600825,0.09927893478456735,0.09999229004118843,0.0
2025-06-11,0.10019255229985306,0.10354525723174587,0.0992010956655672,0.09974610578766673,0.0
2025-06-12,0.1000802396726471,0.104121205711103,0.09829313477081149,0.1003971924559468,0.0
2025-06-13,0.10063638005841151,0.10281079293463358,0.09786272726529993,0.10143210951184653,0.0
2025-06-16,0.09981403560290096,0.10193416897228529,0.09753286130740198,0.10122361137872508,0.0
2025-06-17,0.09941473777792449,0.1016824758751702,0.09793730435222318,0.10058850505799073,0.0
2025-06-18,0.0982236728712533,0.1015191883637758,0.09716042789774905,0.09965319145682294,0.0
2025-06-20,0.09804098011746701,0.10332374664742516,0.09733755563834744,0.09975666415200593,0.0
2025-06-23,0.0987727158270126,0.10297803803644862,0.09696671551672331,0.10030020035510419,0.0
2025-06-24,0.09886732923151023,0.10357505003531442,0.09696550400547743,0.10083687646748603,0.0
2025-06-25,0.09747460629158025,0.10294365876359782,0.09716699280433984,0.10057007044839282,0.0
2025-06-26,0.09691627918982089,0.10354398470656075,0.09698976333235358,0.10070378085640434,0.0
2025-06-27,0.09579778744364228,0.10529153339853169,0.0979732216555305,0.10105234419466702,0.0
2025-06-30,0.09502641564929448,0.10587072131437211,0.09727413830104868,0.10085581908780704,0.0
2025-07-01,0.0,0.19999999999999998,0.09999999999999999,0.09999999999999999,0.0
2025-07-02,0.0,0.19929038509434402,0.1003429094915834,0.09882960453638606,0.0
2025-07-03,0.0,0.19964562471659408,0.10080947649620753,0.09930096458711878,0.0
2025-07-07,0.0,0.19966538291167482,0.09930856436855152,0.0979492183777149,0.0
2025-07-08,0.0,0.19757247946347734,0.10148383233171722,0.09896745828507436,0.0
2025-07-09,0.0,0.19601355421244426,0.10036053888510355,0.09868942971131997,0.0
2025-07-10,0.0,0.195518432064542,0.1017515937806044,0.099191468197547,0.0
2025-07-11,0.0,0.1961573698408603,0.10177518527324841,0.10002573787860944,0.0
2025-07-14,0.0,0.1956390273320363,0.10080915066532424,0.09944217976067252,0.0
2025-07-15,0.0,0.19425180819832144,0.100307226493153,0.09862316002719075,0.0
2025-07-16,0.0,0.1939304728768732,0.09912430058698626,0.09719721730998636,0.0
2025-07-17,0.0,0.19426427897584714,0.09866609527258408,0.0969529042911515,0.0
2025-07-18,0.0,0.19443714952322352,0.09838756586974876,0.09711315512568927,0.0
2025-07-21,0.0,0.1935302694484796,0.0981954733457543,0.09619936333213015,0.0
2025-07-22,0.0,0.1938524448549377,0.09915799657666044,0.09659670317729256,0.0
2025-07-23,0.0,0.19442347504344543,0.09923415861553958,0.09492184726820309,0.0
2025-07-24,0.0,0.19506686014897823,0.09878752582369213,0.09418667097294078,0.0
2025-07-25,0.0,0.19526355418643598,0.09800511786543917,0.09468679643957027,0.0
2025-07-28,0.0,0.19504369234721763,0.09833159570633207,0.09507460656539922,0.0
2025-07-29,0.0,0.19640620776392093,0.09818800472423596,0.09471976727097674,0.0
2025-07-30,0.0,0.19703558258358478,0.09728842469410978,0.09432745351858846,0.0
2025-07-31,0.0,0.19703844970910964,0.09932056112848865,0.09261597259081918,0.0
2025-08-01,0.0,0.20000000000000004,0.10000000000000002,0.10000000000000002,0.0
2025-08-04,0.0,0.19992525034003,0.1000944128828207,0.10065533220226375,0.0
2025-08-05,0.0,0.19918051510420187,0.10105523859210762,0.10035290248245259,0.0
2025-08-06,0.0,0.19883943163101014,0.09934610890716641,0.1001483788594118,0.0
2025-08-07,0.0,0.19863690679850068,0.10112701061595453,0.09874044315093095,0.0
2025-08-08,0.0,0.19967442346190617,0.10028190024418622,0.09738069000267183,0.0
2025-08-11,0.0,0.19981292947735832,0.0998445150400537,0.0983677041412397,0.0
2025-08-12,0.0,0.19942628433987894,0.0997477135568786,0.09907090261651262,0.0
2025-08-13,0.0,0.19723870965317458,0.09951354076592238,0.09724475939253953,0.0
2025-08-14,0.0,0.197280887283094,0.10137306760483722,0.09717868112837126,0.0
2025-08-15,0.0,0.19387653082761835,0.10152592244373945,0.0961820828027007,0.0
2025-08-18,0.0,0.19381734287172916,0.10107808215551187,0.09527584352362589,0.0
2025-08-19,0.0,0.19562582278318935,0.10035335880867094,0.09445547726220838,0.0
2025-08-20,0.0,0.19453418451925825,0.10011995398320186,0.0944048687914194,0.0
2025-08-21,0.0,0.19464408884557735,0.09904919697369914,0.09419778970496205,0.0
2025-08-22,0.0,0.19402828560311935,0.09761884016939275,0.09431697417084169,0.0
2025-08-25,0.0,0.19405536249225447,0.09832922698079945,0.09519586230648404,0.0
2025-08-26,0.0,0.19246876918637912,0.09785173196785688,0.09368933842602502,0.0
2025-08-27,0.0,0.19234532519394332,0.09864172740875292,0.09415595827320139,0.0
2025-08-28,0.0,0.1929884239428459,0.09901250436785537,0.09385145361399103,0.0
2025-08-29,0.0,0.191897430932719,0.09907433208576773,0.09340170112943526,0.0
2025-09-02,0.1,0.2,0.1,0.0,0.0
2025-09-03,0.09877762248879213,0.1978598295903238,0.10098706703086599,0.0,0.0
2025-09-04,0.09957025420806251,0.19754546109440485,0.101050247947771,0.0,0.0
2025-09-05,0.09907479998470212,0.1983978235846386,0.10097618647833488,0.0,0.0
2025-09-08,0.09821697294619172,0.19723589034180822,0.10029857429696915,0.0,0.0
2025-09-09,0.09748747313839799,0.19483678551301453,0.10088310592790045,0.0,0.0
2025-09-10,0.09707737298407058,0.19321321283187415,0.1011771016197389,0.0,0.0
2025-09-11,0.09708958380762878,0.19494627265498815,0.10135780191061734,0.0,0.0
2025-09-12,0.09775141974935271,0.19329203443261683,0.10065583101985541,0.0,0.0
2025-09-15,0.09826915811189668,0.19479499138310713,0.10193414195438825,0.0,0.0
2025-09-16,0.09858351963845256,0.19527985903123857,0.10101310800562437,0.0,0.0
2025-09-17,0.09721376489013496,0.19516727938695339,0.10233585180153154,0.0,0.0
2025-09-18,0.09750961917341312,0.19436955584103272,0.10190060855825692,0.0,0.0
2025-09-19,0.09824095457121686,0.1939380879878106,0.10134995425940063,0.0,0.0
2025-09-22,0.09815686181916466,0.19441065734147692,0.10090835271500084,0.0,0.0
2025-09-23,0.09717840495330592,0.19596317193217855,0.10120313202502802,0.0,0.0
2025-09-24,0.09650098899501065,0.19561599800836516,0.10036209931429356,0.0,0.0
2025-09-25,0.09582635630237724,0.1941541208375809,0.0998226904860687,0.0,0.0
2025-09-26,0.09544826188285475,0.19387684309730316,0.099179190125852,0.0,0.0
2025-09-29,0.09652100302733393,0.19174807484777381,0.09811200338413205,0.0,0.0
2025-09-30,0.09611769394151329,0.1912917883063129,0.09692856019241265,0.0,0.0
2025-10-01,0.0,0.2,0.2,0.0,0.0
2025-10-02,0.0,0.1986819588717909,0.20000596321157474,0.0,0.0
2025-10-03,0.0,0.20087820215248392,0.19964370812375626,0.0,0.0
2025-10-06,0.0,0.19921785472268833,0.19931470981273786,0.0,0.0
2025-10-07,0.0,0.19920156854071167,0.20023766625055156,0.0,0.0
2025-10-08,0.0,0.19743224259561576,0.1998367981058178,0.0,0.0
2025-10-09,0.0,0.19745100355520326,0.19884022410975094,0.0,0.0
2025-10-10,0.0,0.1983161248073195,0.19898475043029062,0.0,0.0
2025-10-13,0.0,0.19788950308353365,0.1976282528421911,0.0,0.0
2025-10-14,0.0,0.19880616007545365,0.19777747531733042,0.0,0.0
2025-10-15,0.0,0.19681440439139264,0.197066098706995,0.0,0.0
2025-10-16,0.0,0.19765552301293232,0.19689216168472676,0.0,0.0
2025-10-17,0.0,0.19775822863593814,0.19575561896695398,0.0,0.0
2025-10-20,0.0,0.19896755909098518,0.19416957587622113,0.0,0.0
2025-10-21,0.0,0.19952606885227547,0.19346210499119323,0.0,0.0
2025-10-22,0.0,0.19873225832271946,0.19213463125899072,0.0,0.0
2025-10-23,0.0,0.19888030213882035,0.192409333476569,0.0,0.0
2025-10-24,0.0,0.1992606181421721,0.19251419159181687,0.0,0.0
2025-10-27,0.0,0.19772212662635846,0.19356070471915648,0.0,0.0
2025-10-28,0.0,0.19650204494297627,0.1939455806147447,0.0,0.0
2025-10-29,0.0,0.19597540323527202,0.19434878269818537,0.0,0.0
2025-10-30,0.0,0.19720907446415775,0.19348965300268522,0.0,0.0
2025-10-31,0.0,0.1970378153332356,0.1952012343921319,0.0,0.0
2025-11-03,0.0,0.2,0.1,0.1,0.0
2025-11-04,0.0,0.19988088435391466,0.10019161668129593,0.0995250981113584,0.0
2025-11-05,0.0,0.2004629195734865,0.09924119974104705,0.09893611445421492,0.0
2025-11-06,0.0,0.20193096918943898,0.1000682545603406,0.09840380971705416,0.0
2025-11-07,0.0,0.20117290578287045,0.09912359992555972,0.09768559116106748,0.0
2025-11-10,0.0,0.20247794639844918,0.09918176993294073,0.09879651331276537,0.0
2025-11-11,0.0,0.2008787303097287,0.09787651792458821,0.09889100834472286,0.0
2025-11-12,0.0,0.20141945707315242,0.09801604076957716,0.09987617696256626,0.0
2025-11-13,0.0,0.20186855234905887,0.0990093798576517,0.1003644158053932,0.0
2025-11-14,0.0,0.2020460611562847,0.09904761301825342,0.1006416907039211,0.0
2025-11-17,0.0,0.20145075139708243,0.09881163802341839,0.099898111812087,0.0
2025-11-18,0.0,0.20132793067890642,0.09908665376327369,0.09866762258314453,0.0
2025-11-19,0.0,0.20132886664868122,0.10006474133032348,0.09846631705508398,0.0
2025-11-20,0.0,0.2019322007049687,0.10118601323366243,0.09729872185943654,0.0
2025-11-21,0.0,0.20156682928770892,0.10122458325001456,0.09648070728385832,0.0
2025-11-24,0.0,0.20248796769272015,0.1011605527253037,0.09626116945404828,0.0
2025-11-25,0.0,0.20236648846948785,0.10034661128941227,0.09723012234832984,0.0
2025-11-26,0.0,0.20168188889066557,0.10092263782911975,0.09690006985993609,0.0
2025-11-28,0.0,0.20123089609053313,0.09931989581608124,0.09601727540880624,0.0
2025-12-01,0.0,0.20000000000000004,0.10000000000000002,0.10000000000000002,0.0
2025-12-02,0.0,0.19938321339869575,0.10025491009877065,0.10032020854676355,0.0
2025-12-03,0.0,0.19902817339965012,0.09909624117992975,0.10042979425203749,0.0
2025-12-04,0.0,0.19864779002516555,0.09944207911980119,0.10062534167018314,0.0
2025-12-05,0.0,0.19997800077430578,0.0996096808937406,0.10076141974152905,0.0
2025-12-08,0.0,0.19912248270491612,0.09949272975922502,0.10091029916577834,0.0
2025-12-09,0.0,0.19882000715115658,0.09943195793245056,0.10188698706350907,0.0
2025-12-10,0.0,0.19821922387514856,0.09953615614677001,0.10275827570938076,0.0
2025-12-11,0.0,0.19630455386981246,0.09969702323008069,0.10320605552474846,0.0
2025-12-12,0.0,0.19698529182712066,0.09857496543910381,0.1024646878121601,0.0
2025-12-15,0.0,0.19924731554382258,0.0995066869095439,0.10275276883169746,0.0
2025-12-16,0.0,0.1986984803388726,0.09909422155907331,0.10314966278896784,0.0
2025-12-17,0.0,0.19752761053882867,0.0998188635461619,0.10369787334259961,0.0
2025-12-18,0.0,0.19862803677451024,0.10051075445369234,0.10287026379353137,0.0
2025-12-19,0.0,0.19902131102857493,0.10103380699157603,0.10380397176278659,0.0
2025-12-22,0.0,0.19771770443766473,0.10183828494495373,0.10270608456172153,0.0
2025-12-23,0.0,0.19875205132247276,0.10258534897255235,0.10341139155486725,0.0
2025-12-24,0.0,0.1985685118623607,0.10222624251869603,0.10517852321129458,0.0
2025-12-26,0.0,0.19858918779141083,0.10030197636505994,0.10391577337262192,0.0
2025-12-29,0.0,0.19781519508735354,0.10100538289753203,0.10483650726227867,0.0
2025-12-30,0.0,0.19817804012187978,0.10232573507678996,0.10471033556972198,0.0
2025-12-31,0.0,0.197058181689428,0.10245627767462179,0.10451533998413678,0.0
