,21_session,63_session,252_session
2020-01-02,,,
2020-01-03,,,
2020-01-06,,,
2020-01-07,,,
2020-01-08,,,
2020-01-09,,,
2020-01-10,,,
2020-01-13,,,
2020-01-14,,,
2020-01-15,,,
2020-01-16,,,
2020-01-17,,,
2020-01-21,,,
2020-01-22,,,
2020-01-23,,,
2020-01-24,,,
2020-01-27,,,
2020-01-28,,,
2020-01-29,,,
2020-01-30,,,
2020-01-31,0.007579585295191427,,
2020-02-03,0.013598455855625025,,
2020-02-04,0.017242030574502687,,
2020-02-05,0.024542597493003804,,
2020-02-06,0.019074324329022785,,
2020-02-07,0.01394041390048284,,
2020-02-10,0.014687729728925403,,
2020-02-11,0.014150000312763478,,
2020-02-12,0.01317687085657493,,
2020-02-13,0.014985648228687198,,
2020-02-14,0.01747168011953959,,
2020-02-18,0.013910135927417189,,
2020-02-19,0.011481215955720492,,
2020-02-20,0.01148602653259756,,
2020-02-21,0.011888204594535878,,
2020-02-24,0.009446987153248765,,
2020-02-25,0.00400047857674557,,
2020-02-26,-0.0031890384003404604,,
2020-02-27,-0.0023972502024010023,,
2020-02-28,-0.000821707008450745,,
2020-03-02,-0.0038867296384575978,,
2020-03-03,-0.004869183630916374,,
2020-03-04,-0.013183087486022593,,
2020-03-05,-0.012788382378030816,,
2020-03-06,-0.016717240284846446,,
2020-03-09,-0.014476508234800511,,
2020-03-10,-0.011514640413425759,,
2020-03-11,-0.011102370964504837,,
2020-03-12,-0.011204658645550425,,
2020-03-13,-0.007587384245692608,,
2020-03-16,-0.0009456162865706386,,
2020-03-17,-0.0021328040190315978,,
2020-03-18,0.0022605555780053077,,
2020-03-19,0.00402639548096162,,
2020-03-20,0.0010595381140661164,,
2020-03-23,-0.0038758146294609608,,
2020-03-24,0.0017824155785470808,,
2020-03-25,0.005225131707882635,,
2020-03-26,0.00848515063285693,,
2020-03-27,0.01184255454363381,,
2020-03-30,0.008748399455752898,,
2020-03-31,0.009557063789509046,,
2020-04-01,0.010242554287745342,0.012943432979829916,
2020-04-02,0.013895039526225395,0.01413441886388278,
2020-04-03,0.014204781397481492,0.018498062891702638,
2020-04-06,0.016454061651545393,0.02399114242369671,
2020-04-07,0.013230055166864707,0.017608917798421997,
2020-04-08,0.007866663396339346,0.01014973802582908,
2020-04-09,0.005842179938479575,0.009284463713625124,
2020-04-13,0.00616722530209568,0.008971207843192719,
2020-04-14,0.004496849969531924,0.010011044094779153,
2020-04-15,-0.0013656878750206713,0.012641018445394447,
2020-04-16,-0.005667784434162937,0.009547101756013143,
2020-04-17,-0.005356112055442619,0.010759243628633453,
2020-04-20,-0.0027144984471164646,0.012797120032835618,
2020-04-21,-0.0024126251554761335,0.010114812267855378,
2020-04-22,-0.00044655850807129305,0.007516197554651383,
2020-04-23,-0.008027859475792654,0.0031280984691801628,
2020-04-24,-0.01073232264815438,-0.0015850459003038386,
2020-04-27,-0.01277088443066643,-0.007569122133224138,
2020-04-28,-0.014386885798043592,-0.005105451100524738,
2020-04-29,-0.013046722923938048,-0.005230542669896532,
2020-04-30,-0.011677489322806545,-0.0061100823925639425,
2020-05-01,-0.014935155436947678,-0.009691164924595208,
2020-05-04,-0.019159656930266333,-0.01864101551180808,
2020-05-05,-0.019197656591487977,-0.017986617917229775,
2020-05-06,-0.018708755773669705,-0.019236931012473035,
2020-05-07,-0.02096905242577174,-0.022376877458729516,
2020-05-08,-0.019833897206462114,-0.02349830583252699,
2020-05-11,-0.01441421355135064,-0.019662510174099368,
2020-05-12,-0.01806179539757824,-0.02307609720501358,
2020-05-13,-0.02012636131656287,-0.023188127013898496,
2020-05-14,-0.021688479780770376,-0.023948391860953988,
2020-05-15,-0.01972241142558795,-0.027357303600427985,
2020-05-18,-0.016596853107403553,-0.0196529399264872,
2020-05-19,-0.01760120416164679,-0.016323135364713304,
2020-05-20,-0.017104304509512946,-0.0184367604832536,
2020-05-21,-0.01642021469975885,-0.02066991118410766,
2020-05-22,-0.01182625769634782,-0.018011981124722354,
2020-05-26,-0.008466870917956837,-0.013983036179296082,
2020-05-27,-0.006775245161916077,-0.0111395707555898,
2020-05-28,-0.009013867570314527,-0.011704106279478155,
2020-05-29,-0.007819525845176645,-0.012197483901037587,
2020-06-01,-0.00924241848141305,-0.011453817187827786,
2020-06-02,-0.005722902163261323,-0.010540746699515324,
2020-06-03,-0.005060455306449718,-0.010563308324149867,
2020-06-04,-0.006455740459287873,-0.011687320991284222,
2020-06-05,-0.012366584049679274,-0.014897423460699888,
2020-06-08,-0.011227456849228656,-0.019153871830350222,
2020-06-09,-0.01582312854738266,-0.027754561042891757,
2020-06-10,-0.019994640182618983,-0.028477805739773654,
2020-06-11,-0.018301840180776185,-0.030088070253692867,
2020-06-12,-0.020335720470159524,-0.035736059181622704,
2020-06-15,-0.01536066587091689,-0.03803154144477128,
2020-06-16,-0.01433777203013642,-0.039253749383598935,
2020-06-17,-0.017960478268613134,-0.039431859662330426,
2020-06-18,-0.018907126136688768,-0.03879184210532616,
2020-06-19,-0.01877186087973337,-0.0378819298257046,
2020-06-22,-0.01946634226960109,-0.0359975912492454,
2020-06-23,-0.015381190410428736,-0.03483644837406663,
2020-06-24,-0.018216421777527247,-0.036976660856838484,
2020-06-25,-0.015411301275740197,-0.034571007179740376,
2020-06-26,-0.015373940734902503,-0.03828724453992938,
2020-06-29,-0.017168618322964124,-0.03757635477251642,
2020-06-30,-0.015572522152410895,-0.03606040670074573,
2020-07-01,-0.020858245613431525,-0.04100172274596803,
2020-07-02,-0.02437231215681701,-0.047907530726262304,
2020-07-06,-0.021009602018776552,-0.04600270014558827,
2020-07-07,-0.01192846212043197,-0.04240451733864026,
2020-07-08,-0.010153884205162833,-0.04179043524203252,
2020-07-09,-0.006877283737753759,-0.041977410030714646,
2020-07-10,-0.008104628511531264,-0.04194874006578331,
2020-07-13,-0.007765280273494435,-0.04351854485990403,
2020-07-14,-0.004247432909139537,-0.04413010906687054,
2020-07-15,-0.012461037410263609,-0.048719514169078604,
2020-07-16,-0.012423044187638621,-0.045780833972121626,
2020-07-17,-0.009442780971031128,-0.04337852239057083,
2020-07-20,-0.0136247205114991,-0.04930738097197729,
2020-07-21,-0.009711791388038238,-0.04492157357685833,
2020-07-22,-0.00735467479816776,-0.04266000715133411,
2020-07-23,-0.010345920080352622,-0.037091862124697506,
2020-07-24,-0.01005313492632931,-0.03631549134453027,
2020-07-27,-0.013355544841148093,-0.03514275704239256,
2020-07-28,-0.007992365518751154,-0.032047786451323335,
2020-07-29,-0.00850530139462291,-0.033147805251198426,
2020-07-30,-0.0114531770469124,-0.035841628435897,
2020-07-31,-0.0086331159033054,-0.03486644638390268,
2020-08-03,0.0016436876498924224,-0.027713920369161094,
2020-08-04,-0.0005098660106694908,-0.027825641460767936,
2020-08-05,-0.0008290947501022883,-0.024956605998940784,
2020-08-06,-0.004735864078414087,-0.025902483610374616,
2020-08-07,-0.0005696556415514253,-0.02314837835413419,
2020-08-10,0.004027096140268416,-0.02402262929205301,
2020-08-11,0.004024749185877807,-0.022004593978693587,
2020-08-12,0.00445871582659918,-0.02014728711955116,
2020-08-13,0.012618548465202606,-0.015360399180909146,
2020-08-14,0.014115057480214466,-0.012842856264455138,
2020-08-17,0.007107820155618505,-0.020319414195956176,
2020-08-18,0.008266968440984845,-0.02427408404078757,
2020-08-19,0.0030743685560714606,-0.0253139840765626,
2020-08-20,-0.0002617507161608579,-0.026932616221089667,
2020-08-21,0.002768381989360469,-0.022870377864283142,
2020-08-24,0.0001862851134599719,-0.02790537152717698,
2020-08-25,-0.004435583935860299,-0.03286991892692104,
2020-08-26,-0.006759841374914033,-0.029846151560747547,
2020-08-27,-0.007044773715898289,-0.032392830913271387,
2020-08-28,-0.012085309886327167,-0.03860819575632535,
2020-08-31,-0.009504750149270214,-0.03853744352736921,
2020-09-01,-0.013911450074760023,-0.03636338962587227,
2020-09-02,-0.013863814331984026,-0.035074376880495195,
2020-09-03,-0.021027665042398946,-0.03350727841491341,
2020-09-04,-0.014992511710075762,-0.02961165880382699,
2020-09-08,-0.014619804630666589,-0.021954010803437285,
2020-09-09,-0.012770089503642779,-0.016827772748077008,
2020-09-10,-0.013392534602042927,-0.01711380524212247,
2020-09-11,-0.011453918743546176,-0.011263777024373423,
2020-09-14,-0.014659277775825874,-0.014659010895847313,
2020-09-15,-0.013051585954844347,-0.01155471948050546,
2020-09-16,-0.00476863385026427,-0.007159257622197823,
2020-09-17,-0.0025229111554627703,-0.007979497059558582,
2020-09-18,0.000234416773752244,-0.006434426606656052,
2020-09-21,0.002029007998540111,-0.005600942306655643,
2020-09-22,-0.0010313803960528833,-0.00862971508138255,
2020-09-23,0.004945155322204631,-0.004972369605946825,
2020-09-24,0.013633562044711223,-0.004340075902862561,
2020-09-25,0.011486257558454671,-0.003380749290578744,
2020-09-28,0.013305881612237114,-0.002390385772256365,
2020-09-29,0.019637912808138758,-0.0042216874998292075,
2020-09-30,0.017720013373600185,-0.0006557462718240759,
2020-10-01,0.019810968807054907,0.007276851045604715,
2020-10-02,0.01593671297050192,0.0013411447492506223,
2020-10-05,0.01408347459825543,-0.008063424858625878,
2020-10-06,0.010362346531345823,-0.009498723273426712,
2020-10-07,0.0007123133333710729,-0.014479632407412568,
2020-10-08,-0.008690679502407095,-0.017408669760549333,
2020-10-09,-0.009345804506607602,-0.018679438270601256,
2020-10-12,-0.011895445235572177,-0.018857899370449793,
2020-10-13,-0.00901146860218982,-0.011217119821070987,
2020-10-14,-0.013831567472837425,-0.012964481206477974,
2020-10-15,-0.019366683216782365,-0.01710603735756211,
2020-10-16,-0.018809695671070603,-0.013194146871341017,
2020-10-19,-0.017150234688826926,-0.013897487480278858,
2020-10-20,-0.01889817539089167,-0.01716483710417882,
2020-10-21,-0.019027034648804175,-0.0173258839728756,
2020-10-22,-0.019974387202222776,-0.014944541336485706,
2020-10-23,-0.027765733138301663,-0.01888193737195587,
2020-10-26,-0.02374886600574122,-0.01921049813858855,
2020-10-27,-0.024239006079050385,-0.01822112605022541,
2020-10-28,-0.024337674016340682,-0.017200438077676128,
2020-10-29,-0.023239067736588792,-0.015379229846849918,
2020-10-30,-0.02533414896502828,-0.01985270674880224,
2020-11-02,-0.020678309352198943,-0.018864649641944786,
2020-11-03,-0.018784912151845412,-0.025889236162543128,
2020-11-04,-0.02066482927450486,-0.0253514600437027,
2020-11-05,-0.008780983563493439,-0.02257667584594314,
2020-11-06,-0.0033064285263157966,-0.02458562522836849,
2020-11-09,-0.004355699992573792,-0.02687037888437782,
2020-11-10,-0.0009416244791898842,-0.02413288095829491,
2020-11-11,-0.0008746255086320431,-0.02439268276609763,
2020-11-12,-0.0020252919503134237,-0.028673840865582223,
2020-11-13,-0.00022387099269727262,-0.024261452916270576,
2020-11-16,-0.002161529089772518,-0.023400672250825982,
2020-11-17,0.0008590703831530266,-0.016075303166507293,
2020-11-18,0.0005246808090444421,-0.016391702179377243,
2020-11-19,0.00512319275951767,-0.015018260763432045,
2020-11-20,0.0023168473791417288,-0.012846210234501498,
2020-11-23,0.003703205946157917,-0.010861247166141896,
2020-11-24,-0.00102359918389483,-0.013546162003736373,
2020-11-25,-0.00038055215135335274,-0.011631914603224214,
2020-11-27,-0.001020503548952889,-0.006192922013839031,
2020-11-30,-0.0028732044035358895,-0.008787014810529015,
2020-12-01,-0.0019300571128779698,-0.007943502568449334,
2020-12-02,-0.003565455712487786,-0.008618515447601172,
2020-12-03,-0.00016391953153893635,-0.005129099894776168,
2020-12-04,0.005537856288099663,-0.0050370021009240595,
2020-12-07,-0.0030727345689068875,-0.011122847509384082,
2020-12-08,-0.008538980511685001,-0.020405155726684332,
2020-12-09,-0.0061772812998969195,-0.019753691692740882,
2020-12-10,-0.005136232716630551,-0.01789622474267416,
2020-12-11,-0.009441903891769576,-0.019226847209701803,
2020-12-14,-0.009482627588243697,-0.025161374992991647,
2020-12-15,-0.010895390803894456,-0.030268209869076523,
2020-12-16,-0.010741511309959262,-0.03144725244367852,
2020-12-17,-0.014045398476318693,-0.030122273211872774,
2020-12-18,-0.011187176705001467,-0.02936492833966431,
2020-12-21,-0.014919735189157457,-0.02871216024214629,
2020-12-22,-0.014324662919721898,-0.03177487913236976,
2020-12-23,-0.01090493651664004,-0.03480676433551122,
2020-12-24,-0.00813432193375152,-0.032681168336414324,
2020-12-28,-0.01190347662013913,-0.03622086210895814,
2020-12-29,-0.009361075960242382,-0.03445726951450068,
2020-12-30,-0.002540433764883554,-0.028519768441697124,-0.05691224188136301
2020-12-31,0.0013682088080384514,-0.02588433714193672,-0.05259857792432365
2021-01-04,0.0005481828980367087,-0.02363510417163006,-0.05004819824082396
2021-01-05,0.0026785526345867172,-0.016317947029989455,-0.043209310431644
2021-01-06,-0.0009660584759720869,-0.01619274622202127,-0.04981872875071225
2021-01-07,0.002661456789841532,-0.009196756058975297,-0.05503759774638095
2021-01-08,0.008622970545753894,-0.0032961041198478203,-0.05301866727319815
2021-01-11,0.012796263895989979,0.002155750480593799,-0.050922999556683335
2021-01-12,0.013246061415844945,0.007092597016073121,-0.04604866581937728
2021-01-13,0.018546166381683493,0.008046716197186887,-0.039835376603773565
2021-01-14,0.024024049358044586,0.012259329465820867,-0.037503207294933505
2021-01-15,0.02393826054628434,0.012555320514972435,-0.03769381652578607
2021-01-19,0.024862039922188828,0.01166199895514608,-0.03876465063176715
2021-01-20,0.020033097013966383,0.006570298225936355,-0.04241804976103325
2021-01-21,0.01686457484353454,0.006016291800653217,-0.04631722520916126
2021-01-22,0.02053366690005287,0.010457959326783728,-0.04088867622167769
2021-01-25,0.02624483284592416,0.013887815120866343,-0.03905940490554649
2021-01-26,0.031395178320812844,0.02392569707052683,-0.038048794486624016
2021-01-27,0.028871416720007037,0.01945766012242922,-0.037111564533174546
2021-01-28,0.037801300827705386,0.025057620918752965,-0.032068794622279295
2021-01-29,0.03421421583221029,0.023487318581035366,-0.03609533609647053
2021-02-01,0.02811287341383495,0.022554546707435952,-0.03769322142756659
2021-02-02,0.02222974765673169,0.021652710182147095,-0.04453098658233068
2021-02-03,0.0274445272005579,0.024342438597505955,-0.04052059344170933
2021-02-04,0.02360436419956735,0.026177904187214773,-0.0440854993592682
2021-02-05,0.022684669742981223,0.027354706025046305,-0.04645245554258104
2021-02-08,0.02313764425023912,0.022708483303448324,-0.04646605175981633
2021-02-09,0.020451634942590946,0.02046220545067934,-0.047639366350336276
2021-02-10,0.02031074016971912,0.026983507594597667,-0.04515756396811377
2021-02-11,0.021140805997516,0.029352609846273303,-0.03855026472914613
2021-02-12,0.01640732482055629,0.025482979676823225,-0.038490487075724444
2021-02-16,0.013589996430223295,0.028098129004526795,-0.04117516020945844
2021-02-17,0.015189732928817312,0.0281659419393272,-0.03647934587087209
2021-02-18,0.012083214631837924,0.02610408184543833,-0.038192556559599744
2021-02-19,0.01531663141526507,0.021110358810232377,-0.03879158533352478
2021-02-22,0.015040631547535765,0.02061191669027651,-0.04334613090228734
2021-02-23,0.007476327062203136,0.012823583065886268,-0.04276107014893993
2021-02-24,0.0017540235034312346,0.013318493881645965,-0.04120951331790834
2021-02-25,-0.0026380637097893622,0.01745666427845105,-0.037517088086714834
2021-02-26,0.002197860066321944,0.022745166520701687,-0.03267635368562394
2021-03-01,-0.006715712913537342,0.018561243889475998,-0.03777847854979177
2021-03-02,-0.0063117041315116085,0.018066309725943253,-0.038441900782686056
2021-03-03,-0.0047902702204722925,0.02058859375531119,-0.037616910948039095
2021-03-04,-0.0004998611288338228,0.02311669936807914,-0.03225066424413403
2021-03-05,-0.0008045603465870466,0.027180660443619553,-0.028873414411616616
2021-03-08,-0.0006644728787102983,0.025664163190298073,-0.028479537607855043
2021-03-09,-0.0006840479056104964,0.020997807064084384,-0.03310750051226674
2021-03-10,-0.001988107306934661,0.023821159764915834,-0.037276363073003194
2021-03-11,-0.0027407631080860195,0.026430026275761298,-0.03958669646555246
2021-03-12,-0.0054830000167152,0.027700954895854002,-0.0396323736331593
2021-03-15,-0.005844881241588218,0.028619394673887077,-0.03686212712850612
2021-03-16,-0.0039048706192595928,0.031215236473443042,-0.041338531424887526
2021-03-17,-0.0030527596909073473,0.034771949514007305,-0.04205912187615457
2021-03-18,-0.004194420440703506,0.03513154440576294,-0.04268482076591751
2021-03-19,-0.0025035560514435895,0.034648865249840455,-0.044447925957695866
2021-03-22,0.0005514680651419468,0.03622769951600335,-0.03927942965014497
2021-03-23,0.0012683024010116117,0.033467949808175135,-0.038405843804989126
2021-03-24,0.0036113498289269685,0.031876568489077606,-0.04101345805536005
2021-03-25,0.005489228579452776,0.03368806379637235,-0.04095761594682479
2021-03-26,0.00689301388987551,0.03576495831424498,-0.039036599214457124
2021-03-29,0.0022534356837882186,0.03345632341347815,-0.04184357182524168
2021-03-30,0.007545725642261081,0.038610098611976396,-0.038925680991204414
2021-03-31,0.00865186071530255,0.03657796268403324,-0.03930406635871864
2021-04-01,0.00853478843289368,0.031920627484778974,-0.039243772706924474
2021-04-05,0.004688459559689218,0.026509061897889152,-0.04103822242309629
2021-04-06,-0.0022834950428564094,0.024273609221893366,-0.0446613537858328
2021-04-07,-0.0013049086390813924,0.02158938422636969,-0.045453450821724695
2021-04-08,0.0031823656070164574,0.025237434683786253,-0.04269568398852419
2021-04-09,0.0026192418464137113,0.02377805393687593,-0.04228874907851787
2021-04-12,-0.004125057083548156,0.013456934529272102,-0.049103763085308394
2021-04-13,-0.008589974048653248,0.005999989024601193,-0.05371784188923945
2021-04-14,-0.01282533934742025,0.002152429251947474,-0.053471095661073775
2021-04-15,-0.01586714248756116,-0.0036261184054415807,-0.05525952893773323
2021-04-16,-0.015488624018110464,-0.005155438993700745,-0.05152053079732377
2021-04-19,-0.008894301875855937,0.0019400695323685824,-0.04609022330560775
2021-04-20,-0.014483387652156288,-0.0050722878486360035,-0.05572432220685408
2021-04-21,-0.01870327896282653,-0.003123676320256008,-0.05496804661926957
2021-04-22,-0.012695945225693839,0.0034247652711292265,-0.05019004482485401
2021-04-23,-0.01032952452129221,0.0006703426785987787,-0.04323858687957394
2021-04-26,-0.01293965276457476,-0.005780622198614971,-0.04309750506451093
2021-04-27,-0.018944881718735096,-0.01478838077861977,-0.045046334276779065
2021-04-28,-0.021189201081419973,-0.01682737694025549,-0.048456391826641854
2021-04-29,-0.02275108105500201,-0.021989474030909117,-0.048375580595226286
2021-04-30,-0.018117929179458425,-0.015873789988337994,-0.04556447661377572
2021-05-03,-0.016402370591799165,-0.012759484704071844,-0.04067478113706402
2021-05-04,-0.0177710608233278,-0.013659200160760276,-0.03968060025710973
2021-05-05,-0.008197302470075662,-0.01125822198604709,-0.03394659205544592
2021-05-06,-0.009970263468196405,-0.011919151301966191,-0.03695312258147054
2021-05-07,-0.007446347430591249,-0.004968793751427114,-0.029473074541794486
2021-05-10,-0.002709632290084696,-0.0020854011170259312,-0.025556787906393708
2021-05-11,0.0050438551293741085,-0.0018452324355383576,-0.030330557809288394
2021-05-12,0.011098913892305884,-0.003082633326736195,-0.025616013495623702
2021-05-13,0.018444059328994955,-0.0004941707165020404,-0.016213212039891567
2021-05-14,0.02372192478290791,0.0035443103968948453,-0.011407395837016665
2021-05-17,0.022688922013896162,0.0037752101443113695,-0.010484930781863522
2021-05-18,0.018866652434825326,0.005569000032764171,-0.011690308317047537
2021-05-19,0.02477221780809402,0.007401628047921216,-0.014995249736088123
2021-05-20,0.025737627175922206,0.007108052011117971,-0.01377649946625592
2021-05-21,0.02048359760976015,0.008805443417027492,-0.014553273065869288
2021-05-24,0.021731777597065127,0.014829490827869884,-0.010747303318424772
2021-05-25,0.026662405876182182,0.018940412949381535,-0.009195165723906773
2021-05-26,0.030783318131764492,0.018225846577207605,-0.008934983324352053
2021-05-27,0.03675223127920235,0.017071030886417926,-0.004511842648626141
2021-05-28,0.03946981388744919,0.023485856593001175,-0.0030192249327858356
2021-06-01,0.027886847321660913,0.017995674882518298,-0.009796402868242238
2021-06-02,0.02761365896874657,0.01938496765921549,-0.00851010202126845
2021-06-03,0.026458086402027847,0.012943821185134041,-0.00925878496623278
2021-06-04,0.015880615813270493,0.005252392542473894,-0.012228271114068323
2021-06-07,0.016357926255009314,0.004911538818070271,-0.00894369164530806
2021-06-08,0.012904870617034936,0.008561859853033926,-0.0057860559830552605
2021-06-09,0.008298579886704793,0.00820028325189992,-0.0016736468476074018
2021-06-10,0.009382071431436989,0.010288488310666866,-0.0012636764102845754
2021-06-11,0.005852190559009651,0.0082799158701925,-0.001641943128906198
2021-06-14,-0.0011337328971041671,0.004242333822962463,0.003069579087301433
2021-06-15,-0.005840862530103963,0.0015938403967954429,-0.0018493710358472581
2021-06-16,-0.005179343292101457,0.0016340618318733124,-0.0012907027902824275
2021-06-17,-0.00545383482058559,0.004297237668101417,0.0008961881085922663
2021-06-18,-0.004981219440371887,0.00489936135122937,-0.001013816771857745
2021-06-21,-0.0004709939654288231,0.0060788898173387285,0.004617535836492603
2021-06-22,-0.003247371582193237,0.004255777274566164,0.0017469645161238834
2021-06-23,-0.008438292088763455,0.0026451607342814487,-0.003771729806522184
2021-06-24,-0.014778368964103339,-0.0015983194641910892,-0.005725521880195372
2021-06-25,-0.01585644419631549,-0.004779662349203351,-0.009383054256483558
2021-06-28,-0.017474708888524537,-0.0029487800947730625,-0.006635785843704056
2021-06-29,-0.01812541012303548,-0.0025914158421646016,-0.003989791245785024
2021-06-30,-0.011473654489850604,-0.0023162763779475126,-0.005673485136904688
2021-07-01,-0.01202641229302892,-0.0013974378437208168,0.0004331112352196076
2021-07-02,-0.005489931924949287,0.002681795513528318,0.009916103740551963
2021-07-06,-0.004101838095323163,0.003420315299215382,0.004831151773738274
2021-07-07,-0.003870160950420476,0.0023303189142742653,-0.0008610479267173732
2021-07-08,-0.01005181680425593,-0.0047432899222723535,-0.0056835381961068965
2021-07-09,-0.00982128666902038,-0.004309494986513007,-0.004633075387418195
2021-07-12,-0.009234703359051966,0.005104888855535394,-0.0024015452128193226
2021-07-13,-0.007390950245191319,0.00949934233153038,-0.0012653030131601906
2021-07-14,-0.013851736884985533,0.0031981904715989717,-0.0066052994566946355
2021-07-15,-0.015531193830116696,0.0019357496252276896,-0.004952518028099595
2021-07-16,-0.01781495528778021,-0.0007327291424623628,-0.006743393554020982
2021-07-19,-0.019524481504828883,-0.006474428822666467,-0.0092907404605852
2021-07-20,-0.021915350144899648,-0.0026787700257270286,-0.009410442910261163
2021-07-21,-0.025074947796853486,-0.00045369239698489494,-0.010967923224692533
2021-07-22,-0.02231395022805649,-0.0055273660669098446,-0.013349473630303144
2021-07-23,-0.01644151290612106,-0.0035469564687187205,-0.009907815151730337
2021-07-26,-0.012647074763479038,-0.001302379738925774,-0.008330801283412681
2021-07-27,-0.013653151989036272,0.0005884733958845256,-0.009681859649175117
2021-07-28,-0.013513972381279382,0.0048694787014957885,-0.01216494355501796
2021-07-29,-0.019507897953926934,0.0007186708740229975,-0.015042496329619182
2021-07-30,-0.019863181031232857,-0.004089614967052624,-0.014132659510389223
2021-08-02,-0.02088899321206139,-0.005952504580427953,-0.011934848259503084
2021-08-03,-0.024401197141473485,-0.004086399479331537,-0.016343881616698086
2021-08-04,-0.015754697277828633,-0.004225604095560387,-0.01049514394429274
2021-08-05,-0.016329236459462715,-0.004107660866647489,-0.016360693946337324
2021-08-06,-0.0066297234444093744,-0.003924441994249572,-0.0075755942604063264
2021-08-09,-0.005956070188699036,-0.007550724918562679,-0.009997590196025863
2021-08-10,-0.008971070309656604,-0.008910887673840961,-0.015316486269051133
2021-08-11,-0.007701282135744059,-0.009271111543215249,-0.012929551676706175
2021-08-12,-0.0029077166371791474,-0.017833954412954656,-0.013890591381716666
2021-08-13,0.0006603093337285149,-0.02063508372636136,-0.0167032565017603
2021-08-16,0.004261329272176484,-0.01873829262429938,-0.016394448992518074
2021-08-17,0.0072229568742607775,-0.01782852433141624,-0.009177478493008873
2021-08-18,0.00891253484134702,-0.018113613250917093,-0.008776194884070998
2021-08-19,0.007796715025949474,-0.017936498934859824,-0.006311686077409728
2021-08-20,0.008761972640397353,-0.016950220177022413,-0.004443881185542287
2021-08-23,0.00917373929819676,-0.015794295504330202,-0.0035834292551008007
2021-08-24,0.011217998254735129,-0.01632610423648051,0.002606971303659167
2021-08-25,0.014213299094405718,-0.015496158321653408,0.008868750300471406
2021-08-26,0.006849350758273642,-0.02411381263289003,0.0013701888722359445
2021-08-27,0.011895179493244035,-0.02582798888669413,0.003744905698892298
2021-08-30,0.012105553520051604,-0.019379969569051636,0.01000807086770683
2021-08-31,0.010971388899223777,-0.022051168447262293,0.008491054276689392
2021-09-01,0.00957580778711331,-0.02046630929065918,0.007085439108736269
2021-09-02,0.0031181163609546036,-0.016735509279829364,0.006544797526350843
2021-09-03,0.00821528449639608,-0.01208634075709758,0.013021663005094997
2021-09-07,0.004868710268938203,-0.011827082345931772,0.012435178910470412
2021-09-08,0.006054228582933252,-0.009759797577087559,0.010773420626004615
2021-09-09,0.0096352027293376,-0.008662343856352006,0.007031015207122238
2021-09-10,0.008535036993461143,-0.006628602543530926,0.009008309817867932
2021-09-13,0.010737299601468298,-0.006161395803107816,0.00824592770792254
2021-09-14,0.010082511006069383,-0.004948668139278856,0.007987208216517105
2021-09-15,0.012854658331956204,-0.0009500861720933562,0.009424049040032134
2021-09-16,0.013915120911287548,0.0012994322173893735,0.009423507803952846
2021-09-17,0.01662697298802507,0.0032093913015849296,0.01025363671860191
2021-09-20,0.01662192873421775,-0.0011422534367256931,0.009968576685298602
2021-09-21,0.012729514091707639,-0.0011929766080581716,0.006187501968468068
2021-09-22,0.008608873214046575,0.0011264036338498595,0.006032196556143621
2021-09-23,0.00787691343490704,0.006293587815576096,0.005531908158574739
2021-09-24,0.0077427786671742105,0.008111703999566178,0.0030056578705015546
2021-09-27,0.016586976757854588,0.009717711951214403,0.006419894797471848
2021-09-28,0.017460595188994565,0.00947885245508373,0.007860417769810502
2021-09-29,0.015502594890252741,0.007380521548034036,0.005911808439444943
2021-09-30,0.01809438910148775,0.007764003633974337,0.008862035064676421
2021-10-01,0.021799071754384558,0.006411747903410703,0.009048733867220937
2021-10-04,0.02137205848387902,0.008415232939338324,0.01192989551464052
2021-10-05,0.014076825965919859,0.005712617593374825,0.013015021334312094
2021-10-06,0.010292015536587318,0.008480267575778244,0.012364703626522866
2021-10-07,0.01295505063516389,0.013017954114499242,0.0231392457442523
2021-10-08,0.00165723160412945,0.0022358833159930036,0.017543039266028515
2021-10-11,-0.002180073577806918,-0.0014137237971287853,0.01630680215350977
2021-10-12,-0.002627205167443525,0.005150668875371078,0.017703090171806934
2021-10-13,-0.001388192614150685,0.009346362955923393,0.015741248184881318
2021-10-14,-0.007930404187124651,0.009104190237939846,0.015464372316905672
2021-10-15,-0.01568708300925703,0.005218331631324347,0.013211136558989978
2021-10-18,-0.01203415689704812,0.013344409640722699,0.017229870235163425
2021-10-19,-0.01417733853624814,0.010022872953633133,0.013023501050979602
2021-10-20,-0.006095844505165315,0.01537548921582732,0.019317174149452
2021-10-21,-0.004112267730296604,0.013675868708228123,0.021327965404143612
2021-10-22,-0.0022639840142101297,0.016875860248904306,0.023703244988294125
2021-10-25,-0.0013843063711965753,0.02065127553755941,0.030222061583070392
2021-10-26,-0.004957939035524439,0.018475239347833794,0.02579151147067149
2021-10-27,-0.008410406839211904,0.020904423933155725,0.024209727428594174
2021-10-28,-0.007742888328517439,0.019837707675398164,0.023021099674065848
2021-10-29,-0.010571031353896476,0.018383913408698493,0.021946404579436196
2021-11-01,-0.01791780637664875,0.013099907639614994,0.016726699696006708
2021-11-02,-0.014318879159356257,0.0098863101783071,0.01850107390477418
2021-11-03,-0.012605748424752372,0.009519540637918267,0.019394443901648684
2021-11-04,-0.007441661482177175,0.007655979282773284,0.02603384238844919
2021-11-05,-0.00897712799263961,0.009939231229092682,0.022936784875397187
2021-11-08,-0.0009033535479721078,0.010394833062814746,0.019996383289741404
2021-11-09,0.0018007725095052773,0.008148539252952336,0.022591039286275816
2021-11-10,0.0017934750566217517,0.009889855061426367,0.020489232921544698
2021-11-11,0.0016599600776552315,0.010354690990119098,0.01831798499166748
2021-11-12,-5.332798179491505e-06,0.0048169529939783295,0.017519731571988384
2021-11-15,0.0012927795466908254,-0.0007000431622739001,0.014748167872492779
2021-11-16,-0.002645419754724432,0.0017356841344495777,0.016736575926849184
2021-11-17,-0.001076664683660189,0.001129892520691289,0.011064239080421201
2021-11-18,-0.008321878919106296,-0.001820365312191874,0.010304452688396637
2021-11-19,-0.008720943628231392,-0.004298646040163279,0.007260631418090746
2021-11-22,-0.011834936213124703,-0.006306057605332094,0.009249505311407669
2021-11-23,-0.017122138469490844,-0.01088307167291036,0.008846490468060075
2021-11-24,-0.014574146485864081,-0.0031956307450534682,0.01187723242785732
2021-11-26,-0.010978754094891463,-0.0021731640088827886,0.01335081352171974
2021-11-29,-0.01219170997544572,-0.004645178936431127,0.011581045174733351
2021-11-30,-0.01195338302335891,-0.004708944807539139,0.012640210086972026
2021-12-01,-0.008484356398188342,-0.005023298688188738,0.010049881975299657
2021-12-02,-0.008562911988292843,-0.0018735318844634863,0.013392946519107163
2021-12-03,-0.005276800304828244,-0.003989997910272547,0.014181547153433671
2021-12-06,-0.00894978226360188,-0.006200842491846048,0.01125090074445212
2021-12-07,-0.008656557451949154,-0.004828362322768287,0.017207281805960317
2021-12-08,-0.0070701944862007204,-0.006323132976020274,0.02150744262981985
2021-12-09,-0.004016029036355562,-0.004397716870927271,0.02481485361125313
2021-12-10,0.0010542902920476216,0.00021496439309443005,0.026839209957858268
2021-12-13,-0.00045774848569934967,-0.00018840871284919736,0.027553916802135037
2021-12-14,0.004876816556254715,-0.0030975790650734636,0.032270626567254324
2021-12-15,0.009917802052685332,-0.0046397423348013556,0.03610096425260334
2021-12-16,0.010893212673586783,-0.003914089542481292,0.0389722357019604
2021-12-17,0.015286113678015578,-0.00018556639854394597,0.0411427467232377
2021-12-20,0.019294958100354087,0.004650752998201613,0.04144910999439211
2021-12-21,0.016303864247516398,0.0032978695113201617,0.03918727090849661
2021-12-22,0.012250262396558798,-0.001994250961839361,0.03646001694761303
2021-12-23,0.013210081367206472,-0.0055168197211539205,0.03344306571939337
2021-12-27,0.014506933993911453,-0.005235196235010675,0.03497529085794637
2021-12-28,0.010199692276899652,-0.009293954547084149,0.03601890682358455
2021-12-29,0.012096054599325612,-0.007984132789215281,0.03349177978365092
2021-12-30,0.016325194683903144,-0.006438512711622879,0.03179296033619905
2021-12-31,0.015012051483497713,-0.011632158715111474,0.023812014188824726
2022-01-03,0.014208682762726355,-0.008873875049276059,0.0272288161408043
2022-01-04,0.013458284908691054,-0.004597519021029006,0.025084947377688627
2022-01-05,0.01145871479286309,-0.005053189417168813,0.02382761374430431
2022-01-06,0.013127700231660544,-0.004658743758172101,0.027825361288398964
2022-01-07,0.010604891635496161,0.0025532396059708695,0.023514681412793115
2022-01-10,0.002816214727979105,0.0005874672416488202,0.014716373796761495
2022-01-11,-0.004795236845645756,-0.001959245430004475,0.008555879620945062
2022-01-12,-0.0070362544164688234,-0.005843256388891049,0.0017452519030214386
2022-01-13,-0.009744951133382473,-0.004920965500117669,-0.001770319363350481
2022-01-14,-0.012573267423770185,-0.0014909791417228035,-0.0008442606635228334
2022-01-18,-0.015507603742873854,-0.007416084563871772,-0.0019532130895326683
2022-01-19,-0.017740101841974054,-0.0037988959717156767,0.0025878291185799096
2022-01-20,-0.018685622780820976,-0.008075152366808891,0.005039422222835821
2022-01-21,-0.013240790656118273,-0.005898576339447126,0.004795474231345631
2022-01-24,-0.0058833797121601306,-0.005614625145715646,0.004012001945087551
2022-01-25,-0.0032262825533002637,-0.0073511733601600016,-0.001247137819930355
2022-01-26,-0.009645098300304134,-0.009921049475952293,-0.0037697269238320397
2022-01-27,-0.005808074071838032,-0.006693940566805723,-0.007515570223854184
2022-01-28,-0.010445850951703362,-0.01068643824930049,-0.011137090327773103
2022-01-31,-0.013356657129218963,-0.009235773127542979,-0.009825008652646017
2022-02-01,-0.010302488299846813,-0.00396810010867521,-0.008770577050690509
2022-02-02,-0.007472807712617824,-0.0019899851982110306,-0.007681187909130527
2022-02-03,-0.0052610512919731844,0.0028067470422414864,-0.00382222023029688
2022-02-04,-0.0009281635791749121,0.0014759824338350658,0.0001883909132416317
2022-02-07,-0.006814889458264917,-0.0024870832648687946,-0.0022644061573156016
2022-02-08,-0.005901286107753867,-0.002461984393564598,-0.0029173420849772924
2022-02-09,0.0009187369209784357,-0.00029350009213668926,-0.004569303049044238
2022-02-10,0.006369532955516233,0.002599670546274746,-0.006033346652745242
2022-02-11,0.011158618535955789,0.0035842496889666453,-0.0034277397419987254
2022-02-14,0.01115327005258715,0.006182785465054019,-0.004170118692777169
2022-02-15,0.013841446180756334,0.011022800134233846,-0.0021712524552067736
2022-02-16,0.01789723529936671,0.013028308424256396,0.0037801738122247297
2022-02-17,0.014602213922682017,0.011837255097491228,0.001882368121674638
2022-02-18,0.014832048213818672,0.01508453539397725,0.0048328940635795625
2022-02-22,0.01484744640542246,0.01773691755628537,0.012146979330907914
2022-02-23,0.009837334370765616,0.01619406825811609,0.012113532795818394
2022-02-24,0.009765313132283238,0.0198035712204907,0.011173536832841835
2022-02-25,0.0128210524368777,0.01760350724447468,0.00679020964952981
2022-02-28,0.010972923856790384,0.015352840343524576,0.010158822502131626
2022-03-01,0.016732261733591658,0.018281609255882847,0.011794973208144155
2022-03-02,0.012505808054304346,0.015290692650092419,0.007383569241647292
2022-03-03,0.015485122344870872,0.020110557253831818,0.007082133047369821
2022-03-04,0.009327037501051905,0.01601856922299838,0.002380682613655649
2022-03-07,0.004975270258014808,0.013142130327484569,0.0017997021810873814
2022-03-08,0.005060499111680272,0.01563365078744483,0.005937953126980755
2022-03-09,0.013543466156980877,0.01985109879322211,0.013262867402033862
2022-03-10,0.009623863664023569,0.014309551264966691,0.00944509535354321
2022-03-11,0.012430701914751374,0.01621470115747714,0.013360856816409417
2022-03-14,0.010641319085510359,0.012201499341234268,0.010449728328554952
2022-03-15,0.010385654285851142,0.014471501546578613,0.010869630343339987
2022-03-16,0.01252576698413721,0.013841676704865025,0.011390947873735735
2022-03-17,0.012449122042618832,0.013556889759209767,0.014506104542725051
2022-03-18,0.008554354132730202,0.010684510007584969,0.014907743312854382
2022-03-21,0.01397131267855456,0.01052692038851566,0.0153200633629893
2022-03-22,0.013335532090380298,0.009149726107936296,0.016943084012688958
2022-03-23,0.01259802569896551,0.014025853538876198,0.021210086117851246
2022-03-24,0.01289440044870549,0.01684071592228298,0.019567490977087987
2022-03-25,0.012163521033562219,0.018750200369394898,0.016466450057848192
2022-03-28,0.01316704303770666,0.016259526547377945,0.017753218250630365
2022-03-29,0.014731252156644281,0.019907516245984747,0.01736298487223098
2022-03-30,0.01694318084190405,0.02315835933126298,0.020112130348374446
2022-03-31,0.022456594263683627,0.02141585117103828,0.021289483652294994
2022-04-01,0.01916092402307834,0.02428026998989452,0.021589078203911205
2022-04-04,0.01685747558908046,0.018672088901286132,0.021611134463055626
2022-04-05,0.018541099509987724,0.01822335931332364,0.02170740496765622
2022-04-06,0.012745374676215615,0.01692562153774735,0.015527230309882123
2022-04-07,0.005245627890752003,0.011916718817425842,0.01591713468827738
2022-04-08,0.01092793805786263,0.01463378190586373,0.024703208055302683
2022-04-11,0.012727103201498391,0.02625800761822772,0.03514991593582595
2022-04-12,0.01902063417740374,0.03642411286776248,0.04304654891068438
2022-04-13,0.017240953122680036,0.03927455734306684,0.04487720169452203
2022-04-14,0.02173390684182408,0.0460703214230751,0.049629744993924696
2022-04-18,0.021056284488967902,0.048076376538488175,0.04516383636613952
2022-04-19,0.018973162114100495,0.046082625907041264,0.0493620701064057
2022-04-20,0.014827581827800307,0.04403182183539456,0.0500135000908466
2022-04-21,0.012633707998352062,0.04135744140428255,0.04303313757022442
2022-04-22,0.012077215617770864,0.04004346014307725,0.04433090218136404
2022-04-25,0.01322023065714295,0.03638100772325559,0.046588905401481195
2022-04-26,0.011025002904996528,0.03331569267927592,0.04751810216634267
2022-04-27,0.009435494632093144,0.035839208847572745,0.04959633098989724
2022-04-28,0.010392103926205598,0.03652672514702471,0.05186662969289335
2022-04-29,0.007525986904356907,0.04174050175637323,0.04675450486986499
2022-05-02,0.0021603876989921833,0.037479766936943104,0.04056357425921586
2022-05-03,0.0032395106243479077,0.03829546367311276,0.04344159085311228
2022-05-04,0.010722888243824835,0.037347091211545225,0.0410999678243944
2022-05-05,0.012989623348859114,0.036904907137161214,0.04540193202336207
2022-05-06,0.016738732232780107,0.03490823134544496,0.04027209614337024
2022-05-09,0.0204251401237876,0.03967049911737974,0.03948400394054574
2022-05-10,0.021600302772761593,0.04270347030230348,0.041583511265546935
2022-05-11,0.01946758646443114,0.045276440058240164,0.04371765405768824
2022-05-12,0.015142785044954143,0.04545937249754939,0.03966552594979178
2022-05-13,0.01772665098509174,0.046025218308676896,0.03875803519275611
2022-05-16,0.014463991560042855,0.04949536845997571,0.04118814416200167
2022-05-17,0.0164608100928898,0.05078418992312095,0.042695898676962996
2022-05-18,0.022994245951441172,0.05132077186352313,0.04754143504656927
2022-05-19,0.02550139420288411,0.05524714434140088,0.049771676251800345
2022-05-20,0.02471874585809819,0.05150255475669052,0.04736186953209365
2022-05-23,0.027992400058115985,0.053514768691757864,0.05072999991554927
2022-05-24,0.023670986493555812,0.05057827874853826,0.04353942553415657
2022-05-25,0.0262377439817727,0.05017230388584637,0.042898730545655184
2022-05-26,0.031624680726601184,0.055070182971014736,0.04440525631978365
2022-05-27,0.031012544080135207,0.057072875724481165,0.04330849768196576
2022-05-31,0.03691176138388941,0.062416350140537924,0.055945078205164256
2022-06-01,0.04049723953870532,0.06616162098820322,0.0536095128083256
2022-06-02,0.03853925107197864,0.06186744592039406,0.055722647283538596
2022-06-03,0.03550864936558318,0.06425553406684048,0.061215269545561224
2022-06-06,0.032463174953039076,0.06526614557626287,0.06196741320839494
2022-06-07,0.03341393326758757,0.06410369014697537,0.061335284022433934
2022-06-08,0.03448737146186076,0.06115429454290133,0.06648278234601213
2022-06-09,0.032663176483648027,0.0664976497932872,0.06560733319853895
2022-06-10,0.02798187353547621,0.06133212987454395,0.06668041242122413
2022-06-13,0.022953118552648144,0.05819533124192078,0.0647362184996696
2022-06-14,0.0221121440812857,0.05816533925777456,0.06796503951529531
2022-06-15,0.02031995254135066,0.05757413732684635,0.06787593389299507
2022-06-16,0.01723251936083403,0.05574870435319945,0.06648058488771391
2022-06-17,0.011251005754576493,0.05413177144218628,0.06463048784329195
2022-06-21,0.010215769439716027,0.051338723828235455,0.06099562419707638
2022-06-22,0.011615614022625786,0.04971785641646198,0.06297951020448678
2022-06-23,0.008912926013550537,0.049680762655644806,0.06911659678563753
2022-06-24,0.009842415634043755,0.04741274742372115,0.06961757750158348
2022-06-27,0.009852805967488054,0.047774816805809195,0.07014287008301623
2022-06-28,0.0037208624138100888,0.04523332182583806,0.06693573597167712
2022-06-29,-0.0009246591869720433,0.04076369120797918,0.06158546482534977
2022-06-30,-0.00987661467605172,0.03439729282987014,0.057651038131006915
2022-07-01,-0.00880597074190037,0.03356273398449128,0.057043904067294315
2022-07-05,-0.004093849482680434,0.03763821345478746,0.05720465928029217
2022-07-06,-0.005359114561206746,0.041003377709489364,0.05987553318026406
2022-07-07,-0.0021659556401028013,0.04360916498256495,0.06378425518423692
2022-07-08,-0.001587955953176845,0.04904348805055947,0.07040949044332989
2022-07-11,-0.004220730348438395,0.05116144660555144,0.07251492261225545
2022-07-12,-0.006822829249636508,0.04777114031344798,0.06820139936785186
2022-07-13,-0.004170399949943171,0.04362364458508394,0.07014128950873899
2022-07-14,0.0019669793601291286,0.04048607462532727,0.08181555712076172
2022-07-15,-0.0034904666244797156,0.03659987854494595,0.08102698279412013
2022-07-18,-0.008784643147138338,0.025985062166554496,0.07769409704101737
2022-07-19,-0.00786234164242583,0.02584751033119237,0.07916570094302111
2022-07-20,-0.005643632700541912,0.02866559972148086,0.08234200850093654
2022-07-21,-0.004981014352296809,0.03081746031339838,0.08286353641186905
2022-07-22,-0.00479483341510889,0.031651055964828645,0.08202699708781247
2022-07-25,-0.008003903503538967,0.028853533162716438,0.07828817973455582
2022-07-26,-0.0023035191559220847,0.03136512722226237,0.08082294146914126
2022-07-27,0.0008533040640170686,0.03723338621894112,0.08588173572308277
2022-07-28,0.004776375888457363,0.04040897575609126,0.08671769501214777
2022-07-29,0.010311350364604621,0.04068051025820507,0.09387096770794301
2022-08-01,0.012721787469248014,0.03973166842738807,0.09281299215111982
2022-08-02,0.00825954764816439,0.039853008983833815,0.08851253961030281
2022-08-03,0.006930773752402031,0.04145604123870639,0.0911574537244686
2022-08-04,0.007123605340948469,0.037296263026712184,0.08451182366523735
2022-08-05,0.004231235123304478,0.03458603778364422,0.08601924148207951
2022-08-08,0.005843778666186017,0.03780237002356146,0.08385035469441271
2022-08-09,-0.0017054321272566009,0.02836427763459315,0.07710111102385331
2022-08-10,-0.0034139613114619882,0.022116073520209056,0.074191246314262
2022-08-11,-0.008418388522748788,0.015076917611783092,0.06936792848358775
2022-08-12,-0.013378383558382945,0.011252868025233953,0.07045519403522427
2022-08-15,-0.009433147062108738,0.008936415738128423,0.07012288415866941
2022-08-16,-0.0059328280664708855,0.005356599819333674,0.06675453094607531
2022-08-17,-0.011819833388301504,-0.002694296118869066,0.058762744515793885
2022-08-18,-0.015607043311143376,-0.010149690321903382,0.05603787553728479
2022-08-19,-0.013299522188369606,-0.00818459499180657,0.06019592329676615
2022-08-22,-0.007870807269080515,-0.001158968281309014,0.06418620075845682
2022-08-23,-0.005879445323176413,-0.005046686132011757,0.06220406020933322
2022-08-24,-0.009660392266656714,-0.002216777656447122,0.058507433343871984
2022-08-25,-0.016262338585299907,-0.005722064225309964,0.05325256553723179
2022-08-26,-0.02112866657874135,-0.012793566857565608,0.056520320907877286
2022-08-29,-0.022033692240873815,-0.012863148932749868,0.057193445659047715
2022-08-30,-0.02381741075070465,-0.0211626581847858,0.054025454690100894
2022-08-31,-0.02260619192707647,-0.023211351586684748,0.05235957011924408
2022-09-01,-0.027385905108916586,-0.02465426908738866,0.05120894444181401
2022-09-02,-0.03182242852459005,-0.03015104948373959,0.04673617846889133
2022-09-06,-0.030885905180506046,-0.028893295332120483,0.043900613638452546
2022-09-07,-0.03387097194686883,-0.029768263437495834,0.04206577340407369
2022-09-08,-0.028101194360942605,-0.033853828701106425,0.0405336547624191
2022-09-09,-0.028392612413062013,-0.03831612221788672,0.03373193384972595
2022-09-12,-0.02579745155735902,-0.03802727902033087,0.03296457033083078
2022-09-13,-0.027364199510296783,-0.03848893468267933,0.030102525106513456
2022-09-14,-0.028334602782796203,-0.040860037871611854,0.029422216479703556
2022-09-15,-0.025400061642125937,-0.03969291419703469,0.02646405538107044
2022-09-16,-0.025832139316626535,-0.044915350712868785,0.01725737837817687
2022-09-19,-0.023982756095897284,-0.04463781431916203,0.013853856061703196
2022-09-20,-0.024491853720410628,-0.0422600433888598,0.017319940281153023
2022-09-21,-0.027061932204357042,-0.039348098265262976,0.02237295500303027
2022-09-22,-0.02867495595924252,-0.042114491257552844,0.02293905295055154
2022-09-23,-0.02410173605575605,-0.03575557987788314,0.024922342006872267
2022-09-26,-0.017945916012987895,-0.03309204898407081,0.026403766270252094
2022-09-27,-0.015801900398753066,-0.03199511757050766,0.022859151062400773
2022-09-28,-0.015792241545995123,-0.027553070536585622,0.022642052502371612
2022-09-29,-0.008473967890698875,-0.019775999641789554,0.029139346457331516
2022-09-30,-0.0035398281314180657,-0.018021743728882433,0.02999722750071676
2022-10-03,-0.0030709872532613813,-0.023652523784121415,0.025623064399132867
2022-10-04,0.00048271910670827367,-0.024454826520394324,0.025328086198523225
2022-10-05,0.004309246136959155,-0.022591534137134217,0.03384577132658073
2022-10-06,0.002649633701655496,-0.02565028029199734,0.03418303810081724
2022-10-07,0.0008544852860818963,-0.02892964489526806,0.028103640736154345
2022-10-10,0.002507259373682791,-0.029281887368785675,0.034609180898238945
2022-10-11,0.002994193533695233,-0.031106272165520643,0.03832108252514543
2022-10-12,0.006036659703032798,-0.034583573764992215,0.03905070288567147
2022-10-13,0.005342619264579573,-0.032358196814044615,0.03636069570823208
2022-10-14,0.002859275792010507,-0.028412078214749337,0.037627807112190936
2022-10-17,0.008507650725762428,-0.029156722574827265,0.04226189775915756
2022-10-18,0.012050664410522494,-0.02763740790750191,0.03856978032740921
2022-10-19,0.01263537806789894,-0.02530366049011512,0.04498932983850645
2022-10-20,0.011527824104641038,-0.02359215917431079,0.04050142549486613
2022-10-21,0.016183060968043117,-0.018759215113197225,0.043785664114931455
2022-10-24,0.011863063241812855,-0.022063993016056216,0.03943432325972851
2022-10-25,0.007207167430662631,-0.0269536858653886,0.03523431151833978
2022-10-26,0.009343827820856188,-0.02759481927834817,0.03756073371834412
2022-10-27,0.0019707845839829208,-0.03558104882310675,0.0333483396373484
2022-10-28,-0.008113367997764187,-0.03994256433177923,0.028755096044609463
2022-10-31,-0.016657214592347258,-0.04228902569405846,0.023661500469960073
2022-11-01,-0.019305487684588618,-0.04909191674644742,0.024173859877656856
2022-11-02,-0.02120729859638215,-0.05189741296143113,0.018162594470045423
2022-11-03,-0.024370037950347756,-0.050428874242584354,0.021528036076150947
2022-11-04,-0.023357595950685317,-0.05393732821783581,0.017599640607593114
2022-11-07,-0.018224408267619507,-0.04499813664392216,0.018510358092375112
2022-11-08,-0.015468071849819909,-0.041023114896557744,0.019526764871920177
2022-11-09,-0.013777756957423226,-0.03634301556758368,0.022174643009301054
2022-11-10,-0.015308586072465435,-0.03647229096113058,0.021312607081078516
2022-11-11,-0.012044197738966367,-0.034908818993325985,0.02218178161065243
2022-11-14,-0.008345963616343544,-0.030770644537110203,0.0289732904936153
2022-11-15,-0.007138322512062145,-0.024557345339829895,0.033485826852168055
2022-11-16,-0.007343478633626166,-0.019474833078865994,0.03367757641671165
2022-11-17,-0.007807864051414204,-0.019878813533719453,0.03794771686618392
2022-11-18,-0.010797328878504264,-0.02647230690781488,0.03790410166898006
2022-11-21,-0.016445593454375462,-0.02918846882564885,0.03565185083903177
2022-11-22,-0.015380147445318681,-0.02771211058771239,0.03570517478748125
2022-11-23,-0.012469323881865613,-0.023201893978792132,0.040134974657443756
2022-11-25,-0.010741429866817365,-0.017276197772951307,0.04159622380946648
2022-11-28,-0.00887201975432872,-0.02260169945851298,0.035549496024929184
2022-11-29,-0.0049813286080758745,-0.021417627584243704,0.0362643634308184
2022-11-30,0.0010520574675074723,-0.01910720799589516,0.03713573184569219
2022-12-01,0.006271841663179956,-0.016185316237771752,0.03941609273918911
2022-12-02,0.014734275542498398,-0.006306053617369467,0.042087788702770634
2022-12-05,0.016622302852006943,-0.003878707626182587,0.044017255033232505
2022-12-06,0.015468012101501838,-0.00562310753255113,0.04267156766605318
2022-12-07,0.019215577567305075,0.0014960097603000655,0.047146305031506186
2022-12-08,0.01764288287209026,0.004413937596827955,0.04490181522212322
2022-12-09,0.018836080019679846,0.007807366211704636,0.04562767749313945
2022-12-12,0.021797565397679408,0.012229106509782817,0.042475663453728885
2022-12-13,0.01990860118415294,0.013007975023782592,0.04300942702423338
2022-12-14,0.015605120918518844,0.010008576864090735,0.03995885455398329
2022-12-15,0.0138520806944471,0.015178805356586667,0.037511918091360785
2022-12-16,0.008948354331783426,0.013608376004448974,0.03168888321744423
2022-12-19,0.008556056980756566,0.013325376067560235,0.031067442538395218
2022-12-20,0.015316023240987686,0.015931330659931353,0.03385252388181281
2022-12-21,0.016527895682500793,0.015990485310249936,0.03588014729489375
2022-12-22,0.017377253552108174,0.013613425844525073,0.04095096376689966
2022-12-23,0.014532421939642548,0.009102619098581899,0.04149245491064213
2022-12-27,0.008927254702890464,0.007415913842785171,0.0358675563308577
2022-12-28,0.016214316937387396,0.009183414608235685,0.04171505079945903
2022-12-29,0.01880606622327141,0.005506285291792201,0.04313460651941026
2022-12-30,0.020742102314849298,0.004795373585489093,0.04164308121799909
2023-01-03,0.021808561828917217,0.008366949168760573,0.04637601229597954
2023-01-04,0.01888751214825768,0.011973853751886976,0.046895232230865114
2023-01-05,0.017726530462304213,0.009429187978401865,0.04841420167923216
2023-01-06,0.02059682492843562,0.012176003583381778,0.05209167298643136
2023-01-09,0.012820129716176076,0.013469323890500595,0.04682840697309265
2023-01-10,0.014969283251139442,0.016899663117661223,0.04941432130562795
2023-01-11,0.01257928669231756,0.017438456354961218,0.05580754705781299
2023-01-12,0.009007981949131993,0.015218718104264894,0.056934516750686726
2023-01-13,0.010307230215655494,0.01801043924837642,0.06122702867304897
2023-01-17,0.014434971923273254,0.021666795178434395,0.0653524388775204
2023-01-18,0.015901439846619958,0.02262150348720482,0.06743094618989587
2023-01-19,0.022378757875371358,0.023952366095325583,0.07139151399011823
2023-01-20,0.02470341067394366,0.025401631691028603,0.0756199321434381
2023-01-23,0.01845690356311458,0.02289057463399291,0.07298360714673224
2023-01-24,0.020873623292971155,0.02068015873222362,0.07169277900061544
2023-01-25,0.02057106194773972,0.022336488006993616,0.06865171434263395
2023-01-26,0.023749250685180634,0.025675832710696733,0.06967820443766315
2023-01-27,0.02489052154533855,0.022932912346156575,0.07199029180122252
2023-01-30,0.02738392696442804,0.03477949205681341,0.07649365455179935
2023-01-31,0.026242567590520238,0.04033396423869595,0.08180955834156989
2023-02-01,0.024432489575300975,0.04678148998591869,0.08153875729418236
2023-02-02,0.025602264751504178,0.05454187188867543,0.08433697701115239
2023-02-03,0.016833312939836143,0.05130404511945641,0.0725327785095129
2023-02-06,0.011357094484814256,0.04639403293566158,0.06592904822323153
2023-02-07,0.01209719984454427,0.04892076642297205,0.0658082806378022
2023-02-08,0.014436677862698755,0.047184776950007334,0.06922780072976265
2023-02-09,0.014325057118848461,0.04767227896200876,0.07076613873886162
2023-02-10,0.012670023873328384,0.04472337057413078,0.06820325611417388
2023-02-13,0.015994647472629353,0.04749241134732274,0.06704324463609668
2023-02-14,0.01831398771643289,0.04929215209373394,0.06873670226456818
2023-02-15,0.01749478989107267,0.04828962819507221,0.0720338726682328
2023-02-16,0.017327726307717395,0.04782089248142696,0.07110150366081336
2023-02-17,0.014628181187216205,0.046616734460755316,0.06795065894790464
2023-02-21,0.008291339234268946,0.04203968869626973,0.06892952430579391
2023-02-22,0.00479217453165659,0.03901098814177084,0.06236843205668108
2023-02-23,0.0017222374513921057,0.039533761958756575,0.05783237888951365
2023-02-24,0.0035925583235525416,0.04203595814606431,0.06204323354934105
2023-02-27,-0.002260714716031842,0.036278767850030924,0.05693863049111969
2023-02-28,-0.002576885339938273,0.03137537780767463,0.05569280294986978
2023-03-01,-0.008842783463169357,0.03481001598017941,0.05539369956090212
2023-03-02,-0.010439782564483746,0.03462692053554539,0.052898331317831726
2023-03-03,-0.011461673254512639,0.033696114862053816,0.05593716593143938
2023-03-06,-0.016668482566434828,0.03050111922799492,0.05000329552005489
2023-03-07,-0.011350529370279805,0.02427917606563934,0.050560347944059725
2023-03-08,-0.006868244805501522,0.022215565839031504,0.05336720007344309
2023-03-09,-0.0064278627629826834,0.02630357162150654,0.053625540168147134
2023-03-10,-0.0136592524352378,0.013407799555636757,0.04053055789269666
2023-03-13,-0.01682623077915868,0.012186023949951386,0.04271424088313758
2023-03-14,-0.01188349144797951,0.013223255024958691,0.042549647950436364
2023-03-15,-0.02004511889813665,0.004597521249193326,0.03464425625709122
2023-03-16,-0.025677088136770387,0.002393139773715136,0.030591290908136948
2023-03-17,-0.028496093097166053,0.002769135740640749,0.0286010782041477
2023-03-20,-0.026391352956219305,0.006229114580772688,0.030010953757205083
2023-03-21,-0.027563699611905967,0.008741528556576394,0.029705522095893278
2023-03-22,-0.02385218465772232,0.008555507232672621,0.029055957361928453
2023-03-23,-0.016730579729321238,0.006216496715859776,0.030847492485906347
2023-03-24,-0.014387936384722466,0.007918248651718418,0.02964091125564683
2023-03-27,-0.01930941769170602,0.004460092863777021,0.028276784514453368
2023-03-28,-0.013853735978695436,0.007284157017020343,0.02977044726357958
2023-03-29,-0.011784160626751028,0.010203143921664104,0.029694319960794635
2023-03-30,-0.00893869727940444,0.009196726923131449,0.030775244723094897
2023-03-31,-0.010442711382467773,0.004923943976095746,0.024544180596432597
2023-04-03,-0.010500015954245434,0.0020575097711255097,0.021901384082637643
2023-04-04,-0.009743934214841432,-0.001319794886612602,0.020223703611693455
2023-04-05,-0.010682496839498956,-0.005447309028257963,0.022107586655975675
2023-04-06,-0.012327225532041575,-0.00797075265597047,0.021443420919001088
2023-04-10,-0.013476340705988687,-0.007960116774264114,0.02634536716064706
2023-04-11,-0.0041977982485812415,-0.0036200027418888947,0.030755659901054555
2023-04-12,-0.006897170706845812,-0.009620467591075932,0.02432866258963573
2023-04-13,-0.008145020500026745,-0.007514232169904211,0.021062886958050253
2023-04-14,-0.00042790592559349694,-0.004797121547807315,0.014897531180816603
2023-04-17,-0.001882224446846159,-0.009700830620483991,0.011217139486939809
2023-04-18,-0.004028226895812392,-0.015481739313203957,0.0026657947003614346
2023-04-19,-0.0050033676766294555,-0.01447665975869128,0.0037227582978307527
2023-04-20,-0.003421633236966648,-0.016714718228228675,0.007074853010008875
2023-04-21,-0.007269115387040448,-0.022913176196162288,0.006649453721180976
2023-04-24,-0.005225082294142092,-0.017180865274810664,0.012667484210022506
2023-04-25,-0.0034268477580112755,-0.016073837796860113,0.013867788715128837
2023-04-26,-0.00039085453095810685,-0.01617091398900594,0.014463437240587629
2023-04-27,0.005909134418444095,-0.010269034316500059,0.024559725308731073
2023-04-28,0.007253053402164422,-0.007181567317726234,0.02746807831380149
2023-05-01,0.0034038643677782865,-0.014358830107486287,0.023646027943758918
2023-05-02,0.004819162584311698,-0.016054422476567964,0.02179163511269766
2023-05-03,0.008737485796602718,-0.0132946940708778,0.028608040753259845
2023-05-04,0.0088307469209008,-0.017651060371082772,0.025909595905437177
2023-05-05,0.010923544674295904,-0.0112275837858965,0.02231050326376338
2023-05-08,0.014727731547617529,-0.004664531177210218,0.02319603431557149
2023-05-09,0.01383938870963819,-0.006252453875333686,0.023418629250064882
2023-05-10,0.011145274000791572,-0.006852820563314377,0.021381846817380534
2023-05-11,0.018909650869469496,-0.005144103941022493,0.021630824836345486
2023-05-12,0.013868942282636354,-0.006339210267432116,0.015455481811272875
2023-05-15,0.014881437405482867,-0.0058875503860919,0.014636246681743126
2023-05-16,0.0209632718436481,-0.007124430902637369,0.014433058499207618
2023-05-17,0.020890238509544412,-0.012196335592888574,0.009017304520494207
2023-05-18,0.018342153982070064,-0.013493945807023122,0.00558052562049105
2023-05-19,0.023105879250061356,-0.00849890490561167,0.007184749119634404
2023-05-22,0.02591130619748072,-0.00583851048626105,0.007051830244281909
2023-05-23,0.022678448763007397,0.000314267558710668,0.010651182142087157
2023-05-24,0.016496173635528022,-0.0015623676639068274,0.0025295203962401036
2023-05-25,0.015146824232139755,-0.004844183062103435,0.0060159467271221345
2023-05-26,0.006139902433538236,-0.0019358444277058906,0.004494746080756062
2023-05-30,0.005762648738759646,0.0011194666483205218,0.001710249130107755
2023-05-31,0.0113305839769835,0.005702267317459597,0.004104694138051812
2023-06-01,0.0077258029167848186,0.0020080937629587403,-0.006968737114764756
2023-06-02,0.0055278433282253125,0.0036633192947221893,-0.0059617790939633375
2023-06-05,0.00674150899544812,0.005735539142738499,-0.005501454462439881
2023-06-06,0.007968906626750316,0.008094254720232508,-0.004878229806055678
2023-06-07,-0.00030585846024333563,0.0019124168011317444,-0.009278872151044726
2023-06-08,0.002821698914748705,0.002998740754111884,-0.006877713327864021
2023-06-09,0.00647179621152838,0.013417146212367559,-0.006278809830751686
2023-06-12,0.006752642718965918,0.0187149350777136,-0.00400289638541651
2023-06-13,0.007920621077592838,0.013576022320827663,-0.004361315843238067
2023-06-14,0.004810632392755032,0.01932729601071359,-0.003358736400956075
2023-06-15,0.001806668128479183,0.020882659775964596,-0.005719863266145708
2023-06-16,0.004791690050453878,0.0216499453531509,-0.006338942824691163
2023-06-20,0.006585792475398922,0.01992004832406047,-0.004944247244932587
2023-06-21,0.0022282456208229107,0.021877116959732046,-0.0018017303498226722
2023-06-22,0.0040131090142701,0.02254100481590915,0.0008685962038017525
2023-06-23,0.0017804952689108866,0.019146229630188305,0.000825439777924597
2023-06-26,0.005982312252504451,0.019072954863343705,-0.000382551332227421
2023-06-27,0.009580159786015674,0.024471517113341612,0.00575468461220674
2023-06-28,0.014994609316119956,0.02726114230417842,0.009609268136407056
2023-06-29,0.00558619552402817,0.01871663620612596,0.003571845680022223
2023-06-30,0.0024436466915875865,0.01725276283937105,0.0074899560955763445
2023-07-03,0.0068762282277259335,0.019544943690111394,0.009833306945847164
2023-07-05,0.0030208168603387264,0.017377684288271356,0.0058989450025723755
2023-07-06,0.004555453668551701,0.020258452032863694,0.0031356238399120606
2023-07-07,0.010396299231405504,0.02957311580134614,0.010884801347168072
2023-07-10,0.01082961393372428,0.025403116954448635,0.0036240603736534815
2023-07-11,0.007322738347757429,0.024145167302748183,0.0019857705941754844
2023-07-12,0.00143731635485711,0.0191519414859187,-0.000632457194791769
2023-07-13,-0.0036300010733157917,0.02206636496285186,-0.0008010027962287447
2023-07-14,0.0010296750771725538,0.022951638354766102,0.0008377622492936609
2023-07-17,0.0014647487282875016,0.02125735644563398,-0.0038582975460310642
2023-07-18,0.0015633207784551129,0.024406790354676966,-0.0006773822243519856
2023-07-19,-0.0006510632885025069,0.02511417908750868,0.0018147056282671326
2023-07-20,0.0027581967827574605,0.027876030225229886,0.0057075285125069986
2023-07-21,0.0025193555052391847,0.02796892132780604,0.006392797256327132
2023-07-24,-0.0009582144911585155,0.029041411968934616,0.004915045676528118
2023-07-25,-0.0018895049133897945,0.022563526398257983,0.003747175690340665
2023-07-26,-0.004729469537897213,0.01774092356859014,0.002917039601776361
2023-07-27,-0.0031798509735262437,0.021613152491837928,0.004871274830020811
2023-07-28,-0.007803188476324996,0.013257753729058352,0.0008770442802275014
2023-07-31,-0.0003559979779407252,0.011020985941797345,-0.001554375474676517
2023-08-01,-0.0024571036264458,0.011310902241898901,-0.005242840726125131
2023-08-02,-0.0034887633751513603,0.01111526378359251,-0.006331008238405045
2023-08-03,-0.0006666244583545256,0.007893024454872721,-0.003006328570887118
2023-08-04,0.0016095450120392485,0.012955450707975436,-0.002165549042278836
2023-08-07,-0.004809020216867244,0.013550315719307315,-0.00109238770151876
2023-08-08,0.0015583305575515016,0.012095168030019421,0.0009527718900363968
2023-08-09,0.0017361812275922262,0.0119189295084412,-0.0021060717695137177
2023-08-10,0.003260371624527636,0.011204603183676998,0.004338683842315172
2023-08-11,0.010125807547336052,0.013255308156200796,0.012774266112700827
2023-08-14,0.0003834686796082565,0.009345355786184006,0.00972178244902211
2023-08-15,0.0021474721007648245,0.008443390927243888,0.0118173698330577
2023-08-16,0.00549423348625333,0.008885577818835921,0.01438194361708911
2023-08-17,0.007699272540278468,0.011868635403306182,0.01555305173005106
2023-08-18,0.008301869582604038,0.017741747135307406,0.026186130338446745
2023-08-21,0.009479520035532873,0.014277793100050395,0.03204001109350263
2023-08-22,0.01305442132619028,0.016145300110578464,0.031755485046161214
2023-08-23,0.0156789910223345,0.015564855213942463,0.027572745682912903
2023-08-24,0.01741149114933882,0.01865736193405132,0.026414066141139836
2023-08-25,0.012567679368062024,0.01901757887388711,0.02742550825275103
2023-08-28,0.01601788004403848,0.023205612253299313,0.033719672023065916
2023-08-29,0.023606081469298212,0.02895770786563978,0.04407492423798076
2023-08-30,0.027002448387146716,0.02698246165833562,0.0446352088200348
2023-08-31,0.0248451379096033,0.028292179237143777,0.043203234839032545
2023-09-01,0.02704655189375682,0.029462348867301147,0.047642111136404486
2023-09-05,0.026493661471578278,0.03282952000494466,0.053111140879340546
2023-09-06,0.026484321209559125,0.03216825539254953,0.059065023370366454
2023-09-07,0.027719490629976695,0.04046816654822605,0.061483553247769995
2023-09-08,0.0272263632250187,0.03654498398112138,0.06100005383976126
2023-09-11,0.025476534417955943,0.030298708780056582,0.059704721224856705
2023-09-12,0.020587655800299975,0.027179682275759065,0.06382982191388664
2023-09-13,0.023093731407624718,0.024539913893423915,0.0603955283639368
2023-09-14,0.023917823576366626,0.027619661606637758,0.06516523312694611
2023-09-15,0.019186050994812298,0.02638776589868974,0.06399170977623969
2023-09-18,0.01757796858211691,0.024744970207658312,0.06033703748026498
2023-09-19,0.00518229907107437,0.016322698863329377,0.05885666669895451
2023-09-20,-0.0014480412115417396,0.010557307161416674,0.055868204237112584
2023-09-21,-0.0005093365791818405,0.011568206650809376,0.057120822793517156
2023-09-22,-0.0016799346880698174,0.012056810223213033,0.05438005206966112
2023-09-25,0.0022300199658209507,0.014857791985947388,0.05907182802821698
2023-09-26,0.0008644968997424396,0.010220443147157754,0.0537099536003538
2023-09-27,0.004206541492209004,0.012330272185993696,0.05703756406197269
2023-09-28,8.11421067488105e-05,0.023324707759697194,0.060924262198824186
2023-09-29,-0.003758138822888113,0.020628862655186042,0.057408169918068186
2023-10-02,0.006729878617912188,0.028142716815658497,0.05919948843818257
2023-10-03,0.006688146502253245,0.03322635627748993,0.058395432985461015
2023-10-04,0.004739452052992643,0.03301869718017292,0.06136173900960884
2023-10-05,0.0027214703792104444,0.024328049809025254,0.061434862572436355
2023-10-06,-0.001681601476707817,0.02759010957409025,0.05515165275359091
2023-10-09,0.000368037068319893,0.02938852810868431,0.05858567690345162
2023-10-10,-0.0007482081991463385,0.02805019747613069,0.058007789375181584
2023-10-11,9.322752252205468e-05,0.031018040285566872,0.06126812567647755
2023-10-12,0.006094591729545629,0.029723785460967322,0.06367336227785558
2023-10-13,0.004225000983498761,0.030452002427471925,0.06324709638338888
2023-10-16,0.011529280672675446,0.03660073905640715,0.07053928502399254
2023-10-17,0.016268283808389183,0.042094281544086565,0.07451456784653332
2023-10-18,0.029269630100797972,0.04319275741480588,0.08065517289700153
2023-10-19,0.03691648355996202,0.04523022286143252,0.08181060883747415
2023-10-20,0.03821865329688068,0.051236291074683527,0.08382798071586128
2023-10-23,0.03528275717131346,0.04974846979339098,0.07914133590871009
2023-10-24,0.030696280555001287,0.05098073285312288,0.07419758891611283
2023-10-25,0.03202542304359479,0.045898983105873814,0.07470615356356047
2023-10-26,0.02735323866778261,0.04820008656810959,0.078180338611753
2023-10-27,0.025650692829144006,0.04994747468084526,0.07806445590768396
2023-10-30,0.02456922426383157,0.04828065627396505,0.08125694386689397
2023-10-31,0.011000017374044324,0.04309140364961639,0.07960997422855498
2023-11-01,0.002979749371634588,0.03699639902618057,0.07953116844373587
2023-11-02,-0.0022350915574886887,0.029053497886730728,0.07983626404418387
2023-11-03,-0.0010404603602933715,0.0282069450631941,0.08330444245482149
2023-11-06,0.0002072152293446372,0.026203877034457035,0.08173214978774879
2023-11-07,-0.000930399871392873,0.026648337583467185,0.08289458305396025
2023-11-08,-0.0026969775707483823,0.021945646564068166,0.07474088272626545
2023-11-09,-0.0035310370909883426,0.017078733824644088,0.07413555449459941
2023-11-10,-0.006201510360236306,0.022945675109903307,0.07184459523100095
2023-11-13,-0.0019525116117339314,0.02623621927770503,0.07766867779315856
2023-11-14,-0.010063102015879455,0.02056211353058468,0.07268598105442692
2023-11-15,-0.009913853388423544,0.023879980600763684,0.07281566849346777
2023-11-16,-0.012904989264752253,0.021252064627796496,0.07437859036998251
2023-11-17,-0.013628074419354208,0.021304273278003327,0.07496157067883957
2023-11-20,-0.017117068287220927,0.019927642526583966,0.07365900672039505
2023-11-21,-0.014162247092537661,0.018906250623043963,0.07547047811310814
2023-11-22,-0.012002878591409583,0.020595843223440324,0.07904973899777712
2023-11-24,-0.009101309505439414,0.023516702998066297,0.08155946426383465
2023-11-27,-0.015157066244652295,0.016037678759748708,0.07524587688727702
2023-11-28,-0.01340000085459725,0.011989080932311547,0.07516722461551995
2023-11-29,-0.01068662896007111,0.009810708322089301,0.07927732181684743
2023-11-30,-0.003257773848072576,0.014488149765084612,0.08148005663356672
2023-12-01,0.004409979441386325,0.014140527424139737,0.08315234019495699
2023-12-04,0.008055506504627497,0.010569362450260522,0.0817503253335381
2023-12-05,0.008087466115047626,0.00977921676315674,0.07620847816696963
2023-12-06,0.0064687555447398015,0.004984481145667852,0.07092831583107628
2023-12-07,0.004447616531948251,0.003882408610174082,0.07114243869967085
2023-12-08,0.0072006025878237345,0.00373264183519173,0.062071350294076844
2023-12-11,0.0045615045468689885,0.001107682702983226,0.06032798624309388
2023-12-12,0.00513330825334779,0.004987851085771267,0.05742888877394048
2023-12-13,-0.0010121138460413848,0.0012498344935811811,0.053611782666480146
2023-12-14,0.0026470717417126366,0.004000804036889294,0.05453121637946734
2023-12-15,-0.0033347944357756676,0.002837701724676567,0.05280883952666393
2023-12-18,-0.007776117413774597,0.008086483019674073,0.05145919863796755
2023-12-19,-0.011316167202998328,0.011211298990969398,0.05337118718244205
2023-12-20,-0.00981125939807026,0.01043551962954492,0.05410606811780916
2023-12-21,-0.007435684511202689,0.013031812478819349,0.05137079933917299
2023-12-22,-0.010093606845381964,0.008046386465618616,0.05079087322887155
2023-12-26,-0.013617061710101463,0.008707388481931755,0.04860984317374206
2023-12-27,-0.014905078336097666,-0.0032991061001034216,0.04404672532458709
2023-12-28,-0.01762866706858457,-0.00593159845684188,0.04686780404277435
2023-12-29,-0.012844873748996677,0.0006002117653329808,0.04841481085293342
2024-01-02,-0.013372543162496031,-0.005769189478486814,0.047321912650469145
2024-01-03,-0.014291669196106804,-0.006994599110847988,0.04597653299361659
2024-01-04,-0.012415449792768762,-0.0066850791721365654,0.04551865035156988
2024-01-05,-0.008512144371961794,-0.001533466808452233,0.04726736121898534
2024-01-08,-0.012995722458380987,-0.006405187742740237,0.03860005318478654
2024-01-09,-0.016376952656289467,-0.012921407579472244,0.0323375146369127
2024-01-10,-0.014816809732244862,-0.010399046193402928,0.03309048712125895
2024-01-11,-0.014481762014809885,-0.013482091129685903,0.02956078172280585
2024-01-12,-0.011975506842409334,-0.013062369720522993,0.03178650364643221
2024-01-16,-0.010165570475685448,-0.013098102749233287,0.033590651900657686
2024-01-17,-0.019006616128340093,-0.026307824221324716,0.02393422061680761
2024-01-18,-0.017728758631977426,-0.030710049838101217,0.019428425031962515
2024-01-19,-0.02428761960305681,-0.04436851799777353,0.009863474303379638
2024-01-22,-0.021051995052330796,-0.04532013964217607,0.008623872726541082
2024-01-23,-0.024254844693820665,-0.0503661633346878,0.003743013276722218
2024-01-24,-0.027750543701334562,-0.04864673725768953,0.003670046763503132
2024-01-25,-0.021033419545238297,-0.04254653624379212,0.007655721988154118
2024-01-26,-0.016388017412402145,-0.038612177489392496,0.010635364123043445
2024-01-29,-0.008991169958782241,-0.038559134689038266,0.010657173208966864
2024-01-30,-0.012967829943902442,-0.043360962538941505,0.008197635419821436
2024-01-31,-0.014800879215456475,-0.037848858288379916,0.005366467939269093
2024-02-01,-0.015537597713677798,-0.03186663171840376,0.004683569612347505
2024-02-02,-0.018290545406794534,-0.028053366854381312,0.002355023070535367
2024-02-05,-0.017450681518342503,-0.021832808270874193,0.0016296498835213225
2024-02-06,-0.023073308624984135,-0.02355544142327526,0.006166325553147223
2024-02-07,-0.014056539750183283,-0.02057464456646263,0.012501851064066205
2024-02-08,-0.010307984530882441,-0.022186440831211907,0.009484262640303776
2024-02-09,-0.007038294622209729,-0.01470683569998521,0.011220625483277846
2024-02-12,-0.008916846616894625,-0.01881411625925955,0.0059697717098339265
2024-02-13,-0.015887529611153584,-0.022681519866149635,0.0026898605466907366
2024-02-14,-0.012642726985517383,-0.023668936258813278,0.004457306947955653
2024-02-15,-0.003940955526709811,-0.020286141276063763,0.001556448888816453
2024-02-16,0.0004510686338079495,-0.020562837108436982,0.002352314087120444
2024-02-20,0.010150961754469723,-0.022047472503825216,0.002739366507455543
2024-02-21,0.00798803421991634,-0.024398555154590107,0.0020230204401436858
2024-02-22,0.012314824609153341,-0.021929896440927132,0.007748349013445122
2024-02-23,0.013528577599376979,-0.021924534399273887,0.012396693226101707
2024-02-26,0.004725801232662752,-0.02633501892804202,0.010677076728418777
2024-02-27,-0.0008759859141319604,-0.03063181984763863,0.006135461453082858
2024-02-28,-0.0011803647326161792,-0.024914550831706572,0.011751510654048891
2024-02-29,0.003803804390762666,-0.02667960058389951,0.014647251640148573
2024-03-01,-0.0005989844413712975,-0.02803817648121376,0.013728450243048584
2024-03-04,-0.00406457430776852,-0.03265027509788887,0.011156209554338936
2024-03-05,-0.004367150489407279,-0.03654681281721539,0.009548705234891486
2024-03-06,-0.009230157058646271,-0.03860596101470504,0.009206390018457578
2024-03-07,-0.006876238677813951,-0.03804944974325419,0.010719891563379935
2024-03-08,-0.010769682995598884,-0.0373498933771943,0.008524319010918768
2024-03-11,-0.009581962177696246,-0.03584400949475297,0.006279650108786061
2024-03-12,-0.010236557068547647,-0.03176472284787568,0.014729656371526678
2024-03-13,-0.0047878097180221735,-0.027945876871075193,0.018287317260521352
2024-03-14,-0.0024623735430849836,-0.030067008067480194,0.012249926911837017
2024-03-15,-0.006021387964046165,-0.028564601157245018,0.018831682012632855
2024-03-18,-0.00472538198852801,-0.027489967324017317,0.023093781278821224
2024-03-19,-0.005382461467744126,-0.022575108809246514,0.026199878657980902
2024-03-20,-0.010044223177465783,-0.024282955647457305,0.01957560826468674
2024-03-21,-0.011773037673676434,-0.02484938025814165,0.018294118879989885
2024-03-22,-0.017079233214091327,-0.02910891960228834,0.014740559135713704
2024-03-25,-0.02093310872874865,-0.03522493143146532,0.008069673210536088
2024-03-26,-0.018336065310519345,-0.034442243228179015,0.006628543285521538
2024-03-27,-0.016954100873734945,-0.03391129626149114,0.008551889036123361
2024-03-28,-0.019137330292561705,-0.029103799206869452,0.006330728034096511
2024-04-01,-0.019621997975713734,-0.028654566230449596,0.00659977880266549
2024-04-02,-0.01972387948961407,-0.034811307457131346,0.0026965937700629272
2024-04-03,-0.016115739302240972,-0.03533987187805576,0.00535935729117365
2024-04-04,-0.012709730509655515,-0.035000590855038705,0.007294218621125559
2024-04-05,-0.01272191815503454,-0.038904301907702554,0.006171417019395609
2024-04-08,-0.015156391585003592,-0.04449575892026314,0.006149210869266675
2024-04-09,-0.015426762589935361,-0.03972094798667791,0.005359345163941098
2024-04-10,-0.015046038321576138,-0.034539435519867046,0.004678517938758064
2024-04-11,-0.0217439541311375,-0.03857270094087539,-0.003150003562979453
2024-04-12,-0.021888102024121503,-0.03525103172854849,0.0029162249787946237
2024-04-15,-0.01821546941935992,-0.036192712049236686,0.0019724051034524237
2024-04-16,-0.016070389653129458,-0.034359661625581794,0.002887801524715794
2024-04-17,-0.01696938373826895,-0.02547035233903383,0.007629094418931226
2024-04-18,-0.018196325991074458,-0.02304036927483133,0.011601772602164662
2024-04-19,-0.017611029087385655,-0.017606333217338288,0.006656505190290041
2024-04-22,-0.019151770108961852,-0.022956526376413544,0.002221217440279366
2024-04-23,-0.02238775767027179,-0.027251120844455357,-0.0007132760996420018
2024-04-24,-0.015914310221308958,-0.023479691675036718,-0.0027624118286229127
2024-04-25,-0.018204204647728428,-0.03165177985138401,-0.008297916659783966
2024-04-26,-0.017887293455537856,-0.03538386234923718,-0.009101077234517585
2024-04-29,-0.02030198516358095,-0.04018506021819257,-0.01989137707365418
2024-04-30,-0.023395442030277103,-0.03891645403157806,-0.024028838920284623
2024-05-01,-0.021172291269023535,-0.041053309444239794,-0.021862238839684522
2024-05-02,-0.021941855884705208,-0.041615309612844986,-0.021416048005908128
2024-05-03,-0.020247490839932825,-0.03692422638474824,-0.02164928729983706
2024-05-06,-0.019740695394520835,-0.041144314132603554,-0.0223247094998813
2024-05-07,-0.015925634542067746,-0.03750482197445193,-0.020573166528454423
2024-05-08,-0.01425899045624246,-0.039918128839264266,-0.023359759425625626
2024-05-09,-0.012452326041233697,-0.036631275337368874,-0.02137562959598438
2024-05-10,-0.010863388853241118,-0.04227631810483068,-0.02484751434777388
2024-05-13,-0.012887650041543686,-0.03911632647608032,-0.028381966148330773
2024-05-14,-0.014050939162104092,-0.034394015951956014,-0.025619869987256294
2024-05-15,-0.011607157169757687,-0.033346869179897265,-0.02328775691978202
2024-05-16,-0.017624573358523965,-0.0388582045334962,-0.03045477851650591
2024-05-17,-0.01541343994551736,-0.03853236576443331,-0.024371600530224136
2024-05-20,-0.00892310115884798,-0.03615627210302019,-0.02029587652734144
2024-05-21,-0.004345789052092597,-0.034911709497281396,-0.024670079916664145
2024-05-22,0.0007270810807002981,-0.03838596176076403,-0.025243916963906154
2024-05-23,-0.0017508965769132967,-0.03820124680771497,-0.02658403577782742
2024-05-24,0.000883950034977099,-0.035354531154067836,-0.023529331269901088
2024-05-28,0.0024257158526090894,-0.03219619519179939,-0.02151832791073649
2024-05-29,0.005377977787869748,-0.03388282615199534,-0.020633588880812015
2024-05-30,0.009900643331226533,-0.03307908664716663,-0.020013415010862068
2024-05-31,0.010471805947257717,-0.030430648830793827,-0.022692830965185595
2024-06-03,0.010205255652295797,-0.027883509121213845,-0.019008297157733778
2024-06-04,0.0057727139541894346,-0.02711593430381587,-0.021411034969957776
2024-06-05,0.015333343608815886,-0.017372040029184244,-0.013980934730988492
2024-06-06,0.0117051322224615,-0.019496512648725206,-0.01694273747425934
2024-06-07,0.011668238636728168,-0.018141358136404384,-0.011661796435230132
2024-06-10,0.008547147838023017,-0.018997289557471486,-0.015788331421361157
2024-06-11,0.014590882088662216,-0.018252571207038937,-0.016981077549332535
2024-06-12,0.016490993550263067,-0.018571507137774335,-0.018983473523460748
2024-06-13,0.016384890488133186,-0.016150061589935594,-0.017437265369158794
2024-06-14,0.01580596637101328,-0.012119570976481087,-0.012599894981313198
2024-06-17,0.02078158562643928,-0.014225995285220727,-0.012090915334642238
2024-06-18,0.01984978735755072,-0.014141090078405028,-0.009750552684929303
2024-06-20,0.009727232929116925,-0.01690632740257436,-0.0172383307233388
2024-06-21,0.01314837466844554,-0.010573815318039803,-0.014043031000555706
2024-06-24,0.012491010423132387,-0.009456710943640756,-0.01701306231124
2024-06-25,0.01541976898919839,-0.002489537244465212,-0.01333094606164087
2024-06-26,0.013095159468111017,-0.004468208970322074,-0.01662514757541178
2024-06-27,0.008498653635090614,-0.007138084804090172,-0.022566520009872026
2024-06-28,0.00859988674032719,-0.00656258800059728,-0.02680384480303577
2024-07-01,0.005947114452740987,-0.007860946815494763,-0.019661684139871127
2024-07-02,0.003801072008823958,-0.007162641497562183,-0.021369443362959428
2024-07-03,0.007730040804408311,-0.00432293700361186,-0.018176434183888257
2024-07-05,0.003890383459953295,-0.010758043550866736,-0.020562649508323094
2024-07-08,0.002656129220476977,-0.00206642391270484,-0.015845212218201787
2024-07-09,0.004122758322622433,-0.00030232429630416835,-0.02304653056695427
2024-07-10,0.003721748848736217,0.0009543583837201552,-0.018611508347546213
2024-07-11,0.0032598794116747154,-0.0007648080282278702,-0.019757975926000593
2024-07-12,0.002710627523184961,0.006289288526641013,-0.015731185067605402
2024-07-15,-0.0044922412526279265,-0.0011166602492559408,-0.01983242709152111
2024-07-16,-0.0049561102254026546,-0.002862808307775744,-0.02331262523334887
2024-07-17,-0.009306874405863974,-0.005328897869468996,-0.02322024065737205
2024-07-18,-0.008911718766299481,-0.0061458434194798794,-0.022423149466826775
2024-07-19,-0.009054735028807603,-0.004961740744531262,-0.018077705484670914
2024-07-22,-0.00206666304996439,-0.0013508108522095608,-0.021966975493777463
2024-07-23,-0.006385028502728041,0.0023045771318086494,-0.022800307774407447
2024-07-24,-0.010414032903850012,0.0026753923574815985,-0.02631692339058278
2024-07-25,-0.014037607581586675,-0.0005872328638130142,-0.025339793805234656
2024-07-26,-0.008072280459885728,0.005805467776969886,-0.019928004533879218
2024-07-29,-0.00611911938807197,0.004758891749744976,-0.025448624026188194
2024-07-30,-0.005293372472454427,0.008656507193817387,-0.024342091996688797
2024-07-31,-0.0071970598847928,0.008595097131659957,-0.02637062761864184
2024-08-01,-0.009723169344723281,0.004450348068528953,-0.0284977522951243
2024-08-02,-0.012790598203937797,0.004993173112265881,-0.027341168413241412
2024-08-05,-0.011713945523192826,-0.002141846107476697,-0.03139002617620679
2024-08-06,-0.014410860617763643,0.003359508851957571,-0.031586434914505634
2024-08-07,-0.01494337069280216,0.0006955341191843267,-0.032995162597434624
2024-08-08,-0.01096145924350378,0.004302781759983443,-0.03087916890589215
2024-08-09,-0.012775095085872934,-0.0010913970089809766,-0.03395788517553722
2024-08-12,-0.016487249677859084,0.0005679039937029895,-0.03510498709026433
2024-08-13,-0.009835979136235462,0.001971400826916714,-0.0392021886186138
2024-08-14,-0.003973475776921753,0.00732900984837026,-0.02756636669997814
2024-08-15,-0.006806525891539961,-0.0004977730398370017,-0.03194758293738864
2024-08-16,-0.007636070336684342,0.003959371936131273,-0.03518889255146551
2024-08-19,-0.00946903649478903,0.0010457644377441788,-0.034806848652714883
2024-08-20,-0.00799861360362486,-0.0004192597803606146,-0.037778124270224644
2024-08-21,-0.008305251786961176,-0.0016813324123934326,-0.04001638121256046
2024-08-22,-0.004076366289678779,-0.00213740682405128,-0.04278194011567216
2024-08-23,-0.007269672624215628,-0.006112442174520116,-0.04736166236739536
2024-08-26,-0.01125348577894214,-0.006391649886875794,-0.047540962891910676
2024-08-27,-0.009955706339415227,-0.00765134857351224,-0.04712638145422687
2024-08-28,-0.01180818815503104,-0.008585702696399355,-0.05106280628754778
2024-08-29,-0.01330635912111311,-0.01458190453391428,-0.06148084923193886
2024-08-30,-0.006513063211702752,-0.012433307307310293,-0.06020205339235862
2024-09-03,-0.0038873374404051475,-0.009026710243486558,-0.05461055270240378
2024-09-04,0.0006888214214781918,-0.00718573280960777,-0.05624806262619142
2024-09-05,-0.002420552338235793,-0.014185015249189248,-0.058864651944180446
2024-09-06,-0.004292903129592629,-0.015128407088184082,-0.061989005175286827
2024-09-09,-0.013286634227655969,-0.020470406997963875,-0.06954720056657215
2024-09-10,-0.01305450873441416,-0.022486609553402426,-0.0718395246347262
2024-09-11,-0.00696491864865767,-0.020689967275793752,-0.06562991401439788
2024-09-12,-0.00922583154678791,-0.023378084245563535,-0.06726909030014172
2024-09-13,-0.014629129765106441,-0.023408678802342986,-0.06342132096521458
2024-09-16,-0.012356432603659151,-0.0282081640235472,-0.06624269975601349
2024-09-17,-0.012237469274140045,-0.028515537571142335,-0.06493592584438312
2024-09-18,-0.011209942660647565,-0.029441285287351904,-0.06211276095723017
2024-09-19,-0.011578247111194595,-0.021510646458770655,-0.05382234251865925
2024-09-20,-0.014891597417186708,-0.02931087638800478,-0.05294068987980971
2024-09-23,-0.0183967217796821,-0.03257887468493004,-0.05991279364403235
2024-09-24,-0.017289416872097285,-0.038128022180909604,-0.06225687651342293
2024-09-25,-0.01661981627686593,-0.03553506030364195,-0.06545471175164697
2024-09-26,-0.020284441916887053,-0.0359735143512564,-0.06726124078936013
2024-09-27,-0.017645545948392405,-0.03438393800119388,-0.0717122022791632
2024-09-30,-0.012620313673004646,-0.032770415041576184,-0.0734004415430417
2024-10-01,-0.010493020505350392,-0.026496222822051108,-0.06655535796876355
2024-10-02,-0.015644401182082213,-0.03201247700011245,-0.07562155919287838
2024-10-03,-0.014013274712668333,-0.024891856467666895,-0.07565527075301504
2024-10-04,-0.017247837536803035,-0.033754664417508407,-0.07946005645289544
2024-10-07,-0.01520834239805613,-0.03408888956078293,-0.07876172024826289
2024-10-08,-0.0097554201155996,-0.03362274313653735,-0.07707216170701281
2024-10-09,-0.009123299109387584,-0.03455200065398911,-0.0806457667097612
2024-10-10,-0.013859636460140212,-0.036873525441365906,-0.07789001347295343
2024-10-11,-0.0075106200161194625,-0.026339201147538516,-0.07436077279208853
2024-10-14,-0.009863457432806033,-0.02822502182208597,-0.07827675178385529
2024-10-15,-0.0072039641321614,-0.026145374868177362,-0.07686968036347686
2024-10-16,-0.003947485381277205,-0.023649497186307156,-0.07924274641564522
2024-10-17,-0.0041985651944626,-0.024685020618197218,-0.08100107697478531
2024-10-18,-0.005499610190753512,-0.024876705196519633,-0.08578469462676908
2024-10-21,-0.005294403993272856,-0.02824541604406794,-0.09149366370126855
2024-10-22,0.0019668524211502447,-0.020475297621629918,-0.09273810852584286
2024-10-23,0.0050410452775389025,-0.019515525699458025,-0.08964935182937683
2024-10-24,0.0025867346329064844,-0.025171153593324003,-0.09094199078029375
2024-10-25,0.0053081406656512176,-0.024889508646868563,-0.09140816998146184
2024-10-28,0.0023416068976147564,-0.026972246444364023,-0.09431201673386946
2024-10-29,0.0003602539877467503,-0.025407768070073722,-0.09624848291566512
2024-10-30,-0.0038491288178565952,-0.02072167527819213,-0.09244619949634592
2024-10-31,-0.006353773983619693,-0.025700983692131474,-0.09148849323997776
2024-11-01,-0.005883260487814623,-0.01913891840422377,-0.08382340819943646
2024-11-04,-0.0031387753839435817,-0.022703812349176178,-0.08029379699793726
2024-11-05,-0.0033638603352373897,-0.02273443807540576,-0.08090435457043266
2024-11-06,0.00010268538023483487,-0.022812105036579267,-0.0771686152280503
2024-11-07,0.004226195279462219,-0.017925736782595347,-0.07590061423921102
2024-11-08,0.005237029739862953,-0.015599547405937275,-0.07055420157851833
2024-11-11,-0.0008283410738396668,-0.01748169482858053,-0.07185018636560514
2024-11-12,-0.0017245661272496937,-0.026030869284392688,-0.07412449795822706
2024-11-13,-0.0039904277879894146,-0.023384110084968324,-0.07875462294693802
2024-11-14,-0.008832157529064522,-0.024826283541375282,-0.0780978238783574
2024-11-15,-0.009756513244234433,-0.024968081310177914,-0.08085503370011293
2024-11-18,-0.010391979351922043,-0.027229349785684143,-0.083457226551377
2024-11-19,-0.00789804292465257,-0.027846394995212576,-0.08621596896450645
2024-11-20,-0.013780438428211639,-0.030019581994059186,-0.08965819227197136
2024-11-21,-0.014918572526851914,-0.02707007238066883,-0.09034776426826474
2024-11-22,-0.00992118856328894,-0.02385760989013397,-0.08902662387104832
2024-11-25,-0.009993195553731793,-0.024926432374854146,-0.09222597344064487
2024-11-26,-0.005933836290702876,-0.021188038024876232,-0.0858300870272315
2024-11-27,-0.0049997389435790796,-0.01720302531790041,-0.0885536223312704
2024-11-29,-0.005811709642270069,-0.020030352299419296,-0.08797415688221633
2024-12-02,-0.0018366917523480186,-0.023695244630913548,-0.09019320404469533
2024-12-03,-8.28436684292555e-05,-0.019895293651467028,-0.08792155482139996
2024-12-04,0.002131113088461145,-0.018244693549766433,-0.08569895706969244
2024-12-05,0.00010076479605380939,-0.018422145466703066,-0.08818600685793021
2024-12-06,-0.0022403534587909224,-0.011872462151278795,-0.08515399885529262
2024-12-09,-0.007624222719908924,-0.012522252817218305,-0.08700679743287598
2024-12-10,-0.00840413939678808,-0.01702625385614065,-0.08495427425101665
2024-12-11,-0.008694711594115945,-0.016955000560242017,-0.08409807211979992
2024-12-12,-0.007735637836984832,-0.019217142043575275,-0.08597868866536829
2024-12-13,-0.002679550988218704,-0.013815277094561207,-0.0802922980079146
2024-12-16,-0.0016437903526338449,-0.014367618706961238,-0.08204313545777953
2024-12-17,-0.001933152221041512,-0.015820369200338025,-0.07956241068183711
2024-12-18,-0.001709993437652546,-0.017517354360214288,-0.07785379148925609
2024-12-19,-0.0005825795641073439,-0.013725549762874212,-0.07629552659984118
2024-12-20,0.0046950284012217125,-0.007201254070816399,-0.07632166387375716
2024-12-23,0.008056600015348803,-0.0019763176179493636,-0.07614959994152304
2024-12-24,0.008455743468515964,0.0010333907913393503,-0.07195635904873454
2024-12-26,0.015461842717163998,0.010650482781688675,-0.06546448646111624
2024-12-27,0.011956335574386134,0.008307095439387346,-0.06090264513625543
2024-12-30,0.011953184870713729,0.007256420587818724,-0.06110751219860733
2024-12-31,0.007949853515359706,-0.001765239337920499,-0.06876205114387623
2025-01-02,0.00707085720662648,-0.0011657697023753633,-0.07134156510097434
2025-01-03,-0.0011679797530154135,-0.007126628798781454,-0.0757781713394926
2025-01-06,-0.00512173926061088,-0.006130895398105074,-0.07894647481894901
2025-01-07,-0.005169225875871208,-0.00841579094370537,-0.08511171820641872
2025-01-08,-0.009443200684140507,-0.011560910213158526,-0.08186119616629328
2025-01-10,-0.010085115086144736,-0.01348076952578503,-0.08116675032467535
2025-01-13,-0.00953203720986795,-0.012712551056693888,-0.08004573687854788
2025-01-14,-0.009531852190405532,-0.018956998991369822,-0.07949782041844788
2025-01-15,-0.0019877103706760213,-0.01141579608768195,-0.07673897963825449
2025-01-16,-0.010220064779250193,-0.01681129266416881,-0.08034293155753602
2025-01-17,-0.008926818258529812,-0.01929486064353292,-0.07261104366193838
2025-01-21,-0.00810388829425035,-0.019680114037171847,-0.07054342277090231
2025-01-22,-0.0023827294727016834,-0.01443813866015553,-0.0571514699984349
2025-01-23,0.000766272093505993,-0.0077162440953979505,-0.05570849760280383
2025-01-24,-0.0034816604438424603,-0.012599912446063066,-0.056656959253170935
2025-01-27,-0.009679649639700583,-0.01659423020724904,-0.05897828387639292
2025-01-28,-0.009582903526242692,-0.011117392507840274,-0.06110146492956625
2025-01-29,-0.017779171355699397,-0.012559518308186135,-0.06678622998175765
2025-01-30,-0.015048130403448545,-0.009186137793502525,-0.06664232712462292
2025-01-31,-0.008942670234673766,-0.002110635046310594,-0.057278668187392356
2025-02-03,-0.006241499659900951,-0.0041626148801305884,-0.06067148458465277
2025-02-04,-0.009700016654798027,-0.004529483703741066,-0.06583488564105222
2025-02-05,-0.010198104429079646,-0.011436076049687882,-0.06815961315635832
2025-02-06,-0.007009321557131631,-0.009989823967574085,-0.06915861865838657
2025-02-07,-0.0023710838951560564,-0.007428046869484506,-0.06572416028667505
2025-02-10,0.002206104786699914,-0.009482021721047285,-0.06671695554372892
2025-02-11,0.002834092183674697,-0.014848326438014814,-0.06896560404242058
2025-02-12,0.0023026565694777013,-0.015594527860102403,-0.07139157849171296
2025-02-13,0.005613668227665292,-0.012631871490789814,-0.06600211065968242
2025-02-14,-0.0037644739671799377,-0.013435900559419789,-0.06536553904021614
2025-02-18,0.00010925339597922523,-0.012764383521715383,-0.0684653172278431
2025-02-19,-0.001331749097418622,-0.011873626034215046,-0.07018172058038341
2025-02-20,-0.0008752771356022038,-0.010887880121301485,-0.0717756477519218
2025-02-21,-0.012459963664210427,-0.01649766771157224,-0.07825591735346349
2025-02-24,-0.019024967861055786,-0.01884520799756606,-0.08101450070336669
2025-02-25,-0.0166473482347278,-0.015470254005149231,-0.08364585987282736
2025-02-26,-0.013355851424287302,-0.015034167347490746,-0.08393942665618004
2025-02-27,-0.019848638300920318,-0.021032847993702086,-0.0840658451116536
2025-02-28,-0.019734977974290357,-0.02227604781352943,-0.08440113146654205
2025-03-03,-0.023295384367985617,-0.02649088382785847,-0.08730794335165692
2025-03-04,-0.02698489943273874,-0.024159632114552076,-0.08619384837132449
2025-03-05,-0.026920505956495644,-0.02530642509038994,-0.08541085881317911
2025-03-06,-0.02238167292862947,-0.025019039721137837,-0.0830159137343014
2025-03-07,-0.01897610373877956,-0.030114818776616814,-0.08183253752196862
2025-03-10,-0.02485144580038967,-0.0366460244651613,-0.08383502619571448
2025-03-11,-0.02491546197597394,-0.03225595015794047,-0.08269446263069125
2025-03-12,-0.02725785037212547,-0.03431794342834271,-0.08227261208008274
2025-03-13,-0.023200518310136253,-0.030311232748229666,-0.08176761662536958
2025-03-14,-0.02106584152800428,-0.02816441581525342,-0.08155174839875212
2025-03-17,-0.02496166805666189,-0.02883422060242702,-0.08493509931489729
2025-03-18,-0.024931778074713917,-0.030533254101884344,-0.08641805799841973
2025-03-19,-0.025187458108840266,-0.03504469230700202,-0.08642733256311297
2025-03-20,-0.02440403407567915,-0.03440065284418936,-0.0885661645256427
2025-03-21,-0.02362617209909401,-0.03238626865699912,-0.08880154547374886
2025-03-24,-0.016679236141634357,-0.031245170957301727,-0.08443375284994847
2025-03-25,-0.012086980177259066,-0.030139385545308484,-0.0813064463994514
2025-03-26,-0.011773220930833106,-0.03160796831002588,-0.07869918819019772
2025-03-27,-0.011003494052778895,-0.033657666686677135,-0.07464881679668334
2025-03-28,-0.008523921866969375,-0.03751600525980969,-0.07491069843158837
2025-03-31,-0.009650100643778137,-0.04645474904788194,-0.077598260560657
2025-04-01,-0.005256282926489386,-0.043049543954517766,-0.07439163808258953
2025-04-02,-0.004910300511640209,-0.040421322897657985,-0.07248113795165734
2025-04-03,-0.002563084354282763,-0.03547249928468377,-0.06939998539035785
2025-04-04,-0.002572073742913017,-0.03435470265866192,-0.07039316298636211
2025-04-07,0.0013624025002569873,-0.02765776874164394,-0.0687456318199261
2025-04-08,0.008451168163311928,-0.023503195998204274,-0.06418702587147518
2025-04-09,0.011581198391998004,-0.01596159755125459,-0.05779046860336823
2025-04-10,0.010358744016973453,-0.015013262771668257,-0.05823776660043223
2025-04-11,0.007558645092674565,-0.013027973027396,-0.0606941927553577
2025-04-14,0.008680555973633375,-0.010294432331741765,-0.05298730636994464
2025-04-15,0.013273224368209657,-0.006473572257250537,-0.05204019668694915
2025-04-16,0.019296746289450217,-0.009857583921343727,-0.051511740157204056
2025-04-17,0.02108386419297914,-0.004525895816487102,-0.05192983351859226
2025-04-21,0.01957340312584721,-0.006632980719116333,-0.05468488774797731
2025-04-22,0.01955930923062299,-0.0054002875022899355,-0.05376106093044797
2025-04-23,0.021105095990535228,-0.00843688063049608,-0.0483511232690661
2025-04-24,0.019439071625057425,-0.0120432392899249,-0.04516104036349211
2025-04-25,0.02167428573026342,-0.007162038057025311,-0.037175161999433715
2025-04-28,0.019646775967231633,-0.005041303770948136,-0.041210170627607234
2025-04-29,0.018327666021569433,-0.010392607885617133,-0.04048883302695816
2025-04-30,0.02069197622555574,-0.0091067525434535,-0.041364552124741105
2025-05-01,0.022034958330373167,-0.007020698514646706,-0.03439213994889989
2025-05-02,0.01628218970005957,-0.01599767252014117,-0.03479776699975068
2025-05-05,0.010050678199447383,-0.019659549170034873,-0.03971539883407327
2025-05-06,0.003615746649992868,-0.021370450985400358,-0.046101639832160646
2025-05-07,-0.0007802201675134457,-0.018406011761180396,-0.050241998830225953
2025-05-08,-0.0029355849147113533,-0.01949712534917636,-0.04814388264928615
2025-05-09,-0.009183138952008174,-0.02268085324575675,-0.051334814606733725
2025-05-12,-0.005292557055570413,-0.022383086629575222,-0.049671370089289346
2025-05-13,-0.0038354378348213203,-0.01959200950423312,-0.05249824095870714
2025-05-14,-0.0069007016316617875,-0.019382121357817472,-0.049193376332949845
2025-05-15,-0.008501686768604633,-0.020419263996386716,-0.04782819702781216
2025-05-16,-0.011479341176980906,-0.01752526596964188,-0.04903784916748888
2025-05-19,-0.011036980397190588,-0.015620470796769648,-0.0513829177941284
2025-05-20,-0.010854192080221314,-0.016104875708819022,-0.04816992049155033
2025-05-21,-0.012087304626452355,-0.016561536006827193,-0.050564471739406036
2025-05-22,-0.012448301621685975,-0.008425171078641935,-0.05173608064687896
2025-05-23,-0.011529720000800436,-0.004494646762965959,-0.052050477557389674
2025-05-27,-0.01925369335512439,-0.009793523692223527,-0.0563991704958593
2025-05-28,-0.016074096160585083,-0.0077824554240161214,-0.05496719584085685
2025-05-29,-0.016098047363216295,-0.006605833044724618,-0.05676885843899937
2025-05-30,-0.013255562089540263,-0.002557085562178041,-0.05636080438124136
2025-06-02,-0.015153064525279092,0.0012572956101679633,-0.054111028039365405
2025-06-03,-0.008756443785687407,0.0024366177314738557,-0.05262908760087959
2025-06-04,-0.0048425702408965154,0.0025831284172681546,-0.054269154360343186
2025-06-05,0.0015122988632116918,0.0025482360842932206,-0.05431006795082405
2025-06-06,0.0033869156691017643,0.0039700032302003585,-0.05249492434610237
2025-06-09,0.004297269994628206,0.009811639460359123,-0.05848999631463592
2025-06-10,0.006100115511590065,0.008405802879118074,-0.056590579402025276
2025-06-11,0.005734042418038321,0.010774140502102014,-0.055245763301167816
2025-06-12,0.0070327190785826055,0.010752916010240421,-0.053921004303572606
2025-06-13,0.006656386216233212,0.00838778729898304,-0.05662905446109756
2025-06-16,0.0025215747730125138,0.007192014818878656,-0.06091369089643084
2025-06-17,0.0018449819421264557,0.009454887402391865,-0.0626418517783297
2025-06-18,-0.004973879607414244,0.004791487434855357,-0.0707883136210159
2025-06-20,-0.0006708661228155277,0.007830184550151165,-0.06817330725093507
2025-06-23,0.0001463415369760135,0.00738298567886253,-0.06890751766941838
2025-06-24,-0.00030050969576567166,0.008091039572485803,-0.06115342249290456
2025-06-25,-0.004291903370154282,0.0033603369599521926,-0.06836842629156847
2025-06-26,-0.0003357641747946394,0.001666845518765614,-0.06835320764371289
2025-06-27,0.001384033888300662,0.004645417155060727,-0.06803000051132324
2025-06-30,0.0018537271624357032,0.003791892366798111,-0.067235070746273
2025-07-01,-0.0009186471179141176,0.0062369037720753084,-0.0651724513531382
2025-07-02,-0.005132938243036733,0.0013814479541962577,-0.06698999806147354
2025-07-03,-0.005549290073638913,0.0017929103997378348,-0.06345605761648654
2025-07-07,-0.009476934856042063,-0.004366393659498868,-0.06677902410534031
2025-07-08,-0.006723787721435115,-0.0016247907744123546,-0.06787405787172007
2025-07-09,-0.012458713585218772,-0.009887103773551731,-0.06792574496943471
2025-07-10,-0.010400128422976884,-0.009065088846103131,-0.07075002926487961
2025-07-11,-0.007980971809918969,-0.011094960855793978,-0.06796246888144597
2025-07-14,-0.013802571267816255,-0.01339710840824726,-0.07174054952490794
2025-07-15,-0.01854371548319389,-0.01543219708000887,-0.07448190141908817
2025-07-16,-0.023015220465718467,-0.02329878946817776,-0.08083246557086998
2025-07-17,-0.01994806238188518,-0.025829892729864357,-0.07549353710144946
2025-07-18,-0.018418908693880298,-0.027896602625511857,-0.0753241705905695
2025-07-21,-0.01664963781926454,-0.03233994020059605,-0.07767539237202192
2025-07-22,-0.017048588034301537,-0.028370002701076924,-0.0758236368158215
2025-07-23,-0.019612163701040797,-0.031320672850934095,-0.07882728096708336
2025-07-24,-0.022474746616834462,-0.03493337486925341,-0.08035316129388792
2025-07-25,-0.019206411007715363,-0.03467562375184252,-0.08038998907281347
2025-07-28,-0.018410979421756957,-0.0376334301732153,-0.07588194169995188
2025-07-29,-0.020225060898036107,-0.034639812911249956,-0.073878622029253
2025-07-30,-0.019512109603320504,-0.03350775218635138,-0.07799257979803864
2025-07-31,-0.018043478208867425,-0.03194997791620191,-0.0763883016055017
2025-08-01,-0.019328290145207982,-0.03914592277119733,-0.08015440071314861
2025-08-04,-0.0203343928594385,-0.03430162434951134,-0.0758489395463593
2025-08-05,-0.015852558304005115,-0.029899897405863407,-0.07255526178873051
2025-08-06,-0.021329960401454073,-0.02644023989415778,-0.07593694809445584
2025-08-07,-0.016238621186999258,-0.025204617010728736,-0.07219306583214857
2025-08-08,-0.020413157330157805,-0.02643521700096707,-0.07640921707597037
2025-08-11,-0.021725553709627254,-0.02361317450803968,-0.07437961174057472
2025-08-12,-0.01800682964563005,-0.026007789257992853,-0.07835296288229754
2025-08-13,-0.02051897428402738,-0.03192151365540308,-0.08174174698765191
2025-08-14,-0.012798950607042281,-0.02909964636510376,-0.07738546931988155
2025-08-15,-0.019099032124782034,-0.036242030526408286,-0.08414235908814705
2025-08-18,-0.021459818710573786,-0.03771132529339949,-0.09155787347124855
2025-08-19,-0.017807125294166948,-0.03896425140941051,-0.08789104903127354
2025-08-20,-0.022711801411936405,-0.04001763728709895,-0.08986348036615688
2025-08-21,-0.02293427890164168,-0.041956470722243955,-0.09134966988510829
2025-08-22,-0.025142804258125317,-0.047338842691524885,-0.09624688982471341
2025-08-25,-0.022433171747491487,-0.04532376155557594,-0.093490972669523
2025-08-26,-0.028884805282794246,-0.04708404965212698,-0.09890170515948826
2025-08-27,-0.028469714739285945,-0.04680153832524936,-0.09365621084186448
2025-08-28,-0.02629234106494638,-0.043521662422278506,-0.09201633205972248
2025-08-29,-0.029145519480118343,-0.047538891328709476,-0.09429046620586046
2025-09-02,-0.027327654826236447,-0.05102391549057017,-0.09460049604572851
2025-09-03,-0.03225334328047613,-0.05719298897194525,-0.09359494983550853
2025-09-04,-0.031243163535496832,-0.0556357433110064,-0.09564142484879512
2025-09-05,-0.027141883507144082,-0.05429467457876169,-0.09750947459350945
2025-09-08,-0.03175909615353212,-0.05934914243773581,-0.10227774578553972
2025-09-09,-0.033947371792154124,-0.06350953502856038,-0.10559774930846422
2025-09-10,-0.03780903938780955,-0.06622555443054856,-0.10553658466343008
2025-09-11,-0.03510645426427084,-0.06555932472731751,-0.09873392982242357
2025-09-12,-0.031001714597036267,-0.06848469207462726,-0.09843990311452422
2025-09-15,-0.02866904589193131,-0.06317033324072996,-0.09755046000996315
2025-09-16,-0.022036190784576082,-0.059850242922185215,-0.09598407414726184
2025-09-17,-0.020022963584961473,-0.05871584864692747,-0.09653060608743114
2025-09-18,-0.02196044631552785,-0.05537055222679477,-0.0967605513102322
2025-09-19,-0.0201585813323093,-0.05873805907456686,-0.09716209024049005
2025-09-22,-0.01837141267106257,-0.059694689479815155,-0.0979307151138411
2025-09-23,-0.013868535921476743,-0.06026845973338668,-0.09834099148672415
2025-09-24,-0.019484688045927956,-0.05989047099065592,-0.09771759189983786
2025-09-25,-0.01809291338270491,-0.06401080376267854,-0.0986228132338508
2025-09-26,-0.02198104619312191,-0.06904231472752609,-0.09798325195564539
2025-09-29,-0.02648959197334899,-0.07058127205732279,-0.10112938445489239
2025-09-30,-0.027383616892853513,-0.0727689232776354,-0.10085338174267744
2025-10-01,-0.026986474203641198,-0.07186939704863493,-0.1032096816343856
2025-10-02,-0.025265727998011522,-0.07588551512940067,-0.10520331849482922
2025-10-03,-0.023162534076962782,-0.06868358761711513,-0.10722070976433329
2025-10-06,-0.026850981831781917,-0.07345791882104236,-0.10778404698452548
2025-10-07,-0.021011597438471585,-0.06749591831624158,-0.10864958618866205
2025-10-08,-0.020429542386456223,-0.0730006948556956,-0.10849341729807527
2025-10-09,-0.019212245800185213,-0.07679740471292995,-0.10917323723263161
2025-10-10,-0.020678559190895784,-0.0720744530482964,-0.10867556932076394
2025-10-13,-0.02084001796173529,-0.07066414819929967,-0.1091004890120506
2025-10-14,-0.0244300949099443,-0.06452705484157406,-0.10722383483387554
2025-10-15,-0.02858534290325554,-0.0681358621555036,-0.1151801335783601
2025-10-16,-0.027258411329377785,-0.06719246235753396,-0.11240297093655016
2025-10-17,-0.02741312746620772,-0.06571021311709735,-0.11514671814496402
2025-10-20,-0.02761476587125178,-0.06885609841801954,-0.1186144913274354
2025-10-21,-0.027768232913045532,-0.0675173030507562,-0.11928183247596724
2025-10-22,-0.032541853133670084,-0.06994634527174193,-0.12285871134861559
2025-10-23,-0.028887791627005055,-0.06917026061847331,-0.11911879713570317
2025-10-24,-0.0238323226331717,-0.06918029788761171,-0.12183195211420283
2025-10-27,-0.0225450792797397,-0.07124673827034456,-0.12274159041477861
2025-10-28,-0.02049514914024053,-0.07151310952810697,-0.12182348139275545
2025-10-29,-0.01743287464815102,-0.07219234928022356,-0.12119292360852274
2025-10-30,-0.01526547367033626,-0.06802425267808676,-0.11896265375423487
2025-10-31,-0.010610869874222884,-0.06671335641614651,-0.11501670840605327
2025-11-03,-0.014429032174145484,-0.06733647925506947,-0.11670272587498709
2025-11-04,-0.011821191572675138,-0.06445562580747444,-0.11269335682441639
2025-11-05,-0.014881612518202414,-0.06620961439154371,-0.1167177380335267
2025-11-06,-0.008415087456028814,-0.06164672198476839,-0.11321209511249819
2025-11-07,-0.010800433552313748,-0.06648731297813915,-0.11582029545317651
2025-11-10,-0.008379483689006095,-0.06297717973501094,-0.11623515757813507
2025-11-11,-0.010085302452472411,-0.06076463504446428,-0.12179693767154554
2025-11-12,-0.009091097099341083,-0.06101348823505781,-0.11994900288387145
2025-11-13,-0.001442644713488539,-0.05136214618281543,-0.11572413225918765
2025-11-14,-0.0017198158162393673,-0.04837501996221405,-0.11239874729065391
2025-11-17,-0.0026406425807818934,-0.05128342356591553,-0.11394757116513632
2025-11-18,-0.003811928490900063,-0.050848614610763176,-0.11415030581327956
2025-11-19,-0.0022761320724925538,-0.04780177721328904,-0.11262881462119567
2025-11-20,0.0021406692580137054,-0.04391679513024105,-0.11175037014425193
2025-11-21,-0.0004632977850607123,-0.0482507577633583,-0.112517532825269
2025-11-24,-0.00019886285617431998,-0.04168465109965802,-0.10973839184421508
2025-11-25,0.0006657675294665655,-0.043394107632166445,-0.10886304901611477
2025-11-26,0.0013068276758656516,-0.04519569677221613,-0.11186449621110306
2025-11-28,-0.0033641256206863313,-0.04755407964357128,-0.11530844529899076
2025-12-01,-0.006499822120366927,-0.04806785621275811,-0.11946428500533701
2025-12-02,-0.009080220663162497,-0.04436539408664408,-0.11864601212065906
2025-12-03,-0.010590588505503207,-0.04745336450955817,-0.12094857217413069
2025-12-04,-0.00966191800480809,-0.04764610023580773,-0.11964950836874566
2025-12-05,-0.005380071876839088,-0.04076916960817145,-0.12139707340091233
2025-12-08,-0.00965584414820353,-0.03805169835237676,-0.12364239807024857
2025-12-09,-0.00464037176647869,-0.03430724342477032,-0.12001188981310074
2025-12-10,-0.008111450152294086,-0.03676192003319412,-0.12143547697586277
2025-12-11,-0.005628922310860762,-0.03617117168974149,-0.12003119633685222
2025-12-12,-0.010326428148296096,-0.04328166307403547,-0.12165505289852174
2025-12-15,-0.007768266947207225,-0.03752207099806304,-0.11489771414799477
2025-12-16,-0.009519338998098092,-0.03817527939036969,-0.11399430533489507
2025-12-17,-0.006742920541055963,-0.0365221402413638,-0.1175576028907599
2025-12-18,-0.0033521536780971584,-0.03456858828453402,-0.11566615067385855
2025-12-19,-0.0015530866421057388,-0.03148768412172953,-0.11229090214163318
2025-12-22,-0.005144920321366819,-0.0354589954708423,-0.11480666892815672
2025-12-23,0.000918645757923775,-0.0284460109632112,-0.1111844450429883
2025-12-24,0.0019173765033766443,-0.022155137365482247,-0.11219967290520327
2025-12-26,-0.0034505160343784036,-0.025269290858877524,-0.11903550987894274
2025-12-29,-0.0013003433663536512,-0.02049046222440487,-0.12045657092753448
2025-12-30,0.006210647899314248,-0.014656504603290377,-0.12336827933898176
2025-12-31,0.0067617463822506885,-0.015050827035246184,-0.12398426392893802
