session,TEST01,TEST02,TEST03,TEST04,TEST05,TEST06,TEST07,TEST08,TEST09,TEST10,TEST11,TEST12,TEST13,TEST14,TEST15,TEST16,TEST17,TEST18,TEST19,TEST20,TEST_BENCHMARK
2020-01-02,-0.0,-0.0,-0.0,-0.0,-0.0,-0.0,-0.0,-0.0,0.0,0.0,-0.0,-0.0,-0.0,0.0,-0.0,-0.0,-0.0,-0.0,-0.0,-0.0,-0.0
2020-01-03,-0.0,-0.0,-0.0,-0.0,-0.0,-0.0019171612506604936,-0.0,-0.0,-0.0005670483973342801,-0.0,-0.0,-0.0,-0.0,-0.0,-0.0009911504425849762,-0.0,-0.0,-0.0,-0.0,-0.001144926663993662,-0.0
2020-01-06,-0.0,-0.0,-0.0,0.0,-0.0,-0.0010203178739341752,0.0,-0.0,-0.00023176228419933997,-0.0,0.0,-0.0,-0.0,-0.0,-0.0011595833219107826,-0.0,-0.0,-0.0,-0.0,-0.0014126761049827051,-0.0
2020-01-07,0.0,0.0,0.0,0.0,0.0,0.0015781288423498657,0.0,-0.0,0.002053352391966613,0.0,0.0,0.0,0.0,0.0,0.0013869233001409876,0.0,0.0,0.0,0.0,0.000524997117594527,0.0
2020-01-08,0.0,0.0,0.0,0.0,0.0,0.0014672963866788024,-0.0,0.0,0.0002202299572330748,0.0,0.0,0.0,0.0,-0.0,0.0018099595651619481,0.0,0.0,0.0,-0.0,0.0016319727493814523,0.0
2020-01-09,-0.0,0.0,-0.0,0.0,-0.0,-0.0002539747454526229,0.0,0.0,0.0004886501404929923,0.0,0.0,0.0,-0.0,-0.0,0.0008628283635929329,0.0,0.0,0.0,0.0,-0.0005317293182961076,-0.0
2020-01-10,0.0,-0.0,0.0,0.0,-0.0,0.0005850064694760491,-0.0,-0.0,-1.6756535386610506e-05,0.0,0.0,-0.0,0.0,0.0,0.00019964520307892158,-0.0,-0.0,0.0,-0.0,5.4532750726385454e-05,0.0
2020-01-13,0.0,-0.0,0.0,-0.0,-0.0,-0.0010287957005699327,-0.0,-0.0,0.0002495073647789901,0.0,-0.0,-0.0,-0.0,-0.0,-0.0003601819710383601,-0.0,-0.0,0.0,-0.0,-0.0008771378000491074,-0.0
2020-01-14,-0.0,0.0,-0.0,-0.0,0.0,-0.0005045694537006894,-0.0,-0.0,-0.000488293368105552,-0.0,0.0,0.0,-0.0,-0.0,-0.000390705290296904,-0.0,0.0,-0.0,-0.0,-0.0005930071186162023,-0.0
2020-01-15,-0.0,-0.0,0.0,0.0,-0.0,0.0005213701980402768,0.0,-0.0,-0.00017996656416457797,0.0,0.0,0.0,-0.0,0.0,0.00031813383094361704,0.0,0.0,-0.0,0.0,-0.0011473869696145968,0.0
2020-01-16,0.0,0.0,0.0,0.0,-0.0,-0.00011140500710010883,0.0,0.0,-0.00037013439777422284,0.0,0.0,-0.0,-0.0,-0.0,-0.00036483961748896756,0.0,0.0,-0.0,-0.0,-0.0007951787894615724,-0.0
2020-01-17,0.0,0.0,0.0,0.0,0.0,0.0007325324424996707,0.0,-0.0,0.0005963103450651698,-0.0,0.0,0.0,0.0,-0.0,0.00012253587774617038,0.0,0.0,-0.0,-0.0,5.836606996704739e-06,0.0
2020-01-21,0.0,-0.0,0.0,0.0,0.0,0.0005595392861010118,0.0,0.0,-6.949776784462102e-05,0.0,0.0,0.0,0.0,0.0,-0.0002140310044615594,-0.0,0.0,0.0,-0.0,-0.0001423607246033974,0.0
2020-01-22,0.0,0.0,0.0,0.0,0.0,0.0006323341357216344,-0.0,0.0,0.0007386625711185739,0.0,-0.0,0.0,0.0,0.0,0.0015828025253023601,0.0,0.0,0.0,0.0,-0.0001471428595265699,0.0
2020-01-23,0.0,-0.0,-0.0,-0.0,0.0,1.5670777708517134e-05,-0.0,-0.0,-0.0007274654762270006,-0.0,-0.0,-0.0,-0.0,-0.0,-0.0007298070622168269,0.0,-0.0,-0.0,-0.0,-0.0013518269581978208,-0.0
2020-01-24,0.0,0.0,0.0,0.0,0.0,-8.494542924268822e-05,0.0,0.0,0.0010857646393046694,0.0,0.0,0.0,0.0,0.0,0.0013408278943249502,0.0,0.0,0.0,0.0,0.00011844824417973713,0.0
2020-01-27,0.0,0.0,0.0,0.0,0.0,0.0002857139186627047,0.0,0.0,0.0020373514676344617,0.0,0.0,0.0,0.0,0.0,0.0006406704325104509,0.0,0.0,0.0,0.0,0.001601915779846039,0.0
2020-01-28,-0.0,-0.0,0.0,-0.0,-0.0,-0.0005672644543295172,-0.0,-0.0,-0.0004984545478409023,-0.0,-0.0,-0.0,-0.0,-0.0,-0.0009463079620471823,0.0,-0.0,-0.0,-0.0,-0.0009550840217541504,-0.0
2020-01-29,-0.0,-0.0,0.0,-0.0,0.0,-0.0005023843205142057,-0.0,-0.0,0.0011086573618788115,-0.0,-0.0,0.0,-0.0,-0.0,-0.00021995651754422839,-0.0,-0.0,-0.0,-0.0,-0.0005806607282771093,-0.0
2020-01-30,0.0,0.0,0.0,0.0,0.0,0.0003932035062648807,0.0,0.0,0.0016268907935319556,0.0,-0.0,0.0,0.0,0.0,-0.0001544451304989548,0.0,0.0,0.0,0.0,0.0016626055174020014,0.0
2020-01-31,-0.0,0.0,0.0,0.0,0.0,7.212960060333844e-05,-0.0,-0.0,0.0014891719229151675,-0.0,-0.0,0.0,-0.0,-0.0,0.00037619441248767146,0.0,-0.0,-0.0,0.0,-0.0005506682086448683,-0.0
2020-02-03,0.0,0.0,0.0,0.0,0.0,0.0014330687090020723,0.0,0.0,0.0008118483132786233,0.0,0.0,0.0,0.0,-0.0,0.0007174158158363874,0.0,0.0,-0.0,0.0,0.0027785596293999335,0.0
2020-02-04,-0.0,-0.0,-0.0,0.0,0.0,0.0005939383132478105,0.0,0.0,-0.0014003414388578997,-0.0,-0.0,-0.0,-0.0,-0.0,-0.0006228515766120492,-0.0,0.0,-0.0,0.0,0.00038705188997620885,-0.0
2020-02-05,-0.0,0.0,0.0,0.0,0.0,0.001826586006166967,0.0,0.0,0.00032673444650466394,0.0,0.0,0.0,0.0,0.0,0.0002879836522213112,0.0,-0.0,-0.0,0.0,0.0008837335997051522,0.0
2020-02-06,0.0,-0.0,0.0,0.0,0.0,-0.0008545065802938404,-0.0,-0.0,-0.00033436334454388643,0.0,0.0,0.0,-0.0,-0.0,0.0014558418837618918,-0.0,-0.0,0.0,-0.0,-9.043939745647582e-05,0.0
2020-02-07,0.0,0.0,-0.0,0.0,0.0,-0.000667645453361313,0.0,-0.0,-0.0005035581907854105,-0.0,0.0,-0.0,0.0,0.0,0.00013223953553664282,-0.0,-0.0,0.0,0.0,0.0011047640263381515,0.0
2020-02-10,0.0,0.0,0.0,0.0,0.0,0.0006883613055401926,0.0,0.0,-0.0006363385164410341,0.0,0.0,0.0,0.0,0.0,0.0008415542842102673,0.0,0.0,-0.0,0.0,0.0004096555355608488,0.0
2020-02-11,0.0,-0.0,0.0,0.0,-0.0,-0.00013751549481290262,0.0,-0.0,0.0005098081790610923,0.0,0.0,-0.0,-0.0,-0.0,0.0004261424107950409,0.0,-0.0,-0.0,-0.0,-0.0005063887659888395,-0.0
2020-02-12,-0.0,-0.0,-0.0,-0.0,-0.0,-0.0006904499748422972,-0.0,-0.0,-0.0017741297237500585,0.0,-0.0,0.0,-0.0,-0.0,-0.0011289784762115525,-0.0,-0.0,-0.0,0.0,0.0006193333099129096,-0.0
2020-02-13,0.0,0.0,0.0,0.0,-0.0,-0.0006315432627801534,-0.0,0.0,0.0003934230586950825,-0.0,-0.0,-0.0,-0.0,0.0,0.0005603913035812751,0.0,-0.0,-0.0,-0.0,-0.0005171216980350351,-0.0
2020-02-14,0.0,-0.0,0.0,0.0,0.0,5.072708350968888e-05,-0.0,0.0,0.0017305835380545232,-0.0,-0.0,0.0,0.0,-0.0,0.00024322815995196596,0.0,0.0,-0.0,0.0,-6.425605334642098e-05,0.0
2020-02-18,-0.0,-0.0,-0.0,-0.0,-0.0,-0.0005273731207785711,-0.0,-0.0,-0.0013832185840750846,-0.0,-0.0,-0.0,-0.0,0.0,-0.0018698848523318048,-0.0,-0.0,-0.0,-0.0,-0.001355721725629229,-0.0
2020-02-19,0.0,0.0,0.0,0.0,0.0,-0.0005624961678553694,0.0,0.0,0.0006204868425093801,0.0,0.0,-0.0,0.0,0.0,-3.882914987545466e-06,-0.0,0.0,-0.0,0.0,-0.0009959802810220115,0.0
2020-02-20,0.0,0.0,0.0,0.0,-0.0,0.0013410018496737698,-0.0,0.0,-0.0005579850533016714,-0.0,-0.0,-0.0,0.0,0.0,-0.0010645981201497083,0.0,-0.0,0.0,-0.0,0.0004199877211331744,-0.0
2020-02-21,-0.0,0.0,0.0,0.0,0.0,0.000672806624039564,0.0,0.0,0.0011986743099123935,-0.0,0.0,0.0,0.0,0.0,0.000706973694508149,0.0,-0.0,-0.0,0.0,0.0006269287922615583,0.0
2020-02-24,-0.0,-0.0,-0.0,-0.0,-0.0,-0.0006010725848168016,-0.0,-0.0,-0.0021265337341114863,-0.0,-0.0,-0.0,-0.0,-0.0,-0.0018848334647311867,-0.0,-0.0,0.0,-0.0,-0.0005867863972106534,-0.0
2020-02-25,-0.0,-0.0,-0.0,0.0,-0.0,-0.0008443137666076407,-0.0,0.0,-0.0005041425149123286,-0.0,-0.0,-0.0,0.0,0.0,-0.0010474415333388656,-0.0,-0.0,0.0,-0.0,-0.0005528173797776404,-0.0
2020-02-26,-0.0,-0.0,-0.0,-0.0,0.0,-0.0005342641720775664,-0.0,-0.0,-0.00014360365431540352,-0.0,-0.0,-0.0,-0.0,-0.0,-0.0007134621017501732,-0.0,-0.0,0.0,-0.0,-0.0012365825808649102,-0.0
2020-02-27,-0.0,-0.0,-0.0,-0.0,-0.0,-0.00038280389855205066,-0.0,-0.0,-0.0004690142251894872,-0.0,-0.0,0.0,0.0,-0.0,-0.0004103081052572341,-0.0,0.0,-0.0,-0.0,-0.0009130202773569807,-0.0
2020-02-28,-0.0,0.0,-0.0,-0.0,0.0,0.0007490521557305819,-0.0,0.0,-0.0009528594558115322,0.0,0.0,0.0,0.0,0.0,0.0009673362848012185,-0.0,0.0,0.0,0.0,0.000621149118631141,0.0
2020-03-02,0.0,-0.0,0.0,0.0,-0.0,-0.00023034406893249052,0.0,0.0,0.0007409625458340333,0.0,-0.0,-0.0,0.0,0.0,0.0007109635125214594,0.0,-0.0,0.0,0.0,-0.0006488715431324688,-0.0
2020-03-03,-0.0,-0.0,0.0,0.0,0.0,0.0009547030583518801,-0.0,-0.0,-0.0010385745758673239,0.0005714785205156892,-0.0,-0.0,-0.0,-0.0,-8.843451141236081e-05,-0.0,0.0,-0.0,0.0,0.0,-0.0
2020-03-04,-0.0,0.0,-0.0,-0.0,0.0,-0.0011333523222759833,-0.0,-0.0,-2.327596386706766e-05,-0.0017843907938406578,0.0,-0.0,0.0,-0.0,0.0002707623994276778,-0.0,-0.0,-0.0,0.0,-0.0,-0.0
2020-03-05,0.0,0.0,0.0,-0.0,0.0,0.0007893395549276142,-0.0,-0.0,0.0005277959218962481,-0.0010953705022349138,-0.0,0.0,-0.0,-0.0,-0.0008644065914218747,-0.0,0.0,0.0,0.0,-0.0,0.0
2020-03-06,0.0,-0.0,-0.0,-0.0,-0.0,-0.00047542828090823717,-0.0,0.0,-0.0004692341981904175,0.0003435050024044125,-0.0,-0.0,0.0,-0.0,-6.679014943840564e-05,0.0,0.0,0.0,-0.0,-0.0,-0.0
2020-03-09,0.0,0.0,-0.0,0.0,0.0,-0.00030800728073064436,-0.0,0.0,0.0021684095204189645,-9.576010389120086e-05,0.0,-0.0,0.0,-0.0,0.0006911204742714982,-0.0,0.0,0.0,0.0,0.0,0.0
2020-03-10,0.0,-0.0,0.0,0.0,0.0,0.0017470018576468207,0.0,0.0,0.0009066518083795257,-0.0006323103063290634,-0.0,-0.0,0.0,0.0,0.0010500294710904811,0.0,0.0,0.0,-0.0,0.0,0.0
2020-03-11,0.0,0.0,0.0,0.0,-0.0,0.0015411323398058301,-0.0,0.0,8.605246697411654e-05,8.18073153545368e-05,0.0,-0.0,-0.0,-0.0,1.185591007739007e-05,0.0,-0.0,-0.0,0.0,0.0,0.0
2020-03-12,0.0,0.0,-0.0,0.0,-0.0,-0.001160507646487552,-0.0,0.0,0.0007572432102252944,0.000477222934504353,-0.0,0.0,0.0,-0.0,0.00011462155606022799,0.0,0.0,0.0,0.0,0.0,0.0
2020-03-13,0.0,0.0,-0.0,0.0,-0.0,0.00030492986905594364,0.0,0.0,0.0003315895706156785,6.423330478076212e-05,0.0,0.0,-0.0,-0.0,-2.759410988786037e-05,0.0,-0.0,-0.0,0.0,0.0,0.0
2020-03-16,0.0,0.0,0.0,0.0,-0.0,0.0016736556174959802,0.0,0.0,0.0012140039488638045,0.0014407077405661094,0.0,0.0,0.0,0.0,0.0021680249316814483,0.0,0.0,0.0,0.0,0.0,0.0
2020-03-17,-0.0,-0.0,0.0,0.0,-0.0,0.00027851503344190247,-0.0,0.0,0.00013677325884404234,0.0001911623584347658,0.0,-0.0,-0.0,-0.0,0.00016319123200621305,-0.0,0.0,-0.0,-0.0,-0.0,-0.0
2020-03-18,-0.0,0.0,-0.0,-0.0,-0.0,0.0009264080481294933,0.0,0.0,-0.00048104256874124284,3.408886170489287e-05,0.0,-0.0,-0.0,-0.0,-0.0012355162203632488,0.0,-0.0,-0.0,0.0,-0.0,-0.0
2020-03-19,-0.0,0.0,-0.0,0.0,0.0,0.0005240597773765303,-0.0,-0.0,-0.00027024943001961277,0.0005245018192438389,0.0,-0.0,-0.0,0.0,4.001299422953582e-05,-0.0,0.0,-0.0,-0.0,-0.0,-0.0
2020-03-20,-0.0,-0.0,-0.0,-0.0,-0.0,-0.0003989170359592284,-0.0,-0.0,-0.0009455499760721021,-0.0005715043028600532,-0.0,0.0,0.0,0.0,-0.0009009908042494781,-0.0,-0.0,-0.0,0.0,-0.0,-0.0
2020-03-23,-0.0,-0.0,-0.0,-0.0,-0.0,0.0009469664567342431,-0.0,-0.0,-0.0020532404664475026,-0.0007073709649264373,0.0,-0.0,-0.0,-0.0,7.30963574784201e-05,-0.0,-0.0,-0.0,-0.0,0.0,-0.0
2020-03-24,0.0,-0.0,-0.0,-0.0,-0.0,0.00017778934796595428,-0.0,-0.0,0.0003111702037849191,7.334597722013327e-05,-0.0,-0.0,-0.0,-0.0,-0.00011081880472332015,0.0,-0.0,-0.0,0.0,-0.0,-0.0
2020-03-25,0.0,0.0,-0.0,-0.0,0.0,-0.00029047988008088795,-0.0,-0.0,-0.00042637435607742566,0.0003512041726708183,-0.0,0.0,-0.0,0.0,0.000843392038187582,-0.0,0.0,0.0,-0.0,0.0,-0.0
2020-03-26,0.0,-0.0,0.0,0.0,0.0,-0.0001988779876986757,-0.0,0.0,0.0002963029827070612,-0.00042763338593297364,0.0,-0.0,-0.0,0.0,0.000936846807774658,0.0,0.0,0.0,-0.0,-0.0,0.0
2020-03-27,0.0,-0.0,0.0,0.0,0.0,0.0009549377996313389,0.0,-0.0,-0.0004936974802539537,-2.4827928211013454e-05,0.0,0.0,0.0,0.0,0.0007103552261392899,0.0,0.0,-0.0,-0.0,0.0,0.0
2020-03-30,-0.0,0.0,-0.0,-0.0,-0.0,-0.001030028228900824,-0.0,-0.0,-0.0009247365569914215,-0.000109034407119307,-0.0,0.0,-0.0,-0.0,0.0003863017802552236,-0.0,0.0,0.0,-0.0,-0.0,-0.0
2020-03-31,0.0,0.0,0.0,0.0,-0.0,0.00023912583229891896,0.0,0.0,-0.00021001527291334565,0.00010164033162504594,-0.0,0.0,-0.0,-0.0,0.001121149292673573,0.0,-0.0,0.0,-0.0,-0.0,0.0
2020-04-01,-0.0,0.0,-0.0,-0.0,0.0,0.00026993417764087135,0.0,0.0,0.0010710700469049427,4.614693813487727e-05,0.0,0.0,0.0,0.0,-6.375184340265942e-05,-0.0,-0.0,-0.0,0.0,-0.0,0.0
2020-04-02,-0.0,0.0,-0.0,0.0,0.0,0.0,-0.0,-7.373984404689395e-05,0.0007539020660195963,-0.0,-0.0,-0.0,0.0,0.0,-0.0008794125069133909,0.0,0.0011347931719342121,-0.0,-0.0,-0.0,-0.0
2020-04-03,0.0,-0.0,-0.0,0.0,-0.0,-0.0,-0.0,0.0008602335230535808,-0.000339201998280218,-0.0,-0.0,-0.0,-0.0,-0.0,-0.0009272089696718718,-0.0,6.883648165627727e-05,-0.0,-0.0,-0.0,-0.0
2020-04-06,0.0,-0.0,0.0,0.0,-0.0,-0.0,0.0,0.000786965793994239,-5.82464615906016e-05,0.0,0.0,-0.0,0.0,0.0,0.000813633565361914,0.0,5.995330633180177e-06,0.0,0.0,-0.0,0.0
2020-04-07,-0.0,0.0,0.0,-0.0,0.0,0.0,-0.0,0.0016128308558807116,-0.0010708925493705453,0.0,0.0,0.0,0.0,0.0,-0.0014232461024907027,0.0,0.00015746396716226173,0.0,0.0,-0.0,0.0
2020-04-08,-0.0,-0.0,-0.0,-0.0,-0.0,-0.0,0.0,-0.0011414700701058804,-0.00024155881023136828,-0.0,-0.0,-0.0,-0.0,-0.0,-0.0007904778384887716,-0.0,-6.473865491541827e-05,-0.0,-0.0,-0.0,-0.0
2020-04-09,-0.0,0.0,0.0,0.0,-0.0,0.0,-0.0,0.000532142157323213,-0.0004967599913714686,0.0,-0.0,-0.0,0.0,0.0,-0.00020698170430922367,-0.0,-0.00011969089961341284,-0.0,-0.0,-0.0,-0.0
2020-04-13,0.0,0.0,-0.0,0.0,0.0,0.0,0.0,-0.00011414274273514211,-0.0006164334828415751,-0.0,0.0,-0.0,0.0,-0.0,0.0009803630946720455,0.0,0.0002620115460713904,0.0,-0.0,-0.0,0.0
2020-04-14,-0.0,-0.0,-0.0,0.0,-0.0,0.0,-0.0,-0.0009085144600377277,-0.0004633293858179383,0.0,-0.0,-0.0,-0.0,-0.0,-0.000561682050519908,-0.0,0.0009454301011514158,-0.0,0.0,-0.0,-0.0
2020-04-15,0.0,-0.0,-0.0,0.0,0.0,0.0,0.0,0.0016465188012957448,-0.00011429019253241818,0.0,-0.0,-0.0,0.0,0.0,-0.00013713280991042056,-0.0,-0.0007729113191686499,0.0,0.0,-0.0,0.0
2020-04-16,-0.0,-0.0,-0.0,-0.0,-0.0,0.0,-0.0,-0.0013862050642401706,-0.0018191568202843606,0.0,-0.0,-0.0,-0.0,-0.0,0.00011344886084848833,-0.0,-0.0004497406104474965,-0.0,-0.0,-0.0,-0.0
2020-04-17,0.0,0.0,0.0,0.0,0.0,0.0,0.0,-0.0008217469880623051,-0.0001993611722793228,0.0,0.0,0.0,0.0,0.0,0.0006764778654935664,0.0,-9.821963147452475e-05,0.0,0.0,0.0,0.0
2020-04-20,0.0,0.0,0.0,0.0,0.0,0.0,0.0,0.00021699547993009005,0.0009053362406820352,-0.0,0.0,0.0,0.0,-0.0,0.0005220276541401198,-0.0,0.0018319777029560255,0.0,-0.0,0.0,0.0
2020-04-21,0.0,-0.0,-0.0,-0.0,-0.0,0.0,-0.0,-0.0015577153914341753,-0.0005685391180999614,0.0,-0.0,-0.0,-0.0,-0.0,-0.00046539268198476306,-0.0,7.652734878169769e-05,0.0,0.0,-0.0,-0.0
2020-04-22,-0.0,-0.0,0.0,-0.0,0.0,0.0,0.0,-0.00045215987641831666,0.0005486694568146085,0.0,0.0,0.0,0.0,-0.0,0.00040610293498023775,0.0,-0.00027576994224076884,0.0,0.0,0.0,0.0
2020-04-23,0.0,-0.0,-0.0,-0.0,-0.0,-0.0,-0.0,-0.0019320586300206031,-0.0011941934459476077,-0.0,-0.0,-0.0,-0.0,-0.0,-0.0015472182662733772,-0.0,-0.002463155294106175,-0.0,-0.0,-0.0,-0.0
2020-04-24,-0.0,-0.0,-0.0,0.0,0.0,-0.0,0.0,-0.0006022794462890319,9.244418599366502e-05,-0.0,0.0,-0.0,-0.0,-0.0,-0.000846024436639715,-0.0,-0.0008940507466153238,-0.0,-0.0,-0.0,-0.0
2020-04-27,0.0,0.0,-0.0,-0.0,0.0,-0.0,-0.0,-0.0015565203103412551,-0.0007098592393775731,0.0,-0.0,0.0,0.0,-0.0,0.0008353300192577797,-0.0,-2.4239778726427945e-05,-0.0,-0.0,-0.0,-0.0
2020-04-28,-0.0,-0.0,-0.0,-0.0,-0.0,-0.0,-0.0,0.00023875694280063172,-0.00040910120760864147,-0.0,-0.0,-0.0,0.0,-0.0,-0.0005444452162564812,-0.0,0.0002227738413727041,-0.0,0.0,-0.0,-0.0
2020-04-29,-0.0,0.0,0.0,0.0,-0.0,0.0,0.0,-0.0008739832851622553,0.0008183266049798619,-0.0,0.0,0.0,0.0,0.0,9.437393348916632e-05,0.0,-0.0003587705177725761,-0.0,-0.0,-0.0,0.0
2020-04-30,0.0,0.0,0.0,0.0,0.0,-0.0,0.0,0.0009979730875038452,0.0006650599573298471,0.0,0.0,0.0,0.0,0.0,0.00042207413924032265,0.0,0.000555863563304516,0.0,0.0,0.0,0.0
2020-05-01,-0.0,-0.0,-0.0,-0.0,-0.0,-0.0,-0.0,-0.0008467949411369063,0.00013600641112575468,-0.0,-0.0,-0.0,-0.0,-0.0,-0.000498099511702747,-0.0,-0.001006636473648429,-0.0,-0.0,0.0,-0.0
2020-05-04,-0.0,-0.0,0.0,-0.0,0.0,0.0,-0.0,0.0001192657456432045,-0.0016248738903946295,0.0,0.0,-0.0,-0.0,-0.0,-0.0008503035681029726,-0.0,-0.00100110920341856,-0.0,0.0,-0.0,-0.0
2020-05-05,0.0,0.0,-0.0,-0.0,-0.0,-0.0,0.0,0.00039020456916446107,-0.00043500699630309573,0.0,-0.0,-0.0,-0.0,0.0,-0.00011488560478810174,0.0,-0.0002163818056403455,0.0,0.0,0.0,0.0
2020-05-06,0.0,0.0,0.0,0.0,0.0,0.0,0.0,0.001758960185187138,-0.0002751224849011989,0.0,0.0,0.0,-0.0,0.0,0.00031477415084697703,0.0,0.00024897846189613485,0.0,0.0,0.0,0.0
2020-05-07,0.0,0.0,-0.0,-0.0,-0.0,-0.0,0.0,-0.0009496099635907712,-0.0011633734500833103,-0.0,-0.0,-0.0,-0.0,-0.0,-0.0005336111426875497,0.0,-0.00037897219478824753,-0.0,-0.0,-0.0,-0.0
2020-05-08,0.0,0.0,-0.0,0.0,0.0,0.0,-0.0,-0.00017850538372581835,4.0483399925894605e-05,0.0,-0.0,0.0,0.0,-0.0,-0.0007569087139912689,-0.0,-0.00018644168210058904,0.0,0.0,0.0,0.0
2020-05-11,0.0,0.0,0.0,0.0,0.0,0.0,0.0,0.0013421235763926896,0.001565852961130881,0.0,0.0,0.0,-0.0,0.0,0.0013004397331187233,0.0,0.0010280349033892,0.0,0.0,0.0,0.0
2020-05-12,-0.0,-0.0,0.0,-0.0,-0.0,-0.0,-0.0,-0.00019895110321044163,-0.0010043651196615948,-0.0,-0.0,-0.0,-0.0,-0.0,-0.0012894095982587353,-0.0,-0.0006982977027103353,-0.0,-0.0,-0.0,-0.0
2020-05-13,-0.0,-0.0,-0.0,-0.0,-0.0,-0.0,-0.0,-0.00013278799751492807,-0.0010951979209405007,-0.0,-0.0,0.0,-0.0,-0.0,-0.0002020465289095282,-0.0,-0.0016585274304396665,-0.0,-0.0,-0.0,-0.0
2020-05-14,-0.0,-0.0,-0.0,0.0,0.0,0.0,-0.0,-1.4909584938352447e-06,-0.0012675182736578928,-0.0,0.0,-0.0,-0.0,0.0,0.00011131580795273441,0.0,0.00018468202518639917,0.0,0.0,-0.0,-0.0
2020-05-15,-0.0,-0.0,-0.0,-0.0,-0.0,-0.0,-0.0,-0.00012164114878774028,-0.00108001369691133,-0.0,-0.0,0.0,-0.0,0.0,-0.00020561782845591726,-0.0,-0.00013184375013525286,-0.0,-0.0,-0.0,-0.0
2020-05-18,0.0,0.0,0.0,0.0,0.0,-0.0,0.0,0.0004532619874672676,0.0006455707707763308,0.0,-0.0,0.0,0.0,0.0,0.0010440438552495517,0.0,0.0006013035436293473,0.0,-0.0,0.0,0.0
2020-05-19,-0.0,0.0,-0.0,0.0,0.0,-0.0,0.0,0.0004464052359324228,0.000724295828006626,0.0,0.0,-0.0,-0.0,-0.0,0.00122908769549871,0.0,5.1696485899492464e-05,-0.0,0.0,0.0,0.0
2020-05-20,-0.0,-0.0,-0.0,-0.0,-0.0,-0.0,-0.0,0.0004557093940702735,-0.0012186630918040605,-0.0,-0.0,-0.0,-0.0,-0.0,-9.596067501825356e-05,-0.0,-0.001151675240450242,-0.0,-0.0,-0.0,-0.0
2020-05-21,0.0,0.0,-0.0,0.0,-0.0,0.0,0.0,0.00013450943537699232,0.0010827063867850462,-0.0,0.0,0.0,-0.0,-0.0,-0.0006219042194801625,0.0,0.00032768315993440106,0.0,0.0,0.0,0.0
2020-05-22,-0.0,-0.0,-0.0,-0.0,-0.0,0.0,-0.0,-0.0005910404890937568,-0.0009329061600853022,-0.0,0.0,0.0,0.0,-0.0,-0.0007355017383966974,-0.0,-0.0002398598493547158,-0.0,0.0,-0.0,-0.0
2020-05-26,0.0,0.0,0.0,0.0,0.0,0.0,0.0,0.0004308758275055012,0.00042694711480987667,0.0,0.0,0.0,0.0,0.0,0.00038363265695035963,0.0,-9.942359838250681e-05,0.0,0.0,-0.0,0.0
2020-05-27,-0.0,0.0,0.0,-0.0,-0.0,0.0,-0.0,-7.114056228870686e-05,-0.0005276253526861839,-0.0,-0.0,-0.0,-0.0,-0.0,0.0001056781119411847,-0.0,0.000741386504795356,0.0,0.0,0.0,-0.0
2020-05-28,-0.0,0.0,0.0,-0.0,-0.0,0.0,-0.0,-0.0019031538439629996,0.0006845415183396325,0.0,0.0,-0.0,0.0,0.0,-0.0007094582635072144,-0.0,-0.0008167291865413231,-0.0,0.0,0.0,-0.0
2020-05-29,0.0,0.0,0.0,-0.0,0.0,-0.0,0.0,0.0002240393186857731,0.0003884502822535837,-0.0,0.0,0.0,0.0,0.0,-7.892222084393223e-05,0.0,0.00035119891153292856,-0.0,-0.0,-0.0,0.0
2020-06-01,0.0,0.0,0.0,0.0,0.0,0.0,0.0,0.0010799022728845544,-0.0007860494455796729,0.0,0.0,0.0,-0.0,-0.0,-7.549891790546606e-05,-0.0,0.001225280513590261,0.0,0.0,0.0,0.0
2020-06-02,-0.0,0.0,-0.0,0.001007939155309301,-0.0,-0.0,-0.0,-0.0,0.0,0.0,-0.0001775972704119111,0.0,0.0,0.0,0.0004706579766343255,-0.0,2.2191129967552574e-05,-0.0,-0.0,-0.0,0.0
2020-06-03,0.0,-0.0,-0.0,-0.0016789210881170851,0.0,-0.0,-0.0,-0.0,0.0,-0.0,0.00024344498778479715,-0.0,-0.0,-0.0,-0.0004908138456749066,-0.0,-0.0007667078218961101,-0.0,-0.0,-0.0,-0.0
2020-06-04,-0.0,0.0,-0.0,0.00010074781102769665,-0.0,0.0,0.0,0.0,0.0,-0.0,-0.0001270980051961058,0.0,0.0,0.0,-0.000536951496150292,0.0,-0.0012146225972160833,0.0,0.0,0.0,0.0
2020-06-05,-0.0,0.0,-0.0,-0.0007243948975218014,-0.0,0.0,-0.0,-0.0,-0.0,-0.0,-0.0003392959243688046,-0.0,-0.0,-0.0,-0.0009264252038194512,-0.0,-0.0019237256957100538,-0.0,-0.0,-0.0,-0.0
2020-06-08,0.0,0.0,0.0,-0.0006633456741017974,-0.0,0.0,-0.0,-0.0,0.0,-0.0,-0.00015767789931747924,0.0,0.0,-0.0,-0.001175016761990876,-0.0,0.00012037462722455281,-0.0,-0.0,-0.0,0.0
2020-06-09,-0.0,-0.0,0.0,-0.0020711132208130444,-0.0,-0.0,-0.0,-0.0,0.0,-0.0,-0.0006004675779421416,-0.0,-0.0,-0.0,-0.002417369144562891,-0.0,-0.0006352516671306274,-0.0,-0.0,-0.0,-0.0
2020-06-10,-0.0,-0.0,0.0,-0.00020357217599752255,-0.0,-0.0,-0.0,0.0,0.0,0.0,-0.00040263035505101383,-0.0,0.0,0.0,0.0005778919077990517,0.0,0.0010039874650746104,0.0,-0.0,0.0,0.0
2020-06-11,-0.0,-0.0,0.0,-0.0006707615985410842,0.0,-0.0,0.0,-0.0,-0.0,-0.0,-0.000702138941915846,0.0,-0.0,0.0,-0.000213445325344879,-0.0,0.00011714786088494109,0.0,-0.0,-0.0,-0.0
2020-06-12,0.0,0.0,-0.0,-0.0016580615380843492,-0.0,0.0,-0.0,-0.0,-0.0,-0.0,-0.0011383525766399834,-0.0,-0.0,-0.0,-0.0005681556385434403,-0.0,-0.0017893892577070915,-0.0,0.0,-0.0,-0.0
2020-06-15,0.0,0.0,0.0,0.0005096684137051432,0.0,0.0,-0.0,0.0,0.0,0.0,0.0008618010509244914,0.0,0.0,-0.0,0.0014710005851233117,0.0,0.0012579032997242947,0.0,0.0,0.0,0.0
2020-06-16,-0.0,-0.0,-0.0,0.000917006007216195,-0.0,-0.0,0.0,0.0,-0.0,0.0,0.00025768270882908735,0.0,0.0,0.0,-0.0010043384330678203,0.0,-0.0006722143320385733,0.0,0.0,0.0,0.0
2020-06-17,-0.0,0.0,-0.0,0.00024720112902360415,0.0,-0.0,-0.0,-0.0,0.0,-0.0,0.0002810861533648152,-0.0,0.0,-0.0,-0.0017324827739744419,-0.0,0.0002628863462189184,-0.0,-0.0,0.0,-0.0
2020-06-18,0.0,0.0,0.0,0.0007112936659065464,-0.0,-0.0,0.0,0.0,0.0,-0.0,0.0002445502168399378,0.0,0.0,0.0,3.5043839612698163e-05,-0.0,0.0004942733167141475,0.0,0.0,0.0,0.0
2020-06-19,-0.0,-0.0,0.0,-0.0014850639732153887,-0.0,0.0,0.0,-0.0,0.0,-0.0,-0.0003816477441717489,-0.0,-0.0,-0.0,-0.0016352192657890076,-0.0,0.0016289361865619927,-0.0,0.0,0.0,-0.0
2020-06-22,-0.0,0.0,0.0,0.0005088474223990894,0.0,-0.0,-0.0,0.0,-0.0,0.0,0.00046444352534678467,0.0,-0.0,-0.0,-0.0003752543745121509,-0.0,-0.0003834625792843748,-0.0,0.0,-0.0,0.0
2020-06-23,0.0,-0.0,-0.0,0.00025458588567452264,0.0,-0.0,0.0,0.0,0.0,0.0,0.0007630081929203923,-0.0,-0.0,-0.0,0.0005304801929661097,0.0,0.00010845831691579987,-0.0,-0.0,0.0,0.0
2020-06-24,0.0,0.0,0.0,-3.815969588616826e-05,-0.0,0.0,0.0,-0.0,-0.0,-0.0,-0.0013580642556038315,-0.0,0.0,0.0,-0.00012065669020859166,0.0,-0.00022389770433113495,-0.0,0.0,-0.0,-0.0
2020-06-25,0.0,0.0,0.0,0.001577747973415701,0.0,0.0,-0.0,0.0,0.0,0.0,0.000494407984310589,0.0,-0.0,-0.0,0.000930333255119604,0.0,0.00010368679691231206,0.0,-0.0,-0.0,0.0
2020-06-26,-0.0,-0.0,-0.0,-0.0008490743715126113,0.0,-0.0,-0.0,-0.0,0.0,-0.0,-0.0008549746807619828,-0.0,0.0,0.0,-2.7051925539211555e-05,-0.0,-0.0009758576224698106,0.0,0.0,-0.0,-0.0
2020-06-29,-0.0,0.0,-0.0,-0.0021767028229449873,-0.0,0.0,0.0,0.0,-0.0,-0.0,0.00041281913020949816,0.0,-0.0,0.0,-0.0004751844256007168,-0.0,0.0012995220820573212,0.0,0.0,0.0,-0.0
2020-06-30,0.0,0.0,0.0,3.450492618088741e-05,0.0,0.0,0.0,0.0,-0.0,0.0,0.0020681335410015003,-0.0,-0.0,0.0,0.0003815376054732447,0.0,0.0003448319626138057,0.0,0.0,0.0,0.0
2020-07-01,-0.0,-0.0,-0.0,-0.00022082305199848157,0.0,-0.0,-0.0,-0.0,0.0,-0.0,-0.0024343116402663666,-0.0,-0.0,-0.0,-0.00025065350196970326,-0.0,-0.0010216191463734098,0.0,0.0,-0.0,-0.0
2020-07-02,-0.0,-0.0,-0.0,-0.0013218088540968955,-0.0,-0.0,-0.0,-0.001121442095436487,-0.0,-0.0,-0.0,-0.0,-0.0,-0.0,-0.00241177062170338,-0.0,-0.0014172364563043382,-0.0,-0.0,-0.0,-0.0
2020-07-06,0.0,0.0,0.0,6.124830755585343e-05,0.0,0.0,0.0,0.0018500459591776462,0.0,0.0,0.0,0.0,0.0,0.0,-0.0012882001986388432,0.0,0.0010395681876189094,0.0,0.0,0.0,0.0
2020-07-07,0.0,0.0,0.0,0.00044075513645826193,0.0,0.0,0.0,0.0022699026144044534,0.0,0.0,0.0,0.0,0.0,0.0,0.001655750956846176,0.0,0.0009594701777180196,0.0,0.0,0.0,0.0
2020-07-08,-0.0,0.0,-0.0,-0.00046054266025197856,0.0,-0.0,-0.0,-2.4407717092154908e-05,-0.0,0.0,0.0,-0.0,-0.0,-0.0,-5.1339869391299184e-05,0.0,0.00045325729075752715,-0.0,-0.0,-0.0,-0.0
2020-07-09,-0.0,0.0,-0.0,-0.0019202730858853883,-0.0,-0.0,-0.0,0.00044002488231775576,-0.0,-0.0,-0.0,-0.0,-0.0,0.0,2.3854817788065353e-05,-0.0,-0.0009765445688829823,-0.0,-0.0,-0.0,-0.0
2020-07-10,-0.0,0.0,0.0,0.0001949870359273237,0.0,-0.0,0.0,-0.0006247146991530406,-0.0,-0.0,-0.0,-0.0,-0.0,-0.0,0.00031800396314388124,-0.0,-0.00014964926627155148,-0.0,-0.0,0.0,-0.0
2020-07-13,0.0,-0.0,-0.0,-0.0004254992585802576,-0.0,-0.0,0.0,-0.0010088328400460788,-0.0,-0.0,-0.0,-0.0,-0.0,0.0,6.560883857647473e-05,0.0,0.00024114361330075266,0.0,-0.0,-0.0,-0.0
2020-07-14,-0.0,-0.0,-0.0,-0.0005181405172401216,0.0,-0.0,-0.0,-0.00010560693424601505,0.0,-0.0,-0.0,0.0,-0.0,-0.0,-0.0003100402126069518,-0.0,-0.0006930658609976472,0.0,0.0,0.0,-0.0
2020-07-15,-0.0,-0.0,-0.0,-0.0011039476218246322,-0.0,-0.0,-0.0,-0.0008934830023513625,-0.0,-0.0,-0.0,-0.0,-0.0,-0.0,-0.0011628344747937121,-0.0,-0.0010218241016804349,-0.0,-0.0,-0.0,-0.0
2020-07-16,0.0,-0.0,0.0,0.0004975012309467721,0.0,0.0,0.0,-0.001414094222631003,-0.0,0.0,-0.0,0.0,0.0,-0.0,0.00013571815849000124,0.0,0.0003174641076282222,0.0,0.0,0.0,0.0
2020-07-17,-0.0,0.0,-0.0,0.0003218760281290858,0.0,0.0,0.0,-0.00015292370367638535,0.0,0.0,0.0,0.0,0.0,-0.0,0.0009524523084319282,-0.0,0.0009521984775092157,0.0,0.0,-0.0,0.0
2020-07-20,-0.0,-0.0,-0.0,-0.0006608666322729671,-0.0,-0.0,-0.0,-0.0005855969044035501,-0.0,0.0,-0.0,-0.0,-0.0,-0.0,-0.0004950504172880885,-0.0,-0.0010014001889759507,-0.0,-0.0,-0.0,-0.0
2020-07-21,0.0,-0.0,0.0,0.0005074374897790219,0.0,-0.0,-0.0,0.0003601412644905995,0.0,0.0,-0.0,0.0,0.0,-0.0,0.001039425482951937,0.0,0.00017954892806972456,0.0,-0.0,0.0,0.0
2020-07-22,0.0,0.0,0.0,0.001069373802416014,0.0,0.0,0.0,0.0006152176889638877,0.0,0.0,0.0,0.0,0.0,0.0,0.0012255867678556455,0.0,-0.0003148606138028532,0.0,0.0,-0.0,0.0
2020-07-23,0.0,0.0,-0.0,-0.0005991554961206087,-0.0,-0.0,-0.0,0.00013663088453715484,-0.0,-0.0,-0.0,-0.0,0.0,-0.0,-0.00052406949298972,0.0,-0.00037527303281969094,-0.0,0.0,-0.0,0.0
2020-07-24,-0.0,-0.0,0.0,-0.0006671572444105962,-0.0,-0.0,-0.0,-9.264234588777208e-05,-0.0,0.0,-0.0,0.0,0.0,0.0,0.000632982871992852,-0.0,-0.0013186306773470052,-0.0,-0.0,-0.0,-0.0
2020-07-27,0.0,-0.0,0.0,-0.0003322002694470877,-0.0,-0.0,0.0,0.0004335861774801086,0.0,-0.0,-0.0,-0.0,0.0,-0.0,0.0006842370424415507,0.0,-0.0010257556145907318,0.0,-0.0,-0.0,-0.0
2020-07-28,-0.0,-0.0,0.0,0.0017268293342341818,0.0,0.0,0.0,-9.488491645829065e-05,-0.0,0.0,0.0,-0.0,-0.0,-0.0,0.0004913402701937143,0.0,0.0005908193752410968,0.0,0.0,0.0,0.0
2020-07-29,-0.0,-0.0,-0.0,-0.0018526505444743464,0.0,-0.0,-0.0,-0.0003489416683809032,-0.0,-0.0,-0.0,-0.0,-0.0,-0.0,-0.0005782797841324879,-0.0,0.001323743294214934,-0.0,0.0,-0.0,-0.0
2020-07-30,0.0,0.0,-0.0,-0.00018242425713712473,-0.0,0.0,0.0,-0.0006632943861157712,-0.0,-0.0,-0.0,0.0,-0.0,0.0,0.0004582589831389904,-0.0,0.00023489329024004146,0.0,0.0,0.0,0.0
2020-07-31,-0.0,-0.0,-0.0,-0.0001330732979880286,-0.0,0.0,0.0,-0.0005589291533379735,0.0,-0.0,0.0,0.0,-0.0,0.0,-0.0005445313904937496,0.0,2.445374820060751e-05,0.0,-0.0,0.0,-0.0
2020-08-03,0.0,0.0,0.0,0.0007951556315536213,0.0,0.0,0.0,0.0022184198243879443,0.0,0.0,0.0,0.0,0.0,0.0,0.0008732554376296083,0.0,0.0005071469312096072,0.0,0.0,-0.0,0.0
2020-08-04,-0.0,0.0,-0.0,0.0006647419480756422,0.0002274448308874355,0.0,-0.0,-0.0,-0.0,-0.0,3.887130595114918e-05,-0.0,0.0,0.0,-0.0,0.0,-0.0,-0.0,-0.0014219902855388544,0.0,-0.0
2020-08-05,-0.0,0.0,0.0,0.0007337718436131244,0.0008551692598781865,0.0,0.0,0.0,0.0,0.0,0.002014953788959752,0.0,0.0,0.0,0.0,-0.0,0.0,0.0,0.001400891365723159,0.0,0.0
2020-08-06,-0.0,-0.0,-0.0,-0.0007790497498610338,-0.0009193852553132587,0.0,-0.0,-0.0,-0.0,-0.0,-0.0007383711176430918,-0.0,-0.0,-0.0,0.0,-0.0,-0.0,-0.0,-0.0015559132713669488,-0.0,-0.0
2020-08-07,0.0,0.0,0.0,0.0009147465422227872,-0.0003238339355773867,0.0,-0.0,-0.0,-0.0,-0.0,0.0006285165251907822,0.0,-0.0,0.0,0.0,0.0,-0.0,0.0,0.0005234814749296167,-0.0,0.0
2020-08-10,-0.0,0.0,0.0,0.0014758513967883663,0.0015399853264938589,0.0,0.0,0.0,0.0,0.0,0.0002806945486702933,0.0,0.0,-0.0,0.0,0.0,0.0,-0.0,0.0010402654501689764,-0.0,0.0
2020-08-11,-0.0,-0.0,0.0,0.0005209718531153264,-0.0004430170692703819,-0.0,-0.0,0.0,-0.0,0.0,-0.0004484740452111489,-0.0,-0.0,-0.0,0.0,-0.0,-0.0,-0.0,-0.0007593952905081254,-0.0,-0.0
2020-08-12,0.0,-0.0,0.0,1.4605768848236565e-05,-0.0011108411181586242,0.0,-0.0,0.0,-0.0,-0.0,0.0004363915531974673,0.0,0.0,-0.0,-0.0,0.0,0.0,-0.0,-0.0005354858637410096,-0.0,0.0
2020-08-13,0.0,0.0,0.0,0.0006752206845479713,0.0009133476994507383,0.0,0.0,0.0,0.0,0.0,0.0007348279422395973,0.0,0.0,-0.0,-0.0,0.0,0.0,0.0,0.0015841525663601828,0.0,0.0
2020-08-14,0.0,0.0,-0.0,-0.0001427909550771936,0.0006729283972887937,0.0,-0.0,-0.0,-0.0,0.0,0.00015874178476827928,-0.0,0.0,-0.0,-0.0,0.0,0.0,-0.0,0.00032488575093168306,-0.0,-0.0
2020-08-17,0.0,-0.0,-0.0,-0.0008602447778906114,-0.0008315218795777472,-0.0,-0.0,-0.0,-0.0,-0.0,-0.0014363369253541341,-0.0,-0.0,-0.0,-0.0,-0.0,-0.0,-0.0,-0.001722327716798648,-0.0,-0.0
2020-08-18,-0.0,0.0,-0.0,-0.0006089071129917281,-0.0006313386773595869,0.0,-0.0,-0.0,0.0,0.0,-0.00045179324449514915,0.0,0.0,-0.0,0.0,0.0,0.0,0.0,9.693530307107206e-05,-0.0,0.0
2020-08-19,-0.0,-0.0,-0.0,0.00016449976591714565,-0.0011846687507029029,-0.0,0.0,0.0,-0.0,-0.0,-0.0009759074073021783,0.0,-0.0,-0.0,-0.0,-0.0,0.0,-0.0,-0.0010781410356362072,-0.0,-0.0
2020-08-20,-0.0,-0.0,-0.0,-3.761170837964713e-05,-0.0008133514977297502,0.0,-0.0,0.0,0.0,0.0,-0.00043771760345740537,-0.0,-0.0,0.0,0.0,-0.0,0.0,-0.0,0.0005494724554350671,0.0,-0.0
2020-08-21,0.0,-0.0,0.0,-6.848364501145468e-05,0.001009852558550948,-0.0,0.0,-0.0,-0.0,0.0,0.0006734303850126995,-0.0,-0.0,-0.0,-0.0,-0.0,-0.0,0.0,5.013189805425063e-05,-0.0,-0.0
2020-08-24,0.0,-0.0,0.0,-0.0018822872231601966,-0.0009838059709243328,-0.0,-0.0,-0.0,-0.0,-0.0,-0.0012733504381876612,-0.0,-0.0,-0.0,-0.0,-0.0,-0.0,-0.0,0.00012274983814361537,-0.0,-0.0
2020-08-25,-0.0,-0.0,-0.0,-0.0008602867236920919,-0.0020342565257921966,-0.0,-0.0,-0.0,-0.0,-0.0,-0.00043549781485428623,-0.0,-0.0,-0.0,-0.0,0.0,0.0,0.0,-0.001529990169041162,0.0,-0.0
2020-08-26,-0.0,0.0,0.0,-0.0010527326202772148,0.0005314357569785993,0.0,0.0,0.0,-0.0,0.0,0.0004643130854829424,0.0,0.0,0.0,0.0,0.0,0.0,-0.0,0.0004301386487817606,0.0,0.0
2020-08-27,0.0,-0.0,-0.0,-0.0006871032583060816,-0.0001784211205912441,0.0,-0.0,0.0,0.0,-0.0,-0.0005912610052193154,-0.0,-0.0,-0.0,0.0,0.0,-0.0,0.0,-0.00028579714390010804,0.0,-0.0
2020-08-28,-0.0,-0.0,-0.0,-0.0018045624523875432,-0.0016916983765159956,-0.0,-0.0,-0.0,-0.0,-0.0,-0.0005072388795310907,-0.0,-0.0,-0.0,-0.0,-0.0,-0.0,-0.0,-0.0012245897270495762,-0.0,-0.0
2020-08-31,0.0,0.0,0.0,0.0006369989121655834,-0.00025379458166337876,0.0,-0.0,0.0,0.0,0.0,0.0009614594087309856,0.0,0.0,0.0,-0.0,0.0,0.0,-0.0,5.221817344443358e-05,0.0,0.0
2020-09-01,0.0,0.0,-0.0,0.0014547051551635818,-0.0005563834455109358,0.0,0.0,-0.0,0.0,0.0,0.00016497153444459514,-0.0,-0.0,-0.0,-0.0,0.0,-0.0,0.0,-0.0013754775984126568,-0.0,0.0
2020-09-02,-0.0,-0.0,0.0,1.1065324505366014e-05,0.0003713737693660013,-0.0,-0.0,0.0,-0.0,0.0,-0.0,-0.0,0.0,-0.0,-0.0009111684240880824,-0.0,0.0,-0.0,8.608118771156193e-05,-0.0,-0.0
2020-09-03,-0.0,-0.0,-0.0,0.0002871153764118967,-0.0005559681874080553,-0.0,-0.0,-0.0,-0.0,-0.0,-0.0,-0.0,-0.0,-0.0,-0.0013369934131933104,0.0,0.0,-0.0,-0.000690290409061034,-0.0,-0.0
2020-09-04,0.0,-0.0,0.0,0.0009355347179815853,0.0008143325777574057,0.0,0.0,0.0,-0.0,0.0,-0.0,0.0,0.0,-0.0,0.0005005868765998883,-0.0,0.0,0.0,-0.0001030034678183062,0.0,0.0
2020-09-08,-0.0,-0.0,0.0,0.0010065062605062198,0.0003800636785930529,-0.0,-0.0,0.0,0.0,-0.0,-0.0,0.0,0.0,0.0,0.0008795697269254917,0.0,-0.0,0.0,-0.0001441896316711007,0.0,0.0
2020-09-09,0.0,0.0,0.0,0.0026997918368194484,0.0015875800256537904,0.0,0.0,0.0,0.0,0.0,0.0,0.0,0.0,0.0,0.0014137312463203028,0.0,0.0,0.0,0.0005209932918215243,0.0,0.0
2020-09-10,0.0,0.0,0.0,-0.0002774942634357593,-8.355445566132179e-05,0.0,-0.0,0.0,0.0,0.0,-0.0,0.0,-0.0,-0.0,-0.000355185317773995,-0.0,0.0,0.0,-0.0010434647040916093,0.0,0.0
2020-09-11,-0.0,0.0,0.0,-0.0003437017634861826,8.512345600602892e-05,0.0,0.0,-0.0,0.0,0.0,-0.0,0.0,-0.0,0.0,8.989241962065761e-05,0.0,0.0,0.0,0.0009359387558810439,0.0,0.0
2020-09-14,-0.0,-0.0,0.0,0.0003991146853510468,0.0007464534176028767,0.0,0.0,0.0,-0.0,-0.0,-0.0,-0.0,-0.0,0.0,-0.0008068039767626294,-0.0,-0.0,0.0,0.0003136162007433005,0.0,-0.0
2020-09-15,-0.0,0.0,0.0,0.0004836850796029501,0.0014958752977306362,0.0,-0.0,0.0,0.0,-0.0,0.0,0.0,-0.0,-0.0,0.0011413911348327635,-0.0,0.0,-0.0,-0.00047392241926718753,0.0,0.0
2020-09-16,0.0,0.0,0.0,0.0005361843420961781,-0.0005137792873922771,0.0,-0.0,-0.0,0.0,0.0,0.0,-0.0,-0.0,0.0,0.0013849708467166266,0.0,-0.0,-0.0,0.002093972990442333,0.0,0.0
2020-09-17,0.0,0.0,-0.0,0.0005606457127946869,0.0005822993901893595,0.0,0.0,-0.0,0.0,0.0,0.0,0.0,-0.0,0.0,-0.0004077447770238669,-0.0,-0.0,0.0,-7.74203460569404e-05,0.0,0.0
2020-09-18,0.0,0.0,-0.0,-0.0007324873096594255,0.00031662199815680596,-0.0,-0.0,-0.0,-0.0,-0.0,-0.0,-0.0,-0.0,-0.0,-0.00012133035171904329,0.0,0.0,0.0,0.00021878218767181748,0.0,-0.0
2020-09-21,0.0,0.0,-0.0,0.0009383197990396844,0.0011253352805956768,-0.0,-0.0,-0.0,-0.0,-0.0,0.0,-0.0,0.0,-0.0,-0.0007787118629542987,-0.0,0.0,-0.0,-0.00023130719564451116,-0.0,-0.0
2020-09-22,0.0,0.0,-0.0,-0.0010785291544210787,0.0010372307623278884,-0.0,-0.0,0.0,0.0,0.0,-0.0,-0.0,0.0,-0.0,-0.00021207148860058917,-0.0,-0.0,0.0,-0.0011409753570499179,0.0,-0.0
2020-09-23,0.0,0.0,0.0,0.000971291878785958,-0.00010990335771318081,-0.0,0.0,-0.0,0.0,0.0,0.0,-0.0,0.0,0.0,0.0003900179480075973,0.0,-0.0,0.0,0.0006905752021808363,0.0,0.0
2020-09-24,0.0,0.0,0.0,0.001274702591142657,0.0018411752508722208,0.0,0.0,0.0,0.0,0.0,0.0,0.0,0.0,0.0,-8.854873154403364e-05,0.0,0.0,0.0,0.0007162741417495606,-0.0,0.0
2020-09-25,-0.0,-0.0,-0.0,-0.001428260456516485,-0.00022004228300141022,0.0,-0.0,-0.0,0.0,-0.0,-0.0,-0.0,0.0,0.0,0.0005929059894406005,-0.0,0.0,0.0,-0.0006906617158282596,0.0,-0.0
2020-09-28,0.0,-0.0,-0.0,-0.0008446201705112688,0.0005394464471625872,-0.0,-0.0,0.0,-0.0,0.0,0.0,0.0,-0.0,-0.0,-0.00033233739264826323,-0.0,-0.0,-0.0,0.0006907544779766305,-0.0,-0.0
2020-09-29,-0.0,-0.0,0.0,-0.00028738814574653563,0.0007944761255146942,0.0,-0.0,0.0,-0.0,0.0,0.0,-0.0,0.0,-0.0,-0.00014161575967526726,0.0,0.0,-0.0,0.0006226528999717493,0.0,0.0
2020-09-30,0.0,0.0,-0.0,0.00027659111836702866,-0.0010960310871836396,-0.0,-0.0,0.0,-0.0,-0.0,-0.0,0.0,-0.0,-0.0,-4.527777367354787e-05,0.0,0.0,-0.0,0.0003780108934677047,0.0,-0.0
2020-10-01,0.0,0.0,0.0,0.00029676335653921646,0.0009961453192497232,-0.0,0.0,0.0,0.0,0.0,-0.0,0.0,0.0,0.0,-6.514751086638502e-05,0.0,0.0,0.0,0.00039640959700212153,0.0,0.0
2020-10-02,-0.0,-0.0,-0.0,-0.0013104081473742314,-0.0005465076689281534,0.0,-0.0,-0.0,-0.0,-0.0,-0.0,-0.0,-0.0,-0.0,-0.0013790550805354075,-0.0,-0.0,-0.0,-0.0010039897112638085,-0.0,-0.0
2020-10-05,-0.0,-0.0,-0.0,-0.0014596972392421088,-0.00046598947648290244,-0.0,0.0,-0.0,0.0,-0.0,-0.0,-0.0,0.0,0.0,-0.001721903461304693,-0.0,0.0,-0.0,-0.0004685250632774787,0.0,-0.0
2020-10-06,-0.0,-0.0,0.0,0.0011771202147420085,-0.0005990056462752475,-0.0,-0.0,0.0,-0.0,-0.0,-0.0,-0.0,-0.0,-0.0,-0.0020302887671669436,-0.0,-0.0,-0.0,-7.770452715582271e-05,-0.0,-0.0
2020-10-07,-0.0,-0.0,-0.0,-0.0012314159402283245,-0.0023741296208672396,-0.0,-0.0,-0.0,0.0,-0.0,-0.0,-0.0,-0.0,-0.0,-0.001886037642992191,-0.0,-0.0,-0.0,-0.001957795423449176,-0.0,-0.0
2020-10-08,-0.0,-0.0,-0.0,-0.00017783732983264755,-4.9455905443180935e-05,-0.0,-0.0,-0.0,-0.0,0.0,-0.0,-0.0,-0.0,-0.0,-0.0008536200974328295,-0.0,-0.0,0.0,-0.002151754675580996,-0.0,-0.0
2020-10-09,-0.0,-0.0,0.0,-0.0008718887948086012,-0.0003487324292838836,-0.0,-0.0,0.0,0.0,-0.0,0.0,-0.0,-0.0,-0.0,-0.0016298336374492507,-0.0,0.0,0.0,0.0004310506502151199,0.0,-0.0
2020-10-12,-0.0,-0.0,-0.0,-0.0005499953358189504,-0.0007318285670226003,0.0,-0.0,-0.0,0.0,0.0,0.0,-0.0,-0.0,-0.0,-0.0004174856908863699,-0.0,0.0,0.0,-0.00010910618199509553,0.0,-0.0
2020-10-13,0.0,0.0,0.0,0.0019336580225915675,0.000394834838576076,0.0,0.0,0.0,0.0,0.0,0.0,0.0,0.0,0.0,0.00024051897588737149,-0.0,-0.0,0.0,0.001003968409276813,-0.0,0.0
2020-10-14,-0.0,-0.0,0.0,-0.0014625894613839753,-1.8093974571306005e-05,-0.0,0.0,0.0,-0.0,-0.0,-0.0,0.0,-0.0,0.0,-0.00015685661670319608,-0.0,-0.0,-0.0,-0.0005922358420561743,-0.0,-0.0
2020-10-15,-0.0,-0.0,-0.0,-0.00036560075473258437,-0.000934571813976291,0.0,-0.0,-0.0,-0.0,0.0,-0.0,-0.0,-0.0,0.0,-0.00012646301562877063,-0.0,-0.0,0.0,-0.0007044165742845345,-0.0,-0.0
2020-10-16,-0.0,0.0,-0.0,-0.0008538149849646561,-1.890498837952328e-05,0.0,-0.0,-0.0,-0.0,0.0,0.0,-0.0,0.0,0.0,0.001088575480100941,-0.0,0.0,0.0,0.0010102856652751085,0.0,-0.0
2020-10-19,0.0,-0.0,0.0,0.00030582065417639025,-0.0006062844210372506,0.0,0.0,0.0,0.0,0.0,0.0,0.0,-0.0,0.0,0.0008390566336029873,0.0,0.0,0.0,0.0008337284521569659,0.0,0.0
2020-10-20,-0.0,-0.0,-0.0,-0.0009571642546178922,0.000392097873436415,-0.0,-0.0,0.0,-0.0,0.0,-0.0,-0.0,-0.0,-0.0,-0.0011534490147443093,-0.0,-0.0,0.0,0.000991836197782158,-0.0,-0.0
2020-10-21,-0.0,-0.0,-0.0,-0.00114813827586623,-0.00047086966271514264,0.0,0.0,-0.0,-0.0,-0.0,-0.0,-0.0,-0.0,-0.0,-3.060279954381622e-05,-0.0,-0.0,-0.0,0.00012410726543372446,-0.0,-0.0
2020-10-22,0.0,-0.0,0.0,0.0003324730171232531,-0.000428896172166648,0.0,0.0,0.0,0.0,-0.0,0.0,-0.0,0.0,-0.0,0.0012149444854340616,0.0,0.0,-0.0,-0.00014414256791470703,-0.0,0.0
2020-10-23,-0.0,0.0,0.0,-0.0018299722370067567,-0.0017543619781585638,0.0,-0.0,0.0,0.0,-0.0,-0.0,0.0,-0.0,0.0,-0.0008467070464113407,0.0,-0.0,-0.0,0.00019473710939919663,0.0,-0.0
2020-10-26,0.0,0.0,0.0,0.00014360244358941845,0.0010304116937389007,-0.0,0.0,0.0,-0.0,0.0,-0.0,0.0,0.0,-0.0,-0.00034931485430053383,0.0,0.0,0.0,0.0015536118442520893,0.0,0.0
2020-10-27,0.0,0.0,-0.0,-5.686927133106287e-05,0.0003739882831790337,0.0,0.0,-0.0,-0.0,0.0,0.0,-0.0,-0.0,0.0,-0.0009253691390364006,-0.0,0.0,0.0,0.00015940324522730837,-0.0,0.0
2020-10-28,-0.0,0.0,0.0,-0.0005164133920363258,0.00052586192123351,0.0,0.0,0.0,0.0,0.0,-0.0,-0.0,-0.0,0.0,7.655074640736973e-06,0.0,0.0,0.0,0.0008698026376555765,0.0,0.0
2020-10-29,-0.0,-0.0,-0.0,0.00045886939592860396,3.395587696267559e-05,-0.0,0.0,-0.0,-0.0,0.0,-0.0,-0.0,-0.0,-0.0,-0.0002842957029521982,0.0,-0.0,0.0,0.0004302263065205518,-0.0,-0.0
2020-10-30,-0.0,0.0,0.0,-0.00038774695459958364,0.0005812979797544552,-0.0,-0.0,0.0,0.0,0.0,0.0,-0.0,0.0,0.0,0.000958543000254561,-0.0,-0.0,0.0,-0.0016847305171299334,-0.0,0.0
2020-11-02,-0.0,-0.0,-0.0,-0.00025644477754480213,2.761832437319539e-05,-0.0,0.0,0.0,-0.0,-0.0,-0.0,0.0,-0.0,0.0,0.0004805221016756732,0.0,-0.0,-0.0,0.000388086998456689,-0.0,-0.0
2020-11-03,-0.0,-0.0,-0.0,-0.0010849523322386092,-0.0008483488695787857,-0.0,-0.0,-0.0,-0.0005297660466635268,-0.0,-0.0,0.0,-0.0,-0.0,-0.0,-0.0,-0.0,-0.0,0.00027237015962289224,0.0,-0.0
2020-11-04,-0.0,-0.0,-0.0,-0.0009141417205833917,-0.001149749730031239,-0.0,-0.0,-0.0,3.0272010233920652e-05,-0.0,-0.0,-0.0,-0.0,-0.0,-0.0,-0.0,-0.0,-0.0,-0.001409235452162232,-0.0,-0.0
2020-11-05,0.0,0.0,0.0,0.001291319000439824,0.0006792472131535786,0.0,-0.0,0.0,0.0015045108246569485,0.0,0.0,-0.0,0.0,0.0,0.0,0.0,0.0,-0.0,0.0011197543221179713,0.0,0.0
2020-11-06,-0.0,0.0,-0.0,0.0015356840087929274,0.0007822613511840722,0.0,-0.0,-0.0,0.0001444172039098528,0.0,0.0,-0.0,-0.0,0.0,0.0,-0.0,-0.0,-0.0,-0.0001898318948276124,-0.0,-0.0
2020-11-09,-0.0,-0.0,-0.0,-4.030926763290737e-05,-0.000629829599860696,-0.0,-0.0,-0.0,-0.0010588029456617026,-0.0,-0.0,0.0,-0.0,0.0,0.0,0.0,-0.0,-0.0,-0.0017406676813322734,-0.0,-0.0
2020-11-10,-0.0,-0.0,0.0,0.0007254825581111838,0.000980813086559398,0.0,-0.0,0.0,-0.0005931460164734129,0.0,-0.0,0.0,-0.0,0.0,-0.0,0.0,0.0,0.0,0.0005012447757204842,-0.0,-0.0
2020-11-11,0.0,0.0,0.0,0.0018726454215433183,0.0009022608009356869,0.0,0.0,0.0,0.00023869546937512417,-0.0,0.0,0.0,0.0,0.0,0.0,-0.0,0.0,0.0,0.0006266802839895376,-0.0,0.0
2020-11-12,-0.0,-0.0,-0.0,-0.0011260211694046254,-0.0010043398068519205,-0.0,-0.0,-0.0,5.544868955279177e-05,-0.0,-0.0,-0.0,-0.0,-0.0,-0.0,-0.0,-0.0,-0.0,-0.001303969358599059,-0.0,-0.0
2020-11-13,-0.0,-0.0,-0.0,0.0002777700264815378,0.0008537644266124584,-0.0,-0.0,-0.0,-0.0010938804184084396,-0.0,0.0,-0.0,-0.0,-0.0,-0.0,-0.0,-0.0,-0.0,-0.00036747614098634477,-0.0,-0.0
2020-11-16,-0.0,-0.0,-0.0,4.9621462971920056e-05,0.000654660579449847,-0.0,-0.0,-0.0,-0.00027631284603759075,-0.0,-0.0,0.0,-0.0,-0.0,-0.0,-0.0,0.0,-0.0,-0.0011422963783742114,-0.0,-0.0
2020-11-17,0.0,-0.0,-0.0,0.0009548553712978741,0.0020309907371368198,0.0,0.0,0.0,9.671293785463226e-05,0.0,0.0,0.0,0.0,0.0,-0.0,-0.0,0.0,-0.0,0.001321059215108543,0.0,0.0
2020-11-18,0.0,0.0,-0.0,0.00042732810659458433,-0.00040101636285242256,0.0,0.0,-0.0,-0.000629287805869746,0.0,0.0,-0.0,0.0,0.0,0.0,0.0,0.0,0.0,-0.0004575629071353298,0.0,0.0
2020-11-19,0.0,0.0,-0.0,-0.0008661812454548804,0.0020269209163069042,0.0,0.0,0.0,0.0004480967780847339,-0.0,0.0,0.0,0.0,0.0,0.0,-0.0,0.0,0.0,0.0014547491759146906,0.0,0.0
2020-11-20,0.0,-0.0,-0.0,-0.00043443060389548096,-0.0007153657706900666,-0.0,-0.0,-0.0,-0.0008368593971644701,-0.0,-0.0,-0.0,-0.0,-0.0,-0.0,0.0,-0.0,-0.0,0.0001662728135230172,-0.0,-0.0
2020-11-23,-0.0,0.0,0.0,-0.0017366263350158035,-0.0008053464286887631,-0.0,-0.0,-0.0,-0.000770303450754371,-0.0,-0.0,0.0,-0.0,-0.0,-0.0,-0.0,-0.0,-0.0,0.0004532666114775799,-0.0,-0.0
2020-11-24,0.0,0.0,0.0,-0.0008841519799185937,-0.0012916307253697096,0.0,0.0,0.0,-0.0007484425915773237,-0.0,0.0,0.0,0.0,-0.0,0.0,0.0,0.0,0.0,0.0005819707078848096,0.0,0.0
2020-11-25,-0.0,0.0,0.0,0.00017856500800867998,0.00027767928911348063,0.0,-0.0,-0.0,-7.988929940350986e-06,-0.0,0.0,0.0,-0.0,0.0,-0.0,-0.0,0.0,0.0,-0.0002536852451364695,0.0,0.0
2020-11-27,-0.0,0.0,-0.0,-0.0004638758526466568,-0.0004516546753373245,0.0,0.0,0.0,0.0013481403399387365,-0.0,-0.0,0.0,0.0,0.0,0.0,-0.0,0.0,0.0,-0.00018646638861867008,-0.0,0.0
2020-11-30,0.0,0.0,-0.0,-9.94800337652922e-05,0.000195087635811696,0.0,0.0,-0.0,-0.000674174214558009,-0.0,0.0,-0.0,0.0,-0.0,-0.0,-0.0,0.0,-0.0,-0.000638455617313862,0.0,-0.0
2020-12-01,0.0,0.0,0.0,0.000262970905742162,-0.0006621171942688066,0.0,0.0,-0.0,0.0007698914308755578,-0.0,0.0,0.0,0.0,0.0,-0.0,-0.0,-0.0,-0.0,4.502930556554149e-05,0.0,0.0
2020-12-02,0.0,0.0,0.0,0.00022718140811885947,0.0013574365740032237,-0.0,-0.0,-0.0,-0.002326007683724108,0.0,-0.0,-0.0,-0.0,0.0,0.0,-0.0,0.0,-0.0,-0.00038137503476852745,-0.0,0.0
2020-12-03,0.0,-0.0,-0.0,-0.000187470186901972,0.0008443954983640397,0.0,0.0,0.0,-0.00011303012869873333,0.0,0.0,0.0,0.0,-0.0,0.0,-0.0,-0.0,-0.0,0.0006716369332947018,0.0,0.0
2020-12-04,0.0,-0.0,0.0,0.0010918382550881033,0.0021034440408962012,-0.0,0.0,0.0,-0.0008534340309141021,0.0,0.0,-0.0,0.0,-0.0,0.0,-0.0,0.0,-0.0,-0.00010162615743081351,0.0,0.0
2020-12-07,-0.0,-0.0,-0.0,-0.0009676920769709113,-0.0016782526819544804,-0.0,0.0,-0.0,-3.0185266435780028e-05,-0.0,-0.0,0.0,-0.0,-0.0,-0.0,-0.0,-0.0,-0.0,-0.0013315541892085976,-0.0,-0.0
2020-12-08,-0.0,-0.0,-0.0,-0.0009423261208865387,-0.00016811695751282066,-0.0,-0.0,-0.0,-0.0006128319543932608,-0.0,-0.0,-0.0,0.0,-0.0,-0.0,-0.0,-0.0,-0.0,-0.0014997488328702254,-0.0,-0.0
2020-12-09,0.0,0.0,0.0,-0.00026525890073686106,-0.0007108529659443841,0.0,-0.0,0.0,-0.00014727565164369938,0.0,0.0,0.0,-0.0,-0.0,0.0,0.0,0.0,0.0,2.7552677121388273e-05,0.0,0.0
2020-12-10,-0.0,0.0,0.0,0.0005483394727620173,0.0008406662093027481,0.0,0.0,0.0,0.0008473621599432805,0.0,0.0,0.0,-0.0,-0.0,0.0,-0.0,0.0,0.0,0.00042723707667488667,0.0,0.0
2020-12-11,-0.0,0.0,-0.0,0.00020671825615834914,-0.0010325496569638392,-0.0,-0.0,-0.0,0.00027198438668048187,0.0,-0.0,-0.0,-0.0,0.0,-0.0,-0.0,-0.0,0.0,-0.00014952606554901004,-0.0,-0.0
2020-12-14,-0.0,-0.0,-0.0,-0.00035228258021126276,-0.0013710159052622434,-0.0,-0.0,-0.0,-7.888985004403979e-05,-0.0,-0.0,-0.0,-0.0,-0.0,-0.0,-0.0,-0.0,-0.0,-0.0016176662684467891,-0.0,-0.0
2020-12-15,-0.0,-0.0,0.0,-0.0004926546183023302,-0.00029836797319428315,-0.0,0.0,0.0,-0.00021303798624602467,0.0,0.0,-0.0,0.0,0.0,-0.0,0.0,-0.0,0.0,-0.0007515792824378438,0.0,0.0
2020-12-16,0.0,0.0,0.0,0.00014955794373552956,-0.00010942093593234621,0.0,-0.0,0.0,-0.0009904906590073772,-0.0,0.0,0.0,0.0,0.0,0.0,0.0,0.0,0.0,0.000391489877432266,0.0,0.0
2020-12-17,0.0,0.0,0.0,0.00032504441714392864,0.00013640808680468085,0.0,0.0,0.0,0.00037537946850795017,0.0,0.0,0.0,0.0,0.0,0.0,0.0,0.0,0.0,0.00021231800571912566,0.0,0.0
2020-12-18,0.0,0.0,0.0,-0.00016020027860389084,-1.0152366730109185e-05,0.0,0.0,0.0,0.0008106603994398504,-0.0,0.0,0.0,0.0,0.0,-0.0,-0.0,-0.0,-0.0,0.0011950173573235,0.0,0.0
2020-12-21,0.0,0.0,-0.0,-0.0011754533777319773,-0.00011714231809860202,0.0,-0.0,-0.0,0.0012411593325998818,0.0,-0.0,0.0,-0.0,-0.0,0.0,-0.0,0.0,-0.0,-0.0006713300984487249,-0.0,-0.0
2020-12-22,-0.0,-0.0,-0.0,-0.0005791274396237269,0.00032674415630910364,-0.0,0.0,-0.0,-0.000521989555070296,-0.0,0.0,-0.0,-0.0,-0.0,0.0,-0.0,-0.0,-0.0,-0.00044302472744733493,-0.0,-0.0
2020-12-23,-0.0,0.0,0.0,0.0004523077163964332,0.00022591053726985812,-0.0,0.0,0.0,-0.00040182386384439407,-0.0,0.0,0.0,0.0,-0.0,0.0,0.0,0.0,0.0,0.00032410163159115273,0.0,0.0
2020-12-24,-0.0,0.0,-0.0,-0.0006974206130216254,0.000667221048970866,-0.0,0.0,0.0,0.0014929096389854825,-0.0,0.0,0.0,0.0,0.0,-0.0,-0.0,-0.0,-0.0,-0.0010103646297866813,-0.0,-0.0
2020-12-28,0.0,-0.0,-0.0,-0.0006086596137677405,-0.0016212256933463146,-0.0,-0.0,0.0,-0.0002725736967859776,-0.0,0.0,-0.0,-0.0,0.0,0.0,-0.0,-0.0,0.0,-0.0011037758969937787,-0.0,-0.0
2020-12-29,0.0,0.0,0.0,0.0009803679963950218,0.0008592955863321209,0.0,0.0,0.0,0.00029715183926735196,0.0,0.0,0.0,0.0,0.0,0.0,0.0,-0.0,0.0,0.0006829899816511203,0.0,0.0
2020-12-30,0.0,0.0,0.0,0.0017208356585472707,0.0015246200446853368,0.0,0.0,0.0,0.0009233390344765354,0.0,0.0,-0.0,0.0,0.0,0.0,0.0,0.0,0.0,0.0014908978039841617,0.0,0.0
2020-12-31,-0.0,0.0,0.0,0.00021761031808767252,0.00090515584131967,0.0,0.0,0.0,0.0013461927488301862,0.0,-0.0,0.0,-0.0,0.0,0.0,0.0,0.0,0.0,0.0018639805640342769,0.0,0.0
2021-01-04,0.0,-0.0,-0.0,-0.0009018968238372584,-0.0011358865939771132,-0.0,-0.0,-0.0,-0.0005592958140093983,-0.0,-0.0,-0.0,-0.0,0.0,-0.0,-0.0,-0.0,-0.0,0.0007787321857178394,-0.0,-0.0
2021-01-05,0.0,0.0,-0.0,-0.00010290396819818692,0.0,0.0,-0.0,0.0,0.0010453632315768012,-0.0,0.0,0.0,0.0,-0.0,0.0,0.0,0.0010242376901256954,0.0,0.0013806258207564423,-0.0,0.0
2021-01-06,0.0,0.0,-0.0,-0.0004257009340527586,-0.0,-0.0,0.0,0.0,-0.0007601604171673757,-0.0,0.0,0.0,0.0,0.0,-0.0,-0.0,0.00028758134184499,0.0,-0.0005045157169110622,0.0,0.0
2021-01-07,0.0,0.0,0.0,0.0006242115888217953,-0.0,0.0,-0.0,0.0,-0.0007462562289770157,-0.0,-0.0,-0.0,0.0,0.0,-0.0,-0.0,8.84250910577701e-05,0.0,-0.0003575936128143406,-0.0,0.0
2021-01-08,0.0,0.0,-0.0,0.0006153698516883809,0.0,0.0,0.0,0.0,0.00019470086295791063,-0.0,0.0,0.0,-0.0,-0.0,-0.0,0.0,0.00020582840402611372,0.0,0.0016876034763772837,0.0,0.0
2021-01-11,0.0,0.0,0.0,0.0004058278531688585,0.0,0.0,-0.0,0.0,0.00016760346450923774,0.0,0.0,0.0,0.0,-0.0,0.0,0.0,0.0010041873635083696,0.0,0.0014596271546494367,0.0,0.0
2021-01-12,0.0,0.0,0.0,0.001322239412304992,0.0,0.0,0.0,-0.0,0.0006532297898733145,0.0,0.0,0.0,0.0,0.0,-0.0,-0.0,0.00012285002846257085,0.0,0.0010105831469860934,0.0,0.0
2021-01-13,0.0,0.0,0.0,0.0013177264604358363,-0.0,-0.0,-0.0,0.0,0.0008089780786223233,0.0,-0.0,0.0,-0.0,0.0,-0.0,-0.0,0.001432228288628986,0.0,0.0009648321160378086,0.0,0.0
2021-01-14,0.0,0.0,0.0,-0.0009724005162509465,-0.0,-0.0,0.0,0.0,0.0019252084258138027,-0.0,-0.0,0.0,-0.0,0.0,0.0,-0.0,0.0010901462628705404,0.0,-0.00010306211666815357,0.0,0.0
2021-01-15,-0.0,-0.0,-0.0,-0.0005406120395055233,-0.0,-0.0,-0.0,-0.0,-0.0015294399638971774,-0.0,-0.0,-0.0,0.0,-0.0,-0.0,-0.0,9.719871296654834e-06,0.0,0.00022106318376384224,-0.0,-0.0
2021-01-19,-0.0,0.0,-0.0,0.00021683980173203482,0.0,0.0,-0.0,0.0,-0.0001628833565127495,-0.0,0.0,0.0,0.0,0.0,-0.0,0.0,0.0007623953733275763,-0.0,-0.00047353709796824187,-0.0,0.0
2021-01-20,0.0,-0.0,-0.0,-0.000629738420045933,-0.0,-0.0,-0.0,-0.0,-0.0007989102609584184,-0.0,-0.0,0.0,-0.0,-0.0,-0.0,-0.0,-0.0007577256277083798,-0.0,-0.0014812170941629166,-0.0,-0.0
2021-01-21,-0.0,0.0,-0.0,-0.0004799121103648824,-0.0,-0.0,-0.0,-0.0,4.91768438521271e-05,-0.0,0.0,0.0,-0.0,-0.0,-0.0,-0.0,-0.0006968568382751635,-0.0,-0.00014907733379295414,-0.0,-0.0
2021-01-22,0.0,0.0,0.0,-0.0002569040624800549,0.0,0.0,0.0,0.0,0.0017426551173971416,0.0,0.0,0.0,0.0,0.0,0.0,0.0,0.0008387056639666511,0.0,0.0005584095167891047,0.0,0.0
2021-01-25,0.0,0.0,0.0,0.0019975713410549318,0.0,-0.0,0.0,0.0,0.0006737254185715179,0.0,0.0,-0.0,0.0,-0.0,0.0,0.0,0.0016290246858949795,0.0,7.172244595588881e-05,0.0,0.0
2021-01-26,0.0,-0.0,-0.0,0.0011468896203891304,-0.0,0.0,0.0,0.0,0.0022506069027412256,-0.0,0.0,0.0,0.0,0.0,0.0,0.0,0.0008042145747003691,0.0,0.0014204309011446234,0.0,0.0
2021-01-27,0.0,-0.0,-0.0,-0.0004607130245032192,-0.0,-0.0,0.0,0.0,-0.00035362592090392776,-0.0,-0.0,0.0,0.0,0.0,0.0,0.0,-1.7767583580730264e-05,-0.0,-0.0011635943866988852,-0.0,0.0
2021-01-28,0.0,0.0,-0.0,0.0003628487976027877,0.0,0.0,-0.0,0.0,0.0015325318158257105,0.0,0.0,0.0,0.0,0.0,0.0,0.0,0.0020360680838412636,0.0,0.0011103172145456321,0.0,0.0
2021-01-29,0.0,-0.0,0.0,-0.0011922440965101595,-0.0,-0.0,-0.0,0.0,0.0010769895728630979,0.0,0.0,0.0,-0.0,0.0,-0.0,-0.0,-0.00022705806041009707,0.0,-0.0003040560036756201,0.0,0.0
2021-02-01,0.0,0.0,0.0,-9.603308653005022e-05,0.0,0.0,0.0,0.0,-0.0008718191482555368,-0.0,0.0,-0.0,0.0,0.0,-0.0,0.0,-0.0003348661668014123,0.0,0.0012786164412337646,0.0,0.0
2021-02-02,-0.0,-0.0,-0.0,-0.0009397563515271323,7.756795933608896e-05,0.0,-0.0,-0.0002701845487964927,-0.0,0.0,-0.0,-0.0,-0.0,0.0,-0.0,-0.0,-0.0,0.0,-0.0002817384580103499,-0.0,-0.0
2021-02-03,-0.0,-0.0,0.0,-0.0006892076855686569,0.0017850367063428024,0.0,0.0,0.0010717789065375705,-0.0,-0.0,0.0,0.0,0.0,-0.0,-0.0,0.0,0.0,-0.0,0.0009831180120321939,-0.0,0.0
2021-02-04,-0.0,-0.0,0.0,0.0005774347717611625,-0.0004985449049743782,-0.0,-0.0,0.00023684198934244505,0.0,-0.0,0.0,0.0,-0.0,0.0,0.0,0.0,0.0,-0.0,-0.000718506692061689,-0.0,0.0
2021-02-05,0.0,0.0,0.0,0.00017270903500636738,0.00040412386688065937,-0.0,-0.0,-0.0009749270840401735,-0.0,-0.0,0.0,0.0,0.0,-0.0,-0.0,-0.0,-0.0,-0.0,-0.001901927411132245,-0.0,-0.0
2021-02-08,-0.0,0.0,0.0,-3.7031631980879926e-05,0.0011161472706695123,-0.0,-0.0,-0.0007607719570298415,0.0,0.0,0.0,-0.0,0.0,0.0,-0.0,-0.0,0.0,0.0,-0.00026680326461681606,0.0,-0.0
2021-02-09,-0.0,-0.0,0.0,-0.00024606178175271665,-0.00020258684187815976,-0.0,-0.0,0.00013400588946523096,0.0,-0.0,0.0,0.0,-0.0,-0.0,0.0,-0.0,-0.0,0.0,0.0003857810956069044,0.0,-0.0
2021-02-10,0.0,0.0,0.0,0.0013074136538112938,0.0013859196216803526,0.0,0.0,-0.0008432390871221316,0.0,0.0,0.0,0.0,0.0,0.0,0.0,0.0,0.0,0.0,0.001048661296631133,0.0,0.0
2021-02-11,0.0,0.0,0.0,0.000497226247513969,0.001432899698987711,0.0,0.0,0.0006906934382213531,0.0,0.0,0.0,0.0,-0.0,0.0,0.0,0.0,0.0,-0.0,0.0013041544000165725,0.0,0.0
2021-02-12,0.0,-0.0,0.0,-0.0007409646105311383,-2.5523452844258466e-05,-0.0,-0.0,0.00023458554272379154,0.0,0.0,0.0,0.0,0.0,-0.0,-0.0,-0.0,0.0,0.0,0.0003992143041050241,-0.0,0.0
2021-02-16,0.0,0.0,0.0,-0.0003049635319343681,5.6987942872307514e-05,-0.0,-0.0,-2.4502197905182332e-06,-0.0,-0.0,-0.0,0.0,-0.0,0.0,0.0,-0.0,-0.0,-0.0,-0.0005869089758070858,-0.0,0.0
2021-02-17,-0.0,0.0,-0.0,-0.00017069140171032052,-0.0004240913096420728,-0.0,-0.0,-2.9110242796033652e-05,-0.0,0.0,-0.0,0.0,-0.0,0.0,-0.0,-0.0,-0.0,-0.0,0.0003600086865454152,-0.0,0.0
2021-02-18,0.0,0.0,0.0,6.985941645638295e-05,-0.0018360454745436228,-0.0,-0.0,-0.0009693548280685176,-0.0,-0.0,0.0,0.0,-0.0,-0.0,0.0,0.0,-0.0,-0.0,1.7269431033841398e-05,-0.0,-0.0
2021-02-19,-0.0,-0.0,0.0,-0.0005849553705378436,-0.0005630062869344505,-0.0,-0.0,0.00036796707215319067,-0.0,-0.0,-0.0,-0.0,0.0,-0.0,-0.0,-0.0,0.0,-0.0,0.0002954990833105924,-0.0,-0.0
2021-02-22,-0.0,0.0,-0.0,7.225882680859503e-05,-0.0005854967144907452,-0.0,-0.0,-0.0003062364940477822,-0.0,-0.0,0.0,0.0,0.0,-0.0,-0.0,0.0,-0.0,0.0,-0.0007286842638668461,0.0,-0.0
2021-02-23,0.0,-0.0,-0.0,-0.001459665551778054,-0.0011845577936019749,-0.0,-0.0,-0.0010723322077124038,-0.0,-0.0,-0.0,-0.0,0.0,-0.0,-0.0,-0.0,-0.0,-0.0,-0.0008742803740377212,0.0,-0.0
2021-02-24,-0.0,-0.0,-0.0,-0.00021947876727010146,-0.00039963205386528216,-0.0,-0.0,-0.00030211385273404,-0.0,-0.0,-0.0,0.0,0.0,-0.0,-0.0,-0.0,0.0,-0.0,-0.00041140316411281304,-0.0,-0.0
2021-02-25,-0.0,0.0,0.0,0.0002928386044730194,-0.0007272455108146336,0.0,0.0,0.00036602415135041257,-0.0,-0.0,-0.0,-0.0,0.0,0.0,-0.0,0.0,-0.0,-0.0,0.001281478174089726,0.0,0.0
2021-02-26,-0.0,0.0,-0.0,0.0019773001041817084,0.000796079112216094,0.0,0.0,-2.0808527287838065e-05,-0.0,0.0,-0.0,0.0,0.0,0.0,-0.0,-0.0,-0.0,0.0,9.076680542721989e-05,0.0,0.0
2021-03-01,-0.0,-0.0,0.0,-0.0012582404620730735,-0.000656674154540934,-0.0,-0.0,-0.0012850825184533953,-0.0,-0.0,-0.0,-0.0,-0.0,-0.0,-0.0,-0.0,-0.0,-0.0,-0.0005757973530511216,-0.0,-0.0
2021-03-02,0.0,-0.0,0.0,0.0,-0.0003383386451853432,-0.0,-0.0,-6.215048191619e-05,0.00019414565681252774,0.0,-0.0,-0.0,-0.0,0.0,0.0,0.0,-0.0,0.0,-3.354768828427446e-05,0.0,-0.0
2021-03-03,-0.0,-0.0,0.0,0.0,0.0005221287179100442,-0.0,0.0,0.0015095875180013007,-0.0013125611949432923,0.0,0.0,0.0,0.0,0.0,0.0,-0.0,0.0,0.0,0.0005383318349175156,0.0,0.0
2021-03-04,0.0,0.0,0.0,0.0,-0.00022967731418202818,0.0,0.0,0.0009448783327253526,0.0007599902237867541,-0.0,-0.0,0.0,0.0,0.0,0.0,0.0,0.0,-0.0,0.0014156612743529936,0.0,0.0
2021-03-05,-0.0,0.0,0.0,0.0,0.0011053690321387636,0.0,0.0,0.000572066878516834,0.0004955147586424154,0.0,0.0,0.0,0.0,0.0,0.0,0.0,0.0,0.0,0.0006719631649801631,0.0,0.0
2021-03-08,-0.0,-0.0,-0.0,-0.0,0.00016407421733749704,-0.0,-0.0,0.0006433054393449462,-0.0007872193496804188,0.0,0.0,-0.0,-0.0,-0.0,-0.0,-0.0,-0.0,-0.0,-0.0002827913446218598,0.0,0.0
2021-03-09,-0.0,0.0,-0.0,0.0,-0.00028103608419820583,-0.0,-0.0,-0.0004565147572798913,-0.0007546733137485584,-0.0,0.0,0.0,-0.0,-0.0,0.0,-0.0,-0.0,-0.0,-0.0008273404277609888,-0.0,-0.0
2021-03-10,-0.0,-0.0,-0.0,-0.0,-0.0002463389032806424,0.0,-0.0,-0.0003238832582141059,0.000136656576432798,0.0,0.0,0.0,0.0,-0.0,0.0,-0.0,-0.0,-0.0,-0.0008199133067107609,0.0,-0.0
2021-03-11,-0.0,0.0,-0.0,0.0,-0.0002472123595777169,0.0,0.0,0.00031709838971409393,-0.00047098407185865827,0.0,-0.0,0.0,0.0,0.0,-0.0,-0.0,-0.0,0.0,-0.0002819723886985038,0.0,0.0
2021-03-12,0.0,0.0,0.0,-0.0,-0.0008423562574983037,0.0,0.0,0.0006543020903477219,0.00027262749746605853,-0.0,0.0,0.0,-0.0,-0.0,0.0,-0.0,-0.0,-0.0,5.643784791875078e-05,0.0,0.0
2021-03-15,0.0,0.0,0.0,0.0,0.0013927149695540843,0.0,0.0,0.0004354700733264642,0.0009574015152468731,0.0,-0.0,-0.0,-0.0,0.0,0.0,0.0,0.0,0.0,0.0007740826624870276,0.0,0.0
2021-03-16,-0.0,0.0,0.0,-0.0,0.00111309753120431,0.0,0.0,-0.00017725296119014118,5.038256174359547e-05,0.0,0.0,0.0,-0.0,-0.0,-0.0,0.0,-0.0,0.0,0.0008322421412847729,0.0,0.0
2021-03-17,0.0,0.0,-0.0,0.0,-0.00044415176460222815,-0.0,-0.0,0.0005898712648164251,0.000634340119498757,-0.0,0.0,0.0,0.0,0.0,-0.0,0.0,-0.0,0.0,-0.000762659348333433,0.0,-0.0
2021-03-18,-0.0,-0.0,-0.0,-0.0,-0.00040343459010113136,-0.0,-0.0,0.0003813263394151006,-0.00040115453173877137,-0.0,-0.0,-0.0,-0.0,-0.0,-0.0,0.0,-0.0,-0.0,-0.0009854759341773325,0.0,-0.0
2021-03-19,0.0,0.0,-0.0,-0.0,0.0007168533599009908,0.0,0.0,-0.000973332282361626,-0.00034157713310810817,0.0,0.0,-0.0,-0.0,-0.0,-0.0,0.0,-0.0,0.0,-0.00042684452930569114,0.0,-0.0
2021-03-22,-0.0,0.0,0.0,0.0,0.0009427003688409382,0.0,0.0,0.0002666965373662619,0.0017667779176592279,0.0,0.0,0.0,0.0,-0.0,0.0,0.0,0.0,0.0,-0.0003994624492276848,-0.0,0.0
2021-03-23,0.0,-0.0,0.0,-0.0,-0.0005084526028723611,-0.0,-0.0,-0.0004315068053190573,0.0006086152936183035,-0.0,0.0,0.0,-0.0,-0.0,0.0,-0.0,-0.0,-0.0,-0.0005014844501241738,0.0,-0.0
2021-03-24,0.0,-0.0,-0.0,-0.0,-0.0013783513849216684,0.0,-0.0,0.0003149026316132479,-0.0015098830245406734,0.0,-0.0,-0.0,-0.0,0.0,0.0,-0.0,-0.0,0.0,0.0003118324291481487,-0.0,-0.0
2021-03-25,-0.0,0.0,0.0,0.0,-0.000774195746573223,-0.0,0.0,0.00033682792798629175,-0.00012007493567803301,-0.0,-0.0,0.0,0.0,0.0,0.0,0.0,-0.0,-0.0,0.0010934428840176603,-0.0,0.0
2021-03-26,-0.0,-0.0,-0.0,0.0,-0.0004885808205747847,-0.0,0.0,0.0021397045714836183,0.001449751579799045,0.0,-0.0,-0.0,-0.0,0.0,0.0,-0.0,-0.0,-0.0,-0.0004899646033959952,-0.0,-0.0
2021-03-29,-0.0,-0.0,-0.0,-0.0,0.0006754357413173739,-0.0,0.0,-0.0005845692982589714,-0.001037286023648948,-0.0,-0.0,-0.0,-0.0,0.0,-0.0,-0.0,-0.0,-0.0,-0.0008311609653946572,-0.0,-0.0
2021-03-30,0.0,0.0,-0.0,0.0,-0.0003244509611717392,0.0,0.0,0.0013298806079310667,0.00023127957612260829,-0.0,0.0,-0.0,0.0,0.0,0.0,-0.0,0.0,0.0,0.00012600266010383127,0.0,0.0
2021-03-31,0.0,0.0,0.0,-0.0,-0.0006280745263825163,-0.0,-0.0,0.0009914030332951287,0.0006475044571449655,-0.0,0.0,-0.0,0.0,0.0,-0.0,-0.0,-0.0,-0.0,-0.00015313649670713393,-0.0,-0.0
2021-04-01,-0.0,0.0,-0.0,-0.0,-0.00028082246112036944,0.0,0.0,0.0005600025224903988,0.000607608741986614,-0.0,-0.0,-0.0,-0.0,0.0,-0.0,0.0,-0.0,0.0,0.0006201122353479122,-0.0,0.0
2021-04-05,0.0,-0.0,-0.0009916386715785766,0.0,-0.0,-3.956821982388226e-05,-0.0,0.0,0.0,0.0,0.00021122510012874243,0.0,0.0,0.0,-0.0,0.0,-0.0,-0.0,-0.00011396984054582452,-0.0,0.0
2021-04-06,-0.0,-0.0,-0.0005294305356292622,-0.0,-0.0,-0.0008430388164205685,-0.0,-0.0,-0.0,-0.0,-0.0017349856104010956,-0.0,-0.0,-0.0,-0.0,-0.0,-0.0,-0.0,-0.00100679266881694,0.0,-0.0
2021-04-07,0.0,-0.0,-0.0005429844455055352,-0.0,-0.0,0.0007459084592731578,0.0,-0.0,-0.0,-0.0,-0.0009331005404287917,0.0,-0.0,-0.0,0.0,-0.0,-0.0,-0.0,0.0014481140090084686,-0.0,-0.0
2021-04-08,0.0,0.0,-0.0002336845763472895,-0.0,0.0,0.0015100434510018188,0.0,0.0,0.0,0.0,0.0009773225206268948,0.0,0.0,0.0,0.0,-0.0,0.0,0.0,-9.053072072078594e-05,-0.0,0.0
2021-04-09,-0.0,-0.0,-0.00026653118050280495,-0.0,-0.0,-0.0005473757534279251,-0.0,-0.0,-0.0,-0.0,-0.0009906844740342655,-0.0,-0.0,-0.0,0.0,-0.0,-0.0,-0.0,-9.521239081623894e-06,-0.0,-0.0
2021-04-12,-0.0,-0.0,-0.002513145352035046,-0.0,0.0,-0.0022952255578535417,-0.0,-0.0,-0.0,-0.0,-0.0024639364089789734,-0.0,-0.0,-0.0,-0.0,-0.0,-0.0,-0.0,-0.00013284844314618872,-0.0,-0.0
2021-04-13,-0.0,-0.0,-0.0016877029602146824,-0.0,-0.0,-0.0015950535155170897,-0.0,-0.0,-0.0,-0.0,0.00016452449653995974,-0.0,0.0,-0.0,-0.0,-0.0,0.0,-0.0,-0.0012248003462996693,-0.0,-0.0
2021-04-14,0.0,-0.0,-0.00035612774960765305,-0.0,0.0,-0.0007003752020272232,0.0,-0.0,0.0,0.0,-7.354602423218893e-06,0.0,-0.0,-0.0,-0.0,-0.0,-0.0,-0.0,0.00033625744412425724,-0.0,0.0
2021-04-15,0.0,0.0,0.0005567473137540629,0.0,0.0,5.219266552246452e-05,0.0,0.0,-0.0,0.0,-0.0007215741191912569,-0.0,0.0,-0.0,0.0,0.0,0.0,-0.0,-0.0011558220189322004,-0.0,0.0
2021-04-16,0.0,-0.0,0.0008101046021959098,0.0,-0.0,-0.0004031580562413086,-0.0,0.0,0.0,-0.0,3.296709259043903e-05,0.0,0.0,0.0,0.0,0.0,0.0,0.0,-3.7885364061340686e-05,0.0,-0.0
2021-04-19,0.0,0.0,0.0014026390094754998,0.0,0.0,0.0017690105352631013,0.0,0.0,0.0,0.0,0.000609849935843173,0.0,0.0,0.0,0.0,0.0,0.0,0.0,0.0014983919456379201,0.0,0.0
2021-04-20,-0.0,-0.0,-0.0015426707418591508,-0.0,-0.0,-0.0025565192139519496,-0.0,-0.0,-0.0,-0.0,-0.0011471390565874027,-0.0,-0.0,-0.0,-0.0,-0.0,-0.0,-0.0,-0.0014120348141734636,-0.0,-0.0
2021-04-21,0.0,-0.0,-0.001406769155553088,-0.0,-0.0,-0.0005629316008728184,-0.0,-0.0,-0.0,0.0,-5.437439121698523e-06,0.0,0.0,0.0,0.0,0.0,0.0,0.0,0.00025890948342877193,0.0,0.0
2021-04-22,0.0,0.0,0.001096603444389872,0.0,0.0,0.0010196076986965699,0.0,0.0,0.0,0.0,0.0010603217047793021,0.0,0.0,0.0,0.0,0.0,0.0,0.0,0.002107372220924405,0.0,0.0
2021-04-23,-0.0,-0.0,0.00038894919964889586,-0.0,-0.0,-0.00024849147677606377,0.0,-0.0,-0.0,0.0,3.81125570728972e-05,-0.0,-0.0,-0.0,-0.0,-0.0,-0.0,-0.0,-4.863911228017203e-05,-0.0,-0.0
2021-04-26,-0.0,0.0,0.0006325346684450415,0.0,-0.0,-0.0019484873215127895,0.0,-0.0,-0.0,-0.0,-0.0010860263178940094,0.0,-0.0,-0.0,-0.0,0.0,-0.0,0.0,0.00029919443746951626,-0.0,-0.0
2021-04-27,-0.0,0.0,-8.39753155860187e-05,-0.0,0.0,-0.0015452219792202932,0.0,-0.0,0.0,-0.0,-0.0008574722642890982,0.0,-0.0,0.0,-0.0,-0.0,0.0,0.0,-0.0010022575682083407,0.0,-0.0
2021-04-28,-0.0,0.0,-0.001279534146055283,-0.0,-0.0,-0.0006331480204902425,-0.0,-0.0,-0.0,-0.0,9.242039298438173e-05,-0.0,-0.0,-0.0,-0.0,0.0,-0.0,-0.0,-0.0022409110625002168,-0.0,-0.0
2021-04-29,-0.0,0.0,-0.0005173813649762473,-0.0,-0.0,0.0007270340834391994,-0.0,-0.0,-0.0,-0.0,-0.000533687829262105,-0.0,0.0,0.0,-0.0,0.0,-0.0,-0.0,8.888112664294708e-05,0.0,-0.0
2021-04-30,0.0,0.0,0.002062530158124789,0.0,0.0,0.0020101740310306173,0.0,0.0,0.0,0.0,0.0007158485582506424,0.0,0.0,0.0,0.0,0.0,0.0,0.0,0.000814225166077663,0.0,0.0
2021-05-03,0.0,0.0,4.622259841163279e-05,0.0,0.0,0.0007177373605674027,0.0,0.0,-0.0,0.0,0.0006766665918578125,-0.0,0.0,0.0,0.0,0.0,0.0,0.0,0.0015780623326599724,0.0,0.0
2021-05-04,-0.0,-0.0,-0.0009811148257277582,0.0,-0.0,-0.0002970788502167588,-0.0,-0.0005827292309587118,-0.0,-0.0,-0.0004632434836449374,0.0,-0.0,-0.0,0.0,0.0,-0.0,-0.0,-0.0,-0.0,-0.0
2021-05-05,0.0,0.0,0.0017240837231814144,0.0,0.0,0.0004912091166872989,0.0,0.002646745499680582,0.0,0.0,0.0007305849635873274,0.0,-0.0,0.0,0.0,0.0,0.0,-0.0,0.0,0.0,0.0
2021-05-06,0.0,0.0,-0.00027250696758624436,0.0,0.0,0.00047304146404437877,-0.0,-0.0004213441386371738,0.0,0.0,-0.0008501508868369984,0.0,-0.0,-0.0,-0.0,-0.0,0.0,0.0,0.0,0.0,0.0
2021-05-07,0.0,0.0,0.00016574665620658436,0.0,0.0,0.0020717879739892897,0.0,0.0011770190114326956,0.0,0.0,0.0013034451904685006,0.0,0.0,0.0,0.0,0.0,0.0,0.0,0.0,0.0,0.0
2021-05-10,-0.0,-0.0,0.0010272277267742171,-0.0,0.0,0.0008545420530971802,-0.0,0.0003656504104138183,-0.0,0.0,0.0007020607411360954,-0.0,0.0,-0.0,0.0,-0.0,-0.0,-0.0,-0.0,-0.0,-0.0
2021-05-11,0.0,-0.0,0.00040936190156238043,0.0,0.0,6.523950161470018e-05,-0.0,-0.00012295229844704134,0.0,0.0,-3.982304620196853e-05,0.0,0.0,-0.0,-0.0,-0.0,0.0,0.0,-0.0,-0.0,0.0
2021-05-12,0.0,0.0,-5.264174631658817e-05,0.0,0.0,-0.0003815628790270243,0.0,0.0012066982360177624,0.0,0.0,0.0008829799163134727,0.0,-0.0,-0.0,0.0,-0.0,0.0,0.0,-0.0,-0.0,0.0
2021-05-13,0.0,0.0,0.0009968186249986128,0.0,0.0,0.0018336443712436436,0.0,0.0022386670627646483,0.0,0.0,0.0014625013535289001,0.0,0.0,0.0,0.0,0.0,0.0,0.0,0.0,0.0,0.0
2021-05-14,0.0,0.0,0.0019427922474591654,0.0,0.0,0.001500769171962803,-0.0,0.0003596377487525735,0.0,0.0,0.00010405429069186084,0.0,0.0,0.0,0.0,0.0,0.0,0.0,-0.0,0.0,0.0
2021-05-17,-0.0,0.0,-0.0004135861679137464,-0.0,0.0,-0.0006947383348259859,-0.0,0.0006005137310626253,-0.0,-0.0,-9.963241314361612e-05,-0.0,-0.0,-0.0,-0.0,0.0,-0.0,-0.0,-0.0,-0.0,-0.0
2021-05-18,-0.0,0.0,0.0015673429942207806,0.0,0.0,-0.0007441738239746127,0.0,-0.0001659467570781056,0.0,0.0,0.0008654651705743336,-0.0,0.0,0.0,0.0,0.0,0.0,0.0,0.0,0.0,0.0
2021-05-19,0.0,0.0,0.0004497362921555522,-0.0,-0.0,-0.0004565398455446598,0.0,-0.0006167754815178944,-0.0,0.0,-0.0002771677802599873,-0.0,0.0,-0.0,-0.0,-0.0,-0.0,-0.0,-0.0,-0.0,-0.0
2021-05-20,-0.0,0.0,-0.0006554679020307452,-0.0,-0.0,-0.0004702304720867227,0.0,0.00013573144716311954,-0.0,-0.0,0.0002141935548655147,-0.0,-0.0,0.0,0.0,-0.0,-0.0,-0.0,-0.0,-0.0,-0.0
2021-05-21,0.0,-0.0,0.00016624185291229927,0.0,0.0,-0.0007709925681023778,0.0,0.0011299764394396567,0.0,0.0,-0.0003905822401791329,0.0,0.0,0.0,0.0,0.0,0.0,-0.0,0.0,0.0,0.0
2021-05-24,-0.0,0.0,0.0010807571167192674,0.0,0.0,0.0001927200760909465,-0.0,0.00026823185611596947,0.0,0.0,-0.00018849299190819188,-0.0,-0.0,-0.0,0.0,-0.0,0.0,-0.0,0.0,0.0,0.0
2021-05-25,-0.0,-0.0,0.0012476956266579988,-0.0,0.0,0.0005275229597840257,-0.0,8.19881085228129e-05,-0.0,0.0,0.0008556172689147968,0.0,-0.0,0.0,0.0,0.0,-0.0,-0.0,-0.0,0.0,0.0
2021-05-26,0.0,-0.0,-0.0013704647512682991,0.0,-0.0,0.0013408687311132078,0.0,-0.00016655707866417517,0.0,-0.0,0.0007071140257785012,-0.0,0.0,0.0,-0.0,0.0,0.0,0.0,-0.0,-0.0,0.0
2021-05-27,0.0,-0.0,0.0006092994453393944,0.0,0.0,-0.0007545837601635356,0.0,0.0010445782886383639,0.0,-0.0,0.0008066738247603805,0.0,0.0,0.0,-0.0,0.0,0.0,-0.0,-0.0,-0.0,0.0
2021-05-28,0.0,0.0,0.00017147255648496722,0.0,0.0,0.0007744431815746345,0.0,0.000442901399486738,0.0,0.0,0.0009966584519772285,0.0,0.0,0.0,0.0,0.0,0.0,-0.0,-0.0,0.0,0.0
2021-06-01,-0.0,-0.0,-0.0018822666364196586,0.0,0.0,-0.0004071573730624163,-0.0,-0.0017936416426309937,-0.0,-0.0,-0.00139162755246451,0.0,-0.0,-0.0,-0.0,-0.0,0.0,-0.0,-0.0,-0.0,-0.0
2021-06-02,-0.0,0.0,0.0005670029607233839,-0.0,-0.0,0.0007475153460760664,0.0,-0.0002671509598152211,0.0,-0.0,-0.0,0.0015765691400855485,0.0,0.0,0.0,0.0,0.0,0.0,-0.0,0.0,0.0
2021-06-03,-0.0,-0.0,-0.0014886576523315425,-0.0,-0.0,-0.0012502120673057988,-0.0,0.0005172456602144306,-0.0,-0.0,-0.0,-0.0012244492012176192,-0.0,-0.0,0.0,-0.0,-0.0,-0.0,0.0,-0.0,-0.0
2021-06-04,-0.0,0.0,-0.0011142318052212996,-0.0,-0.0,-0.0015361075854918027,-0.0,-0.001304674743849111,0.0,0.0,-0.0,-0.0008148182126279009,-0.0,-0.0,-0.0,-0.0,-0.0,-0.0,-0.0,-0.0,-0.0
2021-06-07,-0.0,0.0,-0.0005724974970005062,0.0,0.0,4.5144858061825206e-05,0.0,0.00016786603168617397,0.0,-0.0,0.0,-0.00024212816038754904,0.0,-0.0,0.0,-0.0,-0.0,0.0,-0.0,-0.0,-0.0
2021-06-08,0.0,0.0,-0.0002864750297272544,-0.0,-0.0,0.0001189827098911469,0.0,0.0010004820205482302,0.0,0.0,-0.0,0.00047149991300816355,-0.0,0.0,0.0,-0.0,0.0,-0.0,0.0,0.0,0.0
2021-06-09,-0.0,-0.0,-0.0004175655023171254,-0.0,-0.0,-0.0007587360357030155,-0.0,1.6213520620840422e-06,0.0,0.0,-0.0,-0.00043685643818782593,0.0,-0.0,0.0,0.0,-0.0,-0.0,-0.0,-0.0,-0.0
2021-06-10,-0.0,0.0,-0.00022873083640152545,0.0,0.0,0.001352486594228265,-0.0,-5.4889054990106296e-05,0.0,-0.0,-0.0,0.00031786854157232677,0.0,-0.0,-0.0,0.0,0.0,0.0,-0.0,-0.0,0.0
2021-06-11,-0.0,-0.0,0.0003491645941498647,0.0,-0.0,-0.001013670101668231,-0.0,-0.001460403652677505,-0.0,-0.0,-0.0,0.00027752227700110043,-0.0,-0.0,0.0,-0.0,-0.0,-0.0,-0.0,-0.0,-0.0
2021-06-14,-0.0,-0.0,0.0001246999353072996,0.0,-0.0,-0.0015180996181681082,0.0,0.0010838337019166997,-0.0,-0.0,-0.0,-0.00014944496849399815,-0.0,0.0,-0.0,-0.0,-0.0,0.0,-0.0,-0.0,-0.0
2021-06-15,-0.0,0.0,0.0009171888962356486,0.0,-0.0,-0.00045924527932545664,-0.0,-0.0010502846002566457,0.0,-0.0,-0.0,-0.00023129069944428826,-0.0,-0.0,0.0,0.0,-0.0,-0.0,-0.0,-0.0,-0.0
2021-06-16,0.0,0.0,-0.00012593252774357726,0.0,0.0,0.0003094911019521918,0.0,-0.00040068630868711177,0.0,0.0,0.0,0.0002746861351506943,0.0,-0.0,0.0,-0.0,0.0,0.0,-0.0,0.0,-0.0
2021-06-17,0.0,0.0,-0.0002142851936897111,-0.0,-0.0,0.00039319848686404006,0.0,0.0004233550976126554,0.0,-0.0,0.0,0.0006440784359829544,0.0,-0.0,0.0,0.0,0.0,-0.0,-0.0,-0.0,0.0
2021-06-18,-0.0,-0.0,0.0006647194552790132,-0.0,-0.0,-0.00031071824843572005,-0.0,-0.0007025336347300483,0.0,-0.0,-0.0,-7.743534740508661e-05,-0.0,0.0,-0.0,0.0,-0.0,-0.0,0.0,-0.0,-0.0
2021-06-21,0.0,0.0,1.1330128492508275e-05,0.0,0.0,0.0014157071065797498,0.0,0.0008070394811095827,0.0,0.0,-0.0,0.001519437850981254,0.0,0.0,-0.0,0.0,0.0,0.0,0.0,0.0,0.0
2021-06-22,0.0,0.0,-7.786822127216424e-05,-0.0,0.0,-0.0007190661108927141,0.0,-0.0009730576769374327,0.0,0.0,-0.0,-0.0008734243941899341,-0.0,0.0,0.0,-0.0,-0.0,-0.0,-0.0,0.0,0.0
2021-06-23,-0.0,-0.0,-0.0005379903329896519,-0.0,-0.0,-0.0013109717871888844,-0.0,-0.0011772591237410037,-0.0,-0.0,-0.0,-0.000835442294415552,-0.0,-0.0,-0.0,-0.0,-0.0,-0.0,-0.0,-0.0,-0.0
2021-06-24,-0.0,0.0,-0.0019246839869689872,-0.0,-0.0,-4.6057975697896075e-06,-0.0,-0.0005973073080145316,-0.0,-0.0,-0.0,-0.0011719564071159014,-0.0,-0.0,-0.0,-0.0,-0.0,-0.0,-0.0,-0.0,-0.0
2021-06-25,0.0,0.0,0.00048645405038741325,0.0,0.0,-0.0013301782216747092,0.0,0.0004677353067677007,0.0,0.0,0.0,-0.00020785573506846693,-0.0,0.0,-0.0,0.0,-0.0,0.0,0.0,-0.0,0.0
2021-06-28,-0.0,0.0,0.0002878469752753708,-0.0,-0.0,-0.00014414375632585224,-0.0,-0.0005031569617876649,-0.0,0.0,0.0,0.000418278306968905,0.0,-0.0,-0.0,-0.0,0.0,0.0,0.0,-0.0,-0.0
2021-06-29,-0.0,0.0,0.0008228086794949789,-0.0,0.0,0.0007755910622664351,-0.0,-0.0007427034184527043,-0.0,-0.0,-0.0,0.0008659251422318057,-0.0,0.0,-0.0,-0.0,0.0,-0.0,-0.0,-0.0,-0.0
2021-06-30,-0.0,-0.0,0.000608451750517123,-0.0,-0.0,0.0008110998996367741,-0.0,0.00013934593331924408,-0.0,-0.0,0.0,-0.0004251101993847576,0.0,0.0,-0.0,0.0,0.0,-0.0,-0.0,-0.0,-0.0
2021-07-01,0.0,0.0,0.0010360515687488385,0.0,0.0,0.0005793132460429405,0.0,-0.0007546255912484144,0.0,-0.0,-0.0,0.0013284967781246745,-0.0,0.0,0.0,0.0,-0.0,0.0,-0.0,-0.0,0.0
2021-07-02,0.0,0.0,0.0004638884511591668,0.0,0.0,0.0010209912927482412,0.0,0.0014401731986897872,0.00022212209703609265,0.0,0.0,-0.0,0.0,0.0,0.0,0.0,0.0,0.0,0.0,-0.0,0.0
2021-07-06,-0.0,0.0,-0.0012173955828126074,-0.0,-0.0,-0.0013498723699499325,-0.0,-0.0005071594282767351,-0.0003063060529032862,-0.0,0.0,-0.0,-0.0,-0.0,-0.0,-0.0,-0.0,-0.0,0.0,-0.0,-0.0
2021-07-07,-0.0,0.0,0.0008250922946474926,0.0,-0.0,0.0003144458976446697,-0.0,-0.0011444099496908469,-0.00036425160362211925,-0.0,0.0,-0.0,0.0,0.0,0.0,0.0,-0.0,-0.0,-0.0,-0.0,-0.0
2021-07-08,-0.0,-0.0,-0.0016726024101346784,-0.0,-0.0,-0.001442418608506696,-0.0,-0.0013378826116321463,-0.0004563747981303177,-0.0,-0.0,-0.0,-0.0,-0.0,-0.0,0.0,-0.0,-0.0,-0.0,0.0,-0.0
2021-07-09,0.0,0.0,-0.0008175246429060719,0.0,-0.0,-0.0006202780232102747,-0.0,-0.0002681287601470306,0.00032689043308751586,0.0,-0.0,0.0,0.0,0.0,0.0,0.0,0.0,-0.0,0.0,-0.0,0.0
2021-07-12,0.0,0.0,0.0010840641660988606,0.0,0.0,0.0009654965162612738,0.0,-0.00038130314254444916,0.00031170066304503537,0.0,0.0,0.0,0.0,0.0,0.0,0.0,0.0,-0.0,0.0,0.0,0.0
2021-07-13,-0.0,0.0,0.000898715664927744,-0.0,-0.0,-0.0005725365230697161,-0.0,0.0001133224875621022,-0.0004293880583887298,-0.0,-0.0,-0.0,-0.0,0.0,-0.0,-0.0,-0.0,-0.0,-0.0,-0.0,-0.0
2021-07-14,-0.0,-0.0,-0.001258338929566094,-0.0,-0.0,-0.0012307841955752337,-0.0,-0.001921230072152261,-0.002554563646896973,-0.0,-0.0,-0.0,-0.0,-0.0,-0.0,-0.0,-0.0,-0.0,-0.0,-0.0,-0.0
2021-07-15,-0.0,-0.0,-0.00024295359136426543,-0.0,-0.0,-0.0006309673023590989,-0.0,-0.0006450873728663042,-0.0010062678381871568,-0.0,-0.0,-0.0,-0.0,-0.0,-0.0,-0.0,-0.0,0.0,-0.0,-0.0,-0.0
2021-07-16,-0.0,-0.0,-0.001843581079616805,-0.0,-0.0,0.0007718555524838275,-0.0,-7.713246807228294e-05,-0.00111350770228252,-0.0,-0.0,-0.0,-0.0,-0.0,-0.0,-0.0,-0.0,0.0,-0.0,-0.0,-0.0
2021-07-19,0.0,-0.0,-0.0006376075237401164,-0.0,0.0,1.7588007215171703e-06,-0.0,0.0003627571406993999,-0.00022326464756996917,-0.0,-0.0,-0.0,-0.0,-0.0,0.0,-0.0,-0.0,-0.0,-0.0,0.0,-0.0
2021-07-20,-0.0,-0.0,-0.001488297863030063,-0.0,-0.0,-0.0006440973030475324,-0.0,-4.077671565021128e-05,-0.0006902358520273202,-0.0,0.0,-0.0,-0.0,-0.0,-0.0,-0.0,0.0,-0.0,0.0,-0.0,-0.0
2021-07-21,-0.0,0.0,0.0005556253207233079,-0.0,0.0,0.0004983236861893524,0.0,0.0007996659126619928,-0.0013426185211987275,0.0,0.0,-0.0,0.0,-0.0,-0.0,0.0,0.0,-0.0,0.0,0.0,0.0
2021-07-22,-0.0,0.0,-0.0012043616480741101,-0.0,-0.0,-0.0007388385711291059,-0.0,0.0007924705213103948,0.0013318371862693574,-0.0,-0.0,-0.0,-0.0,0.0,-0.0,0.0,-0.0,-0.0,0.0,-0.0,-0.0
2021-07-23,0.0,0.0,-0.0002825579145608382,-0.0,-0.0,0.00121559651155657,0.0,0.0007716498227395299,0.00041691838337770264,0.0,0.0,0.0,0.0,-0.0,0.0,0.0,0.0,-0.0,0.0,0.0,0.0
2021-07-26,-0.0,-0.0,-7.828258898135628e-06,-0.0,-0.0,-0.00032040191717413823,-0.0,-0.00014456695640782858,0.0006178424220808735,-0.0,-0.0,0.0,-0.0,-0.0,-0.0,0.0,-0.0,-0.0,0.0,-0.0,-0.0
2021-07-27,-0.0,-0.0,0.0002569093691609414,-0.0,0.0,-0.00018993031366130688,-0.0,-0.0008580827475846376,-0.0008111101320250075,-0.0,0.0,-0.0,-0.0,-0.0,-0.0,0.0,-0.0,-0.0,-0.0,0.0,-0.0
2021-07-28,0.0,0.0,0.00015944545985739338,0.0,-0.0,-0.0009569635604553477,-0.0,-0.0004076038425544739,0.001405060959280828,0.0,-0.0,0.0,0.0,-0.0,0.0,0.0,0.0,-0.0,0.0,-0.0,0.0
2021-07-29,-0.0,0.0,-0.00042959058344687034,-0.0,-0.0,-0.0023741791349097636,-0.0,4.7198703950806275e-05,-0.0016083051241502144,-0.0,0.0,-0.0,-0.0,0.0,-0.0,-0.0,-0.0,-0.0,0.0,-0.0,-0.0
2021-07-30,0.0,0.0,0.0005772166618134288,0.0,0.0,-0.0007889649866317739,0.0,0.0006450739553924837,0.0003376991243868958,0.0,0.0,0.0,0.0,0.0,-0.0,0.0,0.0,0.0,-0.0,0.0,0.0
2021-08-02,0.0,0.0,-7.945711090225253e-05,-0.0,0.0,0.001226598238721035,0.0,0.0005453783253679767,-0.0006703005660893812,-0.0,0.0,-0.0,-0.0,0.0,0.0,-0.0,0.0,0.0,0.0,0.0,0.0
2021-08-03,-0.0,0.0,-0.0008383616323745736,-0.0,-0.0,-0.0008757761703471424,0.0,-0.0004855645190900205,0.001748452437685333,-0.0,0.0,0.0,-0.0,-0.0,-0.0,0.0,0.0,0.0,-0.0,0.0,-0.0
2021-08-04,0.0,0.0,0.0012850787068959212,0.0,0.0,0.001400812808745509,0.0,0.0020277052804476923,0.0007384689977054227,0.0,0.0,0.0,0.0,-0.0,0.0,0.0,0.0,0.0,0.0,0.0,0.0
2021-08-05,0.0,0.0,9.118206835387622e-05,-0.0,0.0,-0.0007874640910208072,0.0,-0.0005031258933381679,0.0002467642636381304,0.0,-0.0,-0.0,-0.0,-0.0,-0.0,0.0,0.0,-0.0,-0.0,-0.0,-0.0
2021-08-06,0.0,0.0,0.0017924674105759002,0.0,0.0,0.0009895871010036238,0.0,0.0006067709004733223,0.0015140159894571064,0.0,0.0,0.0,0.0,0.0,0.0,0.0,0.0,0.0,0.0,0.0,0.0
2021-08-09,0.0,-0.0,0.00010417184215739699,0.0,-0.0,-0.00014679836825277228,-0.0,-0.0005211509220472457,-0.000138049543233075,-0.0,-0.0,0.0,-0.0,-0.0,-0.0,-0.0,-0.0,-0.0,-0.0,-0.0,-0.0
2021-08-10,-0.0,-0.0,-0.0015469983113881385,-0.0,-0.0,0.00044492273137294527,-0.0,0.0003963551046055561,-0.0003533919347884573,-0.0,-0.0,-0.0,-0.0,-0.0,-0.0,-0.0,-0.0,-0.0,-0.0,-0.0,-0.0
2021-08-11,0.0,0.0,0.0005337610970184992,0.0,0.0,0.0004602132908829357,-0.0,-0.0007338603474220597,0.0010312951395533405,0.0,0.0,-0.0,0.0,0.0,0.0,-0.0,-0.0,0.0,0.0,-0.0,0.0
2021-08-12,-0.0,-0.0,-0.0005965259811419444,-0.0,-0.0,-0.00032472748074340724,0.0,-0.0011172142247563366,-0.00012932644864730217,-0.0,-0.0,-0.0,0.0,-0.0,-0.0,-0.0,-0.0,-0.0,0.0,-0.0,-0.0
2021-08-13,-0.0,-0.0,-0.0007498022555721122,-0.0,0.0,0.000499838625974078,-0.0,0.001602752838175342,-0.0003086708053770492,-0.0,-0.0,0.0,-0.0,-0.0,-0.0,-0.0,-0.0,-0.0,-0.0,0.0,-0.0
2021-08-16,-0.0,0.0,2.6416426866642056e-05,-0.0,0.0,-0.00021234328948614508,-0.0,0.0008962589770115929,0.0006178044604202185,0.0,0.0,-0.0,0.0,0.0,0.0,-0.0,0.0,0.0,0.0,-0.0,0.0
2021-08-17,-0.0,0.0,-0.0001603077379108639,-0.0,0.0,0.00107564859918068,-0.0,-0.00019398022215371758,0.0017298800298208542,-0.0,0.0,-0.0,0.0,0.0,0.0,-0.0,0.0,0.0,-0.0,0.0,0.0
2021-08-18,-0.0,-0.0,0.0002809392977051122,0.0,-0.0,0.0002971150424371777,-0.0,-0.0011042014680084338,-0.0006646021294615802,-0.0,0.0,0.0,-0.0,0.0,-0.0,-0.0,-0.0,-0.0,-0.0,0.0,-0.0
2021-08-19,0.0,-0.0,-0.000425907225868554,0.0,0.0,0.0012080104598680148,0.0,-0.0006066013233182157,-0.0007710335380268923,0.0,-0.0,0.0,-0.0,-0.0,0.0,0.0,0.0,0.0,-0.0,0.0,0.0
2021-08-20,0.0,-0.0,-3.63163045701167e-05,0.0,0.0,0.0005672098003618617,-0.0,0.0007217012736276609,-0.00011352381932911535,-0.0,-0.0,-0.0,0.0,0.0,-0.0,0.0,0.0,0.0,0.0,-0.0,0.0
2021-08-23,0.0,0.0,0.0005771413666824977,0.0,0.0,0.0005267280890157603,-0.0,0.0013234124065458987,0.00010338106702445877,0.0,0.0,0.0,0.0,-0.0,0.0,0.0,0.0,0.0,0.0,0.0,0.0
2021-08-24,-0.0,0.0,0.0014227455755071628,-0.0,-0.0,-0.0003133962767678173,0.0,0.0013836946800276412,-0.00032202894079253846,0.0,0.0,0.0,0.0,-0.0,0.0,-0.0,0.0,0.0,0.0,-0.0,0.0
2021-08-25,0.0,0.0,0.0015156593789336285,-0.0,0.0,0.0002158236474509414,0.0,-0.0005636421049839637,0.000187271698855663,0.0,0.0,0.0,0.0,0.0,0.0,0.0,0.0,0.0,0.0,0.0,0.0
2021-08-26,-0.0,-0.0,-0.0022268108933065902,-0.0,-0.0,-0.0017409984282914044,-0.0,-0.0019991026239108015,-0.0010953498824001207,-0.0,-0.0,-0.0,0.0,-0.0,-0.0,-0.0,-0.0,-0.0,-0.0,-0.0,-0.0
2021-08-27,0.0,0.0,0.0007791859241534642,0.0,-0.0,9.134216120184821e-05,-0.0,-0.00025161264774802505,5.837024920451415e-06,0.0,-0.0,0.0,-0.0,-0.0,-0.0,0.0,-0.0,-0.0,0.0,-0.0,-0.0
2021-08-30,0.0,-0.0,0.0004733991581771165,-0.0,0.0,-0.0006497996200722972,-0.0,0.0014740587569720917,-0.00031857223628044615,0.0,-0.0,-0.0,0.0,-0.0,0.0,-0.0,-0.0,-0.0,-0.0,-0.0,-0.0
2021-08-31,0.0,-0.0,-0.0007533958428284433,0.0,0.0,0.00038533049476479806,-0.0,0.0007059066543911855,-0.0004450421112776949,0.0,-0.0,-0.0,-0.0,0.0,-0.0,0.0,-0.0,0.0,0.0,-0.0,0.0
2021-09-01,-0.0,-0.0,-0.002083803420354939,0.0,-0.0,3.264611685169449e-05,-0.0,-4.94920988224658e-05,0.00039443401818636933,0.0,-0.0,-0.0,0.0,-0.0,0.0,-0.0,-0.0,-0.0,0.0,-0.0,-0.0
2021-09-02,-0.0,-0.0,-0.00013310352713491458,0.0,-0.0,-0.0,0.0,-0.0009399949048604307,0.0002915706837531174,0.0,-0.0,-0.00019772061447177473,-0.0,-0.0,0.0,-0.0,0.0,0.0,-0.0,-0.0,-0.0
2021-09-03,-0.0,0.0,0.0018495635000028306,0.0,0.0,0.0,0.0,-0.00041593606784227465,0.0021798999074499684,0.0,0.0,0.0005103122930076106,0.0,0.0,0.0,0.0,0.0,0.0,0.0,0.0,0.0
2021-09-07,0.0,-0.0,0.0010437120307935331,-0.0,-0.0,-0.0,-0.0,-5.639382841253691e-05,0.0005191082647147784,-0.0,-0.0,6.0835716516258024e-05,-0.0,-0.0,-0.0,0.0,0.0,-0.0,-0.0,-0.0,-0.0
2021-09-08,-0.0,0.0,-0.00037572970044614655,0.0,0.0,-0.0,-0.0,0.0001694283898041827,-2.5099177745053727e-06,-0.0,-0.0,0.0006859305741455285,-0.0,0.0,0.0,0.0,-0.0,-0.0,0.0,-0.0,0.0
2021-09-09,-0.0,0.0,0.00112734922169667,-0.0,0.0,-0.0,-0.0,-0.0003016568727922868,0.0008137750467829419,-0.0,-0.0,0.0008570749397683462,0.0,-0.0,-0.0,-0.0,0.0,-0.0,0.0,-0.0,-0.0
2021-09-10,0.0,0.0,-0.0015477273721533214,0.0,-0.0,0.0,0.0,-0.0002085010447853749,0.0002517717942584303,0.0,-0.0,0.0017047920197961997,-0.0,-0.0,0.0,-0.0,0.0,0.0,-0.0,0.0,0.0
2021-09-13,0.0,-0.0,-0.00024658936518225273,0.0,-0.0,-0.0,-0.0,-0.0004970985305727273,0.000591020682678648,-0.0,-0.0,0.0001637647131162685,-0.0,-0.0,0.0,0.0,-0.0,0.0,0.0,-0.0,0.0
2021-09-14,0.0,-0.0,-3.076356086017629e-05,-0.0,-0.0,0.0,0.0,-0.0004100039159772049,0.0007952189429827898,0.0,0.0,4.115790065201144e-05,-0.0,-0.0,0.0,-0.0,0.0,-0.0,0.0,0.0,0.0
2021-09-15,0.0,0.0,0.0014820511121822993,0.0,-0.0,0.0,0.0,0.001578936005311642,0.0006024716364990692,0.0,0.0,0.0004127989751758451,0.0,-0.0,0.0,-0.0,0.0,0.0,0.0,0.0,0.0
2021-09-16,0.0,-0.0,0.0018769668921699248,0.0,0.0,0.0,-0.0,0.00030531118245999606,0.0010532080028510275,0.0,0.0,0.0002653247539546725,0.0,0.0,0.0,-0.0,0.0,0.0,0.0,0.0,0.0
2021-09-17,0.0,0.0,0.0008809886788475269,0.0,0.0,0.0,-0.0,-9.1971889578067e-06,9.693168615850288e-05,0.0,-0.0,0.0005119769661134022,-0.0,-0.0,0.0,0.0,0.0,0.0,0.0,-0.0,0.0
2021-09-20,0.0,-0.0,-0.0006298243317642425,0.0,-0.0,0.0,0.0,0.0003055172059941695,-0.00027023023440212384,-0.0,0.0,-5.953067135241248e-06,0.0,0.0,0.0,-0.0,0.0,0.0,0.0,0.0,0.0
2021-09-21,-0.0,-0.0,-3.123036395486505e-05,-0.0,-0.0,0.0,-0.0,-0.00013663250834785055,-0.0022458838950408996,-0.0,-0.0,-0.00028031657645938724,-0.0,-0.0,-0.0,-0.0,-0.0,-0.0,-0.0,0.0,-0.0
2021-09-22,0.0,-0.0,0.0003297801061811357,0.0,-0.0,-0.0,0.0,-0.0006223570981881188,-0.0005412202871029459,-0.0,-0.0,-0.0007146831100423743,0.0,0.0,-0.0,-0.0,0.0,0.0,-0.0,0.0,-0.0
2021-09-23,0.0,0.0,-0.0006601412173644399,-0.0,-0.0,0.0,0.0,0.0011916418929460838,0.0006956256914849388,0.0,-0.0,0.00021660092408314072,0.0,0.0,0.0,0.0,0.0,0.0,0.0,0.0,0.0
2021-09-24,-0.0,0.0,-0.000984871027184528,0.0,0.0,-0.0,0.0,8.840992172635597e-05,0.0012977434014118995,0.0,-0.0,0.0008205635199348948,0.0,0.0,0.0,0.0,0.0,0.0,0.0,-0.0,0.0
2021-09-27,0.0,-0.0,0.0008761348528076826,-0.0,-0.0,-0.0,0.0,1.5447134229136927e-05,0.0007173948055493334,-0.0,-0.0,4.302679921985482e-05,0.0,-0.0,0.0,0.0,-0.0,0.0,0.0,0.0,0.0
2021-09-28,0.0,0.0,0.0003926413045970649,0.0,0.0,0.0,0.0,0.0016306867198624887,0.0003269910940185196,0.0,0.0,-0.0008656655885636289,0.0,0.0,0.0,0.0,0.0,0.0,0.0,0.0,0.0
2021-09-29,-0.0,-0.0,-0.0006348512177837792,0.0,-0.0,0.0,-0.0,-0.0003927032127766007,-0.00020083267662041775,-0.0,0.0,0.00028118986930250617,0.0,0.0,0.0,0.0,0.0,0.0,0.0,0.0,0.0
2021-09-30,-0.0,0.0,0.0005520304406048699,0.0,0.0,0.0,0.0,0.0011824731733541957,0.0005854891604616723,0.0,0.0,0.00012476087337891893,0.0,0.0,0.0,0.0,0.0,0.0,0.0,0.0,0.0
2021-10-01,-0.0,0.0,0.0004406537043411584,-0.0,-0.0,0.0,0.0,0.0008804082226764171,-0.0005379488648305792,0.0,0.0,0.0010256999773982775,-0.0,0.0,0.0,-0.0,-0.0,0.0,0.0,0.0,0.0
2021-10-04,0.0,-0.0,-0.00024668684538705634,0.0,0.0,0.0,-0.0,2.823740484845239e-05,-0.001669379795864712,0.0,-0.0,0.0004910867398112862,0.0,-0.0,-0.0,-0.0,-0.0,-0.0,0.0,0.0,-0.0
2021-10-05,0.0,-0.0,-0.0008868677960600025,-0.0,0.0,0.0,0.0,0.00011649508195316919,-0.000869503479418764,0.0,0.0,-0.0014083198939441898,0.0,-0.0,0.0,0.0,-0.0,0.0,-0.0,0.0,0.0
2021-10-06,-0.0,-0.0,-0.0003085947963948267,-0.0,-0.0,-0.0,-0.0,-0.0001434834043149194,-0.000654259664913861,-0.0,-0.0,-0.001064521286867119,-0.0,-0.0,-0.0,-0.0,-0.0,-0.0,-0.0,-0.0,-0.0
2021-10-07,0.0,-0.0,0.0009205891858310915,0.0,-0.0,0.0,-0.0,0.00021665830220926895,0.0014861940558679794,0.0,-0.0,0.000490841753596718,0.0,0.0,-0.0,-0.0,0.0,0.0,-0.0,0.0,0.0
2021-10-08,-0.0,-0.0,-0.002263411472651848,-0.0,-0.0,-0.0,-0.0,-0.00190052416283756,-0.0014842869243300218,-0.0,-0.0,-0.0030364069715729694,-0.0,-0.0,-0.0,-0.0,-0.0,-0.0,-0.0,-0.0,-0.0
2021-10-11,-0.0,-0.0,-0.0011428177806478816,-0.0,-0.0,-0.0,-0.0,-0.0011846577945849395,-0.0009754413203542342,-0.0,-0.0,-0.00032847158338515577,-0.0,-0.0,-0.0,-0.0,-0.0,-0.0,-0.0,-0.0,-0.0
2021-10-12,0.0,-0.0,0.0005029136132023805,0.0,-0.0,0.0,-0.0,0.0003644749834619261,-0.0006929404227989928,0.0,-0.0,-0.0006114641458445946,0.0,0.0,0.0,0.0,0.0,0.0,-0.0,-0.0,0.0
2021-10-13,-0.0,0.0,-0.0005034544816554318,0.0,0.0,0.0,-0.0,0.0009443689722522426,0.00015972065720635772,-0.0,-0.0,0.001037741943045088,0.0,0.0,0.0,0.0,-0.0,0.0,0.0,0.0,0.0
2021-10-14,-0.0,-0.0,-0.0004042666638228355,-0.0,0.0,-0.0,-0.0,-0.0008323068194831936,-0.0002052323526421449,0.0,-0.0,-0.0010599472944381179,-0.0,-0.0,0.0,-0.0,-0.0,-0.0,-0.0,-0.0,-0.0
2021-10-15,-0.0,0.0,-0.00128481627987672,-0.0,-0.0,0.0,0.0,-0.0018514239889983542,0.00018640938001618577,-0.0,-0.0,-0.00139541416149178,0.0,-0.0,0.0,-0.0,0.0,0.0,0.0,-0.0,-0.0
2021-10-18,0.0,0.0,0.0007030140331831043,0.0,0.0,0.0,0.0,0.0011134552638800243,0.0012270952384806893,-0.0,0.0,0.0021537738191964337,0.0,-0.0,-0.0,0.0,0.0,0.0,-0.0,0.0,0.0
2021-10-19,-0.0,-0.0,-0.0010428028384549307,0.0,-0.0,-0.0,-0.0,-0.0010000340051743496,0.000574960708835324,0.0,0.0,-0.0013005988378239869,-0.0,0.0,-0.0,-0.0,-0.0,-0.0,-0.0,-0.0,-0.0
2021-10-20,0.0,0.0,0.0004640750142184575,0.0,0.0,0.0,0.0,0.0017458134917218955,0.0025987987219984656,0.0,0.0,0.0006728800860918062,0.0,0.0,0.0,0.0,0.0,0.0,0.0,0.0,0.0
2021-10-21,-0.0,0.0,0.001113189628983714,-0.0,-0.0,-0.0,0.0,8.409325820829432e-06,-0.0002767952403193614,0.0,0.0,-0.00040063196088967965,0.0,-0.0,0.0,0.0,-0.0,-0.0,-0.0,0.0,0.0
2021-10-22,0.0,0.0,0.0002718105935772354,0.0,-0.0,-0.0,0.0,0.00088951952245761,0.002217371186782225,0.0,0.0,-7.637883697835576e-05,-0.0,0.0,0.0,0.0,0.0,0.0,0.0,0.0,0.0
2021-10-25,0.0,0.0,0.0010279044733315086,0.0,0.0,0.0,0.0,0.0002508156729393628,-0.0005106756026445562,-0.0,0.0,0.001336552279893154,0.0,0.0,0.0,0.0,0.0,0.0,-0.0,0.0,0.0
2021-10-26,0.0,0.0,-0.0012935144887280838,-0.0,-0.0,-0.0,0.0,-0.000289408152951833,-0.00046932726143819354,0.0,-0.0,0.00011975513267924169,-0.0,0.0,0.0,-0.0,0.0,-0.0,0.0,-0.0,0.0
2021-10-27,-0.0,-0.0,-0.0009356217110386834,-0.0,-0.0,0.0,-0.0,-0.0007843499697979279,-0.0004171631381967064,0.0,0.0,0.00014696687371530153,-0.0,-0.0,-0.0,-0.0,-0.0,-0.0,-0.0,-0.0,-0.0
2021-10-28,0.0,-0.0,0.00026058736700220283,0.0,-0.0,-0.0,-0.0,-0.0010759552656248441,0.00033780589077864783,0.0,0.0,0.00020290736581785257,0.0,-0.0,0.0,-0.0,0.0,-0.0,0.0,0.0,-0.0
2021-10-29,0.0,0.0,0.00012155458491565524,0.0,0.0,0.0,0.0,0.0007516005389928864,-0.00013890365308319566,-0.0,0.0,-0.0011466777867758648,-0.0,0.0,0.0,-0.0,-0.0,-0.0,-0.0,-0.0,-0.0
2021-11-01,-0.0,-0.0,-0.00217761015480873,-0.0,-0.0,-0.0,-0.0,-0.0018648163125880581,-0.0011183944779015029,0.0,-0.0,-0.00035419104718583056,-0.0,-0.0,-0.0,-0.0,-0.0,-0.0,0.0,-0.0,-0.0
2021-11-02,-0.0,-0.0,1.2230581709093968e-05,-0.0,-0.0,-0.0,0.0,0.0006353535726338455,0.0014090438298526077,-0.0,0.0,0.0,0.0,0.0,0.00020609963896487394,0.0,-0.0,-0.0,-0.0,0.0,-0.0
2021-11-03,-0.0,-0.0,-0.00014821919734867592,-0.0,-0.0,-0.0,-0.0,-0.00010848964592729064,-0.0007948641697822175,-0.0,-0.0,-0.0,0.0,-0.0,-0.000263903698854333,-0.0,0.0,-0.0,0.0,0.0,-0.0
2021-11-04,0.0,0.0,0.0014234845478537656,0.0,-0.0,-0.0,0.0,0.00039061255999215186,-0.0001863809184915161,0.0,0.0,0.0,-0.0,0.0,0.0014200862302176664,0.0,0.0,0.0,0.0,0.0,0.0
2021-11-05,-0.0,-0.0,-0.0004325758521119554,0.0,0.0,0.0,0.0,0.0002728648238002814,0.0012137788238586597,0.0,0.0,0.0,0.0,-0.0,0.0005084191708028291,-0.0,0.0,-0.0,0.0,-0.0,0.0
2021-11-08,0.0,-0.0,-0.0017224001404567554,-0.0,-0.0,0.0,-0.0,7.501857911248219e-05,0.0004513731237279397,0.0,-0.0,0.0,-0.0,0.0,0.0005875363096182141,0.0,-0.0,-0.0,0.0,-0.0,-0.0
2021-11-09,-0.0,0.0,-0.0007364999747606231,-0.0,0.0,0.0,-0.0,-0.0003317901636097764,0.000728783574558215,-0.0,0.0,0.0,-0.0,-0.0,-0.0005951394780450156,0.0,-0.0,-0.0,0.0,-0.0,-0.0
2021-11-10,0.0,-0.0,-0.0006197769522503653,-0.0,0.0,-0.0,0.0,0.0003459778146765961,0.00027915346220239856,0.0,-0.0,-0.0,0.0,0.0,-0.0004496514486889465,-0.0,-0.0,0.0,-0.0,0.0,0.0
2021-11-11,-0.0,0.0,0.0008490582279259131,0.0,0.0,-0.0,0.0,0.0008757361350035172,-0.0006239417921263547,0.0,-0.0,0.0,0.0,-0.0,0.00040403021190721215,0.0,0.0,0.0,0.0,0.0,0.0
2021-11-12,-0.0,-0.0,-0.0024048225915339343,-0.0,0.0,-0.0,-0.0,-0.0012305164433876945,-0.0004997462780666012,-0.0,0.0,-0.0,-0.0,-0.0,-2.5041707116578107e-05,-0.0,-0.0,-0.0,-0.0,-0.0,-0.0
2021-11-15,-0.0,-0.0,-0.0008521377063019315,-0.0,-0.0,0.0,0.0,-0.00033320437384735875,-0.0016632435885116752,-0.0,-0.0,-0.0,-0.0,-0.0,-0.00020418076053348532,-0.0,0.0,0.0,-0.0,-0.0,-0.0
2021-11-16,0.0,0.0,0.0015547409272980218,0.0,0.0,0.0,0.0,-0.0012190694974628601,0.0008030083570590857,0.0,0.0,-0.0,-0.0,0.0,0.00010510218897624809,0.0,0.0,0.0,0.0,0.0,0.0
2021-11-17,-0.0,-0.0,-0.00020886136111402276,-0.0,0.0,-0.0,-0.0,-0.0015627148935789847,0.0002398457589413436,0.0,-0.0,-0.0,0.0,0.0,0.0003318170386652249,-0.0,0.0,-0.0,0.0,-0.0,-0.0
2021-11-18,0.0,-0.0,-0.00015067323120491308,-0.0,0.0,-0.0,-0.0,-0.0003800828111125547,-3.0612106680328624e-05,-0.0,-0.0,-0.0,0.0,-0.0,-0.0012498457819661549,-0.0,0.0,-0.0,-0.0,0.0,-0.0
2021-11-19,0.0,-0.0,-0.0008627578407545102,0.0,-0.0,-0.0,0.0,-3.2715054247318254e-05,0.0001977210045473248,-0.0,-0.0,0.0,-0.0,0.0,0.0007393313573904147,-0.0,0.0,0.0,0.0,0.0,0.0
2021-11-22,0.0,-0.0,-0.0008177577699121696,0.0,0.0,-0.0,-0.0,-0.00032014988024353815,0.0008088954309260996,-0.0,-0.0,0.0,0.0,-0.0,0.0004795723508572071,0.0,-0.0,0.0,-0.0,-0.0,0.0
2021-11-23,-0.0,-0.0,0.0001517447592620613,-0.0,-0.0,-0.0,-0.0,-0.000861235607026929,-0.001519548712779141,-0.0,-0.0,-0.0,0.0,-0.0,-0.0010281496976421122,-0.0,-0.0,-0.0,-0.0,-0.0,-0.0
2021-11-24,0.0,0.0,0.0002007930049379233,-0.0,0.0,0.0,-0.0,-0.00013387250880367188,0.0008280946817523269,-0.0,0.0,-0.0,0.0,0.0,-0.00024014065049306421,0.0,0.0,0.0,-0.0,-0.0,0.0
2021-11-26,0.0,0.0,0.0004740260508574699,0.0,0.0,-0.0,-0.0,-0.00026070767964917315,0.0009150879547304382,-0.0,0.0,0.0,0.0,0.0,0.0005227316103467012,0.0,0.0,0.0,0.0,0.0,0.0
2021-11-29,-0.0,-0.0,-0.0005407945420372859,0.0,0.0,0.0,0.0,-0.000892708790834145,-0.0003503320516811801,0.0,0.0,0.0,0.0,0.0,0.00028309713551442716,0.0,-0.0,0.0,0.0,0.0,0.0
2021-11-30,-0.0,-0.0,0.0004164080601903119,-0.0,-0.0,0.0,0.0,-0.0009680367111262722,0.0007565238955741199,0.0,0.0,0.0,0.0,0.0,-0.0003761526392651941,0.0,0.0,0.0,-0.0,0.0,0.0
2021-12-01,0.0,-0.0,-0.001517582022110668,-0.0,-0.0,-0.0,-0.0,-0.00024471560054898246,-1.3558228645618231e-05,-0.0,-0.0,-0.0,0.0,-0.0,-0.00036083769706481914,-0.0,-0.0,-0.0,-0.0,-0.0,-0.0
2021-12-02,0.0,0.0,0.0010266918010318317,0.0,0.0,0.0,0.0,-9.986719993625439e-05,0.0002509346337250307,-0.0,0.0,0.0,-0.0,0.0,0.0010055613305531398,0.0,-0.0,0.0,-0.0,0.0,0.0
2021-12-03,-0.0,-0.0,0.0017646340579204217,-0.0,-0.0,0.0,-0.0,0.0005180673201473194,-0.0007349649232550132,-0.0,-0.0,-0.0,0.0,-0.0,0.0004469200931205428,0.0,0.0,0.0,-0.0,-0.0,-0.0
2021-12-06,0.0,-0.0,8.076375889526567e-05,-0.0,-0.0,-0.0,-0.0,-0.0005627237571171212,-0.00013421438416187894,-0.0,-0.0,-0.0,-0.0,-0.0,-3.9743472391478537e-05,-0.0,-0.0,-0.0,0.0,-0.0,-0.0
2021-12-07,0.0,0.0,5.489544776965825e-05,0.0,0.0,-0.0,0.0,0.0007427847991179864,0.0008761504595603607,0.0,0.0,0.0,-0.0,-0.0,0.00018499136617920687,-0.0,-0.0,-0.0,-0.0,0.0,0.0
2021-12-08,0.0,0.0,-0.0009569088248148898,0.0,0.0,0.0,0.0,0.0007515644844913155,0.0002571617185138382,0.0,0.0,0.0,0.0,0.0,0.0009389521290049619,0.0,0.0,0.0,0.0,0.0,0.0
2021-12-09,-0.0,0.0,-0.0001659433549174559,0.0,0.0,0.0,0.0,0.0010539129129216694,0.00030962332460744626,0.0,0.0,-0.0,0.0,0.0,0.0009407989370725431,0.0,0.0,0.0,0.0,0.0,0.0
2021-12-10,0.0,0.0,0.0018524566420161318,0.0,0.0,0.0,0.0,0.0008244945403490222,0.0011116552320410492,0.0,0.0,0.0,0.0,0.0,0.0008555986341172031,0.0,0.0,-0.0,0.0,0.0,0.0
2021-12-13,-0.0,-0.0,-0.0007892647789507094,0.0,0.0,-0.0,0.0,-0.0003698426361914754,0.0005286277859724218,0.0,-0.0,-0.0,-0.0,-0.0,0.0006226430383597114,-0.0,-0.0,-0.0,0.0,0.0,-0.0
2021-12-14,-0.0,0.0,-5.234967782281959e-05,0.0,0.0,-0.0,0.0,-0.0006627059046116784,0.0017325382532079989,0.0,0.0,0.0,-0.0,0.0,0.0001371957270361918,0.0,0.0,-0.0,-0.0,-0.0,0.0
2021-12-15,0.0,-0.0,0.0009108703090065631,-0.0,0.0,0.0,0.0,0.0009835554147025506,0.0009309613720295698,0.0,0.0,0.0,0.0,-0.0,-0.0008769469468372583,0.0,-0.0,0.0,0.0,0.0,0.0
2021-12-16,-0.0,-0.0,0.001139084751954383,-0.0,0.0,0.0,-0.0,0.00121220184401661,-0.0007948193441134559,-0.0,0.0,0.0,-0.0,-0.0,0.0006543477014157766,0.0,0.0,0.0,0.0,-0.0,0.0
2021-12-17,0.0,-0.0,-5.765307245668537e-05,-0.0,0.0,0.0,-0.0,0.0012765993973878232,0.0015489285305934398,-0.0,0.0,0.0,0.0,-0.0,0.0003725612400315467,-0.0,-0.0,0.0,0.0,0.0,0.0
2021-12-20,0.0,0.0,0.00019344343314137963,0.0,-0.0,0.0,0.0,8.744966066039271e-05,0.0012550052423701149,0.0,-0.0,0.0,0.0,0.0,0.000594223572647731,0.0,0.0,0.0,0.0,-0.0,0.0
2021-12-21,-0.0,-0.0,2.814386717128649e-05,-0.0,-0.0,-0.0,-0.0,-0.0005538300425783699,-0.0014938031373203525,0.0,0.0,0.0,0.0,-0.0,-0.0008735265473847756,-0.0,0.0,-0.0,-0.0,-0.0,-0.0
2021-12-22,-0.0,0.0,-0.0008615631262485683,-0.0,-0.0,-0.0,-0.0,-0.000810157101331188,-0.0011586303784838852,-0.0,-0.0,-0.0,-0.0,0.0,-0.0010082624854061265,-0.0,-0.0,-0.0,0.0,-0.0,-0.0
2021-12-23,-0.0,0.0,-0.0006384609525290987,-0.0,0.0,-0.0,0.0,-0.0003538967775211047,-0.0005813534261475526,-0.0,0.0,0.0,-0.0,0.0,-0.0007383633471235951,-0.0,-0.0,-0.0,-0.0,0.0,-0.0
2021-12-27,0.0,0.0,0.0006671002050457584,0.0,0.0,0.0,-0.0,0.0003371635849288424,0.0009752322749724707,0.0,0.0,0.0,-0.0,0.0,-4.3838878240603515e-05,0.0,-0.0,-0.0,-0.0,0.0,0.0
2021-12-28,-0.0,-0.0,0.00014543024182126543,-0.0,-0.0,0.0,-0.0,-0.0007048529578824322,-0.0017063322487321083,-0.0,-0.0,0.0,0.0,-0.0,-0.0003357676009321637,0.0,-0.0,-0.0,0.0,0.0,0.0
2021-12-29,-0.0,-0.0,0.0017425002764806432,0.0,0.0,-0.0,0.0,-0.0008536093986355959,0.00011970601539336834,0.0,-0.0,-0.0,-0.0,0.0,-0.000634937047097183,-0.0,0.0,-0.0,-0.0,0.0,0.0
2021-12-30,0.0,0.0,0.000724942878525958,0.0,0.0,0.0,0.0,0.0004264339091703259,0.0009496252378148105,0.0,0.0,0.0,0.0,0.0,0.001905620528954083,0.0,0.0,0.0,-0.0,0.0,0.0
2021-12-31,0.0,-0.0,0.0006362444558147133,0.0,0.0,-0.0,-0.0,-0.0027076124297917246,-0.0022352142362809697,-0.0,-0.0,-0.0,-0.0,0.0,0.0008709795310585255,-0.0,-0.0,-0.0,0.0,-0.0,-0.0
2022-01-03,-0.0,0.0,-0.00033461255152089945,0.0,0.0,0.0,0.0,0.00035995753779777056,0.0009614014268247306,0.0,0.0,0.0,0.0,0.0,0.0006496654590640137,0.0,0.0,-0.0,0.0,0.0,0.0
2022-01-04,-0.0,0.0001070124465453848,0.0,-0.0,0.0,0.0,-0.0,-0.0,0.0008295122742610241,-0.0,0.0,-0.0,-0.0,-0.0,0.00019909168676963688,0.00011767926186412317,0.0,-0.0,0.0,0.0,0.0
2022-01-05,0.0,-0.0007479426233216012,-0.0,0.0,-0.0,-0.0,-0.0,-0.0,-0.0012826097155882747,-0.0,-0.0,-0.0,-0.0,-0.0,0.0005980165730353623,-0.0011951046470395678,-0.0,-0.0,-0.0,-0.0,-0.0
2022-01-06,0.0,-0.0003755652415774542,0.0,-0.0,-0.0,0.0,-0.0,0.0,1.0855034014325384e-05,0.0,0.0,-0.0,0.0,0.0,0.001973141195198108,0.0019035359551829725,-0.0,0.0,0.0,0.0,0.0
2022-01-07,-0.0,-0.0003680457306188866,0.0,-0.0,-0.0,0.0,-0.0,0.0,-0.0008677973196547196,0.0,0.0,0.0,0.0,-0.0,-0.0008079488747762021,0.0005419752386032563,-0.0,-0.0,0.0,-0.0,-0.0
2022-01-10,-0.0,-0.00047979749956460297,-0.0,-0.0,-0.0,-0.0,-0.0,-0.0,-0.002748500350411927,0.0,0.0,-0.0,0.0,-0.0,-0.0007570592027993095,-0.001599677181683213,-0.0,-0.0,-0.0,-0.0,-0.0
2022-01-11,-0.0,-0.0014894269612815022,0.0,-0.0,-0.0,-0.0,-0.0,-0.0,-0.0007742668400490787,0.0,-0.0,-0.0,-0.0,-0.0,-0.0007143903927483411,-3.0369170115446456e-06,-0.0,-0.0,-0.0,-0.0,-0.0
2022-01-12,-0.0,-0.00020677444360310716,0.0,-0.0,-0.0,-0.0,-0.0,-0.0,-0.00039096597023486224,-0.0,0.0,-0.0,-0.0,0.0,-0.0007595312299188695,-0.0009023628602606107,-0.0,0.0,-0.0,-0.0,-0.0
2022-01-13,-0.0,9.941188087443267e-05,0.0,0.0,-0.0,-0.0,0.0,0.0,-0.0007792475305352841,-0.0,0.0,0.0,-0.0,0.0,-7.669252929140902e-05,-0.0008198341108366335,0.0,-0.0,0.0,0.0,0.0
2022-01-14,-0.0,-0.0005797848914453451,0.0,-0.0,-0.0,-0.0,-0.0,-0.0,0.0005113590140850634,-0.0,0.0,0.0,-0.0,-0.0,-0.00020453544658045764,-0.0006403128891753966,0.0,0.0,-0.0,0.0,-0.0
2022-01-18,0.0,0.00040838343431056555,0.0,0.0,-0.0,-0.0,-0.0,0.0,-0.00010177955270708134,0.0,-0.0,-0.0,0.0,-0.0,-3.0834322558157095e-05,-0.0010432247869358578,-0.0,-0.0,0.0,-0.0,-0.0
2022-01-19,0.0,-0.0011566227591383667,-0.0,0.0,0.0,-0.0,0.0,0.0,0.0005163079533389589,0.0,-0.0,0.0,-0.0,-0.0,0.0005129734149359257,0.0009929918961723058,0.0,-0.0,0.0,0.0,0.0
2022-01-20,0.0,0.000427734633373089,0.0,0.0,0.0,0.0,0.0,0.0,-7.744645358693519e-05,0.0,-0.0,0.0,-0.0,-0.0,0.0012220870104758053,-0.00040690124833048013,0.0,-0.0,0.0,0.0,0.0
2022-01-21,-0.0,0.0012782714205365,-0.0,-0.0,-0.0,-0.0,-0.0,-0.0,0.000678866779894886,-0.0,-0.0,-0.0,0.0,-0.0,-0.0003860378583745065,0.0010683413517441767,0.0,0.0,0.0,-0.0,0.0
2022-01-24,0.0,0.0012202459814099308,-0.0,0.0,-0.0,0.0,-0.0,-0.0,0.0011017937702628583,0.0,0.0,-0.0,-0.0,0.0,0.0009319921345288184,0.00033486988166532734,0.0,-0.0,0.0,0.0,0.0
2022-01-25,0.0,0.0006198862308249396,0.0,-0.0,-0.0,-0.0,-0.0,-0.0,6.824482664387036e-05,0.0,0.0,0.0,-0.0,-0.0,-0.0004057733239946343,7.221038658097967e-05,-0.0,0.0,0.0,0.0,0.0
2022-01-26,-0.0,-0.0013704936542116052,-0.0,-0.0,-0.0,-0.0,-0.0,-0.0,-0.00061906124522316,-0.0,-0.0,-0.0,-0.0,-0.0,-0.0010219870657447888,-0.0015048573793681125,-0.0,-0.0,-0.0,0.0,-0.0
2022-01-27,-0.0,-0.0006278115044540405,-0.0,0.0,0.0,0.0,0.0,-0.0,0.00033631580509781,-0.0,0.0,0.0,-0.0,0.0,0.0005432553523464736,0.0010110315911943425,-0.0,0.0,0.0,-0.0,-0.0
2022-01-28,-0.0,-0.001387648494680085,-0.0,-0.0,-0.0,-0.0,-0.0,-0.0,-0.0008920325763803672,-0.0,-0.0,-0.0,-0.0,-0.0,-0.0008252946038029408,-0.001187978348876816,-0.0,-0.0,-0.0,-0.0,-0.0
2022-01-31,-0.0,0.0003972872747456104,0.0,-0.0,0.0,0.0,0.0,0.0,0.0011649284739739735,0.0,-0.0,-0.0,0.0,-0.0,-0.00019312174752181643,-0.0003157900518933022,-0.0,0.0,0.0,0.0,0.0
2022-02-01,-0.0,-0.0005397511871322202,-0.0,-0.0,0.0,-0.0,-0.0,0.0,-0.0004894534332635198,0.0,0.0,-0.0,-0.0,0.0,0.00020920059236519066,0.0005904767636531139,-0.0,0.0,0.0,-0.0,0.0
2022-02-02,0.0,0.0,0.0011938205167468575,0.0,0.0,0.0,0.0,0.0,0.00030091425335636583,0.0,-0.0,0.0,0.0,0.0,0.0017526004610823656,0.0010058816985232255,-0.0,0.0,0.0,0.0,0.0
2022-02-03,0.0,0.0,0.0031042996535049893,0.0,0.0,0.0,0.0,0.0,0.00013154054120817515,0.0,0.0,0.0,0.0,0.0,0.0002648397748179554,-1.618255307894333e-05,0.0,0.0,0.0,0.0,0.0
2022-02-04,-0.0,0.0,0.0004322307994322764,0.0,0.0,0.0,0.0,0.0,0.0006294243290429813,0.0,-0.0,0.0,-0.0,-0.0,0.0005270646385302048,0.00012799815404561209,0.0,0.0,0.0,0.0,0.0
2022-02-07,-0.0,-0.0,-0.0008138541498294233,-0.0,-0.0,0.0,-0.0,0.0,-0.00046098565155110367,0.0,-0.0,-0.0,0.0,-0.0,0.00041229737155415745,-0.0015383786204177321,0.0,-0.0,-0.0,0.0,-0.0
2022-02-08,0.0,-0.0,-0.00064535779532151,-0.0,-0.0,0.0,0.0,0.0,-0.00020462279018989787,-0.0,-0.0,0.0,0.0,0.0,1.0810277775130964e-05,0.0002558443196220949,-0.0,-0.0,-0.0,0.0,0.0
2022-02-09,-0.0,0.0,-0.0005262030656422195,-0.0,-0.0,-0.0,-0.0,0.0,0.000876875010344269,-0.0,-0.0,0.0,-0.0,-0.0,0.0009511436659960395,-6.465716764842696e-05,-0.0,0.0,0.0,0.0,-0.0
2022-02-10,0.0,-0.0,-0.0006611582639206926,0.0,0.0,-0.0,0.0,0.0,0.0012827931159817725,-0.0,-0.0,0.0,0.0,0.0,0.0015068272025049246,0.00031997505015372407,-0.0,0.0,0.0,0.0,0.0
2022-02-11,0.0,0.0,0.0008993705208825372,0.0,0.0,0.0,0.0,-0.0,0.0003377644512922304,0.0,0.0,0.0,0.0,0.0,0.0013868741705554176,-0.00013562232759450869,0.0,0.0,0.0,0.0,0.0
2022-02-14,0.0,-0.0,1.4810295302740552e-05,-0.0,-0.0,0.0,-0.0,-0.0,-0.0012794589300119232,-0.0,-0.0,0.0,-0.0,-0.0,0.0004911200608366667,-0.0008081148381094364,-0.0,-0.0,-0.0,0.0,-0.0
2022-02-15,0.0,0.0,0.00014003656165164434,0.0,0.0,0.0,0.0,0.0,0.0017749990628759642,0.0,0.0,0.0,0.0,0.0,-0.000794609818964239,0.000622396901316493,0.0,0.0,0.0,-0.0,0.0
2022-02-16,0.0,0.0,0.0018119683606126612,0.0,0.0,-0.0,0.0,0.0,0.000734452098573969,0.0,-0.0,-0.0,-0.0,-0.0,-0.000562584252666409,0.0012460559785555476,-0.0,-0.0,0.0,0.0,0.0
2022-02-17,-0.0,-0.0,-0.0010734241082742575,-0.0,-0.0,-0.0,0.0,-0.0,-0.0002354241062105551,0.0,0.0,0.0,-0.0,-0.0,-0.0006083495247307971,-0.00045704041932014585,-0.0,0.0,-0.0,-0.0,-0.0
2022-02-18,-0.0,0.0,0.000484007710537833,0.0,0.0,-0.0,0.0,0.0,0.0006451781231993584,-0.0,0.0,0.0,0.0,0.0,9.920840495388797e-05,0.00016387021666190517,0.0,-0.0,0.0,-0.0,0.0
2022-02-22,0.0,-0.0,0.000873092336450382,0.0,-0.0,0.0,-0.0,-0.0,-0.00016329946119325147,0.0,-0.0,0.0,-0.0,0.0,0.0008724671028239389,0.0010723949071647985,-0.0,-0.0,-0.0,0.0,0.0
2022-02-23,-0.0,0.0,0.0007157034551888973,0.0,0.0,0.0,-0.0,-0.0,-0.00022743293684166735,0.0,-0.0,0.0,-0.0,-0.0,-0.0020118797566368893,0.0001579803006745353,-0.0,0.0,0.0,-0.0,0.0
2022-02-24,-0.0,-0.0,0.0004983611360011739,-0.0,-0.0,-0.0,-0.0,0.0,5.9446330875546925e-05,-0.0,-0.0,-0.0,0.0,-0.0,1.7632633371584272e-05,-0.00029221691116920024,0.0,-0.0,-0.0,-0.0,-0.0
2022-02-25,-0.0,-0.0,-0.00017881582867341236,0.0,-0.0,-0.0,-0.0,-0.0,-0.0008036950444564906,-0.0,0.0,-0.0,-0.0,-0.0,-0.0006091116454330017,8.774333690977355e-05,-0.0,-0.0,-0.0,0.0,-0.0
2022-02-28,-0.0,-0.0,0.00046609111015285756,-0.0,0.0,0.0,0.0,-0.0,1.2730937992428556e-05,0.0,0.0,-0.0,-0.0,0.0,-0.0006842164077812239,-0.0003588522289979228,-0.0,0.0,0.0,-0.0,-0.0
2022-03-01,-0.0,-0.0,-0.00015916775779606116,-0.0,0.0,0.0,-0.0,0.0,0.0003299846250824894,0.0,0.0,0.0,0.0,0.0,0.0016739992665755247,-0.00033882373292162924,-0.0,0.0,0.0,0.0,0.0
2022-03-02,-0.0,-0.0,0.0,0.0,-0.0,-0.0004703464687638049,-0.0,-0.0,-0.001264470980445831,-0.0,-0.0,-0.0,-0.0,-0.0,-0.000740296766399884,-0.0006328596649308516,-0.0,-0.0,-0.0,-0.0,-0.0
2022-03-03,0.0,0.0,0.0,-0.0,-0.0,0.0010555523778342168,0.0,0.0,0.0013769980645482558,0.0,0.0,0.0,-0.0,0.0,-0.0008724522372621461,0.0010306624586791052,-0.0,0.0,0.0,0.0,0.0
2022-03-04,-0.0,-0.0,0.0,-0.0,-0.0,-0.0018507918992173974,-0.0,-0.0,-0.00026949285263695185,0.0,0.0,-0.0,-0.0,-0.0,-0.0003593222839296269,0.0006428514208918568,-0.0,0.0,-0.0,-0.0,-0.0
2022-03-07,0.0,-0.0,-0.0,-0.0,-0.0,-0.0001616414897918873,-0.0,-0.0,0.000127770950889318,0.0,-0.0,0.0,-0.0,0.0,0.00016089773824034084,-0.0009691066033826387,-0.0,0.0,-0.0,-0.0,-0.0
2022-03-08,0.0,0.0,-0.0,0.0,0.0,0.0001662903916087582,0.0,-0.0,0.00046174083788448676,-0.0,-0.0,0.0,0.0,-0.0,-4.910902347140495e-05,0.0012227482209187903,0.0,0.0,-0.0,0.0,0.0
2022-03-09,0.0,0.0,0.0,0.0,0.0,0.0017809448204923113,0.0,0.0,0.00012545719613400066,0.0,0.0,0.0,0.0,0.0,0.0029736509829871387,0.0011390167055573793,0.0,0.0,0.0,0.0,0.0
2022-03-10,-0.0,0.0,-0.0,-0.0,0.0,-0.001962477218393153,0.0,-0.0,-0.0011070284539444967,-0.0,-0.0,0.0,-0.0,-0.0,-0.0006177064929032899,-0.0007610848061235607,-0.0,-0.0,0.0,-0.0,-0.0
2022-03-11,0.0,0.0,0.0,0.0,0.0,0.0006429514127653278,0.0,0.0,-0.0002329379149576157,0.0,0.0,0.0,0.0,0.0,0.0015525615770728433,0.002058105881364376,0.0,-0.0,0.0,-0.0,0.0
2022-03-14,0.0,0.0,0.0,0.0,0.0,0.00037014710508184403,-0.0,0.0,0.00017950459994820004,0.0,-0.0,0.0,-0.0,-0.0,0.0003257572721076586,-0.00019871192056383874,-0.0,-0.0,-0.0,0.0,0.0
2022-03-15,0.0,0.0,-0.0,0.0,0.0,0.0005694760117684306,0.0,0.0,0.00046377734805258346,0.0,0.0,0.0,0.0,0.0,0.0011513814236332532,5.014970241177682e-05,0.0,0.0,0.0,-0.0,0.0
2022-03-16,-0.0,-0.0,-0.0,0.0,-0.0,0.0009018615094040404,-0.0,-0.0,0.0001742198750158008,0.0,-0.0,0.0,0.0,-0.0,-0.00015917462528256782,-0.0003837855819023945,0.0,0.0,-0.0,-0.0,0.0
2022-03-17,0.0,-0.0,-0.0,0.0,-0.0,0.0007947777208861772,0.0,-0.0,0.0010766649489719134,0.0,0.0,0.0,-0.0,0.0,-0.0004973846584928925,0.0002929359881713694,0.0,0.0,-0.0,0.0,0.0
2022-03-18,0.0,-0.0,-0.0,0.0,0.0,-0.00011922075831027713,0.0,0.0,-0.0011257527253242755,0.0,-0.0,-0.0,-0.0,-0.0,0.0004692892570770024,0.00014627375112915596,-0.0,-0.0,-0.0,-0.0,-0.0
2022-03-21,-0.0,-0.0,0.0,0.0,0.0,0.0013082178429308588,0.0,0.0,0.00026295360001659084,0.0,0.0,0.0,0.0,0.0,0.0010596244197514887,0.00035322691333764623,0.0,0.0,0.0,0.0,0.0
2022-03-22,0.0,0.0,-0.0,0.0,-0.0,-0.0003932200087657632,0.0,-0.0,4.450904788520211e-05,0.0,-0.0,-0.0,-0.0,-0.0,0.0003215142540293046,0.0007915678925145667,-0.0,0.0,-0.0,-0.0,-0.0
2022-03-23,0.0,0.0,0.0,0.0,0.0,0.0007575988565881441,-0.0,0.0,0.0008214657005803834,0.0,0.0,0.0,-0.0,0.0,0.00022019013669748506,0.00012566735073429273,0.0,-0.0,0.0,0.0,0.0
2022-03-24,-0.0,-0.0,-0.0,-0.0,-0.0,0.00021001368809850986,-0.0,0.0,-0.001267130973262619,-0.0,-0.0,0.0,-0.0,0.0,-1.4705818476397496e-05,-1.5180709197543917e-06,-0.0,-0.0,-0.0,-0.0,-0.0
2022-03-25,-0.0,-0.0,-0.0,-0.0,0.0,-5.619361590198014e-05,0.0,0.0,0.0008022995532961573,0.0,-0.0,0.0,-0.0,-0.0,-0.0011798383699322007,-4.823881575156698e-06,-0.0,0.0,-0.0,0.0,-0.0
2022-03-28,-0.0,0.0,0.0,-0.0,-0.0,-0.00034397158634859114,-0.0,-0.0,0.00048735947219598563,-0.0,0.0,-0.0,-0.0,-0.0,-0.0009481360000052818,0.0002908402241700788,-0.0,-0.0,-0.0,-0.0,-0.0
2022-03-29,-0.0,-0.0,-0.0,-0.0,0.0,0.0009565933218029289,0.0,-0.0,0.0005627018161689974,-0.0,0.0,0.0,-0.0,0.0,-0.00023144182659714827,-0.0003090902551313857,-0.0,0.0,0.0,-0.0,0.0
2022-03-30,0.0,0.0,0.0,0.0,0.0,0.001355372704834154,0.0,0.0,-0.0002374588441676875,-0.0,0.0,0.0,0.0,0.0,0.00118097945439589,0.0012633475965225464,-0.0,0.0,-0.0,0.0,0.0
2022-03-31,-0.0,-0.0,-0.0,0.0,-0.0,0.0008621646870854186,-0.0,-0.0,7.881350484250154e-05,0.0,0.0,0.0,-0.0,0.0,-0.00037928272078457053,0.0017350356312648176,0.0,0.0,-0.0,0.0,-0.0
2022-04-01,-0.0,-0.0,-0.0,-0.0,-0.0,0.0015978093074298354,-0.0,0.0,0.0001379697706809172,0.0,-0.0,-0.0,0.0,0.0,-0.0010756726003223183,-0.0011742022778914222,-0.0,0.0,0.0,0.0,-0.0
2022-04-04,-0.0,-0.0021556800670747838,-0.0,-0.0,-0.0,-0.00012163605796818857,0.0,0.0,-0.0008039751207756464,-0.0,-0.0,0.0,-0.0,-0.0,-0.0010114550649068857,-0.0,0.0,-0.0,-0.0,-0.0,-0.0
2022-04-05,-0.0,0.00013320602706802696,-0.0,-0.0,-0.0,-0.00044208181841219054,0.0,-0.0,0.000821897029474417,-0.0,0.0,-0.0,0.0,-0.0,0.0002992178992748962,0.0,-0.0,0.0,-0.0,-0.0,-0.0
2022-04-06,-0.0,-0.0016242510788021724,-0.0,-0.0,-0.0,-0.000521962848237512,-0.0,-0.0,-0.0009659339515714623,-0.0,-0.0,0.0,-0.0,-0.0,-0.0007866554628614477,-0.0,-0.0,-0.0,-0.0,-0.0,-0.0
2022-04-07,0.0,-0.0012149324512188793,-0.0,-0.0,-0.0,-0.00017190416384412158,-0.0,-0.0,0.0009702031897345591,-0.0,-0.0,-0.0,-0.0,-0.0,-0.0010142329272669086,-0.0,0.0,0.0,-0.0,0.0,-0.0
2022-04-08,-0.0,-0.0007901344326967022,0.0,-0.0,0.0,0.0005647057313462687,0.0,0.0,0.0006917276279109787,-0.0,0.0,0.0,0.0,0.0,0.0007129178231480147,-0.0,0.0,0.0,0.0,0.0,0.0
2022-04-11,0.0,0.0012295891241448154,-0.0,0.0,0.0,0.0017965481259835257,0.0,0.0,0.0009561036961307994,0.0,0.0,0.0,0.0,0.0,0.0018253121941061423,0.0,0.0,0.0,0.0,0.0,0.0
2022-04-12,0.0,0.0019931612298432887,0.0,0.0,0.0,0.00040987222059372475,0.0,0.0,0.002268473536921552,0.0,0.0,0.0,0.0,0.0,0.0022238345291914568,0.0,0.0,0.0,0.0,0.0,0.0
2022-04-13,0.0,0.0009226018303024217,-0.0,0.0,-0.0,0.0007489056898435417,0.0,0.0,0.0007790611915202954,-0.0,-0.0,-0.0,-0.0,-0.0,-0.00196614942794773,0.0,-0.0,-0.0,-0.0,0.0,-0.0
2022-04-14,0.0,0.00032740940936355854,0.0,0.0,0.0,0.0021448171306069908,-0.0,0.0,0.0015028333469702861,0.0,0.0,0.0,0.0,0.0,0.000977219793616493,-0.0,0.0,0.0,0.0,0.0,0.0
2022-04-18,-0.0,0.0002935401990977173,0.0,0.0,0.0,0.0005626490140432751,0.0,-0.0,9.869280053217286e-05,-0.0,0.0,0.0,-0.0,-0.0,4.7798175088928353e-05,-0.0,0.0,-0.0,-0.0,-0.0,0.0
2022-04-19,0.0,-0.000957052127576943,-0.0,0.0,0.0,0.0003531016834437068,-0.0,-0.0,-0.0005633714142355559,0.0,0.0,-0.0,0.0,0.0,-0.0015009686155943722,-0.0,-0.0,0.0,-0.0,0.0,-0.0
2022-04-20,-0.0,1.7731215128223795e-05,0.0,-0.0,0.0,8.727564524951381e-05,-0.0,0.0,-0.0005582654778417584,-0.0,-0.0,-0.0,0.0,0.0,-0.0006432488372151721,0.0,0.0,0.0,0.0,0.0,0.0
2022-04-21,0.0,-0.0003097884303953526,0.0,0.0,-0.0,5.1880019612012384e-05,0.0,-0.0,-0.0017357017504860217,0.0,0.0,0.0,0.0,0.0,0.0005945096373501522,-0.0,0.0,-0.0,0.0,0.0,0.0
2022-04-22,-0.0,0.00038646072834174096,0.0,0.0,-0.0,0.0005877841770819389,0.0,-0.0,0.0001996454409028821,0.0,0.0,-0.0,-0.0,0.0,0.0002004243260042937,-0.0,0.0,0.0,-0.0,0.0,0.0
2022-04-25,0.0,0.00048135963673238556,-0.0,-0.0,-0.0,0.00023712330877821055,-0.0,0.0,-0.0005033275695358238,0.0,0.0,-0.0,-0.0,-0.0,-0.000160333425580243,-0.0,0.0,-0.0,-0.0,0.0,-0.0
2022-04-26,-0.0,-7.70947096559927e-05,-0.0,-0.0,-0.0,-0.0002826005183687216,-0.0,-0.0,-0.0010295623539390928,-0.0,-0.0,-0.0,-0.0,-0.0,-0.0012149335613419916,-0.0,-0.0,-0.0,-0.0,-0.0,-0.0
2022-04-27,0.0,-0.001417118724265085,-0.0,-0.0,-0.0,-0.0004379428981823728,-0.0,-0.0,-0.00013579376783976054,-0.0,-0.0,-0.0,-0.0,-0.0,-9.441958508110645e-05,-0.0,-0.0,-0.0,-0.0,-0.0,-0.0
2022-04-28,0.0,0.0010422379713797905,0.0,0.0,0.0,0.0010578954315312204,-0.0,0.0,0.0003026902263176917,-0.0,0.0,0.0,0.0,-0.0,-0.00047546544923490346,0.0,-0.0,0.0,-0.0,0.0,0.0
2022-04-29,-0.0,-0.00017142688287873664,0.0,-0.0,-0.0,0.00043096704710450203,-0.0,-0.0,0.0012025250272684133,-0.0,-0.0,-0.0,-0.0,-0.0,-0.0007465674501934512,-0.0,0.0,-0.0,0.0,-0.0,-0.0
2022-05-02,-0.0,-0.0005370003918023563,-0.0,-0.0,-0.0,-0.0011074725727519257,-0.0,0.0,-0.0007451637601250805,0.0,-0.0,0.0,-0.0,0.0,-0.00052744216908877,-0.0,-0.0,-0.0,-0.0,-0.0,-0.0
2022-05-03,0.0,-0.00048069488980827523,0.0,0.0009824769955240286,0.0,0.0005978507814204725,-0.0,-0.0,-0.0006644026627294686,0.0,-0.0,-0.0,-0.0,-0.0,-0.0,-0.0,-0.0,0.0,-0.0,0.0,0.0
2022-05-04,0.0,6.33731873328562e-05,0.0,0.0019278373363790955,0.0,0.001766406181188328,0.0,0.0,-0.00042167826546604415,-0.0,0.0,0.0,0.0,-0.0,-0.0,0.0,-0.0,-0.0,0.0,0.0,0.0
2022-05-05,0.0,0.0013205867276807777,0.0,0.0010330296828149948,0.0,9.470408225880649e-05,0.0,-0.0,0.0006084272655469366,0.0,0.0,0.0,-0.0,0.0,0.0,-0.0,0.0,0.0,0.0,0.0,0.0
2022-05-06,-0.0,-0.0001420187464320282,0.0,-0.0012191214737427728,0.0,0.0007049647410019453,-0.0,-0.0,0.0004439763827975469,-0.0,-0.0,0.0,-0.0,0.0,-0.0,-0.0,-0.0,0.0,0.0,0.0,-0.0
2022-05-09,0.0,0.0008202872411352554,0.0,0.0010336693547671725,0.0,5.6490121738516006e-05,-0.0,0.0,0.0002792169806942934,0.0,-0.0,0.0,0.0,0.0,0.0,0.0,0.0,-0.0,0.0,0.0,0.0
2022-05-10,0.0,0.0007162618471221561,0.0,0.0005725211521864527,-0.0,0.0008943140038227089,0.0,0.0,0.0001491180158180145,0.0,0.0,0.0,0.0,0.0,0.0,-0.0,0.0,0.0,0.0,0.0,0.0
2022-05-11,-0.0,0.002023271510833797,0.0,0.0005016654594445318,0.0,-0.00016616300615333678,0.0,-0.0,0.0013490321755774163,0.0,-0.0,0.0,0.0,-0.0,0.0,0.0,0.0,-0.0,0.0,0.0,0.0
2022-05-12,-0.0,0.0015107503777710676,-0.0,1.570197136493446e-05,0.0,0.001558191094666447,-0.0,0.0,-0.00046076917159879326,0.0,0.0,-0.0,-0.0,0.0,-0.0,0.0,0.0,0.0,0.0,-0.0,0.0
2022-05-13,0.0,0.00020942841255432187,-0.0,-0.0005084767642449756,0.0,0.0019232626273926869,-0.0,-0.0,0.0014067606775336064,0.0,0.0,0.0,0.0,0.0,0.0,0.0,0.0,0.0,0.0,0.0,0.0
2022-05-16,0.0,0.0004696993628592777,-0.0,0.00041116364117871514,0.0,0.0006044585773833022,0.0,0.0,0.00024525114683160405,0.0,0.0,-0.0,0.0,0.0,-0.0,0.0,0.0,-0.0,0.0,0.0,0.0
2022-05-17,0.0,0.00021310281438545882,0.0,0.0008814143380315148,-0.0,0.0012415672727094733,0.0,0.0,0.0006369177463375353,0.0,0.0,0.0,0.0,-0.0,-0.0,0.0,0.0,0.0,0.0,0.0,0.0
2022-05-18,0.0,0.00046625819506888877,-0.0,0.0005638039620355181,0.0,0.0016010895045790484,0.0,0.0,0.001111038907190741,0.0,-0.0,0.0,-0.0,0.0,0.0,0.0,-0.0,-0.0,0.0,0.0,0.0
2022-05-19,0.0,-0.00019734825807569723,0.0,0.0006023455785434915,0.0,0.00030036730540209614,-0.0,0.0,0.0006462346948379287,0.0,-0.0,0.0,-0.0,0.0,0.0,-0.0,0.0,0.0,0.0,-0.0,0.0
2022-05-20,-0.0,-0.00030837634308875913,-0.0,-0.0004692135742737542,-0.0,-0.0005543354883448852,-0.0,-0.0,-0.0008292933810392877,-0.0,0.0,-0.0,-0.0,-0.0,-0.0,0.0,-0.0,0.0,-0.0,-0.0,-0.0
2022-05-23,-0.0,0.0014733482025106163,-0.0,0.0007096291954413396,0.0,0.0009869783275462238,-0.0,0.0,0.0014034350291894332,0.0,0.0,0.0,0.0,0.0,-0.0,-0.0,0.0,-0.0,0.0,-0.0,0.0
2022-05-24,-0.0,-0.0017483283502839272,-0.0,-0.00039196928465427084,-0.0,-0.0014481539371083972,-0.0,-0.0,-0.0005606977059805582,-0.0,-0.0,-0.0,-0.0,-0.0,-0.0,0.0,0.0,-0.0,-0.0,-0.0,-0.0
2022-05-25,-0.0,-0.001266759023099501,-0.0,-0.0006499872933597226,-0.0,-0.0003830915953418052,-0.0,-0.0,0.002196521751646155,-0.0,-0.0,-0.0,0.0,-0.0,-0.0,-0.0,0.0,-0.0,-0.0,-0.0,-0.0
2022-05-26,-0.0,0.00041122464776869845,0.0,0.00082301683043952,0.0,0.002393116030632037,0.0,0.0,-0.0004743691948627889,0.0,0.0,0.0,0.0,0.0,0.0,0.0,-0.0,0.0,0.0,0.0,0.0
2022-05-27,0.0,0.0001793163558411937,0.0,0.0017619434121264688,0.0,0.00014262698577133546,-0.0,-0.0,-0.0007510436764734494,0.0,0.0,-0.0,-0.0,-0.0,0.0,0.0,0.0,0.0,0.0,-0.0,0.0
2022-05-31,0.0,0.0022951464171931837,0.0,0.0009917619914185875,-0.0,0.0015688278646159434,0.0,-0.0,0.0015856260216197098,0.0,0.0,0.0,0.0,0.0,0.0,0.0,0.0,0.0,0.0,0.0,0.0
2022-06-01,0.0,0.0005818237463896304,0.0,-0.00011799261245100397,-0.0,0.00024690616943942985,-0.0,0.0,-0.00017028268133719481,-0.0,-0.0,-0.0,-0.0,0.0,0.0,0.0,-0.0,0.0,-0.0,0.0,-0.0
2022-06-02,-0.0,2.6266295367793912e-05,0.0,-0.0,-0.0,-0.000749395487207072,0.0,-0.0,-7.993277439569681e-05,-0.0006443083276979069,-0.0,0.0,-0.0,0.0,-0.0,-0.0,-0.0,0.0,-0.0,-0.0,-0.0
2022-06-03,0.0,-0.00030973032589117644,-0.0,-0.0,0.0,3.0825935692695773e-05,-0.0,0.0,-0.0008935910015128954,0.001580560277996069,0.0,-0.0,-0.0,-0.0,-0.0,-0.0,-0.0,-0.0,-0.0,0.0,-0.0
2022-06-06,0.0,-0.00013254389661415005,-0.0,-0.0,0.0,0.0012865070517953225,0.0,-0.0,0.00010461323865109796,-0.001151860642989397,0.0,-0.0,0.0,0.0,-0.0,-0.0,0.0,-0.0,0.0,0.0,0.0
2022-06-07,0.0,-0.0009583604229869742,-0.0,0.0,-0.0,0.000445172758845716,0.0,0.0,0.00037195033378505197,0.0008497069682790952,0.0,-0.0,-0.0,0.0,0.0,0.0,0.0,-0.0,0.0,-0.0,0.0
2022-06-08,0.0,0.0011764717272459793,0.0,0.0,0.0,0.0011540458762784717,0.0,-0.0,0.0002635093424313664,0.000636641356911682,0.0,0.0,0.0,0.0,-0.0,0.0,0.0,0.0,0.0,-0.0,0.0
2022-06-09,-0.0,0.00015117377860447627,-0.0,-0.0,-0.0,0.000946059036268797,-0.0,0.0,-2.937368215652055e-05,-0.0005031373124079378,0.0,-0.0,0.0,-0.0,-0.0,-0.0,-0.0,-0.0,-0.0,0.0,-0.0
2022-06-10,0.0,0.0011033982436206053,0.0,-0.0,-0.0,5.190781873168777e-06,-0.0,0.0,-0.0007408295834518084,-0.0012099948056924692,0.0,0.0,0.0,0.0,0.0,0.0,-0.0,0.0,0.0,0.0,0.0
2022-06-13,-0.0,-0.0006961518785689985,-0.0,-0.0,-0.0,-0.001312195297159829,-0.0,0.0,-0.000263354877935264,-9.13058915610561e-06,-0.0,-0.0,-0.0,-0.0,-0.0,0.0,-0.0,-0.0,-0.0,-0.0,-0.0
2022-06-14,-0.0,0.0001639556437474322,0.0,0.0,-0.0,0.0015269121180774788,0.0,0.0,0.0012577576688709818,-0.0007422468627911752,0.0,0.0,0.0,-0.0,-0.0,-0.0,-0.0,0.0,0.0,0.0,0.0
2022-06-15,0.0,0.00013161787161749598,-0.0,-0.0,0.0,0.000111103104143076,0.0,0.0,-0.0008517130802246243,0.0005831107409290257,0.0,-0.0,0.0,0.0,-0.0,0.0,-0.0,0.0,0.0,0.0,0.0
2022-06-16,-0.0,0.000215786526674064,-0.0,-0.0,0.0,0.000222980845745622,0.0,-0.0,-0.0013031437431940732,0.000802436298529891,-0.0,-0.0,-0.0,-0.0,-0.0,-0.0,-0.0,0.0,0.0,0.0,-0.0
2022-06-17,-0.0,-0.0011578407184125528,0.0,0.0,0.0,-0.0006774812769984077,0.0,0.0,0.0006941542873713526,-0.0010188297241495762,-0.0,0.0,-0.0,0.0,0.0,-0.0,-0.0,0.0,0.0,-0.0,-0.0
2022-06-21,-0.0,0.00042123448115648926,0.0,-0.0,-0.0,0.00018461372995595243,-0.0,0.0,-0.0009982330352947453,0.0007188820350669207,0.0,0.0,-0.0,-0.0,0.0,-0.0,0.0,0.0,-0.0,-0.0,-0.0
2022-06-22,0.0,-0.0001552349654419427,-0.0,-0.0,0.0,-0.0009367833759696173,-0.0,0.0,0.000436243049121641,-0.00012274956435382397,0.0,0.0,-0.0,0.0,-0.0,-0.0,-0.0,0.0,-0.0,-0.0,-0.0
2022-06-23,0.0,0.0002613732258347108,0.0,0.0,0.0,0.0010705248045728855,0.0,0.0,0.0010200364157240632,-0.0004624173088473697,0.0,0.0,0.0,0.0,0.0,0.0,0.0,0.0,0.0,0.0,0.0
2022-06-24,0.0,-0.0015047583503535599,0.0,-0.0,0.0,-0.0005136982911308749,0.0,0.0,-0.00033306391260878014,-0.0008801729104147683,0.0,-0.0,0.0,0.0,0.0,0.0,-0.0,-0.0,0.0,-0.0,-0.0
2022-06-27,0.0,-0.00021912010218317712,0.0,0.0,-0.0,-0.0007621701518016264,-0.0,0.0,0.000889566169899267,-1.304074898292532e-06,0.0,-0.0,-0.0,-0.0,0.0,-0.0,0.0,-0.0,0.0,0.0,-0.0
2022-06-28,-0.0,-0.00014866193216875618,-0.0,-0.0,-0.0,-0.001406289982634,-0.0,-0.0,-0.000512755127730614,-0.0008705661260494722,-0.0,-0.0,-0.0,-0.0,-0.0,-0.0,-0.0,-0.0,-0.0,-0.0,-0.0
2022-06-29,0.0,0.0006738841731681761,-0.0,-0.0,-0.0,-0.0021181116321391255,-0.0,-0.0,-0.0002928819946836616,-0.001564516599173641,-0.0,-0.0,0.0,-0.0,0.0,-0.0,-0.0,-0.0,-0.0,-0.0,-0.0
2022-06-30,-0.0,0.00011172960880170501,-0.0,-0.0,-0.0,-0.000941945420391383,0.0,0.0,-0.001635491684247813,-0.00011088702356287113,-0.0,-0.0,-0.0,-0.0,-0.0,-0.0,0.0,0.0,0.0,0.0,-0.0
2022-07-01,-0.0,0.001001625298847072,-0.0,-0.0,-0.0,0.00017166540367359148,-0.0,-0.0,0.00012264845804574383,0.00019657173874134453,-0.0,-0.0,0.0,0.0,-0.0,0.0,0.0,-0.0,0.0,-0.0,-0.0
2022-07-05,0.0,0.0007541974942218311,0.0,0.0,0.0,0.0010276227249749637,-0.0,-0.0,3.465430421825122e-05,0.0014832591158850715,0.0,0.0,0.0,-0.0,0.0,0.0,0.0,0.0,0.0,0.0,0.0
2022-07-06,0.0,0.0005879227724857766,-0.0,-0.0,0.0,-0.0008395938583495661,-0.0,0.0,-0.00023613540739711084,-0.0003751132289133376,-0.0,-0.0,0.0,0.0,-0.0,0.0,0.0,-0.0,-0.0,-0.0,-0.0
2022-07-07,0.0,0.00042073663585955,-0.0,0.0,0.0,0.0011148932977041999,0.0,-0.0,0.0007338853878143717,0.0010479066533973364,0.0,0.0,0.0,-0.0,-0.0,0.0,0.0,0.0,0.0,0.0,0.0
2022-07-08,-0.0,-0.0003188931813579984,0.0,-0.0,0.0,-0.0005738120590396304,-0.0,0.0,0.0013725679965289023,0.0008082715919947226,-0.0,-0.0,0.0,-0.0,0.0,0.0,0.0,-0.0,-0.0,0.0,0.0
2022-07-11,0.0,-0.00044616155202448026,0.0,-0.0,-0.0,0.0005368302055043287,-0.0,-0.0,-0.00014767279406338563,0.0006421915202211617,-0.0,-0.0,-0.0,0.0,-0.0,0.0,0.0,-0.0,0.0,-0.0,0.0
2022-07-12,0.0,-0.0014849979236148147,0.0,0.0,-0.0,-0.00012077197562317423,0.0,-0.0,-0.001045446996501428,0.000601334814786654,0.0,-0.0,-0.0,0.0,0.0,-0.0,-0.0,-0.0,-0.0,-0.0,-0.0
2022-07-13,0.0,0.0009039742689109229,0.0,-0.0,0.0,-0.00021621467802862877,0.0,-0.0,0.001042969799363047,9.543662300585413e-05,-0.0,0.0,0.0,-0.0,0.0,-0.0,0.0,0.0,-0.0,0.0,0.0
2022-07-14,0.0,0.000522150473990431,0.0,0.0,0.0,0.0009109571002306356,0.0,0.0,0.001496018533387641,0.0009390661175729395,0.0,-0.0,0.0,0.0,0.0,0.0,0.0,0.0,0.0,0.0,0.0
2022-07-15,-0.0,-0.0018458913666669022,-0.0,-0.0,-0.0,0.0005067392981290583,-0.0,-0.0,-0.0007703358725642679,-0.00114288341901692,-0.0,-0.0,-0.0,-0.0,-0.0,-0.0,-0.0,-0.0,-0.0,-0.0,-0.0
2022-07-18,-0.0,-0.0019030255527919774,-0.0,-0.0,-0.0,-0.0016668516826663226,-0.0,-0.0,-6.961848262525759e-05,-0.0016989685408895351,-0.0,-0.0,-0.0,-0.0,-0.0,-0.0,-0.0,-0.0,-0.0,-0.0,-0.0
2022-07-19,-0.0,-0.00042316015145534643,-0.0,-0.0,0.0,-0.00013564110065301363,-0.0,0.0,0.000932177776470775,0.0004951011687299541,0.0,-0.0,-0.0,0.0,0.0,-0.0,-0.0,0.0,0.0,0.0,-0.0
2022-07-20,-0.0,0.0012078012731366098,0.0,0.0,0.0,0.0005666644472832315,-0.0,0.0,-0.0006236929260084661,-0.0010793091812333017,0.0,0.0,-0.0,-0.0,-0.0,-0.0,-0.0,-0.0,0.0,0.0,0.0
2022-07-21,0.0,0.0018176667726917325,0.0,-0.0,-0.0,-0.0002788026097739492,0.0,0.0,-0.0005903469959494211,4.457676224130972e-05,0.0,0.0,0.0,0.0,0.0,-0.0,0.0,0.0,0.0,0.0,0.0
2022-07-22,0.0,-0.0008810250561410183,0.0,-0.0,0.0,-0.000843664191434435,-0.0,-0.0,0.0008795966360111832,0.0002535350323134704,0.0,0.0,0.0,-0.0,-0.0,0.0,-0.0,-0.0,0.0,-0.0,0.0
2022-07-25,-0.0,-0.0004459256095121402,0.0,-0.0,-0.0,-0.0006228542062474633,-0.0,0.0,-0.00039853940131879634,0.00012621236916974263,-0.0,0.0,0.0,-0.0,-0.0,0.0,-0.0,0.0,-0.0,-0.0,-0.0
2022-07-26,0.0,-0.00014027033558496548,0.0,0.0,0.0,0.0011027245008703927,0.0,0.0,0.00047174226395712665,0.0010619173756967106,0.0,0.0,0.0,0.0,-0.0,-0.0,-0.0,-0.0,-0.0,0.0,0.0
2022-07-27,0.0,0.0012509114665537478,-0.0,0.0,0.0,0.0003478289261525861,0.0,0.0,-0.00020282916264882252,0.0016748780715715934,0.0,-0.0,0.0,0.0,0.0,0.0,0.0,-0.0,0.0,0.0,0.0
2022-07-28,0.0,0.00031020646602253566,-0.0,0.0,0.0,-4.819675805630246e-05,0.0,0.0,0.0005329942961026994,0.00017493270373786235,0.0,0.0,-0.0,-0.0,-0.0,-0.0,0.0,0.0,-0.0,-0.0,0.0
2022-07-29,0.0,0.00010289473062750992,0.0,-0.0,0.0,0.0011852818434687968,0.0,0.0,0.0008517002376142737,4.8972620950801274e-05,0.0,-0.0,0.0,0.0,0.0,-0.0,-0.0,-0.0,-0.0,0.0,0.0
2022-08-01,0.0,0.0002114865960801728,0.0,0.0,-0.0,-0.0004045057765976106,-0.0,-0.0,5.602088171898859e-05,6.413570874356551e-05,0.0,-0.0,0.0,0.0,0.0,0.0,-0.0,-0.0,0.0,0.0,0.0
2022-08-02,-0.0007553327096445408,-0.0,-0.0,0.0,0.0,-0.0003660592128006957,0.0,-0.0,-0.001275770068343285,-0.0005275087843454319,-0.0,0.0,-0.0,-0.0,-0.0,-0.0,-0.0,0.0,-0.0,0.0,-0.0
2022-08-03,0.0006366166340530205,0.0,0.0,-0.0,0.0,-0.0006579253388741896,0.0,0.0,0.0012353779645886754,0.0007634269667608551,0.0,0.0,0.0,-0.0,-0.0,-0.0,-0.0,0.0,0.0,0.0,0.0
2022-08-04,-0.0005406614203177347,0.0,0.0,0.0,-0.0,0.00029419206950877344,0.0,-0.0,0.0002515655907932774,-0.0006766768995466782,-0.0,0.0,-0.0,-0.0,0.0,0.0,0.0,-0.0,0.0,-0.0,0.0
2022-08-05,-0.00042039088807097074,0.0,-0.0,-0.0,-0.0,0.0001709311153795909,-0.0,-0.0,0.0007966802424356652,-0.00011123768949628706,0.0,0.0,0.0,-0.0,0.0,0.0,0.0,0.0,0.0,-0.0,0.0
2022-08-08,0.00019110008675291066,-0.0,0.0,0.0,0.0,0.0013861153686289096,-0.0,0.0,-0.0006439049122505814,0.001962641466043142,0.0,0.0,0.0,0.0,0.0,0.0,0.0,0.0,0.0,0.0,0.0
2022-08-09,-0.002170646362642995,-0.0,-0.0,-0.0,-0.0,-0.00217784981814082,-0.0,-0.0,-0.0013247092787183141,-0.0012513503799733447,-0.0,-0.0,-0.0,-0.0,-0.0,-0.0,-0.0,-0.0,-0.0,-0.0,-0.0
2022-08-10,-3.747430606157812e-05,0.0,-0.0,-0.0,-0.0,-0.0009100548912053942,-0.0,-0.0,-0.0012794938913157148,-0.0015307986684110107,-0.0,-0.0,-0.0,-0.0,-0.0,-0.0,-0.0,0.0,-0.0,0.0,-0.0
2022-08-11,-0.00016840070267143907,0.0,0.0,-0.0,0.0,-0.001527884957909264,-0.0,-0.0,-0.0006204321377432158,-0.0008878570693363582,-0.0,-0.0,0.0,-0.0,-0.0,-0.0,0.0,0.0,-0.0,-0.0,-0.0
2022-08-12,0.00048053890800394967,-0.0,-0.0,0.0,-0.0,-0.0003557387166689495,0.0,0.0,0.00045956114506621104,-0.0017376229101153128,-0.0,-0.0,0.0,0.0,-0.0,-0.0,0.0,-0.0,0.0,-0.0,-0.0
2022-08-15,-0.0001030091908469753,-0.0,0.0,0.0,-0.0,0.0008795134070496882,0.0,-0.0,0.00012550342445719818,-0.00016865128454712932,-0.0,-0.0,-0.0,-0.0,0.0,0.0,-0.0,-0.0,0.0,-0.0,-0.0
2022-08-16,-0.00028502669341644646,-0.0,-0.0,-0.0,-0.0,-0.0010366820514811743,-0.0,-0.0,-0.0008124282803327973,0.00031046094785117264,-0.0,-0.0,-0.0,-0.0,0.0,-0.0,-0.0,-0.0,-0.0,-0.0,-0.0
2022-08-17,-0.0017427689867815241,0.0,-0.0,-0.0,-0.0,-0.0014541121735183351,-0.0,0.0,-0.0005233690238955502,-0.0013385557318988531,-0.0,-0.0,-0.0,-0.0,-0.0,-0.0,0.0,-0.0,-0.0,-0.0,-0.0
2022-08-18,0.00012858877859305652,-0.0,0.0,-0.0,0.0,-0.000910968699038586,-0.0,-0.0,-0.0015369356078564224,-0.0014420042906480687,-0.0,-0.0,-0.0,-0.0,-0.0,-0.0,-0.0,-0.0,0.0,-0.0,-0.0
2022-08-19,0.0014725361937273607,0.0,0.0,0.0,0.0,0.000247581047305725,0.0,0.0,0.0007305151221266195,0.0008888951648457388,0.0,0.0,0.0,0.0,0.0,0.0,0.0,0.0,0.0,0.0,0.0
2022-08-22,0.001438336350541027,0.0,0.0,0.0,0.0,0.00010740074184845148,0.0,-0.0,0.0017599893676110436,0.001601348670308113,0.0,0.0,0.0,0.0,0.0,0.0,-0.0,0.0,0.0,0.0,0.0
2022-08-23,4.573932641862461e-05,-0.0,-0.0,0.0,-0.0,0.00023753846775274794,-0.0,-0.0,-0.0005671547202277704,0.0009472381769926732,-0.0,-0.0,-0.0,0.0,0.0,-0.0,-0.0,-0.0,0.0,-0.0,-0.0
2022-08-24,-0.0008800686144943674,-0.0,0.0,0.0,-0.0,-0.0011493004653398853,0.0,0.0,0.0005941893902142773,0.00011849171764181245,-0.0,-0.0,-0.0,-0.0,0.0,-0.0,0.0,-0.0,0.0,-0.0,-0.0
2022-08-25,-0.0016615052211332903,-0.0,-0.0,-0.0,-0.0,-0.00039085411324900425,-0.0,-0.0,-5.399799844298731e-05,-0.001509670143402614,-0.0,-0.0,-0.0,-0.0,-0.0,-0.0,-0.0,-0.0,-0.0,-0.0,-0.0
2022-08-26,-0.001517442067597399,-0.0,-0.0,-0.0,-0.0,-0.0009803619430008511,-0.0,-0.0,-0.000439121692221623,-0.0010447097560723803,0.0,-0.0,-0.0,-0.0,-0.0,-0.0,-0.0,-0.0,-0.0,-0.0,-0.0
2022-08-29,0.0003280866747286353,-0.0,0.0,-0.0,0.0,-0.00039992853651395986,-0.0,-0.0,0.00017660499915021798,0.0011575021814575718,0.0,0.0,-0.0,-0.0,0.0,0.0,-0.0,-0.0,-0.0,-0.0,-0.0
2022-08-30,-6.29914747048138e-05,-0.0,-0.0,0.0,0.0,-0.0003624469947126746,-0.0,0.0,-0.0008468378047423312,-0.0007481764153756545,-0.0,0.0,-0.0,0.0,0.0,-0.0,0.0,-0.0,0.0,-0.0,-0.0
2022-08-31,-0.0009617152791675639,0.0,-0.0,0.0,0.0,-0.0006445861938736168,0.0,-0.0,-0.00014078239336030962,5.955501597713535e-05,0.0,0.0,-0.0,0.0,0.0,-0.0,-0.0,-0.0,0.0,0.0,-0.0
2022-09-01,-0.001507856199729537,-0.0,-0.0,-0.0,-0.0,-0.00027467151778605615,-0.0,-0.0,-0.00043120926416846125,-0.0006982480264102783,-0.0,-0.0,-0.0,-0.0,-0.0,0.0,-0.0,-0.0,-0.0,-0.0,-0.0
2022-09-02,-0.000922470676812337,-0.0,-0.0,0.0,-0.0,-0.000905043905654379,-0.0,0.0,-0.0019041355836422302,-0.001498309768070638,-0.0,0.0,0.0,0.0,-0.0,-0.0,-0.0,-0.0,-0.0,0.0,-0.0
2022-09-06,-0.00015575437646964254,0.0,-0.0,0.0,0.0,-0.0001760469222924833,0.0,0.0,0.0009509852621921302,0.0007845258947214075,0.0,-0.0,0.0,0.0,-0.0,-0.0,0.0,0.0,0.0,-0.0,0.0
2022-09-07,-0.000732717384386699,0.0,0.0,0.0,0.0,-0.00013720185187043,0.0,-0.0,-0.00013373016586014212,0.0008104797150270965,0.0,0.0,-0.0,0.0,0.0,-0.0,-0.0,0.0,0.0,0.0,0.0
2022-09-08,-0.0007405577290176888,0.0,-0.0,0.0,0.0,0.0007209729984738094,0.0,0.0,0.00018261377486416462,-0.0011568817660165633,0.0,0.0,0.0,0.0,0.0,0.0,-0.0,0.0,0.0,0.0,0.0
2022-09-09,-0.0012774741734501757,-0.0,0.0,-0.0,-0.0,-0.0003478729213672793,-0.0,-0.0,-0.0007801264586123944,-0.001651065470565734,-0.0,-0.0,-0.0,-0.0,-0.0,-0.0,-0.0,-0.0,-0.0,-0.0,-0.0
2022-09-12,0.0005333609375624583,0.0,0.0,0.0,-0.0,-0.0013468859370149467,-0.0,0.0,0.0004576084702603858,-0.00018622029868359925,0.0,0.0,0.0,0.0,0.0,0.0,0.0,0.0,0.0,0.0,0.0
2022-09-13,-0.0012343165752609524,-0.0,-0.0,-0.0,-0.0,-0.0002564483611282066,-0.0,-0.0,-0.0013534229401199168,8.454466765181806e-05,-0.0,-0.0,-0.0,-0.0,-0.0,0.0,0.0,0.0,0.0,-0.0,-0.0
2022-09-14,0.0002744186571761897,0.0,0.0,0.0,0.0,-0.0008458989604969127,0.0,0.0,0.00046471440568789904,-0.00015831408123008044,0.0,-0.0,0.0,0.0,0.0,0.0,0.0,0.0,-0.0,-0.0,0.0
2022-09-15,0.0007230260467767251,-0.0,-0.0,0.0,0.0,-0.0002296102171390181,-0.0,0.0,0.0004169546290128349,0.00028056064930694074,-0.0,0.0,0.0,-0.0,0.0,0.0,-0.0,0.0,-0.0,0.0,0.0
2022-09-16,-0.0016312119869839321,-0.0,-0.0,0.0,-0.0,-0.0008160842809200814,-0.0,-0.0,-0.0021789547046071165,-0.0008736506798799283,-0.0,-0.0,-0.0,-0.0,-0.0,-0.0,-0.0,0.0,-0.0,-0.0,-0.0
2022-09-19,-0.0003001570174544805,0.0,0.0,-0.0,-0.0,-0.00040201354031160823,0.0,-0.0,-0.001053330244271732,-0.00011453603240100597,-0.0,0.0,0.0,-0.0,0.0,-0.0,-0.0,-0.0,0.0,-0.0,-0.0
2022-09-20,0.0008985664312453261,0.0,-0.0,0.0,0.0,0.0005493671745052753,-0.0,0.0,0.0008162626540311904,0.0005519821437741079,0.0,-0.0,0.0,-0.0,0.0,-0.0,-0.0,-0.0,0.0,-0.0,0.0
2022-09-21,5.9139477989554456e-05,-0.0,0.0,0.0,0.0,0.0008354409434983525,0.0,-0.0,0.0008290213633159664,0.0005359403013086989,0.0,0.0,0.0,0.0,-0.0,0.0,0.0,-0.0,0.0,0.0,0.0
2022-09-22,-0.00045513945906353943,0.0,-0.0,-0.0,0.0,-0.0005977171940102907,0.0,-0.0,0.0001379485818007342,-8.071990410248355e-05,-0.0,-0.0,-0.0,-0.0,0.0,0.0,0.0,-0.0,0.0,0.0,-0.0
2022-09-23,0.0016234191819033761,0.0,0.0,0.0,0.0,0.0002939179431541701,0.0,0.0,0.00038416564605009553,0.0010838381275450884,-0.0,0.0,0.0,0.0,0.0,0.0,0.0,0.0,0.0,0.0,0.0
2022-09-26,0.00035231765969237006,-0.0,-0.0,-0.0,-0.0,0.0005356195464730392,0.0,0.0,0.0010579454888570185,0.0007231306521291739,0.0,0.0,-0.0,0.0,0.0,0.0,0.0,0.0,-0.0,0.0,0.0
2022-09-27,0.0006262140154625271,-0.0,-0.0,-0.0,0.0,-0.0011864530343633117,0.0,-0.0,-0.0009669550570932055,-0.000279939020491829,-0.0,-0.0,-0.0,-0.0,0.0,-0.0,0.0,0.0,-0.0,-0.0,-0.0
2022-09-28,0.0007210700483589131,0.0,0.0,-0.0,-0.0,9.352423282404713e-05,0.0,0.0,0.00032894680654046266,0.00012855055041130278,-0.0,0.0,0.0,-0.0,0.0,-0.0,-0.0,0.0,0.0,0.0,0.0
2022-09-29,0.0008470959760631619,0.0,0.0,0.0,0.0,0.001969911026089704,0.0,0.0,0.00017630902179184804,0.0024069078325759923,0.0,0.0,0.0,0.0,0.0,0.0,0.0,-0.0,0.0,0.0,0.0
2022-09-30,0.0014378996561515013,-0.0,0.0,0.0,-0.0,5.295874059223253e-05,0.0,0.0,0.000977150917001608,0.0008123730117038007,0.0,0.0,0.0,0.0,0.0,0.0,0.0,0.0,0.0,0.0,0.0
2022-10-03,-0.00045591992714646805,0.0,0.0,-0.0,-0.0,-0.0008958086500274285,-0.0,-0.0,-0.0013825381323636626,0.00028591859115914705,0.0,-0.0,0.0,-0.0,-0.0,0.0,-0.0,-0.0,-0.0,0.0,-0.0
2022-10-04,0.00020625943245373705,-0.0,-0.0,-0.0,0.0,-0.0009229691112990879,0.0,-0.0,2.0709060319168417e-05,-0.0009879489449157843,-0.0,-0.0,-0.0,0.0,0.0,-0.0,0.0,-0.0,0.0,-0.0,-0.0
2022-10-05,0.0004599322535821609,0.0,0.0,0.0,0.0,0.0022287676645521585,-0.0,0.0,0.001147451229216281,0.001397608236680761,0.0,-0.0,0.0,0.0,0.0,0.0,0.0,0.0,0.0,0.0,0.0
2022-10-06,-0.0005550095624796521,-0.0,-0.0,-0.0,-0.0,-0.0009676955578770657,-0.0,-0.0,-0.0009894835351110386,0.0006668467366955843,-0.0,-0.0,-0.0,-0.0,0.0,-0.0,-0.0,-0.0,-0.0,-0.0,-0.0
2022-10-07,-0.0007727172568521783,-0.0,0.0,-0.0,-0.0,-0.0010677147668379826,-0.0,-0.0,3.308784669419213e-05,-0.0009751336457883666,-0.0,0.0,0.0,-0.0,-0.0,-0.0,-0.0,-0.0,0.0,-0.0,-0.0
2022-10-10,0.0002298489848281842,0.0,-0.0,-0.0,-0.0,-0.0009771144551353663,0.0,0.0,-0.0009341370297248845,-0.0007304723203090871,0.0,0.0,0.0,-0.0,0.0,-0.0,0.0,-0.0,-0.0,-0.0,-0.0
2022-10-11,-0.0004713948306717985,0.0,-0.0,-0.0,0.0,0.0002488982533138173,0.0,0.0,0.00022029346591310596,-5.448069799043191e-05,0.0,0.0,0.0,-0.0,0.0,0.0,-0.0,-0.0,0.0,0.0,0.0
2022-10-12,0.0006613753169480886,0.0,-0.0,0.0,-0.0,0.0001406895499210927,-0.0,-0.0,-0.0004764947285256443,-6.020077205727714e-05,-0.0,-0.0,0.0,-0.0,-0.0,0.0,-0.0,-0.0,-0.0,0.0,-0.0
2022-10-13,-2.740835469876743e-05,0.0,-0.0,0.0,-0.0,-0.0009641526981962525,-0.0,-0.0,0.00016475961070221035,-0.00012797155683607708,-0.0,0.0,-0.0,-0.0,0.0,-0.0,0.0,-0.0,-0.0,-0.0,-0.0
2022-10-14,-0.0012908620219913706,-0.0,-0.0,-0.0,-0.0,0.0003189677964818803,0.0,0.0,8.302203321106028e-05,-0.0003932848946736718,0.0,0.0,-0.0,-0.0,0.0,-0.0,-0.0,0.0,-0.0,0.0,-0.0
2022-10-17,0.0004527455461596601,-0.0,-0.0,-0.0,0.0,-0.0001958334967625443,-0.0,-0.0,0.0005220019020518584,-0.0006775218204381131,0.0,-0.0,-0.0,-0.0,0.0,-0.0,0.0,-0.0,-0.0,-0.0,-0.0
2022-10-18,0.0010756780060985898,-0.0,-0.0,-0.0,-0.0,0.0001124401402899211,0.0,-0.0,-0.0004253287638948711,0.0008737293517033771,-0.0,-0.0,-0.0,0.0,-0.0,-0.0,-0.0,0.0,-0.0,-0.0,-0.0
2022-10-19,0.001996300357027757,0.0,0.0,-0.0,0.0,0.0010407452755054716,0.0,0.0,-0.0007814655123211411,0.0011399767037831323,0.0,0.0,0.0,0.0,0.0,0.0,-0.0,0.0,0.0,0.0,0.0
2022-10-20,0.001199420012962394,-0.0,-0.0,0.0,-0.0,0.00034394988116644956,0.0,0.0,-0.00012278804160483647,-0.00025724532281655134,-0.0,0.0,0.0,0.0,0.0,-0.0,0.0,0.0,-0.0,-0.0,0.0
2022-10-21,0.0005842551050998351,0.0,-0.0,0.0,0.0,0.00035524681727114077,0.0,0.0,0.001576903319448652,0.0010855684191868017,0.0,0.0,0.0,0.0,0.0,-0.0,0.0,0.0,0.0,0.0,0.0
2022-10-24,-0.0014732757087014886,-0.0,-0.0,-0.0,-0.0,0.0007513281035306116,0.0,-0.0,-0.0004889379558093658,0.0003306344047066761,-0.0,0.0,-0.0,-0.0,0.0,0.0,0.0,-0.0,-0.0,-0.0,-0.0
2022-10-25,-0.001410826630963599,-0.0,-0.0,-0.0,0.0,-1.2261991236827049e-05,0.0,-0.0,-0.001424464506624255,0.0009029753401790131,0.0,0.0,-0.0,0.0,0.0,0.0,0.0,0.0,-0.0,0.0,-0.0
2022-10-26,-0.00021197497674084798,0.0,-0.0,-0.0,-0.0,-0.00038401073855663756,-0.0,0.0,-7.304356950688741e-05,0.0009794338999764033,-0.0,-0.0,0.0,-0.0,0.0,0.0,-0.0,0.0,-0.0,-0.0,-0.0
2022-10-27,-0.001897187884690664,-0.0,-0.0,-0.0,-0.0,-0.0017926897706181987,-0.0,-0.0,-0.0010839725893364287,-0.0012681390280437155,-0.0,-0.0,-0.0,-0.0,-0.0,-0.0,-0.0,-0.0,-0.0,-0.0,-0.0
2022-10-28,-0.0013893884724676842,-0.0,0.0,0.0,-0.0,-0.0011073441995813457,-0.0,0.0,-0.0012368149332713189,-0.000984896087234862,-0.0,-0.0,-0.0,-0.0,-0.0,-0.0,-0.0,-0.0,-0.0,-0.0,-0.0
2022-10-31,-0.0010287023455239472,-0.0,-0.0,-0.0,-0.0,-0.0008204449182862841,-0.0,0.0,-0.0011360484181694732,-0.002376411310079825,-0.0,-0.0,-0.0,-0.0,-0.0,-0.0,-0.0,-0.0,-0.0,-0.0,-0.0
2022-11-01,-0.00079975033659899,-0.0,-0.0,-0.0,-0.0,-0.0006602677828169847,-0.0,-0.0,-0.0017681825796398844,-0.0019045855749081709,-0.0,-0.0,-0.0,-0.0,-0.0,-0.0,-0.0,-0.0,0.0,-0.0,-0.0
2022-11-02,-0.0016758313083404478,-0.0,-0.0,-0.0,-0.0,-0.0011380916941439946,-0.0,-0.0,-0.00029310223622565086,-0.0005129077877739087,-0.0,-0.0,-0.0,-0.0,-0.0,0.0,-0.0,-0.0,-0.0,-0.0,-0.0
2022-11-03,0.0004324818892579443,0.0,0.0,0.0,0.0,0.0008345293455191765,0.0,0.0,0.0007926424604932408,-7.407175083337201e-05,0.0,0.0,0.0,0.0,-0.0,0.0,0.0,0.0,0.0,-0.0,0.0
2022-11-04,0.0010312394912305766,-0.0,0.0,0.0,0.0,0.0001143709909138097,0.0,0.0,-0.00083592355800475,-0.001119212255363861,-0.0,0.0,0.0,0.0,0.0,-0.0,-0.0,-0.0,-0.0,0.0,-0.0
2022-11-07,-1.9491942342265055e-05,0.0,0.0,0.0,-0.0,0.0009845887987983452,0.0,0.0,0.0007258583688667018,0.0007678965121840684,-0.0,0.0,0.0,0.0,0.0,0.0,0.0,0.0,0.0,0.0,0.0
2022-11-08,0.0008474857604194504,0.0,0.0,0.0,-0.0,-0.0009621334496538751,0.0,0.0,-0.0002735182378082816,0.0007770212354118196,0.0,0.0,0.0,0.0,0.0,-0.0,0.0,-0.0,0.0,0.0,0.0
2022-11-09,0.00011004867438361849,0.0,-0.0,0.0,0.0,-0.00019816000697853433,0.0,0.0,0.0014725563288515184,0.00027564546092345965,0.0,0.0,0.0,0.0,-0.0,0.0,0.0,0.0,0.0,-0.0,0.0
2022-11-10,-0.00011252482130775086,-0.0,-0.0,0.0,-0.0,-0.001441759986574949,-0.0,-0.0,0.00013339898000130224,0.00013362812557677804,-0.0,0.0,-0.0,-0.0,-0.0,-0.0,-0.0,-0.0,0.0,-0.0,-0.0
2022-11-11,0.0010777592672046464,0.0,-0.0,0.0,0.0,0.000320752121447952,-0.0,-0.0,0.00022190166138731358,0.0007367871615558151,-0.0,0.0,-0.0,0.0,0.0,0.0,0.0,-0.0,0.0,0.0,0.0
2022-11-14,0.000950340622229673,0.0,0.0,-0.0,0.0,-0.00020828170286109118,0.0,-0.0,0.0004830456206534822,0.0012312582512032948,-0.0,-0.0,0.0,0.0,0.0,-0.0,0.0,0.0,-0.0,0.0,0.0
2022-11-15,0.0003307014728247576,-0.0,-0.0,-0.0,0.0,-0.0006449507802021722,0.0,-0.0,0.0004045978863218266,0.0012289718872251741,0.0,-0.0,-0.0,-0.0,-0.0,-0.0,-0.0,-0.0,-0.0,-0.0,-0.0
2022-11-16,-0.0004932085192886607,-0.0,-0.0,0.0,0.0,-0.0004966756248733948,0.0,-0.0,0.00020661861329152997,0.0022128149882188974,0.0,0.0,0.0,0.0,0.0,0.0,0.0,0.0,0.0,0.0,0.0
2022-11-17,0.001125162389994161,-0.0,0.0,0.0,-0.0,4.3643158865591244e-05,-0.0,0.0,0.0008772187300892885,0.0008801231825595349,-0.0,-0.0,0.0,0.0,0.0,0.0,0.0,-0.0,0.0,0.0,0.0
2022-11-18,-0.0009160802671111648,0.0,-0.0,0.0,0.0,-0.001041904700099931,-0.0,-0.0,0.0007572898137428751,-0.0006524632801371979,0.0,-0.0,-0.0,-0.0,-0.0,0.0,-0.0,-0.0,-0.0,-0.0,-0.0
2022-11-21,-0.0004441099407918693,-0.0,0.0,-0.0,0.0,-8.353959723999764e-05,0.0,-0.0,-0.000997587258938358,-0.0006032729319204102,-0.0,-0.0,0.0,-0.0,-0.0,-0.0,-0.0,-0.0,-0.0,-0.0,-0.0
2022-11-22,-0.0004789112979588205,-0.0,0.0,-0.0,-0.0,-0.0003024360408845847,-0.0,-0.0,0.000514355928695427,0.00046904758928060575,-0.0,-0.0,-0.0,-0.0,-0.0,-0.0,-0.0,-0.0,0.0,0.0,-0.0
2022-11-23,0.0004025119739639436,0.0,0.0,0.0,-0.0,0.00015596117546786767,-0.0,0.0,0.0010420681588725166,-0.000594576069539822,-0.0,0.0,-0.0,-0.0,-0.0,-0.0,0.0,0.0,0.0,-0.0,0.0
2022-11-25,0.00043507886579114135,0.0,-0.0,-0.0,0.0,-1.6864607319192444e-05,-0.0,0.0,0.00038366537630772293,0.0012587798363927392,-0.0,0.0,-0.0,-0.0,0.0,0.0,0.0,-0.0,-0.0,-0.0,0.0
2022-11-28,-0.0010396066051672826,0.0,0.0,0.0,-0.0,-0.0017645930629757154,-0.0,0.0,-0.0007777871853108188,-0.0005817117349375411,0.0,-0.0,-0.0,0.0,-0.0,-0.0,-0.0,0.0,-0.0,-0.0,-0.0
2022-11-29,-0.0009278544654163627,-0.0,0.0,0.0,-0.0,-0.0002761908512953549,0.0,0.0,0.00019865455525544024,0.00019394315450693358,-0.0,0.0,-0.0,-0.0,-0.0,0.0,0.0,0.0,0.0,-0.0,0.0
2022-11-30,0.0009412073029421248,-0.0,-0.0,-0.0,0.0,-0.00018943774805807952,0.0,-0.0,0.000165955983469159,-0.0002482523073451092,-0.0,0.0,0.0,0.0,0.0,0.0,0.0,0.0,-0.0,0.0,0.0
2022-12-01,0.0004913146859846172,0.0,-0.0,0.0,0.0,0.0004930051644702054,0.0,0.0,-0.00020731223150584772,-0.0005992708498733716,0.0,0.0,-0.0,0.0,0.0,0.0,0.0,-0.0,0.0,0.0,0.0
2022-12-02,0.0016841166559390835,0.0,0.0,0.0,0.0,0.0013133478854316484,0.0,0.0,0.0,0.0006843676619757045,0.0,0.0010774818943848575,0.0,0.0,0.0,0.0,-0.0,0.0,0.0,0.0,0.0
2022-12-05,0.0007026448626483957,0.0,0.0,0.0,0.0,0.0009607936741951684,0.0,0.0,0.0,0.001641114879520153,0.0,0.000545335458508516,0.0,0.0,0.0,0.0,0.0,-0.0,0.0,0.0,0.0
2022-12-06,-0.001557064990856983,-0.0,-0.0,0.0,-0.0,0.00033859111975230845,-0.0,-0.0,-0.0,-0.0010567816618609603,-0.0,0.00033123185396034913,-0.0,-0.0,-0.0,-0.0,-0.0,-0.0,-0.0,-0.0,-0.0
2022-12-07,0.0016320747604558362,0.0,0.0,0.0,0.0,0.0005662682085669013,0.0,0.0,0.0,0.0020944977090698825,0.0,0.0018655664652865308,0.0,0.0,0.0,0.0,0.0,-0.0,0.0,0.0,0.0
2022-12-08,-0.0005524465920506681,-0.0,0.0,0.0,-0.0,-0.0007271035409964523,-0.0,-0.0,-0.0,-0.0007020466386717062,0.0,0.0008268078496390258,-0.0,0.0,0.0,-0.0,-0.0,-0.0,-0.0,0.0,-0.0
2022-12-09,0.0008410841248610697,0.0,0.0,0.0,0.0,0.0013389256370737819,-0.0,0.0,0.0,-0.00015437846931074184,0.0,0.0008089163173588338,-0.0,0.0,0.0,0.0,0.0,0.0,0.0,0.0,0.0
2022-12-12,-0.00040982406157040826,0.0,0.0,0.0,0.0,0.0001687472710081161,-0.0,0.0,-0.0,0.0002284634348722498,-0.0,0.0016283478433353862,0.0,-0.0,0.0,-0.0,-0.0,0.0,0.0,0.0,0.0
2022-12-13,0.0009372815070470877,-0.0,-0.0,-0.0,-0.0,-0.00040233149406705747,-0.0,0.0,0.0,0.00025785779319494745,-0.0,-0.0002886330317978109,0.0,-0.0,-0.0,0.0,0.0,-0.0,-0.0,-0.0,-0.0
2022-12-14,-0.0016411293602694246,-0.0,0.0,-0.0,-0.0,0.00029618568612396854,-0.0,-0.0,-0.0,-0.0008815385317275835,-0.0,0.0004530040393666374,-0.0,-0.0,-0.0,-0.0,-0.0,-0.0,-0.0,-0.0,-0.0
2022-12-15,-0.000322191557979566,-0.0,-0.0,0.0,0.0,0.00032631396982069544,-0.0,-0.0,-0.0,2.0212971239381653e-05,0.0,-0.00043339636139393334,-0.0,-0.0,-0.0,0.0,0.0,-0.0,-0.0,-0.0,-0.0
2022-12-16,-0.0007863395248101158,-0.0,-0.0,-0.0,-0.0,-0.0010231703087695563,0.0,-0.0,-0.0,0.0002610477752870754,-0.0,-0.0018656304470609768,-0.0,-0.0,-0.0,-0.0,-0.0,-0.0,-0.0,-0.0,-0.0
2022-12-19,-0.00021106712834664424,0.0,0.0,-0.0,0.0,7.34949366382474e-05,0.0,0.0,0.0,0.0006265092880286011,0.0,0.002047254557009333,0.0,0.0,0.0,0.0,0.0,0.0,0.0,-0.0,0.0
2022-12-20,0.0010796840736358676,0.0,0.0,0.0,0.0,0.0018216269242777685,0.0,0.0,0.0,0.0005393359294419531,0.0,0.001396391901791021,0.0,0.0,0.0,0.0,0.0,0.0,0.0,-0.0,0.0
2022-12-21,0.0006893588651147157,-0.0,-0.0,-0.0,-0.0,-0.0003001129464207372,-0.0,-0.0,0.0,-0.0012496190210568136,-0.0,-7.708582899310822e-05,-0.0,-0.0,-0.0,-0.0,0.0,-0.0,0.0,0.0,-0.0
2022-12-22,-0.00016424405448789276,-0.0,0.0,0.0,-0.0,0.00020261591796826497,-0.0,0.0,0.0,0.0010768775640775097,-0.0,-7.747640167472629e-05,0.0,0.0,-0.0,0.0,-0.0,0.0,-0.0,-0.0,0.0
2022-12-23,-0.00011918131611633353,-0.0,-0.0,0.0,-0.0,8.005804585135952e-05,-0.0,-0.0,0.0,-0.0007041435355861142,0.0,-0.0010498215063018594,-0.0,0.0,0.0,-0.0,-0.0,-0.0,-0.0,-0.0,-0.0
2022-12-27,-0.0022686034679928625,-0.0,-0.0,-0.0,-0.0,0.00028376641534906343,-0.0,-0.0,-0.0,-0.0005767394478928994,0.0,-0.0009140263066003085,-0.0,0.0,-0.0,-0.0,0.0,0.0,0.0,-0.0,-0.0
2022-12-28,0.0004093988907163052,0.0,0.0,0.0,0.0,0.0008621208685095638,0.0,0.0,-0.0,0.0011894664126388963,0.0,0.0005678269594256958,0.0,0.0,0.0,-0.0,0.0,0.0,-0.0,0.0,0.0
2022-12-29,-0.00022628992097073773,0.0,-0.0,-0.0,-0.0,0.0006352000108355463,0.0,0.0,-0.0,0.0014501988311659297,-0.0,-0.0001222296898644285,-0.0,0.0,-0.0,-0.0,0.0,-0.0,-0.0,-0.0,-0.0
2022-12-30,0.00040310939514854666,0.0,0.0,0.0,0.0,0.001365410406309567,0.0,0.0,0.0,0.0011944078635916931,0.0,-0.0003918832909713326,0.0,0.0,0.0,0.0,0.0,0.0,0.0,-0.0,0.0
2023-01-03,0.0004877716239698591,-0.0,-0.0,-0.0,0.0,0.00013669656120077748,-0.0,-0.0,-0.0,-0.00036908854084804306,-0.0,0.0009650237353803958,-0.0,0.0,-0.0,-0.0,0.0,-0.0,-0.0,-0.0,-0.0
2023-01-04,0.0,0.0,-0.0,-0.0,0.0,5.798184779530758e-05,0.0,0.0,0.0009865194153641844,0.0005661716135645368,0.0,0.00027633031735625486,0.0,0.0,0.0,0.0,0.0,-0.0,-0.0,-0.0,0.0
2023-01-05,-0.0,-0.0,-0.0,0.0,-0.0,0.0013305609473418746,-0.0,0.0,0.0006975093433400028,-0.0002547816010932682,0.0,0.0009327532713366423,-0.0,0.0,-0.0,-0.0,-0.0,-0.0,-0.0,-0.0,0.0
2023-01-06,0.0,0.0,0.0,0.0,0.0,-0.0004112148282715803,0.0,0.0,0.0011133737871557269,0.00020673564204600308,0.0,-3.810068407074787e-05,0.0,-0.0,0.0,-0.0,0.0,0.0,0.0,0.0,0.0
2023-01-09,-0.0,0.0,-0.0,-0.0,0.0,-2.3443942195907478e-05,0.0,-0.0,-0.0008673783088604968,-0.0004851122432865241,-0.0,-0.00013233640446732003,-0.0,-0.0,-0.0,-0.0,-0.0,0.0,0.0,0.0,-0.0
2023-01-10,-0.0,-0.0,-0.0,0.0,-0.0,-0.0009582935777697666,-0.0,0.0,0.0006373819663440122,0.0006180028386673248,-0.0,0.0006676193089593414,-0.0,0.0,-0.0,0.0,-0.0,0.0,-0.0,-0.0,-0.0
2023-01-11,0.0,-0.0,0.0,-0.0,0.0,-0.00012225790297344064,-0.0,-0.0,0.00017518406644411922,-0.00011608191063827525,0.0,0.0005362810388532774,0.0,-0.0,0.0,0.0,-0.0,-0.0,0.0,0.0,-0.0
2023-01-12,-0.0,0.0,-0.0,0.0,0.0,-0.0008518772875973668,-0.0,-0.0,-0.0009025947582212872,0.0004938000921930281,0.0,-0.0006562305289256933,-0.0,0.0,-0.0,-0.0,-0.0,-0.0,-0.0,-0.0,-0.0
2023-01-13,-0.0,0.0,0.0,-0.0,-0.0,0.00046996126856024985,-0.0,0.0,0.0002736969911330605,0.0003019149953626172,-0.0,0.000746899865795709,-0.0,0.0,0.0,0.0,0.0,-0.0,0.0,0.0,0.0
2023-01-17,0.0,0.0,0.0,0.0,0.0,0.0006075029411527966,0.0,-0.0,0.0007156622168221644,0.00011866389343961794,-0.0,0.0008630771829736511,-0.0,0.0,-0.0,0.0,0.0,0.0,0.0,0.0,0.0
2023-01-18,0.0,-0.0,0.0,-0.0,0.0,-0.00032439221893267544,0.0,0.0,-0.0001307437910520793,0.0012459315766278412,0.0,0.0002451528337761338,-0.0,0.0,0.0,0.0,0.0,0.0,-0.0,0.0,0.0
2023-01-19,0.0,0.0,0.0,-0.0,0.0,0.0008413772438283416,-0.0,-0.0,0.0011022421067910172,0.0009025018184181563,-0.0,9.39498424842608e-05,0.0,0.0,0.0,0.0,0.0,0.0,0.0,-0.0,0.0
2023-01-20,0.0,0.0,0.0,0.0,0.0,0.0017880593623029006,0.0,0.0,0.0018821809068660209,0.0007514636975784131,0.0,0.0003940230795512569,0.0,0.0,0.0,0.0,0.0,0.0,0.0,0.0,0.0
2023-01-23,0.0,0.0,-0.0,0.0,-0.0,-0.001126621590912113,0.0,0.0,0.0004944105869066931,-0.0001807067499837896,0.0,-0.0004754467705453234,0.0,-0.0,-0.0,-0.0,-0.0,-0.0,0.0,0.0,-0.0
2023-01-24,-0.0,-0.0,-0.0,-0.0,-0.0,-0.0003775509823258583,-0.0,0.0,0.0002896281472781465,0.0012789536502253185,0.0,0.00024220865603470434,0.0,-0.0,0.0,0.0,-0.0,0.0,0.0,-0.0,0.0
2023-01-25,0.0,-0.0,-0.0,0.0,-0.0,0.0002618289516135136,0.0,0.0,-0.0001831623838630686,-0.00012915383358514716,-0.0,0.0007915777951545106,-0.0,-0.0,-0.0,0.0,0.0,0.0,0.0,-0.0,-0.0
2023-01-26,-0.0,-0.0,-0.0,0.0,-0.0,7.742856173324887e-05,0.0,0.0,-0.0003690004257119541,0.0009302285397185014,0.0,0.0006767989270281352,-0.0,-0.0,0.0,0.0,0.0,-0.0,0.0,0.0,0.0
2023-01-27,0.0,0.0,-0.0,-0.0,-0.0,-0.00021819703042206021,-0.0,-0.0,-0.0007096306023024647,-0.00051092733615103,-0.0,-0.0009259271170088051,-0.0,-0.0,-0.0,-0.0,0.0,-0.0,-0.0,-0.0,-0.0
2023-01-30,0.0,0.0,0.0,0.0,0.0,0.0016235516331083485,0.0,0.0,-0.00016390626032829856,0.0017490805272781101,0.0,0.002260306382047848,0.0,0.0,0.0,0.0,0.0,0.0,0.0,0.0,0.0
2023-01-31,-0.0,0.0,0.0,-0.0,-0.0,-0.00034329701744586556,-0.0,0.0,0.0004009310919497543,0.0004005876931493457,0.0,0.00016579035775812423,-0.0,-0.0,0.0,-0.0,0.0,-0.0,-0.0,-0.0,0.0
2023-02-01,-0.0,-0.0,-0.0,-0.0,-0.0,-0.0004754557669025132,0.0,0.0,0.0003776980271546018,0.0005345544840359217,0.0,0.0003747199535005967,-0.0,-0.0,-0.0,0.0,-0.0,-0.0,0.0,0.0,-0.0
2023-02-02,0.0,0.0,0.0,0.0,0.0,0.00022907709371278176,0.0,0.0,0.0006293359602614457,0.0013555787659155442,0.0,2.1635608943770817e-05,-0.0,0.0,0.0,0.0,0.0,-0.0,0.0,0.0,0.0
2023-02-03,-0.0,-0.0,-0.0,-0.0,-0.0,-0.0014488664755966695,0.0,-0.0,-0.0018265368111288695,-0.0018852340241103614,-0.0,-0.0015185446076661333,-0.0,-0.0,-0.0,-0.0,-0.0,-0.0,0.0,-0.0,-0.0
2023-02-06,-0.0,-0.0,-0.0,-0.0,-0.0,-0.00017832889714919684,-0.0,-0.0,-0.0010629797547546489,-0.0010660837115718357,-0.0,-0.0003867008423675844,-0.0,-0.0,-0.0,-0.0,-0.0,-0.0,-0.0,-0.0,-0.0
2023-02-07,0.0,0.0,0.0,0.0,0.0,-0.000729507175076054,-0.0,0.0,0.0013736842120545564,0.001116213331816998,-0.0,-0.0001571649072185374,0.0,0.0,0.0,-0.0,0.0,0.0,0.0,0.0,0.0
2023-02-08,0.0,-0.0,-0.0,0.0,0.0,-0.0007790936641410972,0.0,-0.0,0.0006706434808350874,0.0008264661847252352,0.0,8.174186607913e-05,-0.0,-0.0,0.0,-0.0,-0.0,-0.0,-0.0,-0.0,0.0
2023-02-09,0.0,-0.0,0.0,-0.0,-0.0,-0.0007856139644195492,0.0,0.0,0.00013044030252569704,0.0010365246727872567,0.0,0.00047322113225043463,0.0,-0.0,0.0,-0.0,-0.0,0.0,-0.0,-0.0,0.0
2023-02-10,-0.0,-0.0,-0.0,0.0,-0.0,0.00024067988648825665,-0.0,-0.0,0.0007029698688386638,-0.0006705947066695765,-0.0,-0.001432361364557125,-0.0,-0.0,-0.0,-0.0,-0.0,-0.0,-0.0,-0.0,-0.0
2023-02-13,-0.0,0.0,-0.0,0.0,-0.0,-0.0004198254192179793,0.0,0.0,0.0019075835150683472,0.001088655718010471,0.0,-0.0012165819783789519,-0.0,-0.0,0.0,0.0,0.0,-0.0,0.0,0.0,-0.0
2023-02-14,0.0,0.0,0.0,0.0,0.0,0.0008721431563515357,0.0,0.0,0.0008193039877882857,0.0006869461293016103,0.0,0.0017009989809204686,0.0,0.0,0.0,0.0,0.0,0.0,0.0,0.0,0.0
2023-02-15,0.0,0.0,0.0,-0.0,-0.0,-0.0006382790505443623,0.0,0.0,0.0003097654218116979,-0.0005882347434653897,-0.0,0.0024153355248099366,0.0,0.0,0.0,0.0,0.0,0.0,0.0,0.0,0.0
2023-02-16,0.0,0.0,-0.0,0.0,0.0,-7.515931089566031e-05,0.0,-0.0,0.0006111529891766847,-9.02913433370616e-05,0.0,0.0004258848773211089,-0.0,0.0,0.0,0.0,0.0,0.0,0.0,0.0,0.0
2023-02-17,0.0,-0.0,-0.0,-0.0,-0.0,0.000356470771664742,-0.0,-0.0,-0.0009090269708817453,0.0006108046570527239,-0.0,0.00022045600990709227,-0.0,-0.0,-0.0,0.0,-0.0,-0.0,-0.0,-0.0,-0.0
2023-02-21,0.0,-0.0,-0.0,-0.0,0.0,-3.217640429081338e-05,-0.0,0.0,0.00039551246697702973,-0.0009911173287441703,0.0,-0.0008320501357418053,-0.0,-0.0,-0.0,-0.0,0.0,-0.0,-0.0,-0.0,-0.0
2023-02-22,0.0,-0.0,-0.0,-0.0,-0.0,-0.0012129905658664832,-0.0,-0.0,-0.001150398342156702,-0.00223836197081273,-0.0,-0.00015253303522612098,-0.0,-0.0,-0.0,-0.0,-0.0,-0.0,0.0,-0.0,-0.0
2023-02-23,0.0,0.0,-0.0,0.0,0.0,-0.0009003217302961334,-0.0,0.0,0.000426964597663042,-0.0010441569253073803,0.0,-0.00010892101169886876,-0.0,-0.0,0.0,-0.0,0.0,0.0,-0.0,-0.0,0.0
2023-02-24,0.0,0.0,-0.0,0.0,0.0,0.00024160183659047117,-0.0,0.0,8.40021813570227e-05,0.000985141114024036,0.0,0.0012988343649162624,0.0,0.0,0.0,-0.0,-0.0,0.0,0.0,0.0,0.0
2023-02-27,-0.0,-0.0,-0.0,-0.0,-0.0,-0.0007302604394842012,-0.0,-0.0,-0.0014703652928180807,-0.0018724581310500443,-0.0,-0.00045145278151967534,-0.0,-0.0,-0.0,-0.0,-0.0,-0.0,-0.0,-0.0,-0.0
2023-02-28,-0.0,-0.0,0.0,-0.0,-0.0,-0.0009978736541232864,-0.0,-0.0,-0.0017900275549155736,2.3913847561530687e-05,-0.0,8.316759759586433e-05,0.0,0.0,0.0,-0.0,-0.0,-0.0,-0.0,0.0,-0.0
2023-03-01,-0.0,0.0,-0.0,-0.0,-0.0,-0.0001683458832649216,-0.0,0.0,0.0004048149158487328,-0.0008515837041775493,-0.0,-0.00022551484565713138,-0.0,-0.0,0.0,-0.0,-0.0,-0.0,-0.0,-0.0,-0.0
2023-03-02,-0.0,-0.0,-0.0,-0.0,-0.0,8.945131355864167e-05,0.0,-0.0,0.0001289158410399338,-0.0010695153976464256,-0.0,-0.00013709207893874975,-0.0,-0.0,-0.0,-0.0,-0.0,0.0,-0.0,-0.0,-0.0
2023-03-03,0.0,0.0,-0.0,-0.0,-0.0,-0.0003302255627059983,0.0,-0.0,0.0005129677433929804,-0.0006522560760837198,0.0,0.00023873138736957915,-0.0,0.0,-0.0,-0.0,0.0,0.0,-0.0,0.0,0.0
2023-03-06,-0.0,-0.0,-0.0,-0.0,-0.0,-0.0006479125997303619,-0.0,-0.0,-0.0009199134509774304,-0.0009961516947704148,-0.0,-0.00047935028593558085,-0.0,-0.0,-0.0,-0.0,-0.0,-0.0,-0.0,0.0,-0.0
2023-03-07,0.0,0.0,-0.0,0.0,0.0,0.0002763861427331821,0.0,-0.0,-0.0012603438517793525,-0.00016943035650496773,-0.0,-0.00015381754010920353,0.0,0.0,0.0,0.0,-0.0,0.0,0.0,-0.0,0.0
2023-03-08,0.0,0.0,0.0,0.0,-0.0,0.001234955161852041,0.0,0.0,-9.219776682405225e-05,0.00041912743414871024,0.0,0.0002655526036790026,-0.0,0.0,0.0,0.0,0.0,-0.0,0.0,0.0,0.0
2023-03-09,0.0,0.0,-0.0,0.0,-0.0,0.001306644694138803,-0.0,-0.0,-0.00030549303321533635,0.0001476964538704057,-0.0,0.0008985158731315183,-0.0,-0.0,0.0,-0.0,-0.0,-0.0,-0.0,-0.0,-0.0
2023-03-10,-0.0,-0.0,-0.0,-0.0,-0.0,-0.002189106649480359,-0.0,-0.0,-0.0020980280635550393,-0.0009293726377356918,-0.0,-0.0012677283256354688,-0.0,-0.0,-0.0,-0.0,-0.0,-0.0,-0.0,-0.0,-0.0
2023-03-13,-0.0,-0.0,-0.0,-0.0,-0.0,-8.904429852550508e-06,0.0,-0.0,-0.0016769561097634941,0.00010391877247345891,-0.0,-0.0007770659435490254,0.0,-0.0,-0.0,-0.0,-0.0,-0.0,-0.0,-0.0,-0.0
2023-03-14,0.0,0.0,0.0,0.0,0.0,0.0016270427297764255,0.0,0.0,1.598556720573451e-05,0.0007989616905399951,0.0,0.0014202058326320505,0.0,-0.0,0.0,0.0,0.0,-0.0,-0.0,0.0,0.0
2023-03-15,-0.0,-0.0,-0.0,-0.0,-0.0,-0.002269505188088873,-0.0,-0.0,-0.0014347155843053697,-0.0022415461532708115,-0.0,-0.000965415658973817,-0.0,-0.0,-0.0,-0.0,-0.0,-0.0,-0.0,-0.0,-0.0
2023-03-16,-0.0,0.0,0.0,0.0,-0.0,-0.0005892837474137834,0.0,0.0,-0.00014083337519666108,0.00013725610906577978,-0.0,-0.0010983636853601386,0.0,-0.0,-0.0,0.0,-0.0,0.0,0.0,0.0,-0.0
2023-03-17,-0.0,-0.0,-0.0,0.0,-0.0,-0.0010609837145040292,0.0,0.0,-1.4162468768132136e-05,-0.00018528914537142897,-0.0,-0.0001386097622618069,-0.0,-0.0,-0.0,-0.0,0.0,-0.0,-0.0,-0.0,-0.0
2023-03-20,0.0,0.0,-0.0,0.0,0.0,0.0003647933567066188,0.0,0.0,0.0017970247803335076,0.00032388812491987814,-0.0,0.0005542454731552943,-0.0,0.0,-0.0,0.0,-0.0,-0.0,-0.0,0.0,0.0
2023-03-21,0.0,-0.0,-0.0,0.0,0.0,-0.0006118470722973199,0.0,-0.0,0.0001077721037772971,-0.0005520845342862551,-0.0,0.00013040322803435173,0.0,-0.0,-0.0,-0.0,-0.0,0.0,-0.0,-0.0,-0.0
2023-03-22,0.0,-0.0,-0.0,0.0,-0.0,9.658452267066353e-05,0.0,-0.0,0.00010929937873713424,0.0019013585622824677,-0.0,0.00024407218759984174,-0.0,0.0,0.0,-0.0,-0.0,-0.0,-0.0,0.0,0.0
2023-03-23,0.0,0.0,-0.0,0.0,0.0,0.0009000993126293066,0.0,-0.0,0.0015223682977308713,-0.0005676813194432953,0.0,0.0006518657775107905,-0.0,0.0,0.0,0.0,-0.0,0.0,0.0,0.0,0.0
2023-03-24,0.0,0.0,0.0,0.0,0.0,-0.0002858534297488096,0.0,0.0,-6.663733246798286e-05,0.0013484573590390125,0.0,-0.0002437726365224182,0.0,0.0,0.0,0.0,0.0,0.0,0.0,0.0,0.0
2023-03-27,-0.0,-0.0,-0.0,0.0,0.0,-0.0007754347411528296,-0.0,-0.0,-0.0015122608994118936,0.0006207763184288099,-0.0,-0.0007298566080768871,-0.0,-0.0,-0.0,-0.0,-0.0,-0.0,0.0,0.0,-0.0
2023-03-28,-0.0,-0.0,0.0,0.0,0.0,0.0006780110683694328,-0.0,0.0,-0.00038267945063249413,-1.771898057512462e-05,0.0,0.000735782231893982,0.0,0.0,0.0,0.0,0.0,-0.0,0.0,-0.0,0.0
2023-03-29,-0.0,-0.0,-0.0,-0.0,-0.0,-0.00042913126793146214,-0.0,-0.0,-0.0002406802471415458,-0.0009336626426830168,-0.0,0.0010156777807114918,-0.0,-0.0,-0.0,-0.0,-0.0,-0.0,-0.0,-0.0,-0.0
2023-03-30,0.0,0.0,0.0,0.0,-0.0,-6.286733697538517e-05,0.0,0.0,0.0007561344524448894,0.0003903457010121813,0.0,0.0009459307583563836,0.0,0.0,0.0,0.0,0.0,0.0,0.0,0.0,0.0
2023-03-31,-0.0,0.0,-0.0,-0.0,-0.0,-2.3169373562490807e-05,-0.0,-0.0,-0.0011528865421793029,-0.0004099807759526649,-0.0,-0.0009182831821395415,0.0,-0.0,0.0,-0.0,0.0,-0.0,0.0,-0.0,-0.0
2023-04-03,-0.0,-0.0,-0.0,-0.0,0.0,0.0006154382113670641,-0.0,0.0,-0.0007697745053517658,0.0003214682459567485,-0.0,-0.00021150607854334452,-0.0,-0.0,0.0,-0.0,0.0,-0.0,-0.0,-0.0,-0.0
2023-04-04,-0.0,-0.00017585501069528056,0.0,0.0,0.0,-0.0,-0.0,-0.0,-0.000870997215459235,-0.00014070433284679718,0.0,-0.0,0.0,0.0,0.0,0.0,-0.0010939920415824922,0.0,-0.0,-0.0,-0.0
2023-04-05,-0.0,-0.002114430447103049,-0.0,-0.0,-0.0,-0.0,-0.0,-0.0,-0.0017226002182553005,0.0013138498515022285,0.0,0.0,-0.0,-0.0,-0.0,0.0,0.00026941626983613,-0.0,-0.0,-0.0,-0.0
2023-04-06,-0.0,-0.000976883538182992,0.0,-0.0,-0.0,0.0,-0.0,0.0,0.0011980724981245521,-0.00018121245538086004,0.0,0.0,-0.0,0.0,-0.0,0.0,0.00012193461742082204,0.0,-0.0,-0.0,0.0
2023-04-10,0.0,-0.0007119474292051195,0.0,0.0,0.0,0.0,0.0,0.0,0.00044751902543506194,0.0015382724996867796,0.0,0.0,0.0,0.0,0.0,0.0,-0.00039231950413394365,0.0,0.0,0.0,0.0
2023-04-11,0.0,0.0004241041255297073,-0.0,-0.0,-0.0,-0.0,0.0,0.0,0.0014047081995158437,0.0005712854661577504,-0.0,0.0,0.0,-0.0,0.0,-0.0,0.0004599717748793424,0.0,0.0,-0.0,0.0
2023-04-12,-0.0,-0.0017690327425306414,-0.0,-0.0,-0.0,-0.0,-0.0,-0.0,-0.0015099964270579786,-0.0008287112233651287,-0.0,-0.0,-0.0,-0.0,-0.0,-0.0,-0.0009556242804814905,-0.0,-0.0,-0.0,-0.0
2023-04-13,-0.0,0.000780961061623155,-0.0,0.0,-0.0,0.0,0.0,0.0,0.00028354845367408073,0.00099835281795019,0.0,-0.0,-0.0,-0.0,0.0,-0.0,0.0005379643753835682,0.0,0.0,-0.0,-0.0
2023-04-14,0.0,0.0004282597064426301,-0.0,0.0,-0.0,0.0,0.0,0.0,0.0005822523250141554,-0.0007188474671910644,0.0,0.0,0.0,-0.0,0.0,-0.0,0.0005238672851416909,0.0,0.0,-0.0,0.0
2023-04-17,-0.0,-0.0011649862815669597,-0.0,-0.0,-0.0,-0.0,-0.0,-0.0,-0.00042553272496897673,-0.0007641829943762822,-0.0,-0.0,-0.0,-0.0,-0.0,-0.0,-0.0007890031648407828,0.0,-0.0,-0.0,-0.0
2023-04-18,0.0,-0.0011258854097389531,-0.0,-0.0,0.0,-0.0,-0.0,-0.0,-0.00041285688694389584,-0.0011183265934020482,-0.0,-0.0,-0.0,0.0,-0.0,0.0,-0.000889017509234514,-0.0,-0.0,-0.0,-0.0
2023-04-19,0.0,0.0008850031202314838,0.0,-0.0,0.0,-0.0,0.0,0.0,0.00118927750621642,0.00019926157353293762,-0.0,0.0,0.0,-0.0,-0.0,0.0,-0.00021565159163545138,0.0,0.0,0.0,0.0
2023-04-20,-0.0,-0.00038190890966927283,0.0,-0.0,-0.0,-0.0,0.0,-0.0,0.0005543289722327289,-0.0001791075447681139,-0.0,0.0,-0.0,0.0,0.0,-0.0,0.0006691477779653764,0.0,0.0,0.0,0.0
2023-04-21,0.0,-0.0004247902013464502,0.0,0.0,0.0,-0.0,0.0,-0.0,-0.0005296421529036586,-0.0004391882993058255,0.0,0.0,0.0,-0.0,0.0,0.0,-0.00012483441908442305,0.0,0.0,-0.0,0.0
2023-04-24,0.0,0.0017785412156158345,0.0,0.0,0.0,0.0,-0.0,0.0,0.0015796519368092457,-0.00010607329386371437,0.0,0.0,0.0,0.0,0.0,0.0,0.0013186936099393112,0.0,0.0,0.0,0.0
2023-04-25,0.0,0.0004990296166334129,0.0,0.0,0.0,-0.0,0.0,0.0,0.0002048702741880369,0.000547586266793056,0.0,0.0,-0.0,-0.0,0.0,0.0,0.0013097473404318127,0.0,-0.0,-0.0,0.0
2023-04-26,0.0,0.00020591652972585945,-0.0,0.0,-0.0,0.0,0.0,-0.0,-0.00016810055465248623,0.00033532761840235966,-0.0,0.0,-0.0,-0.0,0.0,0.0,0.000269211748058139,0.0,0.0,-0.0,0.0
2023-04-27,0.0,0.0019015332335575918,0.0,0.0,0.0,0.0,0.0,0.0,0.0020501100239805254,0.001331645765793325,0.0,0.0,0.0,0.0,0.0,0.0,0.0020389450099754566,-0.0,0.0,0.0,0.0
2023-04-28,-0.0,-0.00010024538925553961,-0.0,-0.0,-0.0,0.0,-0.0,-0.0,0.0005523278338586327,0.0004290101109398378,-0.0,-0.0,0.0,0.0,0.0,-0.0,-0.0001336500058758409,-0.0,-0.0,-0.0,-0.0
2023-05-01,-0.0,-0.00016345050112003155,-0.0,-0.0,0.0,-0.0,-0.0,-0.0,-0.000802300286053049,-0.00012232053449946878,-0.0,-0.0,-0.0,-0.0,-0.0,0.0,-0.0007060180347101005,-0.0,-0.0,-0.0,-0.0
2023-05-02,0.0,-0.0003217275486444127,0.0,0.0,0.0,0.0,-0.0,0.0,4.670540206053176e-06,6.328046481334227e-05,-0.0,0.0,-0.0,0.0,0.0,0.0,-0.0008435785902719985,0.0,0.0,0.0,0.0
2023-05-03,-0.0,0.0017019942647192453,-0.0,0.0,0.0,0.0,0.0,-0.0,-0.0007154677346363836,0.0023961246107056327,0.0,0.0,0.0,0.0,0.0,-0.0,0.0002270754429162939,0.0,0.0,-0.0,0.0
2023-05-04,-0.0,-0.0006979574687475815,-0.0,-0.0,-0.0,-0.0,-0.0,0.0,-0.0015329350278915996,0.00043755215140069137,0.0,0.0,0.0,-0.0,0.0,-0.0,-0.00039596587730288856,-0.0,-0.0,-0.0,-0.0
2023-05-05,-0.0,0.0005249443103095861,-0.0,-0.0,-0.0,-0.0,-0.0,-0.0,-0.0007204675320120797,0.0011764647169099625,-0.0,-0.0,-0.0,-0.0,-0.0,-0.0,-0.0011649028671950206,-0.0,-0.0,-0.0,-0.0
2023-05-08,0.0,0.0011857571972367803,0.0,-0.0,0.0,0.0,-0.0,0.0,0.0018030680781558936,0.001054681904521582,0.0,0.0,0.0,0.0,0.0,0.0,-0.00011790608005974436,0.0,0.0,0.0,0.0
2023-05-09,-0.0,0.0007734892442100737,-0.0,0.0,-0.0,0.0,0.0,0.0,-0.00020450559387894202,0.000385641820363969,0.0,0.0,0.0,-0.0,-0.0,-0.0,-0.000949322062579552,0.0,0.0,-0.0,0.0
2023-05-10,-0.0,0.00011752092953895282,-0.0,-0.0,0.0,-0.0,0.0,-0.0,0.0005892673072181142,-0.0013307950392857865,-0.0,-0.0,0.0,0.0,-0.0,-0.0,0.0008191374301354616,0.0,-0.0,-0.0,-0.0
2023-05-11,0.0,0.001363968268097679,-0.0,0.0,0.0,0.0,0.0,0.0,0.00037531662489897994,0.0003029998980579515,0.0,0.0,0.0,0.0,0.0,0.0,0.0005342645970813264,0.0,0.0,0.0,0.0
2023-05-12,-0.0,-0.0006642538696761171,0.0,-0.0,-0.0,0.0,0.0,-0.0,-0.00018926527404153736,-0.00047672157281892396,-0.0,-0.0,-0.0,0.0,-0.0,-0.0,-0.0010289588068377305,0.0,0.0,0.0,-0.0
2023-05-15,-0.0,0.0006437361315650796,0.0,-0.0,-0.0,-0.0,-0.0,-0.0,-0.0003300303233682543,0.0020353205383209566,-0.0,0.0,-0.0,-0.0,-0.0,0.0,-0.0005340350969788587,-0.0,-0.0,-0.0,-0.0
2023-05-16,0.0,0.0016822346846423958,-0.0,-0.0,0.0,-0.0,0.0,0.0,0.0009968697163006948,-0.00016794084725092493,0.0,0.0,-0.0,0.0,-0.0,0.0,0.00031894725587217147,0.0,-0.0,-0.0,0.0
2023-05-17,-0.0,-0.0009419750399920762,0.0,-0.0,-0.0,-0.0,-0.0,0.0,-0.0013727534849106134,-0.0009199049947348082,-0.0,-0.0,-0.0,-0.0,-0.0,0.0,-0.0003827329674167358,0.0,-0.0,-0.0,-0.0
2023-05-18,0.0,0.00024341153392040647,0.0,-0.0,0.0,-0.0,-0.0,0.0,0.00011552872537291814,-0.0008450300226003174,0.0,-0.0,-0.0,0.0,0.0,-0.0,4.290032369221839e-05,0.0,0.0,0.0,0.0
2023-05-19,0.0,0.000751744565002633,0.0,0.0,0.0,0.0,0.0,0.0,0.0006868235975495502,0.0015074247385173658,0.0,0.0,0.0,0.0,0.0,0.0,0.002397488432857624,0.0,0.0,0.0,0.0
2023-05-22,0.0,3.0587596526349906e-05,0.0,0.0,-0.0,0.0,0.0,0.0,-0.00011968553563515617,-0.0003748293992849347,0.0,0.0,0.0,-0.0,-0.0,0.0,0.0016833775886055968,-0.0,0.0,-0.0,0.0
2023-05-23,-0.0,0.0010495075665386273,-0.0,-0.0,0.0,-0.0,0.0,0.0,-0.00017247406377217774,0.000460624207359546,0.0,-0.0,0.0,0.0,-0.0,0.0,6.754660370661467e-05,-0.0,-0.0,-0.0,-0.0
2023-05-24,-0.0,-0.001035818568389657,0.0,-0.0,-0.0,0.0,-0.0,-0.0,-0.0003454885890812582,-0.001591482937362142,-0.0,0.0,-0.0,0.0,-0.0,0.0,-0.0005266393507149054,0.0,0.0,0.0,-0.0
2023-05-25,-0.0,-0.0009263491172401241,0.0,0.0,0.0,0.0,-0.0,0.0,0.0005061456504659363,-0.00031388803895865305,0.0,-0.0,-0.0,-0.0,0.0,-0.0,4.814261926680554e-05,0.0,-0.0,0.0,-0.0
2023-05-26,-0.0,0.0010413174706003672,-0.0,0.0,-0.0,0.0,0.0,-0.0,-0.0001371680038339312,-0.0014645645478610577,-0.0,-0.0,-0.0,0.0,-0.0,0.0,-0.0010548487640874024,0.0,-0.0,-0.0,-0.0
2023-05-30,-0.0,0.0002497392164632329,-0.0,0.0,-0.0,0.0,-0.0,0.0,0.00018465650374497203,-0.0005529460835905487,-0.0,0.0,-0.0,0.0,0.0,-0.0,0.0004907611293492321,-0.0,-0.0,-0.0,-0.0
2023-05-31,-0.0,0.0021279995412981554,0.0,0.0,0.0,0.0,0.0,0.0,0.0006359705916410512,0.0003257259571782621,0.0,0.0,0.0,0.0,0.0,-0.0,0.000636689859930089,0.0,0.0,-0.0,0.0
2023-06-01,-0.0,-0.0013737164569711587,-0.0,-0.0,-0.0,-0.0,-0.0,-0.0,2.229404238527296e-05,-0.0013921539467002001,-0.0,-0.0,-0.0,-0.0,-0.0,-0.0,-0.0017897846152588064,-0.0,-0.0,-0.0,-0.0
2023-06-02,0.0,0.0005816168242971156,0.0,0.0,0.0,-0.0,0.0,-0.0,0.0,0.00014306864217734642,0.0,0.0,0.0,-0.0,0.0006118232513038004,0.0,8.423588756250047e-05,0.0,0.0,0.0,0.0
2023-06-05,-0.0,-0.000667515361483708,0.0,-0.0,-0.0,-0.0,0.0,-0.0,-0.0,0.00047769807687199806,0.0,-0.0,-0.0,-0.0,-0.0009943180258248942,0.0,0.00019918020503341603,-0.0,-0.0,-0.0,-0.0
2023-06-06,0.0,0.0003214823677141887,0.0,0.0,0.0,0.0,0.0,-0.0,0.0,0.0017537831550021952,0.0,-0.0,-0.0,-0.0,-9.39605639013072e-05,0.0,-0.0009463120842703613,0.0,0.0,0.0,0.0
2023-06-07,-0.0,-0.0018641136244763102,-0.0,-0.0,-0.0,-0.0,-0.0,-0.0,-0.0,-0.0003916249416511792,-0.0,-0.0,-0.0,-0.0,-0.0008242386717262181,-0.0,-0.0012359938569357454,-0.0,-0.0,-0.0,-0.0
2023-06-08,0.0,0.0012173341371546718,0.0,0.0,0.0,0.0,-0.0,-0.0,0.0,0.0001559731309981952,0.0,0.0,0.0,0.0,0.001339041484470827,0.0,0.0004214855048253258,0.0,0.0,0.0,0.0
2023-06-09,0.0,0.0009303258206298549,0.0,0.0,0.0,0.0,0.0,0.0,0.0,0.0007688074870984213,0.0,0.0,-0.0,0.0,0.0007667902170246118,0.0,0.0013697441459871252,0.0,0.0,-0.0,0.0
2023-06-12,0.0,0.0005080952656762243,0.0,0.0,0.0,-0.0,0.0,0.0,-0.0,0.0003073409567933873,0.0,0.0,0.0,0.0,0.0003020226959180789,-0.0,0.0017388500451220239,0.0,0.0,-0.0,0.0
2023-06-13,-0.0,-0.0011146015981784074,-0.0,-0.0,-0.0,-0.0,-0.0,-0.0,0.0,-0.0002205711621273195,0.0,-0.0,-0.0,-0.0,0.0007113632535037982,-0.0,-0.0005779827099543328,-0.0,0.0,-0.0,-0.0
2023-06-14,0.0,-0.0001505007876527718,0.0,0.0,0.0,-0.0,0.0,0.0,0.0,0.0006925709518022816,-0.0,0.0,0.0,0.0,-7.266782443691208e-05,-0.0,-0.0017455605536661448,-0.0,0.0,0.0,0.0
2023-06-15,-0.0,0.0007414182413509239,0.0,-0.0,0.0,0.0,-0.0,0.0,0.0,-0.0008952369956027414,0.0,-0.0,0.0,0.0,0.0005241692980199028,0.0,-0.0005382830658492643,-0.0,-0.0,0.0,0.0
2023-06-16,-0.0,-0.0017092704830809027,-0.0,-0.0,-0.0,-0.0,-0.0,-0.0,-0.0,-0.0001227152635161767,-0.0,-0.0,-0.0,-0.0,-0.00034903919908952085,-0.0,0.0015325187171359358,-0.0,0.0,-0.0,-0.0
2023-06-20,0.0,0.00034959514648596107,0.0,0.0,-0.0,-0.0,-0.0,-0.0,0.0,0.0006891370809680117,-0.0,-0.0,0.0,-0.0,0.00019582657175009388,-0.0,0.00010700706464804981,-0.0,0.0,0.0,-0.0
2023-06-21,0.0,0.00164398107885928,-0.0,-0.0,0.0,0.0,0.0,0.0,0.0,0.0012970432797297822,0.0,0.0,-0.0,0.0,-0.0003414281295430056,-0.0,-0.001608283739149368,0.0,0.0,-0.0,0.0
2023-06-22,-0.0,0.0013641951317926945,0.0,0.0,0.0,0.0,0.0,0.0,0.0,-4.120626849103161e-05,-0.0,0.0,0.0,0.0,-0.00026757545689527675,0.0,0.0019471036784983096,-0.0,0.0,0.0,0.0
2023-06-23,-0.0,-0.0009555126127567343,-0.0,-0.0,0.0,-0.0,0.0,-0.0,-0.0,0.0003322619304917617,-0.0,0.0,-0.0,-0.0,0.0006257986781023301,0.0,-0.0008241582561896488,0.0,0.0,0.0,0.0
2023-06-26,-0.0,-0.00020286575544964527,0.0,-0.0,0.0,-0.0,0.0,0.0,0.0,-0.0006826694012862518,-0.0,0.0,-0.0,-0.0,0.0009959144904637405,-0.0,0.0005698623575556904,0.0,-0.0,-0.0,0.0
2023-06-27,0.0,0.0011318065842276994,0.0,-0.0,0.0,0.0,0.0,0.0,0.0,0.0008266581065600634,0.0,0.0,0.0,0.0,0.0008964015526308379,0.0,3.318368720346227e-05,-0.0,0.0,0.0,0.0
2023-06-28,-0.0,0.0006539381329854024,0.0,0.0,0.0,0.0,-0.0,0.0,0.0,0.0010127796072220627,0.0,0.0,0.0,0.0,-0.00015163808046726125,0.0,0.0022240641794389056,0.0,0.0,0.0,0.0
2023-06-29,-0.0,-0.0026057958982882907,-0.0,-0.0,-0.0,-0.0,-0.0,-0.0,-0.0,-0.0021321069736330617,-0.0,-0.0,-0.0,-0.0,-0.0015449376089568386,-0.0,-0.0026178213562293553,-0.0,-0.0,-0.0,-0.0
2023-06-30,-0.0,0.00010193309659547537,-0.0,-0.0,0.0,0.0,0.0,-0.0,-0.0,7.475158183962702e-05,0.0,0.0,-0.0,0.0,0.0009868507554262802,0.0,-0.0005738862412366736,-0.0,0.0,-0.0,-0.0
2023-07-03,0.0,-8.830235103364557e-05,-0.0,0.0,0.0,0.0,0.0,0.0,0.0,3.708049441802655e-05,-0.0,0.0,0.0,-0.0,-0.0007266684475049959,-0.0,0.0006449665022099381,-0.0,0.0,-0.0,-0.0
2023-07-05,-0.0,0.00036935258529553484,-0.0,-0.0,-0.0,0.0,-0.0,-0.0,-0.000309841226448726,-0.0,-0.0,-0.0,-0.0,-0.0,-0.0011154257407214208,0.0,-0.001357862887518624,-0.0,-0.0,-0.0,-0.0
2023-07-06,-0.0,-0.00011471560401607015,-0.0,-0.0,0.0,-0.0,0.0,0.0,7.928930314541798e-05,0.0,0.0,-0.0,0.0,0.0,0.0001798099784445571,0.0,0.00039916913438868204,0.0,0.0,-0.0,0.0
2023-07-07,0.0,0.0015341715520205848,0.0,0.0,0.0,0.0,0.0,0.0,0.002502403712024526,0.0,0.0,0.0,0.0,0.0,0.001537495842291959,0.0,0.0012812981098425176,0.0,0.0,0.0,0.0
2023-07-10,-0.0,-0.0015039877630399973,-0.0,-0.0,-0.0,-0.0,-0.0,0.0,-0.0010197739667252225,-0.0,0.0,-0.0,0.0,-0.0,-0.0008920500448852352,-0.0,-0.00047315406594666777,-0.0,-0.0,-0.0,-0.0
2023-07-11,-0.0,-0.0005215983618742334,-0.0,0.0,0.0,0.0,-0.0,0.0,0.00013978235231468993,-0.0,0.0,0.0,-0.0,0.0,0.0006128318803785104,0.0,-0.0005773581973588194,0.0,0.0,0.0,0.0
2023-07-12,-0.0,2.7932918233668564e-06,-0.0,-0.0,-0.0,-0.0,-0.0,-0.0,-0.0015375966296562085,-0.0,-0.0,-0.0,0.0,0.0,0.0005502101017019535,-0.0,-0.0010447873947859987,-0.0,0.0,-0.0,-0.0
2023-07-13,0.0,0.0003923958333410322,-0.0,-0.0,-0.0,-0.0,-0.0,-0.0,-0.0006481521924136265,-0.0,-0.0,-0.0,0.0,-0.0,-0.0013387293845663242,0.0,-0.0006237028868310055,-0.0,-0.0,0.0,-0.0
2023-07-14,0.0,0.00016850730180740598,0.0,0.0,0.0,0.0,0.0,0.0,0.002079855796796193,0.0,0.0,0.0,0.0,0.0,-2.424986008076778e-06,0.0,0.0012233017099223347,0.0,0.0,0.0,0.0
2023-07-17,0.0,-0.0002773698934979008,-0.0,-0.0,-0.0,-0.0,-0.0,-0.0,-0.0005561765289224831,-0.0,-0.0,-0.0,0.0,-0.0,-0.0002801618899950317,-0.0,0.0002716215741833429,-0.0,-0.0,-0.0,-0.0
2023-07-18,-0.0,-0.0006986698137760956,-0.0,0.0,0.0,-0.0,0.0,0.0,-0.0008065815568200256,0.0,0.0,0.0,0.0,-0.0,0.00102620333399816,-0.0,0.0004095268633330158,0.0,0.0,0.0,0.0
2023-07-19,-0.0,-0.0011576896579815503,-0.0,-0.0,-0.0,-0.0,-0.0,-0.0,-0.0004270045604826009,-0.0,-0.0,0.0,-0.0,-0.0,-0.0007296485451274165,-0.0,-0.0005436573423684425,-0.0,-0.0,0.0,-0.0
2023-07-20,0.0,0.0016156667247253838,0.0,0.0,0.0,0.0,0.0,0.0,0.0013240348531715974,0.0,0.0,0.0,0.0,0.0,0.0018782677078050493,0.0,-6.034553377520279e-05,0.0,0.0,0.0,0.0
2023-07-21,0.0,4.338519508211396e-05,-0.0,0.0,-0.0,0.0,-0.0,0.0,0.0009360215125932442,0.0,-0.0,0.0,0.0,-0.0,-0.0007762436935596226,-0.0,0.0005497290423938105,0.0,-0.0,0.0,0.0
2023-07-24,0.0,-0.0002651499756161172,0.0,-0.0,-0.0,0.0,0.0,-0.0,-0.0003043337323139476,0.0,-0.0,0.0,-0.0,-0.0,0.00022888804816801185,-0.0,-0.00013613325748925394,0.0,0.0,0.0,-0.0
2023-07-25,0.0,-0.00045554810109915483,-0.0,-0.0,0.0,0.0,0.0,-0.0,-0.0003770632627897284,-0.0,0.0,-0.0,0.0,0.0,-0.0015943840013628301,0.0,0.0006739673424371096,0.0,0.0,0.0,0.0
2023-07-26,-0.0,-0.0012226410016602937,-0.0,-0.0,-0.0,-0.0,-0.0,-0.0,-0.0009176277067336226,-0.0,-0.0,-0.0,-0.0,-0.0,0.00022574458100316545,-0.0,-0.0002525106109758826,-0.0,-0.0,-0.0,-0.0
2023-07-27,-0.0,0.0018684107805619235,0.0,0.0,0.0,0.0,0.0,0.0,0.0010654809868482812,0.0,0.0,0.0,0.0,0.0,0.0015786913388691082,-0.0,-6.305426857382283e-05,0.0,-0.0,0.0,0.0
2023-07-28,-0.0,-0.00011938930184661509,0.0,-0.0,-0.0,-0.0,-0.0,-0.0,-0.00022383797772127973,-0.0,-0.0,-0.0,-0.0,-0.0,-0.00032636915908158836,-0.0,-0.00024668811742508014,-0.0,0.0,0.0,-0.0
2023-07-31,-0.0,-0.0008018437538594654,0.0,0.0,0.0,0.0,0.0,-0.0,0.00016929411936249115,0.0,-0.0,0.0,0.0,-0.0,-0.0016540603681729344,-0.0,0.0008249012930040161,-0.0,0.0,-0.0,-0.0
2023-08-01,-0.0,-0.0004798397307317286,-0.0,-0.0,-0.0,0.0,-0.0,0.0,-0.0006483758917432583,-0.0,0.0,-0.0,-0.0,0.0,-0.00033085845243321655,0.0,-5.2221550956278315e-05,-0.0,-0.0,0.0,-0.0
2023-08-02,-0.0,-0.0014328641203541273,-0.0,-0.0,-0.0,0.0,-0.0,-0.0,-1.7097215285810655e-05,-0.0,-0.0,-0.0,0.0,-0.0,0.0005442085685330335,-0.0,-0.00038484044323704457,0.0,-0.0,-0.0,-0.0
2023-08-03,0.0,-0.00030634405115634707,0.0,0.0,0.0,0.0,0.0,0.0,0.00039785130480965306,0.0,-0.0,0.0,-0.0,0.0,0.0007717278709396253,0.0,-0.00045182909593998913,-0.0,-0.0,0.0,0.0
2023-08-04,0.0,0.0010877705213892498,0.0,-0.0,0.0,0.0,0.0,0.0,-0.00034189865341929587,0.0,0.0,0.0,0.0,0.0,0.001546814607329965,0.0,0.0005297922131005408,0.0,0.0,-0.0,0.0
2023-08-07,0.0,0.0002734129342659741,-0.0,0.0,0.0,-0.0,0.0,0.0,0.00047270983125959363,-0.0,0.0,0.0,0.0,0.0,0.00025178091628349467,0.0,-0.0005947162520069896,-0.0,-0.0,0.0,0.0
2023-08-08,0.0,0.0013209647422686194,0.0,0.0,-0.0,0.0,0.0,0.0,-0.0002658443992210644,0.0,-0.0,-0.0,-0.0,0.0,0.0015471031994133417,0.0,-0.00011795199082989984,-0.0,-0.0,-0.0,0.0
2023-08-09,0.0,0.00023221248946480777,-0.0,-0.0,0.0,-0.0,0.0,-0.0,0.0007281808731496333,0.0,0.0,0.0,0.0,0.0,-0.001083947250595854,0.0,-4.527598880723438e-05,0.0,0.0,0.0,0.0
2023-08-10,-0.0,-0.00025100889691466276,-0.0,0.0,0.0,0.0,-0.0,-0.0,0.00038912384507328577,-0.0,-0.0,0.0,-0.0,0.0,-0.0006995988057286535,0.0,5.056413779011411e-05,0.0,-0.0,-0.0,-0.0
2023-08-11,0.0,0.0017164837720495864,0.0,0.0,0.0,0.0,0.0,0.0,0.001625513158097837,0.0,0.0,0.0,0.0,0.0,0.0004396630405385805,0.0,0.0008280968501418304,0.0,0.0,0.0,0.0
2023-08-14,-0.0,-0.0027864737370512753,-0.0,-0.0,-0.0,-0.0,-0.0,-0.0,-0.0020543693912507,-0.0,-0.0,-0.0,0.0,-0.0,-0.0002821489159324555,-0.0,-0.0010859065439762167,-0.0,0.0,-0.0,-0.0
2023-08-15,0.0,0.0008565490151012348,0.0,0.0,0.0,0.0,-0.0,0.0,4.1564012807969865e-05,0.0,0.0,-0.0,0.0,0.0,-5.627735245624717e-05,0.0,7.791995221883174e-05,0.0,-0.0,0.0,0.0
2023-08-16,0.0,0.0007448608902422078,0.0,0.0,0.0,0.0,0.0,0.0,0.00033298908545105244,-0.0,0.0,0.0,0.0,0.0,0.001598642745494943,0.0,0.0005933436431108135,0.0,0.0,0.0,0.0
2023-08-17,-0.0,0.0005779274411991539,-0.0,0.0,-0.0,-0.0,-0.0,-0.0,-0.0010305590344350916,0.0,-0.0,-0.0,-0.0,-0.0,9.373367969877517e-05,-0.0,-0.0003123795052604501,-0.0,-0.0,-0.0,-0.0
2023-08-18,0.0,0.0019615333051705777,0.0,0.0,0.0,0.0,0.0,0.0,0.0008759491732194397,0.0,0.0,0.0,0.0,0.0,0.0015206514400741404,0.0,0.0010003277906050956,0.0,0.0,0.0,0.0
2023-08-21,0.0,-0.0002319838644086678,0.0,0.0,0.0,0.0,0.0,0.0,0.0012157007700892685,0.0,0.0,0.0,-0.0,-0.0,0.0005931417187397219,-0.0,0.00034486702464008723,0.0,-0.0,-0.0,0.0
2023-08-22,0.0,0.001457958216157563,0.0,0.0,0.0,0.0,0.0,0.0,0.0010540997049220391,0.0,-0.0,-0.0,0.0,0.0,-0.00011268644318330699,0.0,0.0006635425207479063,-0.0,0.0,0.0,0.0
2023-08-23,-0.0,-0.00016299661080778916,-0.0,0.0,-0.0,-0.0,-0.0,-0.0,-0.0002752866834223631,-0.0,-0.0,-0.0,-0.0,-0.0,0.0005483713341505757,0.0,0.0007230912492961699,0.0,0.0,-0.0,0.0
2023-08-24,0.0,-0.0007687379651251071,-0.0,-0.0,0.0,0.0,-0.0,-0.0,0.0003073781161833795,0.0,-0.0,0.0,0.0,0.0,-0.00041413685278373215,0.0,0.0004105211319791009,0.0,-0.0,0.0,-0.0
2023-08-25,-0.0,3.2004419005605725e-05,0.0,-0.0,-0.0,-0.0,-0.0,0.0,0.00012559660305515319,0.0,-0.0,0.0,-0.0,-0.0,0.0005279591921057411,-0.0,-0.001018132329523524,0.0,-0.0,0.0,-0.0
2023-08-28,0.0,8.955649468408648e-05,0.0,0.0,0.0,0.0,0.0,0.0,0.00021016041418688055,-0.0,-0.0,-0.0,0.0,-0.0,0.0014251052373490077,0.0,0.0007631490137613536,0.0,0.0,-0.0,0.0
2023-08-29,-0.0,0.0019182944736210038,0.0,-0.0,0.0,0.0,0.0,0.0,0.0016289709041744061,-0.0,0.0,0.0,0.0,-0.0,0.0006943758264802673,0.0,0.001754303965945488,0.0,0.0,0.0,0.0
2023-08-30,0.0,0.00036366381596432943,-0.0,0.0,0.0,0.0,0.0,-0.0,-0.00036101650690085346,0.0,-0.0,0.0,0.0,0.0,0.0011833874302968413,0.0,0.0006135404954715365,0.0,-0.0,0.0,0.0
2023-08-31,-0.0,-0.0003699743927148806,-0.0,0.0,-0.0,-0.0,0.0,-0.0,-0.0004738390737552949,-0.0,-0.0,-0.0,-0.0,-0.0,-0.0003186963025860367,-0.0,-0.0022259618549879522,0.0,-0.0,0.0,-0.0
2023-09-01,0.0,0.0011458881214540873,-0.0,0.0,0.0,-0.0,-0.0,0.0,-0.00026926752725317147,0.0,-0.0,-0.0,0.0,-0.0,0.0010368296720379363,0.0,0.0006560856998734504,0.0,0.0,0.0,0.0
2023-09-05,0.0,0.0012913545506459958,0.0,-0.0,0.0,0.0,-0.0,0.0,-0.0001757062003694854,0.0,-0.0,0.0,-0.0,0.0,-0.00032780211299440206,0.0,0.00149478258492759,0.0,0.0,0.0,0.0
2023-09-06,0.0,0.0009354508175424599,0.0,-0.0,0.0,0.0,0.0,0.0,-0.0005731069316107484,0.0,0.0,0.0,-0.0,-0.0,-3.213353641073426e-05,0.0,6.387422047111022e-05,0.0,0.0,0.0,0.0
2023-09-07,0.0,0.0014494095662819786,-0.0,-0.0,0.0,0.0,0.0,-0.0,-0.0002594596629397107,0.0,0.0,0.0,-0.0,0.0,1.0879618311097715e-05,0.0,0.002489732171078616,0.0,0.0,-0.0,0.0
2023-09-08,-0.0,0.0002934752620813292,-0.0,-0.0,0.0,0.0,-0.0,0.0,-8.16893135014369e-05,-0.0,0.0,-0.0,0.0,0.0,0.0008636635180507086,-0.0,-0.001724025183421597,0.0,0.0,-0.0,-0.0
2023-09-11,-0.0,-0.00040566248923167817,-0.0,-0.0,-0.0,0.0,-0.0,-0.0,-0.000709528573445165,-0.0,0.0,-0.0,-0.0,0.0,-0.0006837980261903515,-0.0,-0.0004145103617595591,-0.0,-0.0,-0.0,-0.0
2023-09-12,-0.0,0.00040430064811796106,-0.0,-0.0,-0.0,-0.0,-0.0,-0.0,-0.0006503194897759504,-0.0,-0.0,0.0,-0.0,-0.0,3.521977975602227e-05,-0.0,3.115798393014606e-05,-0.0,-0.0,-0.0,-0.0
2023-09-13,-0.0,-0.0010041741734647933,-0.0,-0.0,-0.0,-0.0,-0.0,-0.0,-0.0010837680556298444,-0.0,0.0,-0.0,-0.0,-0.0,-0.0008832421994940319,-0.0,-0.0007974380854701156,-0.0,-0.0,-0.0,-0.0
2023-09-14,-0.0,0.0001714833632524921,-0.0,-0.0,0.0,0.0,0.0,0.0,0.001335647344079866,0.0,-0.0,-0.0,0.0,0.0,-3.50986038489152e-05,0.0,0.0002539547685308293,0.0,0.0,0.0,0.0
2023-09-15,-0.0,0.001204045174826288,0.0,-0.0,-0.0,-0.0,0.0,-0.0,-0.000812829580994276,-0.0,-0.0,0.0,0.0,-0.0,-0.0009837745713419765,0.0,-0.0007739578833235829,0.0,0.0,0.0,-0.0
2023-09-18,0.0,0.0009386318078224745,0.0,0.0,-0.0,0.0,-0.0,-0.0,-0.0010733935190881667,0.0,0.0,-0.0,-0.0,-0.0,-0.0014706662296188767,-0.0,-0.0006426007901152119,-0.0,-0.0,-0.0,-0.0
2023-09-19,-0.0,-0.001741661918304757,-0.0,-0.0,-0.0,-0.0,-0.0,-0.0,-0.002149848488255735,-0.0,-0.0,-0.0,-0.0,-0.0,-0.0017511946293795758,-0.0,-0.0012456503208519815,-0.0,-0.0,-0.0,-0.0
2023-09-20,-0.0,-0.0010508298778243406,-0.0,-0.0,0.0,-0.0,-0.0,-0.0,-0.0006986765262787406,-0.0,-0.0,-0.0,-0.0,-0.0,-0.0007776298860245864,-0.0,-0.0021599710891474543,-0.0,-0.0,0.0,-0.0
2023-09-21,-0.0,0.0017279942812221715,0.0,-0.0,-0.0,0.0,0.0,0.0,0.0009423316055869499,0.0,0.0,0.0,0.0,0.0,8.975916017751442e-05,-0.0,0.0012457741791263594,0.0,0.0,0.0,0.0
2023-09-22,0.0,0.00020903409811325347,0.0,0.0,-0.0,0.0,-0.0,0.0,6.770890421933402e-05,-0.0,-0.0,-0.0,-0.0,0.0,-0.00017952482260635353,-0.0,-0.0004362093467881749,-0.0,0.0,-0.0,-0.0
2023-09-25,0.0,0.0004571605903762977,-0.0,0.0,0.0,0.0,-0.0,0.0,0.000830305897472244,-0.0,0.0,0.0,0.0,0.0,0.001572869747107224,0.0,0.0005894012780971918,-0.0,0.0,0.0,0.0
2023-09-26,-0.0,-0.0010491397684335563,0.0,-0.0,0.0,-0.0,-0.0,-0.0,-0.0008063759912395416,-0.0,0.0,-0.0,-0.0,-0.0,0.0003343400060832695,0.0,-0.00017342793534741438,-0.0,-0.0,-0.0,-0.0
2023-09-27,0.0,0.0010978310021838504,0.0,0.0,0.0,0.0,0.0,0.0,0.000511224602863386,0.0,0.0,0.0,0.0,0.0,0.0008457580456312495,0.0,0.003380623138672269,-0.0,0.0,-0.0,0.0
2023-09-28,-0.0,-8.979186602162076e-05,0.0,-0.0,-0.0,-0.0,-0.0,0.0,0.0010179783872919282,0.0,0.0,-0.0,-0.0,0.0,1.3109600566440096e-05,-0.0,0.0009218985807225876,-0.0,0.0,0.0,-0.0
2023-09-29,0.0,-0.000306478178517962,0.0,0.0,0.0,-0.0,-0.0,-0.0,-0.0016994457631453134,-0.0,-0.0,-0.0,0.0,0.0,0.0006423312602604882,-0.0,-0.0006827100256441845,0.0,-0.0,-0.0,0.0
2023-10-02,0.0,0.0014709782399487607,0.0,0.0,0.0,0.0,0.0,0.0,0.0012779191723782694,0.0,0.0,0.0,0.0,0.0,0.0014906724748951574,0.0,0.0028736779054396202,0.0,0.0,0.0,0.0
2023-10-03,0.0,0.0010455032882777937,-0.0,0.0,0.0,0.0,0.0,0.0,0.0011607113174758156,0.0,-0.0,0.0,0.0,0.0,0.0013521868714919006,0.0,-0.0010396255071832173,0.0,0.0,0.0,0.0
2023-10-04,0.0,-0.00042730944364399845,0.0,-0.0,-0.0,-0.0,-0.0,0.0,0.0011608310272805359,-0.0,-0.0,-0.0,-0.0,0.0,7.465753640660411e-05,-0.0,-0.00046571677556748233,-0.0,-0.0,-0.0,-0.0
2023-10-05,-0.0,0.00031200078009606413,-0.0,-0.0,-0.0,-0.0,-0.0,0.0,-0.0015142630446006776,-0.0,-0.0,-0.0,-0.0,-0.0,-0.0002163047392137055,-0.0,-0.00019660259173236004,0.0,-0.0,-0.0,-0.0
2023-10-06,-0.0,0.0007362554048276437,-0.0,-0.0,-0.0,0.0,0.0,0.0,-0.000469073376616075,-0.0,0.0,-0.0,0.0,0.0,-0.0005926183543183786,-0.0,-0.0003913292348287994,-0.0,-0.0,0.0,-0.0
2023-10-09,-0.0,0.0009907061698069914,-0.0,0.0,-0.0,0.0,0.0,0.0,-0.0006561396651599069,0.0,-0.0,0.0,0.0,0.0,0.0005859334801720197,0.0,0.0004826837393343971,-0.0,-0.0,0.0,0.0
2023-10-10,-0.0,-0.00024774959432273216,-0.0,0.0,0.0,0.0,-0.0,-0.0,-0.0013005241764756763,0.0,0.0,-0.0,0.0,-0.0,-0.0016150402667548748,0.0,-0.0001635501127731612,-0.0,-0.0,0.0,-0.0
2023-10-11,0.0,0.0003263668982195098,0.0,-0.0,0.0,0.0,0.0,0.0,-0.0003487480255650584,0.0,-0.0,0.0,-0.0,-0.0,7.444551599357612e-06,0.0,0.0006772099903488307,-0.0,0.0,-0.0,-0.0
2023-10-12,0.0,0.000911632898792889,0.0,0.0,0.0,-0.0,0.0,0.0,0.00138841597695904,0.0,0.0,0.0,0.0,0.0,-0.0005799537443367801,-0.0,0.0004894723534413628,0.0,0.0,0.0,0.0
2023-10-13,0.0,-0.0009505848914170682,0.0,-0.0,-0.0,0.0,-0.0,0.0,0.0007849523479387868,0.0,0.0,0.0,-0.0,-0.0,0.00016353538998263752,0.0,-0.00013338869338379465,0.0,-0.0,0.0,-0.0
2023-10-16,-0.0,0.0018144498681232195,0.0,0.0,0.0,0.0,0.0,0.0,0.0009265973321845967,0.0,0.0,0.0,0.0,0.0,0.000639970134445962,0.0,0.0025160753149127686,0.0,0.0,0.0,0.0
2023-10-17,0.0,0.00016976183406910164,-0.0,0.0,-0.0,0.0,-0.0,0.0,0.0005300139750018942,-0.0,0.0,0.0,0.0,-0.0,0.0009799339005733332,-0.0,0.0007467181577488188,0.0,0.0,0.0,0.0
2023-10-18,0.0,0.0029297366361413753,0.0,0.0,0.0,0.0,0.0,0.0,0.0008778837678184788,0.0,0.0,0.0,0.0,0.0,0.0011039986904400978,0.0,0.0009051238036155812,0.0,0.0,0.0,0.0
2023-10-19,-0.0,0.0013044403599693746,-0.0,-0.0,-0.0,0.0,-0.0,0.0,0.0006060804718596338,-0.0,0.0,0.0,0.0,0.0,0.00024567731170936695,-0.0,0.0005512698278080955,0.0,-0.0,0.0,0.0
2023-10-20,0.0,0.001120970533075091,0.0,0.0,0.0,-0.0,0.0,-0.0,0.0013756986124546298,0.0,-0.0,0.0,0.0,0.0,0.0008697542911059282,0.0,0.0019002760464334899,0.0,-0.0,0.0,0.0
2023-10-23,0.0,-0.00023756432811752477,0.0,0.0,0.0,-0.0,-0.0,0.0,-0.0005426607526151192,-0.0,-0.0,0.0,-0.0,-0.0,-0.0009735691773163894,0.0,-0.0014120589321458656,-0.0,0.0,-0.0,-0.0
2023-10-24,-0.0,-0.0003800577688686696,0.0,-0.0,-0.0,-0.0,-0.0,0.0,0.00029179972553846885,0.0,-0.0,-0.0,-0.0,-0.0,0.00035086314926983177,-0.0,-0.0012583185818735763,-0.0,0.0,0.0,-0.0
2023-10-25,-0.0,-0.0004667767658655304,0.0,0.0,0.0,0.0,0.0,-0.0,-0.0005946839273554212,-0.0,0.0,0.0,0.0,0.0,0.0007901851612588159,0.0,-0.00013595558771023169,0.0,0.0,0.0,0.0
2023-10-26,0.0,-0.0006987220203553289,0.0,-0.0,-0.0,0.0,0.0,0.0,0.001041761973989923,0.0,0.0,-0.0,0.0,0.0,0.00021444410687620916,0.0,0.0007243356303907694,-0.0,0.0,0.0,0.0
2023-10-27,-0.0,-0.0006131874054575912,0.0,0.0,-0.0,-0.0,-0.0,0.0,0.0007768905312389632,-0.0,-0.0,-0.0,-0.0,0.0,-0.0006840984530804175,-0.0,0.0007232866903383512,-0.0,0.0,0.0,0.0
2023-10-30,-0.0,-0.0007841591004524144,-0.0,-0.0,-0.0,-0.0,-0.0,-0.0,-6.075173048342132e-05,-0.0,-0.0,-0.0,-0.0,-0.0,-0.0009779440400836566,-0.0,-0.0012757120823300022,-0.0,-0.0,0.0,-0.0
2023-10-31,0.0,-0.002337286864910666,-0.0,-0.0,-0.0,-0.0,-0.0,-0.0,-0.0016391882750828885,-0.0,-0.0,-0.0,-0.0,-0.0,-0.0008266874973423725,-0.0,-0.0014312930578564574,-0.0,-0.0,-0.0,-0.0
2023-11-01,-0.0,-0.0012088823230301787,-0.0,-0.0,-0.0,-0.0,-0.0,-0.0,-0.0009579236586452787,-0.0,-0.0,-0.0,-0.0,0.0,-0.0015449838791286798,-0.0,-0.0017184251882667576,-0.0,-0.0,-0.0,-0.0
2023-11-02,-0.0,-0.0011526975064331427,-0.0,-0.0,-0.0,-0.0,0.0,-0.0,-0.0007678457920899386,-0.0,-0.0,-0.0,-0.0,-0.0,-0.0012991709648495278,-0.0,-0.0016389521477851113,-0.0,-0.0,-0.0,-0.0
2023-11-03,0.0,-7.845750628559629e-05,-0.0,-0.0,-0.0,-0.0,0.0,0.0,0.000380866236000646,0.0,-0.0,-0.0,0.0,-0.0,-0.00033947819482472617,0.0,-0.0003827266960615013,0.0,-0.0,-0.0,0.0
2023-11-06,0.0,0.00017606468469884919,0.0,-0.0,0.0,0.0,0.0,0.0,0.0007226447957553,0.0,-0.0,0.0,0.0,0.0,0.0004933895588779445,-0.0,-0.0008607847238864099,-0.0,0.0,0.0,0.0
2023-11-07,0.0,-0.00023469474935615728,-0.0,-0.0,0.0,-0.0,-0.0,-0.0,0.0010115315150256072,-0.0,0.0,-0.0,-0.0,0.0,-0.00013209664386546274,-0.0,-0.0003805317683388268,0.0,0.0,-0.0,0.0
2023-11-08,-0.0,-4.8196096790794974e-05,-0.0,0.0,0.0,-0.0,-0.0,-0.0,-0.0022010600521730843,-0.0,-0.0,-0.0,-0.0,-0.0,-0.0009060530715895395,-0.0,-0.0019338951462222105,-0.0,-0.0,-0.0,-0.0
2023-11-09,0.0,0.00036575946155117,-0.0,-0.0,0.0,0.0,-0.0,0.0,-0.0002647702989505389,-0.0,-0.0,-0.0,0.0,-0.0,-7.353481363851736e-05,0.0,-0.0002020498467323335,0.0,-0.0,-0.0,-0.0
2023-11-10,0.0,-0.00047286601535153505,-0.0,0.0,-0.0,0.0,0.0,0.0,-0.001260269151471099,-0.0,0.0,0.0,0.0,-0.0,0.0001981838038003628,-0.0,0.0010586611244830539,-0.0,-0.0,-0.0,-0.0
2023-11-13,0.0,0.0011315523132563459,0.0,0.0,0.0,0.0,0.0,0.0,0.001597129820154869,0.0,0.0,0.0,0.0,0.0,0.001344225923794292,0.0,6.654021344383677e-05,0.0,0.0,0.0,0.0
2023-11-14,-0.0,-0.0008276971264406746,-0.0,-0.0,0.0,-0.0,-0.0,0.0,-0.00041653312687837355,-0.0,-0.0,0.0,-0.0,-0.0,-0.0009408372376385796,-0.0,-9.22197382108927e-05,-0.0,-0.0,-0.0,-0.0
2023-11-15,-0.0,-0.0007435194440025418,0.0,-0.0,-0.0,0.0,0.0,-0.0,0.002127953801584169,0.0,-0.0,0.0,-0.0,0.0,0.0002680786842077331,-0.0,0.0009250464470128768,-0.0,-0.0,-0.0,-0.0
2023-11-16,0.0,0.00042178700703980376,0.0,0.0,0.0,0.0,0.0,0.0,0.001709520075170737,0.0,0.0,0.0,0.0,0.0,-0.0009472042235131153,0.0,0.0015939806711505352,0.0,0.0,0.0,0.0
2023-11-17,-0.0,0.0009585759886303467,0.0,0.0,-0.0,0.0,-0.0,0.0,0.000508906982616508,-0.0,-0.0,0.0,-0.0,0.0,1.11064159939374e-05,-0.0,0.0004943567026112972,0.0,0.0,-0.0,0.0
2023-11-20,0.0,3.197755762305726e-05,0.0,-0.0,-0.0,0.0,0.0,0.0,0.0005206756755840114,0.0,0.0,0.0,0.0,-0.0,-7.187341871163826e-05,-0.0,0.001230091223839736,-0.0,0.0,-0.0,0.0
2023-11-21,0.0,-0.0006878920661444588,-0.0,0.0,-0.0,-0.0,0.0,0.0,-0.00015221260327502665,-0.0,0.0,-0.0,0.0,-0.0,0.00015433719208229362,0.0,0.0005166767392531624,-0.0,0.0,-0.0,0.0
2023-11-22,0.0,0.00016307241381714467,-0.0,0.0,0.0,0.0,-0.0,0.0,0.00029646685484383635,0.0,0.0,0.0,-0.0,-0.0,-0.00024307406064611416,0.0,0.000976029652006498,0.0,0.0,-0.0,0.0
2023-11-24,0.0,0.0005224102554003982,-0.0,0.0,-0.0,0.0,-0.0,0.0,0.0006624291248124669,0.0,-0.0,0.0,0.0,0.0,0.0008082132352268517,0.0,0.0005353396729879672,0.0,-0.0,0.0,0.0
2023-11-27,0.0,-0.0018074161859077495,-0.0,0.0,-0.0,0.0,-0.0,-0.0,-0.0018910797811827814,-0.0,-0.0,-0.0,-0.0,-0.0,6.356634905288865e-05,-0.0,-0.0012024626605693731,-0.0,0.0,-0.0,-0.0
2023-11-28,0.0,0.000463138235402056,0.0,0.0,0.0,0.0,0.0,-0.0,0.0006568016984911458,-0.0,0.0,-0.0,0.0,0.0,-0.0004593709559019823,0.0,0.0013267915863917996,0.0,-0.0,0.0,0.0
2023-11-29,-0.0,-0.00014784112757121345,-0.0,-0.0,-0.0,-0.0,-0.0,-0.0,-0.0007087786615395103,-0.0,-0.0,-0.0,0.0,-0.0,-0.0005886872320515827,-0.0,0.001088443222469816,-0.0,-0.0,-0.0,-0.0
2023-11-30,0.0,0.000499673106505764,0.0,-0.0,0.0,-0.0,0.0,0.0,0.0014562797859962646,0.0,0.0,0.0,0.0,-0.0,-0.0006828979364460085,-0.0,-4.5223715637035454e-05,0.0,0.0,0.0,0.0
2023-12-01,-0.0,0.001643149338742941,-0.0,-0.0,-0.0,-0.0,0.0,0.0,1.9111125387565704e-05,-0.0,0.0,0.0,-0.0,0.0,0.00043048656951137946,0.0,0.0001299834063738858,0.0,-0.0,0.0,0.0
2023-12-04,0.0,0.0005411525082309465,-0.0,-0.0,0.0,-0.0,0.0,-0.0,-0.0008705058770682506,0.0,-0.0,-0.0,-0.0,-0.0,-0.0006612022891304693,-0.0,-0.00025622443425346033,-0.0,-0.0,-0.0,-0.0
2023-12-05,0.0,0.001018797013278667,-0.0,-0.0,0.0,-0.0,0.0,0.0,0.00018438145892623906,-0.0,-0.0,0.0,0.0,0.0,-0.0005621186614982915,0.0,-0.0010291650642913184,-0.0,-0.0,-0.0,-0.0
2023-12-06,-0.0,0.0016499151001099922,0.0,-0.0,0.0,0.0,0.0,-0.0,-0.00028458043947240285,0.0,-0.0,-0.0,0.0,-0.0,-0.0015191466556604472,-0.0,-0.0009214511630590557,0.0,-0.0,0.0,-0.0
2023-12-07,-0.0,-6.099820113356292e-05,-0.0,0.0,-0.0,-0.0,-0.0,-0.0,-0.0006762949147965861,-0.0,-0.0,-0.0,-0.0,-0.0,-0.0006379887327436714,-0.0,-0.0003691891567229751,-0.0,-0.0,-0.0,-0.0
2023-12-08,0.0,-7.602091924115614e-05,-0.0,0.0,0.0,-0.0,0.0,-0.0,-0.001069762751055873,0.0,0.0,0.0,-0.0,0.0,-0.0009687412411328094,-0.0,-0.00024783188048169266,-0.0,-0.0,-0.0,-0.0
2023-12-11,-0.0,7.667371246930727e-05,0.0,-0.0,0.0,-0.0,-0.0,0.0,-0.0007022937070013047,-0.0,-0.0,-0.0,-0.0,-0.0,-0.001585553502643583,-0.0,-0.0005831953203678885,-0.0,0.0,-0.0,-0.0
2023-12-12,0.0,-0.00020849253885366986,-0.0,-0.0,0.0,-0.0,0.0,0.0,-0.00020886996177531242,0.0,-0.0,0.0,0.0,0.0,0.0003053518175476229,-0.0,0.00020465660163014417,-0.0,-0.0,0.0,0.0
2023-12-13,-0.0,-0.0005800731063467957,-0.0,-0.0,0.0,-0.0,-0.0,0.0,-0.0007639540565269935,-0.0,-0.0,-0.0,0.0,-0.0,4.2807778903839036e-05,-0.0,-0.0006986779481982903,0.0,-0.0,-0.0,-0.0
2023-12-14,-0.0,-4.57720970423041e-05,-0.0,0.0,0.0,-0.0,0.0,0.0,0.0008916478135740709,0.0,-0.0,0.0,-0.0,0.0,0.0006546701603311044,-0.0,-0.0001232817128197011,-0.0,-0.0,0.0,0.0
2023-12-15,-0.0,-0.00038506927278387365,-0.0,-0.0,-0.0,-0.0,0.0,0.0,-0.0010951538029702523,0.0,-0.0,-0.0,-0.0,-0.0,-0.001587491889011736,-0.0,-0.00033617700870672897,-0.0,0.0,-0.0,-0.0
2023-12-18,-0.0,-0.0007883689749627753,-0.0,0.0,-0.0,0.0,0.0,-0.0,-0.00044639468197936547,-0.0,-0.0,-0.0,0.0,-0.0,-0.0003813802055179804,-0.0,-7.433569121373622e-05,-0.0,0.0,-0.0,-0.0
2023-12-19,-0.0,-0.0008423974435539796,-0.0,-0.0,-0.0,-0.0,-0.0,-0.0,3.815944430768245e-05,0.0,-0.0,0.0,-0.0,0.0,0.0001296592673758652,0.0,-0.0009273076116265168,0.0,-0.0,0.0,-0.0
2023-12-20,0.0,0.0010632333794158505,0.0,0.0,0.0,0.0,0.0,0.0,0.0005450448264916678,0.0,0.0,-0.0,0.0,0.0,0.0006232200517436849,0.0,0.0010041094640398005,0.0,0.0,0.0,0.0
2023-12-21,0.0,0.00010180562261658487,-0.0,-0.0,-0.0,-0.0,0.0,0.0,0.0019586207779643456,-0.0,-0.0,0.0,-0.0,0.0,0.000402837160031105,-0.0,-0.0002336467576338748,0.0,0.0,0.0,0.0
2023-12-22,-0.0,-0.001495810985986836,-0.0,0.0,0.0,-0.0,-0.0,0.0,6.521595579245663e-05,0.0,0.0,-0.0,0.0,-0.0,-0.000394888134317875,-0.0,0.00033695085946749005,-0.0,-0.0,-0.0,-0.0
2023-12-26,0.0,-0.0007385494740826902,0.0,-0.0,-0.0,0.0,0.0,-0.0,-0.0005727164899841881,-0.0,-0.0,-0.0,-0.0,0.0,1.9490535571299347e-05,-0.0,0.00025178633737526655,0.0,-0.0,0.0,0.0
2023-12-27,-0.0,-0.001985657515163277,-0.0,-0.0,-0.0,-0.0,-0.0,-0.0,-0.001728071464441685,-0.0,-0.0,-0.0,-0.0,-0.0,-0.0015531770840583083,-0.0,-0.0008699673135697411,-0.0,-0.0,-0.0,-0.0
2023-12-28,-0.0,-0.0006272173403336877,-0.0,-0.0,-0.0,-0.0,-0.0,0.0,-0.0006529375048280816,-0.0,-0.0,0.0,-0.0,-0.0,0.00039085954498808224,0.0,0.00010636294626810257,0.0,-0.0,-0.0,-0.0
2023-12-29,0.0,0.001401250531710502,0.0,0.0,0.0,0.0,0.0,0.0,0.0005330704152532575,0.0,0.0,0.0,0.0,0.0,0.001516836933612134,-0.0,0.0010598790794619584,0.0,0.0,0.0,0.0
2024-01-02,-0.0,0.0002371255205354025,0.0,-0.0,-0.0,-0.0,0.0,-0.0,0.0004454830865799487,0.0,0.0,-0.0,-0.0,0.0,-0.00029120326314510756,0.0,0.00030692287949631735,0.0,-0.0,-0.0,0.0
2024-01-03,0.0,0.0007942269349242582,-0.0,0.0,-0.0,-0.0,0.0,-0.0,-0.0007260252446757101,0.0,0.0,0.0,-0.0,-0.0,0.0005769360661981529,-0.0,0.0006380134957985285,0.0,0.0,0.0,0.0
2024-01-04,0.0,0.0008500290096981614,0.0,0.0,-0.0,0.0,0.0,0.0,8.487741790188722e-05,0.0,-0.0,0.0,0.0,0.0,-0.0006844833811022403,0.0,0.00040384619989147,-0.0,-0.0,0.0,0.0
2024-01-05,-0.0,0.0012806591343604218,-0.0,0.0,0.0,0.0,0.0,0.0,0.0013010298523597594,-0.0,0.0,0.0,0.0,0.0,0.0003910694086721268,0.0,0.0005899783590798734,0.0,0.0,0.0,0.0
2024-01-08,-0.0,-0.0006983359110272084,-0.0,-0.0,-0.0,-0.0,-0.0,0.0,-0.001473557315288315,-0.0,-0.0,-0.0,-0.0,-0.0,-0.0020501854169690365,-0.0,-0.0013703927031412152,-0.0,-0.0,-0.0,-0.0
2024-01-09,0.0,-0.0008023925426943169,-0.0,-0.0,-0.0,-0.0,-0.0,-0.0,-0.00045783411984615205,-0.0,0.0,-0.0,-0.0,0.0,-0.0016934467778316733,-0.0,-0.002210571740951156,-0.0,-0.0,-0.0,-0.0
2024-01-10,0.0,0.0009154267569834305,-0.0,0.0,0.0,0.0,-0.0,-0.0,-0.001041910780036372,0.0,0.0,0.0,0.0,-0.0,-0.0008032090472761311,0.0,0.00014970801524825597,0.0,0.0,0.0,0.0
2024-01-11,-0.0,0.00026126424158488565,-0.0,-0.0,0.0,0.0,-0.0,-0.0,-0.0006381053633258309,-0.0,-0.0,0.0,0.0,-0.0,-0.0008175434520455713,0.0,-0.0012608478538533791,-0.0,-0.0,0.0,-0.0
2024-01-12,-0.0,0.001043529312315743,0.0,0.0,0.0,0.0,-0.0,0.0,0.00012242578761318524,0.0,0.0,0.0,0.0,0.0,0.0011287183686790807,0.0,0.00034129155871465876,0.0,0.0,0.0,0.0
2024-01-16,-0.0,0.0007544547119114452,0.0,0.0,-0.0,0.0,0.0,0.0,4.285500413201515e-05,0.0,-0.0,-0.0,0.0,-0.0,-0.00021335166660738886,-0.0,-0.0007556449553222694,-0.0,0.0,0.0,-0.0
2024-01-17,0.0,-0.0028510284394076117,-0.0,-0.0,-0.0,-0.0,-0.0,-0.0,-0.001757794247995254,-0.0,-0.0,-0.0,-0.0,-0.0,-0.0014283487773102974,-0.0,-0.0015297088098842,-0.0,-0.0,-0.0,-0.0
2024-01-18,-0.0,-0.0009294799725386712,-0.0,-0.0,-0.0,-0.0,-0.0,-0.0,0.0007250705315445593,-0.0,-0.0,-0.0,-0.0,0.0,-0.0007857652111810596,-0.0,-0.0011155354696911794,0.0,-0.0,-0.0,-0.0
2024-01-19,-0.0,-0.0017822187165205472,0.0,-0.0,-0.0,-0.0,-0.0,-0.0,-0.0026156874745288084,-0.0,-0.0,-0.0,-0.0,-0.0,-0.0028237904842087005,-0.0,-0.0011347352904943673,-0.0,-0.0,-0.0,-0.0
2024-01-22,0.0,0.0006951376054062203,0.0,-0.0,0.0,-0.0,-0.0,0.0,0.0006467807809459959,-0.0,-0.0,-0.0,-0.0,-0.0,0.00026028532178510254,-0.0,0.00010676416406322992,0.0,0.0,0.0,-0.0
2024-01-23,0.0,0.0010232079719968608,-0.0,0.0,0.0,0.0,-0.0,0.0,0.0005009899332305933,-0.0,-0.0,-0.0,-0.0,0.0,-0.0015544418195699797,-0.0,-1.6460386955541386e-05,0.0,-0.0,-0.0,-0.0
2024-01-24,-0.0,-0.001277627013120593,-0.0,0.0,-0.0,-0.0,-0.0,0.0,-9.975785500605851e-06,-0.0,0.0,0.0,-0.0,0.0,-0.0006617609985450307,0.0,0.000588398512488516,0.0,-0.0,-0.0,-0.0
2024-01-25,0.0,0.0016297704098330059,0.0,0.0,0.0,0.0,0.0,0.0,0.0006332514557076584,0.0,-0.0,-0.0,0.0,0.0,0.0005095828525028912,0.0,0.0026374273899240374,0.0,0.0,0.0,0.0
2024-01-26,0.0,-0.00014218108952666035,0.0,-0.0,0.0,0.0,-0.0,-0.0,0.0019230529391718989,0.0,-0.0,0.0,0.0,0.0,0.0009051417941642331,0.0,0.0010142724265968619,0.0,0.0,0.0,0.0
2024-01-29,0.0,-0.0009037025850246865,-0.0,0.0,-0.0,-0.0,-0.0,0.0,0.0016229615399975823,0.0,-0.0,0.0,0.0,0.0,7.550913019809815e-05,0.0,0.0005422954838162391,-0.0,-0.0,0.0,-0.0
2024-01-30,-0.0,-0.001365339213232729,-0.0,-0.0,-0.0,-0.0,-0.0,-0.0,-0.0013321947113695033,-0.0,-0.0,-0.0,-0.0,-0.0,-0.001117383455096534,-0.0,-0.0009776124761706822,-0.0,-0.0,-0.0,-0.0
2024-01-31,0.0,0.00013387626390519978,0.0,-0.0,-0.0,-0.0,-0.0,0.0,0.000463385470572226,0.0,0.0,-0.0,-0.0,0.0,0.0012517049604974305,0.0,0.0007965604261458369,0.0,0.0,-0.0,0.0
2024-02-01,0.0,-0.0007709358846208357,-0.0,-0.0,0.0,0.0,-0.0,-0.0,-6.485758434172206e-05,0.0,-0.0,-0.0,0.0,0.0,0.001592441408140119,0.0,-0.0008066347188708208,0.0,0.0,0.0,0.0
2024-02-02,0.0,0.0006386738607326861,-0.0,-0.0,-0.0,0.0,0.0,-0.0,-0.0006347418992593946,0.0,-0.0,-0.0,-0.0,-0.0,0.00018869768011966497,0.0,-0.0017094635741499058,-0.0,-0.0,0.0,0.0
2024-02-05,0.0,0.001043908604237112,0.0,0.0,-0.0,0.0,0.0,0.0,0.0008800293752389402,0.0,-0.0,0.0,0.0,0.0,0.0004917392726570877,-0.0,-0.0009053366073955841,0.0,-0.0,-0.0,0.0
2024-02-06,-0.0,9.764042675252272e-05,-0.0,-0.0,-0.0,-0.0,0.0,0.0,-0.0004682115895422742,0.0,-0.0,-0.0,0.0,-0.0,-0.000758742427262016,-0.0,-0.0010508258050526366,-0.0,-0.0,-0.0,-0.0
2024-02-07,0.0,0.0008486398706538371,0.0,0.0,0.0,0.0,0.0,-0.0,8.247672360568442e-06,0.0,0.0,0.0,0.0,0.0,0.0007087855791972116,0.0,0.0020199678015997186,0.0,0.0,0.0,0.0
2024-02-08,0.0,-0.000568255827705925,0.0,-0.0,-0.0,-0.0,-0.0,-0.0,-0.0002068424499635938,-0.0,-0.0,-0.0,-0.0,0.0,-0.0002649675669321517,-0.0,-0.0003418156298536648,-0.0,-0.0,0.0,-0.0
2024-02-09,0.0,0.00041716946313013424,0.0,0.0,-0.0,0.0,0.0,-0.0,0.0006256010288906263,-0.0,0.0,-0.0,0.0,-0.0,0.0013249280377434546,0.0,0.00015348440311784017,0.0,0.0,0.0,0.0
2024-02-12,-0.0,0.00025265798102528454,-0.0,-0.0,-0.0,-0.0,0.0,-0.0,-0.0013546076343260815,-0.0,0.0,-0.0,-0.0,-0.0,-0.002715870220858088,-0.0,-0.0005246350946540472,-0.0,-0.0,-0.0,-0.0
2024-02-13,-0.0,-0.0025671290048848365,-0.0,0.0,0.0,-0.0,-0.0,-0.0,-0.000967491648066925,-0.0,-0.0,-0.0,-0.0,-0.0,-0.0006238389792385266,0.0,-0.0002575138655147967,0.0,-0.0,-0.0,-0.0
2024-02-14,0.0,0.00019131027636732942,0.0,0.0,-0.0,0.0,0.0,0.0,0.001138884373799123,0.0,0.0,0.0,0.0,0.0,0.0018818931447720847,0.0,-8.715400641220474e-05,0.0,0.0,0.0,0.0
2024-02-15,-0.0,-0.0001326073144718261,-0.0,-0.0,-0.0,-0.0,-0.0,0.0,0.0009838901112437398,-0.0,0.0,-0.0,0.0,0.0,0.00014034844907772565,-0.0,0.00018799436149745193,0.0,-0.0,-0.0,-0.0
2024-02-16,0.0,-0.0002802103383988292,0.0,0.0,0.0,0.0,0.0,0.0,0.0007611544658772122,0.0,-0.0,0.0,-0.0,0.0,0.0007747422470302956,0.0,0.0010387199978283432,0.0,0.0,-0.0,0.0
2024-02-20,-0.0,-3.759501688568974e-05,-0.0,-0.0,0.0,0.0,0.0,0.0,0.0006944785740685558,0.0,0.0,-0.0,0.0,0.0,-0.0009881128354827591,-0.0,0.0015892971369713435,0.0,0.0,-0.0,0.0
2024-02-21,0.0,-0.00013618264400616856,0.0,-0.0,-0.0,0.0,0.0,-0.0,-0.000638914618844799,0.0,0.0,0.0,0.0,0.0,0.0004431138416838149,0.0,-0.00010390030827508975,0.0,-0.0,0.0,-0.0
2024-02-22,0.0,0.00031278752324148716,0.0,0.0,0.0,0.0,0.0,0.0,0.00048760268239317534,0.0,0.0,0.0,0.0,0.0,0.0014875257302872887,0.0,0.0019576810229466756,-0.0,-0.0,0.0,0.0
2024-02-23,-0.0,-7.654957314165062e-05,0.0,0.0,0.0,-0.0,0.0,0.0,0.0003058565847528228,0.0,-0.0,-0.0,-0.0,-0.0,1.81994972093599e-05,0.0,-0.00041111590670003025,-0.0,0.0,-0.0,-0.0
2024-02-26,-0.0,-0.000544181561847601,-0.0,-0.0,-0.0,-0.0,-0.0,-0.0,-0.0019583132651642752,-0.0,-0.0,-0.0,-0.0,-0.0,-0.0014680920320751215,-0.0,0.0006483544161529511,-0.0,-0.0,-0.0,-0.0
2024-02-27,-0.0,-0.0006002790856077043,-0.0,-0.0,-0.0,-0.0,-0.0,-0.0,-0.00029263544779705906,0.0,0.0,0.0,-0.0,-0.0,-0.0001298860151871748,-0.0,-0.0008729828308410287,-0.0,0.0,-0.0,-0.0
2024-02-28,-0.0,1.908960716069654e-06,0.0,0.0,0.0,0.0,-0.0,0.0,0.0006601715734999758,0.0,0.0,0.0,0.0,0.0,-0.0004092944003724623,-0.0,0.0007792244206868315,-0.0,-0.0,0.0,0.0
2024-02-29,0.0,0.00011450709556011735,-0.0,-0.0,0.0,0.0,-0.0,0.0,0.00020479843832249415,0.0,0.0,0.0,-0.0,-0.0,-0.0005869728034464804,-0.0,0.0004412816192194016,0.0,0.0,-0.0,0.0
2024-03-01,-0.0,-0.0008622551521046962,-0.0,-0.0,-0.0,-0.0,0.0,-0.0,-0.0006440303341964354,-0.0,-0.0,-0.0,-0.0,-0.0,-0.00030361989732370496,-0.0,0.00018005457157199977,-0.0,-0.0,0.0,-0.0
2024-03-04,-0.0,-0.0016133555066026985,0.0,-0.0,-0.0,0.0,-0.0,-0.0,-0.0003546579174199649,-0.002108363101526001,-0.0,-0.0,-0.0,-0.0,0.0,-0.0,0.0005532377343229201,-0.0,-0.0,-0.0,-0.0
2024-03-05,-0.0,7.724776982400945e-06,-0.0,-0.0,-0.0,0.0,-0.0,-0.0,-0.0007507594167393354,-2.2675009780579692e-05,-0.0,-0.0,-0.0,-0.0,-0.0,-0.0,-0.00105447449632203,-0.0,0.0,-0.0,-0.0
2024-03-06,0.0,-0.0005043689358741695,0.0,-0.0,-0.0,-0.0,-0.0,-0.0,-0.0010130085848164012,-0.0014343085406472308,-0.0,-0.0,-0.0,0.0,-0.0,0.0,-0.00042968751178053944,-0.0,-0.0,-0.0,-0.0
2024-03-07,0.0,0.00012152690712609827,-0.0,-0.0,-0.0,-0.0,0.0,-0.0,-0.0008129303851057062,0.00015391599909628088,-0.0,-0.0,-0.0,-0.0,-0.0,-0.0,0.0007280162337737644,-0.0,-0.0,-0.0,-0.0
2024-03-08,0.0,7.152086318641521e-05,-0.0,-0.0,-0.0,-0.0,-0.0,-0.0,0.0005598574985884634,-0.0007063946124513703,0.0,-0.0,-0.0,-0.0,-0.0,-0.0,-0.000273801916354295,0.0,-0.0,-0.0,-0.0
2024-03-11,-0.0,0.00041714312277901756,-0.0,-0.0,-0.0,-0.0,-0.0,-0.0,0.00031478788815361654,-0.0010877655082304097,-0.0,-0.0,-0.0,-0.0,-0.0,-0.0,0.0001729453182867003,-0.0,-0.0,0.0,-0.0
2024-03-12,0.0,-0.0002635422505363169,0.0,0.0,-0.0,0.0,-0.0,0.0,0.00019850499646446791,0.002232169942259434,-0.0,0.0,0.0,0.0,0.0,0.0,-0.00030854395215731143,-0.0,0.0,0.0,0.0
2024-03-13,0.0,0.00020149590998349407,0.0,0.0,-0.0,0.0,0.0,-0.0,0.0002049691967557385,0.0004404702717155501,0.0,-0.0,-0.0,0.0,0.0,-0.0,0.000291804628424164,0.0,0.0,0.0,0.0
2024-03-14,0.0,-0.0009318156304098136,0.0,0.0,-0.0,-0.0,-0.0,-0.0,-0.00037497852338701324,-0.00021399563896194987,0.0,0.0,-0.0,-0.0,0.0,0.0,-0.0005688786887641413,0.0,-0.0,-0.0,-0.0
2024-03-15,0.0,-0.0006908063591416533,0.0,-0.0,-0.0,-0.0,-0.0,-0.0,-0.0005104609099411315,0.00030841165753869713,-0.0,-0.0,0.0,-0.0,-0.0,0.0,0.0004388405858181655,-0.0,-0.0,-0.0,-0.0
2024-03-18,0.0,0.00094278427091859,-0.0,0.0,0.0,0.0,-0.0,0.0,0.0002853965856277897,0.0006491578284697407,-0.0,0.0,0.0,-0.0,0.0,-0.0,0.0006076819898334409,0.0,0.0,0.0,0.0
2024-03-19,-0.0,0.0005847280021691306,0.0,0.0,-0.0,-0.0,-0.0,-0.0,0.000288636136285352,0.0003464280990780967,0.0,0.0,-0.0,-0.0,0.0,-0.0,0.0004129001971208844,-0.0,-0.0,-0.0,-0.0
2024-03-20,-0.0,-0.001417994754570898,-0.0,-0.0,-0.0,-0.0,-0.0,-0.0,0.0009378212329597611,-0.0015490498927356224,-0.0,-0.0,-0.0,-0.0,-0.0,-0.0,-0.0014055945262623334,-0.0,-0.0,-0.0,-0.0
2024-03-21,-0.0,-0.0008176024061621824,-0.0,0.0,-0.0,-0.0,0.0,-0.0,-0.0010943531409632328,-0.00013762423384811444,-0.0,-0.0,-0.0,-0.0,-0.0,-0.0,-0.000131898018991118,-0.0,-0.0,0.0,-0.0
2024-03-22,-0.0,-0.0003867724061690908,0.0,0.0,-0.0,0.0,0.0,-0.0,0.000109598012755529,-0.0005384268800943319,-0.0,0.0,-0.0,0.0,-0.0,-0.0,-0.0003310079218861822,-0.0,-0.0,-0.0,-0.0
2024-03-25,-0.0,-0.00022377671458709137,-0.0,0.0,0.0,-0.0,-0.0,-0.0,-0.00025908693750717736,-0.0012527075081746578,-0.0,0.0,-0.0,0.0,-0.0,-0.0,-0.0023482372145883835,0.0,-0.0,-0.0,-0.0
2024-03-26,0.0,-0.0010966331394877025,0.0,0.0,-0.0,0.0,0.0,0.0,-0.00012860659931471086,0.00013030499251075184,0.0,0.0,-0.0,0.0,0.0,-0.0,0.00041645980287649065,-0.0,-0.0,0.0,0.0
2024-03-27,-0.0,-0.0006745805822483448,0.0,0.0,0.0,0.0,0.0,0.0,-0.0002966606609578133,-0.000821285717740349,0.0,0.0,0.0,0.0,0.0,-0.0,0.0013018522779132072,0.0,0.0,0.0,0.0
2024-03-28,-0.0,-0.0005105548423826649,-0.0,-0.0,0.0,-0.0,-0.0,-0.0,-0.0006783002680270197,-0.00022291674094934965,-0.0,-0.0,-0.0,-0.0,-0.0,-0.0,0.00022060794722782758,-0.0,0.0,0.0,-0.0
2024-04-01,0.0,-0.0012719324606886898,-0.0,0.0,0.0,-0.0,0.0,-0.0,0.0014841500087565817,-0.00017153693485868528,0.0,0.0,-0.0,-0.0,0.0,-0.0,-1.7187382270815582e-07,0.0,-0.0,0.0,0.0
2024-04-02,-0.0,-0.00042542222964635505,-0.0,0.0,-0.0,-0.0,-0.0,-0.0009825773387128866,0.0,-0.0,-0.0,-0.0006519277364936849,0.0,-0.0,-0.0,-0.0,0.0,0.00020400736274295284,-0.0,-0.0,-0.0
2024-04-03,0.0,0.00031445175747088966,0.0,0.0,0.0,-0.0,0.0,-7.079323831387135e-05,-0.0,0.0,-0.0,-0.0005748176391892852,0.0,0.0,0.0,-0.0,0.0,0.000475791208344914,0.0,0.0,0.0
2024-04-04,0.0,0.0002943961294530086,-0.0,-0.0,-0.0,0.0,-0.0,0.0009575679281969552,-0.0,-0.0,-0.0,0.00011672950001821828,-0.0,0.0,-0.0,0.0,-0.0,0.00026661941660010815,-0.0,0.0,0.0
2024-04-05,0.0,-0.0009044357523585355,-0.0,-0.0,-0.0,-0.0,-0.0,-0.00043403721968864094,-0.0,-0.0,-0.0,-0.001081165588534951,-0.0,-0.0,-0.0,-0.0,-0.0,-0.0009740378122012402,-0.0,-0.0,-0.0
2024-04-08,-0.0,-0.0009488856035851208,-0.0,0.0,-0.0,-0.0,0.0,-0.000604407015520716,-0.0,-0.0,0.0,-0.0007977805449003413,-0.0,0.0,-0.0,-0.0,-0.0,7.528841317162005e-05,-0.0,-0.0,-0.0
2024-04-09,0.0,0.0006113774944966714,0.0,-0.0,-0.0,-0.0,-0.0,-0.0006165488201469298,0.0,-0.0,0.0,-0.00031521304363719526,0.0,-0.0,-0.0,-0.0,-0.0,-0.0003028699542094161,-0.0,0.0,0.0
2024-04-10,0.0,0.0007829083720082394,0.0,0.0,-0.0,0.0,0.0,-0.0001856693920439433,0.0,0.0,0.0,-0.0002837049370138124,-0.0,0.0,0.0,0.0,0.0,-0.00010980430571765744,0.0,0.0,0.0
2024-04-11,-0.0,-0.0016880093961629539,-0.0,-0.0,-0.0,-0.0,-0.0,-0.0010220775422553345,-0.0,-0.0,-0.0,-4.044609226728501e-05,-0.0,-0.0,-0.0,-0.0,-0.0,-0.0022037494349032346,0.0,-0.0,-0.0
2024-04-12,0.0,0.00022852856695570204,0.0,0.0,-0.0,-0.0,0.0,0.0006816743874231053,0.0,0.0,0.0,0.00030522816179527704,0.0,0.0,0.0,-0.0,0.0,-0.0002242108108765825,0.0,-0.0,0.0
2024-04-15,0.0,0.0009380021273255848,0.0,0.0,0.0,0.0,0.0,0.000812472747895455,0.0,0.0,0.0,-0.0003250840442353395,0.0,0.0,0.0,0.0,-0.0,0.00023191281588259442,0.0,-0.0,0.0
2024-04-16,0.0,0.0011280394604020018,-0.0,-0.0,-0.0,-0.0,-0.0,0.0011144551058347458,-0.0,-0.0,0.0,5.071431774033274e-05,-0.0,0.0,0.0,0.0,0.0,-0.0005633375262853326,-0.0,0.0,-0.0
2024-04-17,0.0,0.0008776854017118531,-0.0,0.0,0.0,0.0,0.0,-0.00015960806563001465,-0.0,0.0,0.0,0.0013429685877845658,-0.0,0.0,0.0,0.0,-0.0,-0.0004919729901463537,-0.0,0.0,0.0
2024-04-18,-0.0,0.0004749699390641776,-0.0,0.0,-0.0,-0.0,0.0,-0.0002576510768890554,-0.0,0.0,0.0,0.0002828614550580264,-0.0,0.0,-0.0,-0.0,-0.0,-0.00011764779805912868,-0.0,0.0,-0.0
2024-04-19,0.0,-0.0004941655582205035,0.0,-0.0,-0.0,-0.0,-0.0,-0.001237853267071937,-0.0,-0.0,-0.0,-0.0004131518973639454,-0.0,0.0,0.0,-0.0,-0.0,-0.0006955503217761767,0.0,-0.0,-0.0
2024-04-22,-0.0,-0.0012887175222892969,-0.0,-0.0,-0.0,-0.0,-0.0,-0.0007400625119607974,-0.0,-0.0,-0.0,-0.001223170244128142,-0.0,-0.0,-0.0,-0.0,-0.0,-0.0004944676570742096,-0.0,-0.0,-0.0
2024-04-23,-0.0,-0.0014822686155779464,-0.0,-0.0,-0.0,-0.0,-0.0,-0.0002693139636305592,-0.0,-0.0,-0.0,-0.0019231103541007487,-0.0,-0.0,-0.0,-0.0,-0.0,-0.0007673059561410678,-0.0,-0.0,-0.0
2024-04-24,-0.0,0.00043793026914323765,0.0,0.0,0.0,0.0,0.0,-0.00018782523511740875,0.0,0.0,-0.0,1.811821743450614e-05,0.0,-0.0,0.0,0.0,-0.0,0.0022426189425958825,0.0,0.0,0.0
2024-04-25,0.0,-0.001248987895731777,-0.0,-0.0,-0.0,0.0,0.0,4.747843154771982e-05,-0.0,0.0,-0.0,-0.0009614377122941411,-0.0,0.0,-0.0,-0.0,-0.0,-0.0008408748522531235,-0.0,-0.0,-0.0
2024-04-26,0.0,0.0006366270988025915,0.0,-0.0,-0.0,-0.0,0.0,0.0007522838498739307,-0.0,-0.0,0.0,-0.001210190940307646,-0.0,-0.0,-0.0,-0.0,-0.0,-0.00034676579709337337,0.0,-0.0,-0.0
2024-04-29,0.0,-0.00014739158131267665,-0.0,-0.0,-0.0,-0.0,-0.0,-0.0012389465941358032,-0.0,-0.0,-0.0,-0.0010112042689092021,-0.0,-0.0,-0.0,-0.0,-0.0,-0.0012493634518780923,-0.0,-0.0,-0.0
2024-04-30,-0.0,-0.0009940755331781655,0.0,-0.0,-0.0,-0.0,-0.0,-0.0004447095968894363,-0.0,0.0,-0.0,-0.0005019435142154414,-0.0,-0.0,-0.0,-0.0,-0.0,-0.0015364160250668144,-0.0,-0.0,-0.0
2024-05-01,0.0,0.00036037083569551387,-0.0,0.0,-0.0,0.0,0.0,0.0010009090454011042,0.0,0.0,-0.0,-0.00035053807141886335,-0.0,-0.0,0.0,-0.0,0.0,-0.0003614734711533568,0.0,-0.0,-0.0
2024-05-02,-0.00034896836585966994,-0.00024203381461327395,-0.0,-0.0,0.0001860406793974257,0.0,-0.0,-0.00023673061512028424,0.0,0.0,-0.0,-0.0,-0.0,-0.0,-0.0,-0.0,-0.0,-0.0,-0.0,0.0,-0.0
2024-05-03,0.0007841927153536341,0.0007247511422182288,0.0,-0.0,0.0010900489617798512,0.0,0.0,0.0007715297353738034,-0.0,-0.0,0.0,0.0,-0.0,0.0,-0.0,-0.0,-0.0,-0.0,-0.0,-0.0,0.0
2024-05-06,-0.0008909600744525584,-0.0006785087027165579,0.0,-0.0,-0.00032829971521370184,0.0,-0.0,-0.0009803944819035907,-0.0,0.0,0.0,0.0,0.0,0.0,-0.0,-0.0,0.0,0.0,0.0,-0.0,0.0
2024-05-07,0.0012124404577910702,8.805232544395908e-05,0.0,0.0,-0.00029878378706362267,0.0,0.0,0.0006055386070437492,0.0,0.0,0.0,0.0,-0.0,0.0,0.0,-0.0,-0.0,-0.0,-0.0,-0.0,0.0
2024-05-08,0.0006989013541073147,0.00010322612923600001,0.0,0.0,-0.0002390644439717657,0.0,-0.0,0.0005062430788596319,-0.0,0.0,0.0,0.0,0.0,0.0,0.0,-0.0,-0.0,0.0,0.0,-0.0,0.0
2024-05-09,0.0008772029934427342,0.0013271681359285521,0.0,0.0,-0.00013303059039441935,0.0,0.0,-3.443913821319991e-05,0.0,0.0,0.0,0.0,-0.0,0.0,0.0,0.0,0.0,0.0,0.0,0.0,0.0
2024-05-10,-0.0001383103292454743,-0.0010361325509246917,-0.0,0.0,-0.0009142807303957239,-0.0,-0.0,-0.0012645575200649622,-0.0,0.0,-0.0,-0.0,0.0,-0.0,-0.0,-0.0,0.0,-0.0,0.0,-0.0,-0.0
2024-05-13,-0.0005676344923324706,-0.0017731105573700813,0.0,-0.0,0.0008839632759280793,-0.0,0.0,0.00039948051565905226,-0.0,0.0,-0.0,-0.0,-0.0,0.0,-0.0,0.0,0.0,0.0,-0.0,0.0,-0.0
2024-05-14,0.00024305434782393427,-0.00011069167830839441,-0.0,0.0,-8.729505522527217e-05,0.0,0.0,0.00043180601981247113,0.0,0.0,0.0,0.0,0.0,0.0,0.0,0.0,0.0,0.0,0.0,0.0,0.0
2024-05-15,0.0004013532527808287,0.0006646684160779717,0.0,0.0,0.0016478081827918508,0.0,0.0,0.0014989379537941369,0.0,0.0,0.0,0.0,0.0,0.0,0.0,-0.0,0.0,0.0,0.0,-0.0,0.0
2024-05-16,-0.0021196503798684165,-0.0007304940413439712,-0.0,-0.0,-0.0011034078781693116,-0.0,-0.0,-0.0005750089184984898,-0.0,-0.0,-0.0,-0.0,-0.0,-0.0,-0.0,-0.0,-0.0,-0.0,-0.0,-0.0,-0.0
2024-05-17,0.0004393073212703834,0.0009969735673089368,-0.0,-0.0,0.0013241706422928517,-0.0,-0.0,-0.0001262551534071668,-0.0,0.0,-0.0,-0.0,0.0,-0.0,0.0,0.0,-0.0,-0.0,0.0,0.0,-0.0
2024-05-20,0.0016097866935501487,0.001167618211944127,0.0,0.0,0.0002988390886192067,0.0,0.0,0.0006562523983586761,0.0,0.0,0.0,0.0,0.0,0.0,-0.0,0.0,0.0,0.0,0.0,0.0,0.0
2024-05-21,-0.0001988923786408733,0.0003515043674355143,0.0,-0.0,0.00019742628316062952,0.0,0.0,0.0005047645332983642,-0.0,-0.0,-0.0,0.0,0.0,-0.0,0.0,-0.0,0.0,0.0,0.0,0.0,0.0
2024-05-22,0.00036807417730234845,9.726868437591575e-05,0.0,0.0,-0.0005263458691457546,0.0,0.0,0.0006913840605362906,-0.0,0.0,-0.0,0.0,0.0,0.0,-0.0,-0.0,-0.0,0.0,-0.0,-0.0,0.0
2024-05-23,-0.00030185257896845946,0.0006623994703507656,0.0,-0.0,-0.0005996841347949669,0.0,-0.0,0.00026758487112071914,-0.0,0.0,-0.0,0.0,-0.0,0.0,-0.0,-0.0,0.0,0.0,-0.0,-0.0,-0.0
2024-05-24,2.5675934546861976e-05,-0.000622394822850004,-0.0,0.0,0.0007363961172556358,0.0,-0.0,-0.0005119597024896342,-0.0,0.0,0.0,0.0,-0.0,-0.0,-0.0,-0.0,-0.0,0.0,0.0,-0.0,-0.0
2024-05-28,-0.0002708674283743055,7.385632724165923e-05,0.0,0.0,0.0005108022383699171,-0.0,0.0,0.0010583083929092715,-0.0,0.0,0.0,-0.0,0.0,-0.0,0.0,0.0,0.0,0.0,0.0,0.0,0.0
2024-05-29,-0.0007558719956746193,-0.0008945884481580942,0.0,0.0,0.0005993921113860201,-0.0,-0.0,0.0003385397843615358,0.0,-0.0,0.0,-0.0,-0.0,0.0,-0.0,-0.0,-0.0,0.0,-0.0,-0.0,-0.0
2024-05-30,0.0007245721270132151,0.0009732198116208845,0.0,-0.0,-0.000956468376757978,0.0,0.0,0.00026436278411774494,-0.0,-0.0,0.0,0.0,-0.0,-0.0,0.0,0.0,-0.0,-0.0,-0.0,0.0,-0.0
2024-05-31,9.886822650897774e-06,0.0003298958288078467,0.0,0.0,0.0005196609187309437,0.0,0.0,0.00012261859677125346,0.0,-0.0,0.0,0.0,0.0,-0.0,-0.0,0.0,0.0,0.0,0.0,0.0,0.0
2024-06-03,0.001053962441514093,-0.0008681431730648933,0.0,0.0,-0.0010674751457981238,0.0,0.0,-1.9822227008674e-05,0.0,-0.0,-0.0,-0.0,-0.0,-0.0,0.0,-0.0,-0.0,0.0,0.0,-0.0,-0.0
2024-06-04,0.00034090942472950756,0.00022837394215078364,0.0,-0.0,-0.0006276305097493997,0.0,0.0,-0.0009736828084339403,-0.0,-0.0,0.0,0.0,-0.0,0.0,-0.0,-0.0,-0.0,0.0,-0.0,0.0,0.0
2024-06-05,0.0009986424015149787,0.002005868379761642,0.0,0.0,0.0018001133860590568,0.0,0.0,0.0017956093907959816,0.0,0.0,0.0,0.0,0.0,0.0,0.0,0.0,0.0,0.0,0.0,0.0,0.0
2024-06-06,-0.00012673233897388027,-0.001179452142734545,-0.0,-0.0,-0.0008296749294978104,-0.0,-0.0,0.00016394471931435953,-0.0,0.0,-0.0,-0.0,-0.0,-0.0,-0.0,-0.0,-0.0,-0.0,-0.0,-0.0,-0.0
2024-06-07,0.0006388931462870598,-0.00018343192937107902,0.0,-0.0,0.00022923990822583694,0.0,-0.0,0.0003480992612372892,0.0,-0.0,0.0,0.0,0.0,-0.0,0.0,0.0,-0.0,-0.0,0.0,-0.0,0.0
2024-06-10,9.490039198090083e-05,-0.0008766797452456965,-0.0,-0.0,8.717536730498343e-05,0.0,-0.0,-0.0003598718390148274,-0.0,-0.0,-0.0,-0.0,0.0,0.0,0.0,0.0,-0.0,-0.0,0.0,-0.0,-0.0
2024-06-11,0.0011857833630606136,0.0005689891058705223,-0.0,0.0,0.000948152841744939,0.0,0.0,-8.378569376864637e-05,0.0,0.0,0.0,0.0,-0.0,0.0,0.0,0.0,-0.0,-0.0,0.0,0.0,0.0
2024-06-12,-0.0004309104328278587,-0.00021392528301293477,-0.0,-0.0,0.0010758343364522807,0.0,0.0,0.0003825058863059054,0.0,0.0,-0.0,-0.0,0.0,0.0,-0.0,0.0,0.0,0.0,-0.0,-0.0,0.0
2024-06-13,0.0003549871757169196,0.00011907727748931374,0.0,0.0,-0.00040392006255299707,0.0,0.0,0.0003022977624466908,0.0,-0.0,0.0,0.0,0.0,0.0,-0.0,0.0,0.0,-0.0,-0.0,0.0,0.0
2024-06-14,0.0005614273097379823,-0.0002657169434333464,0.0,0.0,0.0017465512442403173,-0.0,0.0,0.0015985152144718357,0.0,0.0,-0.0,0.0,-0.0,0.0,0.0,0.0,0.0,0.0,0.0,0.0,0.0
2024-06-17,-0.0008048589725398696,0.00017104183098916892,-0.0,-0.0,0.0014775725557330352,0.0,-0.0,-0.0004962999290636573,0.0,-0.0,0.0,0.0,-0.0,-0.0,-0.0,-0.0,0.0,-0.0,-0.0,-0.0,0.0
2024-06-18,0.00046754718753961195,0.0005136145106570297,0.0,0.0,0.00040495218218257933,0.0,-0.0,0.00033284967777497994,0.0,-0.0,0.0,0.0,-0.0,0.0,-0.0,-0.0,0.0,0.0,0.0,0.0,0.0
2024-06-20,-0.0003739839689487043,-0.0015209509747031405,-0.0,-0.0,-0.002583155789672426,-0.0,-0.0,-0.0017519945722847543,-0.0,-0.0,-0.0,-0.0,-0.0,-0.0,-0.0,-0.0,-0.0,-0.0,-0.0,-0.0,-0.0
2024-06-21,0.0010908759304939044,0.0010264316840479172,0.0,0.0,-6.906368079386615e-05,-0.0,0.0,0.002197639184306276,0.0,0.0,0.0,0.0,0.0,0.0,0.0,-0.0,0.0,0.0,-0.0,0.0,0.0
2024-06-24,-0.0007423779950892726,0.0007387228816776591,-0.0,-0.0,-0.00010494393900844434,0.0,0.0,8.973794933011633e-05,-0.0,-0.0,0.0,0.0,-0.0,0.0,-0.0,-0.0,-0.0,-0.0,-0.0,0.0,0.0
2024-06-25,-0.00048508216183565036,0.0011053331174729608,-0.0,0.0,0.002064898426809212,0.0,-0.0,0.0002360072689944929,-0.0,0.0,0.0,-0.0,0.0,0.0,0.0,0.0,0.0,0.0,-0.0,0.0,0.0
2024-06-26,0.0004993272454257777,-0.0002880746067582586,-0.0,-0.0,-0.0006856666706142582,-0.0,0.0,-0.002186325078610984,-0.0,-0.0,-0.0,-0.0,-0.0,-0.0,-0.0,-0.0,-0.0,0.0,-0.0,-0.0,-0.0
2024-06-27,-0.0005289012742276323,-0.0006282112956138594,-0.0,-0.0,-0.0009166635092541813,-0.0,-0.0,-0.001097441623592751,-0.0,-0.0,-0.0,-0.0,-0.0,-0.0,-0.0,-0.0,-0.0,0.0,-0.0,-0.0,-0.0
2024-06-28,-0.000367847926397628,-0.0003061801490170196,0.0,0.0,-0.0003983360040910609,-0.0,0.0,0.00046014401809429907,-0.0,0.0,-0.0,0.0,0.0,0.0,-0.0,0.0,0.0,-0.0,-0.0,-0.0,0.0
2024-07-01,-0.00019389282723044702,-0.0007316047508422147,0.0,-0.0,-0.000947569952837077,-0.0,-0.0,0.0003683143783333657,0.0,0.0,0.0,-0.0,-0.0,0.0,0.0,0.0,-0.0,-0.0,-0.0,0.0,0.0
2024-07-02,-0.0008650970187365381,-0.0002461911458510824,0.0,-0.0,0.0,-0.0,0.0,-0.00028682385343189456,0.0,-0.0,-0.0,0.00024472396086048235,-0.0,0.0,-0.0,-0.0,-0.0,-0.0,-0.0,0.0,0.0
2024-07-03,0.001601880060662391,0.0006307561605436609,0.0,0.0,0.0,0.0,0.0,0.00020052450170325337,0.0,0.0,0.0,0.000572076057621927,0.0,0.0,0.0,0.0,0.0,-0.0,0.0,0.0,0.0
2024-07-05,-0.001260041314839175,-0.0015314596018653648,-0.0,-0.0,0.0,-0.0,-0.0,0.0003230090658335757,-0.0,-0.0,-0.0,-0.002369810165131569,-0.0,-0.0,-0.0,-0.0,-0.0,-0.0,-0.0,-0.0,-0.0
2024-07-08,0.0015095665378931675,0.0006177630377725037,0.0,0.0,0.0,0.0,0.0,0.002456463586357943,0.0,0.0,0.0,0.0007788544741817924,0.0,-0.0,0.0,0.0,0.0,-0.0,0.0,0.0,0.0
2024-07-09,5.167420719757259e-05,-0.0006556110007265593,-0.0,-0.0,0.0,-0.0,-0.0,0.0008400325770343119,0.0,-0.0,0.0,-0.0007481510160938028,0.0,0.0,-0.0,0.0,0.0,-0.0,-0.0,0.0,0.0
2024-07-10,0.0009046293274564549,-0.0012489305214097319,-0.0,0.0,-0.0,0.0,-0.0,0.0010208594564980193,0.0,0.0,0.0,-4.353333519023767e-05,-0.0,-0.0,0.0,0.0,-0.0,-0.0,-0.0,0.0,-0.0
2024-07-11,-0.0006443130784571672,-0.0002333076474725866,-0.0,-0.0,-0.0,-0.0,0.0,0.000444992139511761,-0.0,-0.0,-0.0,-0.0010815188631229722,0.0,0.0,-0.0,-0.0,-0.0,-0.0,-0.0,-0.0,-0.0
2024-07-12,0.00090008661915115,-3.877850767909769e-05,0.0,-0.0,-0.0,0.0,0.0,0.001932634987919375,0.0,0.0,-0.0,-0.0007237045869450487,0.0,0.0,-0.0,-0.0,0.0,0.0,-0.0,0.0,0.0
2024-07-15,-0.0008538132972601988,-0.001869334380398201,-0.0,-0.0,-0.0,-0.0,-0.0,-0.0016553742110802655,-0.0,-0.0,-0.0,-0.0019972145918773863,-0.0,-0.0,-0.0,-0.0,-0.0,-0.0,-0.0,-0.0,-0.0
2024-07-16,0.000823488065681767,-0.00037535869797941006,0.0,0.0,0.0,-0.0,-0.0,-0.0002547591799454467,-0.0,-0.0,0.0,-0.0002870637659519121,-0.0,0.0,0.0,0.0,0.0,-0.0,-0.0,0.0,0.0
2024-07-17,-0.0005961230851561087,-0.0005044412555349359,-0.0,-0.0,-0.0,-0.0,-0.0,0.00048303449464440283,-0.0,-0.0,-0.0,-0.00013004683447904203,0.0,-0.0,-0.0,-0.0,-0.0,-0.0,-0.0,-0.0,-0.0
2024-07-18,-0.00012499849798623802,0.0009520494981146889,-0.0,-0.0,0.0,-0.0,-0.0,-0.0006722921577108069,0.0,0.0,0.0,0.0005917030840974004,0.0,0.0,0.0,0.0,0.0,0.0,0.0,-0.0,0.0
2024-07-19,0.0013075562035776529,-0.00032421750918956434,-0.0,0.0,0.0,-0.0,-0.0,-0.0008165688641545608,0.0,0.0,-0.0,0.0014076434341028675,0.0,-0.0,0.0,0.0,0.0,-0.0,0.0,-0.0,-0.0
2024-07-22,3.1483133145095545e-05,0.0004905615436545986,0.0,0.0,0.0,0.0,-0.0,-4.012510873808211e-05,0.0,0.0,0.0,0.00029598632400212925,0.0,0.0,0.0,0.0,0.0,-0.0,0.0,0.0,0.0
2024-07-23,-8.902916617248463e-05,0.0006325504961673925,0.0,0.0,-0.0,-0.0,-0.0,-0.00018895243057237606,-0.0,0.0,0.0,-0.00045436756908311224,0.0,0.0,0.0,-0.0,0.0,-0.0,-0.0,0.0,-0.0
2024-07-24,-0.00037812376957365004,-0.0015862374332675083,-0.0,-0.0,-0.0,-0.0,-0.0,-0.0018364429912805713,-0.0,-0.0,-0.0,-0.00027287545058442676,0.0,-0.0,-0.0,-0.0,-0.0,-0.0,-0.0,-0.0,-0.0
2024-07-25,8.753449631803016e-06,0.0010506189571725642,0.0,-0.0,-0.0,-0.0,-0.0,-0.0013082141938544815,-0.0,0.0,-0.0,-0.0005024058071677085,-0.0,-0.0,-0.0,-0.0,-0.0,-0.0,-0.0,0.0,-0.0
2024-07-26,0.00043508728188692484,0.0023446387986886916,0.0,0.0,0.0,0.0,0.0,0.0002913089245352191,0.0,0.0,0.0,0.00030238599862139067,0.0,0.0,0.0,0.0,-0.0,0.0,0.0,0.0,0.0
2024-07-29,0.0005472004699137991,-0.0015572308264764302,0.0,0.0,-0.0,0.0,0.0,-0.0005327020612391941,0.0,-0.0,0.0,0.00033432625318502045,0.0,-0.0,-0.0,0.0,0.0,-0.0,-0.0,0.0,0.0
2024-07-30,-0.0003355998609306354,-0.0002652040354404867,-0.0,-0.0,0.0,-0.0,-0.0,0.000542548987826564,-0.0,-0.0,-0.0,0.0002763570647031035,0.0,-0.0,-0.0,0.0,0.0,-0.0,-0.0,-0.0,-0.0
2024-07-31,-0.0012702909684594297,-0.0006039659405009661,-0.0,0.0,0.0,-0.0,-0.0,-0.00011880622574943419,0.0,-0.0,-0.0,-0.0015447528633337044,0.0,-0.0,-0.0,0.0,0.0,0.0,-0.0,0.0,-0.0
2024-08-01,-0.0008813284582199918,-0.0010139889256391848,-0.0,-0.0,-0.0,-0.0,-0.0,-0.0004704407821510935,-0.0,-0.0,-0.0,-0.0012082680017234534,-0.0,-0.0,-0.0,-0.0,-0.0,-0.0,-0.0,-0.0,-0.0
2024-08-02,-0.0005423501806442355,-6.482399625428182e-05,0.0,0.0,0.0,0.0,-4.976141383206123e-05,0.0005553166779826091,0.0,0.0,0.0,-0.0,0.0,0.0,0.0,-0.0,0.0,0.0,-0.0,0.0,0.0
2024-08-05,-0.002177415688731522,-0.0004065430582320701,-0.0,-0.0,-0.0,-0.0,-4.294731625691124e-05,-0.001126070480840697,-0.0,-0.0,-0.0,-0.0,-0.0,0.0,-0.0,-0.0,-0.0,-0.0,-0.0,-0.0,-0.0
2024-08-06,0.000514961486760218,0.0003524029230089535,0.0,0.0,0.0,0.0,0.0006306584655506427,0.0011211096746961162,-0.0,0.0,0.0,0.0,0.0,0.0,0.0,0.0,-0.0,0.0,0.0,0.0,0.0
2024-08-07,0.00041520656417297857,-0.0005551305049472488,0.0,0.0,0.0,0.0,-0.0013138619596395238,0.0004017111209359736,0.0,-0.0,-0.0,0.0,-0.0,-0.0,-0.0,0.0,-0.0,-0.0,0.0,0.0,0.0
2024-08-08,0.0016890130002089991,0.0012211906292354641,0.0,0.0,0.0,0.0,0.0006301215644366819,0.001137575916182078,0.0,0.0,0.0,0.0,0.0,0.0,0.0,0.0,0.0,0.0,0.0,0.0,0.0
2024-08-09,-0.0002078409587499604,-0.00024597689569393625,-0.0,-0.0,-0.0,-0.0,-0.0010741302068738305,-0.0018171591088616027,-0.0,0.0,-0.0,-0.0,-0.0,-0.0,-0.0,0.0,-0.0,-0.0,-0.0,-0.0,-0.0
2024-08-12,-0.001396763997837687,-0.0008790602291767184,0.0,-0.0,-0.0,0.0,0.0002594757887669665,0.0003186110630615013,-0.0,-0.0,0.0,-0.0,-0.0,0.0,-0.0,0.0,-0.0,-0.0,-0.0,-0.0,-0.0
2024-08-13,6.389147244696844e-05,-0.00013439893433378578,0.0,0.0,0.0,0.0,0.0002786513221818813,0.00013577203901440655,0.0,0.0,0.0,0.0,0.0,0.0,0.0,0.0,0.0,0.0,0.0,0.0,0.0
2024-08-14,0.0020299740549494347,0.0020625923277930998,0.0,0.0,0.0,0.0,0.0007810791616389159,0.0009528457729354963,0.0,0.0,0.0,0.0,0.0,0.0,0.0,0.0,0.0,0.0,0.0,0.0,0.0
2024-08-15,-0.0011127650543259083,-0.0008372968921902588,-0.0,-0.0,-0.0,-0.0,-0.0013113280926944388,-0.0003284123487337067,-0.0,-0.0,-0.0,-0.0,-0.0,-0.0,0.0,-0.0,-0.0,-0.0,-0.0,-0.0,-0.0
2024-08-16,0.0005594204612692258,3.9979481192028224e-05,0.0,0.0,0.0,0.0,0.00013855179786213231,-0.0008273427368602378,-0.0,-0.0,-0.0,0.0,0.0,0.0,-0.0,0.0,0.0,0.0,0.0,-0.0,0.0
2024-08-19,-0.00046849781013253756,-0.0002683418394175191,-0.0,0.0,0.0,0.0,0.0002677567872931288,0.00019351755576837605,0.0,0.0,-0.0,0.0,0.0,-0.0,0.0,0.0,0.0,0.0,0.0,-0.0,0.0
2024-08-20,0.00022282440794182894,0.0005538409470807194,-0.0,-0.0,0.0,0.0,0.0011822850398019902,0.0003045897641250848,0.0,-0.0,-0.0,-0.0,0.0,-0.0,0.0,0.0,-0.0,-0.0,0.0,-0.0,0.0
2024-08-21,-0.0008190886421483097,0.0008657764506361666,-0.0,0.0,-0.0,-0.0,-0.0002092468775613376,-0.000246319391662236,0.0,-0.0,-0.0,-0.0,-0.0,0.0,-0.0,-0.0,0.0,-0.0,0.0,-0.0,-0.0
2024-08-22,0.00034868200884217217,0.00037213789353880564,-0.0,-0.0,-0.0,-0.0,-0.0006113421938502283,6.377284388420412e-05,0.0,-0.0,0.0,-0.0,-0.0,-0.0,-0.0,-0.0,-0.0,0.0,-0.0,0.0,-0.0
2024-08-23,-0.0007804024674217336,-0.0019844772389726473,-0.0,-0.0,-0.0,-0.0,0.00015971264661204486,-0.0013500484520840923,-0.0,-0.0,-0.0,-0.0,-0.0,-0.0,-0.0,-0.0,-0.0,-0.0,-0.0,-0.0,-0.0
2024-08-26,-0.0002243591101772617,-0.0008855713279766498,0.0,-0.0,-0.0,0.0,-4.203201428493147e-05,0.0004988597130473978,-0.0,0.0,0.0,-0.0,0.0,-0.0,-0.0,0.0,0.0,-0.0,0.0,-0.0,0.0
2024-08-27,-0.0004650536326797469,-1.668040628874416e-05,0.0,0.0,-0.0,-0.0,0.0008037464550235763,-0.00021945446984176053,-0.0,0.0,0.0,-0.0,-0.0,0.0,0.0,0.0,0.0,0.0,-0.0,0.0,0.0
2024-08-28,6.912328334195956e-05,-0.0003030214811536253,0.0,-0.0,0.0,0.0,-0.0005500352170867684,-0.0008694825597563966,0.0,0.0,-0.0,-0.0,-0.0,0.0,-0.0,-0.0,0.0,-0.0,-0.0,0.0,-0.0
2024-08-29,-0.0017107233085457056,-0.0020853778006476686,-0.0,-0.0,-0.0,-0.0,-0.0008335123758425716,-0.0004189119673627443,-0.0,-0.0,-0.0,-0.0,0.0,-0.0,-0.0,-0.0,-0.0,-0.0,0.0,-0.0,-0.0
2024-08-30,0.0008368656620981585,0.0011119652132240635,0.0,-0.0,-0.0,0.0,3.1918317199238974e-06,0.0012125722270224367,0.0,0.0,0.0,0.0,0.0,0.0,0.0,0.0,0.0,-0.0,0.0,0.0,0.0
2024-09-03,0.0020011210377213922,-0.0005378506648002167,-0.0,-0.0,0.0,-0.0,0.00043905348971633645,0.0006410209366930842,0.0,-0.0,0.0,0.0,-0.0,0.0,0.0,-0.0,0.0,0.0,0.0,0.0,0.0
2024-09-04,0.0005490505811708513,0.0006492426387754824,-0.0,-0.0,0.0,0.0,0.00016661121190197917,-0.000541104857736241,-0.0,-0.0,-0.0,-0.0,-0.0,-0.0,0.0,-0.0,-0.0,-0.0,-0.0,-0.0,-0.0
2024-09-05,0.0003578682170012498,0.001134194420055643,-0.0,-0.0,-0.0,0.0,-0.000493410657788952,-0.0014948911162364906,-0.0,-0.0,-0.0,0.0,-0.0,0.0,-0.0,-0.0,-0.0,-0.0,0.0,0.0,-0.0
2024-09-06,-0.0008975787160960334,-0.0010212271276345158,-0.0,-0.0,-0.0,0.0,-0.0012112067098432433,0.00020301849554195687,-0.0,-0.0,-0.0,-0.0,-0.0,-0.0,-0.0,-0.0,-0.0,-0.0,-0.0,-0.0,-0.0
2024-09-09,-0.0019260452008011293,-0.00025907885328326467,-0.0,-0.0,-0.0,0.0,-0.0003099317923051634,-0.0019018029916796305,-0.0,-0.0,-0.0,-0.0,-0.0,-0.0,-0.0,-0.0,-0.0,-0.0,-0.0,-0.0,-0.0
2024-09-10,-0.0012014167354994017,-0.0011670063566233055,0.0,-0.0,-0.0,-0.0,-0.0008581371701629683,0.00011591734141666182,-0.0,0.0,-0.0,-0.0,-0.0,-0.0,-0.0,0.0,-0.0,-0.0,-0.0,0.0,-0.0
2024-09-11,0.0015625507555251407,0.001139037119730856,0.0,0.0,0.0,0.0,-0.00035791881449480053,0.00211825649870278,0.0,0.0,0.0,0.0,0.0,-0.0,0.0,0.0,0.0,0.0,0.0,0.0,0.0
2024-09-12,-0.0008914670006653681,-0.0007036324157189185,0.0,0.0,0.0,0.0,-9.787205148481903e-05,-0.0002406660692469096,0.0,-0.0,-0.0,0.0,-0.0,-0.0,0.0,-0.0,0.0,0.0,-0.0,0.0,-0.0
2024-09-13,-0.0001184101039870263,-0.00039414490139515727,0.0,0.0,0.0,0.0,0.0002865495070256516,0.0005671090638337011,0.0,0.0,-0.0,0.0,-0.0,0.0,-0.0,0.0,0.0,0.0,0.0,0.0,0.0
2024-09-16,-0.000399380388616584,-0.0004940211623623856,-0.0,-0.0,-0.0,0.0,-0.0003729304599356771,-2.5311687591384165e-05,-0.0,0.0,-0.0,-0.0,0.0,-0.0,0.0,-0.0,0.0,-0.0,-0.0,0.0,-0.0
2024-09-17,-0.0005814635905649216,-0.00017621737893497706,0.0,-0.0,-0.0,-0.0,0.0005017327175189084,0.0002869981707658347,0.0,-0.0,0.0,-0.0,-0.0,-0.0,0.0,0.0,0.0,0.0,-0.0,-0.0,0.0
2024-09-18,-0.0009023007977112996,-0.0002949977223245011,0.0,0.0,-0.0,-0.0,0.0003863334927365089,0.0015753697853272339,0.0,-0.0,-0.0,-0.0,-0.0,-0.0,0.0,-0.0,0.0,-0.0,-0.0,-0.0,-0.0
2024-09-19,0.0004469813528603162,0.0011547809581413217,0.0,0.0,0.0,-0.0,0.00038053923274039103,-9.2084437265733e-05,0.0,0.0,0.0,-0.0,0.0,0.0,-0.0,0.0,0.0,0.0,0.0,0.0,0.0
2024-09-20,-0.0008818384949447371,-0.0008400302856565024,-0.0,-0.0,0.0,-0.0,-0.0010597972567444685,-0.0009780042678020082,-0.0,-0.0,-0.0,-0.0,0.0,0.0,-0.0,-0.0,-0.0,0.0,-0.0,0.0,-0.0
2024-09-23,-0.001334099959894509,0.0003433403479307102,-0.0,0.0,-0.0,-0.0,-0.0012895546780073476,-0.00110516191097023,-0.0,-0.0,-0.0,-0.0,-0.0,-0.0,-0.0,-0.0,-0.0,-0.0,-0.0,-0.0,-0.0
2024-09-24,-0.0012453301256323132,-0.0016972809170723775,-0.0,-0.0,-0.0,-0.0,-0.0003431056618405066,0.00045409694924328404,-0.0,0.0,-0.0,-0.0,-0.0,-0.0,-0.0,-0.0,-0.0,-0.0,-0.0,0.0,-0.0
2024-09-25,7.365600377249173e-05,0.000834663820002493,-0.0,-0.0,-0.0,0.0,-0.0001858765367297087,-0.0006946097581830938,-0.0,-0.0,-0.0,0.0,-0.0,-0.0,-0.0,0.0,0.0,-0.0,-0.0,-0.0,-0.0
2024-09-26,-0.0008015582677419115,-0.0013975929147136662,-0.0,-0.0,-0.0,-0.0,-0.0010382402626881561,-0.00038699318605420945,-0.0,-0.0,-0.0,-0.0,-0.0,-0.0,-0.0,0.0,-0.0,-0.0,-0.0,-0.0,-0.0
2024-09-27,0.00010793316960241905,0.0002365168718253122,-0.0,0.0,-0.0,-0.0,-0.0002964904813692259,0.0009877037128379958,0.0,0.0,0.0,-0.0,0.0,-0.0,-0.0,0.0,-0.0,0.0,-0.0,0.0,0.0
2024-09-30,0.00015695728649660787,-0.000586848139331283,-0.0,0.0,0.0,0.0,0.0001741352924826529,0.00029690241688394234,0.0,-0.0,0.0,-0.0,0.0,0.0,0.0,-0.0,-0.0,-0.0,0.0,-0.0,-0.0
2024-10-01,0.0011644286756227638,0.0010809064309637993,0.0,0.0,0.0,0.0,0.0011350200448200234,0.002072472048268763,0.0,0.0,0.0,0.0,0.0,0.0,0.0,0.0,0.0,0.0,0.0,0.0,0.0
2024-10-02,-0.0011573978111968258,-0.0,-0.0,-0.0,-0.001115038283013337,-0.0,-0.00043571842813630037,2.9970285194091958e-05,-0.0,-0.0,-0.0,-0.0,-0.0,-0.0,-0.0,-0.0,-0.0,-0.0,-0.0,-0.0,-0.0
2024-10-03,0.00044980163263227014,0.0,-0.0,-0.0,0.0009522764553145353,0.0,0.0007388237245425366,0.00034131286350736276,0.0,-0.0,0.0,0.0,-0.0,0.0,0.0,0.0,0.0,0.0,-0.0,0.0,0.0
2024-10-04,-0.00015235866495756883,0.0,-0.0,0.0,-0.0018351793603262974,-0.0,-0.0008428421823538325,-0.0009447648461711519,-0.0,-0.0,-0.0,-0.0,0.0,-0.0,-0.0,-0.0,0.0,-0.0,-0.0,0.0,-0.0
2024-10-07,-0.00036704045405495933,-0.0,0.0,0.0,-0.0007266477840847938,-0.0,0.00039837232967787574,-0.00016246311625228827,0.0,-0.0,-0.0,0.0,-0.0,-0.0,0.0,-0.0,0.0,-0.0,-0.0,-0.0,-0.0
2024-10-08,0.00014502856196296326,0.0,0.0,-0.0,0.0009309506902006456,-0.0,0.00018721615302380717,-0.00014726733953173218,-0.0,0.0,0.0,0.0,-0.0,0.0,-0.0,0.0,-0.0,0.0,0.0,0.0,0.0
2024-10-09,-0.0018258502316652312,-0.0,-0.0,-0.0,-1.0520852885054965e-05,-0.0,-0.001108861969421751,0.00047095282195787775,-0.0,-0.0,-0.0,-0.0,-0.0,-0.0,-0.0,-0.0,-0.0,-0.0,-0.0,-0.0,-0.0
2024-10-10,-0.0004488038462596931,-0.0,-0.0,-0.0,0.0017224547553793621,0.0,-0.0013827879262254248,-0.00023021141762159472,-0.0,0.0,0.0,-0.0,-0.0,-0.0,-0.0,0.0,0.0,0.0,-0.0,0.0,0.0
2024-10-11,0.0015707316664615718,0.0,-0.0,0.0,0.0011175992127196242,0.0,0.00038935917476208467,0.0014144713943449357,0.0,0.0,0.0,0.0,0.0,0.0,0.0,0.0,0.0,0.0,0.0,0.0,0.0
2024-10-14,6.69561921167016e-05,-0.0,0.0,0.0,7.804549283704892e-05,-0.0,-0.0008687513227015456,-0.0013065978423836373,0.0,-0.0,-0.0,-0.0,-0.0,-0.0,0.0,-0.0,0.0,0.0,-0.0,-0.0,-0.0
2024-10-15,0.00046844997695968157,0.0,-0.0,0.0,0.0007391649342918361,-0.0,-6.537637729947391e-05,0.00024863484341413987,0.0,0.0,-0.0,0.0,-0.0,-0.0,0.0,-0.0,0.0,0.0,-0.0,0.0,0.0
2024-10-16,0.000773351722818903,-0.0,-0.0,0.0,0.0015080857220408008,0.0,0.0006464281535462297,0.0003833947026035908,0.0,0.0,0.0,0.0,-0.0,0.0,-0.0,0.0,0.0,0.0,0.0,0.0,0.0
2024-10-17,-4.870617078056968e-05,-0.0,-0.0,0.0,0.00014235834076742923,0.0,2.6705513965753684e-05,0.0003917795117715525,0.0,-0.0,-0.0,-0.0,-0.0,-0.0,0.0,-0.0,0.0,0.0,0.0,-0.0,-0.0
2024-10-18,0.00017154266093475057,0.0,0.0,-0.0,0.0003446696732226338,0.0,-0.00011203641790339358,0.0001770410138432359,-0.0,-0.0,-0.0,-0.0,-0.0,-0.0,-0.0,-0.0,-0.0,-0.0,-0.0,0.0,-0.0
2024-10-21,-0.0006061189228053577,-0.0,-0.0,-0.0,-0.0009764000388462587,-0.0,-0.0016982451282063194,-0.0002733409968862063,-0.0,-0.0,-0.0,-0.0,-0.0,-0.0,-0.0,-0.0,-0.0,-0.0,-0.0,-0.0,-0.0
2024-10-22,0.0009994423281613294,-0.0,0.0,-0.0,0.0007573104910107024,0.0,0.0008197382398718633,0.0013132241460904206,0.0,-0.0,0.0,0.0,0.0,0.0,0.0,-0.0,0.0,-0.0,0.0,0.0,0.0
2024-10-23,-0.00012320859643750784,-0.0,-0.0,-0.0,-0.0007193109987108331,-0.0,0.0011711379673667549,-0.00010076774308850663,-0.0,0.0,0.0,0.0,0.0,-0.0,0.0,0.0,0.0,-0.0,-0.0,-0.0,-0.0
2024-10-24,0.0004129816322804006,-0.0,-0.0,-0.0,-0.0008078801586112118,-0.0,-0.0007850206899056694,-0.0012343156343882435,-0.0,0.0,-0.0,-0.0,0.0,-0.0,-0.0,-0.0,-0.0,0.0,-0.0,0.0,-0.0
2024-10-25,0.000242134562207748,-0.0,-0.0,-0.0,-0.0002904766154106849,-0.0,-0.0003720509502979093,-0.0004994449616802399,0.0,-0.0,0.0,0.0,-0.0,-0.0,-0.0,-0.0,0.0,-0.0,0.0,-0.0,0.0
2024-10-28,0.00012715321059571014,0.0,-0.0,-0.0,-0.0011702742868915123,-0.0,-0.0007707316743111493,-0.00010441021859516928,0.0,0.0,-0.0,-0.0,0.0,-0.0,-0.0,-0.0,-0.0,-0.0,0.0,-0.0,-0.0
2024-10-29,-8.883190396000761e-05,-0.0,-0.0,0.0,-0.001454680489973364,0.0,-0.00021708208548344235,-0.00017506419888729154,-0.0,0.0,-0.0,-0.0,-0.0,0.0,-0.0,-0.0,-0.0,0.0,0.0,-0.0,-0.0
2024-10-30,0.0005286874514974869,0.0,-0.0,-0.0,5.3296394368064815e-05,-0.0,-1.732620648012899e-05,0.0005309612182016668,0.0,-0.0,0.0,-0.0,-0.0,0.0,0.0,0.0,-0.0,0.0,0.0,-0.0,0.0
2024-10-31,-0.0012730678160100537,-0.0,0.0,0.0,-0.0009199595279557553,-0.0,-0.001873670667092237,-0.0011190755248879475,0.0,-0.0,-0.0,0.0,0.0,-0.0,-0.0,-0.0,-0.0,-0.0,-0.0,-0.0,-0.0
2024-11-01,0.0010963017922946284,0.0,0.0,0.0,0.0006650791681583703,0.0,-0.0004002913302476538,0.0016013511414719466,0.0,0.0,0.0,-0.0,-0.0,0.0,0.0,0.0,0.0,0.0,-0.0,0.0,0.0
2024-11-04,0.0012195018250890535,-0.0,-0.0,0.0,-0.0003831877627582082,0.0,-5.80711537191081e-05,-0.0018030829269702236,-0.0,0.0,-0.0,-0.0,-0.0,-0.0,-0.0,-0.0,-0.0,0.0,-0.0,-0.0,-0.0
2024-11-05,-0.0006312133562232198,-0.0,0.0,-0.0,-0.00022828395159842782,0.0,0.0005368816223748078,-0.0007607633250935617,-0.0,0.0,-0.0,-0.0,-0.0,-0.0,0.0,-0.0,0.0,0.0,-0.0,-0.0,-0.0
2024-11-06,0.0011461577153822446,0.0,0.0,-0.0,0.0009038695395208982,0.0,0.002222512162427245,0.00032551617010516203,0.0,0.0,0.0,0.0,-0.0,0.0,0.0,0.0,0.0,0.0,0.0,0.0,0.0
2024-11-07,0.0003343541031143815,0.0,0.0,0.0,1.2307682805648503e-06,0.0,0.0008197726695028104,0.00048324707414127403,0.0,-0.0,-0.0,0.0,-0.0,0.0,0.0,0.0,0.0,0.0,0.0,0.0,0.0
2024-11-08,-0.0002810135370120615,0.0,-0.0,0.0,0.0006782921025800439,0.0,-0.000647912792798316,0.0009175246658348348,0.0,0.0,0.0,-0.0,0.0,0.0,-0.0,0.0,-0.0,0.0,-0.0,0.0,0.0
2024-11-11,0.0005722622106237627,0.0,-0.0,-0.0,-0.0005903589493783288,-0.0,-0.0008423627742668629,-0.0007082554871216468,-0.0,-0.0,0.0,-0.0,-0.0,-0.0,0.0,-0.0,-0.0,0.0,-0.0,-0.0,-0.0
2024-11-12,-0.0007723570756918032,0.0,-0.0,-0.0,-0.0005898869404484095,0.0,-0.0013523881109630315,-0.000210862245097544,0.0,0.0,-0.0,-0.0,-0.0,0.0,0.0,-0.0,0.0,-0.0,-0.0,-0.0,-0.0
2024-11-13,-0.00028468724799368466,-0.0,0.0,-0.0,-7.879418272578702e-05,0.0,-0.0010258709806287899,0.0005072927780350428,0.0,-0.0,-0.0,0.0,0.0,-0.0,0.0,-0.0,0.0,0.0,0.0,-0.0,0.0
2024-11-14,-0.0010944367291638097,-0.0,-0.0,-0.0,-0.0004802965092775378,0.0,0.00020956172931564472,-0.00020079236931411958,-0.0,0.0,-0.0,0.0,0.0,0.0,-0.0,0.0,-0.0,0.0,0.0,0.0,0.0
2024-11-15,-0.0005731398429973826,-0.0,-0.0,0.0,-0.00040957175193683307,0.0,0.00033713624907558604,0.00022464240705502938,-0.0,-0.0,0.0,-0.0,0.0,-0.0,-0.0,0.0,0.0,0.0,-0.0,0.0,-0.0
2024-11-18,-0.0012013668002276835,0.0,-0.0,-0.0,-0.00039678922143469484,-0.0,0.001370144937567867,0.00016712790462085518,-0.0,0.0,0.0,-0.0,0.0,0.0,-0.0,-0.0,0.0,0.0,-0.0,-0.0,-0.0
2024-11-19,0.0003283821860545952,-0.0,0.0,-0.0,-0.0003066035006940881,-0.0,-0.00017076771344817963,-0.000893947329951294,-0.0,-0.0,-0.0,0.0,0.0,0.0,-0.0,-0.0,-0.0,-0.0,-0.0,-0.0,-0.0
2024-11-20,0.0011526641762285884,0.0,-0.0,-0.0,-0.00033284908753511183,-0.0,-0.001778164320473989,-0.0011042233341931416,-0.0,0.0,-0.0,-0.0,-0.0,-0.0,-0.0,-0.0,-0.0,-0.0,-0.0,-0.0,-0.0
2024-11-21,-0.0005380445544791661,0.0,0.0,0.0,6.129722374454513e-06,-0.0,-0.000364758988864989,-2.977573574985336e-05,-0.0,0.0,-0.0,0.0,0.0,-0.0,-0.0,-0.0,-0.0,-0.0,0.0,-0.0,-0.0
2024-11-22,-0.0006443283769033195,0.0,0.0,0.0,0.0015805113677040514,0.0,0.0003246803316316062,0.0013857211318242693,0.0,0.0,0.0,-0.0,0.0,-0.0,0.0,-0.0,0.0,-0.0,0.0,0.0,0.0
2024-11-25,-0.00012468320396252707,-0.0,-0.0,-0.0,9.222667322833433e-05,-0.0,-0.0010993167073081974,0.000139273627294903,0.0,-0.0,-0.0,-0.0,-0.0,-0.0,0.0,-0.0,-0.0,-0.0,-0.0,-0.0,-0.0
2024-11-26,-0.000599128118956239,0.0,-0.0,-0.0,0.0012732996230169116,0.0,0.00014348107417163036,0.0013565536419489362,-0.0,-0.0,-0.0,0.0,-0.0,-0.0,0.0,0.0,0.0,0.0,0.0,-0.0,-0.0
2024-11-27,0.00045313816255012517,-0.0,0.0,-0.0,-5.772902584457295e-05,-0.0,-0.0012843934706160186,-0.00010882001686210556,-0.0,-0.0,0.0,-0.0,-0.0,-0.0,0.0,-0.0,-0.0,0.0,-0.0,-0.0,-0.0
2024-11-29,-0.00012313224071688363,-0.0,-0.0,0.0,0.0004578049989714838,-0.0,0.00016060071649453541,-0.00021659943709285994,0.0,0.0,-0.0,-0.0,-0.0,0.0,-0.0,0.0,0.0,-0.0,0.0,-0.0,0.0
2024-12-02,-0.0006409624620156492,0.0,0.0,-0.0,-0.0005564603719321687,0.0,0.00024359554219355819,-0.00025144319660729876,0.0,0.0,-0.0,-0.0,0.0,-0.0,-0.0,0.0,0.0,-0.0,-0.0,-0.0,-0.0
2024-12-03,0.0007132701633638439,0.0,0.0,0.0,0.001416050880632658,-0.0,0.0018316568915481835,0.0007582050795779561,0.0,0.0,0.0,-0.0,0.0,0.0,0.0,0.0,0.0,0.0,0.0,0.0,0.0
2024-12-04,0.0008266112112942716,-0.0,0.0,0.0,-0.0001666466817263299,-0.0,0.0005183713742433302,8.695122748600378e-06,-0.0,0.0,0.0,-0.0,-0.0,-0.0,0.0,0.0,0.0,-0.0,0.0,0.0,0.0
2024-12-05,-0.0008916691248455522,-0.0,-0.0,-0.0,-0.0017648885651490786,-0.0,6.1809042279429575e-06,-0.00045683785785056064,-0.0,0.0,-0.0,-0.0,-0.0,-0.0,-0.0,-0.0,-0.0,-0.0,-0.0,-0.0,-0.0
2024-12-06,3.8822427220323634e-05,0.0,-0.0,-0.0,0.0014431305934263386,0.0,7.722987512174093e-05,0.0006872268080678035,0.0,0.0,0.0,0.0,-0.0,0.0,0.0,0.0,0.0,0.0,0.0,0.0,0.0
2024-12-09,-0.000563505097047115,-0.0,-0.0,-0.0,-0.001303110846234528,-0.0,-0.0006485416351012691,-0.0012510377629907493,-0.0,-0.0,-0.0,-0.0,-0.0,0.0,-0.0,-0.0,0.0,0.0,-0.0,-0.0,-0.0
2024-12-10,-0.0012028451740563465,-0.0,0.0,-0.0,-5.3938498870155415e-06,-0.0,0.0006413277856980374,0.00044736894267653835,0.0,-0.0,-0.0,-0.0,0.0,-0.0,0.0,0.0,0.0,-0.0,0.0,-0.0,-0.0
2024-12-11,0.0004586049005875699,-0.0,0.0,-0.0,-0.0004278112708204823,-0.0,-0.0007917502247874128,-0.0011003336203794245,0.0,-0.0,-0.0,0.0,0.0,0.0,0.0,0.0,0.0,0.0,-0.0,-0.0,0.0
2024-12-12,-0.0015072019211065939,0.0,-0.0,-0.0,0.0005198575469526213,0.0,-0.0005564208022633772,-0.0004170738031041152,-0.0,0.0,-0.0,-0.0,-0.0,-0.0,-0.0,-0.0,-0.0,-0.0,-0.0,0.0,-0.0
2024-12-13,0.00019588534856831714,0.0,0.0,0.0,0.0013940808277855777,0.0,0.0013179711869657084,0.0013010122860571708,0.0,0.0,0.0,0.0,0.0,0.0,0.0,0.0,-0.0,-0.0,-0.0,-0.0,0.0
2024-12-16,0.0001060858133991659,0.0,-0.0,0.0,-5.329464247515805e-05,-0.0,-0.0005837826784006198,1.9447732377992173e-06,-0.0,0.0,-0.0,-0.0,0.0,-0.0,-0.0,-0.0,-0.0,-0.0,-0.0,-0.0,-0.0
2024-12-17,-0.00012158809919230754,-0.0,-0.0,-0.0,0.0005413584042341169,0.0,-0.0005451868382762925,-0.0005852327048927081,-0.0,0.0,-0.0,-0.0,-0.0,0.0,-0.0,-0.0,-0.0,-0.0,-0.0,-0.0,-0.0
2024-12-18,5.504578472616655e-05,-0.0,-0.0,-0.0,-0.00035738041013567425,0.0,-0.0005495023651134218,0.0010145312169807677,-0.0,-0.0,-0.0,-0.0,0.0,-0.0,0.0,-0.0,-0.0,0.0,-0.0,-0.0,-0.0
2024-12-19,-0.0003449679366998113,0.0,0.0,0.0,0.0012724342743550795,-0.0,-0.00022575138864114946,-0.0006164840958997323,-0.0,-0.0,0.0,-0.0,-0.0,0.0,0.0,-0.0,-0.0,0.0,-0.0,-0.0,-0.0
2024-12-20,0.001411746731768485,0.0,0.0,0.0,0.0011763609216990639,-0.0,0.0013923301546933727,-0.0007732177847387164,0.0,0.0,0.0,0.0,0.0,0.0,0.0,-0.0,0.0,0.0,0.0,0.0,0.0
2024-12-23,0.0009978208065869534,-0.0,0.0,0.0,-0.00027655123507849437,-0.0,0.0010247453672028266,0.0006702984253126658,0.0,-0.0,0.0,-0.0,-0.0,0.0,0.0,0.0,0.0,0.0,0.0,0.0,0.0
2024-12-24,0.0012747295056810906,0.0,0.0,0.0,0.0010448399239042295,0.0,0.000998333261310935,-0.0002743168976077932,0.0,0.0,0.0,0.0,0.0,0.0,0.0,0.0,0.0,0.0,0.0,0.0,0.0
2024-12-26,0.0019398598104093771,0.0,0.0,0.0,0.0012145679258975205,0.0,0.002105666157738041,0.0006878654525811061,0.0,0.0,0.0,0.0,0.0,0.0,0.0,0.0,-0.0,0.0,0.0,0.0,0.0
2024-12-27,-4.217618622177352e-05,0.0,-0.0,-0.0,-0.0007722992685094104,-0.0,-0.000342012317352579,-0.00012894249078829417,-0.0,-0.0,-0.0,-0.0,-0.0,-0.0,-0.0,-0.0,-0.0,0.0,0.0,-0.0,-0.0
2024-12-30,-0.00026271803852693257,-0.0,-0.0,-0.0,-0.0011482972835473904,-0.0,0.0006789366843297,-0.000268836084272299,-0.0,0.0,-0.0,0.0,0.0,0.0,0.0,0.0,0.0,-0.0,-0.0,0.0,0.0
2024-12-31,-0.001617350088722363,-0.0,-0.0,-0.0,-0.0003864183434597793,-0.0,-0.0014367655272011848,-0.00023793847943329475,-0.0,-0.0,-0.0,-0.0,-0.0,-0.0,-0.0,-0.0,-0.0,0.0,-0.0,-0.0,-0.0
2025-01-02,-0.00013141550689838008,0.0,-0.0,0.0,-0.0014283094058992602,-0.0,0.0008234714056383744,-0.0012177092685309973,-0.0,-0.0,-0.0,0.0,-0.0,-0.0,-0.0,-0.0,0.0,-0.0,0.0,-0.0,-0.0
2025-01-03,3.991625583883441e-05,-0.0,-0.0,0.0,-0.0021101313021088535,0.0,-0.0,0.00025858981124027297,-0.0016887896856341846,0.0,-0.0,-0.0,-0.0,0.0,-0.0,-0.0,-0.0,0.0,-0.0,0.0,-0.0
2025-01-06,0.00018253519038253856,-0.0,-0.0,0.0,-0.0008077919320446447,-0.0,-0.0,-0.0017759503845171606,-0.0003748433890642345,0.0,-0.0,-0.0,-0.0,-0.0,-0.0,0.0,-0.0,-0.0,0.0,-0.0,-0.0
2025-01-07,-0.0012445179717690445,-0.0,-0.0,-0.0,-0.0010821741408604468,-0.0,0.0,0.0003414191724381077,-0.001169524474124681,-0.0,0.0,0.0,-0.0,-0.0,0.0,0.0,-0.0,-0.0,-0.0,-0.0,-0.0
2025-01-08,-0.0007042693048036758,0.0,0.0,0.0,-0.0006526401817319615,0.0,-0.0,-0.00040210594418121145,-0.00030040859935390467,0.0,0.0,-0.0,0.0,0.0,0.0,-0.0,-0.0,-0.0,0.0,0.0,-0.0
2025-01-10,-0.00034692594578070195,-0.0,-0.0,-0.0,-0.0027425785594202877,0.0,-0.0,0.000399220815581502,-0.0017215049457637228,0.0,-0.0,-0.0,-0.0,-0.0,-0.0,0.0,-0.0,0.0,-0.0,0.0,-0.0
2025-01-13,0.0004301870713633997,0.0,0.0,-0.0,-0.0001068473231935519,0.0,0.0,-0.00010670455926117813,0.00022246828245224302,0.0,0.0,0.0,0.0,0.0,0.0,-0.0,0.0,0.0,0.0,0.0,0.0
2025-01-14,-0.0018217153235700549,-0.0,-0.0,-0.0,-0.0005874380009252781,-0.0,-0.0,0.000846092464137162,-0.0002980429026830748,-0.0,-0.0,-0.0,-0.0,-0.0,0.0,-0.0,-0.0,0.0,0.0,-0.0,-0.0
2025-01-15,0.001814392391022352,0.0,0.0,0.0,0.0010667444871208418,0.0,0.0,0.0009253270874636978,0.0018345053402099717,0.0,0.0,0.0,0.0,0.0,0.0,0.0,0.0,0.0,0.0,0.0,0.0
2025-01-16,-0.0015315484810077271,0.0,-0.0,-0.0,2.716625932848765e-05,0.0,-0.0,-0.001522713577206405,-0.0010474236629716236,0.0,-0.0,-0.0,-0.0,0.0,0.0,-0.0,-0.0,0.0,-0.0,-0.0,-0.0
2025-01-17,-0.0006009967360899778,0.0,0.0,0.0,0.0009695487765933046,0.0,-0.0,8.143473599903786e-05,0.0003268752947187738,-0.0,0.0,0.0,-0.0,-0.0,0.0,-0.0,0.0,-0.0,-0.0,0.0,0.0
2025-01-21,0.00022598968592040634,-0.0,-0.0,-0.0,-0.0003372525799059043,-0.0,-0.0,0.00014970137824104514,8.066447440490035e-05,0.0,-0.0,-0.0,-0.0,-0.0,-0.0,-0.0,-0.0,-0.0,0.0,-0.0,-0.0
2025-01-22,0.0021967648434538514,0.0,0.0,0.0,0.001601399649075559,0.0,0.0,0.0015297205739273445,0.0006036488131956775,0.0,0.0,0.0,-0.0,0.0,0.0,0.0,0.0,0.0,0.0,0.0,0.0
2025-01-23,-0.0002125371998462212,0.0,0.0,0.0,0.001358733749564643,0.0,0.0,0.0014747550500129863,0.0006210709923963963,0.0,-0.0,0.0,0.0,0.0,0.0,-0.0,0.0,0.0,0.0,0.0,0.0
2025-01-24,-5.326174231122772e-05,-0.0,-0.0,0.0,-0.0005211320161907821,-0.0,0.0,0.0007645544918564148,-0.0012412342900361768,-0.0,0.0,-0.0,-0.0,-0.0,-0.0,0.0,-0.0,-0.0,-0.0,-0.0,0.0
2025-01-27,-0.0007070788624925421,-0.0,-0.0,-0.0,-0.00042205588653805207,-0.0,-0.0,-0.0013655684653326983,-0.0013236559141930745,-0.0,-0.0,-0.0,-0.0,-0.0,-0.0,-0.0,0.0,-0.0,-0.0,-0.0,-0.0
2025-01-28,0.0013577011070493297,-0.0,0.0,0.0,0.000797656782586615,-0.0,0.0,0.0006825443214639516,0.00030367265059369296,-0.0,-0.0,0.0,-0.0,0.0,-0.0,-0.0,-0.0,0.0,0.0,-0.0,0.0
2025-01-29,-0.0009602220665282208,-0.0,-0.0,-0.0,-0.0008965460886160355,-0.0,-0.0,-0.0005691072771084173,4.9040178042592135e-05,0.0,-0.0,-0.0,-0.0,-0.0,-0.0,-0.0,-0.0,0.0,-0.0,-0.0,-0.0
2025-01-30,0.0004908300060184736,0.0,0.0,0.0,0.0002663239925524098,0.0,0.0,0.00034151256812638245,0.0003928045657370711,0.0,0.0,0.0,0.0,-0.0,0.0,0.0,-0.0,0.0,0.0,-0.0,0.0
2025-01-31,0.0015381625913561288,0.0,0.0,-0.0,0.000806740401769516,0.0,0.0,0.0006060808729660363,0.0022406366129318995,0.0,0.0,0.0,0.0,0.0,0.0,0.0,0.0,0.0,0.0,-0.0,0.0
2025-02-03,-0.00019919432222037986,-0.0,0.0,-0.0,-0.0009432864993610012,0.0,0.0,2.523795056761363e-05,0.00027744497071307276,0.0,0.0,0.0,-0.0,0.0,0.0,0.0,-0.0,0.0,0.0,-0.0,0.0
2025-02-04,-0.0008483291751419708,-0.0,-0.002225787060111406,0.0,-0.0021154735795649196,-0.0,-0.0,-0.00036267561069528446,-0.0,-0.0,-0.0,-0.0,-0.0,-0.0,-0.0,-0.0,-0.0,-0.0,-0.0,-0.0,-0.0
2025-02-05,-0.0015695732022933447,-0.0,-0.0005385328287656059,0.0,-0.00099114388503142,-0.0,0.0,-0.0009023709712018457,0.0,-0.0,-0.0,-0.0,-0.0,-0.0,-0.0,0.0,-0.0,-0.0,-0.0,-0.0,-0.0
2025-02-06,0.00027172920787001196,0.0,-0.0005331789656458837,0.0,0.0006955871741576064,0.0,0.0,2.506107295544676e-06,-0.0,0.0,0.0,0.0,0.0,0.0,0.0,0.0,-0.0,-0.0,0.0,0.0,0.0
2025-02-07,-0.0004661433533807623,0.0,0.00093745000334226,0.0,0.0008301741746331318,0.0,-0.0,0.00019996382072564418,0.0,0.0,0.0,0.0,0.0,0.0,0.0,0.0,0.0,-0.0,0.0,0.0,0.0
2025-02-10,-0.00010518065215187392,0.0,-0.0006721543309349933,0.0,0.0013429897314482628,0.0,-0.0,0.0019535398198827505,-0.0,0.0,0.0,0.0,0.0,-0.0,-0.0,-0.0,0.0,0.0,0.0,0.0,0.0
2025-02-11,-0.0002871084378828713,-0.0,-0.000621093031238952,-0.0,-0.0015302387936268341,-0.0,-0.0,-0.0013495077810362908,-0.0,-0.0,-0.0,-0.0,-0.0,-0.0,-0.0,-0.0,-0.0,-0.0,-0.0,-0.0,-0.0
2025-02-12,0.00014136940487774268,-0.0,-0.0008253115746810413,-0.0,-0.0004989347900642542,-0.0,0.0,0.0010918140023407307,0.0,0.0,0.0,0.0,0.0,0.0,0.0,-0.0,0.0,-0.0,0.0,-0.0,0.0
2025-02-13,0.00034879595912954683,0.0,0.000299537203550525,0.0,0.0009327867535910002,0.0,0.0,-0.0001449666080372326,0.0,-0.0,0.0,0.0,0.0,0.0,-0.0,0.0,0.0,0.0,0.0,0.0,0.0
2025-02-14,-0.0014168388755061042,-0.0,-0.0002816896993605357,0.0,-0.0014683846764647008,-0.0,-0.0,-0.0005705142418271118,0.0,-0.0,-0.0,-0.0,0.0,-0.0,-0.0,-0.0,-0.0,-0.0,-0.0,-0.0,-0.0
2025-02-18,-0.00014420361046374184,0.0,0.00015969015326362926,0.0,-0.00040930043390238367,0.0,-0.0,0.0001918162223508778,-0.0,-0.0,0.0,-0.0,0.0,0.0,0.0,0.0,-0.0,0.0,-0.0,0.0,0.0
2025-02-19,0.0003636054140403274,0.0,-0.0009566974292153178,-0.0,-0.0011121480387057034,-0.0,-0.0,0.0010401377110315071,-0.0,0.0,0.0,0.0,-0.0,0.0,-0.0,0.0,-0.0,-0.0,0.0,0.0,0.0
2025-02-20,0.0005167829580600343,0.0,-0.000603007159556488,-0.0,4.423139730533707e-05,-0.0,-0.0,0.0006182308811107076,-0.0,-0.0,0.0,0.0,0.0,0.0,0.0,-0.0,-0.0,-0.0,0.0,-0.0,-0.0
2025-02-21,-0.0028054729957517933,-0.0,-0.0019794036806022068,-0.0,5.054918604972475e-05,-0.0,-0.0,-0.0009977490107661573,0.0,-0.0,-0.0,-0.0,-0.0,-0.0,-0.0,-0.0,-0.0,0.0,-0.0,-0.0,-0.0
2025-02-24,-0.0007216117276405398,-0.0,-0.0012743996504780094,-0.0,-0.0008697289010427024,-0.0,-0.0,-0.0005616255549332204,0.0,0.0,0.0,-0.0,0.0,0.0,-0.0,0.0,0.0,-0.0,0.0,-0.0,-0.0
2025-02-25,-5.853292687705247e-05,0.0,-8.398159135812533e-05,-0.0,0.0005257103912800615,-0.0,-0.0,0.0009869140819799799,0.0,-0.0,-0.0,-0.0,0.0,-0.0,0.0,0.0,-0.0,0.0,-0.0,0.0,-0.0
2025-02-26,-0.00013469209004551342,-0.0,0.00029632063412627204,0.0,-0.00011093880141567628,0.0,0.0,-0.0005346106229880547,0.0,-0.0,-0.0,-0.0,0.0,-0.0,-0.0,0.0,0.0,0.0,-0.0,-0.0,-0.0
2025-02-27,-2.1550274144745918e-05,0.0,3.1436316129425784e-06,-0.0,-0.0014984804492125675,-0.0,0.0,-0.0019428891639521682,-0.0,-0.0,0.0,-0.0,0.0,0.0,-0.0,0.0,-0.0,-0.0,-0.0,-0.0,-0.0
2025-02-28,-4.795640833787459e-05,-0.0,0.00017196027388292608,-0.0,-0.0008300757798014589,0.0,-0.0,-0.0015550769478420623,0.0,-0.0,0.0,-0.0,-0.0,-0.0,-0.0,-0.0,-0.0,-0.0,-0.0,0.0,-0.0
2025-03-03,-0.00021499454229973358,0.0,-1.8811062328940447e-05,-0.0,-0.000650408222961809,-0.0,0.0,-0.0011393371215116307,0.0,0.0,-0.0,-0.0,-0.0,0.0,-0.0,0.0,-0.0,-0.0,-0.0,-0.0,-0.0
2025-03-04,-0.00011052265840798546,-0.0,0.0,-0.0,3.6705129184588796e-05,0.0,-0.0,0.0006752614604229823,0.0,0.0,0.0,0.0,0.0,0.0,-0.0,-0.0,-0.0,0.0,0.0007930514320375837,0.0,0.0
2025-03-05,-0.00033100170230493446,-0.0,-0.0,-0.0,0.00013354385621382748,-0.0,-0.0,0.0013975865419408623,0.0,-0.0,0.0,0.0,-0.0,-0.0,-0.0,0.0,-0.0,0.0,-0.002096967165175172,-0.0,-0.0
2025-03-06,0.0005823405939477706,-0.0,-0.0,-0.0,0.0010766408973182508,-0.0,-0.0,-0.001680211132792583,-0.0,0.0,-0.0,0.0,0.0,-0.0,-0.0,0.0,0.0,0.0,-0.0008925327122413478,-0.0,-0.0
2025-03-07,-0.0004510088876977509,0.0,-0.0,-0.0,-0.0009517037727321831,-0.0,-0.0,-0.0004876858575654918,-0.0,-0.0,-0.0,-0.0,-0.0,-0.0,-0.0,-0.0,-0.0,0.0,0.00135837440392244,-0.0,0.0
2025-03-10,-0.0011067882327711871,-0.0,-0.0,-0.0,-0.0014100578682842665,-0.0,-0.0,-0.0010029072173604306,-0.0,-0.0,-0.0,0.0,-0.0,-0.0,-0.0,-0.0,-0.0,-0.0,-0.002035207963938695,-0.0,-0.0
2025-03-11,0.0004028491411976761,-0.0,0.0,-0.0,-0.0003479197493493197,0.0,-0.0,0.0013533948828139653,0.0,-0.0,0.0,0.0,0.0,0.0,0.0,-0.0,0.0,0.0,2.737419070191599e-05,0.0,0.0
2025-03-12,0.0010967970941041533,-0.0,-0.0,0.0,-0.0008690162703235536,-0.0,-0.0,-0.0005454863593693522,-0.0,-0.0,0.0,0.0,-0.0,0.0,-0.0,-0.0,0.0,-0.0,0.0004286070413314034,-0.0,0.0
2025-03-13,-0.00017850735683765193,0.0,0.0,0.0,9.771463612215649e-05,0.0,0.0,0.00044719628323245015,-0.0,0.0,-0.0,0.0,-0.0,0.0,-0.0,-0.0,0.0,0.0,8.740107724620318e-07,-0.0,0.0
2025-03-14,0.001224058093223654,0.0,-0.0,-0.0,0.0005397988309098614,0.0,0.0,0.0003757406170962772,0.0,0.0,0.0,0.0,0.0,-0.0,-0.0,0.0,0.0,0.0,-4.548080511211643e-05,0.0,0.0
2025-03-17,-0.00022371694244613724,-0.0,-0.0,-0.0,-0.002318847414121903,-0.0,-0.0,0.0007477117184764058,-0.0,-0.0,-0.0,-0.0,-0.0,0.0,-0.0,-0.0,-0.0,-0.0,-0.0007543709036405947,-0.0,-0.0
2025-03-18,-0.0011554943576575025,-0.0,-0.0,0.0,-0.0010441219599172016,-0.0,-0.0,-0.0010114116277730077,-0.0,-0.0,-0.0,-0.0,0.0,-0.0,-0.0,-0.0,0.0,-0.0,-0.0004958589328091159,-0.0,-0.0
2025-03-19,1.6428643768343913e-05,0.0,-0.0,0.0,-0.0006513730765914542,0.0,-0.0,0.00041755603601187905,0.0,-0.0,-0.0,-0.0,0.0,0.0,0.0,-0.0,-0.0,0.0,-0.0002467738893564188,0.0,0.0
2025-03-20,-0.00022535961483681163,0.0,-0.0,-0.0,1.4082438408075844e-05,-0.0,0.0,6.655141405265824e-05,-0.0,-0.0,0.0,-0.0,-0.0,0.0,0.0,-0.0,-0.0,-0.0,0.0002827552447316265,-0.0,0.0
2025-03-21,-7.360487629783822e-05,0.0,0.0,0.0,0.0009466274039791761,0.0,0.0,-0.00018755564957849036,0.0,0.0,-0.0,0.0,0.0,0.0,0.0,0.0,-0.0,-0.0,0.0006885504408997383,-0.0,0.0
2025-03-24,0.0003505018792279117,0.0,-0.0,-0.0,7.28267711282289e-05,0.0,-0.0,0.0004221990146235281,0.0,0.0,0.0,0.0,-0.0,-0.0,-0.0,0.0,-0.0,-0.0,0.0004966489445163488,0.0,-0.0
2025-03-25,0.000546703124085014,-0.0,0.0,0.0,0.00048627528718841393,0.0,0.0,-0.00043575050946875033,0.0,0.0,0.0,0.0,0.0,-0.0,0.0,0.0,0.0,0.0,0.0006295504573181255,0.0,0.0
2025-03-26,0.0007035807293440373,-0.0,0.0,0.0,0.0001566536525919071,0.0,-0.0,-0.0008778519813857415,0.0,0.0,0.0,0.0,0.0,-0.0,0.0,0.0,0.0,-0.0,0.001705760746454504,-0.0,0.0
2025-03-27,-0.0005132475378094717,0.0,-0.0,0.0,0.0003162293730887165,0.0,-0.0,0.00017642724884952733,-0.0,-0.0,0.0,0.0,-0.0,0.0,-0.0,0.0,0.0,-0.0,0.0003151901155958517,0.0,0.0
2025-03-28,-0.0008198298992845336,-0.0,-0.0,-0.0,0.0002499179518242273,-0.0,0.0,0.0004360526817994762,-0.0,-0.0,0.0,-0.0,-0.0,-0.0,-0.0,0.0,0.0,0.0,-0.0008274314989571489,0.0,-0.0
2025-03-31,0.00033107110933398387,-0.0,-0.0,-0.0,-0.0008190629430792523,-0.0,-0.0,-0.0015873639598920329,-0.0,-0.0,-0.0,-0.0,-0.0,-0.0,-0.0,-0.0,-0.0,-0.0,-0.001319085483407343,-0.0,-0.0
2025-04-01,0.000319372160439918,0.0,0.0,0.0,0.00035862523498179493,0.0,0.0,0.0005686644794098612,-0.0,0.0,-0.0,-0.0,0.0,0.0,0.0,0.0,0.0,-0.0,0.0012734595555822042,0.0,0.0
2025-04-02,0.00015232765617698708,0.0,0.0,0.0005381912839937276,0.0,0.0,0.0,-0.0,0.0,0.0009830096352360985,0.0,0.0,0.0,0.0,0.0,0.0,0.0,0.0,6.926241390565747e-05,-0.0,0.0
2025-04-03,0.0013729212089910873,-0.0,0.0,-0.00045311089399227664,-0.0,0.0,0.0,0.0,-0.0,0.00173666754207589,-0.0,0.0,-0.0,0.0,-0.0,0.0,0.0,0.0,-0.0011966332205279532,0.0,0.0
2025-04-04,-0.0002882610858135323,-0.0,-0.0,-0.00013831158801758578,-0.0,-0.0,-0.0,-0.0,-0.0,-0.000338229297204511,0.0,-0.0,-0.0,-0.0,-0.0,-0.0,-0.0,-0.0,-0.00015796463585791655,0.0,-0.0
2025-04-07,0.0008005237246950105,0.0,-0.0,0.0005090860145103689,0.0,0.0,-0.0,0.0,0.0,0.0020249515354005872,0.0,0.0,0.0,0.0,-0.0,0.0,-0.0,0.0,7.593807934621776e-05,0.0,0.0
2025-04-08,0.0004015525115985982,0.0,0.0,-0.0006384514125931314,0.0,0.0,-0.0,0.0,-0.0,-0.00030774300017966165,-0.0,0.0,-0.0,0.0,0.0,0.0,-0.0,0.0,0.002029477426304722,0.0,0.0
2025-04-09,0.0006716794777264081,0.0,0.0,0.001564289104858138,0.0,-0.0,0.0,-0.0,0.0,0.0012368419858998394,-0.0,-0.0,0.0,0.0,0.0,0.0,0.0,0.0,0.0010711435142452869,0.0,0.0
2025-04-10,-0.0006103402211733159,0.0,0.0,-0.0006047904945924539,0.0,-0.0,-0.0,-0.0,-0.0,-0.0002712490085689276,0.0,-0.0,-0.0,0.0,-0.0,0.0,-0.0,0.0,0.0003886882382351295,-0.0,-0.0
2025-04-11,-0.001099657355140219,-0.0,0.0,-3.072098965653101e-06,0.0,0.0,0.0,-0.0,-0.0,-0.0008371108198362466,-0.0,0.0,-0.0,0.0,0.0,-0.0,-0.0,0.0,-0.00046529081892151235,0.0,-0.0
2025-04-14,0.00036949902978088053,0.0,0.0,0.0009637025793183389,0.0,0.0,0.0,0.0,0.0,0.0010235808868728246,0.0,-0.0,0.0,0.0,0.0,0.0,-0.0,-0.0,0.0008531603995329829,0.0,0.0
2025-04-15,0.00025140082075760856,-0.0,-0.0,0.00027403408598027356,-0.0,0.0,0.0,0.0,0.0,0.0011595411241332885,-0.0,-0.0,-0.0,0.0,0.0,0.0,0.0,0.0,0.0003073380123688634,0.0,0.0
2025-04-16,0.0006846257339516811,-0.0,-0.0,0.00020177420941038134,0.0,0.0,-0.0,-0.0,-0.0,0.0009731668423265734,-0.0,-0.0,-0.0,-0.0,-0.0,-0.0,-0.0,-0.0,0.0003561279879219647,0.0,-0.0
2025-04-17,0.00030628567537066537,0.0,0.0,3.761935939694363e-05,0.0,0.0,-0.0,0.0,0.0,0.0005611339086311519,-0.0,0.0,0.0,0.0,-0.0,0.0,0.0,0.0,0.00038327016534378853,0.0,0.0
2025-04-21,-0.0013162486555342268,0.0,0.0,0.001064506670377729,0.0,0.0,0.0,0.0,0.0,-0.0010570608763629614,-0.0,0.0,-0.0,0.0,0.0,-0.0,0.0,0.0,-3.264413035730984e-05,-0.0,0.0
2025-04-22,-6.037623161437332e-06,0.0,-0.0,0.00014836407749613842,0.0,0.0,-0.0,-0.0,0.0,0.0004143797006128125,-0.0,-0.0,-0.0,-0.0,-0.0,0.0,-0.0,-0.0,0.0008034688448687873,0.0,0.0
2025-04-23,0.0020506026128147615,-0.0,0.0,0.0004974339195555431,-0.0,0.0,0.0,0.0,0.0,0.0006889824498748063,0.0,0.0,0.0,-0.0,-0.0,0.0,0.0,-0.0,-0.000376675195292321,0.0,0.0
2025-04-24,0.0004802686479037593,-0.0,0.0,0.00015108372324085204,-0.0,0.0,-0.0,-0.0,-0.0,-0.00031671355058973276,-0.0,-0.0,0.0,-0.0,-0.0,-0.0,-0.0,0.0,-0.0007214515723419344,-0.0,-0.0
2025-04-25,0.0002768218684328755,-0.0,0.0,0.0017437576488028403,-0.0,0.0,0.0,0.0,0.0,0.0010447796218397802,0.0,0.0,0.0,0.0,0.0,0.0,0.0,0.0,0.0008190775667099225,0.0,0.0
2025-04-28,-8.182452480861643e-05,0.0,-0.0,1.1490039120161129e-05,0.0,-0.0,-0.0,-0.0,0.0,-0.0008845579431948183,-0.0,0.0,-0.0,-0.0,-0.0,-0.0,-0.0,-0.0,-0.0007355902062898124,-0.0,-0.0
2025-04-29,-0.0008564695221259626,0.0,0.0,-0.0006516577183200977,0.0,-0.0,-0.0,0.0,0.0,-0.00043495247097506,0.0,-0.0,-0.0,-0.0,-0.0,-0.0,-0.0,0.0,-0.0003106604861920875,0.0,-0.0
2025-04-30,-0.0009459077962530839,0.0,-0.0,-0.00044637798845718565,0.0,0.0,0.0,0.0,0.0,0.0007680851510406633,0.0,0.0,-0.0,-0.0,-0.0,-0.0,-0.0,-0.0,-0.0004563639114937516,0.0,0.0
2025-05-01,0.00026083020131541224,0.0,0.0,0.0004816277141050141,-0.0,0.0,-0.0,0.0,0.0,0.0015673660307121387,0.0,0.0,0.0,0.0,0.0,0.0,0.0,-0.0,0.001297807045231883,0.0,0.0
2025-05-02,-0.0007639604677857515,-0.0,-0.0,-0.0013600999840084117,-0.0,-0.0,-0.0,-0.0,0.0,-0.0017175252206069194,-0.0,-0.0,0.0,-0.0,-0.0,-0.0,-0.0,0.0,-5.4172642960514944e-05,-0.0,-0.0
2025-05-05,-0.002026131111452563,-0.0,-0.0,-0.0014455775923528933,-0.0,-0.0,-0.0,-0.0,-0.0,-0.0010667780156062806,-0.0,-0.0,-0.0,-0.0,-0.0,0.0,-0.0,-0.0,-0.0001422943506639345,-0.0,-0.0
2025-05-06,-0.0018974417166676783,-0.0,-0.0,-0.0025688813452767884,-0.0,-0.0,-0.0,-0.0,0.0,-0.002199019904196877,-0.0,0.0,-0.0,-0.0,-0.0,-0.0,0.0,-0.0,-0.0006224444741262007,-0.0,-0.0
2025-05-07,3.491441314150641e-05,-0.0,0.0,-0.0010152527610398324,0.0,-0.0,-0.0,0.0,0.0,0.0012704282612430236,0.0,0.0,-0.0,0.0,0.0,0.0,-0.0,-0.0,-0.0012746583671864298,-0.0,0.0
2025-05-08,-0.0008743914394466384,0.0,-0.0,0.0007372629105481146,-0.0,-0.0,-0.0,0.0,-0.0,-6.077177676235449e-06,-0.0,-0.0,-0.0,-0.0,-0.0,-0.0,-0.0,-0.0,-0.0005322093487092799,-0.0,-0.0
2025-05-09,6.87924086179853e-05,0.0,-0.0,-0.0006381655258587076,-0.0,-0.0,0.0,-0.0,-0.0,-0.0015732908137160808,-0.0,-0.0,-0.0,0.0,-0.0,0.0,-0.0,0.0,0.0003921975720198665,0.0,-0.0
2025-05-12,-0.0004526107416963872,0.0,-0.0,0.0016375801777756668,0.0,-0.0,0.0,0.0,-0.0,0.000324238500877723,0.0,-0.0,0.0,0.0,-0.0,0.0,0.0,-0.0,0.0013154311211603562,-0.0,0.0
2025-05-13,0.0001446194363385332,-0.0,0.0,-6.4522127199283e-05,0.0,0.0,-0.0,-0.0,-0.0,-0.0005287877872152173,0.0,0.0,0.0,-0.0,0.0,0.0,0.0,0.0,-0.0004950916841891159,-0.0,-0.0
2025-05-14,-0.0006606302146410097,-0.0,0.0,0.00010200177098828759,-0.0,0.0,-0.0,0.0,0.0,-0.00037435125368934897,0.0,-0.0,-0.0,0.0,0.0,0.0,-0.0,0.0,0.0010559796966810035,0.0,0.0
2025-05-15,0.0009457659698552099,0.0,-0.0,-0.00117207022292266,0.0,-0.0,0.0,-0.0,-0.0,0.0005444754112963763,-0.0,0.0,-0.0,-0.0,-0.0,-0.0,-0.0,-0.0,5.8821230117755836e-05,-0.0,-0.0
2025-05-16,-0.000782993100542451,0.0,-0.0,0.0003739742128508839,0.0,0.0,0.0,0.0,0.0,0.0010559326472484407,0.0,0.0,0.0,0.0,0.0,0.0,0.0,-0.0,-0.001441059690526985,0.0,0.0
2025-05-19,-0.0004660819001045799,0.0,0.0,0.0015419214323618218,0.0,0.0,0.0,0.0,0.0,0.00045334952227908584,-0.0,-0.0,0.0,0.0,0.0,0.0,0.0,-0.0,0.00020719432889008472,0.0,0.0
2025-05-20,-8.044262893252406e-05,-0.0,0.0,0.0006967855639275812,-0.0,-0.0,-0.0,-0.0,-0.0,-0.0008074588265019804,-0.0,0.0,-0.0,-0.0,-0.0,-0.0,-0.0,-0.0,-0.0009657507748029778,-0.0,-0.0
2025-05-21,0.0010255061453593617,-0.0,-0.0,0.00010638759209473335,0.0,0.0,0.0,-0.0,-0.0,-0.000511631898329245,-0.0,-0.0,0.0,-0.0,-0.0,-0.0,-0.0,0.0,-0.0005084263512413579,-0.0,-0.0
2025-05-22,0.0007819235700317244,0.0,0.0,-0.00020610746610864522,-0.0,0.0,-0.0,0.0,0.0,0.0006039764292493,0.0,0.0,0.0,0.0,0.0,0.0,0.0,0.0,0.001314092180583902,0.0,0.0
2025-05-23,0.0006024307498377106,-0.0,-0.0,-0.00043101745527652824,0.0,0.0,-0.0,0.0,-0.0,-8.64243754177633e-05,0.0,0.0,0.0,0.0,-0.0,-0.0,0.0,0.0,0.00043798046774340415,0.0,0.0
2025-05-27,-0.0007365305588569219,-0.0,-0.0,-0.0013364416141592084,-0.0,-0.0,-0.0,0.0,0.0,-0.0007506308049325253,-0.0,-0.0,-0.0,-0.0,-0.0,-0.0,0.0,-0.0,-0.0011363809294406154,-0.0,-0.0
2025-05-28,-0.00032930879487487344,0.0,-0.0,0.0012303135898158466,0.0,0.0,0.0,0.0,-0.0,0.0007404713709076414,0.0,0.0,0.0,0.0,-0.0,0.0,0.0,0.0,-9.542136092289154e-05,-0.0,0.0
2025-05-29,-0.0009037042545992432,0.0,-0.0,0.0005331887225771951,-0.0,-0.0,0.0,-0.0,-0.0,-0.001619708263790725,-0.0,-0.0,-0.0,-0.0,-0.0,-0.0,0.0,0.0,-0.0002878040262543025,-0.0,-0.0
2025-05-30,-4.470092722871307e-05,0.0,0.0,0.0009248589064256639,-0.0,0.0,0.0,0.0,0.0,0.0002587722297252017,0.0,0.0,0.0,0.0,0.0,0.0,0.0,0.0,0.000666375913474456,0.0,0.0
2025-06-02,-0.0002962870577411776,0.0,0.0,0.00036915526448102565,0.0,0.0,0.0,0.0,0.0,0.0005360446033150602,0.0,0.0,0.0,0.0,0.0,0.0,-0.0,0.0,0.0010671324923947239,0.0,0.0
2025-06-03,0.00045406011003814597,-0.0,0.0,0.00125693321417697,0.0,-0.0,0.0,-0.0,0.0,0.0012685772945708832,0.0,0.0,0.0,0.0,-0.0,0.0,0.0,0.0,-0.0004055915347170425,-0.0,0.0
2025-06-04,-0.000689023118249619,0.0,-0.0,-0.0005922978225627575,-0.0,-0.0,0.0,0.0,0.0,0.0006972459653340077,0.0,-0.0,-0.0,-0.0,0.0,0.0,0.0,0.0,-0.00016674000788747837,0.0,0.0
2025-06-05,0.00011664002394692885,-0.0,-0.0,-7.061916599377543e-05,-0.0,0.0,-0.0,-0.0,0.0,-0.00011101072459421357,-0.0,-0.0,0.0,-0.0,-0.0,0.0,0.0,0.0,-0.0008835431197927845,-0.0,-0.0
2025-06-06,-0.0005197254885865116,0.0,0.0,0.0007181568465301312,-0.0,0.0,0.0,0.0,0.0,0.0006839704928774155,0.0,0.0,0.0,0.0,-0.0,0.0,0.0,-0.0,2.972899675092527e-06,-0.0,0.0
2025-06-09,1.0248198498234941e-05,-0.0,-0.0,-0.0008101761615742924,0.0,0.0,-0.0,0.0,-0.0,-0.00027452070959219793,0.0,0.0,-0.0,0.0,-0.0,0.0,-0.0,0.0,0.001305702265642244,0.0,-0.0
2025-06-10,-0.00019800743571814366,0.0,-0.0,-0.00030362920541736587,0.0,-0.0,0.0,0.0,0.0,0.0009149699539711869,0.0,-0.0,-0.0,0.0,0.0,0.0,-0.0,0.0,-0.00037181063595296036,0.0,0.0
2025-06-11,0.0014681476229956578,-0.0,0.0,-8.329959518306053e-07,-0.0,-0.0,-0.0,0.0,0.0,0.0008262715855469506,-0.0,0.0,0.0,0.0,-0.0,0.0,-0.0,0.0,0.00016617154569353913,0.0,0.0
2025-06-12,-7.765768174791388e-05,-0.0,-0.0,0.0006858513654878488,0.0,-0.0,0.0,-0.0,0.0,0.0006120026966206522,0.0,-0.0,-0.0,-0.0,-0.0,-0.0,0.0,-0.0,-0.0008739247729845827,-0.0,-0.0
2025-06-13,0.0005309057461893498,0.0,-0.0,0.0010094828866322684,-0.0,-0.0,-0.0,-0.0,-0.0,-0.0013361926515267867,-0.0,-0.0,-0.0,-0.0,-0.0,0.0,-0.0,-0.0,-0.0004549466497945593,0.0,-0.0
2025-06-16,-0.001194853094404522,-0.0,-0.0,-0.0005862673463474544,-0.0,-0.0,0.0,-0.0,-0.0,-0.0012570449954354428,-0.0,0.0,-0.0,-0.0,-0.0,-0.0,0.0,-0.0,-0.0006938611935739947,-0.0,-0.0
2025-06-17,-0.0005452884679765943,-0.0,-0.0,-0.0007828206421726927,-0.0,0.0,-0.0,0.0,-0.0,-0.0004010139158051959,-0.0,-0.0,-0.0,-0.0,-0.0,-0.0,-0.0,-0.0,0.0002606220143013661,-0.0,-0.0
2025-06-18,-0.00169021197693476,-0.0,-0.0,-0.0014417251117950457,-0.0,-0.0,0.0,-0.0,-0.0,-0.0006791815312986787,-0.0,-0.0,-0.0,-0.0,0.0,-0.0,-0.0,-0.0,-0.0012706203912772808,-0.0,-0.0
2025-06-20,0.00012737690287933378,0.0,0.0,0.0004189684661010425,0.0,0.0,-0.0,0.0,-0.0,0.0021313355007884388,0.0,0.0,0.0,-0.0,-0.0,0.0,0.0,-0.0,0.00048497270931752726,-0.0,0.0
2025-06-23,0.0008235630447420535,0.0,0.0,0.0006367836150091838,0.0,0.0,0.0,0.0,0.0,-0.0002499716583426886,0.0,0.0,0.0,0.0,0.0,0.0,0.0,0.0,-0.00028069179458765404,0.0,0.0
2025-06-24,0.00029689444070649687,0.0,0.0,0.0007429868119673672,0.0,0.0,0.0,0.0,0.0,0.0008089249594907087,0.0,0.0,0.0,0.0,0.0,0.0,0.0,0.0,0.00019717841977787194,0.0,0.0
2025-06-25,-0.001731126710495684,-0.0,-0.0,-0.0006159563500418595,-0.0,-0.0,-0.0,-0.0,-0.0,-0.0009887820179507998,-0.0,-0.0,0.0,-0.0,-0.0,-0.0,-0.0,-0.0,-0.00013584702623609175,-0.0,-0.0
2025-06-26,-0.0005585719057250663,-0.0,0.0,0.0001334560370727882,-0.0,0.0,0.0,0.0,0.0,0.0006000643978614056,0.0,0.0,0.0,0.0,0.0,0.0,-0.0,0.0,-0.00017747446156792966,0.0,0.0
2025-06-27,-0.0008053201281332447,0.0,0.0,0.0006789125768329055,0.0,-0.0,0.0,0.0,0.0,0.00209175622286295,-0.0,0.0,0.0,0.0,0.0,0.0,0.0,0.0,0.0013037416321106231,0.0,0.0
2025-06-30,-0.0009433745686080877,-0.0,-0.0,-0.0003790794057342936,-0.0,-0.0,-0.0,-0.0,-0.0,0.00038755638207601536,-0.0,-0.0,-0.0,0.0,0.0,-0.0,-0.0,-0.0,-0.0008751546241097053,0.0,-0.0
2025-07-01,0.00048136228452533633,0.0,-0.0,-0.00015631022445691966,-0.0,-0.0,-0.0,0.0,0.0,-0.0011174648959093939,0.0,0.0,0.0,-0.0,-0.0,-0.0,0.0,0.0,-5.227811943219874e-05,0.0,0.0
2025-07-02,-0.0,-0.0011785708532371264,-0.0,-0.001422933622361966,0.0,-0.0,-0.0,-0.0,-0.0,-4.0288495356810554e-05,-0.0,-0.0,-0.0,-0.0,-0.0,-0.0,-0.0,-0.0,8.65044019819905e-05,-0.0,-0.0
2025-07-03,-0.0,-0.00043123949504498876,0.0,0.000685294238388284,-0.0,-0.0,-0.0,0.0,-0.0,0.001216596032274907,-0.0,0.0,0.0,0.0,0.0,0.0,0.0,-0.0,0.0006837511332161352,0.0,0.0
2025-07-07,0.0,-0.000512342291710662,-0.0,-0.0018118540080257655,-0.0,-0.0,-0.0,-0.0,-0.0,-0.00040581000717726745,0.0,-0.0,-0.0,0.0,0.0,-0.0,-0.0,-0.0,-0.001967405333959224,-0.0,-0.0
2025-07-08,-0.0,-0.0007085647348161514,0.0,0.001199183966013764,-0.0,0.0,0.0,0.0,-0.0,-0.0010231132466270003,-0.0,-0.0,0.0,0.0,0.0,-0.0,0.0,0.0,0.002360812755646868,0.0,0.0
2025-07-09,-0.0,-0.00154744908126218,-0.0,-0.0007609637678355477,-0.0,-0.0,-0.0,-0.0,-0.0,-0.0009706654580566403,-0.0,-0.0,0.0,-0.0,-0.0,-0.0,-0.0,-0.0,-0.0016144061875256557,-0.0,-0.0
2025-07-10,0.0,-0.0006822514609698903,0.0,0.0007317948610272677,0.0,0.0,0.0,0.0,0.0,0.0006400070350539145,0.0,-0.0,0.0,-0.0,0.0,-0.0,0.0,-0.0,0.0016267412679479287,-0.0,0.0
2025-07-11,0.0,-0.00015522966910824532,0.0,0.001082954145426854,0.0,-0.0,-0.0,0.0,-0.0,0.0012818548295396922,0.0,-0.0,0.0,-0.0,0.0,0.0,0.0,-0.0,0.0002766254414260932,-0.0,0.0
2025-07-14,-0.0,0.0004965971684349447,-0.0,-0.0009239598810635818,-0.0,-0.0,-0.0,-0.0,-0.0,-0.0016846340665058678,-0.0,-0.0,-0.0,-0.0,0.0,-0.0,0.0,-0.0,-0.0013111156661669069,-0.0,-0.0
2025-07-15,-0.0,-0.0010931979559076679,-0.0,-0.0012591643608917916,-0.0,0.0,0.0,-0.0,0.0,-0.00116094624611369,-0.0,-0.0,-0.0,-0.0,-0.0,0.0,0.0,-0.0,-0.0009495846083120797,-0.0,-0.0
2025-07-16,-0.0,-0.0008294313130557375,-0.0,-0.0018930334912253364,-0.0,-0.0,-0.0,-0.0,-0.0,-0.00042385594270985934,-0.0,-0.0,-0.0,-0.0,-0.0,-0.0,0.0,-0.0,-0.001659277468144072,-0.0,-0.0
2025-07-17,0.0,-0.0006872251177512854,-0.0,-0.0003029046304102754,0.0,0.0,0.0,-0.0,-0.0,0.0009036313589287613,-0.0,0.0,0.0,-0.0,-0.0,-0.0,0.0,-0.0,-0.0005178322597953306,-0.0,-0.0
2025-07-18,-0.0,0.00020409159291175647,-0.0,0.00016894109586803279,-0.0,-0.0,0.0,-0.0,-0.0,-1.3821655725788816e-05,0.0,-0.0,0.0,-0.0,-0.0,-0.0,-0.0,-0.0,-0.0002697250996701116,-0.0,-0.0
2025-07-21,-0.0,-0.0014891973141665405,-0.0,-0.001230136500742266,-0.0,-0.0,-0.0,-0.0,-0.0,-5.409317223869514e-05,-0.0,-0.0,-0.0,0.0,-0.0,-0.0,-0.0,-0.0,-0.0005150012958022904,-0.0,-0.0
2025-07-22,-0.0,0.0002720806780876355,0.0,0.0006635280395267062,0.0,-0.0,0.0,0.0,0.0,0.0005842872067030826,-0.0,-0.0,-0.0,0.0,0.0,-0.0,-0.0,0.0,0.0012357694929144548,0.0,0.0
2025-07-23,-0.0,-0.00019079722450990715,-0.0,-0.0018343986983723145,-0.0,-0.0,-0.0,-0.0,-0.0,0.0004350442287117816,0.0,-0.0,-0.0,-0.0,-0.0,-0.0,-0.0,0.0,-9.062879919765471e-05,-0.0,-0.0
2025-07-24,0.0,0.0009677352897729982,-0.0,-0.0008180451918971351,0.0,-0.0,-0.0,-0.0,-0.0,-0.0004959771809647206,-0.0,0.0,-0.0,-0.0,-0.0,-0.0,-0.0,-0.0,-0.0005335496897665459,-0.0,-0.0
2025-07-25,0.0,0.0001332173909122511,-0.0,0.00048688444229224795,0.0,-0.0,0.0,-0.0,0.0,3.61709442682903e-05,-0.0,-0.0,-0.0,0.0,-0.0,0.0,-0.0,-0.0,-0.0007961130174547237,0.0,-0.0
2025-07-28,0.0,0.0001845887254643371,0.0,0.0004646760590279495,0.0,0.0,0.0,0.0,-0.0,-0.0002467616089409988,0.0,0.0,-0.0,0.0,0.0,0.0,0.0,0.0,0.0004059769851961325,0.0,0.0
2025-07-29,-0.0,0.0007827883743176855,0.0,-0.00022081634209042782,0.0,0.0,0.0,0.0,-0.0,0.000857630383781706,0.0,-0.0,-0.0,0.0,0.0,0.0,0.0,0.0,-4.660675826578084e-06,0.0,0.0
2025-07-30,-0.0,0.0013659056794707788,0.0,-0.0004945364987693677,-0.0,-0.0,0.0,-0.0,-0.0,-0.000950058498210987,0.0,0.0,0.0,-0.0,-0.0,-0.0,-0.0,-0.0,-0.0010050115836384439,0.0,-0.0
2025-07-31,0.0,-0.0007576508229997598,0.0,-0.0016624430612046674,0.0,0.0,-0.0,0.0,0.0,0.0008648449337588378,-0.0,0.0,0.0,0.0,-0.0,0.0,0.0,0.0,0.002084724214731392,-0.0,0.0
2025-08-01,-0.0,-0.0011787807787982097,-0.0,-0.0012483448314161997,-0.0,-0.0,-0.0,0.0,-0.0,-0.0009578051650292435,-0.0,-0.0,-0.0,-0.0,-0.0,0.0,-0.0,-0.0,-0.00046673923603079406,-0.0,-0.0
2025-08-04,-0.0,-0.00013720103497217865,0.0,0.0007686962171659541,-0.0,0.0,0.0,-0.0,0.0,0.00028761906918186594,-0.0,-0.0,-0.0,0.0,-0.0,0.0,-0.0,0.0,0.00020714515706199427,0.0,0.0
2025-08-05,0.0,-0.00019846475423065566,0.0,-0.0003168845579768593,0.0,-0.0,-0.0,0.0,0.0,-0.0005749604550847317,0.0,-0.0,0.0,0.0,-0.0,-0.0,-0.0,0.0,0.0009462697065853581,0.0,0.0
2025-08-06,0.0,-0.0004834325045600513,0.0,-0.0005798285316424991,-0.0,0.0,0.0,0.0,-0.0,-0.0006027994729270218,-0.0,-0.0,-0.0,0.0,-0.0,-0.0,-0.0,-0.0,-0.00208142809603863,0.0,-0.0
2025-08-07,0.0,-0.0006550205140130343,0.0,-0.0013799563926950452,0.0,0.0,-0.0,0.0,0.0,0.0005087818856634923,-0.0,0.0,0.0,-0.0,0.0,-0.0,0.0,-0.0,0.0018095572877404533,-0.0,0.0
2025-08-08,-0.0,0.000549399368621197,0.0,-0.0015483777111675668,-0.0,-0.0,-0.0,-0.0,-0.0,0.00010135169630201996,0.0,-0.0,-0.0,0.0,-0.0,-0.0,-0.0,-0.0,-0.0010393545242863298,-0.0,-0.0
2025-08-11,-0.0,-0.0006964305550960186,0.0,0.001099461120379356,0.0,0.0,0.0,-0.0,-0.0,0.0010633485381018866,0.0,0.0,0.0,-0.0,0.0,0.0,-0.0,-0.0,-0.00032325003685680404,0.0,0.0
2025-08-12,0.0,0.00017706970237603415,0.0,0.000739377669445552,-0.0,0.0,-0.0,0.0,0.0,-0.0004908873791812338,0.0,-0.0,-0.0,-0.0,-0.0,0.0,0.0,-0.0,-6.0375127890758704e-05,0.0,0.0
2025-08-13,-0.0,-0.0008807497937042295,-0.0,-0.0025077984565285544,-0.0,-0.0,-0.0,-0.0,-0.0,-0.00268940632296553,-0.0,-0.0,-0.0,-0.0,-0.0,-0.0,-0.0,-0.0,-0.0009317314686366719,-0.0,-0.0
2025-08-14,0.0,0.0006471342749121793,0.0,0.0002291772300012995,-0.0,0.0,0.0,0.0,0.0,-5.563185556544689e-06,0.0,0.0,0.0,0.0,0.0,0.0,-0.0,0.0,0.002167526029926826,-0.0,0.0
2025-08-15,-0.0,-0.002358018523753849,-0.0,-0.0016681642614910308,-0.0,-0.0,-0.0,-0.0,-0.0,-0.0024000294932360233,-0.0,-0.0,-0.0,-0.0,-0.0,-0.0,-0.0,-0.0,-0.0005560230428112282,-0.0,-0.0
2025-08-18,-0.0,-0.001244360634360241,-0.0,-0.0011270393963088215,-0.0,0.0,0.0,-0.0,0.0,0.0007360043431894353,-0.0,0.0,-0.0,0.0,-0.0,-0.0,-0.0,-0.0,-0.0006820869929989921,-0.0,-0.0
2025-08-19,-0.0,0.00040803549121959154,0.0,-0.0007795524960738172,-0.0,0.0,0.0,0.0,0.0,0.0014849734137692338,-0.0,0.0,0.0,0.0,0.0,0.0,-0.0,0.0,-0.0006813611347534232,0.0,0.0
2025-08-20,-0.0,-0.0006738893289509711,-0.0,-0.00026317925355333544,0.0,-0.0,-0.0,0.0,-0.0,-0.0008557801976372706,-0.0,-0.0,-0.0,0.0,0.0,-0.0,0.0,0.0,-0.0004588442255869193,-0.0,-0.0
2025-08-21,-0.0,-0.0006416466158078939,-0.0,-0.00038681276918483615,-0.0,-0.0,-0.0,-0.0,-0.0,0.00038016113543487697,-0.0,-0.0,-0.0,-0.0,0.0,-0.0,-0.0,-0.0,-0.001259747398757522,-0.0,-0.0
2025-08-22,-0.0,-0.001515794488389118,-0.0,-0.00017680230960595398,-0.0,-0.0,-0.0,-0.0,-0.0,0.0002910891144374216,-0.0,-0.0,-0.0,-0.0,0.0,-0.0,0.0,-0.0,-0.0017367055393288306,-0.0,-0.0
2025-08-25,0.0,0.0010915872193215347,0.0,0.0011301374748957029,0.0,0.0,0.0,0.0,0.0,-0.0005523422545637886,0.0,0.0,0.0,0.0,0.0,0.0,0.0,0.0,0.0009699060038342049,-0.0,0.0
2025-08-26,-0.0,-0.0009391151975727688,-0.0,-0.0020495979686850343,-0.0,-0.0,-0.0,-0.0,-0.0,-0.0017631312134892404,-0.0,-0.0,-0.0,-0.0,-0.0,-0.0,-0.0,-0.0,-0.001044696585848764,-0.0,-0.0
2025-08-27,0.0,0.0007367328069688604,0.0,0.0006401477262045336,-0.0,0.0,0.0,0.0,0.0,-0.0005056875356977492,0.0,0.0,0.0,-0.0,0.0,0.0,0.0,-0.0,0.0009717905184974741,0.0,0.0
2025-08-28,0.0,0.0009443821805259613,-0.0,-0.00019610156177636125,-0.0,0.0,0.0,-0.0,0.0,-7.837220202902097e-05,-0.0,0.0,0.0,-0.0,-0.0,-0.0,0.0,0.0,0.0004851413268864424,0.0,-0.0
2025-08-29,0.0,-0.0009288118597254435,-0.0,-0.0006741311104538989,-0.0,0.0,-0.0,0.0,-0.0,-0.0006231757719704701,-0.0,0.0,-0.0,-0.0,-0.0,0.0,-0.0,-0.0,-0.00017617825228268712,0.0,-0.0
2025-09-02,0.0,-0.0007885224738897901,-0.0,-0.00043365623768800164,-0.0,0.0,0.0,0.0,0.0,-0.000293620389083316,-0.0,-0.0,-0.0,-0.0,-0.0,0.0,0.0,-0.0,-0.0003577740534461472,-0.0,-0.0
2025-09-03,-0.0,-0.0009425801708597305,-0.0,-0.0,0.0,-0.0,0.0,0.0,-0.0016119092269358593,-0.001977854806357671,-0.0,-0.0,-0.0,0.0,-0.0,-0.0,-0.0,0.0,0.0005888223222394684,-0.0,-0.0
2025-09-04,0.0,0.00035883157966258783,0.0,-0.0,0.0,0.0,0.0,0.0,0.0008822107849143739,-0.0004954769396129358,-0.0,0.0,0.0,0.0,0.0,0.0,0.0,0.0,0.00015409146912011935,0.0,0.0
2025-09-05,0.0,0.0003559800237255801,-0.0,0.0,0.0,0.0,0.0,0.0,-0.00044886967602598575,0.0005896682748595131,0.0,0.0,-0.0,0.0,0.0,0.0,0.0,0.0,-2.658289830223458e-05,0.0,0.0
2025-09-08,-0.0,-0.001534142998275282,-0.0,-0.0,-0.0,-0.0,-0.0,-0.0,-0.0012962687240587836,-0.0005082535048051767,-0.0,-0.0,-0.0,0.0,-0.0,0.0,-0.0,-0.0,-0.0011253461590454894,-0.0,-0.0
2025-09-09,-0.0,-0.0016142967813736057,0.0,-0.0,0.0,-0.0,-0.0,-0.0,-0.0011382312826394687,-0.0016016917365057678,-0.0,0.0,-0.0,-0.0,-0.0,-0.0,0.0,0.0,0.00016156343465452926,-0.0,-0.0
2025-09-10,0.0,-0.0008458920686309383,-0.0,-0.0,0.0,0.0,-0.0,0.0,-0.000687625740819758,-0.0013300401228768426,-0.0,0.0,-0.0,-0.0,-0.0,0.0,-0.0,-0.0,4.749767649481892e-06,-0.0,-0.0
2025-09-11,0.0,0.0009587447368386517,0.0,0.0,0.0,-0.0,0.0,0.0,0.00032046958038375824,0.0013932681531199868,0.0,0.0,-0.0,-0.0,0.0,0.0,0.0,0.0,0.0005025106106491603,0.0,0.0
2025-09-12,-0.0,-0.0006359404180205661,-0.0,-0.0,0.0,-0.0,-0.0,-0.0,0.0003895571508870388,-0.001556697364670836,0.0,-0.0,-0.0,-0.0,-0.0,-0.0,-0.0,-0.0,-0.0009823396877680825,-0.0,-0.0
2025-09-15,0.0,0.0017039015887700822,0.0,0.0,0.0,0.0,0.0,0.0,0.0010535890253973914,0.000861250533213437,0.0,0.0,-0.0,-0.0,0.0,0.0,0.0,0.0,0.0018341463419295147,0.0,0.0
2025-09-16,-0.0,0.0013418140765087028,0.0,0.0,-0.0,0.0,0.0,-0.0,0.00029451773752302724,-0.0008962541376089143,-0.0,0.0,0.0,-0.0,-0.0,-0.0,-0.0,0.0,-0.0009413667874793998,-0.0,-0.0
2025-09-17,-0.0,-0.0001086217106299246,-0.0,-0.0,-0.0,-0.0,0.0,-0.0,-0.0013953863951375925,-5.5416271697384235e-05,-0.0,-0.0,-0.0,-0.0,-0.0,0.0,0.0,-0.0,0.0012957616456595793,-0.0,-0.0
2025-09-18,-0.0,0.0005983441261113648,0.0,-0.0,-0.0,-0.0,-0.0,-0.0,0.00014512113202636657,-0.0016965296767828461,-0.0,-0.0,0.0,0.0,-0.0,0.0,-0.0,0.0,-0.0005927641111917241,-0.0,-0.0
2025-09-19,-0.0,9.89706488122224e-05,0.0,0.0,0.0,-0.0,0.0,-0.0,0.0006907109821193533,-0.000610635417239784,-0.0,-0.0,-0.0,0.0,-0.0,-0.0,-0.0,0.0,-0.0005925643422734714,0.0,-0.0
2025-09-22,0.0,0.0004975261459541091,0.0,-0.0,-0.0,-0.0,-0.0,-0.0,-9.269022975568638e-05,-4.198505970420348e-05,-0.0,-0.0,-0.0,-0.0,-0.0,0.0,-0.0,-0.0,-0.0004504400228972136,-0.0,-0.0
2025-09-23,0.0,0.0013767749565300057,-0.0,-0.0,0.0,-0.0,0.0,0.0,-0.0008390505097098965,0.0004568567378281386,-0.0,-0.0,-0.0,0.0,0.0,-0.0,-0.0,-0.0,0.0004399593001004674,-0.0,0.0
2025-09-24,-0.0,-1.1602584498604826e-05,-0.0,-0.0,0.0,-0.0,-0.0,-0.0,-0.0009737587199124215,-0.0009362841990482058,-0.0,-0.0,-0.0,-0.0,-0.0,-0.0,-0.0,-0.0,-0.0011492324709880236,-0.0,-0.0
2025-09-25,-0.0,-0.0007362804034425153,-0.0,-0.0,-0.0,-0.0,-0.0,-0.0,-0.0010948635499191122,-0.0015770279997645838,-0.0,-0.0,-0.0,-0.0,-0.0,-0.0,-0.0,-0.0,-0.0009771649573127319,-0.0,-0.0
2025-09-26,-0.0,-0.00035456507022945695,-0.0,-0.0,-0.0,-0.0,-0.0,-0.0,-0.0005808352130404301,-0.00033452472653751515,0.0,0.0,-0.0,0.0,-0.0,-0.0,-0.0,-0.0,-0.0008541659848171964,0.0,-0.0
2025-09-29,-0.0,-0.0010527413499427792,-0.0,-0.0,-0.0,-0.0,-0.0,-0.0,0.0007387639415722986,-0.0017395041086071,-0.0,-0.0,-0.0,-0.0,-0.0,-0.0,-0.0,-0.0,-0.001406669045406138,-0.0,-0.0
2025-09-30,0.0,-0.0006582138749651209,0.0,-0.0,-0.0,0.0,0.0,-0.0,-0.000722270128490399,-0.0004328634708764001,-0.0,-0.0,-0.0,-0.0,-0.0,0.0,0.0,0.0,-0.0015050950474356133,-0.0,-0.0
2025-10-01,-0.0,-6.460121554390342e-05,-0.0,-0.0,-0.0,-0.0,-0.0,-0.0,-0.000508408355125609,-0.0005004554946613497,-0.0,-0.0,-0.0,-0.0,-0.0,-0.0,0.0,-0.0,-0.000387787836675038,-0.0,-0.0
2025-10-02,-0.0,-0.0009816246264859997,-0.0,-0.0,-0.0,-0.0,-0.0,-0.0,-0.0,-0.0007699454798413275,0.0001703404424443944,-0.0,0.0,-0.0,-0.0,-0.0,-0.0,-0.0,-0.0006007952194028832,0.0,-0.0
2025-10-03,0.0,0.0009896349995052458,0.0,0.0,0.0,0.0,0.0,0.0,0.0,0.001821156597913203,0.0005260226568762476,0.0,0.0,0.0,0.0,0.0,0.0,0.0,-0.0002775061255861708,0.0,0.0
2025-10-06,0.0,-0.0016052249181552588,-0.0,0.0,-0.0,-0.0,0.0,0.0,0.0,-0.000714032981964642,-0.0005578208985451094,0.0,0.0,-0.0,-0.0,-0.0,-0.0,-0.0,-0.0004304082297515936,-0.0,0.0
2025-10-07,0.0,0.0013356537870765136,-0.0,0.0,0.0,0.0,0.0,0.0,0.0,-0.0010512041441791905,0.0010988367343516459,0.0,0.0,0.0,0.0,0.0,0.0,0.0,0.00012641973137772657,0.0,0.0
2025-10-08,-0.0,-0.0011366207833305607,-0.0,-0.0,-0.0,-0.0,-0.0,-0.0,-0.0,-0.0013435800212905009,-0.0007418197553473084,-0.0,-0.0,-0.0,-0.0,-0.0,-0.0,-0.0,-0.0003785810954622139,-0.0,-0.0
2025-10-09,-0.0,-3.6461422935875566e-05,0.0,-0.0,-0.0,-0.0,-0.0,-0.0,-0.0,-0.00026458440874697426,-7.954285937277518e-05,0.0,-0.0,-0.0,0.0,0.0,-0.0,-0.0,-0.0012390880161378096,-0.0,-0.0
2025-10-10,-0.0,0.0011419509594926525,0.0,-0.0,0.0,0.0,-0.0,0.0,0.0,5.539143880362357e-05,0.0005557383936986777,0.0,0.0,-0.0,-0.0,-0.0,0.0,-0.0,-7.787083868030424e-05,-0.0,0.0
2025-10-13,-0.0,-0.000353536269601796,-0.0,-0.0,-0.0,0.0,-0.0,-0.0,-0.0,-0.0006568256682709502,-0.000638570909619254,0.0,-0.0,-0.0,-0.0,-0.0,-0.0,-0.0,-0.001300896249003818,-0.0,-0.0
2025-10-14,-0.0,0.0015313545151216688,-0.0,-0.0,0.0,0.0,0.0,0.0,0.0,-0.00026352474039640484,-0.0004926280436181665,-0.0,0.0,0.0,0.0,0.0,0.0,0.0,0.0009912062246220563,0.0,0.0
2025-10-15,-0.0,-0.001554245519382919,-0.0,-0.0,-0.0,-0.0,-0.0,-0.0,-0.0,-0.0013152502394197885,-0.0004891855065477857,-0.0,-0.0,-0.0,-0.0,-0.0,-0.0,-0.0,-0.0011010536684612421,-0.0,-0.0
2025-10-16,-0.0,0.001533345896219855,-0.0,0.0,0.0,0.0,-0.0,-0.0,-0.0,-0.00047441965446688207,-0.00016322637366822393,-0.0,-0.0,-0.0,0.0,-0.0,-0.0,-0.0,0.00020625578128509936,-0.0,-0.0
2025-10-17,-0.0,0.0004510523149276077,-0.0,-0.0,-0.0,-0.0,-0.0,-0.0,-0.0,-0.0006854521505562011,-0.0009199015956250554,-0.0,-0.0,0.0,-0.0,-0.0,0.0,-0.0,-0.0005503328636610306,-0.0,-0.0
2025-10-20,0.0,0.00025487923757384537,-0.0,-0.0,0.0,0.0,0.0,0.0,-0.0,0.000830941281505893,-0.0006554832472802721,0.0,0.0,0.0,-0.0,0.0,0.0,0.0,-0.0010510914114772048,0.0,0.0
2025-10-21,-0.0,0.0006668862862953387,-0.0,-0.0,-0.0,-0.0,-0.0,-0.0,0.0,-0.00015734036088185788,-0.0003759874156956527,0.0,0.0,-0.0,-0.0,-0.0,-0.0,0.0,-0.00037895920426577823,-0.0,-0.0
2025-10-22,0.0,-0.000991743407008452,-0.0,-0.0,-0.0,-0.0,0.0,0.0,-0.0,-0.0004941451013561895,-0.0010741630456243103,-0.0,0.0,-0.0,-0.0,-0.0,0.0,0.0,-0.0009224126652057971,-0.0,-0.0
2025-10-23,-0.0,-0.00033267978788076015,-0.0,0.0,0.0,0.0,-0.0,-0.0,0.0,0.0006188448909275317,-0.00021692785567599914,0.0,0.0,0.0,0.0,0.0,0.0,0.0,0.0006252573076981983,-0.0,-0.0
2025-10-24,-0.0,0.0006245598675557343,0.0,-0.0,-0.0,-0.0,-0.0,0.0,0.0,-8.529600027802202e-05,-0.0005702343909022384,-0.0,-0.0,-0.0,-0.0,-0.0,0.0,0.0,0.0008286588245438674,-0.0,-0.0
2025-10-27,0.0,-0.0010544341300656429,-0.0,0.0,0.0,0.0,0.0,0.0,-0.0,-0.0006438606872357469,0.00019225106455311367,0.0,-0.0,0.0,0.0,-0.0,0.0,0.0,0.0006978221125381913,-0.0,0.0
2025-10-28,-0.0,0.0005466189234785457,0.0,0.0,0.0,-0.0,0.0,-0.0,0.0,-0.0020359467818098355,0.00041308875683097944,-0.0,-0.0,0.0,-0.0,0.0,-0.0,-0.0,-0.00029395618082987245,0.0,0.0
2025-10-29,0.0,0.0003420942255441827,0.0,0.0,-0.0,-0.0,-0.0,-0.0,0.0,-0.000908414610968928,0.0003865307927715577,0.0,-0.0,-0.0,0.0,0.0,-0.0,-0.0,-2.2678049027319248e-05,0.0,-0.0
2025-10-30,0.0,0.0011820037386455163,0.0,-0.0,0.0,-0.0,-0.0,0.0,-0.0,0.00017289321629242432,-0.0007137042509798159,-0.0,-0.0,-0.0,0.0,0.0,0.0,-0.0,-2.6486071509393134e-05,-0.0,-0.0
2025-10-31,0.0,-0.0006781432373887351,0.0,0.0,0.0,0.0,0.0,0.0,-0.0,0.0010062609298569633,0.0010353899941998362,0.0,0.0,-0.0,-0.0,-0.0,-0.0,0.0,0.0011709135488992425,-0.0,0.0
2025-11-03,-0.0,0.0010368304688698278,0.0,0.0,-0.0,-0.0,0.0,-0.0,-0.0,-0.001205273802701741,-0.00026953777248355393,0.0,0.0,0.0,0.0,0.0,-0.0,-0.0,-0.0002463957618688318,0.0,-0.0
2025-11-04,-0.0,-0.0005528800013867574,0.0,-0.0,0.0,-0.0,0.0,0.0,0.0,0.00029980046985684795,0.0,-0.0,-0.0,0.0,0.0,-0.0005416054600478782,-0.0,-0.0,0.00012446639675027795,-0.0,-0.0
2025-11-05,-0.0,-0.00024259498486892508,0.0,-0.0,0.0,0.0,-0.0,-0.0,-0.0,0.0005054930264762163,-0.0,0.0,-0.0,0.0,-0.0,-0.0007464900549993655,-0.0,0.0,-0.0011084090342010067,0.0,0.0
2025-11-06,0.0,0.00010458540205834853,0.0,0.0,0.0,0.0,0.0,0.0,0.0,0.0019571360824817267,-0.0,0.0,-0.0,0.0,0.0,-0.000243000061283849,0.0,0.0,0.0011212529203059897,0.0,0.0
2025-11-07,-0.0,-0.0014902187372440431,-0.0,0.0,-0.0,-0.0,-0.0,-0.0,-0.0,-7.683531141276078e-05,-0.0,-0.0,-0.0,-0.0,-0.0,-0.0011110484393580468,-0.0,-0.0,-0.001343267283128408,-0.0,-0.0
2025-11-10,-0.0,0.0007106667089964004,0.0,0.0,0.0,-0.0,0.0,0.0,-0.0,0.0014299381274105304,0.0,0.0,0.0,0.0,0.0,0.0015186249812409762,0.0,0.0,0.00046746267252534973,0.0,0.0
2025-11-11,-0.0,-0.0017999910458629251,-0.0,-0.0,-0.0,-0.0,-0.0,-0.0,-0.0,-0.0007363219359874884,-0.0,-0.0,0.0,-0.0,-0.0,-0.00036683034846201067,0.0,-0.0,-0.0017618448030007204,-0.0,-0.0
2025-11-12,0.0,0.0006315384125999586,-0.0,0.0,-0.0,-0.0,-0.0,0.0,-0.0,0.0004676270966134451,0.0,0.0,0.0,0.0,0.0,0.0012620769553382555,-0.0,-0.0,0.00041127392440304535,0.0,0.0
2025-11-13,0.0,0.0004176105562737031,0.0,0.0,-0.0,0.0,0.0,0.0,0.0,0.0006824028398830242,0.0,0.0,0.0,0.0,0.0,0.000811860408027944,0.0,0.0,0.0013125913870292015,0.0,0.0
2025-11-14,0.0,-0.0005512320623413519,0.0,-0.0,-0.0,-0.0,0.0,0.0,-0.0,0.0008952426316351726,0.0,-0.0,-0.0,0.0,0.0,0.00036021152567028344,0.0,-0.0,0.00011985614301369912,0.0,0.0
2025-11-17,-0.0,-0.00025534892690854224,0.0,-0.0,0.0,0.0,0.0,-0.0,0.0,-0.0008688647565278826,0.0,0.0,-0.0,0.0,-0.0,-0.0010058588932466929,-0.0,0.0,-0.0004954024864087823,-0.0,0.0
2025-11-18,-0.0,-6.558403301346746e-05,0.0,-0.0,-0.0,-0.0,-0.0,-0.0,-0.0,-0.00041850197627115766,-0.0,0.0,-0.0,0.0,0.0,-0.0014075396127381688,-0.0,0.0,9.721344140592835e-05,-0.0,-0.0
2025-11-19,-0.0,-0.00016134799987765542,-0.0,0.0,0.0,-0.0,-0.0,0.0,-0.0,0.0004231848689727081,0.0,0.0,0.0,0.0,0.0,-7.370360440171479e-05,0.0,-0.0,0.0011077608793666105,-0.0,0.0
2025-11-20,0.0,-0.00010324899920442299,-0.0,0.0,-0.0,-0.0,0.0,-0.0,0.0,0.0008941774291528349,0.0,0.0,-0.0,0.0,-0.0,-0.0010772049917992783,-0.0,0.0,0.0012152733885381721,0.0,-0.0
2025-11-21,-0.0,5.571661616699395e-05,0.0,-0.0,0.0,0.0,-0.0,-0.0,-0.0,-0.0008052169112635489,0.0,-0.0,-0.0,-0.0,-0.0,-0.001001879281655173,-0.0,0.0,-0.00015433516408220439,-0.0,-0.0
2025-11-24,0.0,0.0005865109324394721,-0.0,0.0,-0.0,0.0,-0.0,-0.0,0.0,0.000549762197473431,0.0,-0.0,-0.0,0.0,-0.0,-0.00011726449255853101,0.0,-0.0,4.344819577530678e-05,0.0,-0.0
2025-11-25,-0.0,-9.288474348461586e-05,-0.0,-0.0,-0.0,-0.0,0.0,0.0,0.0,-1.728588207921478e-05,-0.0,-0.0,-0.0,-0.0,-0.0,0.0009743862856657406,-0.0,0.0,-0.0008083338895874473,0.0,0.0
2025-11-26,-0.0,-0.0011177841928393165,0.0,0.0,0.0,-0.0,-0.0,-0.0,-0.0,0.0002858682075970745,-0.0,-0.0,-0.0,-0.0,-0.0,-0.00040083212136987064,-0.0,-0.0,0.0005023086644278285,0.0,-0.0
2025-11-28,-0.0,-0.00037279560792517893,-0.0,0.0,0.0,0.0,0.0,-0.0,-0.0,-0.0010574632589240727,-0.0,-0.0,-0.0,-0.0,0.0,-0.0013500510277946048,-0.0,0.0,-0.0020860703965625933,0.0,-0.0
2025-12-01,-0.0,-0.00040591591848995154,0.0,-0.0,-0.0,0.0,-0.0,-0.0,-0.0,-0.00025519077406001257,-0.0,0.0,-0.0,-0.0,-0.0,-0.0019457880896430627,-0.0,-0.0,8.234101630139974e-05,-0.0,-0.0
2025-12-02,0.0,-0.0007932016995705783,-0.0,0.0,-0.0,-0.0,0.0,0.0,0.0,0.00016256957492868378,0.0,-0.0,-0.0,-0.0,-0.0,0.00031324213386954016,-0.0,0.0,0.00024794822031646294,-0.0,0.0
2025-12-03,0.0,-0.0003051265192980256,-0.0,0.0,-0.0,0.0,0.0,0.0,0.0,-0.0005145606388730234,0.0,-0.0,0.0,0.0,-0.0,-0.00012487566666990365,0.0,0.0,-0.0013900170046809938,0.0,0.0
2025-12-04,0.0,-0.00036007749221570536,0.0,-0.0,0.0,0.0,0.0,0.0,0.0,3.2884700286496765e-05,0.0,-0.0,0.0,0.0,-0.0,0.00022249118904081106,0.0,-0.0,0.0003724648765125496,0.0,0.0
2025-12-05,0.0,0.00040046510356428277,0.0,0.0,0.0,-0.0,0.0,-0.0,0.0,0.0014746329713937088,0.0,0.0,0.0,0.0,-0.0,0.0004106263733390252,-0.0,0.0,0.00043901189124030015,0.0,0.0
2025-12-08,-0.0,-0.00046774144768175314,-0.0,0.0,0.0,0.0,-0.0,0.0,0.0,-0.0006608860457246564,-0.0,0.0,0.0,0.0,0.0,1.047439178813818e-05,-0.0,0.0,-0.0002534118784219303,0.0,0.0
2025-12-09,0.0,0.0007144569369829043,0.0,-0.0,0.0,0.0,-0.0,0.0,0.0,-0.0008136116576054921,0.0,-0.0,-0.0,0.0,-0.0,0.0010808813709751728,-0.0,-0.0,4.091104114683735e-05,0.0,0.0
2025-12-10,0.0,-0.0009350706833599629,0.0,0.0,-0.0,0.0,-0.0,0.0,0.0,0.0004581825625129205,-0.0,0.0,-0.0,0.0,-0.0,0.0009355167881486796,0.0,-0.0,0.00016641239954750397,-0.0,0.0
2025-12-11,-0.0,-0.0011255669359058807,-0.0,-0.0,0.0,-0.0,-0.0,-0.0,-0.0,-0.001215836658633695,-0.0,0.0,0.0,-0.0,-0.0,0.00022342694309138711,0.0,0.0,-5.585773390415555e-05,0.0,-0.0
2025-12-12,0.0,-0.0005061921128609118,-0.0,-0.0,-0.0,0.0,-0.0,-0.0,-0.0,0.0007999172703279665,0.0,0.0,-0.0,-0.0,-0.0,-0.0009426778984769085,-0.0,-0.0,-0.001315725922312844,0.0,-0.0
2025-12-15,0.0,0.0010929530571018957,0.0,0.0,0.0,0.0,-0.0,0.0,0.0,0.002328222495554159,0.0,0.0,0.0,0.0,0.0,0.0008858610213182812,0.0,0.0,0.001510616892474206,0.0,0.0
2025-12-16,-0.0,-0.0012288760336879412,0.0,-0.0,-0.0,0.0,-0.0,-0.0,-0.0,0.0004928355804698672,-0.0,-0.0,-0.0,-0.0,-0.0,0.000299710736753315,-0.0,-0.0,-0.0005058277069277768,0.0,-0.0
2025-12-17,0.0,-0.0007582009658874285,-0.0,-0.0,-0.0,0.0,-0.0,-0.0,-0.0,-0.0003790362822379997,-0.0,-0.0,-0.0,0.0,-0.0,0.0005658669415135422,0.0,0.0,0.0007416379052870835,-0.0,-0.0
2025-12-18,0.0,-2.5975981093455074e-05,0.0,0.0,-0.0,0.0,-0.0,0.0,0.0,0.0014468384660114777,-0.0,-0.0,-0.0,0.0,0.0,-0.0006616543192665876,0.0,-0.0,0.0008540396640105485,0.0,0.0
2025-12-19,0.0,-0.00011804224416677222,-0.0,-0.0,0.0,0.0,-0.0,-0.0,-0.0,0.00112894957342021,-0.0,0.0,-0.0,0.0,0.0,0.0012558481760768596,0.0,0.0,0.000836595949831522,0.0,0.0
2025-12-22,-0.0,-0.0006361013125222822,-0.0,-0.0,-0.0,0.0,-0.0,-0.0,-0.0,-0.0011957607090609039,-0.0,-0.0,-0.0,-0.0,-0.0,-0.0013722938207817769,-0.0,-0.0,0.0005323898911295524,-0.0,-0.0
2025-12-23,0.0,0.00016654329847829355,0.0,0.0,0.0,0.0,0.0,-0.0,0.0,0.0016981089734029846,0.0,-0.0,0.0,0.0,0.0,0.0011373178072300377,-0.0,-0.0,0.001175623971105829,0.0,0.0
2025-12-24,0.0,0.0009361595253654023,-0.0,0.0,0.0,-0.0,-0.0,-0.0,0.0,-0.000710383541399069,0.0,0.0,-0.0,-0.0,-0.0,0.0019839394147771303,0.0,-0.0,-0.00014838432344116789,0.0,-0.0
2025-12-26,-0.0,-0.0002566233206682349,0.0,-0.0,-0.0,-0.0,-0.0,-0.0,-0.0,-0.000775628088104743,-0.0,0.0,0.0,0.0,-0.0,-0.0018137151748619964,-0.0,-0.0,-0.002456071002263529,-0.0,-0.0
2025-12-29,0.0,0.0001060530261645454,0.0,-0.0,0.0,-0.0,0.0,0.0,0.0,-0.000598039970543969,0.0,0.0,0.0,0.0,0.0,0.0010701890357056583,0.0,-0.0,0.000847400019539627,0.0,0.0
2025-12-30,0.0,0.00040699821198403714,0.0,-0.0,0.0,-0.0,-0.0,0.0,0.0,0.000474635636808239,-0.0,0.0,-0.0,0.0,0.0,0.00014793814725303352,0.0,-0.0,0.001588219631861361,0.0,0.0
2025-12-31,-0.0,-0.0005831297851793092,-0.0,0.0,-0.0,0.0,-0.0,-0.0,-0.0,-0.0009283224799245446,-0.0,-0.0,-0.0,-0.0,-0.0,-0.0004026883705507233,-0.0,-0.0,-7.305842045577458e-05,0.0,-0.0
