session,TEST01,TEST02,TEST03,TEST04,TEST05,TEST06,TEST07,TEST08,TEST09,TEST10,TEST11,TEST12,TEST13,TEST14,TEST15,TEST16,TEST17,TEST18,TEST19,TEST20,TEST_BENCHMARK
2020-01-02,0.0,0.0,0.0,0.0,0.0,0.10000000000000002,0.0,0.0,0.10000000000000002,0.0,0.0,0.0,0.0,0.0,0.10000000000000002,0.0,0.0,0.0,0.0,0.10000000000000002,0.0
2020-01-03,0.0,0.0,0.0,0.0,0.0,0.09853811308806097,0.0,0.0,0.09989449280462578,0.0,0.0,0.0,0.0,0.0,0.09946842219096227,0.0,0.0,0.0,0.0,0.09931393218140873,0.0
2020-01-06,0.0,0.0,0.0,0.0,0.0,0.09789216810768514,0.0,0.0,0.10004533786632604,0.0,0.0,0.0,0.0,0.0,0.0986862485960552,0.0,0.0,0.0,0.0,0.09827710108440482,0.0
2020-01-07,0.0,0.0,0.0,0.0,0.0,0.09892193294353163,0.0,0.0,0.10153583633540844,0.0,0.0,0.0,0.0,0.0,0.099521484335516,0.0,0.0,0.0,0.0,0.09825741786945541,0.0
2020-01-08,0.0,0.0,0.0,0.0,0.0,0.09987691482468317,0.0,0.0,0.10123677643321208,0.0,0.0,0.0,0.0,0.0,0.10081432100888266,0.0,0.0,0.0,0.0,0.0993796269310016,0.0
2020-01-09,0.0,0.0,0.0,0.0,0.0,0.09956660783740506,0.0,0.0,0.10166790547138674,0.0,0.0,0.0,0.0,0.0,0.10161965556871894,0.0,0.0,0.0,0.0,0.09879200362214637,0.0
2020-01-10,0.0,0.0,0.0,0.0,0.0,0.10006931451190403,0.0,0.0,0.1015676168953584,0.0,0.0,0.0,0.0,0.0,0.10173563055203932,0.0,0.0,0.0,0.0,0.09876530902837129,0.0
2020-01-13,0.0,0.0,0.0,0.0,0.0,0.09924064830724234,0.0,0.0,0.10202286439556442,0.0,0.0,0.0,0.0,0.0,0.10158029622987723,0.0,0.0,0.0,0.0,0.0980859721950217,0.0
2020-01-14,0.0,0.0,0.0,0.0,0.0,0.09893162465236437,0.0,0.0,0.10173565921153732,0.0,0.0,0.0,0.0,0.0,0.10138999589410737,0.0,0.0,0.0,0.0,0.09768604890105016,0.0
2020-01-15,0.0,0.0,0.0,0.0,0.0,0.09950153662577388,0.0,0.0,0.10160526072350128,0.0,0.0,0.0,0.0,0.0,0.10175777220382967,0.0,0.0,0.0,0.0,0.09658578125699205,0.0
2020-01-16,0.0,0.0,0.0,0.0,0.0,0.09955355453381369,0.0,0.0,0.10140158288624539,0.0,0.0,0.0,0.0,0.0,0.10155964862090053,0.0,0.0,0.0,0.0,0.0959481068318301,0.0
2020-01-17,0.0,0.0,0.0,0.0,0.0,0.10014016120403547,0.0,0.0,0.10184947661850552,0.0,0.0,0.0,0.0,0.0,0.10153422727200398,0.0,0.0,0.0,0.0,0.09581432134645494,0.0
2020-01-21,0.0,0.0,0.0,0.0,0.0,0.10068624379487884,0.0,0.0,0.10176637779572173,0.0,0.0,0.0,0.0,0.0,0.1013066566542369,0.0,0.0,0.0,0.0,0.09565917579317257,0.0
2020-01-22,0.0,0.0,0.0,0.0,0.0,0.10103500738327091,0.0,0.0,0.10221814914713948,0.0,0.0,0.0,0.0,0.0,0.1026014920480427,0.0,0.0,0.0,0.0,0.09524471375083922,0.0
2020-01-23,0.0,0.0,0.0,0.0,0.0,0.10133374675937416,0.0,0.0,0.10177498483642351,0.0,0.0,0.0,0.0,0.0,0.10215705343272644,0.0,0.0,0.0,0.0,0.09415590460060988,0.0
2020-01-24,0.0,0.0,0.0,0.0,0.0,0.10100033088591534,0.0,0.0,0.10260832321705769,0.0,0.0,0.0,0.0,0.0,0.10324389150978026,0.0,0.0,0.0,0.0,0.09404299810259216,0.0
2020-01-27,0.0,0.0,0.0,0.0,0.0,0.1008257097417104,0.0,0.0,0.10417007043607382,0.0,0.0,0.0,0.0,0.0,0.10341241687586078,0.0,0.0,0.0,0.0,0.09521021720206144,0.0
2020-01-28,0.0,0.0,0.0,0.0,0.0,0.10055680849859132,0.0,0.0,0.10398013649354576,0.0,0.0,0.0,0.0,0.0,0.10277104200157625,0.0,0.0,0.0,0.0,0.09453563088928466,0.0
2020-01-29,0.0,0.0,0.0,0.0,0.0,0.10007387295530351,0.0,0.0,0.10510922122340428,0.0,0.0,0.0,0.0,0.0,0.10257101956723014,0.0,0.0,0.0,0.0,0.09397323331427623,0.0
2020-01-30,0.0,0.0,0.0,0.0,0.0,0.10011384930355954,0.0,0.0,0.10636084387106678,0.0,0.0,0.0,0.0,0.0,0.10205649313651412,0.0,0.0,0.0,0.0,0.09529959757987642,0.0
2020-01-31,0.0,0.0,0.0,0.0,0.0,0.10004723063067857,0.0,0.0,0.10770065354139584,0.0,0.0,0.0,0.0,0.0,0.10229082779276405,0.0,0.0,0.0,0.0,0.09461771090624732,0.0
2020-02-03,0.0,0.0,0.0,0.0,0.0,0.10000000000000002,0.0,0.0,0.10000000000000002,0.0,0.0,0.0,0.0,0.0,0.10000000000000002,0.0,0.0,0.0,0.0,0.10000000000000002,0.0
2020-02-04,0.0,0.0,0.0,0.0,0.0,0.10069888697644472,0.0,0.0,0.09870252661195288,0.0,0.0,0.0,0.0,0.0,0.09948082762169988,0.0,0.0,0.0,0.0,0.10049178471060925,0.0
2020-02-05,0.0,0.0,0.0,0.0,0.0,0.10218570167168253,0.0,0.0,0.0987010762584139,0.0,0.0,0.0,0.0,0.0,0.0994381755908053,0.0,0.0,0.0,0.0,0.10103955797040688,0.0
2020-02-06,0.0,0.0,0.0,0.0,0.0,0.10131330999326481,0.0,0.0,0.09834935105101028,0.0,0.0,0.0,0.0,0.0,0.10087620953890614,0.0,0.0,0.0,0.0,0.10093130091186815,0.0
2020-02-07,0.0,0.0,0.0,0.0,0.0,0.10063904249918683,0.0,0.0,0.09783935503871276,0.0,0.0,0.0,0.0,0.0,0.1010018031641042,0.0,0.0,0.0,0.0,0.10202935141527734,0.0
2020-02-10,0.0,0.0,0.0,0.0,0.0,0.10119552249993344,0.0,0.0,0.09707650325767121,0.0,0.0,0.0,0.0,0.0,0.10171080461107089,0.0,0.0,0.0,0.0,0.10230567885408293,0.0
2020-02-11,0.0,0.0,0.0,0.0,0.0,0.101028502001981,0.0,0.0,0.09755782003352097,0.0,0.0,0.0,0.0,0.0,0.10210712701025229,0.0,0.0,0.0,0.0,0.10176956865915775,0.0
2020-02-12,0.0,0.0,0.0,0.0,0.0,0.10063737019591261,0.0,0.0,0.09606942237455302,0.0,0.0,0.0,0.0,0.0,0.10127937617295499,0.0,0.0,0.0,0.0,0.10269433802270127,0.0
2020-02-13,0.0,0.0,0.0,0.0,0.0,0.10002531692600454,0.0,0.0,0.09648164493951258,0.0,0.0,0.0,0.0,0.0,0.10185961488346325,0.0,0.0,0.0,0.0,0.10219712949651762,0.0
2020-02-14,0.0,0.0,0.0,0.0,0.0,0.09988025047961377,0.0,0.0,0.09802008140497513,0.0,0.0,0.0,0.0,0.0,0.10190308418753516,0.0,0.0,0.0,0.0,0.10193305583438947,0.0
2020-02-18,0.0,0.0,0.0,0.0,0.0,0.0998658079501406,0.0,0.0,0.09713577140318093,0.0,0.0,0.0,0.0,0.0,0.10054964223498832,0.0,0.0,0.0,0.0,0.10109658622130854,0.0
2020-02-19,0.0,0.0,0.0,0.0,0.0,0.09939693102032036,0.0,0.0,0.09784841898278827,0.0,0.0,0.0,0.0,0.0,0.10064054988847485,0.0,0.0,0.0,0.0,0.10019497683574598,0.0
2020-02-20,0.0,0.0,0.0,0.0,0.0,0.10072399202513067,0.0,0.0,0.0972769701744991,0.0,0.0,0.0,0.0,0.0,0.09956217172682354,0.0,0.0,0.0,0.0,0.10060104072926163,0.0
2020-02-21,0.0,0.0,0.0,0.0,0.0,0.10107282150283947,0.0,0.0,0.09816100083975829,0.0,0.0,0.0,0.0,0.0,0.09994877128692706,0.0,0.0,0.0,0.0,0.10090453180818951,0.0
2020-02-24,0.0,0.0,0.0,0.0,0.0,0.10099685440764443,0.0,0.0,0.09653638158820668,0.0,0.0,0.0,0.0,0.0,0.0985764591293185,0.0,0.0,0.0,0.0,0.10084204601676172,0.0
2020-02-25,0.0,0.0,0.0,0.0,0.0,0.10044873535325492,0.0,0.0,0.09631624825802315,0.0,0.0,0.0,0.0,0.0,0.0978174534071419,0.0,0.0,0.0,0.0,0.10058582759517905,0.0
2020-02-26,0.0,0.0,0.0,0.0,0.0,0.10017772948962718,0.0,0.0,0.09642604381043135,0.0,0.0,0.0,0.0,0.0,0.09735984445851936,0.0,0.0,0.0,0.0,0.09961101404415577,0.0
2020-02-27,0.0,0.0,0.0,0.0,0.0,0.10001246736004535,0.0,0.0,0.09616620517044784,0.0,0.0,0.0,0.0,0.0,0.09716087549214332,0.0,0.0,0.0,0.0,0.09891314434715817,0.0
2020-02-28,0.0,0.0,0.0,0.0,0.0,0.10062219017233305,0.0,0.0,0.09508168818297966,0.0,0.0,0.0,0.0,0.0,0.09799252367511949,0.0,0.0,0.0,0.0,0.0993966610856378,0.0
2020-03-02,0.0,0.0,0.0,0.0,0.0,0.1,0.0,0.0,0.1,0.1,0.0,0.0,0.0,0.0,0.1,0.0,0.0,0.0,0.0,0.0,0.0
2020-03-03,0.0,0.0,0.0,0.0,0.0,0.10091442079756498,0.0,0.0,0.09892193850746596,0.10053134917138427,0.0,0.0,0.0,0.0,0.09987169945347768,0.0,0.0,0.0,0.0,0.0,0.0
2020-03-04,0.0,0.0,0.0,0.0,0.0,0.10004822291089457,0.0,0.0,0.09916345442023153,0.09901134408052548,0.0,0.0,0.0,0.0,0.10041058388532369,0.0,0.0,0.0,0.0,0.0,0.0
2020-03-05,0.0,0.0,0.0,0.0,0.0,0.10090240655151077,0.0,0.0,0.09975535728622192,0.09797893892201497,0.0,0.0,0.0,0.0,0.0996101909480657,0.0,0.0,0.0,0.0,0.0,0.0
2020-03-06,0.0,0.0,0.0,0.0,0.0,0.10049410306818726,0.0,0.0,0.09935248534476794,0.0983881620637094,0.0,0.0,0.0,0.0,0.09960993501826199,0.0,0.0,0.0,0.0,0.0,0.0
2020-03-09,0.0,0.0,0.0,0.0,0.0,0.09994066523853842,0.0,0.0,0.10127219439674776,0.09805161048094208,0.0,0.0,0.0,0.0,0.10005534332146704,0.0,0.0,0.0,0.0,0.0,0.0
2020-03-10,0.0,0.0,0.0,0.0,0.0,0.10137630267446518,0.0,0.0,0.10186597780850462,0.09712100535745931,0.0,0.0,0.0,0.0,0.1007957913375855,0.0,0.0,0.0,0.0,0.0,0.0
2020-03-11,0.0,0.0,0.0,0.0,0.0,0.10274063399643008,0.0,0.0,0.10177688771852367,0.09703582875784188,0.0,0.0,0.0,0.0,0.10063447061692907,0.0,0.0,0.0,0.0,0.0,0.0
2020-03-12,0.0,0.0,0.0,0.0,0.0,0.10156097397595512,0.0,0.0,0.10251479868244662,0.0974946661429108,0.0,0.0,0.0,0.0,0.10073009648592408,0.0,0.0,0.0,0.0,0.0,0.0
2020-03-13,0.0,0.0,0.0,0.0,0.0,0.1017973780609933,0.0,0.0,0.10277720289149951,0.09749327101049893,0.0,0.0,0.0,0.0,0.10063475921893068,0.0,0.0,0.0,0.0,0.0,0.0
2020-03-16,0.0,0.0,0.0,0.0,0.0,0.1028031838726747,0.0,0.0,0.10331999959688917,0.09829541319171567,0.0,0.0,0.0,0.0,0.10213924753566425,0.0,0.0,0.0,0.0,0.0,0.0
2020-03-17,0.0,0.0,0.0,0.0,0.0,0.10300242392664026,0.0,0.0,0.1033772094256398,0.09841083445024341,0.0,0.0,0.0,0.0,0.10222376307819551,0.0,0.0,0.0,0.0,0.0,0.0
2020-03-18,0.0,0.0,0.0,0.0,0.0,0.1040074680565267,0.0,0.0,0.10297402158917729,0.0985194100822797,0.0,0.0,0.0,0.0,0.10106465799308233,0.0,0.0,0.0,0.0,0.0,0.0
2020-03-19,0.0,0.0,0.0,0.0,0.0,0.10444605699751265,0.0,0.0,0.10261979579825668,0.09896292804751283,0.0,0.0,0.0,0.0,0.10102200214116229,0.0,0.0,0.0,0.0,0.0,0.0
2020-03-20,0.0,0.0,0.0,0.0,0.0,0.10434106478853356,0.0,0.0,0.10196146741350044,0.09866937162684504,0.0,0.0,0.0,0.0,0.10040384516535972,0.0,0.0,0.0,0.0,0.0,0.0
2020-03-23,0.0,0.0,0.0,0.0,0.0,0.10547160970969777,0.0,0.0,0.10008242527396567,0.09813280558097069,0.0,0.0,0.0,0.0,0.10065213145104959,0.0,0.0,0.0,0.0,0.0,0.0
2020-03-24,0.0,0.0,0.0,0.0,0.0,0.10560172128244699,0.0,0.0,0.10034828955721453,0.09816183279385657,0.0,0.0,0.0,0.0,0.10049594006354678,0.0,0.0,0.0,0.0,0.0,0.0
2020-03-25,0.0,0.0,0.0,0.0,0.0,0.10526095382642624,0.0,0.0,0.09987420110308053,0.09846599562733559,0.0,0.0,0.0,0.0,0.10129094116748179,0.0,0.0,0.0,0.0,0.0,0.0
2020-03-26,0.0,0.0,0.0,0.0,0.0,0.10499837978784125,0.0,0.0,0.10010977365118862,0.09797892446178245,0.0,0.0,0.0,0.0,0.10216581026985813,0.0,0.0,0.0,0.0,0.0,0.0
2020-03-27,0.0,0.0,0.0,0.0,0.0,0.10583195293097514,0.0,0.0,0.09950197053326902,0.0978418946172086,0.0,0.0,0.0,0.0,0.10275832557581853,0.0,0.0,0.0,0.0,0.0,0.0
2020-03-30,0.0,0.0,0.0,0.0,0.0,0.10497802506752135,0.0,0.0,0.09874287489343947,0.09789708231238471,0.0,0.0,0.0,0.0,0.10331794293804364,0.0,0.0,0.0,0.0,0.0,0.0
2020-03-31,0.0,0.0,0.0,0.0,0.0,0.1050855942251073,0.0,0.0,0.09840966054840926,0.09787619142199026,0.0,0.0,0.0,0.0,0.10430850838990406,0.0,0.0,0.0,0.0,0.0,0.0
2020-04-01,0.0,0.0,0.0,0.0,0.0,0.0,0.0,0.10000000000000003,0.10000000000000003,0.0,0.0,0.0,0.0,0.0,0.10000000000000003,0.0,0.10000000000000003,0.0,0.0,0.0,0.0
2020-04-02,0.0,0.0,0.0,0.0,0.0,0.0,0.0,0.09983286223180397,0.10065973057107719,0.0,0.0,0.0,0.0,0.0,0.09902794260576821,0.0,0.10104026567008666,0.0,0.0,0.0,0.0
2020-04-03,0.0,0.0,0.0,0.0,0.0,0.0,0.0,0.10072707512340424,0.10035438221675953,0.0,0.0,0.0,0.0,0.0,0.09813383819960124,0.0,0.10114322190364532,0.0,0.0,0.0,0.0
2020-04-06,0.0,0.0,0.0,0.0,0.0,0.0,0.0,0.10135710482370908,0.10014108248750947,0.0,0.0,0.0,0.0,0.0,0.09879450347053902,0.0,0.10099284514142283,0.0,0.0,0.0,0.0
2020-04-07,0.0,0.0,0.0,0.0,0.0,0.0,0.0,0.10304452382225204,0.09914195322916085,0.0,0.0,0.0,0.0,0.0,0.09744179000641345,0.0,0.10122357917169943,0.0,0.0,0.0,0.0
2020-04-08,0.0,0.0,0.0,0.0,0.0,0.0,0.0,0.10213164944402683,0.09912225434615457,0.0,0.0,0.0,0.0,0.0,0.0968681268046081,0.0,0.10138576674015337,0.0,0.0,0.0,0.0
2020-04-09,0.0,0.0,0.0,0.0,0.0,0.0,0.0,0.10269370529574251,0.0986542313890521,0.0,0.0,0.0,0.0,0.0,0.0966893097716894,0.0,0.10129558227506538,0.0,0.0,0.0,0.0
2020-04-13,0.0,0.0,0.0,0.0,0.0,0.0,0.0,0.10252708935116579,0.0979876479832668,0.0,0.0,0.0,0.0,0.0,0.0976197112528532,0.0,0.1015056433937174,0.0,0.0,0.0,0.0
2020-04-14,0.0,0.0,0.0,0.0,0.0,0.0,0.0,0.10171908308942278,0.09762077727700277,0.0,0.0,0.0,0.0,0.0,0.09715402668759239,0.0,0.10255240509513344,0.0,0.0,0.0,0.0
2020-04-15,0.0,0.0,0.0,0.0,0.0,0.0,0.0,0.10330132940683086,0.09744585778414756,0.0,0.0,0.0,0.0,0.0,0.09695656900524348,0.0,0.10171620753030709,0.0,0.0,0.0,0.0
2020-04-16,0.0,0.0,0.0,0.0,0.0,0.0,0.0,0.10227735530971187,0.09596658135547523,0.0,0.0,0.0,0.0,0.0,0.09741502815457385,0.0,0.10162639240183241,0.0,0.0,0.0,0.0
2020-04-17,0.0,0.0,0.0,0.0,0.0,0.0,0.0,0.10150055783620902,0.09580964947940886,0.0,0.0,0.0,0.0,0.0,0.09813496508212372,0.0,0.10157315443431547,0.0,0.0,0.0,0.0
2020-04-20,0.0,0.0,0.0,0.0,0.0,0.0,0.0,0.10136517380405573,0.09637993657303487,0.0,0.0,0.0,0.0,0.0,0.09831521590590722,0.0,0.10304690635596313,0.0,0.0,0.0,0.0
2020-04-21,0.0,0.0,0.0,0.0,0.0,0.0,0.0,0.10005911908848782,0.09605298221646162,0.0,0.0,0.0,0.0,0.0,0.0980965477977927,0.0,0.103383455485046,0.0,0.0,0.0,0.0
2020-04-22,0.0,0.0,0.0,0.0,0.0,0.0,0.0,0.09958436923750756,0.09657974327579874,0.0,0.0,0.0,0.0,0.0,0.09848031120557585,0.0,0.10308430163457254,0.0,0.0,0.0,0.0
2020-04-23,0.0,0.0,0.0,0.0,0.0,0.0,0.0,0.09835422791184582,0.09607117383193414,0.0,0.0,0.0,0.0,0.0,0.09762984056233216,0.0,0.10134440340792776,0.0,0.0,0.0,0.0
2020-04-24,0.0,0.0,0.0,0.0,0.0,0.0,0.0,0.09797237754096567,0.09638046543366126,0.0,0.0,0.0,0.0,0.0,0.09700206207820813,0.0,0.10067686659488821,0.0,0.0,0.0,0.0
2020-04-27,0.0,0.0,0.0,0.0,0.0,0.0,0.0,0.09655637469044533,0.0958100375175959,0.0,0.0,0.0,0.0,0.0,0.09797998131679063,0.0,0.1007993189874576,0.0,0.0,0.0,0.0
2020-04-28,0.0,0.0,0.0,0.0,0.0,0.0,0.0,0.09684277979549656,0.09544789816866195,0.0,0.0,0.0,0.0,0.0,0.09748349950690344,0.0,0.1010718217458614,0.0,0.0,0.0,0.0
2020-04-29,0.0,0.0,0.0,0.0,0.0,0.0,0.0,0.09599952147056812,0.09629704495723879,0.0,0.0,0.0,0.0,0.0,0.09760911355582776,0.0,0.10074529508866154,0.0,0.0,0.0,0.0
2020-04-30,0.0,0.0,0.0,0.0,0.0,0.0,0.0,0.09674200176137733,0.09670670533470434,0.0,0.0,0.0,0.0,0.0,0.09777297213577324,0.0,0.10103432994210794,0.0,0.0,0.0,0.0
2020-05-01,0.0,0.0,0.0,0.0,0.0,0.0,0.0,0.10000000000000002,0.10000000000000002,0.0,0.0,0.0,0.0,0.0,0.10000000000000002,0.0,0.10000000000000002,0.0,0.0,0.0,0.0
2020-05-04,0.0,0.0,0.0,0.0,0.0,0.0,0.0,0.10045650031838763,0.09870648584716614,0.0,0.0,0.0,0.0,0.0,0.09948366517672282,0.0,0.09933235157849304,0.0,0.0,0.0,0.0
2020-05-05,0.0,0.0,0.0,0.0,0.0,0.0,0.0,0.10088464455944457,0.09830844969357078,0.0,0.0,0.0,0.0,0.0,0.09940616323159437,0.0,0.09915325832260433,0.0,0.0,0.0,0.0
2020-05-06,0.0,0.0,0.0,0.0,0.0,0.0,0.0,0.10243386216074521,0.09783300529473356,0.0,0.0,0.0,0.0,0.0,0.09951716699532162,0.0,0.09919911763217579,0.0,0.0,0.0,0.0
2020-05-07,0.0,0.0,0.0,0.0,0.0,0.0,0.0,0.10179223138796722,0.09696299987315823,0.0,0.0,0.0,0.0,0.0,0.09928394605875239,0.0,0.09912003973397933,0.0,0.0,0.0,0.0
2020-05-08,0.0,0.0,0.0,0.0,0.0,0.0,0.0,0.10172372723325111,0.09710849371604156,0.0,0.0,0.0,0.0,0.0,0.09863369710053226,0.0,0.09904069792710232,0.0,0.0,0.0,0.0
2020-05-11,0.0,0.0,0.0,0.0,0.0,0.0,0.0,0.10252896290148607,0.09816033487636576,0.0,0.0,0.0,0.0,0.0,0.09941356256723115,0.0,0.09954745743015951,0.0,0.0,0.0,0.0
2020-05-12,0.0,0.0,0.0,0.0,0.0,0.0,0.0,0.10265759459753732,0.09746698921207787,0.0,0.0,0.0,0.0,0.0,0.09843827180996426,0.0,0.09916559948817172,0.0,0.0,0.0,0.0
2020-05-13,0.0,0.0,0.0,0.0,0.0,0.0,0.0,0.10284244163900408,0.09667036349720765,0.0,0.0,0.0,0.0,0.0,0.09854057374345461,0.0,0.09780916150965248,0.0,0.0,0.0,0.0
2020-05-14,0.0,0.0,0.0,0.0,0.0,0.0,0.0,0.10294111355742867,0.09549576369017772,0.0,0.0,0.0,0.0,0.0,0.0987479724542347,0.0,0.09808928552777842,0.0,0.0,0.0,0.0
2020-05-15,0.0,0.0,0.0,0.0,0.0,0.0,0.0,0.10297796748974443,0.09456129082908352,0.0,0.0,0.0,0.0,0.0,0.09869425657705963,0.0,0.09810844209222883,0.0,0.0,0.0,0.0
2020-05-18,0.0,0.0,0.0,0.0,0.0,0.0,0.0,0.10314817230951646,0.09494631181498521,0.0,0.0,0.0,0.0,0.0,0.09946534959363311,0.0,0.09843960961248471,0.0,0.0,0.0,0.0
2020-05-19,0.0,0.0,0.0,0.0,0.0,0.0,0.0,0.10334123802519524,0.09543664611318088,0.0,0.0,0.0,0.0,0.0,0.10044819003334422,0.0,0.09825044657824983,0.0,0.0,0.0,0.0
2020-05-20,0.0,0.0,0.0,0.0,0.0,0.0,0.0,0.10400606092507154,0.09440779836016507,0.0,0.0,0.0,0.0,0.0,0.1005544029965526,0.0,0.0972943904286182,0.0,0.0,0.0,0.0
2020-05-21,0.0,0.0,0.0,0.0,0.0,0.0,0.0,0.10404453779698308,0.0954024487863795,0.0,0.0,0.0,0.0,0.0,0.09984034666000746,0.0,0.09753205201535521,0.0,0.0,0.0,0.0
2020-05-22,0.0,0.0,0.0,0.0,0.0,0.0,0.0,0.10371270733159754,0.09470624271881006,0.0,0.0,0.0,0.0,0.0,0.0993531590904907,0.0,0.09753596460573657,0.0,0.0,0.0,0.0
2020-05-26,0.0,0.0,0.0,0.0,0.0,0.0,0.0,0.10402478352742979,0.09502466862118125,0.0,0.0,0.0,0.0,0.0,0.09962301907163665,0.0,0.09732539229485485,0.0,0.0,0.0,0.0
2020-05-27,0.0,0.0,0.0,0.0,0.0,0.0,0.0,0.103927837817934,0.09447358559983986,0.0,0.0,0.0,0.0,0.0,0.09970394082451058,0.0,0.09804243499032456,0.0,0.0,0.0,0.0
2020-05-28,0.0,0.0,0.0,0.0,0.0,0.0,0.0,0.10230549206564278,0.09542003601161878,0.0,0.0,0.0,0.0,0.0,0.0992669504643696,0.0,0.09749330540659276,0.0,0.0,0.0,0.0
2020-05-29,0.0,0.0,0.0,0.0,0.0,0.0,0.0,0.1024388969013986,0.09572379310842322,0.0,0.0,0.0,0.0,0.0,0.09910034759648365,0.0,0.09775801132496872,0.0,0.0,0.0,0.0
2020-06-01,0.0,0.0,0.0,0.1,0.0,0.0,0.0,0.0,0.0,0.0,0.1,0.0,0.0,0.0,0.1,0.0,0.1,0.0,0.0,0.0,0.0
2020-06-02,0.0,0.0,0.0,0.10087446297462896,0.0,0.0,0.0,0.0,0.0,0.0,0.09969049316709129,0.0,0.0,0.0,0.10033789178212221,0.0,0.09989001755859334,0.0,0.0,0.0,0.0
2020-06-03,0.0,0.0,0.0,0.09946339659152091,0.0,0.0,0.0,0.0,0.0,0.0,0.1002037867288724,0.0,0.0,0.0,0.1001166919644374,0.0,0.09939096939542887,0.0,0.0,0.0,0.0
2020-06-04,0.0,0.0,0.0,0.09974147719733234,0.0,0.0,0.0,0.0,0.0,0.0,0.10025493440650282,0.0,0.0,0.0,0.0997571010410821,0.0,0.09835120779926747,0.0,0.0,0.0,0.0
2020-06-05,0.0,0.0,0.0,0.09940614220654392,0.0,0.0,0.0,0.0,0.0,0.0,0.10030822901385018,0.0,0.0,0.0,0.0992190033119828,0.0,0.09680636690123456,0.0,0.0,0.0,0.0
2020-06-08,0.0,0.0,0.0,0.09892835305182873,0.0,0.0,0.0,0.0,0.0,0.0,0.10033875307287358,0.0,0.0,0.0,0.09822822987233924,0.0,0.09710888533464145,0.0,0.0,0.0,0.0
2020-06-09,0.0,0.0,0.0,0.09741486214176925,0.0,0.0,0.0,0.0,0.0,0.0,0.10031249443713663,0.0,0.0,0.0,0.09636245887002695,0.0,0.09702904749745607,0.0,0.0,0.0,0.0
2020-06-10,0.0,0.0,0.0,0.09711653561101777,0.0,0.0,0.0,0.0,0.0,0.0,0.0998124793574514,0.0,0.0,0.0,0.09684586051449538,0.0,0.09793747963170728,0.0,0.0,0.0,0.0
2020-06-11,0.0,0.0,0.0,0.0965876804398785,0.0,0.0,0.0,0.0,0.0,0.0,0.09925616737862394,0.0,0.0,0.0,0.09677459623286248,0.0,0.098198901122206,0.0,0.0,0.0,0.0
2020-06-12,0.0,0.0,0.0,0.09542141697364545,0.0,0.0,0.0,0.0,0.0,0.0,0.098626129832552,0.0,0.0,0.0,0.09670485344513761,0.0,0.09690897675850778,0.0,0.0,0.0,0.0
2020-06-15,0.0,0.0,0.0,0.09553933843022462,0.0,0.0,0.0,0.0,0.0,0.0,0.09908165908912545,0.0,0.0,0.0,0.09777494027092729,0.0,0.09776600294527037,0.0,0.0,0.0,0.0
2020-06-16,0.0,0.0,0.0,0.09650477671543696,0.0,0.0,0.0,0.0,0.0,0.0,0.09938922167517748,0.0,0.0,0.0,0.096819191909538,0.0,0.09714254096217516,0.0,0.0,0.0,0.0
2020-06-17,0.0,0.0,0.0,0.09684313717514959,0.0,0.0,0.0,0.0,0.0,0.0,0.09976421679819482,0.0,0.0,0.0,0.09517629945666432,0.0,0.09749720231658239,0.0,0.0,0.0,0.0
2020-06-18,0.0,0.0,0.0,0.09740976165821591,0.0,0.0,0.0,0.0,0.0,0.0,0.09986045815324153,0.0,0.0,0.0,0.09507014881527766,0.0,0.09784615833112015,0.0,0.0,0.0,0.0
2020-06-19,0.0,0.0,0.0,0.09610470129044768,0.0,0.0,0.0,0.0,0.0,0.0,0.09966548334076908,0.0,0.0,0.0,0.0936102610814038,0.0,0.09966176047647597,0.0,0.0,0.0,0.0
2020-06-22,0.0,0.0,0.0,0.09659282240515647,0.0,0.0,0.0,0.0,0.0,0.0,0.10010844619698732,0.0,0.0,0.0,0.09321500519093184,0.0,0.09925699992629,0.0,0.0,0.0,0.0
2020-06-23,0.0,0.0,0.0,0.09668724272237142,0.0,0.0,0.0,0.0,0.0,0.0,0.10070463388207145,0.0,0.0,0.0,0.0935904497539104,0.0,0.09920112834129478,0.0,0.0,0.0,0.0
2020-06-24,0.0,0.0,0.0,0.09681762104471399,0.0,0.0,0.0,0.0,0.0,0.0,0.09951981155943124,0.0,0.0,0.0,0.0936327869917755,0.0,0.09914982851144893,0.0,0.0,0.0,0.0
2020-06-25,0.0,0.0,0.0,0.09809068209462653,0.0,0.0,0.0,0.0,0.0,0.0,0.09970451975641,0.0,0.0,0.0,0.09427030010228467,0.0,0.09894617108547808,0.0,0.0,0.0,0.0
2020-06-26,0.0,0.0,0.0,0.09750555121354683,0.0,0.0,0.0,0.0,0.0,0.0,0.09911785300026875,0.0,0.0,0.0,0.094499053201528,0.0,0.09823623488388669,0.0,0.0,0.0,0.0
2020-06-29,0.0,0.0,0.0,0.09541849846262009,0.0,0.0,0.0,0.0,0.0,0.0,0.09962427372197091,0.0,0.0,0.0,0.09411229160647128,0.0,0.09962936333936653,0.0,0.0,0.0,0.0
2020-06-30,0.0,0.0,0.0,0.09518372785786418,0.0,0.0,0.0,0.0,0.0,0.0,0.10140553020320678,0.0,0.0,0.0,0.09422725953757131,0.0,0.09969216536510901,0.0,0.0,0.0,0.0
2020-07-01,0.0,0.0,0.0,0.1,0.0,0.0,0.0,0.1,0.0,0.0,0.0,0.0,0.0,0.0,0.1,0.0,0.1,0.0,0.0,0.0,0.0
2020-07-02,0.0,0.0,0.0,0.09930103284631656,0.0,0.0,0.0,0.09950266428941454,0.0,0.0,0.0,0.0,0.0,0.0,0.09820419140618225,0.0,0.09920500291963057,0.0,0.0,0.0,0.0
2020-07-06,0.0,0.0,0.0,0.09919734946505002,0.0,0.0,0.0,0.10118447464174114,0.0,0.0,0.0,0.0,0.0,0.0,0.09675512012127072,0.0,0.10007817490321717,0.0,0.0,0.0,0.0
2020-07-07,0.0,0.0,0.0,0.09911025538502392,0.0,0.0,0.0,0.1029063107087646,0.0,0.0,0.0,0.0,0.0,0.0,0.0978895233326948,0.0,0.10050238156900174,0.0,0.0,0.0,0.0
2020-07-08,0.0,0.0,0.0,0.09865790458221997,0.0,0.0,0.0,0.10289044628956974,0.0,0.0,0.0,0.0,0.0,0.0,0.09784630793148258,0.0,0.10096402220097002,0.0,0.0,0.0,0.0
2020-07-09,0.0,0.0,0.0,0.0969735621563035,0.0,0.0,0.0,0.10358248092115871,0.0,0.0,0.0,0.0,0.0,0.0,0.09810885550752341,0.0,0.10023133424942895,0.0,0.0,0.0,0.0
2020-07-10,0.0,0.0,0.0,0.09719395306405477,0.0,0.0,0.0,0.10298468363425613,0.0,0.0,0.0,0.0,0.0,0.0,0.0984525923167663,0.0,0.10010785046898975,0.0,0.0,0.0,0.0
2020-07-13,0.0,0.0,0.0,0.09687769111820344,0.0,0.0,0.0,0.10209096649014125,0.0,0.0,0.0,0.0,0.0,0.0,0.09862941367477325,0.0,0.10046227329692625,0.0,0.0,0.0,0.0
2020-07-14,0.0,0.0,0.0,0.09651656892134268,0.0,0.0,0.0,0.10215154515722775,0.0,0.0,0.0,0.0,0.0,0.0,0.09847958532269799,0.0,0.09993178180743062,0.0,0.0,0.0,0.0
2020-07-15,0.0,0.0,0.0,0.09581332115519964,0.0,0.0,0.0,0.10168331083098903,0.0,0.0,0.0,0.0,0.0,0.0,0.09772544738604619,0.0,0.09932534515909089,0.0,0.0,0.0,0.0
2020-07-16,0.0,0.0,0.0,0.09635547454651826,0.0,0.0,0.0,0.10031570398152577,0.0,0.0,0.0,0.0,0.0,0.0,0.09790653648364571,0.0,0.09968900622142313,0.0,0.0,0.0,0.0
2020-07-17,0.0,0.0,0.0,0.09647729495574474,0.0,0.0,0.0,0.09995551221681559,0.0,0.0,0.0,0.0,0.0,0.0,0.09865441868264321,0.0,0.10043294662841763,0.0,0.0,0.0,0.0
2020-07-20,0.0,0.0,0.0,0.096079967424975,0.0,0.0,0.0,0.09964322813210384,0.0,0.0,0.0,0.0,0.0,0.0,0.09842935152573555,0.0,0.09970502877298541,0.0,0.0,0.0,0.0
2020-07-21,0.0,0.0,0.0,0.09638628979668805,0.0,0.0,0.0,0.09979514152815816,0.0,0.0,0.0,0.0,0.0,0.0,0.09926166227307952,0.0,0.09967659718170019,0.0,0.0,0.0,0.0
2020-07-22,0.0,0.0,0.0,0.09720338992603317,0.0,0.0,0.0,0.10015043702072436,0.0,0.0,0.0,0.0,0.0,0.0,0.1002271278075851,0.0,0.09910452883546836,0.0,0.0,0.0,0.0
2020-07-23,0.0,0.0,0.0,0.09673597597659872,0.0,0.0,0.0,0.10042383182163046,0.0,0.0,0.0,0.0,0.0,0.0,0.0998390258028656,0.0,0.09886389529272246,0.0,0.0,0.0,0.0
2020-07-24,0.0,0.0,0.0,0.09620788216490465,0.0,0.0,0.0,0.10047642285948943,0.0,0.0,0.0,0.0,0.0,0.0,0.10061744589999182,0.0,0.0976864652621792,0.0,0.0,0.0,0.0
2020-07-27,0.0,0.0,0.0,0.09589871030824917,0.0,0.0,0.0,0.1009342466465173,0.0,0.0,0.0,0.0,0.0,0.0,0.1013260146282703,0.0,0.09668392661646406,0.0,0.0,0.0,0.0
2020-07-28,0.0,0.0,0.0,0.0973612909670702,0.0,0.0,0.0,0.10056641401715254,0.0,0.0,0.0,0.0,0.0,0.0,0.10154175999507582,0.0,0.09701144682968676,0.0,0.0,0.0,0.0
2020-07-29,0.0,0.0,0.0,0.0956479160985874,0.0,0.0,0.0,0.10036361468883406,0.0,0.0,0.0,0.0,0.0,0.0,0.10111071041854151,0.0,0.09847858762194654,0.0,0.0,0.0,0.0
2020-07-30,0.0,0.0,0.0,0.09548005888743008,0.0,0.0,0.0,0.0997155335396905,0.0,0.0,0.0,0.0,0.0,0.0,0.10158446777516453,0.0,0.09872854356768164,0.0,0.0,0.0,0.0
2020-07-31,0.0,0.0,0.0,0.09546269402054762,0.0,0.0,0.0,0.09927693598421451,0.0,0.0,0.0,0.0,0.0,0.0,0.10116255350199024,0.0,0.09887283911597433,0.0,0.0,0.0,0.0
2020-08-03,0.0,0.0,0.0,0.1,0.1,0.0,0.0,0.0,0.0,0.0,0.1,0.0,0.0,0.0,0.0,0.0,0.0,0.0,0.1,0.0,0.0
2020-08-04,0.0,0.0,0.0,0.10071418578493715,0.1002766738790662,0.0,0.0,0.0,0.0,0.0,0.10008800773184308,0.0,0.0,0.0,0.0,0.0,0.0,0.0,0.0986264286040955,0.0,0.0
2020-08-05,0.0,0.0,0.0,0.10094276068700182,0.10062822040428052,0.0,0.0,0.0,0.0,0.0,0.10159450274953591,0.0,0.0,0.0,0.0,0.0,0.0,0.0,0.09952919760933635,0.0,0.0
2020-08-06,0.0,0.0,0.0,0.10056523972015224,0.10010854045998535,0.0,0.0,0.0,0.0,0.0,0.10126043613912909,0.0,0.0,0.0,0.0,0.0,0.0,0.0,0.09836603230287405,0.0,0.0
2020-08-07,0.0,0.0,0.0,0.10130342345114034,0.09961109329335543,0.0,0.0,0.0,0.0,0.0,0.10171167830137645,0.0,0.0,0.0,0.0,0.0,0.0,0.0,0.09871745807305517,0.0,0.0
2020-08-10,0.0,0.0,0.0,0.10233546673125185,0.10071430116867026,0.0,0.0,0.0,0.0,0.0,0.10155196263138197,0.0,0.0,0.0,0.0,0.0,0.0,0.0,0.09932696267706796,0.0,0.0
2020-08-11,0.0,0.0,0.0,0.10297278903714732,0.10038471024429058,0.0,0.0,0.0,0.0,0.0,0.10121785611470432,0.0,0.0,0.0,0.0,0.0,0.0,0.0,0.09867906629953704,0.0,0.0
2020-08-12,0.0,0.0,0.0,0.10311064601942929,0.09939267613989422,0.0,0.0,0.0,0.0,0.0,0.10177590342392286,0.0,0.0,0.0,0.0,0.0,0.0,0.0,0.09826103476505865,0.0,0.0
2020-08-13,0.0,0.0,0.0,0.10338189688728064,0.09991559875208791,0.0,0.0,0.0,0.0,0.0,0.10211172480896386,0.0,0.0,0.0,0.0,0.0,0.0,0.0,0.09945655597625216,0.0,0.0
2020-08-14,0.0,0.0,0.0,0.10313455173564126,0.10048665729546319,0.0,0.0,0.0,0.0,0.0,0.10216689337532622,0.0,0.0,0.0,0.0,0.0,0.0,0.0,0.09968038923958816,0.0,0.0
2020-08-17,0.0,0.0,0.0,0.10277279936051859,0.10014086178626455,0.0,0.0,0.0,0.0,0.0,0.10122152450060516,0.0,0.0,0.0,0.0,0.0,0.0,0.0,0.09843551623171416,0.0,0.0
2020-08-18,0.0,0.0,0.0,0.10232711460990294,0.09966850471271269,0.0,0.0,0.0,0.0,0.0,0.10093072623417697,0.0,0.0,0.0,0.0,0.0,0.0,0.0,0.09868987211808924,0.0,0.0
2020-08-19,0.0,0.0,0.0,0.10280766749894903,0.09878753030932855,0.0,0.0,0.0,0.0,0.0,0.1002630492402058,0.0,0.0,0.0,0.0,0.0,0.0,0.0,0.09791273612223617,0.0,0.0
2020-08-20,0.0,0.0,0.0,0.10284608047244431,0.09804665571860066,0.0,0.0,0.0,0.0,0.0,0.09989917794365522,0.0,0.0,0.0,0.0,0.0,0.0,0.0,0.09853504650722412,0.0,0.0
2020-08-21,0.0,0.0,0.0,0.10260676362568961,0.09889186013412388,0.0,0.0,0.0,0.0,0.0,0.10040544017900489,0.0,0.0,0.0,0.0,0.0,0.0,0.0,0.0984213136897054,0.0,0.0
2020-08-24,0.0,0.0,0.0,0.1011306874070332,0.09830290683904472,0.0,0.0,0.0,0.0,0.0,0.09953187882079467,0.0,0.0,0.0,0.0,0.0,0.0,0.0,0.09894148116121114,0.0,0.0
2020-08-25,0.0,0.0,0.0,0.10076009790624385,0.09673880392179224,0.0,0.0,0.0,0.0,0.0,0.0995803445908828,0.0,0.0,0.0,0.0,0.0,0.0,0.0,0.09788722596772201,0.0,0.0
2020-08-26,0.0,0.0,0.0,0.09967017287546814,0.09723395635433392,0.0,0.0,0.0,0.0,0.0,0.10000733945051743,0.0,0.0,0.0,0.0,0.0,0.0,0.0,0.0982806906980479,0.0,0.0
2020-08-27,0.0,0.0,0.0,0.09915585688091326,0.09722495774639872,0.0,0.0,0.0,0.0,0.0,0.09958962157983493,0.0,0.0,0.0,0.0,0.0,0.0,0.0,0.09816595583362953,0.0,0.0
2020-08-28,0.0,0.0,0.0,0.09786293058202714,0.09603534072013478,0.0,0.0,0.0,0.0,0.0,0.09960311670247736,0.0,0.0,0.0,0.0,0.0,0.0,0.0,0.09745084785472825,0.0,0.0
2020-08-31,0.0,0.0,0.0,0.09836252865702645,0.09564793726492109,0.0,0.0,0.0,0.0,0.0,0.10042429522960869,0.0,0.0,0.0,0.0,0.0,0.0,0.0,0.09736705574910608,0.0,0.0
2020-09-01,0.0,0.0,0.0,0.1,0.1,0.0,0.0,0.0,0.0,0.0,0.0,0.0,0.0,0.0,0.1,0.0,0.0,0.0,0.1,0.0,0.0
2020-09-02,0.0,0.0,0.0,0.10005535464138506,0.1004158226467387,0.0,0.0,0.0,0.0,0.0,0.0,0.0,0.0,0.0,0.09913271248695577,0.0,0.0,0.0,0.1001304037249287,0.0,0.0
2020-09-03,0.0,0.0,0.0,0.10057340028652541,0.10008967402647294,0.0,0.0,0.0,0.0,0.0,0.0,0.0,0.0,0.0,0.09802078819636023,0.0,0.0,0.0,0.09966896688192348,0.0,0.0
2020-09-04,0.0,0.0,0.0,0.1012914166803948,0.10068778455036105,0.0,0.0,0.0,0.0,0.0,0.0,0.0,0.0,0.0,0.09831025863878465,0.0,0.0,0.0,0.09935260858480378,0.0,0.0
2020-09-08,0.0,0.0,0.0,0.10208131149845999,0.10085384141669525,0.0,0.0,0.0,0.0,0.0,0.0,0.0,0.0,0.0,0.09897979817956269,0.0,0.0,0.0,0.09899834940221768,0.0,0.0
2020-09-09,0.0,0.0,0.0,0.10413317667152693,0.10180796248541459,0.0,0.0,0.0,0.0,0.0,0.0,0.0,0.0,0.0,0.09977273385766769,0.0,0.0,0.0,0.0989039527655302,0.0,0.0
2020-09-10,0.0,0.0,0.0,0.10403875928181068,0.1019037278914232,0.0,0.0,0.0,0.0,0.0,0.0,0.0,0.0,0.0,0.09959280186794967,0.0,0.0,0.0,0.09803299660213216,0.0,0.0
2020-09-11,0.0,0.0,0.0,0.10361555818413605,0.10191066010118463,0.0,0.0,0.0,0.0,0.0,0.0,0.0,0.0,0.0,0.09960627109040326,0.0,0.0,0.0,0.09889305937458062,0.0,0.0
2020-09-14,0.0,0.0,0.0,0.1039468599829876,0.10259018569990033,0.0,0.0,0.0,0.0,0.0,0.0,0.0,0.0,0.0,0.09873505430663218,0.0,0.0,0.0,0.09914199728672107,0.0,0.0
2020-09-15,0.0,0.0,0.0,0.1041548441599328,0.10381126954696933,0.0,0.0,0.0,0.0,0.0,0.0,0.0,0.0,0.0,0.09961276754774186,0.0,0.0,0.0,0.09840758712138158,0.0,0.0
2020-09-16,0.0,0.0,0.0,0.10432574766106316,0.10293707165779643,0.0,0.0,0.0,0.0,0.0,0.0,0.0,0.0,0.0,0.10064534393101447,0.0,0.0,0.0,0.10015089688001401,0.0,0.0
2020-09-17,0.0,0.0,0.0,0.10481744655596875,0.10345132283892784,0.0,0.0,0.0,0.0,0.0,0.0,0.0,0.0,0.0,0.10017170820977753,0.0,0.0,0.0,0.10000769347535268,0.0,0.0
2020-09-18,0.0,0.0,0.0,0.10411811185617313,0.10380099647313719,0.0,0.0,0.0,0.0,0.0,0.0,0.0,0.0,0.0,0.1000822453936551,0.0,0.0,0.0,0.10025839928839497,0.0,0.0
2020-09-21,0.0,0.0,0.0,0.10494585692010326,0.1048158939522876,0.0,0.0,0.0,0.0,0.0,0.0,0.0,0.0,0.0,0.09919901387642928,0.0,0.0,0.0,0.09992181087352692,0.0,0.0
2020-09-22,0.0,0.0,0.0,0.10401235690019245,0.10600092660181915,0.0,0.0,0.0,0.0,0.0,0.0,0.0,0.0,0.0,0.09912515707854176,0.0,0.0,0.0,0.09891876242178331,0.0,0.0
2020-09-23,0.0,0.0,0.0,0.10478016761396043,0.10568578338984999,0.0,0.0,0.0,0.0,0.0,0.0,0.0,0.0,0.0,0.09932229295408489,0.0,0.0,0.0,0.09941627304388782,0.0,0.0
2020-09-24,0.0,0.0,0.0,0.10565932361758092,0.1071259216918794,0.0,0.0,0.0,0.0,0.0,0.0,0.0,0.0,0.0,0.0988636379858507,0.0,0.0,0.0,0.0997590887366045,0.0,0.0
2020-09-25,0.0,0.0,0.0,0.1044133750184692,0.10709286982086684,0.0,0.0,0.0,0.0,0.0,0.0,0.0,0.0,0.0,0.0996305046614178,0.0,0.0,0.0,0.09924170884667892,0.0,0.0
2020-09-28,0.0,0.0,0.0,0.10356324079284061,0.10762658586675948,0.0,0.0,0.0,0.0,0.0,0.0,0.0,0.0,0.0,0.09929288058198671,0.0,0.0,0.0,0.09992714286761624,0.0,0.0
2020-09-29,0.0,0.0,0.0,0.1031739039208947,0.10831403417425106,0.0,0.0,0.0,0.0,0.0,0.0,0.0,0.0,0.0,0.09905338768171565,0.0,0.0,0.0,0.10045053806759938,0.0,0.0
2020-09-30,0.0,0.0,0.0,0.10350086962138623,0.10727021223405782,0.0,0.0,0.0,0.0,0.0,0.0,0.0,0.0,0.0,0.09905632129805682,0.0,0.0,0.0,0.10087764680267922,0.0,0.0
2020-10-01,0.0,0.0,0.0,0.1,0.1,0.0,0.0,0.0,0.0,0.0,0.0,0.0,0.0,0.0,0.1,0.0,0.0,0.0,0.1,0.0,0.0
2020-10-02,0.0,0.0,0.0,0.09910981355798794,0.09987696673568784,0.0,0.0,0.0,0.0,0.0,0.0,0.0,0.0,0.0,0.09904087432519539,0.0,0.0,0.0,0.09941753672821835,0.0,0.0
2020-10-05,0.0,0.0,0.0,0.09805371671649135,0.09982185552002666,0.0,0.0,0.0,0.0,0.0,0.0,0.0,0.0,0.0,0.09772120259519392,0.0,0.0,0.0,0.0993579805629823,0.0,0.0
2020-10-06,0.0,0.0,0.0,0.09938288068610932,0.09937488139067546,0.0,0.0,0.0,0.0,0.0,0.0,0.0,0.0,0.0,0.09583753363186887,0.0,0.0,0.0,0.09943239554242772,0.0,0.0
2020-10-07,0.0,0.0,0.0,0.09888811979197668,0.09772877038319627,0.0,0.0,0.0,0.0,0.0,0.0,0.0,0.0,0.0,0.09465662905833856,0.0,0.0,0.0,0.0982061751008671,0.0,0.0
2020-10-08,0.0,0.0,0.0,0.09903041491629157,0.09799610334597665,0.0,0.0,0.0,0.0,0.0,0.0,0.0,0.0,0.0,0.09410722638097636,0.0,0.0,0.0,0.09636593951504516,0.0,0.0
2020-10-09,0.0,0.0,0.0,0.09839658723902925,0.09788419234387186,0.0,0.0,0.0,0.0,0.0,0.0,0.0,0.0,0.0,0.0927016755677929,0.0,0.0,0.0,0.09703174918787784,0.0,0.0
2020-10-12,0.0,0.0,0.0,0.09802385979766565,0.09732837394371452,0.0,0.0,0.0,0.0,0.0,0.0,0.0,0.0,0.0,0.09245138041173045,0.0,0.0,0.0,0.09709823698944936,0.0,0.0
2020-10-13,0.0,0.0,0.0,0.09960164311689836,0.09737528879893116,0.0,0.0,0.0,0.0,0.0,0.0,0.0,0.0,0.0,0.09236189217137568,0.0,0.0,0.0,0.09775293608905902,0.0,0.0
2020-10-14,0.0,0.0,0.0,0.09835837077972241,0.09757476468258154,0.0,0.0,0.0,0.0,0.0,0.0,0.0,0.0,0.0,0.09241109157907978,0.0,0.0,0.0,0.09737783098721775,0.0,0.0
2020-10-15,0.0,0.0,0.0,0.09820204370220251,0.0968465779776597,0.0,0.0,0.0,0.0,0.0,0.0,0.0,0.0,0.0,0.09248171191526111,0.0,0.0,0.0,0.09687987047002539,0.0,0.0
2020-10-16,0.0,0.0,0.0,0.09722901222223618,0.09670909398743228,0.0,0.0,0.0,0.0,0.0,0.0,0.0,0.0,0.0,0.09345569751687563,0.0,0.0,0.0,0.0977702759745272,0.0,0.0
2020-10-19,0.0,0.0,0.0,0.09740116717820826,0.09597110637112362,0.0,0.0,0.0,0.0,0.0,0.0,0.0,0.0,0.0,0.09416552878781771,0.0,0.0,0.0,0.09846887349234265,0.0,0.0
2020-10-20,0.0,0.0,0.0,0.09651413773981267,0.09643328030336523,0.0,0.0,0.0,0.0,0.0,0.0,0.0,0.0,0.0,0.09307971886854423,0.0,0.0,0.0,0.09953303827856988,0.0,0.0
2020-10-21,0.0,0.0,0.0,0.09551170289840062,0.09610902529249077,0.0,0.0,0.0,0.0,0.0,0.0,0.0,0.0,0.0,0.09319127968979175,0.0,0.0,0.0,0.09980940513814912,0.0,0.0
2020-10-22,0.0,0.0,0.0,0.09575087829322655,0.09558699118614339,0.0,0.0,0.0,0.0,0.0,0.0,0.0,0.0,0.0,0.09431432629868315,0.0,0.0,0.0,0.09956824538651281,0.0,0.0
2020-10-23,0.0,0.0,0.0,0.09432047628152658,0.0942318238747326,0.0,0.0,0.0,0.0,0.0,0.0,0.0,0.0,0.0,0.0938652610473921,0.0,0.0,0.0,0.10018740682343401,0.0,0.0
2020-10-26,0.0,0.0,0.0,0.09423994681098118,0.0950362098929885,0.0,0.0,0.0,0.0,0.0,0.0,0.0,0.0,0.0,0.09329406388284982,0.0,0.0,0.0,0.10149962098967166,0.0,0.0
2020-10-27,0.0,0.0,0.0,0.09422537030331238,0.09545304197643235,0.0,0.0,0.0,0.0,0.0,0.0,0.0,0.0,0.0,0.092410172761719,0.0,0.0,0.0,0.10170467406073198,0.0,0.0
2020-10-28,0.0,0.0,0.0,0.0936259194989069,0.0958938550391108,0.0,0.0,0.0,0.0,0.0,0.0,0.0,0.0,0.0,0.09233593451972005,0.0,0.0,0.0,0.1024835833686473,0.0,0.0
2020-10-29,0.0,0.0,0.0,0.0940247300459861,0.09586657557756724,0.0,0.0,0.0,0.0,0.0,0.0,0.0,0.0,0.0,0.09199287782546443,0.0,0.0,0.0,0.10284811483743267,0.0,0.0
2020-10-30,0.0,0.0,0.0,0.09368688414467756,0.09649927259132832,0.0,0.0,0.0,0.0,0.0,0.0,0.0,0.0,0.0,0.0930009565289312,0.0,0.0,0.0,0.10121729634592985,0.0,0.0
2020-11-02,0.0,0.0,0.0,0.1,0.1,0.0,0.0,0.0,0.1,0.0,0.0,0.0,0.0,0.0,0.0,0.0,0.0,0.0,0.1,0.0,0.0
2020-11-03,0.0,0.0,0.0,0.09913221632547768,0.09936933925264374,0.0,0.0,0.0,0.09968862152630643,0.0,0.0,0.0,0.0,0.0,0.0,0.0,0.0,0.0,0.10049251882807157,0.0,0.0
2020-11-04,0.0,0.0,0.0,0.09855739340898871,0.09855891356036753,0.0,0.0,0.0,0.10006339729347667,0.0,0.0,0.0,0.0,0.0,0.0,0.0,0.0,0.0,0.09942559125922013,0.0,0.0
2020-11-05,0.0,0.0,0.0,0.0993920228259773,0.09878426374057503,0.0,0.0,0.0,0.10110335525078884,0.0,0.0,0.0,0.0,0.0,0.0,0.0,0.0,0.0,0.1000854697263224,0.0,0.0
2020-11-06,0.0,0.0,0.0,0.10069886557441289,0.09934077014491681,0.0,0.0,0.0,0.1010182054846016,0.0,0.0,0.0,0.0,0.0,0.0,0.0,0.0,0.0,0.09966913666167247,0.0,0.0
2020-11-09,0.0,0.0,0.0,0.10100901815520014,0.0990546213999382,0.0,0.0,0.0,0.1003074301509593,0.0,0.0,0.0,0.0,0.0,0.0,0.0,0.0,0.0,0.09826942551211487,0.0,0.0
2020-11-10,0.0,0.0,0.0,0.10157052582481677,0.09987419813992474,0.0,0.0,0.0,0.09955356541558892,0.0,0.0,0.0,0.0,0.0,0.0,0.0,0.0,0.0,0.09861147247850398,0.0,0.0
2020-11-11,0.0,0.0,0.0,0.10306797475557067,0.10041093482464068,0.0,0.0,0.0,0.09943030653224212,0.0,0.0,0.0,0.0,0.0,0.0,0.0,0.0,0.0,0.09887820820336708,0.0,0.0
2020-11-12,0.0,0.0,0.0,0.10228757118297882,0.09974361689414851,0.0,0.0,0.0,0.09982304547793854,0.0,0.0,0.0,0.0,0.0,0.0,0.0,0.0,0.0,0.0979050484158428,0.0,0.0
2020-11-13,0.0,0.0,0.0,0.10259918068733939,0.10063057150781392,0.0,0.0,0.0,0.09876173886426425,0.0,0.0,0.0,0.0,0.0,0.0,0.0,0.0,0.0,0.09756975293628115,0.0,0.0
2020-11-16,0.0,0.0,0.0,0.1027221793952466,0.1013576346007613,0.0,0.0,0.0,0.09855582712448518,0.0,0.0,0.0,0.0,0.0,0.0,0.0,0.0,0.0,0.09649638654978326,0.0,0.0
2020-11-17,0.0,0.0,0.0,0.10322248235824488,0.10293533740635236,0.0,0.0,0.0,0.09822001660358944,0.0,0.0,0.0,0.0,0.0,0.0,0.0,0.0,0.0,0.0973885836196128,0.0,0.0
2020-11-18,0.0,0.0,0.0,0.10375985183115136,0.10264317813383987,0.0,0.0,0.0,0.09769433744966137,0.0,0.0,0.0,0.0,0.0,0.0,0.0,0.0,0.0,0.09703392897549669,0.0,0.0
2020-11-19,0.0,0.0,0.0,0.10257940978048723,0.1043504126260782,0.0,0.0,0.0,0.09784268478514148,0.0,0.0,0.0,0.0,0.0,0.0,0.0,0.0,0.0,0.09818787120066626,0.0,0.0
2020-11-20,0.0,0.0,0.0,0.10233126126068456,0.10382404638007259,0.0,0.0,0.0,0.09718273518293792,0.0,0.0,0.0,0.0,0.0,0.0,0.0,0.0,0.0,0.09853351274159833,0.0,0.0
2020-11-23,0.0,0.0,0.0,0.10088306056460111,0.1033140758864664,0.0,0.0,0.0,0.0966888661289476,0.0,0.0,0.0,0.0,0.0,0.0,0.0,0.0,0.0,0.09927059493729531,0.0,0.0
2020-11-24,0.0,0.0,0.0,0.10023368138487669,0.10226196872662484,0.0,0.0,0.0,0.09616566801457983,0.0,0.0,0.0,0.0,0.0,0.0,0.0,0.0,0.0,0.10008699486820749,0.0,0.0
2020-11-25,0.0,0.0,0.0,0.10039271297047024,0.10251970074505232,0.0,0.0,0.0,0.09613897331286869,0.0,0.0,0.0,0.0,0.0,0.0,0.0,0.0,0.0,0.099813888822541,0.0,0.0
2020-11-27,0.0,0.0,0.0,0.09990424634462247,0.1020429288738747,0.0,0.0,0.0,0.09746312374587957,0.0,0.0,0.0,0.0,0.0,0.0,0.0,0.0,0.0,0.09960290583370618,0.0,0.0
2020-11-30,0.0,0.0,0.0,0.09992637893536747,0.10236259406216267,0.0,0.0,0.0,0.09690688736747097,0.0,0.0,0.0,0.0,0.0,0.0,0.0,0.0,0.0,0.0990850389113906,0.0,0.0
2020-12-01,0.0,0.0,0.0,0.10000000000000002,0.10000000000000002,0.0,0.0,0.0,0.10000000000000002,0.0,0.0,0.0,0.0,0.0,0.0,0.0,0.0,0.0,0.10000000000000002,0.0,0.0
2020-12-02,0.0,0.0,0.0,0.10033983944149687,0.1014713650444265,0.0,0.0,0.0,0.09778378049680671,0.0,0.0,0.0,0.0,0.0,0.0,0.0,0.0,0.0,0.09973059896488638,0.0,0.0
2020-12-03,0.0,0.0,0.0,0.10003077863057513,0.10219154343974998,0.0,0.0,0.0,0.09755217256935868,0.0,0.0,0.0,0.0,0.0,0.0,0.0,0.0,0.0,0.10028034192196565,0.0,0.0
2020-12-04,0.0,0.0,0.0,0.10089658612284551,0.10406186578834495,0.0,0.0,0.0,0.0964825960936731,0.0,0.0,0.0,0.0,0.0,0.0,0.0,0.0,0.0,0.0999547948234069,0.0,0.0
2020-12-07,0.0,0.0,0.0,0.10033098896658817,0.10279558535112965,0.0,0.0,0.0,0.09684051703870411,0.0,0.0,0.0,0.0,0.0,0.0,0.0,0.0,0.0,0.09902008185316663,0.0,0.0
2020-12-08,0.0,0.0,0.0,0.09971003065414592,0.10295930870275795,0.0,0.0,0.0,0.09653883204395171,0.0,0.0,0.0,0.0,0.0,0.0,0.0,0.0,0.0,0.09783565968637847,0.0,0.0
2020-12-09,0.0,0.0,0.0,0.09955386634873052,0.10236062607723641,0.0,0.0,0.0,0.09649730149737094,0.0,0.0,0.0,0.0,0.0,0.0,0.0,0.0,0.0,0.097970571929633,0.0,0.0
2020-12-10,0.0,0.0,0.0,0.09983628141126247,0.10292713506331856,0.0,0.0,0.0,0.0970860647377432,0.0,0.0,0.0,0.0,0.0,0.0,0.0,0.0,0.0,0.09813641237560233,0.0,0.0
2020-12-11,0.0,0.0,0.0,0.10011341674967673,0.10196630576086071,0.0,0.0,0.0,0.09742657635547693,0.0,0.0,0.0,0.0,0.0,0.0,0.0,0.0,0.0,0.09805585615958036,0.0,0.0
2020-12-14,0.0,0.0,0.0,0.10010347349416733,0.10094049166073085,0.0,0.0,0.0,0.09768174386691944,0.0,0.0,0.0,0.0,0.0,0.0,0.0,0.0,0.0,0.09676912623300311,0.0,0.0
2020-12-15,0.0,0.0,0.0,0.09978600716753658,0.10081912576339534,0.0,0.0,0.0,0.09764012677920006,0.0,0.0,0.0,0.0,0.0,0.0,0.0,0.0,0.0,0.09618641565589867,0.0,0.0
2020-12-16,0.0,0.0,0.0,0.09999144670852454,0.10076601930527991,0.0,0.0,0.0,0.09670368030390496,0.0,0.0,0.0,0.0,0.0,0.0,0.0,0.0,0.0,0.09663190960700067,0.0,0.0
2020-12-17,0.0,0.0,0.0,0.10021135438540207,0.10079667656107036,0.0,0.0,0.0,0.0969773160234234,0.0,0.0,0.0,0.0,0.0,0.0,0.0,0.0,0.0,0.09674272997967297,0.0,0.0
2020-12-18,0.0,0.0,0.0,0.099867864107976,0.1006018870248264,0.0,0.0,0.0,0.09760883248151263,0.0,0.0,0.0,0.0,0.0,0.0,0.0,0.0,0.0,0.09775832902089304,0.0,0.0
2020-12-21,0.0,0.0,0.0,0.09876379388809456,0.10055742424044166,0.0,0.0,0.0,0.098921488948664,0.0,0.0,0.0,0.0,0.0,0.0,0.0,0.0,0.0,0.09715722090322315,0.0,0.0
2020-12-22,0.0,0.0,0.0,0.09830434191502894,0.10100713423610148,0.0,0.0,0.0,0.09851943671603898,0.0,0.0,0.0,0.0,0.0,0.0,0.0,0.0,0.0,0.09683207931342647,0.0,0.0
2020-12-23,0.0,0.0,0.0,0.09869738224606274,0.10117229121501949,0.0,0.0,0.0,0.09805872897557993,0.0,0.0,0.0,0.0,0.0,0.0,0.0,0.0,0.0,0.09709787405795815,0.0,0.0
2020-12-24,0.0,0.0,0.0,0.09795565184010473,0.10179346645309448,0.0,0.0,0.0,0.09950662724496911,0.0,0.0,0.0,0.0,0.0,0.0,0.0,0.0,0.0,0.09604406433313686,0.0,0.0
2020-12-28,0.0,0.0,0.0,0.09769931892001993,0.10053479283843625,0.0,0.0,0.0,0.09959321005818701,0.0,0.0,0.0,0.0,0.0,0.0,0.0,0.0,0.0,0.09528390457832688,0.0,0.0
2020-12-29,0.0,0.0,0.0,0.09840221182777231,0.10110898077442354,0.0,0.0,0.0,0.09960948254033279,0.0,0.0,0.0,0.0,0.0,0.0,0.0,0.0,0.0,0.09569704750830116,0.0,0.0
2020-12-30,0.0,0.0,0.0,0.09955957092529948,0.10205599526387882,0.0,0.0,0.0,0.0999670388704988,0.0,0.0,0.0,0.0,0.0,0.0,0.0,0.0,0.0,0.09664098703872041,0.0,0.0
2020-12-31,0.0,0.0,0.0,0.09934671792783697,0.10251695136007345,0.0,0.0,0.0,0.10087614140442727,0.0,0.0,0.0,0.0,0.0,0.0,0.0,0.0,0.0,0.09807999292994837,0.0,0.0
2021-01-04,0.0,0.0,0.0,0.09999999999999999,0.0,0.0,0.0,0.0,0.09999999999999999,0.0,0.0,0.0,0.0,0.0,0.0,0.0,0.09999999999999999,0.0,0.09999999999999999,0.0,0.0
2021-01-05,0.0,0.0,0.0,0.09956382377698064,0.0,0.0,0.0,0.0,0.10070826017872438,0.0,0.0,0.0,0.0,0.0,0.0,0.0,0.10068720511536637,0.0,0.1010424042797448,0.0,0.0
2021-01-06,0.0,0.0,0.0,0.0992773887395686,0.0,0.0,0.0,0.0,0.10008850348649824,0.0,0.0,0.0,0.0,0.0,0.0,0.0,0.1011166324370505,0.0,0.10067912080322274,0.0,0.0
2021-01-07,0.0,0.0,0.0,0.09994069844503274,0.0,0.0,0.0,0.0,0.09938112646223886,0.0,0.0,0.0,0.0,0.0,0.0,0.0,0.1012446657739324,0.0,0.10036078965226022,0.0,0.0
2021-01-08,0.0,0.0,0.0,0.10028494768042268,0.0,0.0,0.0,0.0,0.09930734964771666,0.0,0.0,0.0,0.0,0.0,0.0,0.0,0.10117696199863598,0.0,0.10177324888616712,0.0,0.0
2021-01-11,0.0,0.0,0.0,0.10038587894080186,0.0,0.0,0.0,0.0,0.09917373808919024,0.0,0.0,0.0,0.0,0.0,0.0,0.0,0.10187173984451225,0.0,0.10292028184336476,0.0,0.0
2021-01-12,0.0,0.0,0.0,0.10139289773227249,0.0,0.0,0.0,0.0,0.09951757744592621,0.0,0.0,0.0,0.0,0.0,0.0,0.0,0.10167848140039562,0.0,0.1036087554840834,0.0,0.0
2021-01-13,0.0,0.0,0.0,0.10224807792224044,0.0,0.0,0.0,0.0,0.09987474565140726,0.0,0.0,0.0,0.0,0.0,0.0,0.0,0.10264636167647168,0.0,0.10410265167392989,0.0,0.0
2021-01-14,0.0,0.0,0.0,0.10107959390477364,0.0,0.0,0.0,0.0,0.1016028555049839,0.0,0.0,0.0,0.0,0.0,0.0,0.0,0.10353565993514562,0.0,0.10379823219123148,0.0,0.0
2021-01-15,0.0,0.0,0.0,0.10072424083377902,0.0,0.0,0.0,0.0,0.10025781663004295,0.0,0.0,0.0,0.0,0.0,0.0,0.0,0.10373617853844772,0.0,0.10421096737135817,0.0,0.0
2021-01-19,0.0,0.0,0.0,0.10090648840588363,0.0,0.0,0.0,0.0,0.10006063101626744,0.0,0.0,0.0,0.0,0.0,0.0,0.0,0.10446276253902462,0.0,0.10370187974246255,0.0,0.0
2021-01-20,0.0,0.0,0.0,0.10064587794251453,0.0,0.0,0.0,0.0,0.09962711229585862,0.0,0.0,0.0,0.0,0.0,0.0,0.0,0.10408678470806448,0.0,0.10259694632660837,0.0,0.0
2021-01-21,0.0,0.0,0.0,0.10029400812719844,0.0,0.0,0.0,0.0,0.09980370548035465,0.0,0.0,0.0,0.0,0.0,0.0,0.0,0.10352209136004667,0.0,0.10257882824788495,0.0,0.0
2021-01-22,0.0,0.0,0.0,0.09974953948531226,0.0,0.0,0.0,0.0,0.10125445754089578,0.0,0.0,0.0,0.0,0.0,0.0,0.0,0.1040608036467232,0.0,0.10284076160539099,0.0,0.0
2021-01-25,0.0,0.0,0.0,0.10130420439834645,0.0,0.0,0.0,0.0,0.10148448832221844,0.0,0.0,0.0,0.0,0.0,0.0,0.0,0.10522975920667701,0.0,0.10246450473930817,0.0,0.0
2021-01-26,0.0,0.0,0.0,0.1018783196391075,0.0,0.0,0.0,0.0,0.10315514236664984,0.0,0.0,0.0,0.0,0.0,0.0,0.0,0.10544116855919966,0.0,0.10330414506779886,0.0,0.0
2021-01-27,0.0,0.0,0.0,0.10162041056101336,0.0,0.0,0.0,0.0,0.10300708778516098,0.0,0.0,0.0,0.0,0.0,0.0,0.0,0.10563421527577263,0.0,0.10234480029276001,0.0,0.0
2021-01-28,0.0,0.0,0.0,0.10147166298715232,0.0,0.0,0.0,0.0,0.1040151993147708,0.0,0.0,0.0,0.0,0.0,0.0,0.0,0.10713015817997472,0.0,0.10293613759767178,0.0,0.0
2021-01-29,0.0,0.0,0.0,0.10034427828008113,0.0,0.0,0.0,0.0,0.10516016111245792,0.0,0.0,0.0,0.0,0.0,0.0,0.0,0.10697224361759834,0.0,0.10269846265426433,0.0,0.0
2021-02-01,0.0,0.0,0.0,0.1,0.1,0.0,0.0,0.1,0.0,0.0,0.0,0.0,0.0,0.0,0.0,0.0,0.0,0.0,0.1,0.0,0.0
2021-02-02,0.0,0.0,0.0,0.09920052424058803,0.10021928919859127,0.0,0.0,0.0998710442332836,0.0,0.0,0.0,0.0,0.0,0.0,0.0,0.0,0.0,0.0,0.09985947396241783,0.0,0.0
2021-02-03,0.0,0.0,0.0,0.09820190925224524,0.10168394765344749,0.0,0.0,0.10062577888811172,0.0,0.0,0.0,0.0,0.0,0.0,0.0,0.0,0.0,0.0,0.10052586253179618,0.0,0.0
2021-02-04,0.0,0.0,0.0,0.09881914588927894,0.10122617410413998,0.0,0.0,0.10090326217232067,0.0,0.0,0.0,0.0,0.0,0.0,0.0,0.0,0.0,0.0,0.0998475719291365,0.0,0.0
2021-02-05,0.0,0.0,0.0,0.09922006321216041,0.10186458872467852,0.0,0.0,0.1001587022662483,0.0,0.0,0.0,0.0,0.0,0.0,0.0,0.0,0.0,0.0,0.09817144095203788,0.0,0.0
2021-02-08,0.0,0.0,0.0,0.09917791990882607,0.10297542859881298,0.0,0.0,0.09939280756246574,0.0,0.0,0.0,0.0,0.0,0.0,0.0,0.0,0.0,0.0,0.09789959190162623,0.0,0.0
2021-02-09,0.0,0.0,0.0,0.09892482077741738,0.10276553118543365,0.0,0.0,0.09951973378113871,0.0,0.0,0.0,0.0,0.0,0.0,0.0,0.0,0.0,0.0,0.09827838163419857,0.0,0.0
2021-02-10,0.0,0.0,0.0,0.09994252548728758,0.10385041385034573,0.0,0.0,0.09839128242441256,0.0,0.0,0.0,0.0,0.0,0.0,0.0,0.0,0.0,0.0,0.09903995033157185,0.0,0.0
2021-02-11,0.0,0.0,0.0,0.10004706960934485,0.10487169489610501,0.0,0.0,0.09869460213655264,0.0,0.0,0.0,0.0,0.0,0.0,0.0,0.0,0.0,0.0,0.09995179655039053,0.0,0.0
2021-02-12,0.0,0.0,0.0,0.09931928349740966,0.10486008514094503,0.0,0.0,0.09894231615874853,0.0,0.0,0.0,0.0,0.0,0.0,0.0,0.0,0.0,0.0,0.10036432801818518,0.0,0.0
2021-02-16,0.0,0.0,0.0,0.09909729757980464,0.10500499742072081,0.0,0.0,0.09902278115809542,0.0,0.0,0.0,0.0,0.0,0.0,0.0,0.0,0.0,0.0,0.09986103616158835,0.0,0.0
2021-02-17,0.0,0.0,0.0,0.09895271824367537,0.104608510651297,0.0,0.0,0.09901980068288078,0.0,0.0,0.0,0.0,0.0,0.0,0.0,0.0,0.0,0.0,0.10024749858587714,0.0,0.0
2021-02-18,0.0,0.0,0.0,0.09929248157851486,0.10305259009077351,0.0,0.0,0.09831770005239794,0.0,0.0,0.0,0.0,0.0,0.0,0.0,0.0,0.0,0.0,0.1005380577494447,0.0,0.0
2021-02-19,0.0,0.0,0.0,0.09875537274186962,0.10253926361584019,0.0,0.0,0.09873350306268253,0.0,0.0,0.0,0.0,0.0,0.0,0.0,0.0,0.0,0.0,0.10088243391822033,0.0,0.0
2021-02-22,0.0,0.0,0.0,0.09898086965778762,0.10211185224822546,0.0,0.0,0.09857988386812712,0.0,0.0,0.0,0.0,0.0,0.0,0.0,0.0,0.0,0.0,0.10030904396800411,0.0,0.0
2021-02-23,0.0,0.0,0.0,0.09797097276760697,0.10139277203523414,0.0,0.0,0.0979572573568115,0.0,0.0,0.0,0.0,0.0,0.0,0.0,0.0,0.0,0.0,0.09989335760895925,0.0,0.0
2021-02-24,0.0,0.0,0.0,0.09788193419067491,0.10112790584389328,0.0,0.0,0.0977854551237251,0.0,0.0,0.0,0.0,0.0,0.0,0.0,0.0,0.0,0.0,0.09961470377216557,0.0,0.0
2021-02-25,0.0,0.0,0.0,0.09805582172699497,0.10027901232259837,0.0,0.0,0.09803255642994783,0.0,0.0,0.0,0.0,0.0,0.0,0.0,0.0,0.0,0.0,0.10077393354910234,0.0,0.0
2021-02-26,0.0,0.0,0.0,0.0997495003368077,0.1007885156691935,0.0,0.0,0.09773385756097114,0.0,0.0,0.0,0.0,0.0,0.0,0.0,0.0,0.0,0.0,0.10057872110565726,0.0,0.0
2021-03-01,0.0,0.0,0.0,0.0,0.1,0.0,0.0,0.1,0.1,0.0,0.0,0.0,0.0,0.0,0.0,0.0,0.0,0.0,0.1,0.0,0.0
2021-03-02,0.0,0.0,0.0,0.0,0.09968557504290476,0.0,0.0,0.09996182947717021,0.10021818711382939,0.0,0.0,0.0,0.0,0.0,0.0,0.0,0.0,0.0,0.09999043913400585,0.0,0.0
2021-03-03,0.0,0.0,0.0,0.0,0.10008185214522784,0.0,0.0,0.10134397827254374,0.09878140959274173,0.0,0.0,0.0,0.0,0.0,0.0,0.0,0.0,0.0,0.1004025161225933,0.0,0.0
2021-03-04,0.0,0.0,0.0,0.0,0.09956434898221866,0.0,0.0,0.10199400697352311,0.09925446978276495,0.0,0.0,0.0,0.0,0.0,0.0,0.0,0.0,0.0,0.10152468450723312,0.0,0.0
2021-03-05,0.0,0.0,0.0,0.0,0.10038413380335821,0.0,0.0,0.10227510997676471,0.09946700947011156,0.0,0.0,0.0,0.0,0.0,0.0,0.0,0.0,0.0,0.10190673180110624,0.0,0.0
2021-03-08,0.0,0.0,0.0,0.0,0.10057462203803978,0.0,0.0,0.10294545208700952,0.09870571330433527,0.0,0.0,0.0,0.0,0.0,0.0,0.0,0.0,0.0,0.10165063706877246,0.0,0.0
2021-03-09,0.0,0.0,0.0,0.0,0.10052676427589831,0.0,0.0,0.10272721975037138,0.09817877199290267,0.0,0.0,0.0,0.0,0.0,0.0,0.0,0.0,0.0,0.10105770651788835,0.0,0.0
2021-03-10,0.0,0.0,0.0,0.0,0.10040628252836833,0.0,0.0,0.10253185801190944,0.09843881955177464,0.0,0.0,0.0,0.0,0.0,0.0,0.0,0.0,0.0,0.10036359686134566,0.0,0.0
2021-03-11,0.0,0.0,0.0,0.0,0.100227532632646,0.0,0.0,0.10291925750314478,0.09803480015305273,0.0,0.0,0.0,0.0,0.0,0.0,0.0,0.0,0.0,0.10015003399947783,0.0,0.0
2021-03-12,0.0,0.0,0.0,0.0,0.09937116393023938,0.0,0.0,0.10355895662300238,0.09829356715880089,0.0,0.0,0.0,0.0,0.0,0.0,0.0,0.0,0.0,0.10019234360697452,0.0,0.0
2021-03-15,0.0,0.0,0.0,0.0,0.100406465096439,0.0,0.0,0.10362555400128139,0.09889892122819978,0.0,0.0,0.0,0.0,0.0,0.0,0.0,0.0,0.0,0.1006082940218933,0.0,0.0
2021-03-16,0.0,0.0,0.0,0.0,0.1013352875210114,0.0,0.0,0.1032605249483544,0.09876969413604914,0.0,0.0,0.0,0.0,0.0,0.0,0.0,0.0,0.0,0.10125640450289078,0.0,0.0
2021-03-17,0.0,0.0,0.0,0.0,0.10088938025381343,0.0,0.0,0.10384858921953603,0.0994023046284716,0.0,0.0,0.0,0.0,0.0,0.0,0.0,0.0,0.0,0.10049199656654562,0.0,0.0
2021-03-18,0.0,0.0,0.0,0.0,0.10062770380602662,0.0,0.0,0.10437695541716836,0.09914081359924552,0.0,0.0,0.0,0.0,0.0,0.0,0.0,0.0,0.0,0.09964689707426606,0.0,0.0
2021-03-19,0.0,0.0,0.0,0.0,0.10144853182553024,0.0,0.0,0.10350971029743075,0.09890059974866426,0.0,0.0,0.0,0.0,0.0,0.0,0.0,0.0,0.0,0.09932184756462016,0.0,0.0
2021-03-22,0.0,0.0,0.0,0.0,0.10212807751324475,0.0,0.0,0.10350969213019011,0.10040865344646718,0.0,0.0,0.0,0.0,0.0,0.0,0.0,0.0,0.0,0.09866814568342736,0.0,0.0
2021-03-23,0.0,0.0,0.0,0.0,0.10170432717920054,0.0,0.0,0.10316410333698148,0.10110146893134436,0.0,0.0,0.0,0.0,0.0,0.0,0.0,0.0,0.0,0.09824848537836454,0.0,0.0
2021-03-24,0.0,0.0,0.0,0.0,0.10055337719130669,0.0,0.0,0.10371355410365159,0.09981732271711752,0.0,0.0,0.0,0.0,0.0,0.0,0.0,0.0,0.0,0.09878371711944056,0.0,0.0
2021-03-25,0.0,0.0,0.0,0.0,0.09972572844134922,0.0,0.0,0.10399464089062692,0.09964383867098278,0.0,0.0,0.0,0.0,0.0,0.0,0.0,0.0,0.0,0.09982365451168755,0.0,0.0
2021-03-26,0.0,0.0,0.0,0.0,0.09897872301108916,0.0,0.0,0.1058579597793513,0.10083033125726384,0.0,0.0,0.0,0.0,0.0,0.0,0.0,0.0,0.0,0.09907501389171312,0.0,0.0
2021-03-29,0.0,0.0,0.0,0.0,0.09983161749353726,0.0,0.0,0.1054608556464524,0.09997075129628667,0.0,0.0,0.0,0.0,0.0,0.0,0.0,0.0,0.0,0.09841880027103946,0.0,0.0
2021-03-30,0.0,0.0,0.0,0.0,0.09937175146580997,0.0,0.0,0.10664540928788098,0.10006567019455623,0.0,0.0,0.0,0.0,0.0,0.0,0.0,0.0,0.0,0.09841069750424135,0.0,0.0
2021-03-31,0.0,0.0,0.0,0.0,0.098659057414411,0.0,0.0,0.10754457172192751,0.10062686734306052,0.0,0.0,0.0,0.0,0.0,0.0,0.0,0.0,0.0,0.09817335806513383,0.0,0.0
2021-04-01,0.0,0.0,0.10000000000000002,0.0,0.0,0.10000000000000002,0.0,0.0,0.0,0.0,0.10000000000000002,0.0,0.0,0.0,0.0,0.0,0.0,0.0,0.10000000000000002,0.0,0.0
2021-04-05,0.0,0.0,0.09910091679137355,0.0,0.0,0.10005387726211494,0.0,0.0,0.0,0.0,0.10030490502986089,0.0,0.0,0.0,0.0,0.0,0.0,0.0,0.09997940608891928,0.0,0.0
2021-04-06,0.0,0.0,0.09897870917551561,0.0,0.0,0.09962070268574444,0.0,0.0,0.0,0.0,0.09897713586624719,0.0,0.0,0.0,0.0,0.0,0.0,0.0,0.09938149349430316,0.0,0.0
2021-04-07,0.0,0.0,0.09836510473436627,0.0,0.0,0.10029460588817324,0.0,0.0,0.0,0.0,0.09797369633693401,0.0,0.0,0.0,0.0,0.0,0.0,0.0,0.10075727008250042,0.0,0.0
2021-04-08,0.0,0.0,0.0979196052977664,0.0,0.0,0.10158490588149231,0.0,0.0,0.0,0.0,0.09873743490863389,0.0,0.0,0.0,0.0,0.0,0.0,0.0,0.10044945206179291,0.0,0.0
2021-04-09,0.0,0.0,0.0978305497548414,0.0,0.0,0.10122115670859816,0.0,0.0,0.0,0.0,0.09792439632041891,0.0,0.0,0.0,0.0,0.0,0.0,0.0,0.10062247132051091,0.0,0.0
2021-04-12,0.0,0.0,0.09602851048050869,0.0,0.0,0.09966395828570912,0.0,0.0,0.0,0.0,0.09617263324062982,0.0,0.0,0.0,0.0,0.0,0.0,0.0,0.10123931577995499,0.0,0.0
2021-04-13,0.0,0.0,0.09475231990857223,0.0,0.0,0.09849667903117801,0.0,0.0,0.0,0.0,0.09675737815824081,0.0,0.0,0.0,0.0,0.0,0.0,0.0,0.10045077640269293,0.0,0.0
2021-04-14,0.0,0.0,0.09446492484866936,0.0,0.0,0.09786751224181688,0.0,0.0,0.0,0.0,0.09682047014053569,0.0,0.0,0.0,0.0,0.0,0.0,0.0,0.10086041989942399,0.0,0.0
2021-04-15,0.0,0.0,0.09514235606994757,0.0,0.0,0.09804406951114919,0.0,0.0,0.0,0.0,0.09622094807554094,0.0,0.0,0.0,0.0,0.0,0.0,0.0,0.09983122941829269,0.0,0.0
2021-04-16,0.0,0.0,0.09591390057219742,0.0,0.0,0.09760167282279619,0.0,0.0,0.0,0.0,0.096215233923658,0.0,0.0,0.0,0.0,0.0,0.0,0.0,0.09975324043110664,0.0,0.0
2021-04-19,0.0,0.0,0.09680541748786713,0.0,0.0,0.09884877257126794,0.0,0.0,0.0,0.0,0.09631654297007038,0.0,0.0,0.0,0.0,0.0,0.0,0.0,0.10071984254364817,0.0,0.0
2021-04-20,0.0,0.0,0.0959012924425288,0.0,0.0,0.09693769983130383,0.0,0.0,0.0,0.0,0.09580732393348235,0.0,0.0,0.0,0.0,0.0,0.0,0.0,0.09997346744875246,0.0,0.0
2021-04-21,0.0,0.0,0.09465697630751702,0.0,0.0,0.09654045372900169,0.0,0.0,0.0,0.0,0.09596658710655696,0.0,0.0,0.0,0.0,0.0,0.0,0.0,0.10040469435145871,0.0,0.0
2021-04-22,0.0,0.0,0.09525028628142078,0.0,0.0,0.09704727285076985,0.0,0.0,0.0,0.0,0.09651692255502377,0.0,0.0,0.0,0.0,0.0,0.0,0.0,0.10197324960193047,0.0,0.0
2021-04-23,0.0,0.0,0.09562681057791113,0.0,0.0,0.09678620582925644,0.0,0.0,0.0,0.0,0.09654249123348133,0.0,0.0,0.0,0.0,0.0,0.0,0.0,0.10191136902647427,0.0,0.0
2021-04-26,0.0,0.0,0.09646218443585476,0.0,0.0,0.095037562023267,0.0,0.0,0.0,0.0,0.09565761226316513,0.0,0.0,0.0,0.0,0.0,0.0,0.0,0.10242594315303435,0.0,0.0
2021-04-27,0.0,0.0,0.09671564295059368,0.0,0.0,0.09381967003590969,0.0,0.0,0.0,0.0,0.09513204878455644,0.0,0.0,0.0,0.0,0.0,0.0,0.0,0.10177878434651658,0.0,0.0
2021-04-28,0.0,0.0,0.09582527179536193,0.0,0.0,0.09356651179147198,0.0,0.0,0.0,0.0,0.09561276915842765,0.0,0.0,0.0,0.0,0.0,0.0,0.0,0.09994376217609972,0.0,0.0
2021-04-29,0.0,0.0,0.09533030773205971,0.0,0.0,0.09431572459331788,0.0,0.0,0.0,0.0,0.09510144481281228,0.0,0.0,0.0,0.0,0.0,0.0,0.0,0.10005617191020678,0.0,0.0
2021-04-30,0.0,0.0,0.09685020768564705,0.0,0.0,0.09578921293775088,0.0,0.0,0.0,0.0,0.09528344141001019,0.0,0.0,0.0,0.0,0.0,0.0,0.0,0.10030839143620858,0.0,0.0
2021-05-03,0.0,0.0,0.10000000000000002,0.0,0.0,0.10000000000000002,0.0,0.10000000000000002,0.0,0.0,0.10000000000000002,0.0,0.0,0.0,0.0,0.0,0.0,0.0,0.0,0.0,0.0
2021-05-04,0.0,0.0,0.09924955766046348,0.0,0.0,0.09993518715299739,0.0,0.09964887132663473,0.0,0.0,0.09976863542564222,0.0,0.0,0.0,0.0,0.0,0.0,0.0,0.0,0.0,0.0
2021-05-05,0.0,0.0,0.10041207447601405,0.0,0.0,0.09986787287660033,0.0,0.10172669772606141,0.0,0.0,0.09994029198336113,0.0,0.0,0.0,0.0,0.0,0.0,0.0,0.0,0.0,0.0
2021-05-06,0.0,0.0,0.10024692801148322,0.0,0.0,0.1004484907093937,0.0,0.10141396393989492,0.0,0.0,0.09919637650037745,0.0,0.0,0.0,0.0,0.0,0.0,0.0,0.0,0.0,0.0
2021-05-07,0.0,0.0,0.09994115242725955,0.0,0.0,0.10203885946360519,0.0,0.10210923171534829,0.0,0.0,0.10002789022160331,0.0,0.0,0.0,0.0,0.0,0.0,0.0,0.0,0.0,0.0
2021-05-10,0.0,0.0,0.10067145162712106,0.0,0.0,0.1025908118733429,0.0,0.10217352326718938,0.0,0.0,0.10043372361007982,0.0,0.0,0.0,0.0,0.0,0.0,0.0,0.0,0.0,0.0
2021-05-11,0.0,0.0,0.10104930372258662,0.0,0.0,0.10262405052177322,0.0,0.10201875886127071,0.0,0.0,0.10036260488837191,0.0,0.0,0.0,0.0,0.0,0.0,0.0,0.0,0.0,0.0
2021-05-12,0.0,0.0,0.10082974100929613,0.0,0.0,0.10207350765301985,0.0,0.10305485251711875,0.0,0.0,0.10107825243362735,0.0,0.0,0.0,0.0,0.0,0.0,0.0,0.0,0.0,0.0
2021-05-13,0.0,0.0,0.10116578203448455,0.0,0.0,0.10323287294850672,0.0,0.10461024402394357,0.0,0.0,0.10187534160576124,0.0,0.0,0.0,0.0,0.0,0.0,0.0,0.0,0.0,0.0
2021-05-14,0.0,0.0,0.10270727094230367,0.0,0.0,0.10432601394164627,0.0,0.1045613341382209,0.0,0.0,0.1015824873713113,0.0,0.0,0.0,0.0,0.0,0.0,0.0,0.0,0.0,0.0
2021-05-17,0.0,0.0,0.10235586014406091,0.0,0.0,0.10369426398078041,0.0,0.10522576654403824,0.0,0.0,0.10154453749542505,0.0,0.0,0.0,0.0,0.0,0.0,0.0,0.0,0.0,0.0
2021-05-18,0.0,0.0,0.10376520115485866,0.0,0.0,0.10279356766762972,0.0,0.10490008972280575,0.0,0.0,0.10225430131100886,0.0,0.0,0.0,0.0,0.0,0.0,0.0,0.0,0.0,0.0
2021-05-19,0.0,0.0,0.10430889335049325,0.0,0.0,0.10242929067944438,0.0,0.10437733179047375,0.0,0.0,0.10206907192220985,0.0,0.0,0.0,0.0,0.0,0.0,0.0,0.0,0.0,0.0
2021-05-20,0.0,0.0,0.10373389944543522,0.0,0.0,0.10203821874039185,0.0,0.10459420463646867,0.0,0.0,0.10236267571519099,0.0,0.0,0.0,0.0,0.0,0.0,0.0,0.0,0.0,0.0
2021-05-21,0.0,0.0,0.10388615370466603,0.0,0.0,0.10125359303574845,0.0,0.10570994792021943,0.0,0.0,0.10195836544545814,0.0,0.0,0.0,0.0,0.0,0.0,0.0,0.0,0.0,0.0
2021-05-24,0.0,0.0,0.10482505986719513,0.0,0.0,0.10130921984881602,0.0,0.10583496220608425,0.0,0.0,0.10163234193652909,0.0,0.0,0.0,0.0,0.0,0.0,0.0,0.0,0.0,0.0
2021-05-25,0.0,0.0,0.10578577730215022,0.0,0.0,0.10156122508339285,0.0,0.10563039365139551,0.0,0.0,0.1022106796243944,0.0,0.0,0.0,0.0,0.0,0.0,0.0,0.0,0.0,0.0
2021-05-26,0.0,0.0,0.10436198765293148,0.0,0.0,0.10284954171733285,0.0,0.10540997619358472,0.0,0.0,0.10286523353509393,0.0,0.0,0.0,0.0,0.0,0.0,0.0,0.0,0.0,0.0
2021-05-27,0.0,0.0,0.10479251444309927,0.0,0.0,0.1019210838700911,0.0,0.10627325573009785,0.0,0.0,0.1034953476294961,0.0,0.0,0.0,0.0,0.0,0.0,0.0,0.0,0.0,0.0
2021-05-28,0.0,0.0,0.10471419384628729,0.0,0.0,0.10245113237626312,0.0,0.10646219416419878,0.0,0.0,0.10424333614772245,0.0,0.0,0.0,0.0,0.0,0.0,0.0,0.0,0.0,0.0
2021-06-01,0.0,0.0,0.09999999999999999,0.0,0.0,0.09999999999999999,0.0,0.09999999999999999,0.0,0.0,0.0,0.09999999999999999,0.0,0.0,0.0,0.0,0.0,0.0,0.0,0.0,0.0
2021-06-02,0.0,0.0,0.10030381212828778,0.0,0.0,0.10048385210018905,0.0,0.09947184124650207,0.0,0.0,0.0,0.10131073620283104,0.0,0.0,0.0,0.0,0.0,0.0,0.0,0.0,0.0
2021-06-03,0.0,0.0,0.09915685626694692,0.0,0.0,0.09957678894263891,0.0,0.10033484814401603,0.0,0.0,0.0,0.10043238435584446,0.0,0.0,0.0,0.0,0.0,0.0,0.0,0.0,0.0
2021-06-04,0.0,0.0,0.0985125126310763,0.0,0.0,0.09851056021379469,0.0,0.0995047945880937,0.0,0.0,0.0,0.10009500252404784,0.0,0.0,0.0,0.0,0.0,0.0,0.0,0.0,0.0
2021-06-07,0.0,0.0,0.09799897276330376,0.0,0.0,0.0986150333322205,0.0,0.09973266126161091,0.0,0.0,0.0,0.09991298349000687,0.0,0.0,0.0,0.0,0.0,0.0,0.0,0.0,0.0
2021-06-08,0.0,0.0,0.09758519885521705,0.0,0.0,0.09860538633977455,0.0,0.10060190913657005,0.0,0.0,0.0,0.10025370348807784,0.0,0.0,0.0,0.0,0.0,0.0,0.0,0.0,0.0
2021-06-09,0.0,0.0,0.09732447530928662,0.0,0.0,0.09800458828743105,0.0,0.10076591845669078,0.0,0.0,0.0,0.09997796520242129,0.0,0.0,0.0,0.0,0.0,0.0,0.0,0.0,0.0
2021-06-10,0.0,0.0,0.09696128484185174,0.0,0.0,0.09921948372664355,0.0,0.10057156327032842,0.0,0.0,0.0,0.10015694258174326,0.0,0.0,0.0,0.0,0.0,0.0,0.0,0.0,0.0
2021-06-11,0.0,0.0,0.09749055220337755,0.0,0.0,0.09838757353779841,0.0,0.09929459515030373,0.0,0.0,0.0,0.1006203495727275,0.0,0.0,0.0,0.0,0.0,0.0,0.0,0.0,0.0
2021-06-14,0.0,0.0,0.09766007918435345,0.0,0.0,0.09691395848772955,0.0,0.10042452480869973,0.0,0.0,0.0,0.1005170430275883,0.0,0.0,0.0,0.0,0.0,0.0,0.0,0.0,0.0
2021-06-15,0.0,0.0,0.09865852636868379,0.0,0.0,0.09653422185199494,0.0,0.09945615544911954,0.0,0.0,0.0,0.1003684189379329,0.0,0.0,0.0,0.0,0.0,0.0,0.0,0.0,0.0
2021-06-16,0.0,0.0,0.09852692278884134,0.0,0.0,0.09683813910553617,0.0,0.09904976799419975,0.0,0.0,0.0,0.10063731255032525,0.0,0.0,0.0,0.0,0.0,0.0,0.0,0.0,0.0
2021-06-17,0.0,0.0,0.09819025847807776,0.0,0.0,0.09711030447257415,0.0,0.09934929940775372,0.0,0.0,0.0,0.10115531637872867,0.0,0.0,0.0,0.0,0.0,0.0,0.0,0.0,0.0
2021-06-18,0.0,0.0,0.0988971049131194,0.0,0.0,0.09684083730016058,0.0,0.0986888040233197,0.0,0.0,0.0,0.10112095529968797,0.0,0.0,0.0,0.0,0.0,0.0,0.0,0.0,0.0
2021-06-21,0.0,0.0,0.09853856908711603,0.0,0.0,0.09788911618318004,0.0,0.09912378094868611,0.0,0.0,0.0,0.10225657161950724,0.0,0.0,0.0,0.0,0.0,0.0,0.0,0.0,0.0
2021-06-22,0.0,0.0,0.09872166333005082,0.0,0.0,0.09742759176649615,0.0,0.09841086416434286,0.0,0.0,0.0,0.10165185540732613,0.0,0.0,0.0,0.0,0.0,0.0,0.0,0.0,0.0
2021-06-23,0.0,0.0,0.09856429514179192,0.0,0.0,0.09648922891645602,0.0,0.09761054411978629,0.0,0.0,0.0,0.1012072414269445,0.0,0.0,0.0,0.0,0.0,0.0,0.0,0.0,0.0
2021-06-24,0.0,0.0,0.09699836479640285,0.0,0.0,0.0968428014009254,0.0,0.0973733774577427,0.0,0.0,0.0,0.10040664436573754,0.0,0.0,0.0,0.0,0.0,0.0,0.0,0.0,0.0
2021-06-25,0.0,0.0,0.09754176808131881,0.0,0.0,0.09556842028532544,0.0,0.09789827014084114,0.0,0.0,0.0,0.10025732332746297,0.0,0.0,0.0,0.0,0.0,0.0,0.0,0.0,0.0
2021-06-28,0.0,0.0,0.09782386061063218,0.0,0.0,0.09541866356770529,0.0,0.0973893842909716,0.0,0.0,0.0,0.10066967978439738,0.0,0.0,0.0,0.0,0.0,0.0,0.0,0.0,0.0
2021-06-29,0.0,0.0,0.0984771289510602,0.0,0.0,0.09602892916420974,0.0,0.09648057783870402,0.0,0.0,0.0,0.10136109948199017,0.0,0.0,0.0,0.0,0.0,0.0,0.0,0.0,0.0
2021-06-30,0.0,0.0,0.09897336594790483,0.0,0.0,0.0967303574049624,0.0,0.09651050138312303,0.0,0.0,0.0,0.10082167893498632,0.0,0.0,0.0,0.0,0.0,0.0,0.0,0.0,0.0
2021-07-01,0.0,0.0,0.1,0.0,0.0,0.1,0.0,0.1,0.1,0.0,0.0,0.0,0.0,0.0,0.0,0.0,0.0,0.0,0.0,0.0,0.0
2021-07-02,0.0,0.0,0.10014870295297391,0.0,0.0,0.1007040579950365,0.0,0.10112192480099642,0.09990769509277284,0.0,0.0,0.0,0.0,0.0,0.0,0.0,0.0,0.0,0.0,0.0,0.0
2021-07-06,0.0,0.0,0.09926690230567,0.0,0.0,0.09969121504887263,0.0,0.1009560709370962,0.09993925702746567,0.0,0.0,0.0,0.0,0.0,0.0,0.0,0.0,0.0,0.0,0.0,0.0
2021-07-07,0.0,0.0,0.10012895453655152,0.0,0.0,0.10004258900321539,0.0,0.09984851740774384,0.0996117744568283,0.0,0.0,0.0,0.0,0.0,0.0,0.0,0.0,0.0,0.0,0.0,0.0
2021-07-08,0.0,0.0,0.09894208637672738,0.0,0.0,0.09908661417220789,0.0,0.09899663684988337,0.09964458265885238,0.0,0.0,0.0,0.0,0.0,0.0,0.0,0.0,0.0,0.0,0.0,0.0
2021-07-09,0.0,0.0,0.09826006639336994,0.0,0.0,0.09860231278034365,0.0,0.09886484676621098,0.10010952823518371,0.0,0.0,0.0,0.0,0.0,0.0,0.0,0.0,0.0,0.0,0.0,0.0
2021-07-12,0.0,0.0,0.09914782201597251,0.0,0.0,0.09937105875369859,0.0,0.09828893563929707,0.10022279195917558,0.0,0.0,0.0,0.0,0.0,0.0,0.0,0.0,0.0,0.0,0.0,0.0
2021-07-13,0.0,0.0,0.10004552586336807,0.0,0.0,0.09879752303486194,0.0,0.09840126293869686,0.09979239464331523,0.0,0.0,0.0,0.0,0.0,0.0,0.0,0.0,0.0,0.0,0.0,0.0
2021-07-14,0.0,0.0,0.0994800572602751,0.0,0.0,0.09825104922700727,0.0,0.09715672135161278,0.09791983450111541,0.0,0.0,0.0,0.0,0.0,0.0,0.0,0.0,0.0,0.0,0.0,0.0
2021-07-15,0.0,0.0,0.09948833919458286,0.0,0.0,0.09786722368606345,0.0,0.09675596951656117,0.09715891976136758,0.0,0.0,0.0,0.0,0.0,0.0,0.0,0.0,0.0,0.0,0.0,0.0
2021-07-16,0.0,0.0,0.09786616717452631,0.0,0.0,0.09886274291688199,0.0,0.09689805588627926,0.09626319460849792,0.0,0.0,0.0,0.0,0.0,0.0,0.0,0.0,0.0,0.0,0.0,0.0
2021-07-19,0.0,0.0,0.09727684361814001,0.0,0.0,0.09891359809824032,0.0,0.09730911301144687,0.09608762365154262,0.0,0.0,0.0,0.0,0.0,0.0,0.0,0.0,0.0,0.0,0.0,0.0
2021-07-20,0.0,0.0,0.09606361505338631,0.0,0.0,0.0985516944793396,0.0,0.09754765500554924,0.09567133383672205,0.0,0.0,0.0,0.0,0.0,0.0,0.0,0.0,0.0,0.0,0.0,0.0
2021-07-21,0.0,0.0,0.09656989350633631,0.0,0.0,0.09899942981345301,0.0,0.09829709145850508,0.09428053830001508,0.0,0.0,0.0,0.0,0.0,0.0,0.0,0.0,0.0,0.0,0.0,0.0
2021-07-22,0.0,0.0,0.0953482635737253,0.0,0.0,0.09824279873579377,0.0,0.0990716193676624,0.09559506250461303,0.0,0.0,0.0,0.0,0.0,0.0,0.0,0.0,0.0,0.0,0.0,0.0
2021-07-23,0.0,0.0,0.09486444061657884,0.0,0.0,0.09924783037523205,0.0,0.09963188949584056,0.09580871247181305,0.0,0.0,0.0,0.0,0.0,0.0,0.0,0.0,0.0,0.0,0.0,0.0
2021-07-26,0.0,0.0,0.09484285584818765,0.0,0.0,0.09891308158149462,0.0,0.09947289446464769,0.0964125707046549,0.0,0.0,0.0,0.0,0.0,0.0,0.0,0.0,0.0,0.0,0.0,0.0
2021-07-27,0.0,0.0,0.09525237989719924,0.0,0.0,0.09888158070338611,0.0,0.09877306729092632,0.09575488036567777,0.0,0.0,0.0,0.0,0.0,0.0,0.0,0.0,0.0,0.0,0.0,0.0
2021-07-28,0.0,0.0,0.09539275262395124,0.0,0.0,0.09790504210513827,0.0,0.09834580028582234,0.09714051914513452,0.0,0.0,0.0,0.0,0.0,0.0,0.0,0.0,0.0,0.0,0.0,0.0
2021-07-29,0.0,0.0,0.09537948166412796,0.0,0.0,0.09594967140143092,0.0,0.09882435505907872,0.09595102837520919,0.0,0.0,0.0,0.0,0.0,0.0,0.0,0.0,0.0,0.0,0.0,0.0
2021-07-30,0.0,0.0,0.09588277033643774,0.0,0.0,0.09508739168192767,0.0,0.09939279470928557,0.09621454370461253,0.0,0.0,0.0,0.0,0.0,0.0,0.0,0.0,0.0,0.0,0.0,0.0
2021-08-02,0.0,0.0,0.10000000000000002,0.0,0.0,0.10000000000000002,0.0,0.10000000000000002,0.10000000000000002,0.0,0.0,0.0,0.0,0.0,0.0,0.0,0.0,0.0,0.0,0.0,0.0
2021-08-03,0.0,0.0,0.09920640524649753,0.0,0.0,0.09916897381759701,0.0,0.09955936163130984,0.10179438714308839,0.0,0.0,0.0,0.0,0.0,0.0,0.0,0.0,0.0,0.0,0.0,0.0
2021-08-04,0.0,0.0,0.09994656868505851,0.0,0.0,0.1000244467616103,0.0,0.10103621084268749,0.10197687152777903,0.0,0.0,0.0,0.0,0.0,0.0,0.0,0.0,0.0,0.0,0.0,0.0
2021-08-05,0.0,0.0,0.10013314195548784,0.0,0.0,0.09933161029861987,0.0,0.10062894847836158,0.10232111134864656,0.0,0.0,0.0,0.0,0.0,0.0,0.0,0.0,0.0,0.0,0.0,0.0
2021-08-06,0.0,0.0,0.10142832238777526,0.0,0.0,0.09983173822029234,0.0,0.1007417983191731,0.10332852397281285,0.0,0.0,0.0,0.0,0.0,0.0,0.0,0.0,0.0,0.0,0.0,0.0
2021-08-09,0.0,0.0,0.10160380252096828,0.0,0.0,0.09975495056887215,0.0,0.1002910343520271,0.10326294715310082,0.0,0.0,0.0,0.0,0.0,0.0,0.0,0.0,0.0,0.0,0.0,0.0
2021-08-10,0.0,0.0,0.10016288796726755,0.0,0.0,0.10030610874483542,0.0,0.10079414178307038,0.10301866356337436,0.0,0.0,0.0,0.0,0.0,0.0,0.0,0.0,0.0,0.0,0.0,0.0
2021-08-11,0.0,0.0,0.10056677620628696,0.0,0.0,0.10063635931745073,0.0,0.09993122932872125,0.10391576093530576,0.0,0.0,0.0,0.0,0.0,0.0,0.0,0.0,0.0,0.0,0.0,0.0
2021-08-12,0.0,0.0,0.10018743596125147,0.0,0.0,0.10052955922561982,0.0,0.09902868891502026,0.1040119108971014,0.0,0.0,0.0,0.0,0.0,0.0,0.0,0.0,0.0,0.0,0.0,0.0
2021-08-13,0.0,0.0,0.0993339173345284,0.0,0.0,0.10092402122370923,0.0,0.10052648020520438,0.1035950745678871,0.0,0.0,0.0,0.0,0.0,0.0,0.0,0.0,0.0,0.0,0.0,0.0
2021-08-16,0.0,0.0,0.09922854470191105,0.0,0.0,0.1005780964856555,0.0,0.10128821459980854,0.10407465367425163,0.0,0.0,0.0,0.0,0.0,0.0,0.0,0.0,0.0,0.0,0.0,0.0
2021-08-17,0.0,0.0,0.09882599067650594,0.0,0.0,0.1014051765919333,0.0,0.10084703402650737,0.10554581550866154,0.0,0.0,0.0,0.0,0.0,0.0,0.0,0.0,0.0,0.0,0.0,0.0
2021-08-18,0.0,0.0,0.09922508216710982,0.0,0.0,0.1018235379365469,0.0,0.09986174285463854,0.1050062494927983,0.0,0.0,0.0,0.0,0.0,0.0,0.0,0.0,0.0,0.0,0.0,0.0
2021-08-19,0.0,0.0,0.09885804803546404,0.0,0.0,0.1030929435048282,0.0,0.09931428632987703,0.1042973283124291,0.0,0.0,0.0,0.0,0.0,0.0,0.0,0.0,0.0,0.0,0.0,0.0
2021-08-20,0.0,0.0,0.09870929484063705,0.0,0.0,0.10354221138009886,0.0,0.09992216916334073,0.10406526677080796,0.0,0.0,0.0,0.0,0.0,0.0,0.0,0.0,0.0,0.0,0.0,0.0
2021-08-23,0.0,0.0,0.09903580995439785,0.0,0.0,0.10380624086353456,0.0,0.10099000989561731,0.1039056975409258,0.0,0.0,0.0,0.0,0.0,0.0,0.0,0.0,0.0,0.0,0.0,0.0
2021-08-24,0.0,0.0,0.10024093096136732,0.0,0.0,0.10326864680160917,0.0,0.10215193119685843,0.1033592740618309,0.0,0.0,0.0,0.0,0.0,0.0,0.0,0.0,0.0,0.0,0.0,0.0
2021-08-25,0.0,0.0,0.10161888530636594,0.0,0.0,0.10334442711164797,0.0,0.10145081181644677,0.10340641841807274,0.0,0.0,0.0,0.0,0.0,0.0,0.0,0.0,0.0,0.0,0.0,0.0
2021-08-26,0.0,0.0,0.10009899975806257,0.0,0.0,0.10232608226815845,0.0,0.10015905868943767,0.10303875520334042,0.0,0.0,0.0,0.0,0.0,0.0,0.0,0.0,0.0,0.0,0.0,0.0
2021-08-27,0.0,0.0,0.10081520113704545,0.0,0.0,0.10235347884140586,0.0,0.09984506758984166,0.10298025506032021,0.0,0.0,0.0,0.0,0.0,0.0,0.0,0.0,0.0,0.0,0.0,0.0
2021-08-30,0.0,0.0,0.10118952704000149,0.0,0.0,0.10160419996563204,0.0,0.10122002323319507,0.10256126651781965,0.0,0.0,0.0,0.0,0.0,0.0,0.0,0.0,0.0,0.0,0.0,0.0
2021-08-31,0.0,0.0,0.10044689918562048,0.0,0.0,0.1020004649923493,0.0,0.10193685760077514,0.10212717252164355,0.0,0.0,0.0,0.0,0.0,0.0,0.0,0.0,0.0,0.0,0.0,0.0
2021-09-01,0.0,0.0,0.10000000000000002,0.0,0.0,0.0,0.0,0.10000000000000002,0.10000000000000002,0.0,0.0,0.10000000000000002,0.0,0.0,0.0,0.0,0.0,0.0,0.0,0.0,0.0
2021-09-02,0.0,0.0,0.09996478682669419,0.0,0.0,0.0,0.0,0.0991571045273995,0.10038987730673882,0.0,0.0,0.09990010640115654,0.0,0.0,0.0,0.0,0.0,0.0,0.0,0.0,0.0
2021-09-03,0.0,0.0,0.10139620862298036,0.0,0.0,0.0,0.0,0.09833564801696569,0.10214853304520317,0.0,0.0,0.09999804280207271,0.0,0.0,0.0,0.0,0.0,0.0,0.0,0.0,0.0
2021-09-07,0.0,0.0,0.10227962167057544,0.0,0.0,0.0,0.0,0.09812546585666666,0.10250698598722412,0.0,0.0,0.09990230541325912,0.0,0.0,0.0,0.0,0.0,0.0,0.0,0.0,0.0
2021-09-08,0.0,0.0,0.10185529483849691,0.0,0.0,0.0,0.0,0.09824801821630032,0.1024555925241782,0.0,0.0,0.10054026628133707,0.0,0.0,0.0,0.0,0.0,0.0,0.0,0.0,0.0
2021-09-09,0.0,0.0,0.10272618379339359,0.0,0.0,0.0,0.0,0.09770244305813594,0.10301219326939595,0.0,0.0,0.10114482887380953,0.0,0.0,0.0,0.0,0.0,0.0,0.0,0.0,0.0
2021-09-10,0.0,0.0,0.10115819085490384,0.0,0.0,0.0,0.0,0.09747441443782552,0.10324328177979948,0.0,0.0,0.10282902060092859,0.0,0.0,0.0,0.0,0.0,0.0,0.0,0.0,0.0
2021-09-13,0.0,0.0,0.10091048163564759,0.0,0.0,0.0,0.0,0.0969762397134287,0.10383315017408992,0.0,0.0,0.10299164236428959,0.0,0.0,0.0,0.0,0.0,0.0,0.0,0.0,0.0
2021-09-14,0.0,0.0,0.10083982489551255,0.0,0.0,0.0,0.0,0.09652804839734683,0.10458699352278993,0.0,0.0,0.10299205564302351,0.0,0.0,0.0,0.0,0.0,0.0,0.0,0.0,0.0
2021-09-15,0.0,0.0,0.10190647893528251,0.0,0.0,0.0,0.0,0.09770869856492614,0.1047624265085072,0.0,0.0,0.1029850609674419,0.0,0.0,0.0,0.0,0.0,0.0,0.0,0.0,0.0
2021-09-16,0.0,0.0,0.10342138711523732,0.0,0.0,0.0,0.0,0.09767207827782233,0.10544648630994753,0.0,0.0,0.10289018664155339,0.0,0.0,0.0,0.0,0.0,0.0,0.0,0.0,0.0
2021-09-17,0.0,0.0,0.10414816359344617,0.0,0.0,0.0,0.0,0.09751848545359001,0.10538737090103084,0.0,0.0,0.10324928238056781,0.0,0.0,0.0,0.0,0.0,0.0,0.0,0.0,0.0
2021-09-20,0.0,0.0,0.10358053838343653,0.0,0.0,0.0,0.0,0.09788278033217189,0.10518030043017837,0.0,0.0,0.10330536319512075,0.0,0.0,0.0,0.0,0.0,0.0,0.0,0.0,0.0
2021-09-21,0.0,0.0,0.103829030003236,0.0,0.0,0.0,0.0,0.09801019349343375,0.10321247748735923,0.0,0.0,0.10330335239363701,0.0,0.0,0.0,0.0,0.0,0.0,0.0,0.0,0.0
2021-09-22,0.0,0.0,0.10432034812267464,0.0,0.0,0.0,0.0,0.09753887342792877,0.10283048819463264,0.0,0.0,0.10274777219386594,0.0,0.0,0.0,0.0,0.0,0.0,0.0,0.0,0.0
2021-09-23,0.0,0.0,0.10351076558810286,0.0,0.0,0.0,0.0,0.0985881808735629,0.10337686588356795,0.0,0.0,0.10281593494670145,0.0,0.0,0.0,0.0,0.0,0.0,0.0,0.0,0.0
2021-09-24,0.0,0.0,0.10240077660048529,0.0,0.0,0.0,0.0,0.09855617035091599,0.10454686913036866,0.0,0.0,0.10351002517547317,0.0,0.0,0.0,0.0,0.0,0.0,0.0,0.0,0.0
2021-09-27,0.0,0.0,0.10310657901442231,0.0,0.0,0.0,0.0,0.0984090453886968,0.10509065379837784,0.0,0.0,0.10338226410306571,0.0,0.0,0.0,0.0,0.0,0.0,0.0,0.0,0.0
2021-09-28,0.0,0.0,0.1033457876306118,0.0,0.0,0.0,0.0,0.0998914279474489,0.10526136823048934,0.0,0.0,0.10236462251634483,0.0,0.0,0.0,0.0,0.0,0.0,0.0,0.0,0.0
2021-09-29,0.0,0.0,0.10280831616593131,0.0,0.0,0.0,0.0,0.09959305900507377,0.1051601429508068,0.0,0.0,0.10274313039496842,0.0,0.0,0.0,0.0,0.0,0.0,0.0,0.0,0.0
2021-09-30,0.0,0.0,0.10310827228175701,0.0,0.0,0.0,0.0,0.10052976167685602,0.1054877405727052,0.0,0.0,0.10261701793941362,0.0,0.0,0.0,0.0,0.0,0.0,0.0,0.0,0.0
2021-10-01,0.0,0.0,0.1,0.0,0.0,0.0,0.0,0.1,0.1,0.0,0.0,0.1,0.0,0.0,0.0,0.0,0.0,0.0,0.0,0.0,0.0
2021-10-04,0.0,0.0,0.09989283772617027,0.0,0.0,0.0,0.0,0.10016814651188648,0.09846815486059009,0.0,0.0,0.1006316432324159,0.0,0.0,0.0,0.0,0.0,0.0,0.0,0.0,0.0
2021-10-05,0.0,0.0,0.09930868226684784,0.0,0.0,0.0,0.0,0.1005912634896424,0.09789706081893439,0.0,0.0,0.09952670023673209,0.0,0.0,0.0,0.0,0.0,0.0,0.0,0.0,0.0
2021-10-06,0.0,0.0,0.09921547028218378,0.0,0.0,0.0,0.0,0.10066631247110286,0.09745436084521147,0.0,0.0,0.09867639149748203,0.0,0.0,0.0,0.0,0.0,0.0,0.0,0.0,0.0
2021-10-07,0.0,0.0,0.0998251755910013,0.0,0.0,0.0,0.0,0.1005697680245194,0.09863338260505611,0.0,0.0,0.09885935720612962,0.0,0.0,0.0,0.0,0.0,0.0,0.0,0.0,0.0
2021-10-08,0.0,0.0,0.09841647474126296,0.0,0.0,0.0,0.0,0.0995336567968674,0.09800019103386086,0.0,0.0,0.09666242760793661,0.0,0.0,0.0,0.0,0.0,0.0,0.0,0.0,0.0
2021-10-11,0.0,0.0,0.09762818281892673,0.0,0.0,0.0,0.0,0.09870744407749427,0.09737836839861044,0.0,0.0,0.09668505702672708,0.0,0.0,0.0,0.0,0.0,0.0,0.0,0.0,0.0
2021-10-12,0.0,0.0,0.09817400003817889,0.0,0.0,0.0,0.0,0.09911523400128124,0.09672769952543689,0.0,0.0,0.09611559693189806,0.0,0.0,0.0,0.0,0.0,0.0,0.0,0.0,0.0
2021-10-13,0.0,0.0,0.0975107861184364,0.0,0.0,0.0,0.0,0.09989593576091393,0.0967289417005391,0.0,0.0,0.09699442543037802,0.0,0.0,0.0,0.0,0.0,0.0,0.0,0.0,0.0
2021-10-14,0.0,0.0,0.09735006528518408,0.0,0.0,0.0,0.0,0.09931208325660314,0.09676579347463644,0.0,0.0,0.0961750844545392,0.0,0.0,0.0,0.0,0.0,0.0,0.0,0.0,0.0
2021-10-15,0.0,0.0,0.09648449779177265,0.0,0.0,0.0,0.0,0.09788599791554596,0.09737532249274052,0.0,0.0,0.09519330854583272,0.0,0.0,0.0,0.0,0.0,0.0,0.0,0.0,0.0
2021-10-18,0.0,0.0,0.09668500712907546,0.0,0.0,0.0,0.0,0.09848757990293092,0.09809259731289083,0.0,0.0,0.09684375261514548,0.0,0.0,0.0,0.0,0.0,0.0,0.0,0.0,0.0
2021-10-19,0.0,0.0,0.09590772241982058,0.0,0.0,0.0,0.0,0.0977581869918119,0.09894147501907034,0.0,0.0,0.09580839692637881,0.0,0.0,0.0,0.0,0.0,0.0,0.0,0.0,0.0
2021-10-20,0.0,0.0,0.09584640889189004,0.0,0.0,0.0,0.0,0.09896153616156429,0.10098670830169072,0.0,0.0,0.09595529162230551,0.0,0.0,0.0,0.0,0.0,0.0,0.0,0.0,0.0
2021-10-21,0.0,0.0,0.09691655092649631,0.0,0.0,0.0,0.0,0.09892600535011256,0.10066520042277353,0.0,0.0,0.09551223582414,0.0,0.0,0.0,0.0,0.0,0.0,0.0,0.0,0.0
2021-10-22,0.0,0.0,0.09686847059340152,0.0,0.0,0.0,0.0,0.0994869867611303,0.1025439384578508,0.0,0.0,0.09512173434683853,0.0,0.0,0.0,0.0,0.0,0.0,0.0,0.0,0.0
2021-10-25,0.0,0.0,0.09769077537119963,0.0,0.0,0.0,0.0,0.099528335415504,0.10181897496392317,0.0,0.0,0.09625570717117361,0.0,0.0,0.0,0.0,0.0,0.0,0.0,0.0,0.0
2021-10-26,0.0,0.0,0.09658390878109958,0.0,0.0,0.0,0.0,0.09943107729945248,0.10154588459342137,0.0,0.0,0.0965620679952765,0.0,0.0,0.0,0.0,0.0,0.0,0.0,0.0,0.0
2021-10-27,0.0,0.0,0.09583902282119025,0.0,0.0,0.0,0.0,0.09884344238028468,0.10133038594121156,0.0,0.0,0.09690188589614315,0.0,0.0,0.0,0.0,0.0,0.0,0.0,0.0,0.0
2021-10-28,0.0,0.0,0.09612601164350978,0.0,0.0,0.0,0.0,0.0977943467859685,0.10169612314428784,0.0,0.0,0.09713147087132264,0.0,0.0,0.0,0.0,0.0,0.0,0.0,0.0,0.0
2021-10-29,0.0,0.0,0.0962872776356136,0.0,0.0,0.0,0.0,0.09858660703610335,0.10159912164264753,0.0,0.0,0.09602439607246031,0.0,0.0,0.0,0.0,0.0,0.0,0.0,0.0,0.0
2021-11-01,0.0,0.0,0.1,0.0,0.0,0.0,0.0,0.1,0.1,0.0,0.0,0.0,0.0,0.0,0.1,0.0,0.0,0.0,0.0,0.0,0.0
2021-11-02,0.0,0.0,0.0997864410451394,0.0,0.0,0.0,0.0,0.10040815726160737,0.10118010082081122,0.0,0.0,0.0,0.0,0.0,0.09997987241988038,0.0,0.0,0.0,0.0,0.0,0.0
2021-11-03,0.0,0.0,0.099769466257212,0.0,0.0,0.0,0.0,0.10043178328773093,0.10051746503542357,0.0,0.0,0.0,0.0,0.0,0.09984731553936504,0.0,0.0,0.0,0.0,0.0,0.0
2021-11-04,0.0,0.0,0.10088547181995325,0.0,0.0,0.0,0.0,0.10051604280924327,0.10002622394955793,0.0,0.0,0.0,0.0,0.0,0.10095969656212142,0.0,0.0,0.0,0.0,0.0,0.0
2021-11-05,0.0,0.0,0.10029618448680606,0.0,0.0,0.0,0.0,0.10063167195720843,0.10108206336687411,0.0,0.0,0.0,0.0,0.0,0.10130982045889399,0.0,0.0,0.0,0.0,0.0,0.0
2021-11-08,0.0,0.0,0.09863380026468889,0.0,0.0,0.0,0.0,0.10076800505879316,0.10159525437122381,0.0,0.0,0.0,0.0,0.0,0.10195939621929916,0.0,0.0,0.0,0.0,0.0,0.0
2021-11-09,0.0,0.0,0.09798888521363919,0.0,0.0,0.0,0.0,0.10053017502535803,0.10241976417297424,0.0,0.0,0.0,0.0,0.0,0.10145908507352856,0.0,0.0,0.0,0.0,0.0,0.0
2021-11-10,0.0,0.0,0.09741238830536074,0.0,0.0,0.0,0.0,0.10092099174642488,0.1027445667506968,0.0,0.0,0.0,0.0,0.0,0.10105433177382056,0.0,0.0,0.0,0.0,0.0,0.0
2021-11-11,0.0,0.0,0.09811379676978148,0.0,0.0,0.0,0.0,0.10164376592811336,0.10196717631053914,0.0,0.0,0.0,0.0,0.0,0.10130590846828703,0.0,0.0,0.0,0.0,0.0,0.0
2021-11-12,0.0,0.0,0.0961087989897948,0.0,0.0,0.0,0.0,0.10083272643447655,0.10189131082776101,0.0,0.0,0.0,0.0,0.0,0.10170396818727823,0.0,0.0,0.0,0.0,0.0,0.0
2021-11-15,0.0,0.0,0.09554834807285466,0.0,0.0,0.0,0.0,0.1008072630892069,0.10053497704212337,0.0,0.0,0.0,0.0,0.0,0.1018105913822529,0.0,0.0,0.0,0.0,0.0,0.0
2021-11-16,0.0,0.0,0.09698246395950434,0.0,0.0,0.0,0.0,0.09946448146246173,0.10121209961394262,0.0,0.0,0.0,0.0,0.0,0.10178909013557827,0.0,0.0,0.0,0.0,0.0,0.0
2021-11-17,0.0,0.0,0.09688986204771662,0.0,0.0,0.0,0.0,0.09801938134361222,0.1015738251725963,0.0,0.0,0.0,0.0,0.0,0.1022435906345467,0.0,0.0,0.0,0.0,0.0,0.0
2021-11-18,0.0,0.0,0.09691472211131524,0.0,0.0,0.0,0.0,0.09781646507672428,0.10172746326454235,0.0,0.0,0.0,0.0,0.0,0.1011769980409254,0.0,0.0,0.0,0.0,0.0,0.0
2021-11-19,0.0,0.0,0.09604797064714095,0.0,0.0,0.0,0.0,0.09777968439532264,0.10192094645046666,0.0,0.0,0.0,0.0,0.0,0.10191209194785829,0.0,0.0,0.0,0.0,0.0,0.0
2021-11-22,0.0,0.0,0.09521587716223019,0.0,0.0,0.0,0.0,0.09744486320364874,0.10271437719124281,0.0,0.0,0.0,0.0,0.0,0.10237625051696214,0.0,0.0,0.0,0.0,0.0,0.0
2021-11-23,0.0,0.0,0.0956792674035101,0.0,0.0,0.0,0.0,0.09689924678236767,0.10152551629958649,0.0,0.0,0.0,0.0,0.0,0.10167928950888837,0.0,0.0,0.0,0.0,0.0,0.0
2021-11-24,0.0,0.0,0.09581731209147598,0.0,0.0,0.0,0.0,0.09670204656652075,0.10228662607542899,0.0,0.0,0.0,0.0,0.0,0.10137276241851591,0.0,0.0,0.0,0.0,0.0,0.0
2021-11-26,0.0,0.0,0.0961326099431422,0.0,0.0,0.0,0.0,0.09628236342402693,0.10303159465558762,0.0,0.0,0.0,0.0,0.0,0.10172752784846746,0.0,0.0,0.0,0.0,0.0,0.0
2021-11-29,0.0,0.0,0.09573548931170538,0.0,0.0,0.0,0.0,0.09553302469740248,0.10283559191004832,0.0,0.0,0.0,0.0,0.0,0.10216394632590585,0.0,0.0,0.0,0.0,0.0,0.0
2021-11-30,0.0,0.0,0.09616836691585924,0.0,0.0,0.0,0.0,0.09458118571372229,0.10360985976026266,0.0,0.0,0.0,0.0,0.0,0.10180522858484752,0.0,0.0,0.0,0.0,0.0,0.0
2021-12-01,0.0,0.0,0.1,0.0,0.0,0.0,0.0,0.1,0.1,0.0,0.0,0.0,0.0,0.0,0.1,0.0,0.0,0.0,0.0,0.0,0.0
2021-12-02,0.0,0.0,0.10080659868100623,0.0,0.0,0.0,0.0,0.09968249396099099,0.10003253155038469,0.0,0.0,0.0,0.0,0.0,0.10078551424461113,0.0,0.0,0.0,0.0,0.0,0.0
2021-12-03,0.0,0.0,0.10236704564104614,0.0,0.0,0.0,0.0,0.10000109344529715,0.09909989636993587,0.0,0.0,0.0,0.0,0.0,0.10103091236683548,0.0,0.0,0.0,0.0,0.0,0.0
2021-12-06,0.0,0.0,0.10251505085217855,0.0,0.0,0.0,0.0,0.09950363589958161,0.09903063794937476,0.0,0.0,0.0,0.0,0.0,0.1010574542830664,0.0,0.0,0.0,0.0,0.0,0.0
2021-12-07,0.0,0.0,0.10237964076390862,0.0,0.0,0.0,0.0,0.10006042616993843,0.09972142402484395,0.0,0.0,0.0,0.0,0.0,0.10105460312242107,0.0,0.0,0.0,0.0,0.0,0.0
2021-12-08,0.0,0.0,0.10132234484941939,0.0,0.0,0.0,0.0,0.10071220806967202,0.09987962805349236,0.0,0.0,0.0,0.0,0.0,0.10189260316719922,0.0,0.0,0.0,0.0,0.0,0.0
2021-12-09,0.0,0.0,0.10094055104587103,0.0,0.0,0.0,0.0,0.10154896949692412,0.09997546466229683,0.0,0.0,0.0,0.0,0.0,0.10261397322334567,0.0,0.0,0.0,0.0,0.0,0.0
2021-12-10,0.0,0.0,0.10231782273896893,0.0,0.0,0.0,0.0,0.10190021852794004,0.10061982081452954,0.0,0.0,0.0,0.0,0.0,0.10299125933092443,0.0,0.0,0.0,0.0,0.0,0.0
2021-12-13,0.0,0.0,0.10152935360401763,0.0,0.0,0.0,0.0,0.10153117154999447,0.1011492412657165,0.0,0.0,0.0,0.0,0.0,0.10361471435540244,0.0,0.0,0.0,0.0,0.0,0.0
2021-12-14,0.0,0.0,0.10135996576332515,0.0,0.0,0.0,0.0,0.10075212933810274,0.10276312116282628,0.0,0.0,0.0,0.0,0.0,0.10363224816416701,0.0,0.0,0.0,0.0,0.0,0.0
2021-12-15,0.0,0.0,0.10207195497717732,0.0,0.0,0.0,0.0,0.10153784434025982,0.10349243372188462,0.0,0.0,0.0,0.0,0.0,0.10255547800649212,0.0,0.0,0.0,0.0,0.0,0.0
2021-12-16,0.0,0.0,0.1029833625712209,0.0,0.0,0.0,0.0,0.10252338594955895,0.10247106980436976,0.0,0.0,0.0,0.0,0.0,0.10298215122805267,0.0,0.0,0.0,0.0,0.0,0.0
2021-12-17,0.0,0.0,0.1026034897958792,0.0,0.0,0.0,0.0,0.103475028632042,0.1036943528463791,0.0,0.0,0.0,0.0,0.0,0.1030311497265164,0.0,0.0,0.0,0.0,0.0,0.0
2021-12-20,0.0,0.0,0.10257842867073676,0.0,0.0,0.0,0.0,0.10334234649632175,0.10472627834880928,0.0,0.0,0.0,0.0,0.0,0.10340510781352669,0.0,0.0,0.0,0.0,0.0,0.0
2021-12-21,0.0,0.0,0.10290427624114704,0.0,0.0,0.0,0.0,0.1030867480508218,0.10353199491480651,0.0,0.0,0.0,0.0,0.0,0.10282906738897878,0.0,0.0,0.0,0.0,0.0,0.0
2021-12-22,0.0,0.0,0.10243592499763118,0.0,0.0,0.0,0.0,0.10267070405819881,0.10276785055283695,0.0,0.0,0.0,0.0,0.0,0.10221316168413387,0.0,0.0,0.0,0.0,0.0,0.0
2021-12-23,0.0,0.0,0.10203337280485207,0.0,0.0,0.0,0.0,0.10255391958336207,0.1024233074443774,0.0,0.0,0.0,0.0,0.0,0.10170995934073584,0.0,0.0,0.0,0.0,0.0,0.0
2021-12-27,0.0,0.0,0.10250206415276826,0.0,0.0,0.0,0.0,0.10269230606803086,0.10319878225481896,0.0,0.0,0.0,0.0,0.0,0.10146970988931495,0.0,0.0,0.0,0.0,0.0,0.0
2021-12-28,0.0,0.0,0.10291523068958534,0.0,0.0,0.0,0.0,0.10225346781409048,0.10175717358940416,0.0,0.0,0.0,0.0,0.0,0.10139773077310238,0.0,0.0,0.0,0.0,0.0,0.0
2021-12-29,0.0,0.0,0.10461863918144594,0.0,0.0,0.0,0.0,0.1013619835122911,0.10183882652454714,0.0,0.0,0.0,0.0,0.0,0.10072515677942044,0.0,0.0,0.0,0.0,0.0,0.0
2021-12-30,0.0,0.0,0.10492319442271134,0.0,0.0,0.0,0.0,0.10138221714363206,0.10237826071389873,0.0,0.0,0.0,0.0,0.0,0.10222121548088398,0.0,0.0,0.0,0.0,0.0,0.0
2021-12-31,0.0,0.0,0.10592334942158863,0.0,0.0,0.0,0.0,0.09901478015783093,0.10048828429637452,0.0,0.0,0.0,0.0,0.0,0.10344759986318922,0.0,0.0,0.0,0.0,0.0,0.0
2022-01-03,0.0,0.10000000000000002,0.0,0.0,0.0,0.0,0.0,0.0,0.10000000000000002,0.0,0.0,0.0,0.0,0.0,0.10000000000000002,0.10000000000000002,0.0,0.0,0.0,0.0,0.0
2022-01-04,0.0,0.09998170580763346,0.0,0.0,0.0,0.0,0.0,0.0,0.10070330126288994,0.0,0.0,0.0,0.0,0.0,0.10007366978979712,0.09999235927101269,0.0,0.0,0.0,0.0,0.0
2022-01-05,0.0,0.0994952007948113,0.0,0.0,0.0,0.0,0.0,0.0,0.09968262163236809,0.0,0.0,0.0,0.0,0.0,0.10093691227267491,0.0990575422251278,0.0,0.0,0.0,0.0,0.0
2022-01-06,0.0,0.09877274892416095,0.0,0.0,0.0,0.0,0.0,0.0,0.0993445817792257,0.0,0.0,0.0,0.0,0.0,0.10254990160345247,0.10060774709831012,0.0,0.0,0.0,0.0,0.0
2022-01-07,0.0,0.09855271129986676,0.0,0.0,0.0,0.0,0.0,0.0,0.09862490098156423,0.0,0.0,0.0,0.0,0.0,0.10189498031037153,0.10130185915936697,0.0,0.0,0.0,0.0,0.0
2022-01-10,0.0,0.09862373071266244,0.0,0.0,0.0,0.0,0.0,0.0,0.09641488104248588,0.0,0.0,0.0,0.0,0.0,0.10170595233320141,0.10026214951514631,0.0,0.0,0.0,0.0,0.0
2022-01-11,0.0,0.097424738696652,0.0,0.0,0.0,0.0,0.0,0.0,0.09592658296402565,0.0,0.0,0.0,0.0,0.0,0.1012935302218142,0.10055889083049739,0.0,0.0,0.0,0.0,0.0
2022-01-12,0.0,0.09743813883356445,0.0,0.0,0.0,0.0,0.0,0.0,0.09575198147495964,0.0,0.0,0.0,0.0,0.0,0.1007616835687702,0.09988222529284653,0.0,0.0,0.0,0.0,0.0
2022-01-13,0.0,0.09769154798671625,0.0,0.0,0.0,0.0,0.0,0.0,0.09512268175284314,0.0,0.0,0.0,0.0,0.0,0.10084395765147365,0.09921879595038434,0.0,0.0,0.0,0.0,0.0
2022-01-14,0.0,0.09720053383632475,0.0,0.0,0.0,0.0,0.0,0.0,0.09572146070863521,0.0,0.0,0.0,0.0,0.0,0.100731417611048,0.09866859454425062,0.0,0.0,0.0,0.0,0.0
2022-01-18,0.0,0.09768388527907339,0.0,0.0,0.0,0.0,0.0,0.0,0.09569312134217535,0.0,0.0,0.0,0.0,0.0,0.10077792583452751,0.0977003504019975,0.0,0.0,0.0,0.0,0.0
2022-01-19,0.0,0.09644377591657895,0.0,0.0,0.0,0.0,0.0,0.0,0.09612621758668698,0.0,0.0,0.0,0.0,0.0,0.10120329256811292,0.0986079822485089,0.0,0.0,0.0,0.0,0.0
2022-01-20,0.0,0.09675874075894338,0.0,0.0,0.0,0.0,0.0,0.0,0.09593695910719247,0.0,0.0,0.0,0.0,0.0,0.1023061444331524,0.09808676343334845,0.0,0.0,0.0,0.0,0.0
2022-01-21,0.0,0.09777893039382315,0.0,0.0,0.0,0.0,0.0,0.0,0.09636148536493852,0.0,0.0,0.0,0.0,0.0,0.1016518025688277,0.09889407962805224,0.0,0.0,0.0,0.0,0.0
2022-01-24,0.0,0.0986451486269344,0.0,0.0,0.0,0.0,0.0,0.0,0.09711474385927886,0.0,0.0,0.0,0.0,0.0,0.10221694811755148,0.09887410007715443,0.0,0.0,0.0,0.0,0.0
2022-01-25,0.0,0.09922985111599578,0.0,0.0,0.0,0.0,0.0,0.0,0.09714854290969714,0.0,0.0,0.0,0.0,0.0,0.10177508859172645,0.09891123969142569,0.0,0.0,0.0,0.0,0.0
2022-01-26,0.0,0.09830333457763747,0.0,0.0,0.0,0.0,0.0,0.0,0.09696742528045309,0.0,0.0,0.0,0.0,0.0,0.10121020723962021,0.09784830432959687,0.0,0.0,0.0,0.0,0.0
2022-01-27,0.0,0.09755233483889912,0.0,0.0,0.0,0.0,0.0,0.0,0.09718102174219395,0.0,0.0,0.0,0.0,0.0,0.10162513126601487,0.09873465466338471,0.0,0.0,0.0,0.0,0.0
2022-01-28,0.0,0.09657929682513448,0.0,0.0,0.0,0.0,0.0,0.0,0.09670413557373717,0.0,0.0,0.0,0.0,0.0,0.10123443142192572,0.09796724519395802,0.0,0.0,0.0,0.0,0.0
2022-01-31,0.0,0.09687454575824586,0.0,0.0,0.0,0.0,0.0,0.0,0.09776608664254252,0.0,0.0,0.0,0.0,0.0,0.10093499444613077,0.09754870670404382,0.0,0.0,0.0,0.0,0.0
2022-02-01,0.0,0.0,0.1,0.0,0.0,0.0,0.0,0.0,0.1,0.0,0.0,0.0,0.0,0.0,0.1,0.1,0.0,0.0,0.0,0.0,0.0
2022-02-02,0.0,0.0,0.10076524407472202,0.0,0.0,0.0,0.0,0.0,0.09987611945123277,0.0,0.0,0.0,0.0,0.0,0.10132165747217556,0.10057810121567477,0.0,0.0,0.0,0.0,0.0
2022-02-03,0.0,0.0,0.1035088673473752,0.0,0.0,0.0,0.0,0.0,0.09966039360838992,0.0,0.0,0.0,0.0,0.0,0.10123374851184622,0.10021272767192736,0.0,0.0,0.0,0.0,0.0
2022-02-04,0.0,0.0,0.10376296640284231,0.0,0.0,0.0,0.0,0.0,0.100117943669317,0.0,0.0,0.0,0.0,0.0,0.10158641792618717,0.10016876431314704,0.0,0.0,0.0,0.0,0.0
2022-02-07,0.0,0.0,0.10319687981407802,0.0,0.0,0.0,0.0,0.0,0.09989680235338821,0.0,0.0,0.0,0.0,0.0,0.10224419553907635,0.098867759377409,0.0,0.0,0.0,0.0,0.0
2022-02-08,0.0,0.0,0.10261137790216304,0.0,0.0,0.0,0.0,0.0,0.09975036654432753,0.0,0.0,0.0,0.0,0.0,0.10231468863369735,0.0991814588194996,0.0,0.0,0.0,0.0,0.0
2022-02-09,0.0,0.0,0.10195903535508609,0.0,0.0,0.0,0.0,0.0,0.10050290353900751,0.0,0.0,0.0,0.0,0.0,0.10313823396274514,0.0989943299807015,0.0,0.0,0.0,0.0,0.0
2022-02-10,0.0,0.0,0.10105046139204407,0.0,0.0,0.0,0.0,0.0,0.10153708947760706,0.0,0.0,0.0,0.0,0.0,0.10438947011328269,0.09907173412100444,0.0,0.0,0.0,0.0,0.0
2022-02-11,0.0,0.0,0.1016967710088064,0.0,0.0,0.0,0.0,0.0,0.10162197913588955,0.0,0.0,0.0,0.0,0.0,0.10551378517200102,0.09869053157585782,0.0,0.0,0.0,0.0,0.0
2022-02-14,0.0,0.0,0.10187270760094694,0.0,0.0,0.0,0.0,0.0,0.10050147770598576,0.0,0.0,0.0,0.0,0.0,0.10617283279435837,0.0980374770674795,0.0,0.0,0.0,0.0,0.0
2022-02-15,0.0,0.0,0.10183526335326543,0.0,0.0,0.0,0.0,0.0,0.10209853712002973,0.0,0.0,0.0,0.0,0.0,0.10519488693779129,0.09848822645137623,0.0,0.0,0.0,0.0,0.0
2022-02-16,0.0,0.0,0.1033135401180383,0.0,0.0,0.0,0.0,0.0,0.1025019190712402,0.0,0.0,0.0,0.0,0.0,0.10429543965962919,0.09941318854914341,0.0,0.0,0.0,0.0,0.0
2022-02-17,0.0,0.0,0.10248343609435713,0.0,0.0,0.0,0.0,0.0,0.10250987782859715,0.0,0.0,0.0,0.0,0.0,0.10393385385668862,0.09919165273675912,0.0,0.0,0.0,0.0,0.0
2022-02-18,0.0,0.0,0.10282428520745353,0.0,0.0,0.0,0.0,0.0,0.10301163651179339,0.0,0.0,0.0,0.0,0.0,0.10388842210422408,0.09921738611338232,0.0,0.0,0.0,0.0,0.0
2022-02-22,0.0,0.0,0.10342282563458714,0.0,0.0,0.0,0.0,0.0,0.10257603308326653,0.0,0.0,0.0,0.0,0.0,0.1044835215162273,0.10002425115357923,0.0,0.0,0.0,0.0,0.0
2022-02-23,0.0,0.0,0.10428093815656429,0.0,0.0,0.0,0.0,0.0,0.10248856149177257,0.0,0.0,0.0,0.0,0.0,0.10261177136390491,0.1003192302981482,0.0,0.0,0.0,0.0,0.0
2022-02-24,0.0,0.0,0.10474963176780133,0.0,0.0,0.0,0.0,0.0,0.10251897207243663,0.0,0.0,0.0,0.0,0.0,0.10260034520030824,0.09999869143868598,0.0,0.0,0.0,0.0,0.0
2022-02-25,0.0,0.0,0.10472831467129169,0.0,0.0,0.0,0.0,0.0,0.10186847490665901,0.0,0.0,0.0,0.0,0.0,0.10214484706388777,0.10023717938289732,0.0,0.0,0.0,0.0,0.0
2022-02-28,0.0,0.0,0.10525379487614418,0.0,0.0,0.0,0.0,0.0,0.10193872442215632,0.0,0.0,0.0,0.0,0.0,0.10151791179152012,0.09993471497591065,0.0,0.0,0.0,0.0,0.0
2022-03-01,0.0,0.0,0.0,0.0,0.0,0.10000000000000002,0.0,0.0,0.10000000000000002,0.0,0.0,0.0,0.0,0.0,0.10000000000000002,0.10000000000000002,0.0,0.0,0.0,0.0,0.0
2022-03-02,0.0,0.0,0.0,0.0,0.0,0.09983995349894528,0.0,0.0,0.09904335317426091,0.0,0.0,0.0,0.0,0.0,0.0995691615871202,0.09967693364131873,0.0,0.0,0.0,0.0,0.0
2022-03-03,0.0,0.0,0.0,0.0,0.0,0.10063478523378591,0.0,0.0,0.10016085842674478,0.0,0.0,0.0,0.0,0.0,0.09844167054213879,0.10044736102826336,0.0,0.0,0.0,0.0,0.0
2022-03-04,0.0,0.0,0.0,0.0,0.0,0.0989657692669517,0.0,0.0,0.10007517922145416,0.0,0.0,0.0,0.0,0.0,0.09826283306858309,0.1012762321371883,0.0,0.0,0.0,0.0,0.0
2022-03-07,0.0,0.0,0.0,0.0,0.0,0.09888739881902489,0.0,0.0,0.10028740012647522,0.0,0.0,0.0,0.0,0.0,0.09850668125426848,0.10039166328579645,0.0,0.0,0.0,0.0,0.0
2022-03-08,0.0,0.0,0.0,0.0,0.0,0.09887554805974684,0.0,0.0,0.10056795066175438,0.0,0.0,0.0,0.0,0.0,0.09828050315471835,0.10143166507539354,0.0,0.0,0.0,0.0,0.0
2022-03-09,0.0,0.0,0.0,0.0,0.0,0.10005425931909827,0.0,0.0,0.10009095343232224,0.0,0.0,0.0,0.0,0.0,0.10064834473503526,0.1019569955179983,0.0,0.0,0.0,0.0,0.0
2022-03-10,0.0,0.0,0.0,0.0,0.0,0.0985300731265824,0.0,0.0,0.09942620225273284,0.0,0.0,0.0,0.0,0.0,0.1004775924121489,0.1016480715205647,0.0,0.0,0.0,0.0,0.0
2022-03-11,0.0,0.0,0.0,0.0,0.0,0.09877587824674468,0.0,0.0,0.09879603699328386,0.0,0.0,0.0,0.0,0.0,0.10162156609368511,0.10329087773685867,0.0,0.0,0.0,0.0,0.0
2022-03-14,0.0,0.0,0.0,0.0,0.0,0.0990789788984376,0.0,0.0,0.09890861042768584,0.0,0.0,0.0,0.0,0.0,0.10187838256418306,0.10302245082705913,0.0,0.0,0.0,0.0,0.0
2022-03-15,0.0,0.0,0.0,0.0,0.0,0.09942625864988756,0.0,0.0,0.09915080709029195,0.0,0.0,0.0,0.0,0.0,0.10280002807991674,0.10284276910459247,0.0,0.0,0.0,0.0,0.0
2022-03-16,0.0,0.0,0.0,0.0,0.0,0.1002746616136453,0.0,0.0,0.09927210290494047,0.0,0.0,0.0,0.0,0.0,0.10258616259886144,0.10240438957396637,0.0,0.0,0.0,0.0,0.0
2022-03-17,0.0,0.0,0.0,0.0,0.0,0.1009012375769449,0.0,0.0,0.10018176545204087,0.0,0.0,0.0,0.0,0.0,0.10191887977933692,0.102526414644132,0.0,0.0,0.0,0.0,0.0
2022-03-18,0.0,0.0,0.0,0.0,0.0,0.10084549002645697,0.0,0.0,0.09911839888528266,0.0,0.0,0.0,0.0,0.0,0.10245265380995734,0.10273735236105497,0.0,0.0,0.0,0.0,0.0
2022-03-21,0.0,0.0,0.0,0.0,0.0,0.10184978578885943,0.0,0.0,0.0990856785636862,0.0,0.0,0.0,0.0,0.0,0.1032043142055343,0.1027838698657042,0.0,0.0,0.0,0.0,0.0
2022-03-22,0.0,0.0,0.0,0.0,0.0,0.10137907453668861,0.0,0.0,0.09905447322642605,0.0,0.0,0.0,0.0,0.0,0.10344675673946162,0.10349632814716112,0.0,0.0,0.0,0.0,0.0
2022-03-23,0.0,0.0,0.0,0.0,0.0,0.10194044598157044,0.0,0.0,0.0996840548922492,0.0,0.0,0.0,0.0,0.0,0.1034677794665581,0.1034229144499539,0.0,0.0,0.0,0.0,0.0
2022-03-24,0.0,0.0,0.0,0.0,0.0,0.10226021977407203,0.0,0.0,0.09852267235985812,0.0,0.0,0.0,0.0,0.0,0.10356423340400597,0.10353252209790788,0.0,0.0,0.0,0.0,0.0
2022-03-25,0.0,0.0,0.0,0.0,0.0,0.10224886804486205,0.0,0.0,0.09936855061845226,0.0,0.0,0.0,0.0,0.0,0.10242931605738104,0.10357312086245936,0.0,0.0,0.0,0.0,0.0
2022-03-28,0.0,0.0,0.0,0.0,0.0,0.10195729311588753,0.0,0.0,0.09990725321634314,0.0,0.0,0.0,0.0,0.0,0.10153335885158654,0.10391736504043046,0.0,0.0,0.0,0.0,0.0
2022-03-29,0.0,0.0,0.0,0.0,0.0,0.10281325662041832,0.0,0.0,0.10037171490607029,0.0,0.0,0.0,0.0,0.0,0.10120286340110635,0.10350696599092334,0.0,0.0,0.0,0.0,0.0
2022-03-30,0.0,0.0,0.0,0.0,0.0,0.10379887273422224,0.0,0.0,0.09977881986766035,0.0,0.0,0.0,0.0,0.0,0.10202042153608924,0.10439842126012817,0.0,0.0,0.0,0.0,0.0
2022-03-31,0.0,0.0,0.0,0.0,0.0,0.10442120998059412,0.0,0.0,0.09962881277949616,0.0,0.0,0.0,0.0,0.0,0.10140823137626259,0.10589025544826301,0.0,0.0,0.0,0.0,0.0
2022-04-01,0.0,0.10000000000000002,0.0,0.0,0.0,0.10000000000000002,0.0,0.0,0.10000000000000002,0.0,0.0,0.0,0.0,0.0,0.10000000000000002,0.0,0.0,0.0,0.0,0.0,0.0
2022-04-04,0.0,0.0982464175960836,0.0,0.0,0.0,0.10028882064272436,0.0,0.0,0.0996036774626945,0.0,0.0,0.0,0.0,0.0,0.09939534486609714,0.0,0.0,0.0,0.0,0.0,0.0
2022-04-05,0.0,0.09829978069407357,0.0,0.0,0.0,0.09976570521396658,0.0,0.0,0.1003440711104065,0.0,0.0,0.0,0.0,0.0,0.09961365265806328,0.0,0.0,0.0,0.0,0.0,0.0
2022-04-06,0.0,0.09705392377759853,0.0,0.0,0.0,0.09963218867585673,0.0,0.0,0.0997671094987177,0.0,0.0,0.0,0.0,0.0,0.09921381233826651,0.0,0.0,0.0,0.0,0.0,0.0
2022-04-07,0.0,0.0959763206141924,0.0,0.0,0.0,0.09960280281117931,0.0,0.0,0.10088166086257445,0.0,0.0,0.0,0.0,0.0,0.09834029122481763,0.0,0.0,0.0,0.0,0.0,0.0
2022-04-08,0.0,0.09507407324186586,0.0,0.0,0.0,0.10004952846276184,0.0,0.0,0.10145375252618578,0.0,0.0,0.0,0.0,0.0,0.09893654142116358,0.0,0.0,0.0,0.0,0.0,0.0
2022-04-11,0.0,0.09574760307310104,0.0,0.0,0.0,0.10125801528409505,0.0,0.0,0.10181853964266739,0.0,0.0,0.0,0.0,0.0,0.10018005263598166,0.0,0.0,0.0,0.0,0.0,0.0
2022-04-12,0.0,0.09707142368513759,0.0,0.0,0.0,0.10097165347051881,0.0,0.0,0.10337421267916165,0.0,0.0,0.0,0.0,0.0,0.10170261291599185,0.0,0.0,0.0,0.0,0.0,0.0
2022-04-13,0.0,0.09794657830413522,0.0,0.0,0.0,0.10167130761835114,0.0,0.0,0.10410284444534267,0.0,0.0,0.0,0.0,0.0,0.09968817261487081,0.0,0.0,0.0,0.0,0.0,0.0
2022-04-14,0.0,0.09778970574079099,0.0,0.0,0.0,0.10330453181514053,0.0,0.0,0.1050852661639632,0.0,0.0,0.0,0.0,0.0,0.10016932589126089,0.0,0.0,0.0,0.0,0.0,0.0
2022-04-18,0.0,0.09798499832327406,0.0,0.0,0.0,0.10376313958479837,0.0,0.0,0.10507859873528061,0.0,0.0,0.0,0.0,0.0,0.10011673899559546,0.0,0.0,0.0,0.0,0.0,0.0
2022-04-19,0.0,0.09728753760552529,0.0,0.0,0.0,0.10439479691036932,0.0,0.0,0.10479485042214687,0.0,0.0,0.0,0.0,0.0,0.09887960990116956,0.0,0.0,0.0,0.0,0.0,0.0
2022-04-20,0.0,0.09741208189462679,0.0,0.0,0.0,0.10459676368673666,0.0,0.0,0.10435100660094633,0.0,0.0,0.0,0.0,0.0,0.09834419620822113,0.0,0.0,0.0,0.0,0.0,0.0
2022-04-21,0.0,0.09723833967621746,0.0,0.0,0.0,0.10479526281345522,0.0,0.0,0.10275907512630697,0.0,0.0,0.0,0.0,0.0,0.09907732498286331,0.0,0.0,0.0,0.0,0.0,0.0
2022-04-22,0.0,0.097490817343866,0.0,0.0,0.0,0.10523841629093568,0.0,0.0,0.10281741708234243,0.0,0.0,0.0,0.0,0.0,0.09914149769394996,0.0,0.0,0.0,0.0,0.0,0.0
2022-04-25,0.0,0.09796680624920588,0.0,0.0,0.0,0.1054697575418978,0.0,0.0,0.10230848076234932,0.0,0.0,0.0,0.0,0.0,0.09897573822535848,0.0,0.0,0.0,0.0,0.0,0.0
2022-04-26,0.0,0.09814530066229173,0.0,0.0,0.0,0.10546179970828651,0.0,0.0,0.10154335671863844,0.0,0.0,0.0,0.0,0.0,0.09801605721211001,0.0,0.0,0.0,0.0,0.0,0.0
2022-04-27,0.0,0.09693030828424651,0.0,0.0,0.0,0.1052433180675952,0.0,0.0,0.10161946748335196,0.0,0.0,0.0,0.0,0.0,0.09812625785696458,0.0,0.0,0.0,0.0,0.0,0.0
2022-04-28,0.0,0.09778408130664676,0.0,0.0,0.0,0.10609672710427145,0.0,0.0,0.10172609508818263,0.0,0.0,0.0,0.0,0.0,0.09746294640073791,0.0,0.0,0.0,0.0,0.0,0.0
2022-04-29,0.0,0.0975428627258077,0.0,0.0,0.0,0.10645152832330261,0.0,0.0,0.1028550275755393,0.0,0.0,0.0,0.0,0.0,0.09664722807715227,0.0,0.0,0.0,0.0,0.0,0.0
2022-05-02,0.0,0.1,0.0,0.1,0.0,0.1,0.0,0.0,0.1,0.0,0.0,0.0,0.0,0.0,0.0,0.0,0.0,0.0,0.0,0.0,0.0
2022-05-03,0.0,0.09947601014397368,0.0,0.10093854548971927,0.0,0.10055408660374292,0.0,0.0,0.09929238229144396,0.0,0.0,0.0,0.0,0.0,0.0,0.0,0.0,0.0,0.0,0.0,0.0
2022-05-04,0.0,0.09920843011576742,0.0,0.10252436784642079,0.0,0.10198029280609464,0.0,0.0,0.09854197406679077,0.0,0.0,0.0,0.0,0.0,0.0,0.0,0.0,0.0,0.0,0.0,0.0
2022-05-05,0.0,0.10022266144773684,0.0,0.10324181334772214,0.0,0.10176393022276904,0.0,0.0,0.0988482471743754,0.0,0.0,0.0,0.0,0.0,0.0,0.0,0.0,0.0,0.0,0.0,0.0
2022-05-06,0.0,0.10010188423068403,0.0,0.10204434559190419,0.0,0.10249064338568437,0.0,0.0,0.09931329774921338,0.0,0.0,0.0,0.0,0.0,0.0,0.0,0.0,0.0,0.0,0.0,0.0
2022-05-09,0.0,0.10070166868354115,0.0,0.1028528019000787,0.0,0.10232308037282865,0.0,0.0,0.09937491708144934,0.0,0.0,0.0,0.0,0.0,0.0,0.0,0.0,0.0,0.0,0.0,0.0
2022-05-10,0.0,0.10118195246148601,0.0,0.103184674205358,0.0,0.10297722933578465,0.0,0.0,0.09929246372210618,0.0,0.0,0.0,0.0,0.0,0.0,0.0,0.0,0.0,0.0,0.0,0.0
2022-05-11,0.0,0.10282397261534802,0.0,0.10330331101397333,0.0,0.10243127103399395,0.0,0.0,0.10026971523192046,0.0,0.0,0.0,0.0,0.0,0.0,0.0,0.0,0.0,0.0,0.0,0.0
2022-05-12,0.0,0.1040616782328815,0.0,0.10304862634588338,0.0,0.10371732091871988,0.0,0.0,0.09954774529259257,0.0,0.0,0.0,0.0,0.0,0.0,0.0,0.0,0.0,0.0,0.0,0.0
2022-05-13,0.0,0.1039560185569516,0.0,0.10223029212674029,0.0,0.10532135715054847,0.0,0.0,0.10064944003831285,0.0,0.0,0.0,0.0,0.0,0.0,0.0,0.0,0.0,0.0,0.0,0.0
2022-05-16,0.0,0.10424531382266124,0.0,0.10246413413176653,0.0,0.10574282008728018,0.0,0.0,0.10072038722982546,0.0,0.0,0.0,0.0,0.0,0.0,0.0,0.0,0.0,0.0,0.0,0.0
2022-05-17,0.0,0.10414878208176227,0.0,0.10303921266679371,0.0,0.10666726534848447,0.0,0.0,0.10105686270390293,0.0,0.0,0.0,0.0,0.0,0.0,0.0,0.0,0.0,0.0,0.0,0.0
2022-05-18,0.0,0.104225010425775,0.0,0.10321675984359278,0.0,0.10786470457289643,0.0,0.0,0.10178699527733281,0.0,0.0,0.0,0.0,0.0,0.0,0.0,0.0,0.0,0.0,0.0,0.0
2022-05-19,0.0,0.10388724823355663,0.0,0.10367897299266769,0.0,0.1080190733721053,0.0,0.0,0.10229496816269022,0.0,0.0,0.0,0.0,0.0,0.0,0.0,0.0,0.0,0.0,0.0,0.0
2022-05-20,0.0,0.10380321334527436,0.0,0.10343330141258204,0.0,0.10769749573482809,0.0,0.0,0.1016854392633254,0.0,0.0,0.0,0.0,0.0,0.0,0.0,0.0,0.0,0.0,0.0,0.0
2022-05-23,0.0,0.10479728262431455,0.0,0.10366881261884292,0.0,0.10818968037837923,0.0,0.0,0.10261955496857142,0.0,0.0,0.0,0.0,0.0,0.0,0.0,0.0,0.0,0.0,0.0,0.0
2022-05-24,0.0,0.10347830119271585,0.0,0.1037071397381595,0.0,0.10718625822720868,0.0,0.0,0.10248407900500374,0.0,0.0,0.0,0.0,0.0,0.0,0.0,0.0,0.0,0.0,0.0,0.0
2022-05-25,0.0,0.10222210336481896,0.0,0.10306780101423618,0.0,0.10681420226509492,0.0,0.0,0.10469141707186293,0.0,0.0,0.0,0.0,0.0,0.0,0.0,0.0,0.0,0.0,0.0,0.0
2022-05-26,0.0,0.10231074343414547,0.0,0.10356428087732401,0.0,0.10886407115157402,0.0,0.0,0.1038894855431375,0.0,0.0,0.0,0.0,0.0,0.0,0.0,0.0,0.0,0.0,0.0,0.0
2022-05-27,0.0,0.10235363845154356,0.0,0.10518602782044494,0.0,0.10886160270380155,0.0,0.0,0.10300115748695722,0.0,0.0,0.0,0.0,0.0,0.0,0.0,0.0,0.0,0.0,0.0,0.0
2022-05-31,0.0,0.10397901834054275,0.0,0.10549823744302518,0.0,0.10972366071741968,0.0,0.0,0.10391741379756325,0.0,0.0,0.0,0.0,0.0,0.0,0.0,0.0,0.0,0.0,0.0,0.0
2022-06-01,0.0,0.10000000000000003,0.0,0.0,0.0,0.10000000000000003,0.0,0.0,0.10000000000000003,0.10000000000000003,0.0,0.0,0.0,0.0,0.0,0.0,0.0,0.0,0.0,0.0,0.0
2022-06-02,0.0,0.10017125118864437,0.0,0.0,0.0,0.09939446510897304,0.0,0.0,0.10006489818670518,0.0994997045889793,0.0,0.0,0.0,0.0,0.0,0.0,0.0,0.0,0.0,0.0,0.0
2022-06-03,0.0,0.09982078750445134,0.0,0.0,0.0,0.09938473562382497,0.0,0.0,0.0991308553639709,0.1010390343848988,0.0,0.0,0.0,0.0,0.0,0.0,0.0,0.0,0.0,0.0,0.0
2022-06-06,0.0,0.09967760643722401,0.0,0.0,0.0,0.10066050061471696,0.0,0.0,0.09922487974507768,0.0998765153445828,0.0,0.0,0.0,0.0,0.0,0.0,0.0,0.0,0.0,0.0,0.0
2022-06-07,0.0,0.09864935594075236,0.0,0.0,0.0,0.10103409378572042,0.0,0.0,0.0995263187038868,0.10065491136425252,0.0,0.0,0.0,0.0,0.0,0.0,0.0,0.0,0.0,0.0,0.0
2022-06-08,0.0,0.09950436207943127,0.0,0.0,0.0,0.10185906680351713,0.0,0.0,0.09946847838606185,0.10096536710995468,0.0,0.0,0.0,0.0,0.0,0.0,0.0,0.0,0.0,0.0,0.0
2022-06-09,0.0,0.09959928996570484,0.0,0.0,0.0,0.10274710230913846,0.0,0.0,0.09938298096598651,0.10040552860466406,0.0,0.0,0.0,0.0,0.0,0.0,0.0,0.0,0.0,0.0,0.0
2022-06-10,0.0,0.10078757506926536,0.0,0.0,0.0,0.10283890765579852,0.0,0.0,0.09872530132259563,0.09927915021015174,0.0,0.0,0.0,0.0,0.0,0.0,0.0,0.0,0.0,0.0,0.0
2022-06-13,0.0,0.10032023686166591,0.0,0.0,0.0,0.10175880716772127,0.0,0.0,0.0986870350556384,0.09949695552501835,0.0,0.0,0.0,0.0,0.0,0.0,0.0,0.0,0.0,0.0,0.0
2022-06-14,0.0,0.10026297442748217,0.0,0.0,0.0,0.10305833358732769,0.0,0.0,0.09972476214661968,0.09853729807960508,0.0,0.0,0.0,0.0,0.0,0.0,0.0,0.0,0.0,0.0,0.0
2022-06-15,0.0,0.10039719071529046,0.0,0.0,0.0,0.1031721069262768,0.0,0.0,0.0988756081019531,0.09912297425826558,0.0,0.0,0.0,0.0,0.0,0.0,0.0,0.0,0.0,0.0,0.0
2022-06-16,0.0,0.10061920960307652,0.0,0.0,0.0,0.10340149246793608,0.0,0.0,0.09757850837861749,0.09993160032733923,0.0,0.0,0.0,0.0,0.0,0.0,0.0,0.0,0.0,0.0,0.0
2022-06-17,0.0,0.0996766702364238,0.0,0.0,0.0,0.10294637509679994,0.0,0.0,0.09848539085734888,0.0991268844189956,0.0,0.0,0.0,0.0,0.0,0.0,0.0,0.0,0.0,0.0,0.0
2022-06-21,0.0,0.10006523369787142,0.0,0.0,0.0,0.10309732783676753,0.0,0.0,0.09745533892570907,0.09981317772992417,0.0,0.0,0.0,0.0,0.0,0.0,0.0,0.0,0.0,0.0,0.0
2022-06-22,0.0,0.09998784175259604,0.0,0.0,0.0,0.10224014095187571,0.0,0.0,0.09796785238306292,0.09976810011140719,0.0,0.0,0.0,0.0,0.0,0.0,0.0,0.0,0.0,0.0,0.0
2022-06-23,0.0,0.10006014961098159,0.0,0.0,0.0,0.10311582663489673,0.0,0.0,0.0988012022339816,0.09911839689301034,0.0,0.0,0.0,0.0,0.0,0.0,0.0,0.0,0.0,0.0,0.0
2022-06-24,0.0,0.09887492470861256,0.0,0.0,0.0,0.10293478200604533,0.0,0.0,0.09878738888039339,0.09855672911997587,0.0,0.0,0.0,0.0,0.0,0.0,0.0,0.0,0.0,0.0,0.0
2022-06-27,0.0,0.09866498322817525,0.0,0.0,0.0,0.10218211766853148,0.0,0.0,0.09968622867662247,0.0985645943278289,0.0,0.0,0.0,0.0,0.0,0.0,0.0,0.0,0.0,0.0,0.0
2022-06-28,0.0,0.09880664220166542,0.0,0.0,0.0,0.10107280720337651,0.0,0.0,0.0994657310375931,0.09798192586555625,0.0,0.0,0.0,0.0,0.0,0.0,0.0,0.0,0.0,0.0,0.0
2022-06-29,0.0,0.09981006187545602,0.0,0.0,0.0,0.09928248922424983,0.0,0.0,0.09950136534301794,0.09673679799892305,0.0,0.0,0.0,0.0,0.0,0.0,0.0,0.0,0.0,0.0,0.0
2022-06-30,0.0,0.10017991450291994,0.0,0.0,0.0,0.0985945820636462,0.0,0.0,0.0981186857266642,0.09687551990902182,0.0,0.0,0.0,0.0,0.0,0.0,0.0,0.0,0.0,0.0,0.0
2022-07-01,0.0,0.1,0.0,0.0,0.0,0.1,0.0,0.0,0.1,0.1,0.0,0.0,0.0,0.0,0.0,0.0,0.0,0.0,0.0,0.0,0.0
2022-07-05,0.0,0.10042282890752201,0.0,0.0,0.0,0.1006953548751721,0.0,0.0,0.0997056522095939,0.10114949273211876,0.0,0.0,0.0,0.0,0.0,0.0,0.0,0.0,0.0,0.0,0.0
2022-07-06,0.0,0.10109799113042643,0.0,0.0,0.0,0.09994200294223497,0.0,0.0,0.09955542514200126,0.10086141480724901,0.0,0.0,0.0,0.0,0.0,0.0,0.0,0.0,0.0,0.0,0.0
2022-07-07,0.0,0.10118306085672482,0.0,0.0,0.0,0.10072275635464831,0.0,0.0,0.09995770863065608,0.10157236307136353,0.0,0.0,0.0,0.0,0.0,0.0,0.0,0.0,0.0,0.0,0.0
2022-07-08,0.0,0.10073440822409524,0.0,0.0,0.0,0.10002010496290281,0.0,0.0,0.10119991753737757,0.10224892431189318,0.0,0.0,0.0,0.0,0.0,0.0,0.0,0.0,0.0,0.0,0.0
2022-07-11,0.0,0.10022959357884219,0.0,0.0,0.0,0.1004981249340185,0.0,0.0,0.10099314482953002,0.1028309404635188,0.0,0.0,0.0,0.0,0.0,0.0,0.0,0.0,0.0,0.0,0.0
2022-07-12,0.0,0.09894742621117406,0.0,0.0,0.0,0.10058353734924638,0.0,0.0,0.10015299967241074,0.10364473476288098,0.0,0.0,0.0,0.0,0.0,0.0,0.0,0.0,0.0,0.0,0.0
2022-07-13,0.0,0.09966938763183017,0.0,0.0,0.0,0.10018436938079554,0.0,0.0,0.10101150569312967,0.1035510699413242,0.0,0.0,0.0,0.0,0.0,0.0,0.0,0.0,0.0,0.0,0.0
2022-07-14,0.0,0.09980547135748498,0.0,0.0,0.0,0.10070577717672032,0.0,0.0,0.102112533319039,0.10408750557907759,0.0,0.0,0.0,0.0,0.0,0.0,0.0,0.0,0.0,0.0,0.0
2022-07-15,0.0,0.0982792205129091,0.0,0.0,0.0,0.10154277127597448,0.0,0.0,0.10167287539450878,0.10328052879396814,0.0,0.0,0.0,0.0,0.0,0.0,0.0,0.0,0.0,0.0,0.0
2022-07-18,0.0,0.0968934572184059,0.0,0.0,0.0,0.10041196528113472,0.0,0.0,0.1021485734201923,0.10212676031289368,0.0,0.0,0.0,0.0,0.0,0.0,0.0,0.0,0.0,0.0,0.0
2022-07-19,0.0,0.0963865874658232,0.0,0.0,0.0,0.10018931199792525,0.0,0.0,0.1029913055452146,0.10253281401983742,0.0,0.0,0.0,0.0,0.0,0.0,0.0,0.0,0.0,0.0,0.0
2022-07-20,0.0,0.09758741478969822,0.0,0.0,0.0,0.10074877657361127,0.0,0.0,0.10236029758249493,0.10144625512266968,0.0,0.0,0.0,0.0,0.0,0.0,0.0,0.0,0.0,0.0,0.0
2022-07-21,0.0,0.09930646091892008,0.0,0.0,0.0,0.1003702968313811,0.0,0.0,0.10166898373600837,0.10139014195045827,0.0,0.0,0.0,0.0,0.0,0.0,0.0,0.0,0.0,0.0,0.0
2022-07-22,0.0,0.09848369463877524,0.0,0.0,0.0,0.09958554322282392,0.0,0.0,0.10260927966910925,0.1017038406605534,0.0,0.0,0.0,0.0,0.0,0.0,0.0,0.0,0.0,0.0,0.0
2022-07-25,0.0,0.09816942471700635,0.0,0.0,0.0,0.09909558678661351,0.0,0.0,0.10234799987128759,0.1019668014053472,0.0,0.0,0.0,0.0,0.0,0.0,0.0,0.0,0.0,0.0,0.0
2022-07-26,0.0,0.09778507171399908,0.0,0.0,0.0,0.09994882763902663,0.0,0.0,0.10256373138943746,0.10277218770455074,0.0,0.0,0.0,0.0,0.0,0.0,0.0,0.0,0.0,0.0,0.0
2022-07-27,0.0,0.09873279556820207,0.0,0.0,0.0,0.09998960954192382,0.0,0.0,0.10204753574576295,0.10412731273815862,0.0,0.0,0.0,0.0,0.0,0.0,0.0,0.0,0.0,0.0,0.0
2022-07-28,0.0,0.09894702967801146,0.0,0.0,0.0,0.09984456987047498,0.0,0.0,0.1024811298321839,0.10420117689542895,0.0,0.0,0.0,0.0,0.0,0.0,0.0,0.0,0.0,0.0,0.0
2022-07-29,0.0,0.09883359255564565,0.0,0.0,0.0,0.1008091955634277,0.0,0.0,0.10310714405602779,0.1040224600137945,0.0,0.0,0.0,0.0,0.0,0.0,0.0,0.0,0.0,0.0,0.0
2022-08-01,0.10000000000000002,0.0,0.0,0.0,0.0,0.10000000000000002,0.0,0.0,0.10000000000000002,0.10000000000000002,0.0,0.0,0.0,0.0,0.0,0.0,0.0,0.0,0.0,0.0,0.0
2022-08-02,0.09953577666745506,0.0,0.0,0.0,0.0,0.09992619200061395,0.0,0.0,0.0990138127361006,0.0997642688571838,0.0,0.0,0.0,0.0,0.0,0.0,0.0,0.0,0.0,0.0,0.0
2022-08-03,0.09997469372192463,0.0,0.0,0.0,0.0,0.09907235146057318,0.0,0.0,0.1000513395542616,0.10032929502162913,0.0,0.0,0.0,0.0,0.0,0.0,0.0,0.0,0.0,0.0,0.0
2022-08-04,0.09950085515153659,0.0,0.0,0.0,0.0,0.09943332102539867,0.0,0.0,0.10037031190532474,0.09971958786867459,0.0,0.0,0.0,0.0,0.0,0.0,0.0,0.0,0.0,0.0,0.0
2022-08-05,0.09903728571229256,0.0,0.0,0.0,0.0,0.09956084532662891,0.0,0.0,0.1011229043027957,0.0995649415791334,0.0,0.0,0.0,0.0,0.0,0.0,0.0,0.0,0.0,0.0,0.0
2022-08-08,0.09894185493545372,0.0,0.0,0.0,0.0,0.10065546729251768,0.0,0.0,0.10018885726804286,0.10123441304332613,0.0,0.0,0.0,0.0,0.0,0.0,0.0,0.0,0.0,0.0,0.0
2022-08-09,0.09744597869360694,0.0,0.0,0.0,0.0,0.09916428611083304,0.0,0.0,0.09955351184108402,0.10068022852772417,0.0,0.0,0.0,0.0,0.0,0.0,0.0,0.0,0.0,0.0,0.0
2022-08-10,0.09777592890047783,0.0,0.0,0.0,0.0,0.09862484581099634,0.0,0.0,0.09864470717660882,0.09952342113659068,0.0,0.0,0.0,0.0,0.0,0.0,0.0,0.0,0.0,0.0,0.0
2022-08-11,0.0979213244130284,0.0,0.0,0.0,0.0,0.09740911565700253,0.0,0.0,0.09833941104399772,0.0989526652915356,0.0,0.0,0.0,0.0,0.0,0.0,0.0,0.0,0.0,0.0,0.0
2022-08-12,0.0985154774355749,0.0,0.0,0.0,0.0,0.09716543410177642,0.0,0.0,0.09891304480277403,0.09732728620066938,0.0,0.0,0.0,0.0,0.0,0.0,0.0,0.0,0.0,0.0,0.0
2022-08-15,0.09834034972419532,0.0,0.0,0.0,0.0,0.09797309831444914,0.0,0.0,0.09896597090343033,0.0970874352283988,0.0,0.0,0.0,0.0,0.0,0.0,0.0,0.0,0.0,0.0,0.0
2022-08-16,0.09823447088530642,0.0,0.0,0.0,0.0,0.09711351986593758,0.0,0.0,0.0983328699256009,0.09757584290668904,0.0,0.0,0.0,0.0,0.0,0.0,0.0,0.0,0.0,0.0,0.0
2022-08-17,0.0969823166155763,0.0,0.0,0.0,0.0,0.09614579058664652,0.0,0.0,0.09830681600409927,0.09672660831316857,0.0,0.0,0.0,0.0,0.0,0.0,0.0,0.0,0.0,0.0,0.0
2022-08-18,0.09747754963350855,0.0,0.0,0.0,0.0,0.0955943829347206,0.0,0.0,0.09713523708862268,0.095644353023117,0.0,0.0,0.0,0.0,0.0,0.0,0.0,0.0,0.0,0.0,0.0
2022-08-19,0.09862073915399888,0.0,0.0,0.0,0.0,0.09552296241946988,0.0,0.0,0.09754001464675441,0.09621194574661894,0.0,0.0,0.0,0.0,0.0,0.0,0.0,0.0,0.0,0.0,0.0
2022-08-22,0.0995704756995218,0.0,0.0,0.0,0.0,0.09516338926056195,0.0,0.0,0.09881511084145664,0.09733566101546591,0.0,0.0,0.0,0.0,0.0,0.0,0.0,0.0,0.0,0.0,0.0
2022-08-23,0.09955017729579857,0.0,0.0,0.0,0.0,0.09533768440272795,0.0,0.0,0.098182825439325,0.09821774534604169,0.0,0.0,0.0,0.0,0.0,0.0,0.0,0.0,0.0,0.0,0.0
2022-08-24,0.0988001977132623,0.0,0.0,0.0,0.0,0.09431256415621898,0.0,0.0,0.09890724480912093,0.09846588591131311,0.0,0.0,0.0,0.0,0.0,0.0,0.0,0.0,0.0,0.0,0.0
2022-08-25,0.09749122343476017,0.0,0.0,0.0,0.0,0.09426256607186559,0.0,0.0,0.09921200012911637,0.09730808447503132,0.0,0.0,0.0,0.0,0.0,0.0,0.0,0.0,0.0,0.0,0.0
2022-08-26,0.09635744157325901,0.0,0.0,0.0,0.0,0.0936551046143033,0.0,0.0,0.0991677281797932,0.0966481925896116,0.0,0.0,0.0,0.0,0.0,0.0,0.0,0.0,0.0,0.0,0.0
2022-08-29,0.09656363931502099,0.0,0.0,0.0,0.0,0.09313761170066163,0.0,0.0,0.09921909235969271,0.09768239367327582,0.0,0.0,0.0,0.0,0.0,0.0,0.0,0.0,0.0,0.0,0.0
2022-08-30,0.096696017569081,0.0,0.0,0.0,0.0,0.09296299203322977,0.0,0.0,0.09857141343233106,0.09713046476667382,0.0,0.0,0.0,0.0,0.0,0.0,0.0,0.0,0.0,0.0,0.0
2022-08-31,0.09589612977555373,0.0,0.0,0.0,0.0,0.09247445915711117,0.0,0.0,0.09859701634862482,0.09735430798609059,0.0,0.0,0.0,0.0,0.0,0.0,0.0,0.0,0.0,0.0,0.0
2022-09-01,0.1,0.0,0.0,0.0,0.0,0.1,0.0,0.0,0.1,0.1,0.0,0.0,0.0,0.0,0.0,0.0,0.0,0.0,0.0,0.0,0.0
2022-09-02,0.09959842509594684,0.0,0.0,0.0,0.0,0.09961594348759122,0.0,0.0,0.09861159912884701,0.09901955855587673,0.0,0.0,0.0,0.0,0.0,0.0,0.0,0.0,0.0,0.0,0.0
2022-09-06,0.09930327772958145,0.0,0.0,0.0,0.0,0.09930050746405202,0.0,0.0,0.09942302331308736,0.09966418485181704,0.0,0.0,0.0,0.0,0.0,0.0,0.0,0.0,0.0,0.0,0.0
2022-09-07,0.0985896048683175,0.0,0.0,0.0,0.0,0.09918246465784436,0.0,0.0,0.09930847653456479,0.10049407697624804,0.0,0.0,0.0,0.0,0.0,0.0,0.0,0.0,0.0,0.0,0.0
2022-09-08,0.09794639142699987,0.0,0.0,0.0,0.0,0.10000282573685405,0.0,0.0,0.09959006816973336,0.09943601996931263,0.0,0.0,0.0,0.0,0.0,0.0,0.0,0.0,0.0,0.0,0.0
2022-09-09,0.09706265570418637,0.0,0.0,0.0,0.0,0.10006085357277907,0.0,0.0,0.0992124006861687,0.09818323863778333,0.0,0.0,0.0,0.0,0.0,0.0,0.0,0.0,0.0,0.0,0.0
2022-09-12,0.09764895573685738,0.0,0.0,0.0,0.0,0.09876751314203612,0.0,0.0,0.09972407324916321,0.09805017494991974,0.0,0.0,0.0,0.0,0.0,0.0,0.0,0.0,0.0,0.0,0.0
2022-09-13,0.09668144545597152,0.0,0.0,0.0,0.0,0.09878367247179068,0.0,0.0,0.09864286943377842,0.09840628585604308,0.0,0.0,0.0,0.0,0.0,0.0,0.0,0.0,0.0,0.0,0.0
2022-09-14,0.09698157198619987,0.0,0.0,0.0,0.0,0.09796374173788296,0.0,0.0,0.0991338622415739,0.09827402225055394,0.0,0.0,0.0,0.0,0.0,0.0,0.0,0.0,0.0,0.0,0.0
2022-09-15,0.09758837699903337,0.0,0.0,0.0,0.0,0.09761787535628942,0.0,0.0,0.09943239973260633,0.09843735079661228,0.0,0.0,0.0,0.0,0.0,0.0,0.0,0.0,0.0,0.0,0.0
2022-09-16,0.09648783863519479,0.0,0.0,0.0,0.0,0.09733713574911491,0.0,0.0,0.09779128749166408,0.09810325838965456,0.0,0.0,0.0,0.0,0.0,0.0,0.0,0.0,0.0,0.0,0.0
2022-09-19,0.09636789312754608,0.0,0.0,0.0,0.0,0.097116734078771,0.0,0.0,0.09691919972083461,0.09817230818969015,0.0,0.0,0.0,0.0,0.0,0.0,0.0,0.0,0.0,0.0,0.0
2022-09-20,0.09699330909642465,0.0,0.0,0.0,0.0,0.09739182848920216,0.0,0.0,0.09746099482604761,0.09844704588893796,0.0,0.0,0.0,0.0,0.0,0.0,0.0,0.0,0.0,0.0,0.0
2022-09-21,0.09683364886944185,0.0,0.0,0.0,0.0,0.09800582115511651,0.0,0.0,0.09806842645247536,0.09875983418848029,0.0,0.0,0.0,0.0,0.0,0.0,0.0,0.0,0.0,0.0,0.0
2022-09-22,0.09647456218340021,0.0,0.0,0.0,0.0,0.09750518284889469,0.0,0.0,0.0983042494951718,0.09877745988677762,0.0,0.0,0.0,0.0,0.0,0.0,0.0,0.0,0.0,0.0,0.0
2022-09-23,0.09776700671891918,0.0,0.0,0.0,0.0,0.09746913454451903,0.0,0.0,0.09835544841908345,0.09952437408033574,0.0,0.0,0.0,0.0,0.0,0.0,0.0,0.0,0.0,0.0,0.0
2022-09-26,0.09785813969763113,0.0,0.0,0.0,0.0,0.09774387438565443,0.0,0.0,0.09914876453205082,0.09998065502973359,0.0,0.0,0.0,0.0,0.0,0.0,0.0,0.0,0.0,0.0,0.0
2022-09-27,0.09866265025375424,0.0,0.0,0.0,0.0,0.09673222936447254,0.0,0.0,0.09835955828809577,0.09988121465796738,0.0,0.0,0.0,0.0,0.0,0.0,0.0,0.0,0.0,0.0,0.0
2022-09-28,0.09925745572266582,0.0,0.0,0.0,0.0,0.09670273885181845,0.0,0.0,0.09856312376906116,0.09988270525423051,0.0,0.0,0.0,0.0,0.0,0.0,0.0,0.0,0.0,0.0,0.0
2022-09-29,0.09956686832110231,0.0,0.0,0.0,0.0,0.09814265755722527,0.0,0.0,0.09820908176458092,0.10174019326795386,0.0,0.0,0.0,0.0,0.0,0.0,0.0,0.0,0.0,0.0,0.0
2022-09-30,0.10067451707083154,0.0,0.0,0.0,0.0,0.09787455035272914,0.0,0.0,0.0988619277610952,0.10221725460429779,0.0,0.0,0.0,0.0,0.0,0.0,0.0,0.0,0.0,0.0,0.0
2022-10-03,0.10000000000000002,0.0,0.0,0.0,0.0,0.10000000000000002,0.0,0.0,0.10000000000000002,0.10000000000000002,0.0,0.0,0.0,0.0,0.0,0.0,0.0,0.0,0.0,0.0,0.0
2022-10-04,0.1003752863520867,0.0,0.0,0.0,0.0,0.09924415303688154,0.0,0.0,0.10018942299543383,0.09917906359592918,0.0,0.0,0.0,0.0,0.0,0.0,0.0,0.0,0.0,0.0,0.0
2022-10-05,0.10031021905537357,0.0,0.0,0.0,0.0,0.10094460094894984,0.0,0.0,0.1008092627994761,0.10005301840861322,0.0,0.0,0.0,0.0,0.0,0.0,0.0,0.0,0.0,0.0,0.0
2022-10-06,0.09993963228569738,0.0,0.0,0.0,0.0,0.10016173804494419,0.0,0.0,0.1000043214307596,0.10090607134862703,0.0,0.0,0.0,0.0,0.0,0.0,0.0,0.0,0.0,0.0,0.0
2022-10-07,0.09944361468131345,0.0,0.0,0.0,0.0,0.09937051954497865,0.0,0.0,0.10031653781919418,0.1002097691631615,0.0,0.0,0.0,0.0,0.0,0.0,0.0,0.0,0.0,0.0,0.0
2022-10-10,0.0999144447997425,0.0,0.0,0.0,0.0,0.09863129141811237,0.0,0.0,0.0996226782185997,0.09971980853815483,0.0,0.0,0.0,0.0,0.0,0.0,0.0,0.0,0.0,0.0,0.0
2022-10-11,0.09944868709949885,0.0,0.0,0.0,0.0,0.09888579489497988,0.0,0.0,0.0998486314853123,0.09967097757086327,0.0,0.0,0.0,0.0,0.0,0.0,0.0,0.0,0.0,0.0,0.0
2022-10-12,0.10008350332059504,0.0,0.0,0.0,0.0,0.09900021282116242,0.0,0.0,0.09934577343184783,0.09958435016291121,0.0,0.0,0.0,0.0,0.0,0.0,0.0,0.0,0.0,0.0,0.0
2022-10-13,0.10015171712120999,0.0,0.0,0.0,0.0,0.09812975176034837,0.0,0.0,0.09960563381226516,0.09955142762118263,0.0,0.0,0.0,0.0,0.0,0.0,0.0,0.0,0.0,0.0,0.0
2022-10-14,0.09898777297386062,0.0,0.0,0.0,0.0,0.09857510833057533,0.0,0.0,0.09981663645330252,0.0992854422599357,0.0,0.0,0.0,0.0,0.0,0.0,0.0,0.0,0.0,0.0,0.0
2022-10-17,0.09943043705611983,0.0,0.0,0.0,0.0,0.09836930096076232,0.0,0.0,0.10032846583840199,0.09859792338593225,0.0,0.0,0.0,0.0,0.0,0.0,0.0,0.0,0.0,0.0,0.0
2022-10-18,0.10034190365705864,0.0,0.0,0.0,0.0,0.09832083720899779,0.0,0.0,0.09973991084186726,0.09930913148348607,0.0,0.0,0.0,0.0,0.0,0.0,0.0,0.0,0.0,0.0,0.0
2022-10-19,0.10199188477375076,0.0,0.0,0.0,0.0,0.09902533632798634,0.0,0.0,0.09862356341578293,0.10010918177195885,0.0,0.0,0.0,0.0,0.0,0.0,0.0,0.0,0.0,0.0,0.0
2022-10-20,0.10307139806417707,0.0,0.0,0.0,0.0,0.09925382061391957,0.0,0.0,0.09838631897529068,0.09973591002169044,0.0,0.0,0.0,0.0,0.0,0.0,0.0,0.0,0.0,0.0,0.0
2022-10-21,0.10328362826066882,0.0,0.0,0.0,0.0,0.09925156590498731,0.0,0.0,0.09960444969043535,0.10045962551577485,0.0,0.0,0.0,0.0,0.0,0.0,0.0,0.0,0.0,0.0,0.0
2022-10-24,0.1019000501889705,0.0,0.0,0.0,0.0,0.10009099922631946,0.0,0.0,0.09920283514496796,0.10087905882865923,0.0,0.0,0.0,0.0,0.0,0.0,0.0,0.0,0.0,0.0,0.0
2022-10-25,0.10068501339871153,0.0,0.0,0.0,0.0,0.10027372729797099,0.0,0.0,0.09796887874392766,0.10198034287847821,0.0,0.0,0.0,0.0,0.0,0.0,0.0,0.0,0.0,0.0,0.0
2022-10-26,0.1004418608048204,0.0,0.0,0.0,0.0,0.09985871995187612,0.0,0.0,0.09786545728481365,0.10292782750576719,0.0,0.0,0.0,0.0,0.0,0.0,0.0,0.0,0.0,0.0,0.0
2022-10-27,0.09914369808038614,0.0,0.0,0.0,0.0,0.09866214580784943,0.0,0.0,0.09736979193382535,0.10227764893542718,0.0,0.0,0.0,0.0,0.0,0.0,0.0,0.0,0.0,0.0,0.0
2022-10-28,0.09821774450497495,0.0,0.0,0.0,0.0,0.09801729067521589,0.0,0.0,0.0965887254629868,0.10177296284279053,0.0,0.0,0.0,0.0,0.0,0.0,0.0,0.0,0.0,0.0,0.0
2022-10-31,0.0977129405446901,0.0,0.0,0.0,0.0,0.09772078620752947,0.0,0.0,0.09596721553865789,0.09993234951661191,0.0,0.0,0.0,0.0,0.0,0.0,0.0,0.0,0.0,0.0,0.0
2022-11-01,0.10000000000000002,0.0,0.0,0.0,0.0,0.10000000000000002,0.0,0.0,0.10000000000000002,0.10000000000000002,0.0,0.0,0.0,0.0,0.0,0.0,0.0,0.0,0.0,0.0,0.0
2022-11-02,0.09868138870974928,0.0,0.0,0.0,0.0,0.09922108197742958,0.0,0.0,0.10006914135349176,0.09984853722979033,0.0,0.0,0.0,0.0,0.0,0.0,0.0,0.0,0.0,0.0,0.0
2022-11-03,0.09891746187272323,0.0,0.0,0.0,0.0,0.0998573363987758,0.0,0.0,0.10066191134033513,0.09957674768666458,0.0,0.0,0.0,0.0,0.0,0.0,0.0,0.0,0.0,0.0,0.0
2022-11-04,0.10002967792210593,0.0,0.0,0.0,0.0,0.10005270258689114,0.0,0.0,0.0999068649202465,0.09853730387485793,0.0,0.0,0.0,0.0,0.0,0.0,0.0,0.0,0.0,0.0,0.0
2022-11-07,0.099764878933855,0.0,0.0,0.0,0.0,0.1007894650344671,0.0,0.0,0.10038588927085838,0.09906162254432864,0.0,0.0,0.0,0.0,0.0,0.0,0.0,0.0,0.0,0.0,0.0
2022-11-08,0.10057325624970179,0.0,0.0,0.0,0.0,0.09978852828587494,0.0,0.0,0.10007345693809287,0.09979983608370493,0.0,0.0,0.0,0.0,0.0,0.0,0.0,0.0,0.0,0.0,0.0
2022-11-09,0.10051643854366933,0.0,0.0,0.0,0.0,0.09942531326514278,0.0,0.0,0.10137771708623883,0.09990962253367977,0.0,0.0,0.0,0.0,0.0,0.0,0.0,0.0,0.0,0.0,0.0
2022-11-10,0.10053332602061994,0.0,0.0,0.0,0.0,0.09810984593341755,0.0,0.0,0.10164195545627853,0.1001721980928083,0.0,0.0,0.0,0.0,0.0,0.0,0.0,0.0,0.0,0.0,0.0
2022-11-11,0.10137213087946559,0.0,0.0,0.0,0.0,0.09819912306120711,0.0,0.0,0.10162430827669276,0.10067168194438313,0.0,0.0,0.0,0.0,0.0,0.0,0.0,0.0,0.0,0.0,0.0
2022-11-14,0.10207174626214155,0.0,0.0,0.0,0.0,0.0977507301021081,0.0,0.0,0.10185715576989303,0.10165324295199175,0.0,0.0,0.0,0.0,0.0,0.0,0.0,0.0,0.0,0.0,0.0
2022-11-15,0.10226752409740011,0.0,0.0,0.0,0.0,0.0969778344801115,0.0,0.0,0.10212701539465585,0.10274665906907654,0.0,0.0,0.0,0.0,0.0,0.0,0.0,0.0,0.0,0.0,0.0
2022-11-16,0.10162903185077833,0.0,0.0,0.0,0.0,0.09634343115551068,0.0,0.0,0.1021875518486544,0.10480964348832185,0.0,0.0,0.0,0.0,0.0,0.0,0.0,0.0,0.0,0.0,0.0
2022-11-17,0.10245439756541606,0.0,0.0,0.0,0.0,0.09610585441245116,0.0,0.0,0.10276406776272548,0.10538140513974151,0.0,0.0,0.0,0.0,0.0,0.0,0.0,0.0,0.0,0.0,0.0
2022-11-18,0.10172683323724248,0.0,0.0,0.0,0.0,0.09524044534686613,0.0,0.0,0.10371355522601466,0.10492338150892999,0.0,0.0,0.0,0.0,0.0,0.0,0.0,0.0,0.0,0.0,0.0
2022-11-21,0.10149876440395479,0.0,0.0,0.0,0.0,0.09535988018234008,0.0,0.0,0.10293506625704843,0.10454262857902383,0.0,0.0,0.0,0.0,0.0,0.0,0.0,0.0,0.0,0.0,0.0
2022-11-22,0.10099944554393485,0.0,0.0,0.0,0.0,0.09503824107759187,0.0,0.0,0.1034285238134088,0.1049904621966676,0.0,0.0,0.0,0.0,0.0,0.0,0.0,0.0,0.0,0.0,0.0
2022-11-23,0.10130005318570898,0.0,0.0,0.0,0.0,0.09509853643115261,0.0,0.0,0.10436560380273309,0.10429097303353911,0.0,0.0,0.0,0.0,0.0,0.0,0.0,0.0,0.0,0.0,0.0
2022-11-25,0.10152592169938077,0.0,0.0,0.0,0.0,0.09488614379294347,0.0,0.0,0.10453386048936518,0.10533269804807494,0.0,0.0,0.0,0.0,0.0,0.0,0.0,0.0,0.0,0.0,0.0
2022-11-28,0.10090645917584354,0.0,0.0,0.0,0.0,0.0935109019403761,0.0,0.0,0.10418988859612671,0.1051889614434137,0.0,0.0,0.0,0.0,0.0,0.0,0.0,0.0,0.0,0.0,0.0
2022-11-29,0.10005979799406128,0.0,0.0,0.0,0.0,0.09331042761227014,0.0,0.0,0.1044733177750808,0.10546848674910175,0.0,0.0,0.0,0.0,0.0,0.0,0.0,0.0,0.0,0.0,0.0
2022-11-30,0.10093343306545233,0.0,0.0,0.0,0.0,0.09305868956263719,0.0,0.0,0.10456926743321729,0.10514983943900744,0.0,0.0,0.0,0.0,0.0,0.0,0.0,0.0,0.0,0.0,0.0
2022-12-01,0.10000000000000002,0.0,0.0,0.0,0.0,0.10000000000000002,0.0,0.0,0.0,0.10000000000000002,0.0,0.10000000000000002,0.0,0.0,0.0,0.0,0.0,0.0,0.0,0.0,0.0
2022-12-02,0.10120246235015092,0.0,0.0,0.0,0.0,0.1008334498261512,0.0,0.0,0.0,0.10020744893754957,0.0,0.10059870107813028,0.0,0.0,0.0,0.0,0.0,0.0,0.0,0.0,0.0
2022-12-05,0.10151428848292832,0.0,0.0,0.0,0.0,0.10140384994656786,0.0,0.0,0.0,0.10145796193813687,0.0,0.10075613660723948,0.0,0.0,0.0,0.0,0.0,0.0,0.0,0.0,0.0
2022-12-06,0.10015192119837885,0.0,0.0,0.0,0.0,0.10194061603774994,0.0,0.0,0.0,0.10059674272616637,0.0,0.10128426747548286,0.0,0.0,0.0,0.0,0.0,0.0,0.0,0.0,0.0
2022-12-07,0.10116100530115664,0.0,0.0,0.0,0.0,0.101879468996684,0.0,0.0,0.0,0.10206269679422615,0.0,0.10251848338039121,0.0,0.0,0.0,0.0,0.0,0.0,0.0,0.0,0.0
2022-12-08,0.10072487467856266,0.0,0.0,0.0,0.0,0.101269310133176,0.0,0.0,0.0,0.10147783563598352,0.0,0.1034647712016394,0.0,0.0,0.0,0.0,0.0,0.0,0.0,0.0,0.0
2022-12-09,0.1012788789990153,0.0,0.0,0.0,0.0,0.10231820993282695,0.0,0.0,0.0,0.10103706280178827,0.0,0.10397895422281742,0.0,0.0,0.0,0.0,0.0,0.0,0.0,0.0,0.0
2022-12-12,0.10070634023041009,0.0,0.0,0.0,0.0,0.10232163261318977,0.0,0.0,0.0,0.10110217197063172,0.0,0.10543694395952545,0.0,0.0,0.0,0.0,0.0,0.0,0.0,0.0,0.0
2022-12-13,0.10159240141139715,0.0,0.0,0.0,0.0,0.10186794187251287,0.0,0.0,0.0,0.1013089523456354,0.0,0.1050953245162016,0.0,0.0,0.0,0.0,0.0,0.0,0.0,0.0,0.0
2022-12-14,0.10012884837756278,0.0,0.0,0.0,0.0,0.10234563530829334,0.0,0.0,0.0,0.10060583606759683,0.0,0.10573584877478735,0.0,0.0,0.0,0.0,0.0,0.0,0.0,0.0,0.0
2022-12-15,0.09984750053583454,0.0,0.0,0.0,0.0,0.10271396555334973,0.0,0.0,0.0,0.10066722807363611,0.0,0.10534554516515962,0.0,0.0,0.0,0.0,0.0,0.0,0.0,0.0,0.0
2022-12-16,0.09940052359365374,0.0,0.0,0.0,0.0,0.10203916639783153,0.0,0.0,0.0,0.10127403477202528,0.0,0.10383441501620325,0.0,0.0,0.0,0.0,0.0,0.0,0.0,0.0,0.0
2022-12-19,0.09893852939286822,0.0,0.0,0.0,0.0,0.10185433920951123,0.0,0.0,0.0,0.10164275854421265,0.0,0.10561381270295903,0.0,0.0,0.0,0.0,0.0,0.0,0.0,0.0,0.0
2022-12-20,0.09953675034018154,0.0,0.0,0.0,0.0,0.10317689548406177,0.0,0.0,0.0,0.10169021495537119,0.0,0.10649508374954028,0.0,0.0,0.0,0.0,0.0,0.0,0.0,0.0,0.0
2022-12-21,0.1003201552308124,0.0,0.0,0.0,0.0,0.1029733157922218,0.0,0.0,0.0,0.10053484322100438,0.0,0.10651785403416038,0.0,0.0,0.0,0.0,0.0,0.0,0.0,0.0,0.0
2022-12-22,0.10005207982669685,0.0,0.0,0.0,0.0,0.10306896951382304,0.0,0.0,0.0,0.10150638020175347,0.0,0.10633003119427092,0.0,0.0,0.0,0.0,0.0,0.0,0.0,0.0,0.0
2022-12-23,0.10011240890088217,0.0,0.0,0.0,0.0,0.10333431511234668,0.0,0.0,0.0,0.10098330865664212,0.0,0.10546932550281882,0.0,0.0,0.0,0.0,0.0,0.0,0.0,0.0,0.0
2022-12-27,0.09818505769503307,0.0,0.0,0.0,0.0,0.10397947287550649,0.0,0.0,0.0,0.10075675968555034,0.0,0.10491995930129078,0.0,0.0,0.0,0.0,0.0,0.0,0.0,0.0,0.0
2022-12-28,0.09829673414660316,0.0,0.0,0.0,0.0,0.10452500703017482,0.0,0.0,0.0,0.10163838243083959,0.0,0.1051692482605769,0.0,0.0,0.0,0.0,0.0,0.0,0.0,0.0,0.0
2022-12-29,0.09790040304885406,0.0,0.0,0.0,0.0,0.10497787315339822,0.0,0.0,0.0,0.10290983929944367,0.0,0.10486488093693438,0.0,0.0,0.0,0.0,0.0,0.0,0.0,0.0,0.0
2022-12-30,0.09805141789764646,0.0,0.0,0.0,0.0,0.10607057141381901,0.0,0.0,0.0,0.10383727691639982,0.0,0.10420508175676195,0.0,0.0,0.0,0.0,0.0,0.0,0.0,0.0,0.0
2023-01-03,0.0,0.0,0.0,0.0,0.0,0.10000000000000002,0.0,0.0,0.10000000000000002,0.10000000000000002,0.0,0.10000000000000002,0.0,0.0,0.0,0.0,0.0,0.0,0.0,0.0,0.0
2023-01-04,0.0,0.0,0.0,0.0,0.0,0.09986952772997756,0.0,0.0,0.10079631644428232,0.10037676034617989,0.0,0.10008746495130577,0.0,0.0,0.0,0.0,0.0,0.0,0.0,0.0,0.0
2023-01-05,0.0,0.0,0.0,0.0,0.0,0.10092697604515195,0.0,0.0,0.10121992043564196,0.099851775650304,0.0,0.10074759101389666,0.0,0.0,0.0,0.0,0.0,0.0,0.0,0.0,0.0
2023-01-06,0.0,0.0,0.0,0.0,0.0,0.1004283088564477,0.0,0.0,0.10224426054268333,0.09997145675594735,0.0,0.10062186941803367,0.0,0.0,0.0,0.0,0.0,0.0,0.0,0.0,0.0
2023-01-09,0.0,0.0,0.0,0.0,0.0,0.10055653140425415,0.0,0.0,0.10153001700382543,0.09963662353239044,0.0,0.10064132739889975,0.0,0.0,0.0,0.0,0.0,0.0,0.0,0.0,0.0
2023-01-10,0.0,0.0,0.0,0.0,0.0,0.09950224696046595,0.0,0.0,0.10206893199605406,0.10015800289038457,0.0,0.1012113070935233,0.0,0.0,0.0,0.0,0.0,0.0,0.0,0.0,0.0
2023-01-11,0.0,0.0,0.0,0.0,0.0,0.09933299210662805,0.0,0.0,0.10219576466153366,0.0999946110002498,0.0,0.10169947154023981,0.0,0.0,0.0,0.0,0.0,0.0,0.0,0.0,0.0
2023-01-12,0.0,0.0,0.0,0.0,0.0,0.0986702560778603,0.0,0.0,0.10148771195029833,0.10068140753248862,0.0,0.10123730304885528,0.0,0.0,0.0,0.0,0.0,0.0,0.0,0.0,0.0
2023-01-13,0.0,0.0,0.0,0.0,0.0,0.09896282913523222,0.0,0.0,0.10157933072147905,0.1008026365113936,0.0,0.10180172605703745,0.0,0.0,0.0,0.0,0.0,0.0,0.0,0.0,0.0
2023-01-17,0.0,0.0,0.0,0.0,0.0,0.09934135955740855,0.0,0.0,0.10205975477324424,0.10068922119117399,0.0,0.10242871465701776,0.0,0.0,0.0,0.0,0.0,0.0,0.0,0.0,0.0
2023-01-18,0.0,0.0,0.0,0.0,0.0,0.0989144970235061,0.0,0.0,0.10182352706220701,0.10182966249182818,0.0,0.10256761273644475,0.0,0.0,0.0,0.0,0.0,0.0,0.0,0.0,0.0
2023-01-19,0.0,0.0,0.0,0.0,0.0,0.09946344467693367,0.0,0.0,0.10262404718279085,0.10243100986745414,0.0,0.10236061510174684,0.0,0.0,0.0,0.0,0.0,0.0,0.0,0.0,0.0
2023-01-20,0.0,0.0,0.0,0.0,0.0,0.10076624132553136,0.0,0.0,0.10400536663260404,0.10268795639608677,0.0,0.10226217147630641,0.0,0.0,0.0,0.0,0.0,0.0,0.0,0.0,0.0
2023-01-23,0.0,0.0,0.0,0.0,0.0,0.09976815748940679,0.0,0.0,0.10463458470648598,0.10263948671960899,0.0,0.10191803228296484,0.0,0.0,0.0,0.0,0.0,0.0,0.0,0.0,0.0
2023-01-24,0.0,0.0,0.0,0.0,0.0,0.09924835984030472,0.0,0.0,0.10477404655468331,0.10376971352050032,0.0,0.10201403040400706,0.0,0.0,0.0,0.0,0.0,0.0,0.0,0.0,0.0
2023-01-25,0.0,0.0,0.0,0.0,0.0,0.09943649734546676,0.0,0.0,0.1045134302574697,0.10356380952849331,0.0,0.1027294763571513,0.0,0.0,0.0,0.0,0.0,0.0,0.0,0.0,0.0
2023-01-26,0.0,0.0,0.0,0.0,0.0,0.09938319173081676,0.0,0.0,0.1040076124352493,0.10435676138176546,0.0,0.1032704276215644,0.0,0.0,0.0,0.0,0.0,0.0,0.0,0.0,0.0
2023-01-27,0.0,0.0,0.0,0.0,0.0,0.09940004420426064,0.0,0.0,0.1035428277027373,0.10409197848241608,0.0,0.10258708634989026,0.0,0.0,0.0,0.0,0.0,0.0,0.0,0.0,0.0
2023-01-30,0.0,0.0,0.0,0.0,0.0,0.10047409974236246,0.0,0.0,0.10281661406097271,0.10526535936116051,0.0,0.10427709791714493,0.0,0.0,0.0,0.0,0.0,0.0,0.0,0.0,0.0
2023-01-31,0.0,0.0,0.0,0.0,0.0,0.10006835885562065,0.0,0.0,0.10315317632012401,0.10560005134182848,0.0,0.10437775528997888,0.0,0.0,0.0,0.0,0.0,0.0,0.0,0.0,0.0
2023-02-01,0.0,0.0,0.0,0.0,0.0,0.10000000000000002,0.0,0.0,0.10000000000000002,0.10000000000000002,0.0,0.10000000000000002,0.0,0.0,0.0,0.0,0.0,0.0,0.0,0.0,0.0
2023-02-02,0.0,0.0,0.0,0.0,0.0,0.10000550205029489,0.0,0.0,0.10040486808318627,0.10112949090219064,0.0,0.09979852329291307,0.0,0.0,0.0,0.0,0.0,0.0,0.0,0.0,0.0
2023-02-03,0.0,0.0,0.0,0.0,0.0,0.09921933959367803,0.0,0.0,0.09924118117493179,0.09991158452690126,0.0,0.09894082243747301,0.0,0.0,0.0,0.0,0.0,0.0,0.0,0.0,0.0
2023-02-06,0.0,0.0,0.0,0.0,0.0,0.09930855720577902,0.0,0.0,0.09844341716151196,0.09911251917986591,0.0,0.09882035283628068,0.0,0.0,0.0,0.0,0.0,0.0,0.0,0.0,0.0
2023-02-07,0.0,0.0,0.0,0.0,0.0,0.0984212585630143,0.0,0.0,0.09965732820755145,0.10006830046448154,0.0,0.09850526178526871,0.0,0.0,0.0,0.0,0.0,0.0,0.0,0.0,0.0
2023-02-08,0.0,0.0,0.0,0.0,0.0,0.09756413721255178,0.0,0.0,0.10024779772345782,0.1008141397477884,0.0,0.09850822092664849,0.0,0.0,0.0,0.0,0.0,0.0,0.0,0.0,0.0
2023-02-09,0.0,0.0,0.0,0.0,0.0,0.09669588963449408,0.0,0.0,0.1002925308229768,0.10176369999737464,0.0,0.09889692749961522,0.0,0.0,0.0,0.0,0.0,0.0,0.0,0.0,0.0
2023-02-10,0.0,0.0,0.0,0.0,0.0,0.0970490791313716,0.0,0.0,0.10111272130824595,0.10121043919209546,0.0,0.09757768856570323,0.0,0.0,0.0,0.0,0.0,0.0,0.0,0.0,0.0
2023-02-13,0.0,0.0,0.0,0.0,0.0,0.09649803261534191,0.0,0.0,0.10288040477365581,0.10216017425283853,0.0,0.09623024963034056,0.0,0.0,0.0,0.0,0.0,0.0,0.0,0.0,0.0
2023-02-14,0.0,0.0,0.0,0.0,0.0,0.09697457842758594,0.0,0.0,0.10327839567408831,0.10242927120656017,0.0,0.09753337173008354,0.0,0.0,0.0,0.0,0.0,0.0,0.0,0.0,0.0
2023-02-15,0.0,0.0,0.0,0.0,0.0,0.09619214706127338,0.0,0.0,0.10343315749492402,0.10168864716288999,0.0,0.09979914953156388,0.0,0.0,0.0,0.0,0.0,0.0,0.0,0.0,0.0
2023-02-16,0.0,0.0,0.0,0.0,0.0,0.0960332863660293,0.0,0.0,0.10395370576348968,0.10150988110526303,0.0,0.10013775562162026,0.0,0.0,0.0,0.0,0.0,0.0,0.0,0.0,0.0
2023-02-17,0.0,0.0,0.0,0.0,0.0,0.09636290036683716,0.0,0.0,0.10301596778213822,0.10209223220107949,0.0,0.1003302491428415,0.0,0.0,0.0,0.0,0.0,0.0,0.0,0.0,0.0
2023-02-21,0.0,0.0,0.0,0.0,0.0,0.09647155616962323,0.0,0.0,0.10356266427848301,0.10124892122694075,0.0,0.09964366195381018,0.0,0.0,0.0,0.0,0.0,0.0,0.0,0.0,0.0
2023-02-22,0.0,0.0,0.0,0.0,0.0,0.09571361530535975,0.0,0.0,0.10290148882940096,0.09948353221304256,0.0,0.09996639755442378,0.0,0.0,0.0,0.0,0.0,0.0,0.0,0.0,0.0
2023-02-23,0.0,0.0,0.0,0.0,0.0,0.09496775245814637,0.0,0.0,0.10349678422652493,0.0985997413649485,0.0,0.10002015282695337,0.0,0.0,0.0,0.0,0.0,0.0,0.0,0.0,0.0
2023-02-24,0.0,0.0,0.0,0.0,0.0,0.09496154459496901,0.0,0.0,0.10331118765078932,0.09932568420994392,0.0,0.10105527541708885,0.0,0.0,0.0,0.0,0.0,0.0,0.0,0.0,0.0
2023-02-27,0.0,0.0,0.0,0.0,0.0,0.09465957487077563,0.0,0.0,0.10230369919387991,0.09789616084603404,0.0,0.10106107718265232,0.0,0.0,0.0,0.0,0.0,0.0,0.0,0.0,0.0
2023-02-28,0.0,0.0,0.0,0.0,0.0,0.09391346629318571,0.0,0.0,0.1007838549892998,0.09818328638822796,0.0,0.10141612312750463,0.0,0.0,0.0,0.0,0.0,0.0,0.0,0.0,0.0
2023-03-01,0.0,0.0,0.0,0.0,0.0,0.1,0.0,0.0,0.1,0.1,0.0,0.1,0.0,0.0,0.0,0.0,0.0,0.0,0.0,0.0,0.0
2023-03-02,0.0,0.0,0.0,0.0,0.0,0.10018846159110076,0.0,0.0,0.10022796515759934,0.09902834840927134,0.0,0.0999616940978228,0.0,0.0,0.0,0.0,0.0,0.0,0.0,0.0,0.0
2023-03-03,0.0,0.0,0.0,0.0,0.0,0.09988128688228645,0.0,0.0,0.10076418751290589,0.09839880105528204,0.0,0.10022355532865454,0.0,0.0,0.0,0.0,0.0,0.0,0.0,0.0,0.0
2023-03-06,0.0,0.0,0.0,0.0,0.0,0.09953629588195674,0.0,0.0,0.10014906050508333,0.09769998245578795,0.0,0.10004868601336955,0.0,0.0,0.0,0.0,0.0,0.0,0.0,0.0,0.0
2023-03-07,0.0,0.0,0.0,0.0,0.0,0.09994332850395866,0.0,0.0,0.09901815373893365,0.09765821146074323,0.0,0.10002562252773828,0.0,0.0,0.0,0.0,0.0,0.0,0.0,0.0,0.0
2023-03-08,0.0,0.0,0.0,0.0,0.0,0.10099372395417333,0.0,0.0,0.09874550474042071,0.09789843562900548,0.0,0.10010823359800321,0.0,0.0,0.0,0.0,0.0,0.0,0.0,0.0,0.0
2023-03-09,0.0,0.0,0.0,0.0,0.0,0.10209135049383239,0.0,0.0,0.09823888096011354,0.09784580610309089,0.0,0.1008003744145889,0.0,0.0,0.0,0.0,0.0,0.0,0.0,0.0,0.0
2023-03-10,0.0,0.0,0.0,0.0,0.0,0.10055426137336392,0.0,0.0,0.09676832149916939,0.09754896393751533,0.0,0.10018225141773908,0.0,0.0,0.0,0.0,0.0,0.0,0.0,0.0,0.0
2023-03-13,0.0,0.0,0.0,0.0,0.0,0.10078310506546825,0.0,0.0,0.09531621708045264,0.09788379132848442,0.0,0.09964023756289607,0.0,0.0,0.0,0.0,0.0,0.0,0.0,0.0,0.0
2023-03-14,0.0,0.0,0.0,0.0,0.0,0.10201614148003224,0.0,0.0,0.09496542757023745,0.0983030872463533,0.0,0.10067162984752291,0.0,0.0,0.0,0.0,0.0,0.0,0.0,0.0,0.0
2023-03-15,0.0,0.0,0.0,0.0,0.0,0.1004408010066477,0.0,0.0,0.0941816183464411,0.09673006020055161,0.0,0.10040009759454054,0.0,0.0,0.0,0.0,0.0,0.0,0.0,0.0,0.0
2023-03-16,0.0,0.0,0.0,0.0,0.0,0.10002067469467868,0.0,0.0,0.09420009850447447,0.09703141824071584,0.0,0.09946995996226765,0.0,0.0,0.0,0.0,0.0,0.0,0.0,0.0,0.0
2023-03-17,0.0,0.0,0.0,0.0,0.0,0.09909833401789929,0.0,0.0,0.09431789101811977,0.09698181102196181,0.0,0.09947051393421535,0.0,0.0,0.0,0.0,0.0,0.0,0.0,0.0,0.0
2023-03-20,0.0,0.0,0.0,0.0,0.0,0.09916168065145259,0.0,0.0,0.09582361662881748,0.0970107910243822,0.0,0.09972161052442842,0.0,0.0,0.0,0.0,0.0,0.0,0.0,0.0,0.0
2023-03-21,0.0,0.0,0.0,0.0,0.0,0.09864115124387002,0.0,0.0,0.09602028010941144,0.09654808648697849,0.0,0.0999445380356785,0.0,0.0,0.0,0.0,0.0,0.0,0.0,0.0,0.0
2023-03-22,0.0,0.0,0.0,0.0,0.0,0.09850611689065399,0.0,0.0,0.09590407882249476,0.09821850244543323,0.0,0.09995358788762913,0.0,0.0,0.0,0.0,0.0,0.0,0.0,0.0,0.0
2023-03-23,0.0,0.0,0.0,0.0,0.0,0.09915766244361854,0.0,0.0,0.09718284354443926,0.0974066565289231,0.0,0.10035390135074429,0.0,0.0,0.0,0.0,0.0,0.0,0.0,0.0,0.0
2023-03-24,0.0,0.0,0.0,0.0,0.0,0.09879749413548825,0.0,0.0,0.09704321089484808,0.09868088672097355,0.0,0.10003488307935028,0.0,0.0,0.0,0.0,0.0,0.0,0.0,0.0,0.0
2023-03-27,0.0,0.0,0.0,0.0,0.0,0.09825756075090464,0.0,0.0,0.0957604663763129,0.0995402386875764,0.0,0.09954361020020776,0.0,0.0,0.0,0.0,0.0,0.0,0.0,0.0,0.0
2023-03-28,0.0,0.0,0.0,0.0,0.0,0.09883541251934594,0.0,0.0,0.0952812294166722,0.09942176619926248,0.0,0.10017787268992483,0.0,0.0,0.0,0.0,0.0,0.0,0.0,0.0,0.0
2023-03-29,0.0,0.0,0.0,0.0,0.0,0.09846415812683015,0.0,0.0,0.09509644651626273,0.09854602855513628,0.0,0.10125306665638159,0.0,0.0,0.0,0.0,0.0,0.0,0.0,0.0,0.0
2023-03-30,0.0,0.0,0.0,0.0,0.0,0.09820198558098256,0.0,0.0,0.0956584380004847,0.09873598527163512,0.0,0.10199200020603494,0.0,0.0,0.0,0.0,0.0,0.0,0.0,0.0,0.0
2023-03-31,0.0,0.0,0.0,0.0,0.0,0.09842530465395312,0.0,0.0,0.09474281777977431,0.09857286247419728,0.0,0.10132747342936994,0.0,0.0,0.0,0.0,0.0,0.0,0.0,0.0,0.0
2023-04-03,0.0,0.1,0.0,0.0,0.0,0.0,0.0,0.0,0.1,0.1,0.0,0.0,0.0,0.0,0.0,0.0,0.1,0.0,0.0,0.0,0.0
2023-04-04,0.0,0.10005241944687879,0.0,0.0,0.0,0.0,0.0,0.0,0.09935568761457787,0.10008765050610113,0.0,0.0,0.0,0.0,0.0,0.0,0.09913218285147513,0.0,0.0,0.0,0.0
2023-04-05,0.0,0.09815921676218312,0.0,0.0,0.0,0.0,0.0,0.0,0.09785362643007443,0.10163055169159506,0.0,0.0,0.0,0.0,0.0,0.0,0.0996261329674511,0.0,0.0,0.0,0.0
2023-04-06,0.0,0.09716660087063404,0.0,0.0,0.0,0.0,0.0,0.0,0.09903566395273222,0.10143291611895952,0.0,0.0,0.0,0.0,0.0,0.0,0.09973191987782712,0.0,0.0,0.0,0.0
2023-04-10,0.0,0.09636970117993604,0.0,0.0,0.0,0.0,0.0,0.0,0.09939556334476476,0.10288049693058715,0.0,0.0,0.0,0.0,0.0,0.0,0.09925210720040976,0.0,0.0,0.0,0.0
2023-04-11,0.0,0.09651775780378463,0.0,0.0,0.0,0.0,0.0,0.0,0.10051279794986241,0.10315674692433055,0.0,0.0,0.0,0.0,0.0,0.0,0.0994277088112926,0.0,0.0,0.0,0.0
2023-04-12,0.0,0.09523091390654737,0.0,0.0,0.0,0.0,0.0,0.0,0.09950663992818906,0.1028487966647028,0.0,0.0,0.0,0.0,0.0,0.0,0.09897322204693966,0.0,0.0,0.0,0.0
2023-04-13,0.0,0.09576281248775873,0.0,0.0,0.0,0.0,0.0,0.0,0.09953132465435666,0.10357776167367189,0.0,0.0,0.0,0.0,0.0,0.0,0.09925304644820773,0.0,0.0,0.0,0.0
2023-04-14,0.0,0.09611268923499802,0.0,0.0,0.0,0.0,0.0,0.0,0.10003199769928721,0.10277509784086564,0.0,0.0,0.0,0.0,0.0,0.0,0.09969560878913583,0.0,0.0,0.0,0.0
2023-04-17,0.0,0.0952471318538632,0.0,0.0,0.0,0.0,0.0,0.0,0.09992058583617647,0.1023326184276654,0.0,0.0,0.0,0.0,0.0,0.0,0.09921851939625942,0.0,0.0,0.0,0.0
2023-04-18,0.0,0.09445619627707381,0.0,0.0,0.0,0.0,0.0,0.0,0.09986184768913392,0.10157448372953456,0.0,0.0,0.0,0.0,0.0,0.0,0.09867942766335455,0.0,0.0,0.0,0.0
2023-04-19,0.0,0.09514540057104291,0.0,0.0,0.0,0.0,0.0,0.0,0.10084360009779735,0.10156473618633058,0.0,0.0,0.0,0.0,0.0,0.0,0.09826156452093016,0.0,0.0,0.0,0.0
2023-04-20,0.0,0.09470075617043221,0.0,0.0,0.0,0.0,0.0,0.0,0.10133080143734022,0.10131850915202358,0.0,0.0,0.0,0.0,0.0,0.0,0.09886521801732732,0.0,0.0,0.0,0.0
2023-04-21,0.0,0.09441933749105438,0.0,0.0,0.0,0.0,0.0,0.0,0.10095445408735114,0.10103273452095382,0.0,0.0,0.0,0.0,0.0,0.0,0.09889054444709477,0.0,0.0,0.0,0.0
2023-04-24,0.0,0.0957601768008031,0.0,0.0,0.0,0.0,0.0,0.0,0.10206757418139487,0.10046744328418093,0.0,0.0,0.0,0.0,0.0,0.0,0.09975328440116606,0.0,0.0,0.0,0.0
2023-04-25,0.0,0.0960132939527071,0.0,0.0,0.0,0.0,0.0,0.0,0.10201117002972789,0.1007569674308286,0.0,0.0,0.0,0.0,0.0,0.0,0.1008048469907198,0.0,0.0,0.0,0.0
2023-04-26,0.0,0.0961574432351426,0.0,0.0,0.0,0.0,0.0,0.0,0.10177769203095031,0.10102739955948264,0.0,0.0,0.0,0.0,0.0,0.0,0.10100917495570122,0.0,0.0,0.0,0.0
2023-04-27,0.0,0.09734618492046299,0.0,0.0,0.0,0.0,0.0,0.0,0.10307307686360251,0.10161499653932138,0.0,0.0,0.0,0.0,0.0,0.0,0.10229906229019999,0.0,0.0,0.0,0.0
2023-04-28,0.0,0.09717330806606697,0.0,0.0,0.0,0.0,0.0,0.0,0.10354800850996751,0.10196779158413566,0.0,0.0,0.0,0.0,0.0,0.0,0.10208910654223699,0.0,0.0,0.0,0.0
2023-05-01,0.0,0.1,0.0,0.0,0.0,0.0,0.0,0.0,0.1,0.1,0.0,0.0,0.0,0.0,0.0,0.0,0.1,0.0,0.0,0.0,0.0
2023-05-02,0.0,0.0997877750786383,0.0,0.0,0.0,0.0,0.0,0.0,0.1001145317355838,0.10017320604674766,0.0,0.0,0.0,0.0,0.0,0.0,0.0992653507519938,0.0,0.0,0.0,0.0
2023-05-03,0.0,0.10112473669304652,0.0,0.0,0.0,0.0,0.0,0.0,0.09904155108111855,0.10220041510219326,0.0,0.0,0.0,0.0,0.0,0.0,0.0991345774752334,0.0,0.0,0.0,0.0
2023-05-04,0.0,0.10064712660485585,0.0,0.0,0.0,0.0,0.0,0.0,0.09772256066336994,0.10286316622347731,0.0,0.0,0.0,0.0,0.0,0.0,0.09895525495335306,0.0,0.0,0.0,0.0
2023-05-05,0.0,0.10119068609261138,0.0,0.0,0.0,0.0,0.0,0.0,0.09701994105282409,0.10405877373517093,0.0,0.0,0.0,0.0,0.0,0.0,0.09780834504350408,0.0,0.0,0.0,0.0
2023-05-08,0.0,0.10197612569864666,0.0,0.0,0.0,0.0,0.0,0.0,0.09843658635930197,0.10470243564317422,0.0,0.0,0.0,0.0,0.0,0.0,0.09730844482541257,0.0,0.0,0.0,0.0
2023-05-09,0.0,0.1027490700226049,0.0,0.0,0.0,0.0,0.0,0.0,0.09823155980337156,0.10508752014153103,0.0,0.0,0.0,0.0,0.0,0.0,0.09635861173378954,0.0,0.0,0.0,0.0
2023-05-10,0.0,0.10284652244567184,0.0,0.0,0.0,0.0,0.0,0.0,0.09880154790253892,0.10373648293722398,0.0,0.0,0.0,0.0,0.0,0.0,0.09715879050815562,0.0,0.0,0.0,0.0
2023-05-11,0.0,0.10394267727224253,0.0,0.0,0.0,0.0,0.0,0.0,0.09892198714199402,0.10377210887166308,0.0,0.0,0.0,0.0,0.0,0.0,0.09744199100293958,0.0,0.0,0.0,0.0
2023-05-12,0.0,0.10352265399853822,0.0,0.0,0.0,0.0,0.0,0.0,0.09896620288663277,0.10353965801067327,0.0,0.0,0.0,0.0,0.0,0.0,0.09664102766250163,0.0,0.0,0.0,0.0
2023-05-15,0.0,0.10397767156606345,0.0,0.0,0.0,0.0,0.0,0.0,0.09845747311111613,0.10538370804105575,0.0,0.0,0.0,0.0,0.0,0.0,0.09593287523642555,0.0,0.0,0.0,0.0
2023-05-16,0.0,0.10536172090545702,0.0,0.0,0.0,0.0,0.0,0.0,0.09917367035093248,0.10491883526399728,0.0,0.0,0.0,0.0,0.0,0.0,0.09598018792494731,0.0,0.0,0.0,0.0
2023-05-17,0.0,0.10479884168325206,0.0,0.0,0.0,0.0,0.0,0.0,0.09815598302953679,0.10437649831630798,0.0,0.0,0.0,0.0,0.0,0.0,0.09594452145405494,0.0,0.0,0.0,0.0
2023-05-18,0.0,0.1050888274757312,0.0,0.0,0.0,0.0,0.0,0.0,0.09831508396187644,0.10357737269146755,0.0,0.0,0.0,0.0,0.0,0.0,0.09602998125132414,0.0,0.0,0.0,0.0
2023-05-19,0.0,0.10527802090117562,0.0,0.0,0.0,0.0,0.0,0.0,0.09847570447074126,0.1045262632931727,0.0,0.0,0.0,0.0,0.0,0.0,0.0979043197789322,0.0,0.0,0.0,0.0
2023-05-22,0.0,0.10518034629809138,0.0,0.0,0.0,0.0,0.0,0.0,0.09823622474625941,0.1040245810924464,0.0,0.0,0.0,0.0,0.0,0.0,0.09946640303746608,0.0,0.0,0.0,0.0
2023-05-23,0.0,0.10608078868275822,0.0,0.0,0.0,0.0,0.0,0.0,0.09792614444188051,0.1043385882654761,0.0,0.0,0.0,0.0,0.0,0.0,0.099394280369627,0.0,0.0,0.0,0.0
2023-05-24,0.0,0.1054138584746837,0.0,0.0,0.0,0.0,0.0,0.0,0.09792333164295677,0.10310792423424861,0.0,0.0,0.0,0.0,0.0,0.0,0.09921483633863072,0.0,0.0,0.0,0.0
2023-05-25,0.0,0.10455923164596086,0.0,0.0,0.0,0.0,0.0,0.0,0.09849704122917406,0.10286459605040751,0.0,0.0,0.0,0.0,0.0,0.0,0.09933111502564079,0.0,0.0,0.0,0.0
2023-05-26,0.0,0.10577139783133255,0.0,0.0,0.0,0.0,0.0,0.0,0.09851900741608254,0.1015640842958786,0.0,0.0,0.0,0.0,0.0,0.0,0.09843526518650005,0.0,0.0,0.0,0.0
2023-05-30,0.0,0.10598168952196035,0.0,0.0,0.0,0.0,0.0,0.0,0.0986669390228782,0.10097355476812542,0.0,0.0,0.0,0.0,0.0,0.0,0.09888921868401705,0.0,0.0,0.0,0.0
2023-05-31,0.0,0.10770832626954453,0.0,0.0,0.0,0.0,0.0,0.0,0.0989342424434992,0.10092320192362167,0.0,0.0,0.0,0.0,0.0,0.0,0.09915641347790595,0.0,0.0,0.0,0.0
2023-06-01,0.0,0.10000000000000002,0.0,0.0,0.0,0.0,0.0,0.0,0.0,0.10000000000000002,0.0,0.0,0.0,0.0,0.10000000000000002,0.0,0.10000000000000002,0.0,0.0,0.0,0.0
2023-06-02,0.0,0.10043891877228515,0.0,0.0,0.0,0.0,0.0,0.0,0.0,0.100000992771169,0.0,0.0,0.0,0.0,0.10046908234455926,0.0,0.09994224348428657,0.0,0.0,0.0,0.0
2023-06-05,0.0,0.09986977065127989,0.0,0.0,0.0,0.0,0.0,0.0,0.0,0.10057775542173364,0.0,0.0,0.0,0.0,0.09957283909496044,0.0,0.10024015574248496,0.0,0.0,0.0,0.0
2023-06-06,0.0,0.10008766300095824,0.0,0.0,0.0,0.0,0.0,0.0,0.0,0.10222573566872359,0.0,0.0,0.0,0.0,0.09937602505322846,0.0,0.09919118149215254,0.0,0.0,0.0,0.0
2023-06-07,0.0,0.09864931697707571,0.0,0.0,0.0,0.0,0.0,0.0,0.0,0.10227552895374105,0.0,0.0,0.0,0.0,0.09897897678429508,0.0,0.09837979197368664,0.0,0.0,0.0,0.0
2023-06-08,0.0,0.09955466329989239,0.0,0.0,0.0,0.0,0.0,0.0,0.0,0.10211150156306138,0.0,0.0,0.0,0.0,0.10000462036356739,0.0,0.09849261793831104,0.0,0.0,0.0,0.0
2023-06-09,0.0,0.10010103481746527,0.0,0.0,0.0,0.0,0.0,0.0,0.0,0.10248720220200895,0.0,0.0,0.0,0.0,0.10038636185783072,0.0,0.09948078684633192,0.0,0.0,0.0,0.0
2023-06-12,0.0,0.10032257780491491,0.0,0.0,0.0,0.0,0.0,0.0,0.0,0.10250176644453124,0.0,0.0,0.0,0.0,0.10040160654502346,0.0,0.1009313457837926,0.0,0.0,0.0,0.0
2023-06-13,0.0,0.09932734703931942,0.0,0.0,0.0,0.0,0.0,0.0,0.0,0.10240426392975736,0.0,0.0,0.0,0.0,0.10123463279228322,0.0,0.10047411207972119,0.0,0.0,0.0,0.0
2023-06-14,0.0,0.099303573322437,0.0,0.0,0.0,0.0,0.0,0.0,0.0,0.1032285708701903,0.0,0.0,0.0,0.0,0.1012912286012272,0.0,0.09885470577081241,0.0,0.0,0.0,0.0
2023-06-15,0.0,0.10006179519341872,0.0,0.0,0.0,0.0,0.0,0.0,0.0,0.10235052185585915,0.0,0.0,0.0,0.0,0.10183249888761513,0.0,0.09833293600290977,0.0,0.0,0.0,0.0
2023-06-16,0.0,0.09841634832521795,0.0,0.0,0.0,0.0,0.0,0.0,0.0,0.1022941449825084,0.0,0.0,0.0,0.0,0.10154931505184178,0.0,0.0999302601161517,0.0,0.0,0.0,0.0
2023-06-20,0.0,0.09863361997411847,0.0,0.0,0.0,0.0,0.0,0.0,0.0,0.10284530830859226,0.0,0.0,0.0,0.0,0.10160882669023817,0.0,0.09990324040378583,0.0,0.0,0.0,0.0
2023-06-21,0.0,0.100178293059851,0.0,0.0,0.0,0.0,0.0,0.0,0.0,0.10403921621385018,0.0,0.0,0.0,0.0,0.10116711034064772,0.0,0.09819761214523885,0.0,0.0,0.0,0.0
2023-06-22,0.0,0.10123851781226195,0.0,0.0,0.0,0.0,0.0,0.0,0.0,0.10368668889048827,0.0,0.0,0.0,0.0,0.10059748920371976,0.0,0.0998449297164225,0.0,0.0,0.0,0.0
2023-06-23,0.0,0.10036546649656385,0.0,0.0,0.0,0.0,0.0,0.0,0.0,0.10410448413329264,0.0,0.0,0.0,0.0,0.10130652236003372,0.0,0.09910219484033711,0.0,0.0,0.0,0.0
2023-06-26,0.0,0.1000945122807921,0.0,0.0,0.0,0.0,0.0,0.0,0.0,0.10335151072555372,0.0,0.0,0.0,0.0,0.10223289377393188,0.0,0.09960430219890588,0.0,0.0,0.0,0.0
2023-06-27,0.0,0.10093481408221232,0.0,0.0,0.0,0.0,0.0,0.0,0.0,0.1038781635091979,0.0,0.0,0.0,0.0,0.10283231047941693,0.0,0.09935055651824956,0.0,0.0,0.0,0.0
2023-06-28,0.0,0.10121031229950164,0.0,0.0,0.0,0.0,0.0,0.0,0.0,0.10450020183055227,0.0,0.0,0.0,0.0,0.10229816484610602,0.0,0.1011962334249295,0.0,0.0,0.0,0.0
2023-06-29,0.0,0.09949004363577446,0.0,0.0,0.0,0.0,0.0,0.0,0.0,0.10328742126563148,0.0,0.0,0.0,0.0,0.10165805117366535,0.0,0.09946370487082119,0.0,0.0,0.0,0.0
2023-06-30,0.0,0.09953328701004517,0.0,0.0,0.0,0.0,0.0,0.0,0.0,0.10330126134212361,0.0,0.0,0.0,0.0,0.10258441311272383,0.0,0.09883154269023138,0.0,0.0,0.0,0.0
2023-07-03,0.0,0.1,0.0,0.0,0.0,0.0,0.0,0.0,0.1,0.0,0.0,0.0,0.0,0.0,0.1,0.0,0.1,0.0,0.0,0.0,0.0
2023-07-05,0.0,0.10061220804610069,0.0,0.0,0.0,0.0,0.0,0.0,0.09993137084499625,0.0,0.0,0.0,0.0,0.0,0.09912383712418399,0.0,0.09888081337217827,0.0,0.0,0.0,0.0
2023-07-06,0.0,0.10044289642329209,0.0,0.0,0.0,0.0,0.0,0.0,0.09995632860465514,0.0,0.0,0.0,0.0,0.0,0.09924969964929772,0.0,0.09922604790920597,0.0,0.0,0.0,0.0
2023-07-07,0.0,0.10128273741510672,0.0,0.0,0.0,0.0,0.0,0.0,0.10176112225179085,0.0,0.0,0.0,0.0,0.0,0.10010096640796667,0.0,0.0998230223446013,0.0,0.0,0.0,0.0
2023-07-10,0.0,0.10016830075200193,0.0,0.0,0.0,0.0,0.0,0.0,0.10113465751343588,0.0,0.0,0.0,0.0,0.0,0.09959624274898406,0.0,0.09973774496182938,0.0,0.0,0.0,0.0
2023-07-11,0.0,0.09968122621792835,0.0,0.0,0.0,0.0,0.0,0.0,0.10130952764325517,0.0,0.0,0.0,0.0,0.0,0.10024379329795455,0.0,0.09919474210223075,0.0,0.0,0.0,0.0
2023-07-12,0.0,0.09988672770023226,0.0,0.0,0.0,0.0,0.0,0.0,0.09997481797277236,0.0,0.0,0.0,0.0,0.0,0.10099896875058154,0.0,0.09834954336581087,0.0,0.0,0.0,0.0
2023-07-13,0.0,0.1005020560516459,0.0,0.0,0.0,0.0,0.0,0.0,0.09954748087061785,0.0,0.0,0.0,0.0,0.0,0.09988179603036067,0.0,0.09794309674260733,0.0,0.0,0.0,0.0
2023-07-14,0.0,0.10032252047034222,0.0,0.0,0.0,0.0,0.0,0.0,0.10127598598377435,0.0,0.0,0.0,0.0,0.0,0.09953406350753521,0.0,0.09882355583721635,0.0,0.0,0.0,0.0
2023-07-17,0.0,0.10012946827418424,0.0,0.0,0.0,0.0,0.0,0.0,0.1008046957522964,0.0,0.0,0.0,0.0,0.0,0.09933755245306934,0.0,0.09917869447473203,0.0,0.0,0.0,0.0
2023-07-18,0.0,0.09943771148677749,0.0,0.0,0.0,0.0,0.0,0.0,0.10000506666504337,0.0,0.0,0.0,0.0,0.0,0.10037073367823428,0.0,0.09959514530941847,0.0,0.0,0.0,0.0
2023-07-19,0.0,0.09856171120987738,0.0,0.0,0.0,0.0,0.0,0.0,0.09986347191788363,0.0,0.0,0.0,0.0,0.0,0.0999266755825099,0.0,0.09933538851795994,0.0,0.0,0.0,0.0
2023-07-20,0.0,0.09970302843836534,0.0,0.0,0.0,0.0,0.0,0.0,0.10070837421785839,0.0,0.0,0.0,0.0,0.0,0.10132288711595826,0.0,0.09880496613051387,0.0,0.0,0.0,0.0
2023-07-21,0.0,0.0996713718493207,0.0,0.0,0.0,0.0,0.0,0.0,0.10156792604573565,0.0,0.0,0.0,0.0,0.0,0.10047099960488655,0.0,0.09927994808862108,0.0,0.0,0.0,0.0
2023-07-24,0.0,0.09945363429709976,0.0,0.0,0.0,0.0,0.0,0.0,0.1013118906213423,0.0,0.0,0.0,0.0,0.0,0.10074791709848825,0.0,0.0991911020978359,0.0,0.0,0.0,0.0
2023-07-25,0.0,0.09917193738130685,0.0,0.0,0.0,0.0,0.0,0.0,0.10111207966765504,0.0,0.0,0.0,0.0,0.0,0.0993276572637493,0.0,0.10004044314051312,0.0,0.0,0.0,0.0
2023-07-26,0.0,0.09816201688021411,0.0,0.0,0.0,0.0,0.0,0.0,0.10041204835786344,0.0,0.0,0.0,0.0,0.0,0.09976960604688923,0.0,0.1000046460715724,0.0,0.0,0.0,0.0
2023-07-27,0.0,0.09958731104839665,0.0,0.0,0.0,0.0,0.0,0.0,0.10102800233490677,0.0,0.0,0.0,0.0,0.0,0.10089934285004154,0.0,0.09949886871732176,0.0,0.0,0.0,0.0
2023-07-28,0.0,0.09955914625467918,0.0,0.0,0.0,0.0,0.0,0.0,0.10089661436668991,0.0,0.0,0.0,0.0,0.0,0.10066521166974692,0.0,0.09934320724644752,0.0,0.0,0.0,0.0
2023-07-31,0.0,0.0989018682230035,0.0,0.0,0.0,0.0,0.0,0.0,0.1012138536574824,0.0,0.0,0.0,0.0,0.0,0.09915608861992611,0.0,0.10031473946783953,0.0,0.0,0.0,0.0
2023-08-01,0.0,0.10000000000000002,0.0,0.0,0.0,0.0,0.0,0.0,0.10000000000000002,0.0,0.0,0.0,0.0,0.0,0.10000000000000002,0.0,0.10000000000000002,0.0,0.0,0.0,0.0
2023-08-02,0.0,0.09869451034459484,0.0,0.0,0.0,0.0,0.0,0.0,0.10011210679001062,0.0,0.0,0.0,0.0,0.0,0.10067413792739938,0.0,0.09974388834183023,0.0,0.0,0.0,0.0
2023-08-03,0.0,0.09834770545451033,0.0,0.0,0.0,0.0,0.0,0.0,0.10046862469692949,0.0,0.0,0.0,0.0,0.0,0.10140414752071858,0.0,0.0992512266928776,0.0,0.0,0.0,0.0
2023-08-04,0.0,0.09915561137595563,0.0,0.0,0.0,0.0,0.0,0.0,0.0998449158962479,0.0,0.0,0.0,0.0,0.0,0.1026612030702572,0.0,0.09950018176345882,0.0,0.0,0.0,0.0
2023-08-07,0.0,0.09938895193414055,0.0,0.0,0.0,0.0,0.0,0.0,0.10027719522289781,0.0,0.0,0.0,0.0,0.0,0.1028715074878368,0.0,0.09886560414262173,0.0,0.0,0.0,0.0
2023-08-08,0.0,0.10046034589703015,0.0,0.0,0.0,0.0,0.0,0.0,0.09976351117098385,0.0,0.0,0.0,0.0,0.0,0.10415984933672076,0.0,0.09850294409003706,0.0,0.0,0.0,0.0
2023-08-09,0.0,0.10070956116929862,0.0,0.0,0.0,0.0,0.0,0.0,0.10050866090897094,0.0,0.0,0.0,0.0,0.0,0.10309330731649688,0.0,0.09847429350406897,0.0,0.0,0.0,0.0
2023-08-10,0.0,0.10050990476476147,0.0,0.0,0.0,0.0,0.0,0.0,0.1009493617736736,0.0,0.0,0.0,0.0,0.0,0.1024460502180382,0.0,0.09857522166649017,0.0,0.0,0.0,0.0
2023-08-11,0.0,0.10175731207341154,0.0,0.0,0.0,0.0,0.0,0.0,0.10210419940214223,0.0,0.0,0.0,0.0,0.0,0.10241361141481173,0.0,0.09894719600494642,0.0,0.0,0.0,0.0
2023-08-14,0.0,0.09958917743956586,0.0,0.0,0.0,0.0,0.0,0.0,0.10067491031944215,0.0,0.0,0.0,0.0,0.0,0.10276954820161935,0.0,0.09847269644691675,0.0,0.0,0.0,0.0
2023-08-15,0.0,0.10035342582650703,0.0,0.0,0.0,0.0,0.0,0.0,0.10062392491103476,0.0,0.0,0.0,0.0,0.0,0.10261888655075264,0.0,0.09846005720741818,0.0,0.0,0.0,0.0
2023-08-16,0.0,0.10076878926522341,0.0,0.0,0.0,0.0,0.0,0.0,0.10062787730401493,0.0,0.0,0.0,0.0,0.0,0.10387786567362221,0.0,0.09873056804885497,0.0,0.0,0.0,0.0
2023-08-17,0.0,0.10141479416767935,0.0,0.0,0.0,0.0,0.0,0.0,0.09966422061033761,0.0,0.0,0.0,0.0,0.0,0.10404144002262737,0.0,0.09848429882950488,0.0,0.0,0.0,0.0
2023-08-18,0.0,0.10282534181600687,0.0,0.0,0.0,0.0,0.0,0.0,0.10000430056821999,0.0,0.0,0.0,0.0,0.0,0.1049994558987947,0.0,0.09895438334600584,0.0,0.0,0.0,0.0
2023-08-21,0.0,0.10239657981778631,0.0,0.0,0.0,0.0,0.0,0.0,0.10102585735700798,0.0,0.0,0.0,0.0,0.0,0.10539006682296453,0.0,0.09910879046596013,0.0,0.0,0.0,0.0
2023-08-22,0.0,0.10353741184581793,0.0,0.0,0.0,0.0,0.0,0.0,0.10176824966541231,0.0,0.0,0.0,0.0,0.0,0.10495590945546963,0.0,0.0994676720615382,0.0,0.0,0.0,0.0
2023-08-23,0.0,0.10328835751471167,0.0,0.0,0.0,0.0,0.0,0.0,0.10140847154374859,0.0,0.0,0.0,0.0,0.0,0.10541644998674853,0.0,0.10010735593517096,0.0,0.0,0.0,0.0
2023-08-24,0.0,0.10256731084338332,0.0,0.0,0.0,0.0,0.0,0.0,0.1017631670465086,0.0,0.0,0.0,0.0,0.0,0.10505115935663915,0.0,0.10056463716661293,0.0,0.0,0.0,0.0
2023-08-25,0.0,0.10263344828539159,0.0,0.0,0.0,0.0,0.0,0.0,0.10192266028429733,0.0,0.0,0.0,0.0,0.0,0.1056142429009183,0.0,0.09957962224270511,0.0,0.0,0.0,0.0
2023-08-28,0.0,0.10246806718410259,0.0,0.0,0.0,0.0,0.0,0.0,0.10187934781931206,0.0,0.0,0.0,0.0,0.0,0.10677369825636092,0.0,0.10009374091577339,0.0,0.0,0.0,0.0
2023-08-29,0.0,0.10376419722055712,0.0,0.0,0.0,0.0,0.0,0.0,0.10289138760491938,0.0,0.0,0.0,0.0,0.0,0.10682754199834958,0.0,0.10124100934073399,0.0,0.0,0.0,0.0
2023-08-30,0.0,0.10394081172585128,0.0,0.0,0.0,0.0,0.0,0.0,0.10234619142654795,0.0,0.0,0.0,0.0,0.0,0.10781690479687775,0.0,0.10167158417124485,0.0,0.0,0.0,0.0
2023-08-31,0.0,0.10392297739311918,0.0,0.0,0.0,0.0,0.0,0.0,0.10221871757674766,0.0,0.0,0.0,0.0,0.0,0.10786370158638153,0.0,0.0997837366765264,0.0,0.0,0.0,0.0
2023-09-01,0.0,0.10000000000000002,0.0,0.0,0.0,0.0,0.0,0.0,0.10000000000000002,0.0,0.0,0.0,0.0,0.0,0.10000000000000002,0.0,0.10000000000000002,0.0,0.0,0.0,0.0
2023-09-05,0.0,0.10106067055125388,0.0,0.0,0.0,0.0,0.0,0.0,0.09959695092883616,0.0,0.0,0.0,0.0,0.0,0.09944520140405026,0.0,0.10126363529236751,0.0,0.0,0.0,0.0
2023-09-06,0.0,0.10195594210519367,0.0,0.0,0.0,0.0,0.0,0.0,0.09898483560085192,0.0,0.0,0.0,0.0,0.0,0.0993739061445681,0.0,0.1012875936350554,0.0,0.0,0.0,0.0
2023-09-07,0.0,0.10302513106936237,0.0,0.0,0.0,0.0,0.0,0.0,0.09836236356692553,0.0,0.0,0.0,0.0,0.0,0.09901934874755222,0.0,0.10339573745827874,0.0,0.0,0.0,0.0
2023-09-08,0.0,0.10338565975982834,0.0,0.0,0.0,0.0,0.0,0.0,0.0983444580808163,0.0,0.0,0.0,0.0,0.0,0.09994783600498157,0.0,0.10173769687453221,0.0,0.0,0.0,0.0
2023-09-11,0.0,0.10320844911601501,0.0,0.0,0.0,0.0,0.0,0.0,0.09785152380154885,0.0,0.0,0.0,0.0,0.0,0.09948424630332967,0.0,0.10154796287280388,0.0,0.0,0.0,0.0
2023-09-12,0.0,0.10363136621447144,0.0,0.0,0.0,0.0,0.0,0.0,0.09721866877823121,0.0,0.0,0.0,0.0,0.0,0.0995373470794135,0.0,0.1015973719181445,0.0,0.0,0.0,0.0
2023-09-13,0.0,0.10301541826557746,0.0,0.0,0.0,0.0,0.0,0.0,0.09649856739626533,0.0,0.0,0.0,0.0,0.0,0.09902730139747246,0.0,0.10118124776098698,0.0,0.0,0.0,0.0
2023-09-14,0.0,0.10300910925855183,0.0,0.0,0.0,0.0,0.0,0.0,0.09766564511902298,0.0,0.0,0.0,0.0,0.0,0.09882163794386149,0.0,0.10126042835951476,0.0,0.0,0.0,0.0
2023-09-15,0.0,0.10435575833667024,0.0,0.0,0.0,0.0,0.0,0.0,0.09698534765084739,0.0,0.0,0.0,0.0,0.0,0.09797174341177697,0.0,0.10062397483440648,0.0,0.0,0.0,0.0
2023-09-18,0.0,0.10553162827688835,0.0,0.0,0.0,0.0,0.0,0.0,0.09612805275621024,0.0,0.0,0.0,0.0,0.0,0.09671850315607222,0.0,0.1002066414533153,0.0,0.0,0.0,0.0
2023-09-19,0.0,0.10450986746396665,0.0,0.0,0.0,0.0,0.0,0.0,0.09463004967756447,0.0,0.0,0.0,0.0,0.0,0.09562601449589414,0.0,0.09964739781902036,0.0,0.0,0.0,0.0
2023-09-20,0.0,0.1039462447971791,0.0,0.0,0.0,0.0,0.0,0.0,0.09437371287732262,0.0,0.0,0.0,0.0,0.0,0.0952950427077534,0.0,0.0979465125516279,0.0,0.0,0.0,0.0
2023-09-21,0.0,0.10525261193182169,0.0,0.0,0.0,0.0,0.0,0.0,0.0949357452519043,0.0,0.0,0.0,0.0,0.0,0.09500422830346174,0.0,0.098796521772504,0.0,0.0,0.0,0.0
2023-09-22,0.0,0.10549740871963882,0.0,0.0,0.0,0.0,0.0,0.0,0.09503567040894809,0.0,0.0,0.0,0.0,0.0,0.09485685911823169,0.0,0.09839366700972696,0.0,0.0,0.0,0.0
2023-09-25,0.0,0.10559031045502353,0.0,0.0,0.0,0.0,0.0,0.0,0.09553640080071604,0.0,0.0,0.0,0.0,0.0,0.096098215247263,0.0,0.09864277660099201,0.0,0.0,0.0,0.0
2023-09-26,0.0,0.10471862725864291,0.0,0.0,0.0,0.0,0.0,0.0,0.09489082715522003,0.0,0.0,0.0,0.0,0.0,0.09659624761088516,0.0,0.09863649843976445,0.0,0.0,0.0,0.0
2023-09-27,0.0,0.10520255539871937,0.0,0.0,0.0,0.0,0.0,0.0,0.09484856892953475,0.0,0.0,0.0,0.0,0.0,0.09687668786810044,0.0,0.10142526087972967,0.0,0.0,0.0,0.0
2023-09-28,0.0,0.10491728220828034,0.0,0.0,0.0,0.0,0.0,0.0,0.09568826145498663,0.0,0.0,0.0,0.0,0.0,0.09670960863816566,0.0,0.10215682141196718,0.0,0.0,0.0,0.0
2023-09-29,0.0,0.10482530834198962,0.0,0.0,0.0,0.0,0.0,0.0,0.09418153963134279,0.0,0.0,0.0,0.0,0.0,0.09755155991956622,0.0,0.10168218391452574,0.0,0.0,0.0,0.0
2023-10-02,0.0,0.1,0.0,0.0,0.0,0.0,0.0,0.0,0.1,0.0,0.0,0.0,0.0,0.0,0.1,0.0,0.1,0.0,0.0,0.0,0.0
2023-10-03,0.0,0.10079163174824694,0.0,0.0,0.0,0.0,0.0,0.0,0.10090655032329962,0.0,0.0,0.0,0.0,0.0,0.10109754480500477,0.0,0.09871174172978482,0.0,0.0,0.0,0.0
2023-10-04,0.0,0.10032996307022876,0.0,0.0,0.0,0.0,0.0,0.0,0.10203243908227946,0.0,0.0,0.0,0.0,0.0,0.10113756653326181,0.0,0.09821239090857022,0.0,0.0,0.0,0.0
2023-10-05,0.0,0.10080478066713444,0.0,0.0,0.0,0.0,0.0,0.0,0.1006807925927204,0.0,0.0,0.0,0.0,0.0,0.10108453045420815,0.0,0.09817435655259453,0.0,0.0,0.0,0.0
2023-10-06,0.0,0.10161386939405717,0.0,0.0,0.0,0.0,0.0,0.0,0.10028359904622737,0.0,0.0,0.0,0.0,0.0,0.10056399290667546,0.0,0.0978531650965355,0.0,0.0,0.0,0.0
2023-10-09,0.0,0.10246080423100352,0.0,0.0,0.0,0.0,0.0,0.0,0.0994878596356758,0.0,0.0,0.0,0.0,0.0,0.10100819333395512,0.0,0.0981980589178529,0.0,0.0,0.0,0.0
2023-10-10,0.0,0.1025542386567319,0.0,0.0,0.0,0.0,0.0,0.0,0.09851508175295051,0.0,0.0,0.0,0.0,0.0,0.09972492434289064,0.0,0.09836174496817791,0.0,0.0,0.0,0.0
2023-10-11,0.0,0.10281251555920812,0.0,0.0,0.0,0.0,0.0,0.0,0.09810136380220298,0.0,0.0,0.0,0.0,0.0,0.09966636251226797,0.0,0.09897340750198555,0.0,0.0,0.0,0.0
2023-10-12,0.0,0.1034954682365555,0.0,0.0,0.0,0.0,0.0,0.0,0.0992704350536599,0.0,0.0,0.0,0.0,0.0,0.0988679533529083,0.0,0.09924359443608066,0.0,0.0,0.0,0.0
2023-10-13,0.0,0.10255877860811308,0.0,0.0,0.0,0.0,0.0,0.0,0.1000689453274027,0.0,0.0,0.0,0.0,0.0,0.0990449079261204,0.0,0.09912363559241089,0.0,0.0,0.0,0.0
2023-10-16,0.0,0.10376133825111608,0.0,0.0,0.0,0.0,0.0,0.0,0.10040345418789472,0.0,0.0,0.0,0.0,0.0,0.09910047338737521,0.0,0.10104384598586635,0.0,0.0,0.0,0.0
2023-10-17,0.0,0.10367952918628938,0.0,0.0,0.0,0.0,0.0,0.0,0.1006891531956385,0.0,0.0,0.0,0.0,0.0,0.09983815720108664,0.0,0.10154417452876714,0.0,0.0,0.0,0.0
2023-10-18,0.0,0.10599273334351361,0.0,0.0,0.0,0.0,0.0,0.0,0.10097966421876846,0.0,0.0,0.0,0.0,0.0,0.10035839689910762,0.0,0.1018568233783821,0.0,0.0,0.0,0.0
2023-10-19,0.0,0.10700745444787006,0.0,0.0,0.0,0.0,0.0,0.0,0.10131144719222439,0.0,0.0,0.0,0.0,0.0,0.10033242737720577,0.0,0.10213157523737185,0.0,0.0,0.0,0.0
2023-10-20,0.0,0.10756192862704717,0.0,0.0,0.0,0.0,0.0,0.0,0.10214915689287536,0.0,0.0,0.0,0.0,0.0,0.10067197264203831,0.0,0.10348681731653984,0.0,0.0,0.0,0.0
2023-10-23,0.0,0.10766521656827534,0.0,0.0,0.0,0.0,0.0,0.0,0.10192918898839314,0.0,0.0,0.0,0.0,0.0,0.10001503638673433,0.0,0.10239893839016907,0.0,0.0,0.0,0.0
2023-10-24,0.0,0.1073920905511772,0.0,0.0,0.0,0.0,0.0,0.0,0.10232287297745153,0.0,0.0,0.0,0.0,0.0,0.10046593482117791,0.0,0.1012414272617428,0.0,0.0,0.0,0.0
2023-10-25,0.0,0.10696887483998284,0.0,0.0,0.0,0.0,0.0,0.0,0.10176963281161462,0.0,0.0,0.0,0.0,0.0,0.10129737142442174,0.0,0.10114666174234502,0.0,0.0,0.0,0.0
2023-10-26,0.0,0.10613410803007828,0.0,0.0,0.0,0.0,0.0,0.0,0.10267977782453168,0.0,0.0,0.0,0.0,0.0,0.10138186226394776,0.0,0.10174058428843104,0.0,0.0,0.0,0.0
2023-10-27,0.0,0.10549951568408356,0.0,0.0,0.0,0.0,0.0,0.0,0.10343568214923249,0.0,0.0,0.0,0.0,0.0,0.10067733724868579,0.0,0.10244308616138416,0.0,0.0,0.0,0.0
2023-10-30,0.0,0.10504083263639057,0.0,0.0,0.0,0.0,0.0,0.0,0.10369624016170069,0.0,0.0,0.0,0.0,0.0,0.10000927865446918,0.0,0.10148182229999861,0.0,0.0,0.0,0.0
2023-10-31,0.0,0.10334786344733511,0.0,0.0,0.0,0.0,0.0,0.0,0.10269731373913975,0.0,0.0,0.0,0.0,0.0,0.09980481988486567,0.0,0.100678203038457,0.0,0.0,0.0,0.0
2023-11-01,0.0,0.10000000000000002,0.0,0.0,0.0,0.0,0.0,0.0,0.10000000000000002,0.0,0.0,0.0,0.0,0.0,0.10000000000000002,0.0,0.10000000000000002,0.0,0.0,0.0,0.0
2023-11-02,0.0,0.09932991340746293,0.0,0.0,0.0,0.0,0.0,0.0,0.09971664411731626,0.0,0.0,0.0,0.0,0.0,0.09918272480874586,0.0,0.09884128468213568,0.0,0.0,0.0,0.0
2023-11-03,0.0,0.09929313877966767,0.0,0.0,0.0,0.0,0.0,0.0,0.10013954855138017,0.0,0.0,0.0,0.0,0.0,0.09888475805575127,0.0,0.09849990786927343,0.0,0.0,0.0,0.0
2023-11-06,0.0,0.09941638211735775,0.0,0.0,0.0,0.0,0.0,0.0,0.10080863227768586,0.0,0.0,0.0,0.0,0.0,0.09932537462120596,0.0,0.09758727362990212,0.0,0.0,0.0,0.0
2023-11-07,0.0,0.09915548965934166,0.0,0.0,0.0,0.0,0.0,0.0,0.10179326916067268,0.0,0.0,0.0,0.0,0.0,0.09916707720715365,0.0,0.09718106581217707,0.0,0.0,0.0,0.0
2023-11-08,0.0,0.09961425084293381,0.0,0.0,0.0,0.0,0.0,0.0,0.10010164684675352,0.0,0.0,0.0,0.0,0.0,0.09876365254738699,0.0,0.09573438250344193,0.0,0.0,0.0,0.0
2023-11-09,0.0,0.0999974694124328,0.0,0.0,0.0,0.0,0.0,0.0,0.09985431066087731,0.0,0.0,0.0,0.0,0.0,0.09870735159293342,0.0,0.09554901508455975,0.0,0.0,0.0,0.0
2023-11-10,0.0,0.09957202858232657,0.0,0.0,0.0,0.0,0.0,0.0,0.09864102326590729,0.0,0.0,0.0,0.0,0.0,0.09895266558542956,0.0,0.09665371142831469,0.0,0.0,0.0,0.0
2023-11-13,0.0,0.10028844207745927,0.0,0.0,0.0,0.0,0.0,0.0,0.09982493294003585,0.0,0.0,0.0,0.0,0.0,0.099883429220869,0.0,0.09632153363592301,0.0,0.0,0.0,0.0
2023-11-14,0.0,0.0996877626197369,0.0,0.0,0.0,0.0,0.0,0.0,0.09963529800487839,0.0,0.0,0.0,0.0,0.0,0.0991684269755185,0.0,0.09644895587318876,0.0,0.0,0.0,0.0
2023-11-15,0.0,0.09868986417986893,0.0,0.0,0.0,0.0,0.0,0.0,0.10150162532896703,0.0,0.0,0.0,0.0,0.0,0.09918086109011584,0.0,0.09712366030798758,0.0,0.0,0.0,0.0
2023-11-16,0.0,0.09883707354076678,0.0,0.0,0.0,0.0,0.0,0.0,0.10292521057184202,0.0,0.0,0.0,0.0,0.0,0.09796151160465483,0.0,0.0984441548938178,0.0,0.0,0.0,0.0
2023-11-17,0.0,0.09959914578416962,0.0,0.0,0.0,0.0,0.0,0.0,0.10323044944287653,0.0,0.0,0.0,0.0,0.0,0.09777970393610114,0.0,0.0987436956082812,0.0,0.0,0.0,0.0
2023-11-20,0.0,0.09946095846850385,0.0,0.0,0.0,0.0,0.0,0.0,0.1035739234924306,0.0,0.0,0.0,0.0,0.0,0.0975409505300759,0.0,0.09980303670708089,0.0,0.0,0.0,0.0
2023-11-21,0.0,0.09878977083762547,0.0,0.0,0.0,0.0,0.0,0.0,0.10343920150008404,0.0,0.0,0.0,0.0,0.0,0.09771180988421105,0.0,0.10033667944951907,0.0,0.0,0.0,0.0
2023-11-22,0.0,0.09883498304217453,0.0,0.0,0.0,0.0,0.0,0.0,0.10361211144459423,0.0,0.0,0.0,0.0,0.0,0.09735264329682397,0.0,0.10119203811619691,0.0,0.0,0.0,0.0
2023-11-24,0.0,0.09910681239737873,0.0,0.0,0.0,0.0,0.0,0.0,0.10401155854686946,0.0,0.0,0.0,0.0,0.0,0.09791329331629535,0.0,0.10147081975102595,0.0,0.0,0.0,0.0
2023-11-27,0.0,0.09777235946822375,0.0,0.0,0.0,0.0,0.0,0.0,0.10261687685343222,0.0,0.0,0.0,0.0,0.0,0.09845311600853272,0.0,0.10075575218811662,0.0,0.0,0.0,0.0
2023-11-28,0.0,0.09804065557103768,0.0,0.0,0.0,0.0,0.0,0.0,0.10306884359674266,0.0,0.0,0.0,0.0,0.0,0.0977993824167946,0.0,0.1018800713384339,0.0,0.0,0.0,0.0
2023-11-29,0.0,0.09792776131636727,0.0,0.0,0.0,0.0,0.0,0.0,0.10239660657719951,0.0,0.0,0.0,0.0,0.0,0.0972453985470739,0.0,0.10300527341405961,0.0,0.0,0.0,0.0
2023-11-30,0.0,0.09830673034820808,0.0,0.0,0.0,0.0,0.0,0.0,0.10372552891836084,0.0,0.0,0.0,0.0,0.0,0.0964440835518893,0.0,0.10283378716197451,0.0,0.0,0.0,0.0
2023-12-01,0.0,0.10000000000000002,0.0,0.0,0.0,0.0,0.0,0.0,0.10000000000000002,0.0,0.0,0.0,0.0,0.0,0.10000000000000002,0.0,0.10000000000000002,0.0,0.0,0.0,0.0
2023-12-04,0.0,0.10066666169798638,0.0,0.0,0.0,0.0,0.0,0.0,0.09925324108800873,0.0,0.0,0.0,0.0,0.0,0.09946280595725351,0.0,0.09986828936076575,0.0,0.0,0.0,0.0
2023-12-05,0.0,0.10172493869439293,0.0,0.0,0.0,0.0,0.0,0.0,0.09947622979432497,0.0,0.0,0.0,0.0,0.0,0.09893908607484575,0.0,0.09887749917336493,0.0,0.0,0.0,0.0
2023-12-06,0.0,0.10348612861597621,0.0,0.0,0.0,0.0,0.0,0.0,0.09929842128892022,0.0,0.0,0.0,0.0,0.0,0.09752480424819253,0.0,0.09806148991764094,0.0,0.0,0.0,0.0
2023-12-07,0.0,0.10360586784729123,0.0,0.0,0.0,0.0,0.0,0.0,0.09879447046334047,0.0,0.0,0.0,0.0,0.0,0.09705612711509726,0.0,0.09786301996174179,0.0,0.0,0.0,0.0
2023-12-08,0.0,0.10377500050532446,0.0,0.0,0.0,0.0,0.0,0.0,0.09795611500587799,0.0,0.0,0.0,0.0,0.0,0.09631491607010505,0.0,0.09784633603776256,0.0,0.0,0.0,0.0
2023-12-11,0.0,0.10414268729574816,0.0,0.0,0.0,0.0,0.0,0.0,0.09752634587868904,0.0,0.0,0.0,0.0,0.0,0.09499481311104734,0.0,0.0975356914120741,0.0,0.0,0.0,0.0
2023-12-12,0.0,0.10392456656996484,0.0,0.0,0.0,0.0,0.0,0.0,0.097308460685191,0.0,0.0,0.0,0.0,0.0,0.09529133657518822,0.0,0.09773129360823696,0.0,0.0,0.0,0.0
2023-12-13,0.0,0.10355158600420965,0.0,0.0,0.0,0.0,0.0,0.0,0.09673797264207025,0.0,0.0,0.0,0.0,0.0,0.09552518491656156,0.0,0.09722705979754234,0.0,0.0,0.0,0.0
2023-12-14,0.0,0.1033634551245526,0.0,0.0,0.0,0.0,0.0,0.0,0.09749534361272544,0.0,0.0,0.0,0.0,0.0,0.09604757219766147,0.0,0.09697022446958145,0.0,0.0,0.0,0.0
2023-12-15,0.0,0.1033301103851267,0.0,0.0,0.0,0.0,0.0,0.0,0.09672944639594076,0.0,0.0,0.0,0.0,0.0,0.09478271041585824,0.0,0.09696410279208367,0.0,0.0,0.0,0.0
2023-12-18,0.0,0.10271537965932585,0.0,0.0,0.0,0.0,0.0,0.0,0.09644609186028298,0.0,0.0,0.0,0.0,0.0,0.09456118395839314,0.0,0.0970538346239073,0.0,0.0,0.0,0.0
2023-12-19,0.0,0.10203643298430859,0.0,0.0,0.0,0.0,0.0,0.0,0.09663905608878773,0.0,0.0,0.0,0.0,0.0,0.09484277056471603,0.0,0.0962807578434117,0.0,0.0,0.0,0.0
2023-12-20,0.0,0.1027671521726185,0.0,0.0,0.0,0.0,0.0,0.0,0.09687066544216937,0.0,0.0,0.0,0.0,0.0,0.09515809634514397,0.0,0.09697110684536171,0.0,0.0,0.0,0.0
2023-12-21,0.0,0.10264010968202851,0.0,0.0,0.0,0.0,0.0,0.0,0.09860942498924566,0.0,0.0,0.0,0.0,0.0,0.0953483432369578,0.0,0.09652225245179999,0.0,0.0,0.0,0.0
2023-12-22,0.0,0.10129507969450906,0.0,0.0,0.0,0.0,0.0,0.0,0.09882174029791234,0.0,0.0,0.0,0.0,0.0,0.09509500709274595,0.0,0.09700359629806267,0.0,0.0,0.0,0.0
2023-12-26,0.0,0.10066121678778454,0.0,0.0,0.0,0.0,0.0,0.0,0.0983513080954448,0.0,0.0,0.0,0.0,0.0,0.09521351864903942,0.0,0.09735663247115613,0.0,0.0,0.0,0.0
2023-12-27,0.0,0.09928485787366854,0.0,0.0,0.0,0.0,0.0,0.0,0.09721986261763957,0.0,0.0,0.0,0.0,0.0,0.09423867236452073,0.0,0.09708244784717633,0.0,0.0,0.0,0.0
2023-12-28,0.0,0.09873494331491714,0.0,0.0,0.0,0.0,0.0,0.0,0.09664258972307091,0.0,0.0,0.0,0.0,0.0,0.09470367848342737,0.0,0.09726496267962774,0.0,0.0,0.0,0.0
2023-12-29,0.0,0.09968650434112786,0.0,0.0,0.0,0.0,0.0,0.0,0.09673926573510619,0.0,0.0,0.0,0.0,0.0,0.09578841035757323,0.0,0.09788328663530785,0.0,0.0,0.0,0.0
2024-01-02,0.0,0.10000000000000003,0.0,0.0,0.0,0.0,0.0,0.0,0.10000000000000003,0.0,0.0,0.0,0.0,0.0,0.10000000000000003,0.0,0.10000000000000003,0.0,0.0,0.0,0.0
2024-01-03,0.0,0.10066505843913076,0.0,0.0,0.0,0.0,0.0,0.0,0.09914675447316602,0.0,0.0,0.0,0.0,0.0,0.100448046030149,0.0,0.10050904518860282,0.0,0.0,0.0,0.0
2024-01-04,0.0,0.10144871267603922,0.0,0.0,0.0,0.0,0.0,0.0,0.09916675013618945,0.0,0.0,0.0,0.0,0.0,0.09969833309578592,0.0,0.1008469103564547,0.0,0.0,0.0,0.0
2024-01-05,0.0,0.1023646734260252,0.0,0.0,0.0,0.0,0.0,0.0,0.10011111045579732,0.0,0.0,0.0,0.0,0.0,0.09973407624534542,0.0,0.10107677876081973,0.0,0.0,0.0,0.0
2024-01-08,0.0,0.1022381011662834,0.0,0.0,0.0,0.0,0.0,0.0,0.09919228314176588,0.0,0.0,0.0,0.0,0.0,0.09823325750624613,0.0,0.10026712709293419,0.0,0.0,0.0,0.0
2024-01-09,0.0,0.10196226676842472,0.0,0.0,0.0,0.0,0.0,0.0,0.09924698478485579,0.0,0.0,0.0,0.0,0.0,0.09704095400753891,0.0,0.09856557213291481,0.0,0.0,0.0,0.0
2024-01-10,0.0,0.10295799922610553,0.0,0.0,0.0,0.0,0.0,0.0,0.09828173228719088,0.0,0.0,0.0,0.0,0.0,0.09631286755756968,0.0,0.09879233669434116,0.0,0.0,0.0,0.0
2024-01-11,0.0,0.10347331450485812,0.0,0.0,0.0,0.0,0.0,0.0,0.09788395478379586,0.0,0.0,0.0,0.0,0.0,0.09573036440051001,0.0,0.0977715406977091,0.0,0.0,0.0,0.0
2024-01-12,0.0,0.10424206537846036,0.0,0.0,0.0,0.0,0.0,0.0,0.09774871836832454,0.0,0.0,0.0,0.0,0.0,0.09660443685216259,0.0,0.09785489018813534,0.0,0.0,0.0,0.0
2024-01-16,0.0,0.10501454971348516,0.0,0.0,0.0,0.0,0.0,0.0,0.09780836578814851,0.0,0.0,0.0,0.0,0.0,0.09640763711447521,0.0,0.09711591876441804,0.0,0.0,0.0,0.0
2024-01-17,0.0,0.10294247465496241,0.0,0.0,0.0,0.0,0.0,0.0,0.09678291628027245,0.0,0.0,0.0,0.0,0.0,0.09570346499867399,0.0,0.0963150141351406,0.0,0.0,0.0,0.0
2024-01-18,0.0,0.10222825775952873,0.0,0.0,0.0,0.0,0.0,0.0,0.0977137436308259,0.0,0.0,0.0,0.0,0.0,0.09511799070328844,0.0,0.09540036417792862,0.0,0.0,0.0,0.0
2024-01-19,0.0,0.10129248278403512,0.0,0.0,0.0,0.0,0.0,0.0,0.09589943324576958,0.0,0.0,0.0,0.0,0.0,0.09307194963411716,0.0,0.09505999123687017,0.0,0.0,0.0,0.0
2024-01-22,0.0,0.10181362417677094,0.0,0.0,0.0,0.0,0.0,0.0,0.09638150113779662,0.0,0.0,0.0,0.0,0.0,0.0931730052833167,0.0,0.09500439594055318,0.0,0.0,0.0,0.0
2024-01-23,0.0,0.10284163529548863,0.0,0.0,0.0,0.0,0.0,0.0,0.09688701611141956,0.0,0.0,0.0,0.0,0.0,0.09162284264459539,0.0,0.09499237210596549,0.0,0.0,0.0,0.0
2024-01-24,0.0,0.10170242174773435,0.0,0.0,0.0,0.0,0.0,0.0,0.09700906629744878,0.0,0.0,0.0,0.0,0.0,0.09108504523056243,0.0,0.09571103000765517,0.0,0.0,0.0,0.0
2024-01-25,0.0,0.10277616977912835,0.0,0.0,0.0,0.0,0.0,0.0,0.09711691214025102,0.0,0.0,0.0,0.0,0.0,0.09110176461142502,0.0,0.09781925210292501,0.0,0.0,0.0,0.0
2024-01-26,0.0,0.10225561366672983,0.0,0.0,0.0,0.0,0.0,0.0,0.09867483994367975,0.0,0.0,0.0,0.0,0.0,0.09166770965644148,0.0,0.09846916046668241,0.0,0.0,0.0,0.0
2024-01-29,0.0,0.10121657808257338,0.0,0.0,0.0,0.0,0.0,0.0,0.10016387601413028,0.0,0.0,0.0,0.0,0.0,0.0916207160650245,0.0,0.09887924811012175,0.0,0.0,0.0,0.0
2024-01-30,0.0,0.10033208337441413,0.0,0.0,0.0,0.0,0.0,0.0,0.09930761601743957,0.0,0.0,0.0,0.0,0.0,0.09093916125531178,0.0,0.09837309161251824,0.0,0.0,0.0,0.0
2024-01-31,0.0,0.10020087550461182,0.0,0.0,0.0,0.0,0.0,0.0,0.0995077510338899,0.0,0.0,0.0,0.0,0.0,0.0919476163031568,0.0,0.09890798827319185,0.0,0.0,0.0,0.0
2024-02-01,0.0,0.10000000000000002,0.0,0.0,0.0,0.0,0.0,0.0,0.10000000000000002,0.0,0.0,0.0,0.0,0.0,0.10000000000000002,0.0,0.10000000000000002,0.0,0.0,0.0,0.0
2024-02-02,0.0,0.10079155791589482,0.0,0.0,0.0,0.0,0.0,0.0,0.09951620766136075,0.0,0.0,0.0,0.0,0.0,0.1003408981592709,0.0,0.09843985333570565,0.0,0.0,0.0,0.0
2024-02-05,0.0,0.10168189222546999,0.0,0.0,0.0,0.0,0.0,0.0,0.10024483319060698,0.0,0.0,0.0,0.0,0.0,0.10068057546666512,0.0,0.0973874285367046,0.0,0.0,0.0,0.0
2024-02-06,0.0,0.10200191103684988,0.0,0.0,0.0,0.0,0.0,0.0,0.0999946238197528,0.0,0.0,0.0,0.0,0.0,0.10014015253096764,0.0,0.09654708884352237,0.0,0.0,0.0,0.0
2024-02-07,0.0,0.1024830833697747,0.0,0.0,0.0,0.0,0.0,0.0,0.09964557822893885,0.0,0.0,0.0,0.0,0.0,0.10048862199476304,0.0,0.09821489330436221,0.0,0.0,0.0,0.0
2024-02-08,0.0,0.10205585663971886,0.0,0.0,0.0,0.0,0.0,0.0,0.0995763384764099,0.0,0.0,0.0,0.0,0.0,0.1003623432907573,0.0,0.09800851382410096,0.0,0.0,0.0,0.0
2024-02-09,0.0,0.10221532257609113,0.0,0.0,0.0,0.0,0.0,0.0,0.0999499474037637,0.0,0.0,0.0,0.0,0.0,0.10143154385128701,0.0,0.0979151362568173,0.0,0.0,0.0,0.0
2024-02-12,0.0,0.10291488380566313,0.0,0.0,0.0,0.0,0.0,0.0,0.09902535290519925,0.0,0.0,0.0,0.0,0.0,0.09914621158958509,0.0,0.09781525952189986,0.0,0.0,0.0,0.0
2024-02-13,0.0,0.10079285337001836,0.0,0.0,0.0,0.0,0.0,0.0,0.09849280286429574,0.0,0.0,0.0,0.0,0.0,0.09895937458586722,0.0,0.09799046897038598,0.0,0.0,0.0,0.0
2024-02-14,0.0,0.10066957788098872,0.0,0.0,0.0,0.0,0.0,0.0,0.09932131470584969,0.0,0.0,0.0,0.0,0.0,0.10052712711445587,0.0,0.09759832665530498,0.0,0.0,0.0,0.0
2024-02-15,0.0,0.10041851431557845,0.0,0.0,0.0,0.0,0.0,0.0,0.10018702164084205,0.0,0.0,0.0,0.0,0.0,0.10054886554694469,0.0,0.09767110567944504,0.0,0.0,0.0,0.0
2024-02-16,0.0,0.09990907196580702,0.0,0.0,0.0,0.0,0.0,0.0,0.10071709017322258,0.0,0.0,0.0,0.0,0.0,0.1010916624394837,0.0,0.09848386367288994,0.0,0.0,0.0,0.0
2024-02-20,0.0,0.09974598972521667,0.0,0.0,0.0,0.0,0.0,0.0,0.10128414641808957,0.0,0.0,0.0,0.0,0.0,0.09997777078399599,0.0,0.09994742017298452,0.0,0.0,0.0,0.0
2024-02-21,0.0,0.09965324430899092,0.0,0.0,0.0,0.0,0.0,0.0,0.10068912054862376,0.0,0.0,0.0,0.0,0.0,0.10046467554313275,0.0,0.0998870590085131,0.0,0.0,0.0,0.0
2024-02-22,0.0,0.09954341063078294,0.0,0.0,0.0,0.0,0.0,0.0,0.10074898365241315,0.0,0.0,0.0,0.0,0.0,0.10152118324656766,0.0,0.10141417631291946,0.0,0.0,0.0,0.0
2024-02-23,0.0,0.099483137433856,0.0,0.0,0.0,0.0,0.0,0.0,0.10107137646421212,0.0,0.0,0.0,0.0,0.0,0.10155599825950329,0.0,0.10101958816021235,0.0,0.0,0.0,0.0
2024-02-26,0.0,0.09926874973294067,0.0,0.0,0.0,0.0,0.0,0.0,0.0994434374130584,0.0,0.0,0.0,0.0,0.0,0.10042152989200445,0.0,0.10200683298631341,0.0,0.0,0.0,0.0
2024-02-27,0.0,0.09885587998156124,0.0,0.0,0.0,0.0,0.0,0.0,0.09933912743197426,0.0,0.0,0.0,0.0,0.0,0.1004821362406322,0.0,0.10132594219258648,0.0,0.0,0.0,0.0
2024-02-28,0.0,0.09875587184021635,0.0,0.0,0.0,0.0,0.0,0.0,0.09989620506748705,0.0,0.0,0.0,0.0,0.0,0.09996967208353658,0.0,0.10199990163822159,0.0,0.0,0.0,0.0
2024-02-29,0.0,0.0988532165988653,0.0,0.0,0.0,0.0,0.0,0.0,0.10008362755190095,0.0,0.0,0.0,0.0,0.0,0.09936544801245518,0.0,0.10242340108527206,0.0,0.0,0.0,0.0
2024-03-01,0.0,0.1,0.0,0.0,0.0,0.0,0.0,0.0,0.1,0.1,0.0,0.0,0.0,0.0,0.0,0.0,0.1,0.0,0.0,0.0,0.0
2024-03-04,0.0,0.09873449983981523,0.0,0.0,0.0,0.0,0.0,0.0,0.0999976476741321,0.0982377420984234,0.0,0.0,0.0,0.0,0.0,0.0,0.10090875327736865,0.0,0.0,0.0,0.0
2024-03-05,0.0,0.09892228138504697,0.0,0.0,0.0,0.0,0.0,0.0,0.09942786528143471,0.09839416258342229,0.0,0.0,0.0,0.0,0.0,0.0,0.10003636338368706,0.0,0.0,0.0,0.0
2024-03-06,0.0,0.0987518292749803,0.0,0.0,0.0,0.0,0.0,0.0,0.09874876315472783,0.09728882390087323,0.0,0.0,0.0,0.0,0.0,0.0,0.09994462598900092,0.0,0.0,0.0,0.0
2024-03-07,0.0,0.09885452155319957,0.0,0.0,0.0,0.0,0.0,0.0,0.097917176731857,0.09742417779267845,0.0,0.0,0.0,0.0,0.0,0.0,0.10065346484344263,0.0,0.0,0.0,0.0
2024-03-08,0.0,0.0989605616581119,0.0,0.0,0.0,0.0,0.0,0.0,0.09851139679530725,0.09675153187223216,0.0,0.0,0.0,0.0,0.0,0.0,0.10041468939498607,0.0,0.0,0.0,0.0
2024-03-11,0.0,0.09939588321236871,0.0,0.0,0.0,0.0,0.0,0.0,0.09884426222942996,0.09568126543208337,0.0,0.0,0.0,0.0,0.0,0.0,0.10060603446832024,0.0,0.0,0.0,0.0
2024-03-12,0.0,0.09894843651228287,0.0,0.0,0.0,0.0,0.0,0.0,0.09885902894823635,0.09773179216627054,0.0,0.0,0.0,0.0,0.0,0.0,0.10011142455014607,0.0,0.0,0.0,0.0
2024-03-13,0.0,0.09903715485186908,0.0,0.0,0.0,0.0,0.0,0.0,0.09895131832008759,0.09806059691318261,0.0,0.0,0.0,0.0,0.0,0.0,0.1002890260523535,0.0,0.0,0.0,0.0
2024-03-14,0.0,0.09831077615177769,0.0,0.0,0.0,0.0,0.0,0.0,0.0987827630231077,0.09805149639580515,0.0,0.0,0.0,0.0,0.0,0.0,0.09992896577375797,0.0,0.0,0.0,0.0
2024-03-15,0.0,0.09766431085724239,0.0,0.0,0.0,0.0,0.0,0.0,0.09831693948097432,0.09840458521363116,0.0,0.0,0.0,0.0,0.0,0.0,0.10041339554993997,0.0,0.0,0.0,0.0
2024-03-18,0.0,0.09836266187975655,0.0,0.0,0.0,0.0,0.0,0.0,0.09835791461524812,0.09880820261575601,0.0,0.0,0.0,0.0,0.0,0.0,0.10077066036534728,0.0,0.0,0.0,0.0
2024-03-19,0.0,0.09878610255962768,0.0,0.0,0.0,0.0,0.0,0.0,0.09848575380637267,0.09899300558353427,0.0,0.0,0.0,0.0,0.0,0.0,0.10101862821242666,0.0,0.0,0.0,0.0
2024-03-20,0.0,0.09770370223435527,0.0,0.0,0.0,0.0,0.0,0.0,0.09976625395829576,0.09777981154171149,0.0,0.0,0.0,0.0,0.0,0.0,0.09995636560401909,0.0,0.0,0.0,0.0
2024-03-21,0.0,0.09709791677806726,0.0,0.0,0.0,0.0,0.0,0.0,0.09888762196934994,0.09785565725175903,0.0,0.0,0.0,0.0,0.0,0.0,0.10004270853274047,0.0,0.0,0.0,0.0
2024-03-22,0.0,0.09682216155265237,0.0,0.0,0.0,0.0,0.0,0.0,0.09911086140715834,0.09742894329394307,0.0,0.0,0.0,0.0,0.0,0.0,0.09982616220638103,0.0,0.0,0.0,0.0
2024-03-25,0.0,0.0969944917558127,0.0,0.0,0.0,0.0,0.0,0.0,0.09925712153383527,0.09657061165842418,0.0,0.0,0.0,0.0,0.0,0.0,0.09787763851165782,0.0,0.0,0.0,0.0
2024-03-26,0.0,0.09596296708498794,0.0,0.0,0.0,0.0,0.0,0.0,0.09919581681071823,0.09676657034427373,0.0,0.0,0.0,0.0,0.0,0.0,0.09836083367559663,0.0,0.0,0.0,0.0
2024-03-27,0.0,0.09533516505463471,0.0,0.0,0.0,0.0,0.0,0.0,0.09894770728466921,0.0959923856599407,0.0,0.0,0.0,0.0,0.0,0.0,0.099711611917082,0.0,0.0,0.0,0.0
2024-03-28,0.0,0.09493769656954704,0.0,0.0,0.0,0.0,0.0,0.0,0.09838660158510049,0.09588368210010417,0.0,0.0,0.0,0.0,0.0,0.0,0.10005139747754295,0.0,0.0,0.0,0.0
2024-04-01,0.0,0.1,0.0,0.0,0.0,0.0,0.0,0.1,0.0,0.0,0.0,0.1,0.0,0.0,0.0,0.0,0.0,0.1,0.0,0.0,0.0
2024-04-02,0.0,0.09975972383123141,0.0,0.0,0.0,0.0,0.0,0.09920153276423213,0.0,0.0,0.0,0.0995327971666619,0.0,0.0,0.0,0.0,0.0,0.10039032376661629,0.0,0.0,0.0
2024-04-03,0.0,0.10005970374479375,0.0,0.0,0.0,0.0,0.0,0.09911640411340528,0.0,0.0,0.0,0.09894366909798566,0.0,0.0,0.0,0.0,0.0,0.10085152860776914,0.0,0.0,0.0
2024-04-04,0.0,0.10019025744634949,0.0,0.0,0.0,0.0,0.0,0.09991058696247575,0.0,0.0,0.0,0.09889866832255816,0.0,0.0,0.0,0.0,0.0,0.10095305817853782,0.0,0.0,0.0
2024-04-05,0.0,0.09962391301374994,0.0,0.0,0.0,0.0,0.0,0.09981529053592136,0.0,0.0,0.0,0.09815059408614801,0.0,0.0,0.0,0.0,0.0,0.10031947218883393,0.0,0.0,0.0
2024-04-08,0.0,0.0989001027558726,0.0,0.0,0.0,0.0,0.0,0.0994371811409071,0.0,0.0,0.0,0.09757487294917003,0.0,0.0,0.0,0.0,0.0,0.10062375861743877,0.0,0.0,0.0
2024-04-09,0.0,0.09957353988961136,0.0,0.0,0.0,0.0,0.0,0.09888226111751881,0.0,0.0,0.0,0.09732031521275325,0.0,0.0,0.0,0.0,0.0,0.10038345308437172,0.0,0.0,0.0
2024-04-10,0.0,0.10033600683331245,0.0,0.0,0.0,0.0,0.0,0.09867648839042402,0.0,0.0,0.0,0.09701684505938832,0.0,0.0,0.0,0.0,0.0,0.10025322421562786,0.0,0.0,0.0
2024-04-11,0.0,0.09913916084336899,0.0,0.0,0.0,0.0,0.0,0.0981406272368501,0.0,0.0,0.0,0.09745923956882649,0.0,0.0,0.0,0.0,0.0,0.09853765817281038,0.0,0.0,0.0
2024-04-12,0.0,0.0992692916727262,0.0,0.0,0.0,0.0,0.0,0.09872444395079998,0.0,0.0,0.0,0.09766765756527222,0.0,0.0,0.0,0.0,0.0,0.09821609357567458,0.0,0.0,0.0
2024-04-15,0.0,0.1000414946661035,0.0,0.0,0.0,0.0,0.0,0.09937222674491367,0.0,0.0,0.0,0.09718151424307366,0.0,0.0,0.0,0.0,0.0,0.09828511810688575,0.0,0.0,0.0
2024-04-16,0.0,0.10099482606961262,0.0,0.0,0.0,0.0,0.0,0.10031315300057296,0.0,0.0,0.0,0.0970643197741828,0.0,0.0,0.0,0.0,0.0,0.09755302639438461,0.0,0.0,0.0
2024-04-17,0.0,0.1017129164870549,0.0,0.0,0.0,0.0,0.0,0.09999664290909142,0.0,0.0,0.0,0.09825312204750912,0.0,0.0,0.0,0.0,0.0,0.09690899612139021,0.0,0.0,0.0
2024-04-18,0.0,0.10214881118404623,0.0,0.0,0.0,0.0,0.0,0.09970085301373523,0.0,0.0,0.0,0.09849830469793668,0.0,0.0,0.0,0.0,0.0,0.09675433664319395,0.0,0.0,0.0
2024-04-19,0.0,0.1019442407759567,0.0,0.0,0.0,0.0,0.0,0.09874350249219385,0.0,0.0,0.0,0.09836457913053559,0.0,0.0,0.0,0.0,0.0,0.09633243991073374,0.0,0.0,0.0
2024-04-22,0.0,0.1010340389894286,0.0,0.0,0.0,0.0,0.0,0.09837198253996679,0.0,0.0,0.0,0.09750670977272695,0.0,0.0,0.0,0.0,0.0,0.0961983715582266,0.0,0.0,0.0
2024-04-23,0.0,0.09999595228284054,0.0,0.0,0.0,0.0,0.0,0.09854038485643452,0.0,0.0,0.0,0.09601007606990473,0.0,0.0,0.0,0.0,0.0,0.09585686167519292,0.0,0.0,0.0
2024-04-24,0.0,0.10018234050434617,0.0,0.0,0.0,0.0,0.0,0.09810623035863285,0.0,0.0,0.0,0.09578768652234791,0.0,0.0,0.0,0.0,0.0,0.09785378520504787,0.0,0.0,0.0
2024-04-25,0.0,0.09923142615243351,0.0,0.0,0.0,0.0,0.0,0.09844943336684402,0.0,0.0,0.0,0.09511194817517793,0.0,0.0,0.0,0.0,0.0,0.09730519784960545,0.0,0.0,0.0
2024-04-26,0.0,0.0998848384776997,0.0,0.0,0.0,0.0,0.0,0.09921839044939697,0.0,0.0,0.0,0.0939175396819012,0.0,0.0,0.0,0.0,0.0,0.09697472824720671,0.0,0.0,0.0
2024-04-29,0.0,0.1001025113352034,0.0,0.0,0.0,0.0,0.0,0.09833807355553534,0.0,0.0,0.0,0.09324639624526158,0.0,0.0,0.0,0.0,0.0,0.0960757439925804,0.0,0.0,0.0
2024-04-30,0.0,0.09945425262638924,0.0,0.0,0.0,0.0,0.0,0.09823494106029759,0.0,0.0,0.0,0.09306806385315985,0.0,0.0,0.0,0.0,0.0,0.09486920190721071,0.0,0.0,0.0
2024-05-01,0.10000000000000003,0.10000000000000003,0.0,0.0,0.10000000000000003,0.0,0.0,0.10000000000000003,0.0,0.0,0.0,0.0,0.0,0.0,0.0,0.0,0.0,0.0,0.0,0.0,0.0
2024-05-02,0.09971501797504127,0.09982202118940674,0.0,0.0,0.10025037055182627,0.0,0.0,0.09982732779410611,0.0,0.0,0.0,0.0,0.0,0.0,0.0,0.0,0.0,0.0,0.0,0.0,0.0
2024-05-03,0.10016161371226001,0.10020901558441087,0.0,0.0,0.10099999674654468,0.0,0.0,0.10026092581765385,0.0,0.0,0.0,0.0,0.0,0.0,0.0,0.0,0.0,0.0,0.0,0.0,0.0
2024-05-06,0.09955719547163773,0.09981779877430129,0.0,0.0,0.10096228293587647,0.0,0.0,0.0995671016812663,0.0,0.0,0.0,0.0,0.0,0.0,0.0,0.0,0.0,0.0,0.0,0.0,0.0
2024-05-07,0.1006079340685327,0.09974553532715925,0.0,0.0,0.10050196760226568,0.0,0.0,0.10001189640751605,0.0,0.0,0.0,0.0,0.0,0.0,0.0,0.0,0.0,0.0,0.0,0.0,0.0
2024-05-08,0.10119862311578573,0.09974210661155025,0.0,0.0,0.10015580594222354,0.0,0.0,0.10041076963606754,0.0,0.0,0.0,0.0,0.0,0.0,0.0,0.0,0.0,0.0,0.0,0.0,0.0
2024-05-09,0.10186833036441574,0.10086382508088518,0.0,0.0,0.09981945296825462,0.0,0.0,0.10017228942121457,0.0,0.0,0.0,0.0,0.0,0.0,0.0,0.0,0.0,0.0,0.0,0.0,0.0
2024-05-10,0.10207229714314049,0.10016356913632193,0.0,0.0,0.09923794496615648,0.0,0.0,0.09924051324159677,0.0,0.0,0.0,0.0,0.0,0.0,0.0,0.0,0.0,0.0,0.0,0.0,0.0
2024-05-13,0.1016120972490692,0.09849459704032017,0.0,0.0,0.10022787930497194,0.0,0.0,0.09974545475205647,0.0,0.0,0.0,0.0,0.0,0.0,0.0,0.0,0.0,0.0,0.0,0.0,0.0
2024-05-14,0.10180660271228208,0.0983370110341931,0.0,0.0,0.10009285260737608,0.0,0.0,0.10012951164776854,0.0,0.0,0.0,0.0,0.0,0.0,0.0,0.0,0.0,0.0,0.0,0.0,0.0
2024-05-15,0.10177918389588189,0.09858635801516873,0.0,0.0,0.10131384906856618,0.0,0.0,0.1012021086165398,0.0,0.0,0.0,0.0,0.0,0.0,0.0,0.0,0.0,0.0,0.0,0.0,0.0
2024-05-16,0.10011290091651347,0.09830102618870072,0.0,0.0,0.10066631475936304,0.0,0.0,0.101084868714215,0.0,0.0,0.0,0.0,0.0,0.0,0.0,0.0,0.0,0.0,0.0,0.0,0.0
2024-05-17,0.10028802987278987,0.09903711654237915,0.0,0.0,0.10172252828613798,0.0,0.0,0.10069336745701782,0.0,0.0,0.0,0.0,0.0,0.0,0.0,0.0,0.0,0.0,0.0,0.0,0.0
2024-05-20,0.10151889764710444,0.09983211175733614,0.0,0.0,0.10164198901742594,0.0,0.0,0.10097273946956828,0.0,0.0,0.0,0.0,0.0,0.0,0.0,0.0,0.0,0.0,0.0,0.0,0.0
2024-05-21,0.10123347061379734,0.10009805202909675,0.0,0.0,0.10175243703197025,0.0,0.0,0.10139083483282454,0.0,0.0,0.0,0.0,0.0,0.0,0.0,0.0,0.0,0.0,0.0,0.0,0.0
2024-05-22,0.10153753745131512,0.10013219927224934,0.0,0.0,0.10116232035278963,0.0,0.0,0.10201790873661958,0.0,0.0,0.0,0.0,0.0,0.0,0.0,0.0,0.0,0.0,0.0,0.0,0.0
2024-05-23,0.10123280503919706,0.10079173145694756,0.0,0.0,0.10055977553093795,0.0,0.0,0.10228258391087218,0.0,0.0,0.0,0.0,0.0,0.0,0.0,0.0,0.0,0.0,0.0,0.0,0.0
2024-05-24,0.10129619177057617,0.10020664181057565,0.0,0.0,0.101333896481829,0.0,0.0,0.10180852573817152,0.0,0.0,0.0,0.0,0.0,0.0,0.0,0.0,0.0,0.0,0.0,0.0,0.0
2024-05-28,0.10088689747757494,0.10014309184854449,0.0,0.0,0.10170514913286023,0.0,0.0,0.10272588399391884,0.0,0.0,0.0,0.0,0.0,0.0,0.0,0.0,0.0,0.0,0.0,0.0,0.0
2024-05-29,0.1002024225685677,0.09931927121650316,0.0,0.0,0.10237748812721814,0.0,0.0,0.10313791248531608,0.0,0.0,0.0,0.0,0.0,0.0,0.0,0.0,0.0,0.0,0.0,0.0,0.0
2024-05-30,0.10082559577058775,0.10019172957371027,0.0,0.0,0.10131912449037214,0.0,0.0,0.10329838948956101,0.0,0.0,0.0,0.0,0.0,0.0,0.0,0.0,0.0,0.0,0.0,0.0,0.0
2024-05-31,0.10073655303567225,0.1004230037698232,0.0,0.0,0.10173887151248137,0.0,0.0,0.10331954187315091,0.0,0.0,0.0,0.0,0.0,0.0,0.0,0.0,0.0,0.0,0.0,0.0,0.0
2024-06-03,0.10000000000000003,0.10000000000000003,0.0,0.0,0.10000000000000003,0.0,0.0,0.10000000000000003,0.0,0.0,0.0,0.0,0.0,0.0,0.0,0.0,0.0,0.0,0.0,0.0,0.0
2024-06-04,0.10044457123068538,0.1003319194881343,0.0,0.0,0.0994750307013412,0.0,0.0,0.09912862089736353,0.0,0.0,0.0,0.0,0.0,0.0,0.0,0.0,0.0,0.0,0.0,0.0,0.0
2024-06-05,0.10077805493211418,0.1016667634838035,0.0,0.0,0.10061108741194383,0.0,0.0,0.10026247453908532,0.0,0.0,0.0,0.0,0.0,0.0,0.0,0.0,0.0,0.0,0.0,0.0,0.0
2024-06-06,0.10085019056559671,0.10068585525831854,0.0,0.0,0.09997856167709131,0.0,0.0,0.10062484286441334,0.0,0.0,0.0,0.0,0.0,0.0,0.0,0.0,0.0,0.0,0.0,0.0,0.0
2024-06-07,0.10138437389135597,0.10039873148028264,0.0,0.0,0.10010441370816109,0.0,0.0,0.10086876482636437,0.0,0.0,0.0,0.0,0.0,0.0,0.0,0.0,0.0,0.0,0.0,0.0,0.0
2024-06-10,0.10158639468067397,0.09962710610994206,0.0,0.0,0.10029735020656792,0.0,0.0,0.10061498906094438,0.0,0.0,0.0,0.0,0.0,0.0,0.0,0.0,0.0,0.0,0.0,0.0,0.0
2024-06-11,0.10250370652509486,0.09993435319227668,0.0,0.0,0.10098101965916782,0.0,0.0,0.10026858594140531,0.0,0.0,0.0,0.0,0.0,0.0,0.0,0.0,0.0,0.0,0.0,0.0,0.0
2024-06-12,0.1019898269084173,0.0996393708320255,0.0,0.0,0.10197389777019612,0.0,0.0,0.10056927826658393,0.0,0.0,0.0,0.0,0.0,0.0,0.0,0.0,0.0,0.0,0.0,0.0,0.0
2024-06-13,0.10230671075250498,0.09972130769096844,0.0,0.0,0.10153216285030227,0.0,0.0,0.10083402118907323,0.0,0.0,0.0,0.0,0.0,0.0,0.0,0.0,0.0,0.0,0.0,0.0,0.0
2024-06-14,0.1024949767262972,0.09909480866466928,0.0,0.0,0.10290406336544161,0.0,0.0,0.10206095524295743,0.0,0.0,0.0,0.0,0.0,0.0,0.0,0.0,0.0,0.0,0.0,0.0,0.0
2024-06-17,0.10165479723686877,0.09923137201115732,0.0,0.0,0.10434538054635703,0.0,0.0,0.10152937837447688,0.0,0.0,0.0,0.0,0.0,0.0,0.0,0.0,0.0,0.0,0.0,0.0,0.0
2024-06-18,0.10194710107280476,0.09957382274916245,0.0,0.0,0.10457057971275831,0.0,0.0,0.10168743106393065,0.0,0.0,0.0,0.0,0.0,0.0,0.0,0.0,0.0,0.0,0.0,0.0,0.0
2024-06-20,0.10220989345918399,0.09866757920983452,0.0,0.0,0.10262679762694323,0.0,0.0,0.1005619459936846,0.0,0.0,0.0,0.0,0.0,0.0,0.0,0.0,0.0,0.0,0.0,0.0,0.0
2024-06-21,0.10286402078039124,0.09927251141358465,0.0,0.0,0.10212412684005315,0.0,0.0,0.1023251246586499,0.0,0.0,0.0,0.0,0.0,0.0,0.0,0.0,0.0,0.0,0.0,0.0,0.0
2024-06-24,0.1021235689484638,0.10001312065304128,0.0,0.0,0.10202110713166365,0.0,0.0,0.10241679430169548,0.0,0.0,0.0,0.0,0.0,0.0,0.0,0.0,0.0,0.0,0.0,0.0,0.0
2024-06-25,0.10134244961585948,0.10082393127305155,0.0,0.0,0.10378283962619339,0.0,0.0,0.10235381005763977,0.0,0.0,0.0,0.0,0.0,0.0,0.0,0.0,0.0,0.0,0.0,0.0,0.0
2024-06-26,0.10211347417573956,0.10080406999783995,0.0,0.0,0.1033722194628491,0.0,0.0,0.10043471555476309,0.0,0.0,0.0,0.0,0.0,0.0,0.0,0.0,0.0,0.0,0.0,0.0,0.0
2024-06-27,0.10190774454505426,0.10049454879438652,0.0,0.0,0.10278149846102336,0.0,0.0,0.09965329622830078,0.0,0.0,0.0,0.0,0.0,0.0,0.0,0.0,0.0,0.0,0.0,0.0,0.0
2024-06-28,0.10160209946222892,0.10024974354952186,0.0,0.0,0.10244588188102884,0.0,0.0,0.10017476924977704,0.0,0.0,0.0,0.0,0.0,0.0,0.0,0.0,0.0,0.0,0.0,0.0,0.0
2024-07-01,0.1,0.1,0.0,0.0,0.0,0.0,0.0,0.1,0.0,0.0,0.0,0.1,0.0,0.0,0.0,0.0,0.0,0.0,0.0,0.0,0.0
2024-07-02,0.09924937602625263,0.09986899656206406,0.0,0.0,0.0,0.0,0.0,0.09982831693508733,0.0,0.0,0.0,0.10036047853821724,0.0,0.0,0.0,0.0,0.0,0.0,0.0,0.0,0.0
2024-07-03,0.10054908228657873,0.10019863210803774,0.0,0.0,0.0,0.0,0.0,0.09972913178186925,0.0,0.0,0.0,0.10063013720627695,0.0,0.0,0.0,0.0,0.0,0.0,0.0,0.0,0.0
2024-07-05,0.09977176691273358,0.09914687503151771,0.0,0.0,0.0,0.0,0.0,0.10053857684674647,0.0,0.0,0.0,0.09873805155504031,0.0,0.0,0.0,0.0,0.0,0.0,0.0,0.0,0.0
2024-07-08,0.1007410944585598,0.09923248919567029,0.0,0.0,0.0,0.0,0.0,0.10244566045423004,0.0,0.0,0.0,0.09898607856896699,0.0,0.0,0.0,0.0,0.0,0.0,0.0,0.0,0.0
2024-07-09,0.10084440657181976,0.09862738086139029,0.0,0.0,0.0,0.0,0.0,0.10333860810627357,0.0,0.0,0.0,0.09828825656895132,0.0,0.0,0.0,0.0,0.0,0.0,0.0,0.0,0.0
2024-07-10,0.10168466697035423,0.09731684635038924,0.0,0.0,0.0,0.0,0.0,0.10429344721092733,0.0,0.0,0.0,0.09818257121874786,0.0,0.0,0.0,0.0,0.0,0.0,0.0,0.0,0.0
2024-07-11,0.1011935758867359,0.09723076041080962,0.0,0.0,0.0,0.0,0.0,0.10489726928318806,0.0,0.0,0.0,0.09724830062198386,0.0,0.0,0.0,0.0,0.0,0.0,0.0,0.0,0.0
2024-07-12,0.10188274093185631,0.09699118701240955,0.0,0.0,0.0,0.0,0.0,0.10660919780403251,0.0,0.0,0.0,0.09632517993781321,0.0,0.0,0.0,0.0,0.0,0.0,0.0,0.0,0.0
2024-07-15,0.1016771946336687,0.09573221601402217,0.0,0.0,0.0,0.0,0.0,0.10562727526520872,0.0,0.0,0.0,0.09493323463320966,0.0,0.0,0.0,0.0,0.0,0.0,0.0,0.0,0.0
2024-07-16,0.10251028725496518,0.09536579247837745,0.0,0.0,0.0,0.0,0.0,0.10538238973843661,0.0,0.0,0.0,0.09465503943659674,0.0,0.0,0.0,0.0,0.0,0.0,0.0,0.0,0.0
2024-07-17,0.10199040982182911,0.09493232041181057,0.0,0.0,0.0,0.0,0.0,0.10594462596487936,0.0,0.0,0.0,0.09459571014910294,0.0,0.0,0.0,0.0,0.0,0.0,0.0,0.0,0.0
2024-07-18,0.10178942939028134,0.09581284926587737,0.0,0.0,0.0,0.0,0.0,0.10519381063262627,0.0,0.0,0.0,0.09511641245271768,0.0,0.0,0.0,0.0,0.0,0.0,0.0,0.0,0.0
2024-07-19,0.10293492348496082,0.095338529511223,0.0,0.0,0.0,0.0,0.0,0.1042131671757517,0.0,0.0,0.0,0.09637232601842219,0.0,0.0,0.0,0.0,0.0,0.0,0.0,0.0,0.0
2024-07-22,0.10288637070412213,0.09575460298502333,0.0,0.0,0.0,0.0,0.0,0.10409206823381743,0.0,0.0,0.0,0.0965931719448353,0.0,0.0,0.0,0.0,0.0,0.0,0.0,0.0,0.0
2024-07-23,0.10280760159982032,0.09639677375097065,0.0,0.0,0.0,0.0,0.0,0.1039134862309307,0.0,0.0,0.0,0.09614839985814805,0.0,0.0,0.0,0.0,0.0,0.0,0.0,0.0,0.0
2024-07-24,0.10284844946532314,0.09519834387334973,0.0,0.0,0.0,0.0,0.0,0.10249457329658125,0.0,0.0,0.0,0.09626768812913819,0.0,0.0,0.0,0.0,0.0,0.0,0.0,0.0,0.0
2024-07-25,0.10293453223465816,0.09632132399344426,0.0,0.0,0.0,0.0,0.0,0.10126243226134776,0.0,0.0,0.0,0.0958372798478926,0.0,0.0,0.0,0.0,0.0,0.0,0.0,0.0,0.0
2024-07-26,0.1030220826590548,0.09833424000152576,0.0,0.0,0.0,0.0,0.0,0.10121230945533012,0.0,0.0,0.0,0.09581643666656024,0.0,0.0,0.0,0.0,0.0,0.0,0.0,0.0,0.0
2024-07-29,0.10369458830871825,0.09689409659869415,0.0,0.0,0.0,0.0,0.0,0.10080141644712773,0.0,0.0,0.0,0.09626709266797497,0.0,0.0,0.0,0.0,0.0,0.0,0.0,0.0,0.0
2024-07-30,0.10333645054511398,0.09660782218893248,0.0,0.0,0.0,0.0,0.0,0.10132186691731362,0.0,0.0,0.0,0.09652239798955897,0.0,0.0,0.0,0.0,0.0,0.0,0.0,0.0,0.0
2024-07-31,0.10242853287892974,0.09634470609096693,0.0,0.0,0.0,0.0,0.0,0.10156236966777406,0.0,0.0,0.0,0.09531485153282926,0.0,0.0,0.0,0.0,0.0,0.0,0.0,0.0,0.0
2024-08-01,0.1,0.1,0.0,0.0,0.0,0.0,0.1,0.1,0.0,0.0,0.0,0.0,0.0,0.0,0.0,0.0,0.0,0.0,0.0,0.0,0.0
2024-08-02,0.09946775762473907,0.09994533233975232,0.0,0.0,0.0,0.0,0.09996039645297336,0.10056553603841477,0.0,0.0,0.0,0.0,0.0,0.0,0.0,0.0,0.0,0.0,0.0,0.0,0.0
2024-08-05,0.09765684578761548,0.09991376329158244,0.0,0.0,0.0,0.0,0.10029384960178553,0.09981406540380192,0.0,0.0,0.0,0.0,0.0,0.0,0.0,0.0,0.0,0.0,0.0,0.0,0.0
2024-08-06,0.0979153539836109,0.10000424184962337,0.0,0.0,0.0,0.0,0.10066086392212502,0.10067150306795374,0.0,0.0,0.0,0.0,0.0,0.0,0.0,0.0,0.0,0.0,0.0,0.0,0.0
2024-08-07,0.09843412060351091,0.09955384943887069,0.0,0.0,0.0,0.0,0.09945163251683437,0.10117966276027587,0.0,0.0,0.0,0.0,0.0,0.0,0.0,0.0,0.0,0.0,0.0,0.0,0.0
2024-08-08,0.09965694825485301,0.10030581936435583,0.0,0.0,0.0,0.0,0.09961576140043615,0.10184083731055314,0.0,0.0,0.0,0.0,0.0,0.0,0.0,0.0,0.0,0.0,0.0,0.0,0.0
2024-08-09,0.09978289176280002,0.10039567676686974,0.0,0.0,0.0,0.0,0.09887236986693683,0.10035939112052364,0.0,0.0,0.0,0.0,0.0,0.0,0.0,0.0,0.0,0.0,0.0,0.0,0.0
2024-08-12,0.09855344563306694,0.09968585694280226,0.0,0.0,0.0,0.0,0.09930043170998995,0.10084921766968122,0.0,0.0,0.0,0.0,0.0,0.0,0.0,0.0,0.0,0.0,0.0,0.0,0.0
2024-08-13,0.0985834326956014,0.09951723244997365,0.0,0.0,0.0,0.0,0.09954484797625847,0.10095027130535411,0.0,0.0,0.0,0.0,0.0,0.0,0.0,0.0,0.0,0.0,0.0,0.0,0.0
2024-08-14,0.10003057944793127,0.10099139926681495,0.0,0.0,0.0,0.0,0.09974476512992007,0.10131281881910717,0.0,0.0,0.0,0.0,0.0,0.0,0.0,0.0,0.0,0.0,0.0,0.0,0.0
2024-08-15,0.09927418911475075,0.10051493111436312,0.0,0.0,0.0,0.0,0.09878806667487552,0.10134822657615047,0.0,0.0,0.0,0.0,0.0,0.0,0.0,0.0,0.0,0.0,0.0,0.0,0.0
2024-08-16,0.0998425345996846,0.10056390010280096,0.0,0.0,0.0,0.0,0.09893546241231552,0.10052987030457848,0.0,0.0,0.0,0.0,0.0,0.0,0.0,0.0,0.0,0.0,0.0,0.0,0.0
2024-08-19,0.09940142837462752,0.10032320385780243,0.0,0.0,0.0,0.0,0.09923056370030775,0.10075115138225657,0.0,0.0,0.0,0.0,0.0,0.0,0.0,0.0,0.0,0.0,0.0,0.0,0.0
2024-08-20,0.09939925856902852,0.10064922125061537,0.0,0.0,0.0,0.0,0.10018607353928609,0.10082751401927198,0.0,0.0,0.0,0.0,0.0,0.0,0.0,0.0,0.0,0.0,0.0,0.0,0.0
2024-08-21,0.09862049372255048,0.10155652197563461,0.0,0.0,0.0,0.0,0.10001772175384176,0.10062233693385088,0.0,0.0,0.0,0.0,0.0,0.0,0.0,0.0,0.0,0.0,0.0,0.0,0.0
2024-08-22,0.098952032237145,0.1019110037314798,0.0,0.0,0.0,0.0,0.09938916033305978,0.10066866887524158,0.0,0.0,0.0,0.0,0.0,0.0,0.0,0.0,0.0,0.0,0.0,0.0,0.0
2024-08-23,0.09856146159148212,0.10032332687114995,0.0,0.0,0.0,0.0,0.09994417372591323,0.09971300685460364,0.0,0.0,0.0,0.0,0.0,0.0,0.0,0.0,0.0,0.0,0.0,0.0,0.0
2024-08-26,0.09840136868475273,0.09950274105593389,0.0,0.0,0.0,0.0,0.09996743071447783,0.10027735798484988,0.0,0.0,0.0,0.0,0.0,0.0,0.0,0.0,0.0,0.0,0.0,0.0,0.0
2024-08-27,0.09792627193474303,0.0994758586098883,0.0,0.0,0.0,0.0,0.10076084334434927,0.10004764283423556,0.0,0.0,0.0,0.0,0.0,0.0,0.0,0.0,0.0,0.0,0.0,0.0,0.0
2024-08-28,0.09815769071194336,0.09933708264806061,0.0,0.0,0.0,0.0,0.10037677268670701,0.09934241460975574,0.0,0.0,0.0,0.0,0.0,0.0,0.0,0.0,0.0,0.0,0.0,0.0,0.0
2024-08-29,0.09693635304902837,0.09774517384542065,0.0,0.0,0.0,0.0,0.10004835698758695,0.09942545458045875,0.0,0.0,0.0,0.0,0.0,0.0,0.0,0.0,0.0,0.0,0.0,0.0,0.0
2024-08-30,0.09746478215526827,0.0985452831547971,0.0,0.0,0.0,0.0,0.09973592501625618,0.10032055289401025,0.0,0.0,0.0,0.0,0.0,0.0,0.0,0.0,0.0,0.0,0.0,0.0,0.0
2024-09-03,0.1,0.1,0.0,0.0,0.0,0.0,0.1,0.1,0.0,0.0,0.0,0.0,0.0,0.0,0.0,0.0,0.0,0.0,0.0,0.0,0.0
2024-09-04,0.10046628649714189,0.10056639608451107,0.0,0.0,0.0,0.0,0.10008416192193532,0.09937702838860071,0.0,0.0,0.0,0.0,0.0,0.0,0.0,0.0,0.0,0.0,0.0,0.0,0.0
2024-09-05,0.10087421244626986,0.10175108337436602,0.0,0.0,0.0,0.0,0.0996401966293291,0.09793073433545355,0.0,0.0,0.0,0.0,0.0,0.0,0.0,0.0,0.0,0.0,0.0,0.0,0.0
2024-09-06,0.1002701237866956,0.10102555745310611,0.0,0.0,0.0,0.0,0.09871793673372666,0.09842183295122434,0.0,0.0,0.0,0.0,0.0,0.0,0.0,0.0,0.0,0.0,0.0,0.0,0.0
2024-09-09,0.09877839323720976,0.1012114912395938,0.0,0.0,0.0,0.0,0.09884260190920371,0.09694628910762557,0.0,0.0,0.0,0.0,0.0,0.0,0.0,0.0,0.0,0.0,0.0,0.0,0.0
2024-09-10,0.09788145074355017,0.10035665861264598,0.0,0.0,0.0,0.0,0.09829021048648125,0.09736507442855329,0.0,0.0,0.0,0.0,0.0,0.0,0.0,0.0,0.0,0.0,0.0,0.0,0.0
2024-09-11,0.09900226078125074,0.10104484117289551,0.0,0.0,0.0,0.0,0.09749726612827085,0.0990414155039734,0.0,0.0,0.0,0.0,0.0,0.0,0.0,0.0,0.0,0.0,0.0,0.0,0.0
2024-09-12,0.09830087203668675,0.100535608182976,0.0,0.0,0.0,0.0,0.09758809407867217,0.0989921643996901,0.0,0.0,0.0,0.0,0.0,0.0,0.0,0.0,0.0,0.0,0.0,0.0,0.0
2024-09-13,0.09814898296466253,0.10010731631905406,0.0,0.0,0.0,0.0,0.09784126957979336,0.0995253250203041,0.0,0.0,0.0,0.0,0.0,0.0,0.0,0.0,0.0,0.0,0.0,0.0,0.0
2024-09-16,0.0978760235250669,0.09974212644579096,0.0,0.0,0.0,0.0,0.09759439630685691,0.09962869811282048,0.0,0.0,0.0,0.0,0.0,0.0,0.0,0.0,0.0,0.0,0.0,0.0,0.0
2024-09-17,0.09729153904011634,0.09956281764945399,0.0,0.0,0.0,0.0,0.0980930832421078,0.09991259400565686,0.0,0.0,0.0,0.0,0.0,0.0,0.0,0.0,0.0,0.0,0.0,0.0,0.0
2024-09-18,0.0963156141286927,0.0991919970925936,0.0,0.0,0.0,0.0,0.09840419609913623,0.10141044516418686,0.0,0.0,0.0,0.0,0.0,0.0,0.0,0.0,0.0,0.0,0.0,0.0,0.0
2024-09-19,0.09658003824112552,0.1001574587089421,0.0,0.0,0.0,0.0,0.09859836301942675,0.10112720834777197,0.0,0.0,0.0,0.0,0.0,0.0,0.0,0.0,0.0,0.0,0.0,0.0,0.0
2024-09-20,0.09605935123655661,0.09969223837154481,0.0,0.0,0.0,0.0,0.0979066625344893,0.10052715303208573,0.0,0.0,0.0,0.0,0.0,0.0,0.0,0.0,0.0,0.0,0.0,0.0,0.0
2024-09-23,0.095047030737193,0.10037539723798475,0.0,0.0,0.0,0.0,0.09694531390951541,0.09975972529692068,0.0,0.0,0.0,0.0,0.0,0.0,0.0,0.0,0.0,0.0,0.0,0.0,0.0
2024-09-24,0.09406806560446936,0.09895832867935249,0.0,0.0,0.0,0.0,0.09687652573176196,0.1004983954882045,0.0,0.0,0.0,0.0,0.0,0.0,0.0,0.0,0.0,0.0,0.0,0.0,0.0
2024-09-25,0.0941391013848464,0.09979021498552602,0.0,0.0,0.0,0.0,0.09668795802796185,0.0998010079157871,0.0,0.0,0.0,0.0,0.0,0.0,0.0,0.0,0.0,0.0,0.0,0.0,0.0
2024-09-26,0.09367706483117434,0.09875053198124781,0.0,0.0,0.0,0.0,0.09599765017319255,0.09977564002601111,0.0,0.0,0.0,0.0,0.0,0.0,0.0,0.0,0.0,0.0,0.0,0.0,0.0
2024-09-27,0.0936879688123655,0.09888463766558919,0.0,0.0,0.0,0.0,0.09560214805826936,0.10065909481127007,0.0,0.0,0.0,0.0,0.0,0.0,0.0,0.0,0.0,0.0,0.0,0.0,0.0
2024-09-30,0.09384106483403058,0.09829374504763246,0.0,0.0,0.0,0.0,0.09577234261991051,0.10095184337713793,0.0,0.0,0.0,0.0,0.0,0.0,0.0,0.0,0.0,0.0,0.0,0.0,0.0
2024-10-01,0.10000000000000003,0.0,0.0,0.0,0.10000000000000003,0.0,0.10000000000000003,0.10000000000000003,0.0,0.0,0.0,0.0,0.0,0.0,0.0,0.0,0.0,0.0,0.0,0.0,0.0
2024-10-02,0.09910803175723061,0.0,0.0,0.0,0.09915050503668163,0.0,0.09983164912090826,0.10029858838361175,0.0,0.0,0.0,0.0,0.0,0.0,0.0,0.0,0.0,0.0,0.0,0.0,0.0
2024-10-03,0.09931132137046447,0.0,0.0,0.0,0.09985492014374489,0.0,0.10032145346135171,0.10039070995353869,0.0,0.0,0.0,0.0,0.0,0.0,0.0,0.0,0.0,0.0,0.0,0.0,0.0
2024-10-04,0.09953472071409299,0.0,0.0,0.0,0.09839118176660319,0.0,0.09985558058012015,0.09982279062164023,0.0,0.0,0.0,0.0,0.0,0.0,0.0,0.0,0.0,0.0,0.0,0.0,0.0
2024-10-07,0.09925281724481441,0.0,0.0,0.0,0.09774838049300506,0.0,0.10034002247641763,0.09974588743543154,0.0,0.0,0.0,0.0,0.0,0.0,0.0,0.0,0.0,0.0,0.0,0.0,0.0
2024-10-08,0.09928704860268552,0.0,0.0,0.0,0.09856933489598227,0.0,0.10041518250906165,0.09948759909188848,0.0,0.0,0.0,0.0,0.0,0.0,0.0,0.0,0.0,0.0,0.0,0.0,0.0
2024-10-09,0.09770294283107683,0.0,0.0,0.0,0.09880328104825303,0.0,0.09955264167297612,0.10020649085328416,0.0,0.0,0.0,0.0,0.0,0.0,0.0,0.0,0.0,0.0,0.0,0.0,0.0
2024-10-10,0.09728715322798412,0.0,0.0,0.0,0.10055986063493527,0.0,0.0982031788417759,0.10001021774651157,0.0,0.0,0.0,0.0,0.0,0.0,0.0,0.0,0.0,0.0,0.0,0.0,0.0
2024-10-11,0.09841578529782778,0.0,0.0,0.0,0.10122275090833478,0.0,0.09815162507031029,0.10097111061038172,0.0,0.0,0.0,0.0,0.0,0.0,0.0,0.0,0.0,0.0,0.0,0.0,0.0
2024-10-14,0.09868310247839304,0.0,0.0,0.0,0.10150689066084105,0.0,0.09748079363131933,0.09986727804432297,0.0,0.0,0.0,0.0,0.0,0.0,0.0,0.0,0.0,0.0,0.0,0.0,0.0
2024-10-15,0.09901383674583206,0.0,0.0,0.0,0.10210404180166946,0.0,0.09728011293479166,0.09997685773795664,0.0,0.0,0.0,0.0,0.0,0.0,0.0,0.0,0.0,0.0,0.0,0.0,0.0
2024-10-16,0.0994578576131132,0.0,0.0,0.0,0.10327017309924835,0.0,0.09760335098696923,0.10002903028363355,0.0,0.0,0.0,0.0,0.0,0.0,0.0,0.0,0.0,0.0,0.0,0.0,0.0
2024-10-17,0.09935826637841758,0.0,0.0,0.0,0.10335959714578236,0.0,0.09758008211132396,0.10036940688882456,0.0,0.0,0.0,0.0,0.0,0.0,0.0,0.0,0.0,0.0,0.0,0.0,0.0
2024-10-18,0.09947199423223402,0.0,0.0,0.0,0.10364402715571863,0.0,0.09741142852197864,0.1004880425510648,0.0,0.0,0.0,0.0,0.0,0.0,0.0,0.0,0.0,0.0,0.0,0.0,0.0
2024-10-21,0.0992185083145285,0.0,0.0,0.0,0.10303382014114269,0.0,0.09605457143471346,0.1005721455281851,0.0,0.0,0.0,0.0,0.0,0.0,0.0,0.0,0.0,0.0,0.0,0.0,0.0
2024-10-22,0.0998296417671849,0.0,0.0,0.0,0.10338897695644263,0.0,0.09649895621730728,0.1014906001437183,0.0,0.0,0.0,0.0,0.0,0.0,0.0,0.0,0.0,0.0,0.0,0.0,0.0
2024-10-23,0.09968372017239209,0.0,0.0,0.0,0.10264627793872562,0.0,0.09764784506174352,0.10136673592607619,0.0,0.0,0.0,0.0,0.0,0.0,0.0,0.0,0.0,0.0,0.0,0.0,0.0
2024-10-24,0.10033894357913611,0.0,0.0,0.0,0.10208485459379571,0.0,0.09709723991233368,0.10037474850765783,0.0,0.0,0.0,0.0,0.0,0.0,0.0,0.0,0.0,0.0,0.0,0.0,0.0
2024-10-25,0.10067368161578862,0.0,0.0,0.0,0.10188809851960345,0.0,0.09681424237774507,0.09996725722444766,0.0,0.0,0.0,0.0,0.0,0.0,0.0,0.0,0.0,0.0,0.0,0.0,0.0
2024-10-28,0.10099456896812642,0.0,0.0,0.0,0.10091139883226226,0.0,0.0962281015071517,0.10005477838211461,0.0,0.0,0.0,0.0,0.0,0.0,0.0,0.0,0.0,0.0,0.0,0.0,0.0
2024-10-29,0.10110143493408558,0.0,0.0,0.0,0.09964960596686825,0.0,0.09619722441393386,0.10007342217132084,0.0,0.0,0.0,0.0,0.0,0.0,0.0,0.0,0.0,0.0,0.0,0.0,0.0
2024-10-30,0.10151889636832048,0.0,0.0,0.0,0.09959378553170928,0.0,0.09607463702339504,0.10049427996131724,0.0,0.0,0.0,0.0,0.0,0.0,0.0,0.0,0.0,0.0,0.0,0.0,0.0
2024-10-31,0.10076839060557269,0.0,0.0,0.0,0.09918819351275024,0.0,0.09469201771583895,0.09989322809510512,0.0,0.0,0.0,0.0,0.0,0.0,0.0,0.0,0.0,0.0,0.0,0.0,0.0
2024-11-01,0.10000000000000002,0.0,0.0,0.0,0.10000000000000002,0.0,0.10000000000000002,0.10000000000000002,0.0,0.0,0.0,0.0,0.0,0.0,0.0,0.0,0.0,0.0,0.0,0.0,0.0
2024-11-04,0.10132334204080633,0.0,0.0,0.0,0.09971900826750539,0.0,0.10004445841087539,0.09829765644506556,0.0,0.0,0.0,0.0,0.0,0.0,0.0,0.0,0.0,0.0,0.0,0.0,0.0
2024-11-05,0.10080133473486932,0.0,0.0,0.0,0.09959862737828723,0.0,0.10069042592726216,0.09764267714692595,0.0,0.0,0.0,0.0,0.0,0.0,0.0,0.0,0.0,0.0,0.0,0.0,0.0
2024-11-06,0.10148087773337178,0.0,0.0,0.0,0.10004249596027699,0.0,0.1024419045182318,0.0975197918930318,0.0,0.0,0.0,0.0,0.0,0.0,0.0,0.0,0.0,0.0,0.0,0.0,0.0
2024-11-07,0.10164866985694598,0.0,0.0,0.0,0.09988006279670848,0.0,0.10309274893355504,0.09784271344537356,0.0,0.0,0.0,0.0,0.0,0.0,0.0,0.0,0.0,0.0,0.0,0.0,0.0
2024-11-08,0.10130010025164642,0.0,0.0,0.0,0.10049133818668925,0.0,0.10237656219029481,0.09869441974633594,0.0,0.0,0.0,0.0,0.0,0.0,0.0,0.0,0.0,0.0,0.0,0.0,0.0
2024-11-11,0.10203242225356027,0.0,0.0,0.0,0.10005794163123129,0.0,0.10169372789239321,0.09814011813464793,0.0,0.0,0.0,0.0,0.0,0.0,0.0,0.0,0.0,0.0,0.0,0.0,0.0
2024-11-12,0.10155717010747452,0.0,0.0,0.0,0.09975990172184142,0.0,0.10063574909906169,0.09821658796489846,0.0,0.0,0.0,0.0,0.0,0.0,0.0,0.0,0.0,0.0,0.0,0.0,0.0
2024-11-13,0.10136189009108651,0.0,0.0,0.0,0.09976910984356023,0.0,0.09969781753881332,0.09881103797085339,0.0,0.0,0.0,0.0,0.0,0.0,0.0,0.0,0.0,0.0,0.0,0.0,0.0
2024-11-14,0.1004247148378614,0.0,0.0,0.0,0.09944453989166109,0.0,0.1000640759966692,0.09876490787973637,0.0,0.0,0.0,0.0,0.0,0.0,0.0,0.0,0.0,0.0,0.0,0.0,0.0
2024-11-15,0.0998936235113764,0.0,0.0,0.0,0.0990766727747622,0.0,0.10044349222010869,0.0990312357959083,0.0,0.0,0.0,0.0,0.0,0.0,0.0,0.0,0.0,0.0,0.0,0.0,0.0
2024-11-18,0.09869826577537766,0.0,0.0,0.0,0.09868589186419342,0.0,0.10181983627304236,0.09920440358003692,0.0,0.0,0.0,0.0,0.0,0.0,0.0,0.0,0.0,0.0,0.0,0.0,0.0
2024-11-19,0.09913003427835479,0.0,0.0,0.0,0.09848199882068177,0.0,0.10175519274973213,0.0984130948448064,0.0,0.0,0.0,0.0,0.0,0.0,0.0,0.0,0.0,0.0,0.0,0.0,0.0
2024-11-20,0.100489966302234,0.0,0.0,0.0,0.09835200788642164,0.0,0.10018366450722947,0.09750999294697398,0.0,0.0,0.0,0.0,0.0,0.0,0.0,0.0,0.0,0.0,0.0,0.0,0.0
2024-11-21,0.10004460803051689,0.0,0.0,0.0,0.09844934596172165,0.0,0.0999114684540249,0.09757061146096098,0.0,0.0,0.0,0.0,0.0,0.0,0.0,0.0,0.0,0.0,0.0,0.0,0.0
2024-11-22,0.09913790282117942,0.0,0.0,0.0,0.09976581866468157,0.0,0.09997156559428695,0.09869512760236195,0.0,0.0,0.0,0.0,0.0,0.0,0.0,0.0,0.0,0.0,0.0,0.0,0.0
2024-11-25,0.09911158782955831,0.0,0.0,0.0,0.09995725287247724,0.0,0.09897047704692334,0.09893259178849718,0.0,0.0,0.0,0.0,0.0,0.0,0.0,0.0,0.0,0.0,0.0,0.0,0.0
2024-11-26,0.09829873798304337,0.0,0.0,0.0,0.10101093389471394,0.0,0.0988989314491689,0.10007156920222333,0.0,0.0,0.0,0.0,0.0,0.0,0.0,0.0,0.0,0.0,0.0,0.0,0.0
2024-11-27,0.09885050961416258,0.0,0.0,0.0,0.10105403702667773,0.0,0.09771203547267036,0.10006259207508333,0.0,0.0,0.0,0.0,0.0,0.0,0.0,0.0,0.0,0.0,0.0,0.0,0.0
2024-11-29,0.09869987228152086,0.0,0.0,0.0,0.10148356119189614,0.0,0.09784536922505697,0.09981817590387985,0.0,0.0,0.0,0.0,0.0,0.0,0.0,0.0,0.0,0.0,0.0,0.0,0.0
2024-12-02,0.1,0.0,0.0,0.0,0.1,0.0,0.1,0.1,0.0,0.0,0.0,0.0,0.0,0.0,0.0,0.0,0.0,0.0,0.0,0.0,0.0
2024-12-03,0.10024021822806976,0.0,0.0,0.0,0.10093969797240966,0.0,0.10135335187485463,0.10028494208422155,0.0,0.0,0.0,0.0,0.0,0.0,0.0,0.0,0.0,0.0,0.0,0.0,0.0
2024-12-04,0.1009470022156958,0.0,0.0,0.0,0.10065357237733735,0.0,0.10175094172428954,0.10017472669830212,0.0,0.0,0.0,0.0,0.0,0.0,0.0,0.0,0.0,0.0,0.0,0.0,0.0
2024-12-05,0.1003671955104792,0.0,0.0,0.0,0.09919690990324122,0.0,0.1020742893551386,0.1000286994802586,0.0,0.0,0.0,0.0,0.0,0.0,0.0,0.0,0.0,0.0,0.0,0.0,0.0
2024-12-06,0.1001809704335778,0.0,0.0,0.0,0.10041446846031275,0.0,0.10192255940377588,0.10049018416348127,0.0,0.0,0.0,0.0,0.0,0.0,0.0,0.0,0.0,0.0,0.0,0.0,0.0
2024-12-09,0.0999940625089168,0.0,0.0,0.0,0.09948604148003203,0.0,0.10165687742685822,0.09961431336341395,0.0,0.0,0.0,0.0,0.0,0.0,0.0,0.0,0.0,0.0,0.0,0.0,0.0
2024-12-10,0.09880302847569361,0.0,0.0,0.0,0.09949254119691167,0.0,0.10231043563689296,0.1000736453393803,0.0,0.0,0.0,0.0,0.0,0.0,0.0,0.0,0.0,0.0,0.0,0.0,0.0
2024-12-11,0.09944673260663536,0.0,0.0,0.0,0.09924946197855554,0.0,0.10170799350524479,0.09915787329835092,0.0,0.0,0.0,0.0,0.0,0.0,0.0,0.0,0.0,0.0,0.0,0.0,0.0
2024-12-12,0.09813195164144382,0.0,0.0,0.0,0.09996533545186313,0.0,0.10135030433029864,0.09893479469711988,0.0,0.0,0.0,0.0,0.0,0.0,0.0,0.0,0.0,0.0,0.0,0.0,0.0
2024-12-13,0.09791571467705368,0.0,0.0,0.0,0.10093458768221368,0.0,0.10223796108679509,0.09981568777909694,0.0,0.0,0.0,0.0,0.0,0.0,0.0,0.0,0.0,0.0,0.0,0.0,0.0
2024-12-16,0.09807368605377434,0.0,0.0,0.0,0.1009346922090231,0.0,0.101707986686597,0.09987046869764611,0.0,0.0,0.0,0.0,0.0,0.0,0.0,0.0,0.0,0.0,0.0,0.0,0.0
2024-12-17,0.0980217570415435,0.0,0.0,0.0,0.1015482157754312,0.0,0.10123474224076612,0.09935584314698931,0.0,0.0,0.0,0.0,0.0,0.0,0.0,0.0,0.0,0.0,0.0,0.0,0.0
2024-12-18,0.09806084889231333,0.0,0.0,0.0,0.10117437487863729,0.0,0.1006688616330809,0.10035404733986619,0.0,0.0,0.0,0.0,0.0,0.0,0.0,0.0,0.0,0.0,0.0,0.0,0.0
2024-12-19,0.09770755325749365,0.0,0.0,0.0,0.10243807826819017,0.0,0.10043455012205069,0.0997290632508253,0.0,0.0,0.0,0.0,0.0,0.0,0.0,0.0,0.0,0.0,0.0,0.0,0.0
2024-12-20,0.09880241889302589,0.0,0.0,0.0,0.10328318728355056,0.0,0.101501343136632,0.09863948692850937,0.0,0.0,0.0,0.0,0.0,0.0,0.0,0.0,0.0,0.0,0.0,0.0,0.0
2024-12-23,0.09955967233283716,0.0,0.0,0.0,0.10275833969899248,0.0,0.1022789505088619,0.09907040022178693,0.0,0.0,0.0,0.0,0.0,0.0,0.0,0.0,0.0,0.0,0.0,0.0,0.0
2024-12-24,0.10052843492216762,0.0,0.0,0.0,0.10348820439422951,0.0,0.10296390429384261,0.09849630138060567,0.0,0.0,0.0,0.0,0.0,0.0,0.0,0.0,0.0,0.0,0.0,0.0,0.0
2024-12-26,0.10186242119237583,0.0,0.0,0.0,0.10408368678249776,0.0,0.10444831611351392,0.0985977116526067,0.0,0.0,0.0,0.0,0.0,0.0,0.0,0.0,0.0,0.0,0.0,0.0,0.0
2024-12-27,0.10195129628774137,0.0,0.0,0.0,0.10344435802231361,0.0,0.10424029742908747,0.09859550681005526,0.0,0.0,0.0,0.0,0.0,0.0,0.0,0.0,0.0,0.0,0.0,0.0,0.0
2024-12-30,0.101790461821012,0.0,0.0,0.0,0.10239855295793504,0.0,0.10502435453604264,0.09842518594341097,0.0,0.0,0.0,0.0,0.0,0.0,0.0,0.0,0.0,0.0,0.0,0.0,0.0
2024-12-31,0.10054295622568295,0.0,0.0,0.0,0.10238876887884044,0.0,0.10397003993520576,0.09854976004013731,0.0,0.0,0.0,0.0,0.0,0.0,0.0,0.0,0.0,0.0,0.0,0.0,0.0
2025-01-02,0.10000000000000002,0.0,0.0,0.0,0.10000000000000002,0.0,0.0,0.10000000000000002,0.10000000000000002,0.0,0.0,0.0,0.0,0.0,0.0,0.0,0.0,0.0,0.0,0.0,0.0
2025-01-03,0.10039132755672367,0.0,0.0,0.0,0.09823372750335635,0.0,0.0,0.10061076924909931,0.09865654917110558,0.0,0.0,0.0,0.0,0.0,0.0,0.0,0.0,0.0,0.0,0.0,0.0
2025-01-06,0.10085383809631779,0.0,0.0,0.0,0.09769714778876855,0.0,0.0,0.09910995310095382,0.09855530027414738,0.0,0.0,0.0,0.0,0.0,0.0,0.0,0.0,0.0,0.0,0.0,0.0
2025-01-07,0.09992456187397541,0.0,0.0,0.0,0.09692073894452388,0.0,0.0,0.09976611415235613,0.09769398051715246,0.0,0.0,0.0,0.0,0.0,0.0,0.0,0.0,0.0,0.0,0.0,0.0
2025-01-08,0.09942505090820311,0.0,0.0,0.0,0.09646676473619283,0.0,0.0,0.09956906312943532,0.09759456050089829,0.0,0.0,0.0,0.0,0.0,0.0,0.0,0.0,0.0,0.0,0.0,0.0
2025-01-10,0.09951717369837033,0.0,0.0,0.0,0.0941395097962321,0.0,0.0,0.10041127727697167,0.09629790154277222,0.0,0.0,0.0,0.0,0.0,0.0,0.0,0.0,0.0,0.0,0.0,0.0
2025-01-13,0.0999034927992445,0.0,0.0,0.0,0.09399139052718002,0.0,0.0,0.10026054796305937,0.09647800599788081,0.0,0.0,0.0,0.0,0.0,0.0,0.0,0.0,0.0,0.0,0.0,0.0
2025-01-14,0.09826465820082597,0.0,0.0,0.0,0.09357811110096305,0.0,0.0,0.10129516123294505,0.0963592977468384,0.0,0.0,0.0,0.0,0.0,0.0,0.0,0.0,0.0,0.0,0.0,0.0
2025-01-15,0.09951767444491827,0.0,0.0,0.0,0.09411396161934035,0.0,0.0,0.10164710014844608,0.0976430019103443,0.0,0.0,0.0,0.0,0.0,0.0,0.0,0.0,0.0,0.0,0.0,0.0
2025-01-16,0.09838700573356582,0.0,0.0,0.0,0.09452627703410119,0.0,0.0,0.10053401436936629,0.09699076902337893,0.0,0.0,0.0,0.0,0.0,0.0,0.0,0.0,0.0,0.0,0.0,0.0
2025-01-17,0.09771010172547016,0.0,0.0,0.0,0.09542169631405652,0.0,0.0,0.10053734545494011,0.09724210061840138,0.0,0.0,0.0,0.0,0.0,0.0,0.0,0.0,0.0,0.0,0.0,0.0
2025-01-21,0.09792442832225226,0.0,0.0,0.0,0.09507312024424044,0.0,0.0,0.10067505613613206,0.09731117504394783,0.0,0.0,0.0,0.0,0.0,0.0,0.0,0.0,0.0,0.0,0.0,0.0
2025-01-22,0.09953082271868056,0.0,0.0,0.0,0.0961044729559914,0.0,0.0,0.101602120291307,0.09733746339525512,0.0,0.0,0.0,0.0,0.0,0.0,0.0,0.0,0.0,0.0,0.0,0.0
2025-01-23,0.09899733392568685,0.0,0.0,0.0,0.09714824988464435,0.0,0.0,0.10274377769283924,0.09764197689262562,0.0,0.0,0.0,0.0,0.0,0.0,0.0,0.0,0.0,0.0,0.0,0.0
2025-01-24,0.09904817910527067,0.0,0.0,0.0,0.09672878693857462,0.0,0.0,0.10361724152728129,0.09650217348530216,0.0,0.0,0.0,0.0,0.0,0.0,0.0,0.0,0.0,0.0,0.0,0.0
2025-01-27,0.09871804117645744,0.0,0.0,0.0,0.09667587425902466,0.0,0.0,0.10264360320121987,0.09554333634160177,0.0,0.0,0.0,0.0,0.0,0.0,0.0,0.0,0.0,0.0,0.0,0.0
2025-01-28,0.09976233145087676,0.0,0.0,0.0,0.09716826964832982,0.0,0.0,0.10300255727804897,0.09554684143702269,0.0,0.0,0.0,0.0,0.0,0.0,0.0,0.0,0.0,0.0,0.0,0.0
2025-01-29,0.09903750521824027,0.0,0.0,0.0,0.0965010907542883,0.0,0.0,0.10267749749680502,0.09582363861751808,0.0,0.0,0.0,0.0,0.0,0.0,0.0,0.0,0.0,0.0,0.0,0.0
2025-01-30,0.0993801126550956,0.0,0.0,0.0,0.09662330387838565,0.0,0.0,0.1028655890084045,0.09607315284917865,0.0,0.0,0.0,0.0,0.0,0.0,0.0,0.0,0.0,0.0,0.0,0.0
2025-01-31,0.10039705185600252,0.0,0.0,0.0,0.09692683692858972,0.0,0.0,0.10293725870104366,0.09780601773745305,0.0,0.0,0.0,0.0,0.0,0.0,0.0,0.0,0.0,0.0,0.0,0.0
2025-02-03,0.1,0.0,0.1,0.0,0.1,0.0,0.0,0.1,0.0,0.0,0.0,0.0,0.0,0.0,0.0,0.0,0.0,0.0,0.0,0.0,0.0
2025-02-04,0.09970526089768204,0.0,0.09832011230004475,0.0,0.0984310416900078,0.0,0.0,0.10019362599477233,0.0,0.0,0.0,0.0,0.0,0.0,0.0,0.0,0.0,0.0,0.0,0.0,0.0
2025-02-05,0.09852996727044233,0.0,0.0981744363463609,0.0,0.09783138190624509,0.0,0.0,0.09969017731938962,0.0,0.0,0.0,0.0,0.0,0.0,0.0,0.0,0.0,0.0,0.0,0.0,0.0
2025-02-06,0.09875857418648622,0.0,0.09759864156595553,0.0,0.09848396669415964,0.0,0.0,0.0996491722609776,0.0,0.0,0.0,0.0,0.0,0.0,0.0,0.0,0.0,0.0,0.0,0.0,0.0
2025-02-07,0.0981450714411256,0.0,0.09838836688267999,0.0,0.09916524973557544,0.0,0.0,0.09969944288703908,0.0,0.0,0.0,0.0,0.0,0.0,0.0,0.0,0.0,0.0,0.0,0.0,0.0
2025-02-10,0.09779352985974163,0.0,0.09747066498195929,0.0,0.10025567591282847,0.0,0.0,0.10139754256845009,0.0,0.0,0.0,0.0,0.0,0.0,0.0,0.0,0.0,0.0,0.0,0.0,0.0
2025-02-11,0.09787717507571803,0.0,0.09721782803223608,0.0,0.09910082589880247,0.0,0.0,0.10042845254778252,0.0,0.0,0.0,0.0,0.0,0.0,0.0,0.0,0.0,0.0,0.0,0.0,0.0
2025-02-12,0.09802747115203775,0.0,0.0964012950445912,0.0,0.09861087090628723,0.0,0.0,0.10152951212777385,0.0,0.0,0.0,0.0,0.0,0.0,0.0,0.0,0.0,0.0,0.0,0.0,0.0
2025-02-13,0.09823518632334406,0.0,0.09656215419095021,0.0,0.09940090272458889,0.0,0.0,0.10123915057871023,0.0,0.0,0.0,0.0,0.0,0.0,0.0,0.0,0.0,0.0,0.0,0.0,0.0
2025-02-14,0.09718155646881241,0.0,0.09664165567248438,0.0,0.09829990682245734,0.0,0.0,0.10104628951740713,0.0,0.0,0.0,0.0,0.0,0.0,0.0,0.0,0.0,0.0,0.0,0.0,0.0
2025-02-18,0.09705695813762859,0.0,0.09682090342252578,0.0,0.09791038405788124,0.0,0.0,0.10125855973276515,0.0,0.0,0.0,0.0,0.0,0.0,0.0,0.0,0.0,0.0,0.0,0.0,0.0
2025-02-19,0.09748540132048075,0.0,0.09592800793613364,0.0,0.09686265960101077,0.0,0.0,0.10236678183022187,0.0,0.0,0.0,0.0,0.0,0.0,0.0,0.0,0.0,0.0,0.0,0.0,0.0
2025-02-20,0.09794574421125404,0.0,0.09527010251591546,0.0,0.09685108171723979,0.0,0.0,0.10292570300216901,0.0,0.0,0.0,0.0,0.0,0.0,0.0,0.0,0.0,0.0,0.0,0.0,0.0
2025-02-21,0.0956887665456349,0.0,0.09382853115387031,0.0,0.09746028068800898,0.0,0.0,0.10251558114507814,0.0,0.0,0.0,0.0,0.0,0.0,0.0,0.0,0.0,0.0,0.0,0.0,0.0
2025-02-24,0.09529376140001915,0.0,0.09287243932887711,0.0,0.09692274147966044,0.0,0.0,0.10230459084949348,0.0,0.0,0.0,0.0,0.0,0.0,0.0,0.0,0.0,0.0,0.0,0.0,0.0
2025-02-25,0.09510492426962838,0.0,0.09266150129215105,0.0,0.09731511945699803,0.0,0.0,0.10315017784594413,0.0,0.0,0.0,0.0,0.0,0.0,0.0,0.0,0.0,0.0,0.0,0.0,0.0
2025-02-26,0.09501621250878509,0.0,0.09300282793664495,0.0,0.09725124256249569,0.0,0.0,0.10266524908066978,0.0,0.0,0.0,0.0,0.0,0.0,0.0,0.0,0.0,0.0,0.0,0.0,0.0
2025-02-27,0.09532446355021838,0.0,0.09332886857171334,0.0,0.09608519539082025,0.0,0.0,0.1010720465836022,0.0,0.0,0.0,0.0,0.0,0.0,0.0,0.0,0.0,0.0,0.0,0.0,0.0
2025-02-28,0.09549242974072779,0.0,0.093712727272232,0.0,0.09547099373987712,0.0,0.0,0.09974250228129633,0.0,0.0,0.0,0.0,0.0,0.0,0.0,0.0,0.0,0.0,0.0,0.0,0.0
2025-03-03,0.1,0.0,0.0,0.0,0.1,0.0,0.0,0.1,0.0,0.0,0.0,0.0,0.0,0.0,0.0,0.0,0.0,0.0,0.1,0.0,0.0
2025-03-04,0.09975037590491145,0.0,0.0,0.0,0.09989739866993992,0.0,0.0,0.10053506577735373,0.0,0.0,0.0,0.0,0.0,0.0,0.0,0.0,0.0,0.0,0.10065269172013651,0.0,0.0
2025-03-05,0.09950861735868317,0.0,0.0,0.0,0.1001207346525673,0.0,0.0,0.10202415150316291,0.0,0.0,0.0,0.0,0.0,0.0,0.0,0.0,0.0,0.0,0.09864419246153638,0.0,0.0
2025-03-06,0.10018250095050582,0.0,0.0,0.0,0.10128993047516952,0.0,0.0,0.10043571474547851,0.0,0.0,0.0,0.0,0.0,0.0,0.0,0.0,0.0,0.0,0.09784106322952678,0.0,0.0
2025-03-07,0.09978457986550918,0.0,0.0,0.0,0.100391637474425,0.0,0.0,0.10000123195474994,0.0,0.0,0.0,0.0,0.0,0.0,0.0,0.0,0.0,0.0,0.09925224221968591,0.0,0.0
2025-03-10,0.09922900491311692,0.0,0.0,0.0,0.09953448984348019,0.0,0.0,0.09955132851288555,0.0,0.0,0.0,0.0,0.0,0.0,0.0,0.0,0.0,0.0,0.09776008775820362,0.0,0.0
2025-03-11,0.09948901782410392,0.0,0.0,0.0,0.09904437224090165,0.0,0.0,0.10076006232884399,0.0,0.0,0.0,0.0,0.0,0.0,0.0,0.0,0.0,0.0,0.09764726991334394,0.0,0.0
2025-03-12,0.10057466103685954,0.0,0.0,0.0,0.09816446938311309,0.0,0.0,0.10020346325451909,0.0,0.0,0.0,0.0,0.0,0.0,0.0,0.0,0.0,0.0,0.09806500139835961,0.0,0.0
2025-03-13,0.10035929396207846,0.0,0.0,0.0,0.0982261077727388,0.0,0.0,0.10061370637983272,0.0,0.0,0.0,0.0,0.0,0.0,0.0,0.0,0.0,0.0,0.09802987123591467,0.0,0.0
2025-03-14,0.10137106920272655,0.0,0.0,0.0,0.09855951148115241,0.0,0.0,0.10077840525185185,0.0,0.0,0.0,0.0,0.0,0.0,0.0,0.0,0.0,0.0,0.09777962847436303,0.0,0.0
2025-03-17,0.10140585846194115,0.0,0.0,0.0,0.09648663005583122,0.0,0.0,0.10178559119561323,0.0,0.0,0.0,0.0,0.0,0.0,0.0,0.0,0.0,0.0,0.09727322877549723,0.0,0.0
2025-03-18,0.10062336353018972,0.0,0.0,0.0,0.09579761903286561,0.0,0.0,0.10114912794294895,0.0,0.0,0.0,0.0,0.0,0.0,0.0,0.0,0.0,0.0,0.09713744737172801,0.0,0.0
2025-03-19,0.1006865270625457,0.0,0.0,0.0,0.09519042976377459,0.0,0.0,0.10161384929555614,0.0,0.0,0.0,0.0,0.0,0.0,0.0,0.0,0.0,0.0,0.09693566736334615,0.0,0.0
2025-03-20,0.10044730275850514,0.0,0.0,0.0,0.09519137298624468,0.0,0.0,0.10166636775349483,0.0,0.0,0.0,0.0,0.0,0.0,0.0,0.0,0.0,0.0,0.09720500545149295,0.0,0.0
2025-03-21,0.10023597192080105,0.0,0.0,0.0,0.0960060863648289,0.0,0.0,0.10133956977993842,0.0,0.0,0.0,0.0,0.0,0.0,0.0,0.0,0.0,0.0,0.09775923301314021,0.0,0.0
2025-03-24,0.10045164994508739,0.0,0.0,0.0,0.09595013111429744,0.0,0.0,0.10162536960055271,0.0,0.0,0.0,0.0,0.0,0.0,0.0,0.0,0.0,0.0,0.09812418197578272,0.0,0.0
2025-03-25,0.10087460229009779,0.0,0.0,0.0,0.096318245262609,0.0,0.0,0.10106563395849266,0.0,0.0,0.0,0.0,0.0,0.0,0.0,0.0,0.0,0.0,0.09863273193206543,0.0,0.0
2025-03-26,0.1014069934983093,0.0,0.0,0.0,0.096312309949188,0.0,0.0,0.10001893569624061,0.0,0.0,0.0,0.0,0.0,0.0,0.0,0.0,0.0,0.0,0.10016939240519149,0.0,0.0
2025-03-27,0.10086403149753964,0.0,0.0,0.0,0.09660008101571615,0.0,0.0,0.10016585416461352,0.0,0.0,0.0,0.0,0.0,0.0,0.0,0.0,0.0,0.0,0.10045498856154877,0.0,0.0
2025-03-28,0.10014046570310003,0.0,0.0,0.0,0.09694318956035737,0.0,0.0,0.10069870758402247,0.0,0.0,0.0,0.0,0.0,0.0,0.0,0.0,0.0,0.0,0.09972342026550897,0.0,0.0
2025-03-31,0.10081374314345355,0.0,0.0,0.0,0.09645152565720287,0.0,0.0,0.09944891713340548,0.0,0.0,0.0,0.0,0.0,0.0,0.0,0.0,0.0,0.0,0.09873950021731404,0.0,0.0
2025-04-01,0.1,0.0,0.0,0.1,0.0,0.0,0.0,0.0,0.0,0.1,0.0,0.0,0.0,0.0,0.0,0.0,0.0,0.0,0.1,0.0,0.0
2025-04-02,0.0999780867474648,0.0,0.0,0.10036327906558037,0.0,0.0,0.0,0.0,0.0,0.10080732354011368,0.0,0.0,0.0,0.0,0.0,0.0,0.0,0.0,0.09989516601869242,0.0,0.0
2025-04-03,0.10120326691005625,0.0,0.0,0.09976452746125616,0.0,0.0,0.0,0.0,0.0,0.10239451100448786,0.0,0.0,0.0,0.0,0.0,0.0,0.0,0.0,0.09855465830882562,0.0,0.0
2025-04-04,0.10100821283006431,0.0,0.0,0.09971823252831416,0.0,0.0,0.0,0.0,0.0,0.10215054281707099,0.0,0.0,0.0,0.0,0.0,0.0,0.0,0.0,0.09848757471811152,0.0,0.0
2025-04-07,0.1014626980884783,0.0,0.0,0.09988665516989913,0.0,0.0,0.0,0.0,0.0,0.10382141149563928,0.0,0.0,0.0,0.0,0.0,0.0,0.0,0.0,0.09822850454616334,0.0,0.0
2025-04-08,0.10171322319290454,0.0,0.0,0.09910105499027852,0.0,0.0,0.0,0.0,0.0,0.10336019560514068,0.0,0.0,0.0,0.0,0.0,0.0,0.0,0.0,0.10010933607386836,0.0,0.0
2025-04-09,0.10192177480588269,0.0,0.0,0.10020999448158174,0.0,0.0,0.0,0.0,0.0,0.10412390335527955,0.0,0.0,0.0,0.0,0.0,0.0,0.0,0.0,0.10072279981068989,0.0,0.0
2025-04-10,0.1014227654908854,0.0,0.0,0.09971465992022302,0.0,0.0,0.0,0.0,0.0,0.10396677779353178,0.0,0.0,0.0,0.0,0.0,0.0,0.0,0.0,0.10122259923430538,0.0,0.0
2025-04-11,0.10056498009622786,0.0,0.0,0.09995198544925485,0.0,0.0,0.0,0.0,0.0,0.10337830535022093,0.0,0.0,0.0,0.0,0.0,0.0,0.0,0.0,0.10100022720221423,0.0,0.0
2025-04-14,0.10061152188612442,0.0,0.0,0.10059279091403962,0.0,0.0,0.0,0.0,0.0,0.10406783443131036,0.0,0.0,0.0,0.0,0.0,0.0,0.0,0.0,0.10152749015602242,0.0,0.0
2025-04-15,0.10066237165021744,0.0,0.0,0.10066626618422053,0.0,0.0,0.0,0.0,0.0,0.10501814642752105,0.0,0.0,0.0,0.0,0.0,0.0,0.0,0.0,0.10163234462095554,0.0,0.0
2025-04-16,0.10112293981492905,0.0,0.0,0.10064504170074476,0.0,0.0,0.0,0.0,0.0,0.10575698806412115,0.0,0.0,0.0,0.0,0.0,0.0,0.0,0.0,0.10176299686856885,0.0,0.0
2025-04-17,0.1012987214247842,0.0,0.0,0.100553117562873,0.0,0.0,0.0,0.0,0.0,0.10618132760122528,0.0,0.0,0.0,0.0,0.0,0.0,0.0,0.0,0.1020148403858167,0.0,0.0
2025-04-21,0.10011677411472257,0.0,0.0,0.10175412199411078,0.0,0.0,0.0,0.0,0.0,0.10526547477935355,0.0,0.0,0.0,0.0,0.0,0.0,0.0,0.0,0.10211918372728326,0.0,0.0
2025-04-22,0.09997475333146688,0.0,0.0,0.10176406912889821,0.0,0.0,0.0,0.0,0.0,0.1055363066341097,0.0,0.0,0.0,0.0,0.0,0.0,0.0,0.0,0.10278284990929555,0.0,0.0
2025-04-23,0.10173436069774024,0.0,0.0,0.10196983426655279,0.0,0.0,0.0,0.0,0.0,0.10592231484880707,0.0,0.0,0.0,0.0,0.0,0.0,0.0,0.0,0.10211409330166747,0.0,0.0
2025-04-24,0.10225622848334068,0.0,0.0,0.10216247898900055,0.0,0.0,0.0,0.0,0.0,0.10564858048796805,0.0,0.0,0.0,0.0,0.0,0.0,0.0,0.0,0.10143390633588655,0.0,0.0
2025-04-25,0.10213630832671584,0.0,0.0,0.1035041811971589,0.0,0.0,0.0,0.0,0.0,0.10628052015620311,0.0,0.0,0.0,0.0,0.0,0.0,0.0,0.0,0.10185732556840543,0.0,0.0
2025-04-28,0.10222729727278757,0.0,0.0,0.10369095900189622,0.0,0.0,0.0,0.0,0.0,0.10557443396033647,0.0,0.0,0.0,0.0,0.0,0.0,0.0,0.0,0.10129296936789718,0.0,0.0
2025-04-29,0.10159980732048952,0.0,0.0,0.10327204965316934,0.0,0.0,0.0,0.0,0.0,0.1053769738111424,0.0,0.0,0.0,0.0,0.0,0.0,0.0,0.0,0.10121041085306157,0.0,0.0
2025-04-30,0.10076278021200563,0.0,0.0,0.1029369016310036,0.0,0.0,0.0,0.0,0.0,0.10625987962067449,0.0,0.0,0.0,0.0,0.0,0.0,0.0,0.0,0.10086303596214605,0.0,0.0
2025-05-01,0.1,0.0,0.0,0.1,0.0,0.0,0.0,0.0,0.0,0.1,0.0,0.0,0.0,0.0,0.0,0.0,0.0,0.0,0.1,0.0,0.0
2025-05-02,0.0996241511474578,0.0,0.0,0.09902568013280331,0.0,0.0,0.0,0.0,0.0,0.09866685700803272,0.0,0.0,0.0,0.0,0.0,0.0,0.0,0.0,0.1003367149486367,0.0,0.0
2025-05-05,0.09805700340131444,0.0,0.0,0.09803900164347229,0.0,0.0,0.0,0.0,0.0,0.09805907204058317,0.0,0.0,0.0,0.0,0.0,0.0,0.0,0.0,0.10066561429979477,0.0,0.0
2025-05-06,0.0968654968358826,0.0,0.0,0.09617099406083009,0.0,0.0,0.0,0.0,0.0,0.09656378850141153,0.0,0.0,0.0,0.0,0.0,0.0,0.0,0.0,0.1007776156673895,0.0,0.0
2025-05-07,0.0969959103625187,0.0,0.0,0.0952495209733842,0.0,0.0,0.0,0.0,0.0,0.09793063617769977,0.0,0.0,0.0,0.0,0.0,0.0,0.0,0.0,0.09960102132376887,0.0,0.0
2025-05-08,0.0961864847229688,0.0,0.0,0.0960516586202494,0.0,0.0,0.0,0.0,0.0,0.09799074342341017,0.0,0.0,0.0,0.0,0.0,0.0,0.0,0.0,0.09913576976647702,0.0,0.0
2025-05-09,0.0964240642121822,0.0,0.0,0.09558080407648674,0.0,0.0,0.0,0.0,0.0,0.09658652407080671,0.0,0.0,0.0,0.0,0.0,0.0,0.0,0.0,0.09970249319874344,0.0,0.0
2025-05-12,0.09570113231424494,0.0,0.0,0.09694455088934871,0.0,0.0,0.0,0.0,0.0,0.09663779567951769,0.0,0.0,0.0,0.0,0.0,0.0,0.0,0.0,0.10073338885528661,0.0,0.0
2025-05-13,0.09593629471424858,0.0,0.0,0.09697154878013534,0.0,0.0,0.0,0.0,0.0,0.09619979954712853,0.0,0.0,0.0,0.0,0.0,0.0,0.0,0.0,0.10033298965702253,0.0,0.0
2025-05-14,0.09526394703418535,0.0,0.0,0.09706161197291512,0.0,0.0,0.0,0.0,0.0,0.09581366321292732,0.0,0.0,0.0,0.0,0.0,0.0,0.0,0.0,0.10137650004426511,0.0,0.0
2025-05-15,0.09617345634303824,0.0,0.0,0.09585340574562926,0.0,0.0,0.0,0.0,0.0,0.09632182602897912,0.0,0.0,0.0,0.0,0.0,0.0,0.0,0.0,0.10139709534123877,0.0,0.0
2025-05-16,0.09546627739823646,0.0,0.0,0.09630385927646126,0.0,0.0,0.0,0.0,0.0,0.09745515228886985,0.0,0.0,0.0,0.0,0.0,0.0,0.0,0.0,0.10003547841885076,0.0,0.0
2025-05-19,0.0948355246689382,0.0,0.0,0.0976761774173989,0.0,0.0,0.0,0.0,0.0,0.09773878980062294,0.0,0.0,0.0,0.0,0.0,0.0,0.0,0.0,0.10006891474697667,0.0,0.0
2025-05-20,0.094864827997321,0.0,0.0,0.09848689919207,0.0,0.0,0.0,0.0,0.0,0.09704359747722115,0.0,0.0,0.0,0.0,0.0,0.0,0.0,0.0,0.09921794590649265,0.0,0.0
2025-05-21,0.09587961139956142,0.0,0.0,0.09858226178882093,0.0,0.0,0.0,0.0,0.0,0.09652117108663234,0.0,0.0,0.0,0.0,0.0,0.0,0.0,0.0,0.0986984815624124,0.0,0.0
2025-05-22,0.09642107193221737,0.0,0.0,0.09813142585982135,0.0,0.0,0.0,0.0,0.0,0.09688353115851069,0.0,0.0,0.0,0.0,0.0,0.0,0.0,0.0,0.0997637743910558,0.0,0.0
2025-05-23,0.09697278888210871,0.0,0.0,0.09764934078866268,0.0,0.0,0.0,0.0,0.0,0.0967465113193848,0.0,0.0,0.0,0.0,0.0,0.0,0.0,0.0,0.1001493797990486,0.0,0.0
2025-05-27,0.09661886748363718,0.0,0.0,0.09669581303804607,0.0,0.0,0.0,0.0,0.0,0.0963775339981187,0.0,0.0,0.0,0.0,0.0,0.0,0.0,0.0,0.09940664759436924,0.0,0.0
2025-05-28,0.09614091955812948,0.0,0.0,0.09777496117932917,0.0,0.0,0.0,0.0,0.0,0.0969680873915901,0.0,0.0,0.0,0.0,0.0,0.0,0.0,0.0,0.09915792265068578,0.0,0.0
2025-05-29,0.0954546636831465,0.0,0.0,0.09853260992870484,0.0,0.0,0.0,0.0,0.0,0.09556608131989201,0.0,0.0,0.0,0.0,0.0,0.0,0.0,0.0,0.09909586175456007,0.0,0.0
2025-05-30,0.09523802895915283,0.0,0.0,0.09927824121843808,0.0,0.0,0.0,0.0,0.0,0.09565217209770868,0.0,0.0,0.0,0.0,0.0,0.0,0.0,0.0,0.09958246084179352,0.0,0.0
2025-06-02,0.10000000000000002,0.0,0.0,0.10000000000000002,0.0,0.0,0.0,0.0,0.0,0.10000000000000002,0.0,0.0,0.0,0.0,0.0,0.0,0.0,0.0,0.10000000000000002,0.0,0.0
2025-06-03,0.100196157296852,0.0,0.0,0.10099696912808695,0.0,0.0,0.0,0.0,0.0,0.10100858331380973,0.0,0.0,0.0,0.0,0.0,0.0,0.0,0.0,0.0993387126965637,0.0,0.0
2025-06-04,0.09958190176251774,0.0,0.0,0.10048011328010517,0.0,0.0,0.0,0.0,0.0,0.10178224891667102,0.0,0.0,0.0,0.0,0.0,0.0,0.0,0.0,0.09924648843924284,0.0,0.0
2025-06-05,0.09979319892746913,0.0,0.0,0.10050482625711207,0.0,0.0,0.0,0.0,0.0,0.10176776827724354,0.0,0.0,0.0,0.0,0.0,0.0,0.0,0.0,0.09845633440035216,0.0,0.0
2025-06-06,0.09918565696259657,0.0,0.0,0.1011334421075694,0.0,0.0,0.0,0.0,0.0,0.10236111082716184,0.0,0.0,0.0,0.0,0.0,0.0,0.0,0.0,0.09837221102823239,0.0,0.0
2025-06-09,0.09917297105521237,0.0,0.0,0.10030007119415592,0.0,0.0,0.0,0.0,0.0,0.10206298768495785,0.0,0.0,0.0,0.0,0.0,0.0,0.0,0.0,0.09965486774765063,0.0,0.0
2025-06-10,0.09897085408469927,0.0,0.0,0.09999229004118843,0.0,0.0,0.0,0.0,0.0,0.10297368189600825,0.0,0.0,0.0,0.0,0.0,0.0,0.0,0.0,0.09927893478456735,0.0,0.0
2025-06-11,0.10019255229985306,0.0,0.0,0.09974610578766673,0.0,0.0,0.0,0.0,0.0,0.10354525723174587,0.0,0.0,0.0,0.0,0.0,0.0,0.0,0.0,0.0992010956655672,0.0,0.0
2025-06-12,0.1000802396726471,0.0,0.0,0.1003971924559468,0.0,0.0,0.0,0.0,0.0,0.104121205711103,0.0,0.0,0.0,0.0,0.0,0.0,0.0,0.0,0.09829313477081149,0.0,0.0
2025-06-13,0.10063638005841151,0.0,0.0,0.10143210951184653,0.0,0.0,0.0,0.0,0.0,0.10281079293463358,0.0,0.0,0.0,0.0,0.0,0.0,0.0,0.0,0.09786272726529993,0.0,0.0
2025-06-16,0.09981403560290096,0.0,0.0,0.10122361137872508,0.0,0.0,0.0,0.0,0.0,0.10193416897228529,0.0,0.0,0.0,0.0,0.0,0.0,0.0,0.0,0.09753286130740198,0.0,0.0
2025-06-17,0.09941473777792449,0.0,0.0,0.10058850505799073,0.0,0.0,0.0,0.0,0.0,0.1016824758751702,0.0,0.0,0.0,0.0,0.0,0.0,0.0,0.0,0.09793730435222318,0.0,0.0
2025-06-18,0.0982236728712533,0.0,0.0,0.09965319145682294,0.0,0.0,0.0,0.0,0.0,0.1015191883637758,0.0,0.0,0.0,0.0,0.0,0.0,0.0,0.0,0.09716042789774905,0.0,0.0
2025-06-20,0.09804098011746701,0.0,0.0,0.09975666415200593,0.0,0.0,0.0,0.0,0.0,0.10332374664742516,0.0,0.0,0.0,0.0,0.0,0.0,0.0,0.0,0.09733755563834744,0.0,0.0
2025-06-23,0.0987727158270126,0.0,0.0,0.10030020035510419,0.0,0.0,0.0,0.0,0.0,0.10297803803644862,0.0,0.0,0.0,0.0,0.0,0.0,0.0,0.0,0.09696671551672331,0.0,0.0
2025-06-24,0.09886732923151023,0.0,0.0,0.10083687646748603,0.0,0.0,0.0,0.0,0.0,0.10357505003531442,0.0,0.0,0.0,0.0,0.0,0.0,0.0,0.0,0.09696550400547743,0.0,0.0
2025-06-25,0.09747460629158025,0.0,0.0,0.10057007044839282,0.0,0.0,0.0,0.0,0.0,0.10294365876359782,0.0,0.0,0.0,0.0,0.0,0.0,0.0,0.0,0.09716699280433984,0.0,0.0
2025-06-26,0.09691627918982089,0.0,0.0,0.10070378085640434,0.0,0.0,0.0,0.0,0.0,0.10354398470656075,0.0,0.0,0.0,0.0,0.0,0.0,0.0,0.0,0.09698976333235358,0.0,0.0
2025-06-27,0.09579778744364228,0.0,0.0,0.10105234419466702,0.0,0.0,0.0,0.0,0.0,0.10529153339853169,0.0,0.0,0.0,0.0,0.0,0.0,0.0,0.0,0.0979732216555305,0.0,0.0
2025-06-30,0.09502641564929448,0.0,0.0,0.10085581908780704,0.0,0.0,0.0,0.0,0.0,0.10587072131437211,0.0,0.0,0.0,0.0,0.0,0.0,0.0,0.0,0.09727413830104868,0.0,0.0
2025-07-01,0.0,0.09999999999999999,0.0,0.09999999999999999,0.0,0.0,0.0,0.0,0.0,0.09999999999999999,0.0,0.0,0.0,0.0,0.0,0.0,0.0,0.0,0.09999999999999999,0.0,0.0
2025-07-02,0.0,0.09907459332255572,0.0,0.09882960453638606,0.0,0.0,0.0,0.0,0.0,0.1002157917717883,0.0,0.0,0.0,0.0,0.0,0.0,0.0,0.0,0.1003429094915834,0.0,0.0
2025-07-03,0.0,0.0984312932614193,0.0,0.09930096458711878,0.0,0.0,0.0,0.0,0.0,0.10121433145517478,0.0,0.0,0.0,0.0,0.0,0.0,0.0,0.0,0.10080947649620753,0.0,0.0
2025-07-07,0.0,0.09838108743506788,0.0,0.0979492183777149,0.0,0.0,0.0,0.0,0.0,0.10128429547660694,0.0,0.0,0.0,0.0,0.0,0.0,0.0,0.0,0.09930856436855152,0.0,0.0
2025-07-08,0.0,0.09749427209551563,0.0,0.09896745828507436,0.0,0.0,0.0,0.0,0.0,0.1000782073679617,0.0,0.0,0.0,0.0,0.0,0.0,0.0,0.0,0.10148383233171722,0.0,0.0
2025-07-09,0.0,0.09641864616425629,0.0,0.09868942971131997,0.0,0.0,0.0,0.0,0.0,0.09959490804818796,0.0,0.0,0.0,0.0,0.0,0.0,0.0,0.0,0.10036053888510355,0.0,0.0
2025-07-10,0.0,0.09551515374515006,0.0,0.099191468197547,0.0,0.0,0.0,0.0,0.0,0.10000327831939193,0.0,0.0,0.0,0.0,0.0,0.0,0.0,0.0,0.1017515937806044,0.0,0.0
2025-07-11,0.0,0.09512342775837099,0.0,0.10002573787860944,0.0,0.0,0.0,0.0,0.0,0.1010339420824893,0.0,0.0,0.0,0.0,0.0,0.0,0.0,0.0,0.10177518527324841,0.0,0.0
2025-07-14,0.0,0.09594846731939455,0.0,0.09944217976067252,0.0,0.0,0.0,0.0,0.0,0.09969056001264176,0.0,0.0,0.0,0.0,0.0,0.0,0.0,0.0,0.10080915066532424,0.0,0.0
2025-07-15,0.0,0.09528049603860855,0.0,0.09862316002719075,0.0,0.0,0.0,0.0,0.0,0.09897131215971287,0.0,0.0,0.0,0.0,0.0,0.0,0.0,0.0,0.100307226493153,0.0,0.0
2025-07-16,0.0,0.09490715035791637,0.0,0.09719721730998636,0.0,0.0,0.0,0.0,0.0,0.09902332251895685,0.0,0.0,0.0,0.0,0.0,0.0,0.0,0.0,0.09912430058698626,0.0,0.0
2025-07-17,0.0,0.09427689966012504,0.0,0.0969529042911515,0.0,0.0,0.0,0.0,0.0,0.09998737931572209,0.0,0.0,0.0,0.0,0.0,0.0,0.0,0.0,0.09866609527258408,0.0,0.0
2025-07-18,0.0,0.09447253728985827,0.0,0.09711315512568927,0.0,0.0,0.0,0.0,0.0,0.09996461223336525,0.0,0.0,0.0,0.0,0.0,0.0,0.0,0.0,0.09838756586974876,0.0,0.0
2025-07-21,0.0,0.09329011783770899,0.0,0.09619936333213015,0.0,0.0,0.0,0.0,0.0,0.1002401516107706,0.0,0.0,0.0,0.0,0.0,0.0,0.0,0.0,0.0981954733457543,0.0,0.0
2025-07-22,0.0,0.09330508093102297,0.0,0.09659670317729256,0.0,0.0,0.0,0.0,0.0,0.10054736392391472,0.0,0.0,0.0,0.0,0.0,0.0,0.0,0.0,0.09915799657666044,0.0,0.0
2025-07-23,0.0,0.09327105187109391,0.0,0.09492184726820309,0.0,0.0,0.0,0.0,0.0,0.1011524231723515,0.0,0.0,0.0,0.0,0.0,0.0,0.0,0.0,0.09923415861553958,0.0,0.0
2025-07-24,0.0,0.09432177492692863,0.0,0.09418667097294078,0.0,0.0,0.0,0.0,0.0,0.1007450852220496,0.0,0.0,0.0,0.0,0.0,0.0,0.0,0.0,0.09878752582369213,0.0,0.0
2025-07-25,0.0,0.09446820277398747,0.0,0.09468679643957027,0.0,0.0,0.0,0.0,0.0,0.1007953514124485,0.0,0.0,0.0,0.0,0.0,0.0,0.0,0.0,0.09800511786543917,0.0,0.0
2025-07-28,0.0,0.09457632841425255,0.0,0.09507460656539922,0.0,0.0,0.0,0.0,0.0,0.10046736393296508,0.0,0.0,0.0,0.0,0.0,0.0,0.0,0.0,0.09833159570633207,0.0,0.0
2025-07-29,0.0,0.09522437983885326,0.0,0.09471976727097674,0.0,0.0,0.0,0.0,0.0,0.10118182792506766,0.0,0.0,0.0,0.0,0.0,0.0,0.0,0.0,0.09818800472423596,0.0,0.0
2025-07-30,0.0,0.09669507405721643,0.0,0.09432745351858846,0.0,0.0,0.0,0.0,0.0,0.10034050852636835,0.0,0.0,0.0,0.0,0.0,0.0,0.0,0.0,0.09728842469410978,0.0,0.0
2025-07-31,0.0,0.09588665362294817,0.0,0.09261597259081918,0.0,0.0,0.0,0.0,0.0,0.10115179608616147,0.0,0.0,0.0,0.0,0.0,0.0,0.0,0.0,0.09932056112848865,0.0,0.0
2025-08-01,0.0,0.10000000000000002,0.0,0.10000000000000002,0.0,0.0,0.0,0.0,0.0,0.10000000000000002,0.0,0.0,0.0,0.0,0.0,0.0,0.0,0.0,0.10000000000000002,0.0,0.0
2025-08-04,0.0,0.09975045407762698,0.0,0.10065533220226375,0.0,0.0,0.0,0.0,0.0,0.10017479626240301,0.0,0.0,0.0,0.0,0.0,0.0,0.0,0.0,0.1000944128828207,0.0,0.0
2025-08-05,0.0,0.09956633086373831,0.0,0.10035290248245259,0.0,0.0,0.0,0.0,0.0,0.09961418424046356,0.0,0.0,0.0,0.0,0.0,0.0,0.0,0.0,0.10105523859210762,0.0,0.0
2025-08-06,0.0,0.0994556071135564,0.0,0.1001483788594118,0.0,0.0,0.0,0.0,0.0,0.09938382451745374,0.0,0.0,0.0,0.0,0.0,0.0,0.0,0.0,0.09934610890716641,0.0,0.0
2025-08-07,0.0,0.09877259817223782,0.0,0.09874044315093095,0.0,0.0,0.0,0.0,0.0,0.09986430862626286,0.0,0.0,0.0,0.0,0.0,0.0,0.0,0.0,0.10112701061595453,0.0,0.0
2025-08-08,0.0,0.09951475574893465,0.0,0.09738069000267183,0.0,0.0,0.0,0.0,0.0,0.10015966771297151,0.0,0.0,0.0,0.0,0.0,0.0,0.0,0.0,0.10028190024418622,0.0,0.0
2025-08-11,0.0,0.09870549207681965,0.0,0.0983677041412397,0.0,0.0,0.0,0.0,0.0,0.10110743740053867,0.0,0.0,0.0,0.0,0.0,0.0,0.0,0.0,0.0998445150400537,0.0,0.0
2025-08-12,0.0,0.09884646454640933,0.0,0.09907090261651262,0.0,0.0,0.0,0.0,0.0,0.10057981979346961,0.0,0.0,0.0,0.0,0.0,0.0,0.0,0.0,0.0997477135568786,0.0,0.0
2025-08-13,0.0,0.09865727124991112,0.0,0.09724475939253953,0.0,0.0,0.0,0.0,0.0,0.09858143840326344,0.0,0.0,0.0,0.0,0.0,0.0,0.0,0.0,0.09951354076592238,0.0,0.0
2025-08-14,0.0,0.09900360541001943,0.0,0.09717868112837126,0.0,0.0,0.0,0.0,0.0,0.09827728187307459,0.0,0.0,0.0,0.0,0.0,0.0,0.0,0.0,0.10137306760483722,0.0,0.0
2025-08-15,0.0,0.09732513387364766,0.0,0.0961820828027007,0.0,0.0,0.0,0.0,0.0,0.09655139695397068,0.0,0.0,0.0,0.0,0.0,0.0,0.0,0.0,0.10152592244373945,0.0,0.0
2025-08-18,0.0,0.09630395598935433,0.0,0.09527584352362589,0.0,0.0,0.0,0.0,0.0,0.09751338688237483,0.0,0.0,0.0,0.0,0.0,0.0,0.0,0.0,0.10107808215551187,0.0,0.0
2025-08-19,0.0,0.09667022073504213,0.0,0.09445547726220838,0.0,0.0,0.0,0.0,0.0,0.09895560204814723,0.0,0.0,0.0,0.0,0.0,0.0,0.0,0.0,0.10035335880867094,0.0,0.0
2025-08-20,0.0,0.09621297348554891,0.0,0.0944048687914194,0.0,0.0,0.0,0.0,0.0,0.09832121103370932,0.0,0.0,0.0,0.0,0.0,0.0,0.0,0.0,0.10011995398320186,0.0,0.0
2025-08-21,0.0,0.09575402992985736,0.0,0.09419778970496205,0.0,0.0,0.0,0.0,0.0,0.09889005891571999,0.0,0.0,0.0,0.0,0.0,0.0,0.0,0.0,0.09904919697369914,0.0,0.0
2025-08-22,0.0,0.09453490613392204,0.0,0.09431697417084169,0.0,0.0,0.0,0.0,0.0,0.09949337946919733,0.0,0.0,0.0,0.0,0.0,0.0,0.0,0.0,0.09761884016939275,0.0,0.0
2025-08-25,0.0,0.09537477182017831,0.0,0.09519586230648404,0.0,0.0,0.0,0.0,0.0,0.09868059067207617,0.0,0.0,0.0,0.0,0.0,0.0,0.0,0.0,0.09832922698079945,0.0,0.0
2025-08-26,0.0,0.09498624830205667,0.0,0.09368933842602502,0.0,0.0,0.0,0.0,0.0,0.09748252088432245,0.0,0.0,0.0,0.0,0.0,0.0,0.0,0.0,0.09785173196785688,0.0,0.0
2025-08-27,0.0,0.09554688976618396,0.0,0.09415595827320139,0.0,0.0,0.0,0.0,0.0,0.09679843542775934,0.0,0.0,0.0,0.0,0.0,0.0,0.0,0.0,0.09864172740875292,0.0,0.0
2025-08-28,0.0,0.09637994831212311,0.0,0.09385145361399103,0.0,0.0,0.0,0.0,0.0,0.09660847563072279,0.0,0.0,0.0,0.0,0.0,0.0,0.0,0.0,0.09901250436785537,0.0,0.0
2025-08-29,0.0,0.09568099060856095,0.0,0.09340170112943526,0.0,0.0,0.0,0.0,0.0,0.09621644032415805,0.0,0.0,0.0,0.0,0.0,0.0,0.0,0.0,0.09907433208576773,0.0,0.0
2025-09-02,0.0,0.1,0.0,0.0,0.0,0.0,0.0,0.0,0.1,0.1,0.0,0.0,0.0,0.0,0.0,0.0,0.0,0.0,0.1,0.0,0.0
2025-09-03,0.0,0.099449601508838,0.0,0.0,0.0,0.0,0.0,0.0,0.09877762248879213,0.0984102280814858,0.0,0.0,0.0,0.0,0.0,0.0,0.0,0.0,0.10098706703086599,0.0,0.0
2025-09-04,0.0,0.09971872045417474,0.0,0.0,0.0,0.0,0.0,0.0,0.09957025420806251,0.09782674064023011,0.0,0.0,0.0,0.0,0.0,0.0,0.0,0.0,0.101050247947771,0.0,0.0
2025-09-05,0.0,0.10002766789614817,0.0,0.0,0.0,0.0,0.0,0.0,0.09907479998470212,0.09837015568849042,0.0,0.0,0.0,0.0,0.0,0.0,0.0,0.0,0.10097618647833488,0.0,0.0
2025-09-08,0.0,0.09893517263500971,0.0,0.0,0.0,0.0,0.0,0.0,0.09821697294619172,0.09830071770679852,0.0,0.0,0.0,0.0,0.0,0.0,0.0,0.0,0.10029857429696915,0.0,0.0
2025-09-09,0.0,0.09773062678817948,0.0,0.0,0.0,0.0,0.0,0.0,0.09748747313839799,0.09710615872483505,0.0,0.0,0.0,0.0,0.0,0.0,0.0,0.0,0.10088310592790045,0.0,0.0
2025-09-10,0.0,0.09716250367836479,0.0,0.0,0.0,0.0,0.0,0.0,0.09707737298407058,0.09605070915350937,0.0,0.0,0.0,0.0,0.0,0.0,0.0,0.0,0.1011771016197389,0.0,0.0
2025-09-11,0.0,0.09781070011907844,0.0,0.0,0.0,0.0,0.0,0.0,0.09708958380762878,0.0971355725359097,0.0,0.0,0.0,0.0,0.0,0.0,0.0,0.0,0.10135780191061734,0.0,0.0
2025-09-12,0.0,0.09744618829399686,0.0,0.0,0.0,0.0,0.0,0.0,0.09775141974935271,0.09584584613861999,0.0,0.0,0.0,0.0,0.0,0.0,0.0,0.0,0.10065583101985541,0.0,0.0
2025-09-15,0.0,0.0986123677364456,0.0,0.0,0.0,0.0,0.0,0.0,0.09826915811189668,0.09618262364666151,0.0,0.0,0.0,0.0,0.0,0.0,0.0,0.0,0.10193414195438825,0.0,0.0
2025-09-16,0.0,0.0999743055520474,0.0,0.0,0.0,0.0,0.0,0.0,0.09858351963845256,0.09530555347919117,0.0,0.0,0.0,0.0,0.0,0.0,0.0,0.0,0.10101310800562437,0.0,0.0
2025-09-17,0.0,0.09989202164472986,0.0,0.0,0.0,0.0,0.0,0.0,0.09721376489013496,0.09527525774222353,0.0,0.0,0.0,0.0,0.0,0.0,0.0,0.0,0.10233585180153154,0.0,0.0
2025-09-18,0.0,0.10064594714735407,0.0,0.0,0.0,0.0,0.0,0.0,0.09750961917341312,0.09372360869367864,0.0,0.0,0.0,0.0,0.0,0.0,0.0,0.0,0.10190060855825692,0.0,0.0
2025-09-19,0.0,0.1007865948802673,0.0,0.0,0.0,0.0,0.0,0.0,0.09824095457121686,0.09315149310754328,0.0,0.0,0.0,0.0,0.0,0.0,0.0,0.0,0.10134995425940063,0.0,0.0
2025-09-22,0.0,0.10129299319505784,0.0,0.0,0.0,0.0,0.0,0.0,0.09815686181916466,0.09311766414641907,0.0,0.0,0.0,0.0,0.0,0.0,0.0,0.0,0.10090835271500084,0.0,0.0
2025-09-23,0.0,0.10252269519472546,0.0,0.0,0.0,0.0,0.0,0.0,0.09717840495330592,0.0934404767374531,0.0,0.0,0.0,0.0,0.0,0.0,0.0,0.0,0.10120313202502802,0.0,0.0
2025-09-24,0.0,0.1028268613539402,0.0,0.0,0.0,0.0,0.0,0.0,0.09650098899501065,0.09278913665442494,0.0,0.0,0.0,0.0,0.0,0.0,0.0,0.0,0.10036209931429356,0.0,0.0
2025-09-25,0.0,0.1025402545134212,0.0,0.0,0.0,0.0,0.0,0.0,0.09582635630237724,0.0916138663241597,0.0,0.0,0.0,0.0,0.0,0.0,0.0,0.0,0.0998226904860687,0.0,0.0
2025-09-26,0.0,0.10240320316485492,0.0,0.0,0.0,0.0,0.0,0.0,0.09544826188285475,0.09147363993244824,0.0,0.0,0.0,0.0,0.0,0.0,0.0,0.0,0.099179190125852,0.0,0.0
2025-09-29,0.0,0.10170236731838461,0.0,0.0,0.0,0.0,0.0,0.0,0.09652100302733393,0.0900457075293892,0.0,0.0,0.0,0.0,0.0,0.0,0.0,0.0,0.09811200338413205,0.0,0.0
2025-09-30,0.0,0.10138057906787976,0.0,0.0,0.0,0.0,0.0,0.0,0.09611769394151329,0.08991120923843315,0.0,0.0,0.0,0.0,0.0,0.0,0.0,0.0,0.09692856019241265,0.0,0.0
2025-10-01,0.0,0.1,0.0,0.0,0.0,0.0,0.0,0.0,0.0,0.1,0.1,0.0,0.0,0.0,0.0,0.0,0.0,0.0,0.1,0.0,0.0
2025-10-02,0.0,0.09923490841296169,0.0,0.0,0.0,0.0,0.0,0.0,0.0,0.09944705045882923,0.10038939259510488,0.0,0.0,0.0,0.0,0.0,0.0,0.0,0.09961657061646986,0.0,0.0
2025-10-03,0.0,0.0999188608293205,0.0,0.0,0.0,0.0,0.0,0.0,0.0,0.10095934132316343,0.10060762552540119,0.0,0.0,0.0,0.0,0.0,0.0,0.0,0.09903608259835509,0.0,0.0
2025-10-06,0.0,0.09863988605477592,0.0,0.0,0.0,0.0,0.0,0.0,0.0,0.1005779686679124,0.10038181618176617,0.0,0.0,0.0,0.0,0.0,0.0,0.0,0.09893289363097167,0.0,0.0
2025-10-07,0.0,0.09982483368065209,0.0,0.0,0.0,0.0,0.0,0.0,0.0,0.09937673486005957,0.10132767790181647,0.0,0.0,0.0,0.0,0.0,0.0,0.0,0.09890998834873509,0.0,0.0
2025-10-08,0.0,0.09904483389018838,0.0,0.0,0.0,0.0,0.0,0.0,0.0,0.09838740870542736,0.10094933649456612,0.0,0.0,0.0,0.0,0.0,0.0,0.0,0.09888746161125168,0.0,0.0
2025-10-09,0.0,0.09916899417719713,0.0,0.0,0.0,0.0,0.0,0.0,0.0,0.09828200937800613,0.10103343513673206,0.0,0.0,0.0,0.0,0.0,0.0,0.0,0.09780678897301887,0.0,0.0
2025-10-10,0.0,0.10014318427763126,0.0,0.0,0.0,0.0,0.0,0.0,0.0,0.09817294052968824,0.10141927495157389,0.0,0.0,0.0,0.0,0.0,0.0,0.0,0.09756547547871672,0.0,0.0
2025-10-13,0.0,0.10008488130301642,0.0,0.0,0.0,0.0,0.0,0.0,0.0,0.09780462178051723,0.10107886943204619,0.0,0.0,0.0,0.0,0.0,0.0,0.0,0.09654938341014489,0.0,0.0
2025-10-14,0.0,0.10143705659436406,0.0,0.0,0.0,0.0,0.0,0.0,0.0,0.09736910348108961,0.10040887834689025,0.0,0.0,0.0,0.0,0.0,0.0,0.0,0.09736859697044017,0.0,0.0
2025-10-15,0.0,0.10033025742895539,0.0,0.0,0.0,0.0,0.0,0.0,0.0,0.09648414696243723,0.10036730441405034,0.0,0.0,0.0,0.0,0.0,0.0,0.0,0.09669879429294467,0.0,0.0
2025-10-16,0.0,0.10175147770948154,0.0,0.0,0.0,0.0,0.0,0.0,0.0,0.09590404530345079,0.10009377913499752,0.0,0.0,0.0,0.0,0.0,0.0,0.0,0.09679838254972924,0.0,0.0
2025-10-17,0.0,0.1023770454470903,0.0,0.0,0.0,0.0,0.0,0.0,0.0,0.09538118318884785,0.09934322140154082,0.0,0.0,0.0,0.0,0.0,0.0,0.0,0.09641239756541316,0.0,0.0
2025-10-20,0.0,0.10269567344908466,0.0,0.0,0.0,0.0,0.0,0.0,0.0,0.09627188564190053,0.09874903702778473,0.0,0.0,0.0,0.0,0.0,0.0,0.0,0.09542053884843639,0.0,0.0
2025-10-21,0.0,0.10338793120550573,0.0,0.0,0.0,0.0,0.0,0.0,0.0,0.09613813764676975,0.09839719635241553,0.0,0.0,0.0,0.0,0.0,0.0,0.0,0.0950649086387777,0.0,0.0
2025-10-22,0.0,0.10275402501398671,0.0,0.0,0.0,0.0,0.0,0.0,0.0,0.09597823330873274,0.09766314170330713,0.0,0.0,0.0,0.0,0.0,0.0,0.0,0.0944714895556836,0.0,0.0
2025-10-23,0.0,0.1023502635253777,0.0,0.0,0.0,0.0,0.0,0.0,0.0,0.09653003861344264,0.09737858495060261,0.0,0.0,0.0,0.0,0.0,0.0,0.0,0.09503074852596638,0.0,0.0
2025-10-24,0.0,0.10289274705236033,0.0,0.0,0.0,0.0,0.0,0.0,0.0,0.09636787108981178,0.09673118922172419,0.0,0.0,0.0,0.0,0.0,0.0,0.0,0.0957830023700927,0.0,0.0
2025-10-27,0.0,0.10192068742745863,0.0,0.0,0.0,0.0,0.0,0.0,0.0,0.09580143919889983,0.09700183927191704,0.0,0.0,0.0,0.0,0.0,0.0,0.0,0.09655886544723946,0.0,0.0
2025-10-28,0.0,0.10260789921036503,0.0,0.0,0.0,0.0,0.0,0.0,0.0,0.09389414573261123,0.09754858864470696,0.0,0.0,0.0,0.0,0.0,0.0,0.0,0.09639699197003775,0.0,0.0
2025-10-29,0.0,0.10297084169938997,0.0,0.0,0.0,0.0,0.0,0.0,0.0,0.09300456153588203,0.0979549521456304,0.0,0.0,0.0,0.0,0.0,0.0,0.0,0.09639383055255497,0.0,0.0
2025-10-30,0.0,0.1040888613246152,0.0,0.0,0.0,0.0,0.0,0.0,0.0,0.09312021313954254,0.09718150977603987,0.0,0.0,0.0,0.0,0.0,0.0,0.0,0.09630814322664535,0.0,0.0
2025-10-31,0.0,0.10314929432525474,0.0,0.0,0.0,0.0,0.0,0.0,0.0,0.09388852100798087,0.09796860605463589,0.0,0.0,0.0,0.0,0.0,0.0,0.0,0.09723262833749602,0.0,0.0
2025-11-03,0.0,0.1,0.0,0.0,0.0,0.0,0.0,0.0,0.0,0.1,0.0,0.0,0.0,0.0,0.0,0.1,0.0,0.0,0.1,0.0,0.0
2025-11-04,0.0,0.09951381600854442,0.0,0.0,0.0,0.0,0.0,0.0,0.0,0.10036706834537025,0.0,0.0,0.0,0.0,0.0,0.0995250981113584,0.0,0.0,0.10019161668129593,0.0,0.0
2025-11-05,0.0,0.09942951291239367,0.0,0.0,0.0,0.0,0.0,0.0,0.0,0.10103340666109281,0.0,0.0,0.0,0.0,0.0,0.09893611445421492,0.0,0.0,0.09924119974104705,0.0,0.0
2025-11-06,0.0,0.09924232841511621,0.0,0.0,0.0,0.0,0.0,0.0,0.0,0.10268864077432276,0.0,0.0,0.0,0.0,0.0,0.09840380971705416,0.0,0.0,0.1000682545603406,0.0,0.0
2025-11-07,0.0,0.09814679422932057,0.0,0.0,0.0,0.0,0.0,0.0,0.0,0.10302611155354986,0.0,0.0,0.0,0.0,0.0,0.09768559116106748,0.0,0.0,0.09912359992555972,0.0,0.0
2025-11-10,0.0,0.09845118318003923,0.0,0.0,0.0,0.0,0.0,0.0,0.0,0.10402676321840996,0.0,0.0,0.0,0.0,0.0,0.09879651331276537,0.0,0.0,0.09918176993294073,0.0,0.0
2025-11-11,0.0,0.09710418199085874,0.0,0.0,0.0,0.0,0.0,0.0,0.0,0.10377454831886994,0.0,0.0,0.0,0.0,0.0,0.09889100834472286,0.0,0.0,0.09787651792458821,0.0,0.0
2025-11-12,0.0,0.09746549571921957,0.0,0.0,0.0,0.0,0.0,0.0,0.0,0.10395396135393285,0.0,0.0,0.0,0.0,0.0,0.09987617696256626,0.0,0.0,0.09801604076957716,0.0,0.0
2025-11-13,0.0,0.09756850004334457,0.0,0.0,0.0,0.0,0.0,0.0,0.0,0.1043000523057143,0.0,0.0,0.0,0.0,0.0,0.1003644158053932,0.0,0.0,0.0990093798576517,0.0,0.0
2025-11-14,0.0,0.09693738399240859,0.0,0.0,0.0,0.0,0.0,0.0,0.0,0.1051086771638761,0.0,0.0,0.0,0.0,0.0,0.1006416907039211,0.0,0.0,0.09904761301825342,0.0,0.0
2025-11-17,0.0,0.09693653953274568,0.0,0.0,0.0,0.0,0.0,0.0,0.0,0.10451421186433675,0.0,0.0,0.0,0.0,0.0,0.099898111812087,0.0,0.0,0.09881163802341839,0.0,0.0
2025-11-18,0.0,0.09704509439919123,0.0,0.0,0.0,0.0,0.0,0.0,0.0,0.10428283627971517,0.0,0.0,0.0,0.0,0.0,0.09866762258314453,0.0,0.0,0.09908665376327369,0.0,0.0
2025-11-19,0.0,0.09675835781003869,0.0,0.0,0.0,0.0,0.0,0.0,0.0,0.10457050883864252,0.0,0.0,0.0,0.0,0.0,0.09846631705508398,0.0,0.0,0.10006474133032348,0.0,0.0
2025-11-20,0.0,0.09656539986079579,0.0,0.0,0.0,0.0,0.0,0.0,0.0,0.10536680084417291,0.0,0.0,0.0,0.0,0.0,0.09729872185943654,0.0,0.0,0.10118601323366243,0.0,0.0
2025-11-21,0.0,0.09680560033651939,0.0,0.0,0.0,0.0,0.0,0.0,0.0,0.10476122895118953,0.0,0.0,0.0,0.0,0.0,0.09648070728385832,0.0,0.0,0.10122458325001456,0.0,0.0
2025-11-24,0.0,0.09728874617579777,0.0,0.0,0.0,0.0,0.0,0.0,0.0,0.10519922151692239,0.0,0.0,0.0,0.0,0.0,0.09626116945404828,0.0,0.0,0.1011605527253037,0.0,0.0
2025-11-25,0.0,0.09719043025899321,0.0,0.0,0.0,0.0,0.0,0.0,0.0,0.10517605821049462,0.0,0.0,0.0,0.0,0.0,0.09723012234832984,0.0,0.0,0.10034661128941227,0.0,0.0
2025-11-26,0.0,0.09614287261239489,0.0,0.0,0.0,0.0,0.0,0.0,0.0,0.10553901627827067,0.0,0.0,0.0,0.0,0.0,0.09690006985993609,0.0,0.0,0.10092263782911975,0.0,0.0
2025-11-28,0.0,0.0962384097047138,0.0,0.0,0.0,0.0,0.0,0.0,0.0,0.10499248638581933,0.0,0.0,0.0,0.0,0.0,0.09601727540880624,0.0,0.0,0.09931989581608124,0.0,0.0
2025-12-01,0.0,0.10000000000000002,0.0,0.0,0.0,0.0,0.0,0.0,0.0,0.10000000000000002,0.0,0.0,0.0,0.0,0.0,0.10000000000000002,0.0,0.0,0.10000000000000002,0.0,0.0
2025-12-02,0.0,0.09921368787456893,0.0,0.0,0.0,0.0,0.0,0.0,0.0,0.10016952552412683,0.0,0.0,0.0,0.0,0.0,0.10032020854676355,0.0,0.0,0.10025491009877065,0.0,0.0
2025-12-03,0.0,0.0991400116267132,0.0,0.0,0.0,0.0,0.0,0.0,0.0,0.09988816177293693,0.0,0.0,0.0,0.0,0.0,0.10042979425203749,0.0,0.0,0.09909624117992975,0.0,0.0
2025-12-04,0.0,0.09875349157631119,0.0,0.0,0.0,0.0,0.0,0.0,0.0,0.09989429844885436,0.0,0.0,0.0,0.0,0.0,0.10062534167018314,0.0,0.0,0.09944207911980119,0.0,0.0
2025-12-05,0.0,0.09888452242819756,0.0,0.0,0.0,0.0,0.0,0.0,0.0,0.10109347834610821,0.0,0.0,0.0,0.0,0.0,0.10076141974152905,0.0,0.0,0.0996096808937406,0.0,0.0
2025-12-08,0.0,0.09855195138575114,0.0,0.0,0.0,0.0,0.0,0.0,0.0,0.10057053131916496,0.0,0.0,0.0,0.0,0.0,0.10091029916577834,0.0,0.0,0.09949272975922502,0.0,0.0
2025-12-09,0.0,0.0991649984576338,0.0,0.0,0.0,0.0,0.0,0.0,0.0,0.09965500869352278,0.0,0.0,0.0,0.0,0.0,0.10188698706350907,0.0,0.0,0.09943195793245056,0.0,0.0
2025-12-10,0.0,0.0981685683875578,0.0,0.0,0.0,0.0,0.0,0.0,0.0,0.10005065548759078,0.0,0.0,0.0,0.0,0.0,0.10275827570938076,0.0,0.0,0.09953615614677001,0.0,0.0
2025-12-11,0.0,0.09725441644625016,0.0,0.0,0.0,0.0,0.0,0.0,0.0,0.0990501374235623,0.0,0.0,0.0,0.0,0.0,0.10320605552474846,0.0,0.0,0.09969702323008069,0.0,0.0
2025-12-12,0.0,0.09693867768508785,0.0,0.0,0.0,0.0,0.0,0.0,0.0,0.1000466141420328,0.0,0.0,0.0,0.0,0.0,0.1024646878121601,0.0,0.0,0.09857496543910381,0.0,0.0
2025-12-15,0.0,0.0974646153846412,0.0,0.0,0.0,0.0,0.0,0.0,0.0,0.1017827001591814,0.0,0.0,0.0,0.0,0.0,0.10275276883169746,0.0,0.0,0.0995066869095439,0.0,0.0
2025-12-16,0.0,0.09632649407241295,0.0,0.0,0.0,0.0,0.0,0.0,0.0,0.10237198626645964,0.0,0.0,0.0,0.0,0.0,0.10314966278896784,0.0,0.0,0.09909422155907331,0.0,0.0
2025-12-17,0.0,0.09555202369290279,0.0,0.0,0.0,0.0,0.0,0.0,0.0,0.10197558684592589,0.0,0.0,0.0,0.0,0.0,0.10369787334259961,0.0,0.0,0.0998188635461619,0.0,0.0
2025-12-18,0.0,0.09537218873532197,0.0,0.0,0.0,0.0,0.0,0.0,0.0,0.10325584803918826,0.0,0.0,0.0,0.0,0.0,0.10287026379353137,0.0,0.0,0.10051075445369234,0.0,0.0
2025-12-19,0.0,0.09495945393161516,0.0,0.0,0.0,0.0,0.0,0.0,0.0,0.10406185709695977,0.0,0.0,0.0,0.0,0.0,0.10380397176278659,0.0,0.0,0.10103380699157603,0.0,0.0
2025-12-22,0.0,0.09457603765630576,0.0,0.0,0.0,0.0,0.0,0.0,0.0,0.10314166678135898,0.0,0.0,0.0,0.0,0.0,0.10270608456172153,0.0,0.0,0.10183828494495373,0.0,0.0
2025-12-23,0.0,0.09434843150866612,0.0,0.0,0.0,0.0,0.0,0.0,0.0,0.10440361981380665,0.0,0.0,0.0,0.0,0.0,0.10341139155486725,0.0,0.0,0.10258534897255235,0.0,0.0
2025-12-24,0.0,0.09508858198507926,0.0,0.0,0.0,0.0,0.0,0.0,0.0,0.10347992987728145,0.0,0.0,0.0,0.0,0.0,0.10517852321129458,0.0,0.0,0.10222624251869603,0.0,0.0
2025-12-26,0.0,0.09533744136185496,0.0,0.0,0.0,0.0,0.0,0.0,0.0,0.10325174642955587,0.0,0.0,0.0,0.0,0.0,0.10391577337262192,0.0,0.0,0.10030197636505994,0.0,0.0
2025-12-29,0.0,0.09530762363857874,0.0,0.0,0.0,0.0,0.0,0.0,0.0,0.1025075714487748,0.0,0.0,0.0,0.0,0.0,0.10483650726227867,0.0,0.0,0.10100538289753203,0.0,0.0
2025-12-30,0.0,0.0954647151185649,0.0,0.0,0.0,0.0,0.0,0.0,0.0,0.1027133250033149,0.0,0.0,0.0,0.0,0.0,0.10471033556972198,0.0,0.0,0.10232573507678996,0.0,0.0
2025-12-31,0.0,0.09507050935984943,0.0,0.0,0.0,0.0,0.0,0.0,0.0,0.10198767232957859,0.0,0.0,0.0,0.0,0.0,0.10451533998413678,0.0,0.0,0.10245627767462179,0.0,0.0
