session,nav,return,gross_return,cost_usd,terminal_settlement_usd,cost_return,traded_notional_usd,turnover,half_turnover,gross_exposure,net_exposure,cash_weight,rebalance
2020-01-02,99976.00575861793,-0.0002399424138206374,0.0,23.994241382068306,0.0,-0.00023994241382068306,39990.40230344718,0.3999040230344718,0.1999520115172359,0.4000000000000001,0.4000000000000001,0.5999999999999999,True
2020-01-03,99514.08794343623,-0.004620286754573488,-0.004620286754573412,0.0,0.0,-0.0,0.0,0.0,0.0,0.39721496026505776,0.39721496026505776,0.6027850397349422,False
2020-01-06,99133.51227764628,-0.0038243395850270367,-0.003824339585027003,0.0,0.0,-0.0,0.0,0.0,0.0,0.3949008556544712,0.3949008556544712,0.6050991443455289,False
2020-01-07,99683.04915337992,0.005543401652052138,0.005543401652051994,0.0,0.0,-0.0,0.0,0.0,0.0,0.3982366714839115,0.3982366714839115,0.6017633285160884,False
2020-01-08,100194.36923296095,0.005129458658455155,0.005129458658455277,0.0,0.0,-0.0,0.0,0.0,0.0,0.4013076391977795,0.4013076391977795,0.5986923608022204,False
2020-01-09,100251.05664613866,0.000565774440337119,0.000565774440337195,0.0,0.0,-0.0,0.0,0.0,0.0,0.40164617249965706,0.40164617249965706,0.5983538275003428,False
2020-01-10,100333.50591091535,0.0008224278878945501,0.0008224278878947456,0.0,0.0,-0.0,0.0,0.0,0.0,0.402137870987673,0.402137870987673,0.597862129012327,False
2020-01-13,100131.17254950388,-0.002016608106878204,-0.0020166081068784102,0.0,0.0,-0.0,0.0,0.0,0.0,0.40092978112770566,0.40092978112770566,0.5990702188722942,False
2020-01-14,99933.25575401963,-0.0019765752307195905,-0.0019765752307193477,0.0,0.0,-0.0,0.0,0.0,0.0,0.3997433286590592,0.3997433286590592,0.6002566713409409,False
2020-01-15,99884.50336468747,-0.00048784950479507927,-0.0004878495047952808,0.0,0.0,-0.0,0.0,0.0,0.0,0.39945035081009683,0.39945035081009683,0.6005496491899031,False
2020-01-16,99720.5371779089,-0.0016415578118249563,-0.0016415578118248717,0.0,0.0,-0.0,0.0,0.0,0.0,0.3984628928727897,0.3984628928727897,0.6015371071272103,False
2020-01-17,99865.85146764728,0.0014572152723077991,0.0014572152723077156,0.0,0.0,-0.0,0.0,0.0,0.0,0.39933818644099994,0.39933818644099994,0.6006618135590001,False
2020-01-21,99879.19851764335,0.00013364978919128134,0.00013364978919143392,0.0,0.0,-0.0,0.0,0.0,0.0,0.39941845403801,0.39941845403801,0.6005815459619901,False
2020-01-22,100159.52510665468,0.002806656372616123,0.0028066563726159986,0.0,0.0,-0.0,0.0,0.0,0.0,0.40109936232929233,0.40109936232929233,0.5989006376707078,False
2020-01-23,99879.73661274705,-0.0027934287189330664,-0.0027934287189331315,0.0,0.0,-0.0,0.0,0.0,0.0,0.39942168962913394,0.39942168962913394,0.6005783103708661,False
2020-01-24,100125.45028820413,0.0024600953485667265,0.0024600953485666684,0.0,0.0,-0.0,0.0,0.0,0.0,0.40089554371534547,0.40089554371534547,0.5991044562846546,False
2020-01-27,100582.5882103784,0.004565651598653853,0.004565651598653657,0.0,0.0,-0.0,0.0,0.0,0.0,0.40361841425570644,0.40361841425570644,0.5963815857442936,False
2020-01-28,100284.1485079019,-0.0029671109859717992,-0.002967110985971752,0.0,0.0,-0.0,0.0,0.0,0.0,0.40184361788299794,0.40184361788299794,0.5981563821170021,False
2020-01-29,100264.65886484052,-0.00019434420445674228,-0.00019434420445673187,0.0,0.0,-0.0,0.0,0.0,0.0,0.4017273470602142,0.4017273470602142,0.5982726529397858,False
2020-01-30,100618.41811739076,0.0035282546866999276,0.003528254686699883,0.0,0.0,-0.0,0.0,0.0,0.0,0.40383078389101684,0.40383078389101684,0.5961692161089831,False
2020-01-31,100757.95852951918,0.0013868277273612062,0.0013868277273613092,0.0,0.0,-0.0,0.0,0.0,0.0,0.4046564228710858,0.4046564228710858,0.5953435771289143,False
2020-02-03,101335.52505954819,0.005732217469052836,0.005740892467517017,0.8740751354892886,0.0,-8.674998464098593e-06,1456.791892482148,0.0143758008467023,0.00718790042335115,0.4000000000000001,0.4000000000000001,0.5999999999999999,True
2020-02-04,101229.91289035071,-0.0010422028122459848,-0.0010422028122459297,0.0,0.0,-0.0,0.0,0.0,0.0,0.39937402592070675,0.39937402592070675,0.6006259740792933,False
2020-02-05,101566.50616754431,0.0033250377045981327,0.003325037704598094,0.0,0.0,-0.0,0.0,0.0,0.0,0.4013645114913086,0.4013645114913086,0.5986354885086914,False
2020-02-06,101584.4359630374,0.0001765325614677682,0.00017653256146768915,0.0,0.0,-0.0,0.0,0.0,0.0,0.4014701714950494,0.4014701714950494,0.5985298285049506,False
2020-02-07,101591.12021056621,6.579991772803773e-05,6.57999177280709e-05,0.0,0.0,-0.0,0.0,0.0,0.0,0.4015095521172812,0.4015095521172812,0.5984904478827189,False
2020-02-10,101723.51707119629,0.0013032326088704416,0.0013032326088702746,0.0,0.0,-0.0,0.0,0.0,0.0,0.40228850922275844,0.40228850922275844,0.5977114907772415,False
2020-02-11,101753.22505093542,0.0002920463290543296,0.00029204632905439106,0.0,0.0,-0.0,0.0,0.0,0.0,0.40246301770491205,0.40246301770491205,0.597536982295088,False
2020-02-12,101450.58807890609,-0.002974224864890851,-0.002974224864890999,0.0,0.0,-0.0,0.0,0.0,0.0,0.4006805067661219,0.4006805067661219,0.599319493233878,False
2020-02-13,101430.82037109678,-0.00019485059853907583,-0.0001948505985388309,0.0,0.0,-0.0,0.0,0.0,0.0,0.400563706245498,0.400563706245498,0.5994362937545021,False
2020-02-14,101629.65345637433,0.0019602827281697266,0.001960282728169757,0.0,0.0,-0.0,0.0,0.0,0.0,0.4017364719065135,0.4017364719065135,0.5982635280934865,False
2020-02-18,101107.66340480867,-0.00513619828281453,-0.00513619828281469,0.0,0.0,-0.0,0.0,0.0,0.0,0.3986478078096184,0.3986478078096184,0.6013521921903815,False
2020-02-19,101012.43287494921,-0.0009418725213555801,-0.0009418725213555461,0.0,0.0,-0.0,0.0,0.0,0.0,0.39808087672732945,0.39808087672732945,0.6019191232726705,False
2020-02-20,101026.41364187154,0.00013840639735529514,0.0001384063973555645,0.0,0.0,-0.0,0.0,0.0,0.0,0.3981641746557149,0.3981641746557149,0.6018358253442851,False
2020-02-21,101350.24203321416,0.0032053834207217413,0.003205383420721665,0.0,0.0,-0.0,0.0,0.0,0.0,0.4000871254377143,0.4000871254377143,0.5999128745622857,False
2020-02-24,100823.29920139755,-0.005199226180870209,-0.005199226180870129,0.0,0.0,-0.0,0.0,0.0,0.0,0.3969517411419313,0.3969517411419313,0.6030482588580688,False
2020-02-25,100526.00000706903,-0.002948715194636242,-0.002948715194636475,0.0,0.0,-0.0,0.0,0.0,0.0,0.395168264613599,0.395168264613599,0.6048317353864009,False
2020-02-26,100261.8264741699,-0.002627912509008179,-0.002627912509008053,0.0,0.0,-0.0,0.0,0.0,0.0,0.39357463180273367,0.39357463180273367,0.6064253681972663,False
2020-02-27,100043.74231259376,-0.0021751465063556408,-0.0021751465063557527,0.0,0.0,-0.0,0.0,0.0,0.0,0.39225269236979465,0.39225269236979465,0.6077473076302052,False
2020-02-28,100182.27069195133,0.0013846781033513,0.0013846781033514093,0.0,0.0,-0.0,0.0,0.0,0.0,0.39309306311607006,0.39309306311607006,0.60690693688393,False
2020-03-02,100227.34152951915,0.000449888361049533,0.0005727104462905333,12.30459539056345,0.0,-0.00012282208524099669,20507.65898427242,0.20458630668665373,0.10229315334332686,0.4,0.4,0.6,True
2020-03-03,100267.34952716272,0.0003991724915879402,0.0003991724915878846,0.0,0.0,-0.0,0.0,0.0,0.0,0.4002394079298929,0.4002394079298929,0.5997605920701071,False
2020-03-04,99999.60996724616,-0.0026702566805560934,-0.002670256680556031,0.0,0.0,-0.0,0.0,0.0,0.0,0.3986336052969752,0.3986336052969752,0.6013663947030248,False
2020-03-05,99935.34605621416,-0.0006426416168328064,-0.0006426416168329262,0.0,0.0,-0.0,0.0,0.0,0.0,0.39824689370781335,0.39824689370781335,0.6017531062921866,False
2020-03-06,99868.59447904915,-0.0006679476261327588,-0.0006679476261326478,0.0,0.0,-0.0,0.0,0.0,0.0,0.3978446854949266,0.3978446854949266,0.6021553145050735,False
2020-03-09,100113.84803929091,0.0024557626100687457,0.0024557626100686174,0.0,0.0,-0.0,0.0,0.0,0.0,0.3993198134376953,0.3993198134376953,0.6006801865623047,False
2020-03-10,100421.3349921444,0.003071372830787844,0.0030713728307877643,0.0,0.0,-0.0,0.0,0.0,0.0,0.4011590771780146,0.4011590771780146,0.5988409228219854,False
2020-03-11,100594.14484885772,0.0017208480322117303,0.0017208480322118734,0.0,0.0,-0.0,0.0,0.0,0.0,0.40218782108972473,0.40218782108972473,0.5978121789102754,False
2020-03-12,100613.11489815582,0.00018858005430244518,0.0001885800543023233,0.0,0.0,-0.0,0.0,0.0,0.0,0.40230053528723664,0.40230053528723664,0.5976994647127634,False
2020-03-13,100680.84348519993,0.000673158634564297,0.0006731586345645238,0.0,0.0,-0.0,0.0,0.0,0.0,0.4027026111819224,0.4027026111819224,0.5972973888180777,False
2020-03-16,101334.90573539364,0.006496392238607429,0.006496392238607342,0.0,0.0,-0.0,0.0,0.0,0.0,0.4065578441969438,0.4065578441969438,0.5934421558030563,False
2020-03-17,101412.89732302979,0.0007696418827269902,0.0007696418827269236,0.0,0.0,-0.0,0.0,0.0,0.0,0.407014230880719,0.407014230880719,0.5929857691192809,False
2020-03-18,101336.2228972975,-0.0007560618792702423,-0.0007560618792701054,0.0,0.0,-0.0,0.0,0.0,0.0,0.40656555772106606,0.40656555772106606,0.593434442278934,False
2020-03-19,101419.14887819787,0.0008183251608302466,0.0008183251608302923,0.0,0.0,-0.0,0.0,0.0,0.0,0.40705078298444447,0.40705078298444447,0.5929492170155556,False
2020-03-20,101133.45497765247,-0.0028169621191409533,-0.0028169621191408622,0.0,0.0,-0.0,0.0,0.0,0.0,0.4053757489942388,0.4053757489942388,0.5946242510057613,False
2020-03-23,100957.42728244238,-0.0017405486171611084,-0.0017405486171612765,0.0,0.0,-0.0,0.0,0.0,0.0,0.4043389720156837,0.4043389720156837,0.5956610279843163,False
2020-03-24,101003.00822057461,0.0004514867242477738,0.00045148672424768653,0.0,0.0,-0.0,0.0,0.0,0.0,0.40460778369706485,0.40460778369706485,0.595392216302935,False
2020-03-25,101051.26159717256,0.0004777419747001854,0.00047774197470008665,0.0,0.0,-0.0,0.0,0.0,0.0,0.40489209172432417,0.40489209172432417,0.5951079082756757,False
2020-03-26,101112.56317452856,0.0006066384168499361,0.0006066384168500698,0.0,0.0,-0.0,0.0,0.0,0.0,0.40525288817067046,0.40525288817067046,0.5947471118293295,False
2020-03-27,101228.51578767988,0.0011467676173055885,0.0011467676173056616,0.0,0.0,-0.0,0.0,0.0,0.0,0.4059341436572713,0.4059341436572713,0.5940658563427288,False
2020-03-30,101058.70521434888,-0.0016774974127562459,-0.001677497412756329,0.0,0.0,-0.0,0.0,0.0,0.0,0.40493592521138916,0.40493592521138916,0.5950640747886109,False
2020-03-31,101185.22062596961,0.0012519001836841515,0.0012519001836841922,0.0,0.0,-0.0,0.0,0.0,0.0,0.40567995458541084,0.40567995458541084,0.5943200454145892,False
2020-04-01,101294.34329798304,0.001078444770277187,0.0013233993192780318,24.78578008398787,0.0,-0.00024495454900086953,41309.63347331312,0.40771800793395874,0.20385900396697937,0.40000000000000013,0.40000000000000013,0.5999999999999999,True
2020-04-02,101389.10850034814,0.0009355428869934901,0.0009355428869935236,0.0,0.0,-0.0,0.0,0.0,0.0,0.40056080107873604,0.40056080107873604,0.5994391989212641,False
2020-04-03,101354.90580082437,-0.0003373409632421165,-0.00033734096324223174,0.0,0.0,-0.0,0.0,0.0,0.0,0.40035851744341033,0.40035851744341033,0.5996414825565897,False
2020-04-06,101511.8384896606,0.001548348228398666,0.0015483482283987315,0.0,0.0,-0.0,0.0,0.0,0.0,0.4012855359231804,0.4012855359231804,0.5987144640768196,False
2020-04-07,101438.35977181786,-0.0007238438288182936,-0.0007238438288182747,0.0,0.0,-0.0,0.0,0.0,0.0,0.4008518462295258,0.4008518462295258,0.5991481537704741,False
2020-04-08,101211.31583233867,-0.0022382453737413988,-0.0022382453737414387,0.0,0.0,-0.0,0.0,0.0,0.0,0.39950779733494285,0.39950779733494285,0.6004922026650571,False
2020-04-09,101181.83394382226,-0.0002912904379709369,-0.000291290437970892,0.0,0.0,-0.0,0.0,0.0,0.0,0.3993328287315494,0.3993328287315494,0.6006671712684506,False
2020-04-13,101233.61864607836,0.0005117984151665755,0.0005117984151667188,0.0,0.0,-0.0,0.0,0.0,0.0,0.39964009198100314,0.39964009198100314,0.6003599080189969,False
2020-04-14,101133.59013315885,-0.0009880957952240754,-0.0009880957952241583,0.0,0.0,-0.0,0.0,0.0,0.0,0.3990462921491513,0.3990462921491513,0.6009537078508486,False
2020-04-15,101196.51388331444,0.0006221844796840958,0.0006221844796842563,0.0,0.0,-0.0,0.0,0.0,0.0,0.399419963726529,0.399419963726529,0.6005800362734711,False
2020-04-16,100838.11088215897,-0.0035416536341235094,-0.0035416536341235393,0.0,0.0,-0.0,0.0,0.0,0.0,0.39728535722159336,0.39728535722159336,0.6027146427784067,False
2020-04-17,100793.4547321843,-0.0004428499263225971,-0.00044284992632258617,0.0,0.0,-0.0,0.0,0.0,0.0,0.39701832683205707,0.39701832683205707,0.602981673167943,False
2020-04-20,101143.84675606011,0.003476337077708447,0.0034763370777082707,0.0,0.0,-0.0,0.0,0.0,0.0,0.399107232638961,0.399107232638961,0.600892767361039,False
2020-04-21,100889.45786011318,-0.0025151198427371124,-0.002515119842737202,0.0,0.0,-0.0,0.0,0.0,0.0,0.39759210458778815,0.39759210458778815,0.6024078954122118,False
2020-04-22,100912.34388433644,0.00022684257313576595,0.00022684257313576074,0.0,0.0,-0.0,0.0,0.0,0.0,0.39772872535345466,0.39772872535345466,0.6022712746465452,False
2020-04-23,100192.17026394754,-0.00713662563634776,-0.007136625636347763,0.0,0.0,-0.0,0.0,0.0,0.0,0.3933996457140399,0.3933996457140399,0.60660035428596,False
2020-04-24,99966.7468537087,-0.0022499104435504957,-0.0022499104435504055,0.0,0.0,-0.0,0.0,0.0,0.0,0.3920317716477233,0.3920317716477233,0.6079682283522767,False
2020-04-27,99821.26631573825,-0.0014552893091874797,-0.0014552893091874764,0.0,0.0,-0.0,0.0,0.0,0.0,0.3911457125122894,0.3911457125122894,0.6088542874877105,False
2020-04-28,99772.15269153706,-0.0004920156396918118,-0.0004920156396917869,0.0,0.0,-0.0,0.0,0.0,0.0,0.3908459992169233,0.3908459992169233,0.6091540007830767,False
2020-04-29,99740.22028836535,-0.00032005326446582494,-0.00032005326446580325,0.0,0.0,-0.0,0.0,0.0,0.0,0.3906509750722962,0.3906509750722962,0.6093490249277038,False
2020-04-30,100003.63129248402,0.002640970747378457,0.002640970747378531,0.0,0.0,-0.0,0.0,0.0,0.0,0.3922560091739628,0.3922560091739628,0.6077439908260371,False
2020-05-01,99781.49653594413,-0.0022212669047007028,-0.0022155245153623274,0.5742597861379486,0.0,-5.742389338427036e-06,957.0996435632478,0.009591899986948383,0.004795949993474192,0.4000000000000001,0.4000000000000001,0.5999999999999999,True
2020-05-04,99446.52796501595,-0.0033570209162728792,-0.0033570209162729573,0.0,0.0,-0.0,0.0,0.0,0.0,0.3979790029207696,0.3979790029207696,0.6020209970792303,False
2020-05-05,99409.12912539754,-0.00037606983756710566,-0.0003760698375670819,0.0,0.0,-0.0,0.0,0.0,0.0,0.39775251580721405,0.39775251580721405,0.602247484192786,False
2020-05-06,99612.67829522135,0.002047590313029035,0.0020475903130290508,0.0,0.0,-0.0,0.0,0.0,0.0,0.3989831520829762,0.3989831520829762,0.6010168479170237,False
2020-05-07,99311.29348777834,-0.003025566751149955,-0.003025566751149879,0.0,0.0,-0.0,0.0,0.0,0.0,0.39715921705385715,0.39715921705385715,0.6028407829461427,False
2020-05-08,99203.90099798932,-0.0010813723798919206,-0.0010813723798917818,0.0,0.0,-0.0,0.0,0.0,0.0,0.39650661597692727,0.39650661597692727,0.6034933840230728,False
2020-05-11,99723.37738183874,0.005236451174031487,0.005236451174031494,0.0,0.0,-0.0,0.0,0.0,0.0,0.3996503177752425,0.3996503177752425,0.6003496822247576,False
2020-05-12,99405.15773873642,-0.00319102352384093,-0.003191023523841107,0.0,0.0,-0.0,0.0,0.0,0.0,0.3977284551077512,0.3977284551077512,0.6022715448922488,False
2020-05-13,99098.13895689772,-0.003088559877804653,-0.0030885598778046235,0.0,0.0,-0.0,0.0,0.0,0.0,0.3958625403893188,0.3958625403893188,0.6041374596106812,False
2020-05-14,99001.71533807172,-0.0009730113990126243,-0.0009730113990125944,0.0,0.0,-0.0,0.0,0.0,0.0,0.39527413522961946,0.39527413522961946,0.6047258647703805,False
2020-05-15,98849.34017196199,-0.0015391164242902766,-0.0015391164242902404,0.0,0.0,-0.0,0.0,0.0,0.0,0.39434195698811636,0.39434195698811636,0.6056580430118836,False
2020-05-18,99120.60056980653,0.002744180157122411,0.0027441801571224974,0.0,0.0,-0.0,0.0,0.0,0.0,0.3959994433306195,0.3959994433306195,0.6040005566693806,False
2020-05-19,99363.59325961239,0.002451485245337448,0.0024514852453372516,0.0,0.0,-0.0,0.0,0.0,0.0,0.39747652074997014,0.39747652074997014,0.6025234792500298,False
2020-05-20,99163.81385107416,-0.0020105896132023293,-0.0020105896132022825,0.0,0.0,-0.0,0.0,0.0,0.0,0.3962626527104074,0.3962626527104074,0.6037373472895926,False
2020-05-21,99255.34153189976,0.0009229947626163693,0.0009229947626162771,0.0,0.0,-0.0,0.0,0.0,0.0,0.39681938525872523,0.39681938525872523,0.6031806147412747,False
2020-05-22,99007.27183924973,-0.002499308236930453,-0.002499308236930472,0.0,0.0,-0.0,0.0,0.0,0.0,0.3953080737466349,0.3953080737466349,0.6046919262533651,False
2020-05-26,99120.34131201029,0.001142032000883031,0.0011420320008832308,0.0,0.0,-0.0,0.0,0.0,0.0,0.3959978635151026,0.3959978635151026,0.6040021364848975,False
2020-05-27,99144.95276407624,0.0002482987017615734,0.00024829870176164997,0.0,0.0,-0.0,0.0,0.0,0.0,0.396147799232609,0.396147799232609,0.603852200767391,False
2020-05-28,98872.8197199704,-0.00274479977567188,-0.0027447997756719048,0.0,0.0,-0.0,0.0,0.0,0.0,0.39448578394822387,0.39448578394822387,0.6055142160517761,False
2020-05-29,98960.29905801688,0.0008847662916284804,0.0008847662916283531,0.0,0.0,-0.0,0.0,0.0,0.0,0.3950210489312742,0.3950210489312742,0.6049789510687258,False
2020-06-01,99079.35588241799,0.0012030766432031825,0.0014436344229896763,23.805669828391,0.0,-0.00024055777978636248,39676.11638065167,0.40035167152295886,0.20017583576147943,0.4,0.4,0.6,True
2020-06-02,99210.45679356516,0.0013231909914992457,0.001323190991499268,0.0,0.0,-0.0,0.0,0.0,0.0,0.4007928654824358,0.4007928654824358,0.5992071345175642,False
2020-06-03,98943.28325486742,-0.002692997767903327,-0.002692997767903305,0.0,0.0,-0.0,0.0,0.0,0.0,0.39917484468025954,0.39917484468025954,0.6008251553197405,False
2020-06-04,98767.36958848016,-0.00177792428753476,-0.0017779242875347843,0.0,0.0,-0.0,0.0,0.0,0.0,0.3981047204441847,0.3981047204441847,0.6018952795558152,False
2020-06-05,98380.80973666985,-0.003913841721420064,-0.003913841721420111,0.0,0.0,-0.0,0.0,0.0,0.0,0.39573974143361146,0.39573974143361146,0.6042602585663884,False
2020-06-08,98196.28022550324,-0.0018756657081856476,-0.0018756657081856,0.0,0.0,-0.0,0.0,0.0,0.0,0.39460422133168305,0.39460422133168305,0.605395778668317,False
2020-06-09,97634.18492009633,-0.0057242016104488425,-0.0057242016104487045,0.0,0.0,-0.0,0.0,0.0,0.0,0.3911188629463889,0.3911188629463889,0.6088811370536111,False
2020-06-10,97729.44433329336,0.0009756768418252015,0.0009756768418251256,0.0,0.0,-0.0,0.0,0.0,0.0,0.39171235511467184,0.39171235511467184,0.608287644885328,False
2020-06-11,97585.86042865724,-0.0014691980049169606,-0.0014691980049168682,0.0,0.0,-0.0,0.0,0.0,0.0,0.3908173451735709,0.3908173451735709,0.6091826548264291,False
2020-06-12,97082.90690395722,-0.005153959010974929,-0.005153959010974865,0.0,0.0,-0.0,0.0,0.0,0.0,0.3876613770098429,0.3876613770098429,0.6123386229901572,False
2020-06-15,97480.983068116,0.0041003733494773265,0.0041003733494772415,0.0,0.0,-0.0,0.0,0.0,0.0,0.3901619407355478,0.3901619407355478,0.6098380592644522,False
2020-06-16,97432.06086724697,-0.0005018640490611626,-0.0005018640490611112,0.0,0.0,-0.0,0.0,0.0,0.0,0.3898557312623276,0.3898557312623276,0.6101442687376725,False
2020-06-17,97340.34717730066,-0.000941309145367164,-0.0009413091453671041,0.0,0.0,-0.0,0.0,0.0,0.0,0.3892808557465911,0.3892808557465911,0.610719144253409,False
2020-06-18,97484.91326845827,0.0014851610390733683,0.0014851610390733297,0.0,0.0,-0.0,0.0,0.0,0.0,0.3901865269578552,0.3901865269578552,0.6098134730421447,False
2020-06-19,97302.32453315807,-0.0018729947966141802,-0.0018729947966141523,0.0,0.0,-0.0,0.0,0.0,0.0,0.3890422061890965,0.3890422061890965,0.6109577938109033,False
2020-06-22,97323.20308155369,0.0002145739939491964,0.0002145739939493484,0.0,0.0,-0.0,0.0,0.0,0.0,0.3891732737193656,0.3891732737193656,0.6108267262806344,False
2020-06-23,97484.42213907323,0.0016565325884767557,0.0016565325884768246,0.0,0.0,-0.0,0.0,0.0,0.0,0.39018345469964805,0.39018345469964805,0.609816545300352,False
2020-06-24,97314.7233679383,-0.0017407783460297033,-0.0017407783460297263,0.0,0.0,-0.0,0.0,0.0,0.0,0.38912004810736966,0.38912004810736966,0.6108799518926304,False
2020-06-25,97617.00002706007,0.003106176009758377,0.003106176009758206,0.0,0.0,-0.0,0.0,0.0,0.0,0.3910116730387993,0.3910116730387993,0.6089883269612006,False
2020-06-26,97352.75484930293,-0.002706958600283693,-0.002706958600283616,0.0,0.0,-0.0,0.0,0.0,0.0,0.38935869229923026,0.38935869229923026,0.6106413077007697,False
2020-06-29,97261.28745436342,-0.0009395460362789931,-0.0009395460362788845,0.0,0.0,-0.0,0.0,0.0,0.0,0.3887844271304288,0.3887844271304288,0.6112155728695713,False
2020-06-30,97536.44041809248,0.0028290080352695313,0.0028290080352694385,0.0,0.0,-0.0,0.0,0.0,0.0,0.3905086829637513,0.3905086829637513,0.6094913170362488,False
2020-07-01,97141.10071834427,-0.0040532512572077906,-0.003927407340607961,12.274367673426779,0.0,-0.00012584391659991266,20457.2794557113,0.21056684276381368,0.10528342138190684,0.4,0.4,0.6,True
2020-07-02,96531.80666955945,-0.006272258027541167,-0.006272258027541101,0.0,0.0,-0.0,0.0,0.0,0.0,0.3962128914615439,0.3962128914615439,0.6037871085384562,False
2020-07-06,96692.30646098478,0.0016626622557136539,0.0016626622557135659,0.0,0.0,-0.0,0.0,0.0,0.0,0.3972151191312791,0.3972151191312791,0.6027848808687208,False
2020-07-07,97207.27797434856,0.005325878885426905,0.0053258788854269115,0.0,0.0,-0.0,0.0,0.0,0.0,0.40040847099548504,0.40040847099548504,0.599591529004515,False
2020-07-08,97199.20656671579,-8.303295597789084e-05,-8.303295597790553e-05,0.0,0.0,-0.0,0.0,0.0,0.0,0.40035868100424227,0.40035868100424227,0.5996413189957576,False
2020-07-09,96962.72692789653,-0.002432937954662706,-0.0024329379546625496,0.0,0.0,-0.0,0.0,0.0,0.0,0.39889623283441455,0.39889623283441455,0.6011037671655854,False
2020-07-10,96937.38349233367,-0.00026137296635342366,-0.0002613729663533872,0.0,0.0,-0.0,0.0,0.0,0.0,0.39873907948406695,0.39873907948406695,0.601260920515933,False
2020-07-13,96828.07887169861,-0.0011275796467489219,-0.001127579646749109,0.0,0.0,-0.0,0.0,0.0,0.0,0.3980603445800442,0.3980603445800442,0.6019396554199558,False
2020-07-14,96670.55377025843,-0.0016268535250907323,-0.0016268535250907356,0.0,0.0,-0.0,0.0,0.0,0.0,0.39707948120869907,0.39707948120869907,0.6029205187913009,False
2020-07-15,96266.26889131495,-0.004182089200650219,-0.004182089200650141,0.0,0.0,-0.0,0.0,0.0,0.0,0.39454742453132574,0.39454742453132574,0.6054525754686744,False
2020-07-16,96221.6580698005,-0.0004634107255658826,-0.0004634107255660073,0.0,0.0,-0.0,0.0,0.0,0.0,0.39426672123311285,0.39426672123311285,0.6057332787668871,False
2020-07-17,96421.18359926129,0.00207360311039384,0.0020736031103938445,0.0,0.0,-0.0,0.0,0.0,0.0,0.39552017248362115,0.39552017248362115,0.6044798275163789,False
2020-07-20,96156.7085710878,-0.002742914142940589,-0.0027429141429405565,0.0,0.0,-0.0,0.0,0.0,0.0,0.39385757585579984,0.39385757585579984,0.6061424241442003,False
2020-07-21,96357.34465572081,0.0020865531652913827,0.002086553165291283,0.0,0.0,-0.0,0.0,0.0,0.0,0.39511969077962594,0.39511969077962594,0.6048803092203741,False
2020-07-22,96607.42257257283,0.0025953176454325266,0.002595317645432694,0.0,0.0,-0.0,0.0,0.0,0.0,0.39668548358981104,0.39668548358981104,0.6033145164101891,False
2020-07-23,96475.85609854302,-0.001361867137392836,-0.0013618671373928648,0.0,0.0,-0.0,0.0,0.0,0.0,0.39586272889381724,0.39586272889381724,0.6041372711061828,False
2020-07-24,96336.40532360203,-0.0014454473956526659,-0.0014454473956525215,0.0,0.0,-0.0,0.0,0.0,0.0,0.3949882161865651,0.3949882161865651,0.605011783813435,False
2020-07-27,96313.27180594031,-0.00024013266411593293,-0.00024013266411616017,0.0,0.0,-0.0,0.0,0.0,0.0,0.39484289819950086,0.39484289819950086,0.6051571018004991,False
2020-07-28,96574.67604828993,0.0027141040632105984,0.002714104063210702,0.0,0.0,-0.0,0.0,0.0,0.0,0.3964809118089853,0.3964809118089853,0.6035190881910146,False
2020-07-29,96434.05089053503,-0.0014561287027727854,-0.0014561287027728038,0.0,0.0,-0.0,0.0,0.0,0.0,0.39560082882790953,0.39560082882790953,0.6043991711720904,False
2020-07-30,96419.33829745842,-0.0001525663698739299,-0.00015256636987386412,0.0,0.0,-0.0,0.0,0.0,0.0,0.3955086037699667,0.3955086037699667,0.6044913962300332,False
2020-07-31,96302.47033686814,-0.0012120800936191722,-0.0012120800936191443,0.0,0.0,-0.0,0.0,0.0,0.0,0.39477502262272673,0.39477502262272673,0.6052249773772734,False
2020-08-03,96690.47480800402,0.0040290188795637505,0.00439397782478078,35.14644799594237,0.0,-0.0003649589452170783,58577.41332657062,0.6056038985941072,0.3028019492970536,0.4,0.4,0.6,True
2020-08-04,96643.00634042709,-0.000490932200624572,-0.0004909322006246275,0.0,0.0,-0.0,0.0,0.0,0.0,0.3997052959999419,0.3997052959999419,0.600294704000058,False
2020-08-05,97126.6839305083,0.005004786258174132,0.005004786258174222,0.0,0.0,-0.0,0.0,0.0,0.0,0.4026946814501545,0.4026946814501545,0.5973053185498454,False
2020-08-06,96738.88433588613,-0.003992719394184441,-0.003992719394184333,0.0,0.0,-0.0,0.0,0.0,0.0,0.40030024862214075,0.40030024862214075,0.5996997513778594,False
2020-08-07,96907.49156348185,0.0017429106067659017,0.0017429106067657994,0.0,0.0,-0.0,0.0,0.0,0.0,0.4013436531189274,0.4013436531189274,0.5986563468810726,False
2020-08-10,97327.75965524337,0.004336796722121505,0.004336796722121495,0.0,0.0,-0.0,0.0,0.0,0.0,0.40392869320837205,0.40392869320837205,0.596071306791628,False
2020-08-11,97217.78760330759,-0.0011299145518742781,-0.0011299145518743297,0.0,0.0,-0.0,0.0,0.0,0.0,0.40325442169567927,0.40325442169567927,0.5967455783043207,False
2020-08-12,97101.58029831997,-0.0011953296598540275,-0.00119532965985393,0.0,0.0,-0.0,0.0,0.0,0.0,0.40254026034830503,0.40254026034830503,0.5974597396516951,False
2020-08-13,97481.00947088424,0.003907548892598589,0.00390754889259849,0.0,0.0,-0.0,0.0,0.0,0.0,0.40486577642458454,0.40486577642458454,0.5951342235754155,False
2020-08-14,97579.83230429728,0.001013764977911391,0.0010137649779115624,0.0,0.0,-0.0,0.0,0.0,0.0,0.40546849164601884,0.40546849164601884,0.5945315083539813,False
2020-08-17,97106.52803147674,-0.004850431299621039,-0.004850431299621141,0.0,0.0,-0.0,0.0,0.0,0.0,0.40257070187910243,0.40257070187910243,0.5974292981208975,False
2020-08-18,96951.63304623397,-0.0015951037317755157,-0.001595103731775392,0.0,0.0,-0.0,0.0,0.0,0.0,0.40161621767488187,0.40161621767488187,0.5983837823251182,False
2020-08-19,96653.58264627692,-0.0030742174277241796,-0.0030742174277241423,0.0,0.0,-0.0,0.0,0.0,0.0,0.3997709831707196,0.3997709831707196,0.6002290168292805,False
2020-08-20,96582.13551052804,-0.0007392083541316596,-0.0007392083541317358,0.0,0.0,-0.0,0.0,0.0,0.0,0.3993269606419243,0.3993269606419243,0.6006730393580757,False
2020-08-21,96742.93812097439,0.0016649311966063784,0.0016649311966064435,0.0,0.0,-0.0,0.0,0.0,0.0,0.4003253776285238,0.4003253776285238,0.5996746223714762,False
2020-08-24,96354.35136179811,-0.004016693794128501,-0.004016693794128575,0.0,0.0,-0.0,0.0,0.0,0.0,0.39790695422808375,0.39790695422808375,0.6020930457719162,False
2020-08-25,95886.06620470772,-0.004860031233379747,-0.0048600312333797364,0.0,0.0,-0.0,0.0,0.0,0.0,0.39496647238664095,0.39496647238664095,0.6050335276133592,False
2020-08-26,95921.84655736978,0.0003731548709660082,0.0003731548709660875,0.0,0.0,-0.0,0.0,0.0,0.0,0.3951921593783674,0.3951921593783674,0.6048078406216327,False
2020-08-27,95754.69482350381,-0.001742582528016623,-0.0017425825280167491,0.0,0.0,-0.0,0.0,0.0,0.0,0.39413639204077644,0.39413639204077644,0.6058636079592236,False
2020-08-28,95254.08071509903,-0.005228089435484362,-0.005228089435484206,0.0,0.0,-0.0,0.0,0.0,0.0,0.39095223585936756,0.39095223585936756,0.6090477641406326,False
2020-08-31,95387.1394175587,0.0013968819126777277,0.0013968819126776238,0.0,0.0,-0.0,0.0,0.0,0.0,0.39180181690066235,0.39180181690066235,0.6081981830993376,False
2020-09-01,95345.37009500767,-0.0004378926006805006,-0.0003121843543154156,11.990950021944816,0.0,-0.00012570824636489247,19984.91670324136,0.20957917127975143,0.10478958563987571,0.4,0.4,0.6,True
2020-09-02,95303.16564403866,-0.00044264814250505324,-0.0004426481425051532,0.0,0.0,-0.0,0.0,0.0,0.0,0.3997342935000082,0.3997342935000082,0.6002657064999918,False
2020-09-03,95084.33655413863,-0.0022961366332505673,-0.002296136633250503,0.0,0.0,-0.0,0.0,0.0,0.0,0.398352829391282,0.398352829391282,0.601647170608718,False
2020-09-04,95288.52547966069,0.0021474507045207147,0.002147450704520573,0.0,0.0,-0.0,0.0,0.0,0.0,0.3996420684543443,0.3996420684543443,0.6003579315456558,False
2020-09-08,95490.72296957577,0.00212195003435367,0.0021219500343536636,0.0,0.0,-0.0,0.0,0.0,0.0,0.40091330049693563,0.40091330049693563,0.5990866995030644,False
2020-09-09,96084.87545325689,0.006222096400614996,0.006222096400615065,0.0,0.0,-0.0,0.0,0.0,0.0,0.40461782578013944,0.40461782578013944,0.5953821742198606,False
2020-09-10,95915.79501889624,-0.0017596987409626008,-0.0017596987409626854,0.0,0.0,-0.0,0.0,0.0,0.0,0.4035682856433157,0.4035682856433157,0.5964317143566843,False
2020-09-11,95989.38668771306,0.0007672528680215951,0.0007672528680215478,0.0,0.0,-0.0,0.0,0.0,0.0,0.4040255487503046,0.4040255487503046,0.5959744512496954,False
2020-09-14,96052.00827518263,0.0006523803269344874,0.0006523803269345946,0.0,0.0,-0.0,0.0,0.0,0.0,0.40441409727624117,0.40441409727624117,0.5955859027237589,False
2020-09-15,96306.26073551844,0.002647029092899267,0.002647029092899162,0.0,0.0,-0.0,0.0,0.0,0.0,0.4059864683760256,0.4059864683760256,0.5940135316239743,False
2020-09-16,96643.4625548242,0.00350134889186271,0.003501348891862861,0.0,0.0,-0.0,0.0,0.0,0.0,0.4080590601298881,0.4080590601298881,0.5919409398701119,False
2020-09-17,96707.03268968129,0.0006577799799032391,0.0006577799799032391,0.0,0.0,-0.0,0.0,0.0,0.0,0.40844817108002685,0.40844817108002685,0.5915518289199733,False
2020-09-18,96676.23986729246,-0.0003184134755498391,-0.0003184134755498453,0.0,0.0,-0.0,0.0,0.0,0.0,0.4082597530113604,0.4082597530113604,0.5917402469886396,False
2020-09-21,96778.101435995,0.0010536360210364748,0.0010536360210365516,0.0,0.0,-0.0,0.0,0.0,0.0,0.4088825756223471,0.4088825756223471,0.5911174243776529,False
2020-09-22,96643.15935113985,-0.0013943452377436216,-0.0013943452377436973,0.0,0.0,-0.0,0.0,0.0,0.0,0.40805720300233667,0.40805720300233667,0.5919427969976633,False
2020-09-23,96830.83859525254,0.0019419816712611393,0.0019419816712612109,0.0,0.0,-0.0,0.0,0.0,0.0,0.4092045170017831,0.4092045170017831,0.5907954829982168,False
2020-09-24,97193.33483753295,0.003743603252220229,0.0037436032522204046,0.0,0.0,-0.0,0.0,0.0,0.0,0.4114079720319155,0.4114079720319155,0.5885920279680846,False
2020-09-25,97023.62959241029,-0.0017460584659054756,-0.0017460584659055541,0.0,0.0,-0.0,0.0,0.0,0.0,0.4103784583474328,0.4103784583474328,0.5896215416525673,False
2020-09-28,97028.79545664127,5.3243361979760095e-05,5.324336197968572e-05,0.0,0.0,-0.0,0.0,0.0,0.0,0.41040985010920306,0.41040985010920306,0.5895901498907969,False
2020-09-29,97124.67204680158,0.0009881251200645202,0.0009881251200646406,0.0,0.0,-0.0,0.0,0.0,0.0,0.41099186384446085,0.41099186384446085,0.5890081361555393,False
2020-09-30,97077.40080370735,-0.00048670684902241135,-0.00048670684902245396,0.0,0.0,-0.0,0.0,0.0,0.0,0.41070504995618007,0.41070504995618007,0.5892949500438199,False
2020-10-01,97234.254247857,0.0016157565288217324,0.0016241707619246762,0.8168318793739799,0.0,-8.414233102775712e-06,1361.3864656233,0.014000981852596297,0.007000490926298148,0.4,0.4,0.6,True
2020-10-02,96821.98484008794,-0.004239960608101612,-0.004239960608101601,0.0,0.0,-0.0,0.0,0.0,0.0,0.3974451913470895,0.3974451913470895,0.6025548086529106,False
2020-10-05,96423.45439269087,-0.004116115240307194,-0.004116115240307183,0.0,0.0,-0.0,0.0,0.0,0.0,0.3949547553946942,0.3949547553946942,0.6050452446053058,False
2020-10-06,96275.93820114195,-0.00152987872585586,-0.0015298787258560052,0.0,0.0,-0.0,0.0,0.0,0.0,0.39402769125108134,0.39402769125108134,0.6059723087489186,False
2020-10-07,95558.74228476029,-0.007449378627537029,-0.007449378627536931,0.0,0.0,-0.0,0.0,0.0,0.0,0.3894796943343786,0.3894796943343786,0.6105203056656214,False
2020-10-08,95249.83259566396,-0.0032326680082894743,-0.0032326680082896543,0.0,0.0,-0.0,0.0,0.0,0.0,0.3874996841582897,0.3874996841582897,0.6125003158417102,False
2020-10-09,95019.38474955384,-0.0024194042113268033,-0.002419404211326616,0.0,0.0,-0.0,0.0,0.0,0.0,0.3860142043385718,0.3860142043385718,0.6139857956614283,False
2020-10-12,94847.55019517326,-0.0018084157757228825,-0.001808415775723016,0.0,0.0,-0.0,0.0,0.0,0.0,0.38490185114256,0.38490185114256,0.61509814885744,False
2020-10-13,95186.43861843357,0.0035729802463317917,0.003572980246331828,0.0,0.0,-0.0,0.0,0.0,0.0,0.38709176017626423,0.38709176017626423,0.6129082398237358,False
2020-10-14,94974.19419209845,-0.002229775894714625,-0.002229775894714652,0.0,0.0,-0.0,0.0,0.0,0.0,0.3857220580286015,0.3857220580286015,0.6142779419713986,False
2020-10-15,94771.79923055199,-0.002131052158622082,-0.0021310521586221805,0.0,0.0,-0.0,0.0,0.0,0.0,0.38441020406514875,0.38441020406514875,0.6155897959348513,False
2020-10-16,94888.00283553611,0.0012261411720320137,0.0012261411720318701,0.0,0.0,-0.0,0.0,0.0,0.0,0.3851640797010713,0.3851640797010713,0.6148359202989286,False
2020-10-19,95018.21966473506,0.0013723213188989725,0.0013723213188990928,0.0,0.0,-0.0,0.0,0.0,0.0,0.3860066758294922,0.3860066758294922,0.6139933241705078,False
2020-10-20,94949.17190106006,-0.0007266791981436205,-0.0007266791981436285,0.0,0.0,-0.0,0.0,0.0,0.0,0.38556017519029195,0.38556017519029195,0.6144398248097079,False
2020-10-21,94804.32660959582,-0.0015255034726914252,-0.0015255034726914642,0.0,0.0,-0.0,0.0,0.0,0.0,0.38462141301883224,0.38462141301883224,0.6153785869811677,False
2020-10-22,94896.70193203504,0.0009743787624758582,0.0009743787624759596,0.0,0.0,-0.0,0.0,0.0,0.0,0.3852204411645659,0.3852204411645659,0.6147795588354341,False
2020-10-23,94494.69063961241,-0.004236304152177461,-0.004236304152177465,0.0,0.0,-0.0,0.0,0.0,0.0,0.38260496802708527,0.38260496802708527,0.6173950319729148,False
2020-10-26,94719.42841382948,0.0023783111272799307,0.0023783111272798747,0.0,0.0,-0.0,0.0,0.0,0.0,0.38406984157649116,0.38406984157649116,0.6159301584235088,False
2020-10-27,94676.91389372479,-0.000448846881961118,-0.0004488468819611214,0.0,0.0,-0.0,0.0,0.0,0.0,0.3837932591021957,0.3837932591021957,0.6162067408978043,False
2020-10-28,94760.88343958248,0.000886906241493568,0.0008869062414934977,0.0,0.0,-0.0,0.0,0.0,0.0,0.3843392924263851,0.3843392924263851,0.6156607075736149,False
2020-10-29,94821.41251073801,0.0006387558764595624,0.0006387558764596331,0.0,0.0,-0.0,0.0,0.0,0.0,0.38473229828645045,0.38473229828645045,0.6152677017135496,False
2020-10-30,94770.90716623832,-0.0005326364917203064,-0.0005326364917205009,0.0,0.0,-0.0,0.0,0.0,0.0,0.3844044096108669,0.3844044096108669,0.615595590389133,False
2020-11-02,94819.86988547066,0.000516642930793676,0.0006397826469607556,11.670062609338812,0.0,-0.0001231397161669907,19450.10434889802,0.20510163980830534,0.10255081990415267,0.4,0.4,0.6,True
2020-11-03,94612.14827254666,-0.0021906970888579957,-0.0021906970888580296,0.0,0.0,-0.0,0.0,0.0,0.0,0.39868269593249944,0.39868269593249944,0.6013173040675006,False
2020-11-04,94286.41237497253,-0.0034428548925429237,-0.003442854892542942,0.0,0.0,-0.0,0.0,0.0,0.0,0.39660529552205304,0.39660529552205304,0.603394704477947,False
2020-11-05,94719.64253940967,0.004594831360368312,0.004594831360368323,0.0,0.0,-0.0,0.0,0.0,0.0,0.3993651115436636,0.3993651115436636,0.6006348884563365,False
2020-11-06,94934.89583204282,0.002272530669059414,0.00227253066905924,0.0,0.0,-0.0,0.0,0.0,0.0,0.4007269778656038,0.4007269778656038,0.5992730221343961,False
2020-11-09,94605.50881610578,-0.003469609494487491,-0.0034696094944875796,0.0,0.0,-0.0,0.0,0.0,0.0,0.3986404952182125,0.3986404952182125,0.6013595047817873,False
2020-11-10,94758.23942011828,0.0016143944039175295,0.0016143944039176531,0.0,0.0,-0.0,0.0,0.0,0.0,0.39960976185883446,0.39960976185883446,0.6003902381411655,False
2020-11-11,95103.186131142,0.003640281975843651,0.003640281975843667,0.0,0.0,-0.0,0.0,0.0,0.0,0.40178742431582054,0.40178742431582054,0.5982125756841794,False
2020-11-12,94781.84372111368,-0.003378881645302756,-0.003378881645302813,0.0,0.0,-0.0,0.0,0.0,0.0,0.39975928197090865,0.39975928197090865,0.6002407180290913,False
2020-11-13,94750.5825737785,-0.00032982210630083664,-0.00032982210630078823,0.0,0.0,-0.0,0.0,0.0,0.0,0.3995612439956987,0.3995612439956987,0.6004387560043013,False
2020-11-16,94682.89965713666,-0.0007143271819900487,-0.0007143271819900351,0.0,0.0,-0.0,0.0,0.0,0.0,0.39913202767027633,0.39913202767027633,0.6008679723297237,False
2020-11-17,95099.84700310894,0.004403618261398012,0.004403618261397869,0.0,0.0,-0.0,0.0,0.0,0.0,0.4017664199877995,0.4017664199877995,0.5982335800122004,False
2020-11-18,94998.9899093912,-0.0010605389692629474,-0.001060538969262914,0.0,0.0,-0.0,0.0,0.0,0.0,0.4011312963901493,0.4011312963901493,0.5988687036098507,False
2020-11-19,95290.02744925302,0.003063585624851539,0.003063585624851448,0.0,0.0,-0.0,0.0,0.0,0.0,0.40296037839237314,0.40296037839237314,0.5970396216076268,False
2020-11-20,95116.56310719541,-0.0018203829582269515,-0.0018203829582270003,0.0,0.0,-0.0,0.0,0.0,0.0,0.4018715555652934,0.4018715555652934,0.5981284444347066,False
2020-11-23,94844.62393986934,-0.002859009602981466,-0.0028590096029813576,0.0,0.0,-0.0,0.0,0.0,0.0,0.4001565975173105,0.4001565975173105,0.5998434024826896,False
2020-11-24,94622.47368420602,-0.002342254588980852,-0.002342254588980817,0.0,0.0,-0.0,0.0,0.0,0.0,0.39874831299428887,0.39874831299428887,0.6012516870057113,False
2020-11-25,94640.88439045899,0.00019457012204537882,0.00019457012204534012,0.0,0.0,-0.0,0.0,0.0,0.0,0.3988652758509323,0.3988652758509323,0.6011347241490679,False
2020-11-27,94664.17962173044,0.0002461434233362869,0.00024614342333608515,0.0,0.0,-0.0,0.0,0.0,0.0,0.39901320479808294,0.39901320479808294,0.600986795201917,False
2020-11-30,94548.9712107626,-0.0012170222298254485,-0.0012170222298254671,0.0,0.0,-0.0,0.0,0.0,0.0,0.3982808992763917,0.3982808992763917,0.6017191007236082,False
2020-12-01,94587.9939027682,0.0004127246600982293,0.00041577444791445454,0.2883543004347666,0.0,-3.0497878162205003e-06,480.59050072461105,0.005080867198946266,0.002540433599473133,0.4000000000000001,0.4000000000000001,0.6,True
2020-12-02,94481.79383873014,-0.0011227647363705184,-0.0011227647363705523,0.0,0.0,-0.0,0.0,0.0,0.0,0.39932558394761647,0.39932558394761647,0.6006744160523835,False
2020-12-03,94596.6394935239,0.0012155321160580712,0.001215532116058036,0.0,0.0,-0.0,0.0,0.0,0.0,0.4000548365616494,0.4000548365616494,0.5999451634383505,False
2020-12-04,94808.55697662567,0.0022402221076391893,0.0022402221076393888,0.0,0.0,-0.0,0.0,0.0,0.0,0.4013958428282705,0.4013958428282705,0.5986041571717297,False
2020-12-07,94428.59421942431,-0.004007684214569762,-0.004007684214569769,0.0,0.0,-0.0,0.0,0.0,0.0,0.39898717320958854,0.39898717320958854,0.6010128267904115,False
2020-12-08,94124.24860665412,-0.0032230238656627552,-0.0032230238656628454,0.0,0.0,-0.0,0.0,0.0,0.0,0.39704383108723407,0.39704383108723407,0.6029561689127659,False
2020-12-09,94021.10397562884,-0.001095834841203569,-0.0010958348412035564,0.0,0.0,-0.0,0.0,0.0,0.0,0.3963823658529709,0.3963823658529709,0.6036176341470291,False
2020-12-10,94271.53905063833,0.0026636049186830046,0.002663604918682932,0.0,0.0,-0.0,0.0,0.0,0.0,0.3979858935879266,0.3979858935879266,0.6020141064120734,False
2020-12-11,94205.23098789067,-0.0007033730796740523,-0.0007033730796740182,0.0,0.0,-0.0,0.0,0.0,0.0,0.3975621550255947,0.3975621550255947,0.6024378449744052,False
2020-12-14,93883.0627949792,-0.003419854603964434,-0.003419854603964335,0.0,0.0,-0.0,0.0,0.0,0.0,0.3954948352548207,0.3954948352548207,0.6045051647451793,False
2020-12-15,93718.2379477405,-0.001755639860180458,-0.0017556398601804818,0.0,0.0,-0.0,0.0,0.0,0.0,0.39443167536603063,0.39443167536603063,0.6055683246339694,False
2020-12-16,93665.86221960979,-0.0005588637737717894,-0.0005588637737719279,0.0,0.0,-0.0,0.0,0.0,0.0,0.3940930559247101,0.3940930559247101,0.6059069440752899,False
2020-12-17,93764.1317569133,0.001049149978175734,0.0010491499781756853,0.0,0.0,-0.0,0.0,0.0,0.0,0.39472807694956885,0.39472807694956885,0.6052719230504312,False
2020-12-18,93936.21942247813,0.0018353251114293645,0.0018353251114293504,0.0,0.0,-0.0,0.0,0.0,0.0,0.3958369126352081,0.3958369126352081,0.6041630873647919,False
2020-12-21,93868.3254735426,-0.0007227664616794582,-0.0007227664616794225,0.0,0.0,-0.0,0.0,0.0,0.0,0.3953999279804234,0.3953999279804234,0.6046000720195766,False
2020-12-22,93754.05040260236,-0.0012173975658322789,-0.0012173975658322544,0.0,0.0,-0.0,0.0,0.0,0.0,0.39466299218059586,0.39466299218059586,0.6053370078194041,False
2020-12-23,93810.34933686047,0.0006004960214129884,0.00060049602141305,0.0,0.0,-0.0,0.0,0.0,0.0,0.3950262764946203,0.3950262764946203,0.6049737235053798,False
2020-12-24,93852.78402109075,0.0004523454451481612,0.00045234544514804196,0.0,0.0,-0.0,0.0,0.0,0.0,0.3952998098713052,0.3952998098713052,0.6047001901286949,False
2020-12-28,93514.32883580784,-0.0036062349008937344,-0.003606234900893811,0.0,0.0,-0.0,0.0,0.0,0.0,0.39311122639497004,0.39311122639497004,0.60688877360503,False
2020-12-29,93778.02104557735,0.002819805403645681,0.002819805403645615,0.0,0.0,-0.0,0.0,0.0,0.0,0.3948177226508298,0.3948177226508298,0.6051822773491702,False
2020-12-30,94308.77581186376,0.005659692541693184,0.005659692541693305,0.0,0.0,-0.0,0.0,0.0,0.0,0.3982235920983975,0.3982235920983975,0.6017764079016026,False
2020-12-31,94717.41002916062,0.004332939472271757,0.004332939472271806,0.0,0.0,-0.0,0.0,0.0,0.0,0.4008198036222861,0.4008198036222861,0.599180196377714,False
2021-01-04,94533.58714228836,-0.0019407507744949593,-0.0018183470461059304,11.59376413093498,0.0,-0.00012240372838916955,19322.94021822497,0.20437784383056806,0.10218892191528403,0.39999999999999997,0.39999999999999997,0.6,True
2021-01-05,94850.0215714623,0.0033473227742606415,0.003347322774260752,0.0,0.0,-0.0,0.0,0.0,0.0,0.4020016933508162,0.4020016933508162,0.5979983066491839,False
2021-01-06,94716.96636656372,-0.001402795726285988,-0.0014027957262862064,0.0,0.0,-0.0,0.0,0.0,0.0,0.40116164546634003,0.40116164546634003,0.5988383545336599,False
2021-01-07,94679.91184266476,-0.00039121316191181865,-0.00039121316191179084,0.0,0.0,-0.0,0.0,0.0,0.0,0.40092728033346425,0.40092728033346425,0.5990727196665357,False
2021-01-08,94935.87923003048,0.0027035025950497005,0.002703502595049689,0.0,0.0,-0.0,0.0,0.0,0.0,0.4025425082129424,0.4025425082129424,0.5974574917870575,False
2021-01-11,95224.2228338933,0.0030372458358358667,0.0030372458358359027,0.0,0.0,-0.0,0.0,0.0,0.0,0.4043516387178691,0.4043516387178691,0.595648361282131,False
2021-01-12,95520.26564666929,0.0031089023776271763,0.0031089023776269707,0.0,0.0,-0.0,0.0,0.0,0.0,0.4061977120626777,0.4061977120626777,0.5938022879373221,False
2021-01-13,95952.37687581698,0.004523764943724862,0.0045237649437249545,0.0,0.0,-0.0,0.0,0.0,0.0,0.40887183692404927,0.40887183692404927,0.5911281630759507,False
2021-01-14,96138.51412945017,0.0019398920557651689,0.001939892055765243,0.0,0.0,-0.0,0.0,0.0,0.0,0.41001634153613464,0.41001634153613464,0.5899836584638654,False
2021-01-15,95961.68954567211,-0.0018392689483421876,-0.0018392689483422036,0.0,0.0,-0.0,0.0,0.0,0.0,0.4089292033736278,0.4089292033736278,0.5910707966263721,False
2021-01-19,95994.58662545995,0.0003428147205786214,0.0003428147205786198,0.0,0.0,-0.0,0.0,0.0,0.0,0.40913176170363824,0.40913176170363824,0.5908682382963618,False
2021-01-20,95642.51770482984,-0.0036675914028754253,-0.0036675914028756478,0.0,0.0,-0.0,0.0,0.0,0.0,0.406956721273046,0.406956721273046,0.5930432787269538,False
2021-01-21,95520.41382544715,-0.0012766694385808464,-0.0012766694385808728,0.0,0.0,-0.0,0.0,0.0,0.0,0.4061986332154847,0.4061986332154847,0.5938013667845152,False
2021-01-22,95795.78640128202,0.0028828662356727985,0.0028828662356728428,0.0,0.0,-0.0,0.0,0.0,0.0,0.4079055622783222,0.4079055622783222,0.5920944377216777,False
2021-01-25,96214.609784047,0.004372043891477162,0.004372043891477318,0.0,0.0,-0.0,0.0,0.0,0.0,0.41048295666655005,0.41048295666655005,0.58951704333345,False
2021-01-26,96755.54198262893,0.005622141998975483,0.005622141998975348,0.0,0.0,-0.0,0.0,0.0,0.0,0.4137787756327559,0.4137787756327559,0.5862212243672441,False
2021-01-27,96562.44685889644,-0.0019957009156866823,-0.0019957009156867625,0.0,0.0,-0.0,0.0,0.0,0.0,0.412606513914707,0.412606513914707,0.587393486085293,False
2021-01-28,97049.29211183109,0.005041765911815155,0.005041765911815394,0.0,0.0,-0.0,0.0,0.0,0.0,0.4155531580795696,0.4155531580795696,0.5844468419204304,False
2021-01-29,96986.5624979483,-0.0006463685877328151,-0.0006463685877327789,0.0,0.0,-0.0,0.0,0.0,0.0,0.4151751456644017,0.4151751456644017,0.5848248543355984,False
2021-02-01,96960.06648807641,-0.00027319258657554357,-2.4101960353234766e-05,24.158443587774695,0.0,-0.00024909062622242904,40264.07264629116,0.4151610498992133,0.20758052494960666,0.4,0.4,0.6,True
2021-02-02,96822.95415280803,-0.0014141113989978304,-0.001414111398997886,0.0,0.0,-0.0,0.0,0.0,0.0,0.39915033163488073,0.39915033163488073,0.6008496683651192,False
2021-02-03,97128.01674598118,0.003150725939343735,0.00315072593934391,0.0,0.0,-0.0,0.0,0.0,0.0,0.40103749832560065,0.40103749832560065,0.5989625016743995,False
2021-02-04,97088.89602497188,-0.000402774835932318,-0.00040277483593245965,0.0,0.0,-0.0,0.0,0.0,0.0,0.40079615409487607,0.40079615409487607,0.5992038459051239,False
2021-02-05,96865.5894676462,-0.0023000215932853507,-0.002300021593285392,0.0,0.0,-0.0,0.0,0.0,0.0,0.3994147951551251,0.3994147951551251,0.6005852048448749,False
2021-02-08,96870.58196052437,5.154041704180656e-05,5.154041704197478e-05,0.0,0.0,-0.0,0.0,0.0,0.0,0.39944574797173105,0.39944574797173105,0.6005542520282691,False
2021-02-09,96877.4731749969,7.113836144134744e-05,7.113836144125897e-05,0.0,0.0,-0.0,0.0,0.0,0.0,0.39948846737818827,0.39948846737818827,0.6005115326218117,False
2021-02-10,97158.29728173594,0.002898755485000626,0.002898755485000648,0.0,0.0,-0.0,0.0,0.0,0.0,0.4012241720936177,0.4012241720936177,0.5987758279063823,False
2021-02-11,97539.64105153669,0.003924973784739549,0.003924973784739606,0.0,0.0,-0.0,0.0,0.0,0.0,0.40356516319239305,0.40356516319239305,0.596434836807607,False
2021-02-12,97526.69869052297,-0.00013268821654655039,-0.00013268821654658118,0.0,0.0,-0.0,0.0,0.0,0.0,0.4034860128152884,0.4034860128152884,0.5965139871847116,False
2021-02-16,97445.03619327638,-0.000837334784659638,-0.0008373347846596646,0.0,0.0,-0.0,0.0,0.0,0.0,0.4029861123202092,0.4029861123202092,0.5970138876797907,False
2021-02-17,97419.32198126896,-0.00026388426760304284,-0.0002638842676030118,0.0,0.0,-0.0,0.0,0.0,0.0,0.40282852816373027,0.40282852816373027,0.5971714718362696,False
2021-02-18,97154.50981914994,-0.0027182714551220455,-0.0027182714551219163,0.0,0.0,-0.0,0.0,0.0,0.0,0.401200829471131,0.401200829471131,0.598799170528869,False
2021-02-19,97107.43889614273,-0.000484495502008353,-0.00048449550200851114,0.0,0.0,-0.0,0.0,0.0,0.0,0.4009105733386127,0.4009105733386127,0.5990894266613872,False
2021-02-22,96957.1011750639,-0.0015481586455968754,-0.0015481586455967783,0.0,0.0,-0.0,0.0,0.0,0.0,0.3999816497421443,0.3999816497421443,0.6000183502578557,False
2021-02-23,96511.98703159903,-0.004590835927130166,-0.004590835927130154,0.0,0.0,-0.0,0.0,0.0,0.0,0.39721435976861186,0.39721435976861186,0.6027856402313881,False
2021-02-24,96383.37247098173,-0.0013326278379822698,-0.0013326278379822368,0.0,0.0,-0.0,0.0,0.0,0.0,0.39640999893045886,0.39640999893045886,0.6035900010695411,False
2021-02-25,96500.29469860355,0.001213095419098531,0.0012130954190985245,0.0,0.0,-0.0,0.0,0.0,0.0,0.3971413240286435,0.3971413240286435,0.6028586759713565,False
2021-02-26,96774.67760475398,0.002843337494537135,0.0028433374945371847,0.0,0.0,-0.0,0.0,0.0,0.0,0.39885059467262957,0.39885059467262957,0.6011494053273704,False
2021-03-01,96397.53692754607,-0.00389710083817818,-0.0037757944881185246,11.739382918435476,0.0,-0.00012130635005968533,19565.63819739246,0.20294352313553005,0.10147176156776502,0.4,0.4,0.6,True
2021-03-02,96374.4120107289,-0.00023989115857336873,-0.00023989115857327988,0.0,0.0,-0.0,0.0,0.0,0.0,0.3998560307679102,0.3998560307679102,0.6001439692320898,False
2021-03-03,96495.6015690036,0.0012574868758856717,0.0012574868758855684,0.0,0.0,-0.0,0.0,0.0,0.0,0.40060975613310656,0.40060975613310656,0.5993902438668933,False
2021-03-04,96774.55612164819,0.0028908525166828625,0.0028908525166830724,0.0,0.0,-0.0,0.0,0.0,0.0,0.4023375102457399,0.4023375102457399,0.5976624897542602,False
2021-03-05,97049.8713951648,0.0028449138342780955,0.0028449138342781758,0.0,0.0,-0.0,0.0,0.0,0.0,0.40403298505134067,0.40403298505134067,0.5959670149486592,False
2021-03-08,97024.38308673941,-0.0002626310376198093,-0.00026263103761983535,0.0,0.0,-0.0,0.0,0.0,0.0,0.403876424498157,0.403876424498157,0.5961235755018429,False
2021-03-09,96799.32876404517,-0.0023195645829877654,-0.0023195645829876444,0.0,0.0,-0.0,0.0,0.0,0.0,0.4024904625370608,0.4024904625370608,0.5975095374629394,False
2021-03-10,96677.99284870169,-0.0012534788917726303,-0.0012534788917727112,0.0,0.0,-0.0,0.0,0.0,0.0,0.40174055695339805,0.40174055695339805,0.598259443046602,False
2021-03-11,96611.95497051431,-0.0006830704304207069,-0.000683070430420785,0.0,0.0,-0.0,0.0,0.0,0.0,0.40133162428832136,0.40133162428832136,0.5986683757116786,False
2021-03-12,96625.57833611622,0.00014101117823428488,0.00014101117823422753,0.0,0.0,-0.0,0.0,0.0,0.0,0.40141603131901715,0.40141603131901715,0.5985839686809827,False
2021-03-15,96969.53343324334,0.0035596692206143477,0.003559669220614449,0.0,0.0,-0.0,0.0,0.0,0.0,0.40353923434781347,0.40353923434781347,0.5964607656521866,False
2021-03-16,97145.86955021298,0.0018184692730427443,0.0018184692730425372,0.0,0.0,-0.0,0.0,0.0,0.0,0.4046219111083057,0.4046219111083057,0.5953780888916942,False
2021-03-17,97147.55991470655,1.7400271379530707e-05,1.740027137952095e-05,0.0,0.0,-0.0,0.0,0.0,0.0,0.4046322706683667,0.4046322706683667,0.5953677293316333,False
2021-03-18,97010.70438583128,-0.001408738716602076,-0.0014087387166021345,0.0,0.0,-0.0,0.0,0.0,0.0,0.4037923698967066,0.4037923698967066,0.5962076301032934,False
2021-03-19,96911.27805816717,-0.0010249005848743664,-0.0010249005848744345,0.0,0.0,-0.0,0.0,0.0,0.0,0.4031806894362454,0.4031806894362454,0.5968193105637545,False
2021-03-22,97160.99054758169,0.0025767123746385234,0.0025767123746387433,0.0,0.0,-0.0,0.0,0.0,0.0,0.4047145687733294,0.4047145687733294,0.5952854312266707,False
2021-03-23,97080.07209927938,-0.0008328285646973521,-0.0008328285646972887,0.0,0.0,-0.0,0.0,0.0,0.0,0.40421838482589095,0.40421838482589095,0.5957816151741091,False
2021-03-24,96860.52557945502,-0.0022614993487009016,-0.0022614993487009454,0.0,0.0,-0.0,0.0,0.0,0.0,0.40286797113151634,0.40286797113151634,0.5971320288684837,False
2021-03-25,96912.44283373353,0.000536000129752745,0.000536000129752696,0.0,0.0,-0.0,0.0,0.0,0.0,0.4031878625146465,0.4031878625146465,0.5968121374853536,False
2021-03-26,97165.47257033811,0.002610910727311788,0.002610910727311883,0.0,0.0,-0.0,0.0,0.0,0.0,0.40474202793941744,0.40474202793941744,0.5952579720605827,False
2021-03-29,96992.75311655563,-0.0017775805459850913,-0.0017775805459852028,0.0,0.0,-0.0,0.0,0.0,0.0,0.4036820247073158,0.4036820247073158,0.5963179752926842,False
2021-03-30,97124.92629379107,0.0013627118829857565,0.001362711882985767,0.0,0.0,-0.0,0.0,0.0,0.0,0.40449352845248854,0.40449352845248854,0.5955064715475115,False
2021-03-31,97208.22999996491,0.000857696467350344,0.000857696467350444,0.0,0.0,-0.0,0.0,0.0,0.0,0.40500385454453286,0.40500385454453286,0.5949961454554672,False
2021-04-01,97319.1711130998,0.0011412728442328213,0.0015069010387045556,35.542069622704155,0.0,-0.00036562819447198024,59236.78270450693,0.6084634299453686,0.3042317149726843,0.4000000000000001,0.4000000000000001,0.6,True
2021-04-05,97228.27971443141,-0.0009339516318194185,-0.0009339516318195408,0.0,0.0,-0.0,0.0,0.0,0.0,0.39943910517226866,0.39943910517226866,0.6005608948277312,False
2021-04-06,96828.25849492406,-0.004114247631267887,-0.004114247631267866,0.0,0.0,-0.0,0.0,0.0,0.0,0.3969580412218104,0.3969580412218104,0.6030419587781896,False
2021-04-07,96897.77513104797,0.000717937482347164,0.0007179374823472995,0.0,0.0,-0.0,0.0,0.0,0.0,0.3973906770419739,0.3973906770419739,0.602609322958026,False
2021-04-08,97107.37961868613,0.002163150674560743,0.002163150674560638,0.0,0.0,-0.0,0.0,0.0,0.0,0.3986913981496855,0.3986913981496855,0.6013086018503144,False
2021-04-09,96931.2158931983,-0.0018141126470467839,-0.0018141126470466193,0.0,0.0,-0.0,0.0,0.0,0.0,0.3975985741043694,0.3975985741043694,0.6024014258956306,False
2021-04-12,96213.42514130779,-0.0074051557620137265,-0.00740515576201375,0.0,0.0,-0.0,0.0,0.0,0.0,0.3931044177868026,0.3931044177868026,0.6068955822131974,False
2021-04-13,95795.56712577284,-0.0043430323254913805,-0.004343032325491482,0.0,0.0,-0.0,0.0,0.0,0.0,0.390457153500684,0.390457153500684,0.609542846499316,False
2021-04-14,95725.86626060095,-0.0007276001099338902,-0.0007276001099338378,0.0,0.0,-0.0,0.0,0.0,0.0,0.3900133271304459,0.3900133271304459,0.6099866728695541,False
2021-04-15,95604.44219598173,-0.0012684561588469645,-0.0012684561588469298,0.0,0.0,-0.0,0.0,0.0,0.0,0.3892386030749304,0.3892386030749304,0.6107613969250697,False
2021-04-16,95642.87788491076,0.0004020282744838788,0.0004020282744836995,0.0,0.0,-0.0,0.0,0.0,0.0,0.3894840477497583,0.3894840477497583,0.6105159522502417,False
2021-04-19,96147.86189583427,0.005279891426219541,0.005279891426219694,0.0,0.0,-0.0,0.0,0.0,0.0,0.39269057557285364,0.39269057557285364,0.6073094244271464,False
2021-04-20,95507.6744501848,-0.0066583638265720335,-0.006658363826571967,0.0,0.0,-0.0,0.0,0.0,0.0,0.3886197836560675,0.3886197836560675,0.6113802163439327,False
2021-04-21,95343.76143706571,-0.0017162287121186282,-0.001716228712118833,0.0,0.0,-0.0,0.0,0.0,0.0,0.3875687114945344,0.3875687114945344,0.6124312885054656,False
2021-04-22,95847.54882140053,0.005283905068790062,0.005283905068790149,0.0,0.0,-0.0,0.0,0.0,0.0,0.3907877312891449,0.3907877312891449,0.6092122687108552,False
2021-04-23,95860.0024053368,0.0001299311676656867,0.00012993116766555723,0.0,0.0,-0.0,0.0,0.0,0.0,0.39086687666712316,0.39086687666712316,0.6091331233328767,False
2021-04-26,95658.42947489831,-0.002102784533492441,-0.002102784533492241,0.0,0.0,-0.0,0.0,0.0,0.0,0.3895833018753213,0.3895833018753213,0.6104166981246788,False
2021-04-27,95324.68418534807,-0.0034889271273036426,-0.003488927127303751,0.0,0.0,-0.0,0.0,0.0,0.0,0.38744614611757633,0.38744614611757633,0.6125538538824236,False
2021-04-28,94937.5541673284,-0.004061172836061444,-0.004061172836061361,0.0,0.0,-0.0,0.0,0.0,0.0,0.3849483149213613,0.3849483149213613,0.6150516850786387,False
2021-04-29,94915.22922321991,-0.00023515398415618893,-0.00023515398415620585,0.0,0.0,-0.0,0.0,0.0,0.0,0.38480364904839665,0.38480364904839665,0.6151963509516033,False
2021-04-30,95447.01817316501,0.005602777913483736,0.005602777913483711,0.0,0.0,-0.0,0.0,0.0,0.0,0.3882312534696167,0.3882312534696167,0.6117687465303833,False
2021-05-03,95722.90600281603,0.002890481388852839,0.0030186888834968202,12.237023071231256,0.0,-0.00012820749464409882,20395.038452052097,0.2130360681295183,0.10651803406475915,0.4000000000000001,0.4000000000000001,0.5999999999999999,True
2021-05-04,95500.43004187869,-0.0023241663905481103,-0.002324166390548166,0.0,0.0,-0.0,0.0,0.0,0.0,0.3986022515657378,0.3986022515657378,0.6013977484342622,False
2021-05-05,96034.52797239047,0.005592623303136701,0.005592623303136623,0.0,0.0,-0.0,0.0,0.0,0.0,0.4019469370620369,0.4019469370620369,0.598053062937963,False
2021-05-06,95931.67878350936,-0.0010709605290160074,-0.0010709605290160377,0.0,0.0,-0.0,0.0,0.0,0.0,0.4013057591611493,0.4013057591611493,0.5986942408388507,False
2021-05-07,96384.28433197105,0.004717998832096892,0.00471799883209707,0.0,0.0,-0.0,0.0,0.0,0.0,0.40411713382781633,0.40411713382781633,0.5958828661721837,False
2021-05-10,96668.5679406969,0.0029494809314214443,0.0029494809314213107,0.0,0.0,-0.0,0.0,0.0,0.0,0.40586951037773317,0.40586951037773317,0.5941304896222668,False
2021-05-11,96698.71171922139,0.0003118260585279753,0.0003118260585280707,0.0,0.0,-0.0,0.0,0.0,0.0,0.40605471799400245,0.40605471799400245,0.5939452820059975,False
2021-05-12,96858.79387656637,0.001655473526987583,0.0016554735269876226,0.0,0.0,-0.0,0.0,0.0,0.0,0.4070363536130621,0.4070363536130621,0.5929636463869379,False
2021-05-13,97491.43981723089,0.0065316314125358765,0.0065316314125358045,0.0,0.0,-0.0,0.0,0.0,0.0,0.41088424061269607,0.41088424061269607,0.5891157593873039,False
2021-05-14,97872.36358266663,0.003907253458866444,0.003907253458866403,0.0,0.0,-0.0,0.0,0.0,0.0,0.41317710639348215,0.41317710639348215,0.5868228936065178,False
2021-05-17,97812.91168242604,-0.0006074431848207551,-0.0006074431848207232,0.0,0.0,-0.0,0.0,0.0,0.0,0.41282042816430464,0.41282042816430464,0.5871795718356954,False
2021-05-18,97961.85018857456,0.0015226875837424103,0.0015226875837423958,0.0,0.0,-0.0,0.0,0.0,0.0,0.41371315985630297,0.41371315985630297,0.586286840143697,False
2021-05-19,97873.61136400934,-0.0009007468151670528,-0.0009007468151669893,0.0,0.0,-0.0,0.0,0.0,0.0,0.41318458774262123,0.41318458774262123,0.5868154122573788,False
2021-05-20,97797.68362248296,-0.0007757733720888949,-0.0007757733720888337,0.0,0.0,-0.0,0.0,0.0,0.0,0.4127289985374867,0.4127289985374867,0.5872710014625133,False
2021-05-21,97810.85144333993,0.00013464348407055127,0.00013464348407044526,0.0,0.0,-0.0,0.0,0.0,0.0,0.41280806010609206,0.41280806010609206,0.5871919398939078,False
2021-05-24,97943.21065806365,0.0013532160570179919,0.0013532160570179914,0.0,0.0,-0.0,0.0,0.0,0.0,0.4136015838586245,0.4136015838586245,0.5863984161413754,False
2021-05-25,98208.91334703616,0.002712823963879618,0.002712823963879634,0.0,0.0,-0.0,0.0,0.0,0.0,0.415188075661333,0.415188075661333,0.584811924338667,False
2021-05-26,98259.09426443561,0.0005109609269591253,0.0005109609269592347,0.0,0.0,-0.0,0.0,0.0,0.0,0.41548673909894296,0.41548673909894296,0.584513260901057,False
2021-05-27,98426.72111516785,0.0017059677985746813,0.0017059677985746032,0.0,0.0,-0.0,0.0,0.0,0.0,0.4164822016727843,0.4164822016727843,0.5835177983272156,False
2021-05-28,98661.51565574492,0.0023854755895236224,0.0023854755895235686,0.0,0.0,-0.0,0.0,0.0,0.0,0.41787085653447165,0.41787085653447165,0.5821291434655284,False
2021-06-01,98108.73459626781,-0.005602803238964116,-0.005474693204577578,12.639530163292754,0.0,-0.00012811003438661215,21065.883605487925,0.2146920973440931,0.10734604867204656,0.39999999999999997,0.39999999999999997,0.6,True
2021-06-02,98366.1656846752,0.0026239364870697113,0.0026239364870697776,0.0,0.0,-0.0,0.0,0.0,0.0,0.4015702416778099,0.4015702416778099,0.59842975832219,False
2021-06-03,98027.18867135751,-0.003446073260640503,-0.00344607326064053,0.0,0.0,-0.0,0.0,0.0,0.0,0.3995008777094463,0.3995008777094463,0.6004991222905537,False
2021-06-04,97559.61541592877,-0.004769832347189973,-0.004769832347190114,0.0,0.0,-0.0,0.0,0.0,0.0,0.39662286995701257,0.39662286995701257,0.6033771300429873,False
2021-06-07,97500.92211056926,-0.0006016147676400907,-0.0006016147676400561,0.0,0.0,-0.0,0.0,0.0,0.0,0.39625965084714204,0.39625965084714204,0.6037403491528579,False
2021-06-08,97628.11105079064,0.0013044896137202056,0.0013044896137202862,0.0,0.0,-0.0,0.0,0.0,0.0,0.39704619781963946,0.39704619781963946,0.6029538021803605,False
2021-06-09,97470.77977428611,-0.0016115366241458151,-0.0016115366241458828,0.0,0.0,-0.0,0.0,0.0,0.0,0.39607294725582975,0.39607294725582975,0.6039270527441701,False
2021-06-10,97605.94593989913,0.0013867352444087988,0.0013867352444089601,0.0,0.0,-0.0,0.0,0.0,0.0,0.396909274420567,0.396909274420567,0.6030907255794331,False
2021-06-11,97425.62999564793,-0.001847386883194857,-0.0018473868831947711,0.0,0.0,-0.0,0.0,0.0,0.0,0.3957930704642072,0.3957930704642072,0.6042069295357929,False
2021-06-14,97380.91056472404,-0.00045901094943801013,-0.00045901094943810717,0.0,0.0,-0.0,0.0,0.0,0.0,0.395515605508371,0.395515605508371,0.604484394491629,False
2021-06-15,97300.70456148393,-0.0008236316827906487,-0.000823631682790742,0.0,0.0,-0.0,0.0,0.0,0.0,0.39501732260773115,0.39501732260773115,0.6049826773922687,False
2021-06-16,97306.30503442275,5.75584006721197e-05,5.755840067219709e-05,0.0,0.0,-0.0,0.0,0.0,0.0,0.3950521424389025,0.3950521424389025,0.6049478575610976,False
2021-06-17,97427.58243892711,0.0012463468267700506,0.0012463468267699387,0.0,0.0,-0.0,0.0,0.0,0.0,0.3958051787371343,0.3958051787371343,0.6041948212628657,False
2021-06-18,97386.08142838355,-0.0004259677752918023,-0.00042596777529184176,0.0,0.0,-0.0,0.0,0.0,0.0,0.39554770153628765,0.39554770153628765,0.6044522984637123,False
2021-06-21,97751.62150366392,0.0037535145671629966,0.0037535145671630946,0.0,0.0,-0.0,0.0,0.0,0.0,0.3978080378384894,0.3978080378384894,0.6021919621615106,False
2021-06-22,97493.22326393271,-0.0026434164032923535,-0.002643416403292245,0.0,0.0,-0.0,0.0,0.0,0.0,0.396211974668216,0.396211974668216,0.6037880253317841,False
2021-06-23,97116.73723841962,-0.0038616635383350584,-0.003861663538335092,0.0,0.0,-0.0,0.0,0.0,0.0,0.39387130960497874,0.39387130960497874,0.6061286903950214,False
2021-06-24,96757.54579003001,-0.0036985534996691882,-0.0036985534996692095,0.0,0.0,-0.0,0.0,0.0,0.0,0.3916211880208085,0.3916211880208085,0.6083788119791915,False
2021-06-25,96701.0544194511,-0.0005838445995881569,-0.0005838445995880622,0.0,0.0,-0.0,0.0,0.0,0.0,0.39126578183494837,0.39126578183494837,0.6087342181650517,False
2021-06-28,96706.74281682831,5.8824564130643964e-05,5.882456413075878e-05,0.0,0.0,-0.0,0.0,0.0,0.0,0.3913015882537064,0.3913015882537064,0.6086984117462937,False
2021-06-29,96873.23522112428,0.001721621465540668,0.0017216214655405154,0.0,0.0,-0.0,0.0,0.0,0.0,0.39234773543596413,0.39234773543596413,0.6076522645640359,False
2021-06-30,96983.06887307382,0.001133787384088425,0.0011337873840883835,0.0,0.0,-0.0,0.0,0.0,0.0,0.3930359036709766,0.3930359036709766,0.6069640963290234,False
2021-07-01,97183.17362046693,0.0020632956836517113,0.0021892360016680388,12.214078536064157,0.0,-0.00012594031801622282,20356.79756010693,0.20944201203403137,0.10472100601701569,0.4,0.4,0.6,True
2021-07-02,97489.02607875761,0.003147175039633243,0.003147175039633288,0.0,0.0,-0.0,0.0,0.0,0.0,0.4018823808417797,0.4018823808417797,0.5981176191582204,False
2021-07-06,97159.44166885066,-0.0033807334339425177,-0.003380733433942561,0.0,0.0,-0.0,0.0,0.0,0.0,0.3998534453191045,0.3998534453191045,0.6001465546808955,False
2021-07-07,97123.57784918696,-0.00036912336102068455,-0.00036912336102080376,0.0,0.0,-0.0,0.0,0.0,0.0,0.399631835404339,0.399631835404339,0.6003681645956609,False
2021-07-08,96646.77116356253,-0.00490927842840394,-0.004909278428403838,0.0,0.0,-0.0,0.0,0.0,0.0,0.396669920057671,0.396669920057671,0.603330079942329,False
2021-07-09,96513.4913042699,-0.001379040993175762,-0.0013790409931758612,0.0,0.0,-0.0,0.0,0.0,0.0,0.3958367541751083,0.3958367541751083,0.6041632458248916,False
2021-07-12,96704.58398306451,0.0019799582028605656,0.001979958202860721,0.0,0.0,-0.0,0.0,0.0,0.0,0.39703060836814374,0.39703060836814374,0.6029693916318563,False
2021-07-13,96705.56201174369,1.0113571031533652e-05,1.0113571031400241e-05,0.0,0.0,-0.0,0.0,0.0,0.0,0.39703670648024214,0.39703670648024214,0.6029632935197579,False
2021-07-14,96032.01581396119,-0.0069649168441905385,-0.006964916844190562,0.0,0.0,-0.0,0.0,0.0,0.0,0.3928076623400105,0.3928076623400105,0.6071923376599894,False
2021-07-15,95789.50845913263,-0.00252527610477693,-0.002525276104776825,0.0,0.0,-0.0,0.0,0.0,0.0,0.39127045215857503,0.39127045215857503,0.608729547841425,False
2021-07-16,95572.79756101547,-0.0022623656974878337,-0.0022623656974877803,0.0,0.0,-0.0,0.0,0.0,0.0,0.3898901605861855,0.3898901605861855,0.6101098394138146,False
2021-07-19,95525.35940753813,-0.0004963562298890833,-0.0004963562298891685,0.0,0.0,-0.0,0.0,0.0,0.0,0.38958717837936985,0.38958717837936985,0.6104128216206302,False
2021-07-20,95251.83135464083,-0.0028634077337552633,-0.0028634077337551266,0.0,0.0,-0.0,0.0,0.0,0.0,0.38783429837499717,0.38783429837499717,0.612165701625003,False
2021-07-21,95300.50469740178,0.0005109963983760402,0.0005109963983759255,0.0,0.0,-0.0,0.0,0.0,0.0,0.3881469530783095,0.3881469530783095,0.6118530469216905,False
2021-07-22,95317.76433244854,0.0001811074883766306,0.00018110748837653606,0.0,0.0,-0.0,0.0,0.0,0.0,0.3882577441817945,0.3882577441817945,0.6117422558182055,False
2021-07-23,95519.99114971378,0.0021216068031129076,0.0021216068031129644,0.0,0.0,-0.0,0.0,0.0,0.0,0.3895528729594645,0.3895528729594645,0.6104471270405355,False
2021-07-26,95533.84587449275,0.0001450452896007981,0.000145045289600771,0.0,0.0,-0.0,0.0,0.0,0.0,0.38964140259898483,0.38964140259898483,0.6103585974010152,False
2021-07-27,95380.78022596225,-0.001602213824109855,-0.0016022138241100106,0.0,0.0,-0.0,0.0,0.0,0.0,0.38866190825718944,0.38866190825718944,0.6113380917428105,False
2021-07-28,95399.8505653182,0.00019993901612846976,0.00019993901612839972,0.0,0.0,-0.0,0.0,0.0,0.0,0.3887841141600463,0.3887841141600463,0.6112158858399536,False
2021-07-29,94983.44203396382,-0.004364876138556073,-0.004364876138556042,0.0,0.0,-0.0,0.0,0.0,0.0,0.3861045364998468,0.3861045364998468,0.6138954635001532,False
2021-07-30,95056.67661908342,0.0007710247549610472,0.0007710247549610344,0.0,0.0,-0.0,0.0,0.0,0.0,0.3865775004322635,0.3865775004322635,0.6134224995677364,False
2021-08-02,95153.1149663824,0.0010145352302335375,0.001022218887097378,0.7303828857389875,0.0,-7.68365686363957e-06,1217.3048095649792,0.01279301750861235,0.006396508754306175,0.4000000000000001,0.4000000000000001,0.6,True
2021-08-03,95110.17713427955,-0.00045124988412648115,-0.0004512498841264035,0.0,0.0,-0.0,0.0,0.0,0.0,0.39972912783849274,0.39972912783849274,0.6002708721615073,False
2021-08-04,95628.7240776751,0.005452065793794425,0.005452065793794545,0.0,0.0,-0.0,0.0,0.0,0.0,0.40298409781713534,0.40298409781713534,0.5970159021828647,False
2021-08-05,95537.62398069855,-0.0009526436523669135,-0.0009526436523669684,0.0,0.0,-0.0,0.0,0.0,0.0,0.40241481208111585,0.40241481208111585,0.5975851879188842,False
2021-08-06,96006.02979895301,0.004902841401509983,0.004902841401509953,0.0,0.0,-0.0,0.0,0.0,0.0,0.4053303829000535,0.4053303829000535,0.5946696170999465,False
2021-08-09,95938.65017590529,-0.0007018269913756647,-0.0007018269913756961,0.0,0.0,-0.0,0.0,0.0,0.0,0.40491273459496835,0.40491273459496835,0.5950872654050317,False
2021-08-10,95837.04036088634,-0.001059112410198071,-0.0010591124101980945,0.0,0.0,-0.0,0.0,0.0,0.0,0.4042818020585477,0.4042818020585477,0.5957181979414522,False
2021-08-11,95960.80519459555,0.0012914091800326766,0.0012914091800327158,0.0,0.0,-0.0,0.0,0.0,0.0,0.40505012578776467,0.40505012578776467,0.5949498742122352,False
2021-08-12,95752.78192387709,-0.002167794135289114,-0.0021677941352889903,0.0,0.0,-0.0,0.0,0.0,0.0,0.403757594998993,0.403757594998993,0.5962424050010071,False
2021-08-13,95852.75916564144,0.0010441184032004003,0.001044118403200259,0.0,0.0,-0.0,0.0,0.0,0.0,0.4043794933313291,0.4043794933313291,0.5956205066686708,False
2021-08-16,95980.064720886,0.0013281365748123442,0.0013281365748123084,0.0,0.0,-0.0,0.0,0.0,0.0,0.4051695094616267,0.4051695094616267,0.5948304905383732,False
2021-08-17,96215.33495893703,0.0024512406689369826,0.0024512406689369526,0.0,0.0,-0.0,0.0,0.0,0.0,0.40662401680360816,0.40662401680360816,0.5933759831963918,False
2021-08-18,96100.76662029114,-0.0011907492573277612,-0.001190749257327724,0.0,0.0,-0.0,0.0,0.0,0.0,0.40591661245109356,0.40591661245109356,0.5940833875489065,False
2021-08-19,96043.53557435659,-0.0005955316273456024,-0.0005955316273456473,0.0,0.0,-0.0,0.0,0.0,0.0,0.4055626061825984,0.4055626061825984,0.5944373938174017,False
2021-08-20,96152.9359756733,0.0011390709500902485,0.0011390709500902906,0.0,0.0,-0.0,0.0,0.0,0.0,0.40623894215488465,0.40623894215488465,0.5937610578451155,False
2021-08-23,96396.26664628729,0.0025306629292687344,0.0025306629292686155,0.0,0.0,-0.0,0.0,0.0,0.0,0.4077377582544755,0.4077377582544755,0.5922622417455244,False
2021-08-24,96605.54439078097,0.0021710150379743443,0.0021710150379744483,0.0,0.0,-0.0,0.0,0.0,0.0,0.40902078302166583,0.40902078302166583,0.5909792169783341,False
2021-08-25,96736.45578317164,0.001355112620256227,0.0013551126202562692,0.0,0.0,-0.0,0.0,0.0,0.0,0.4098205426525334,0.4098205426525334,0.5901794573474666,False
2021-08-26,96053.27760412695,-0.007062261827908811,-0.007062261827908917,0.0,0.0,-0.0,0.0,0.0,0.0,0.40562289591899914,0.40562289591899914,0.5943771040810009,False
2021-08-27,96113.28712584398,0.000624752462527578,0.0006247524625277388,0.0,0.0,-0.0,0.0,0.0,0.0,0.4059940026286132,0.4059940026286132,0.5940059973713869,False
2021-08-30,96207.390305334,0.0009790860587965966,0.0009790860587964648,0.0,0.0,-0.0,0.0,0.0,0.0,0.4065750167566482,0.4065750167566482,0.5934249832433518,False
2021-08-31,96197.07679565113,-0.00010720080495008055,-0.0001072008049501545,0.0,0.0,-0.0,0.0,0.0,0.0,0.4065113943003885,0.4065113943003885,0.5934886056996115,False
2021-09-01,96020.93390911569,-0.0018310627765707466,-0.001706215384139341,12.009954197463141,0.0,-0.0001248473924314308,20016.59032910524,0.20843462174392477,0.10421731087196238,0.4000000000000001,0.4000000000000001,0.6,True
2021-09-02,95926.90556679892,-0.0009792483627140136,-0.0009792483627140028,0.0,0.0,-0.0,0.0,0.0,0.0,0.39941187506198905,0.39941187506198905,0.600588124938011,False
2021-09-03,96322.49274180969,0.004123839632617976,0.004123839632618135,0.0,0.0,-0.0,0.0,0.0,0.0,0.40187843248722194,0.40187843248722194,0.5981215675127781,False
2021-09-07,96473.45534211518,0.0015672621836120282,0.0015672621836120325,0.0,0.0,-0.0,0.0,0.0,0.0,0.4028143789277253,0.4028143789277253,0.5971856210722747,False
2021-09-08,96519.48469400824,0.00047711934572913783,0.0004771193457290593,0.0,0.0,-0.0,0.0,0.0,0.0,0.40309917186031247,0.40309917186031247,0.5969008281396875,False
2021-09-09,96760.44967374319,0.0024965423354557092,0.002496542335455671,0.0,0.0,-0.0,0.0,0.0,0.0,0.40458564899473504,0.40458564899473504,0.595414351005265,False
2021-09-10,96779.83421685369,0.00020033539711583614,0.00020033539711593372,0.0,0.0,-0.0,0.0,0.0,0.0,0.4047049076734574,0.4047049076734574,0.5952950923265427,False
2021-09-13,96780.90823106779,1.1097500040024855e-05,1.1097500039936492e-05,0.0,0.0,-0.0,0.0,0.0,0.0,0.40471151388745585,0.40471151388745585,0.5952884861125441,False
2021-09-14,96819.19566489116,0.00039560936679738923,0.0003956093667974201,0.0,0.0,-0.0,0.0,0.0,0.0,0.4049469224586728,0.4049469224586728,0.5950530775413272,False
2021-09-15,97213.8556595521,0.004076257729168864,0.004076257729168855,0.0,0.0,-0.0,0.0,0.0,0.0,0.40736266497615775,0.40736266497615775,0.5926373350238422,False
2021-09-16,97554.18297841067,0.003500810831435608,0.003500810831435621,0.0,0.0,-0.0,0.0,0.0,0.0,0.40943013834456055,0.40943013834456055,0.5905698616554393,False
2021-09-17,97698.63147101525,0.0014807001421615062,0.0014807001421616253,0.0,0.0,-0.0,0.0,0.0,0.0,0.4103033023286349,0.4103033023286349,0.5896966976713652,False
2021-09-20,97639.96437805587,-0.0006004904273074763,-0.0006004904273074379,0.0,0.0,-0.0,0.0,0.0,0.0,0.4099489823409076,0.4099489823409076,0.5900510176590925,False
2021-09-21,97376.91612913473,-0.002694063343802955,-0.0026940633438030026,0.0,0.0,-0.0,0.0,0.0,0.0,0.408355053377666,0.408355053377666,0.5916449466223339,False
2021-09-22,97226.12988415263,-0.0015484803891523402,-0.0015484803891523033,0.0,0.0,-0.0,0.0,0.0,0.0,0.407437481939102,0.407437481939102,0.592562518060898,False
2021-09-23,97366.49790127925,0.0014437272911496102,0.0014437272911497234,0.0,0.0,-0.0,0.0,0.0,0.0,0.4082917472919352,0.4082917472919352,0.5917082527080648,False
2021-09-24,97485.46474934765,0.001221845815888578,0.0012218458158886223,0.0,0.0,-0.0,0.0,0.0,0.0,0.40901384125724305,0.40901384125724305,0.590986158742757,False
2021-09-27,97646.51108726245,0.0016520035918059506,0.0016520035918060078,0.0,0.0,-0.0,0.0,0.0,0.0,0.4099885423045626,0.4099885423045626,0.5900114576954374,False
2021-09-28,97791.48232463199,0.001484653529914448,0.0014846535299144444,0.0,0.0,-0.0,0.0,0.0,0.0,0.4108632063248948,0.4108632063248948,0.5891367936751052,False
2021-09-29,97698.85450268607,-0.0009471972378783944,-0.0009471972378782914,0.0,0.0,-0.0,0.0,0.0,0.0,0.4103046485167803,0.4103046485167803,0.5896953514832197,False
2021-09-30,97937.70413361737,0.0024447536477998355,0.002444753647799657,0.0,0.0,-0.0,0.0,0.0,0.0,0.41174279247073187,0.41174279247073187,0.588257207529268,False
2021-10-01,98114.10113732357,0.0018011143437213217,0.0018088130395852737,0.7539925977134738,0.0,-7.698695863697134e-06,1256.6543295224565,0.01280799250896743,0.006403996254483715,0.4,0.4,0.6,True
2021-10-04,97977.06100275014,-0.0013967424965920516,-0.0013967424965920295,0.0,0.0,-0.0,0.0,0.0,0.0,0.3991607823310627,0.3991607823310627,0.6008392176689372,False
2021-10-05,97678.40770873977,-0.0030481960874697567,-0.003048196087469787,0.0,0.0,-0.0,0.0,0.0,0.0,0.3973237068121567,0.3973237068121567,0.6026762931878432,False
2021-10-06,97466.36164336454,-0.0021708591524907117,-0.002170859152490726,0.0,0.0,-0.0,0.0,0.0,0.0,0.39601253509598017,0.39601253509598017,0.6039874649040198,False
2021-10-07,97769.89950549905,0.0031142832975050716,0.003114283297505058,0.0,0.0,-0.0,0.0,0.0,0.0,0.39788768342670644,0.39788768342670644,0.6021123165732934,False
2021-10-08,96920.80414897233,-0.008684629531392374,-0.0086846295313924,0.0,0.0,-0.0,0.0,0.0,0.0,0.3926127501799278,0.3926127501799278,0.6073872498200721,False
2021-10-11,96568.84705741302,-0.003631388478972264,-0.003631388478972211,0.0,0.0,-0.0,0.0,0.0,0.0,0.3903990523217585,0.3903990523217585,0.6096009476782415,False
2021-10-12,96526.6449288533,-0.0004370159719793154,-0.0004370159719792808,0.0,0.0,-0.0,0.0,0.0,0.0,0.3901325304967951,0.3901325304967951,0.6098674695032049,False
2021-10-13,96684.79197256119,0.001638377090848353,0.0016383770908482565,0.0,0.0,-0.0,0.0,0.0,0.0,0.39113008901026747,0.39113008901026747,0.6088699109897325,False
2021-10-14,96442.91049158308,-0.002501753130386253,-0.002501753130386292,0.0,0.0,-0.0,0.0,0.0,0.0,0.38960302647096284,0.38960302647096284,0.6103969735290371,False
2021-10-15,96023.84241212811,-0.004345245050350721,-0.004345245050350668,0.0,0.0,-0.0,0.0,0.0,0.0,0.38693912674589187,0.38693912674589187,0.6130608732541082,False
2021-10-18,96522.9108112662,0.005197338354740344,0.005197338354740252,0.0,0.0,-0.0,0.0,0.0,0.0,0.3901089369600427,0.3901089369600427,0.6098910630399573,False
2021-10-19,96255.68954840099,-0.002768474972617896,-0.002768474972617943,0.0,0.0,-0.0,0.0,0.0,0.0,0.3884157813570816,0.3884157813570816,0.6115842186429183,False
2021-10-20,96783.32159001898,0.005481567314030711,0.005481567314030625,0.0,0.0,-0.0,0.0,0.0,0.0,0.3917499449774505,0.3917499449774505,0.6082500550225494,False
2021-10-21,96826.31000768841,0.000444171753595457,0.0004441717535955023,0.0,0.0,-0.0,0.0,0.0,0.0,0.3920199925235224,0.3920199925235224,0.6079800074764775,False
2021-10-22,97146.06170651107,0.003302322465838836,0.0033023224658387147,0.0,0.0,-0.0,0.0,0.0,0.0,0.39402113015922113,0.39402113015922113,0.6059788698407788,False
2021-10-25,97350.51499939602,0.002104596823519378,0.002104596823519469,0.0,0.0,-0.0,0.0,0.0,0.0,0.3952937929218004,0.3952937929218004,0.6047062070781994,False
2021-10-26,97162.38563826014,-0.0019324947704391082,-0.0019324947704388686,0.0,0.0,-0.0,0.0,0.0,0.0,0.3941229386692499,0.3941229386692499,0.6058770613307501,False
2021-10-27,96969.01617287225,-0.001990167945318033,-0.0019901679453180163,0.0,0.0,-0.0,0.0,0.0,0.0,0.3929147370388297,0.3929147370388297,0.6070852629611705,False
2021-10-28,96942.38318244767,-0.00027465464202602874,-0.00027465464202614085,0.0,0.0,-0.0,0.0,0.0,0.0,0.39274795244508875,0.39274795244508875,0.6072520475549112,False
2021-10-29,96902.40159249227,-0.00041242631595050927,-0.0004124263159505188,0.0,0.0,-0.0,0.0,0.0,0.0,0.39249740238682473,0.39249740238682473,0.6075025976131752,False
2021-11-01,96356.11167032606,-0.005637527173614765,-0.005515011992484121,11.872015283093015,0.0,-0.0001225151811305864,19786.69213848836,0.20532433471930317,0.10266216735965158,0.4,0.4,0.6,True
2021-11-02,96574.13930586283,0.0022627276231603766,0.002262727623160421,0.0,0.0,-0.0,0.0,0.0,0.0,0.40135457154743837,0.40135457154743837,0.5986454284525617,False
2021-11-03,96447.09827463298,-0.0013154767119124555,-0.001315476711912517,0.0,0.0,-0.0,0.0,0.0,0.0,0.4005660301197316,0.4005660301197316,0.5994339698802684,False
2021-11-04,96741.04997411511,0.003047802419572143,0.0030478024195720677,0.0,0.0,-0.0,0.0,0.0,0.0,0.4023874351408759,0.4023874351408759,0.5976125648591242,False
2021-11-05,96892.20660381066,0.001562486966349752,0.001562486966349815,0.0,0.0,-0.0,0.0,0.0,0.0,0.4033197402697826,0.4033197402697826,0.5966802597302175,False
2021-11-08,96833.25039667201,-0.0006084721279980831,-0.0006084721279981194,0.0,0.0,-0.0,0.0,0.0,0.0,0.402956455914005,0.402956455914005,0.597043544085995,False
2021-11-09,96742.7455824686,-0.0009346460418571123,-0.0009346460418572,0.0,0.0,-0.0,0.0,0.0,0.0,0.4023979094855,0.4023979094855,0.5976020905144999,False
2021-11-10,96699.76305883261,-0.0004442971240603555,-0.0004442971240603171,0.0,0.0,-0.0,0.0,0.0,0.0,0.40213227857630296,0.40213227857630296,0.5978677214236969,False
2021-11-11,96845.284867352,0.0015048827827102151,0.0015048827827102876,0.0,0.0,-0.0,0.0,0.0,0.0,0.403030647476721,0.403030647476721,0.596969352523279,False
2021-11-12,96442.39618100559,-0.004160127020104709,-0.004160127020104808,0.0,0.0,-0.0,0.0,0.0,0.0,0.4005368044393106,0.4005368044393106,0.5994631955606894,False
2021-11-15,96147.98007159315,-0.003052766429194387,-0.003052766429194451,0.0,0.0,-0.0,0.0,0.0,0.0,0.3987011795864378,0.3987011795864378,0.6012988204135621,False
2021-11-16,96267.56719622255,0.0012437819758703839,0.0012437819758704953,0.0,0.0,-0.0,0.0,0.0,0.0,0.3994481351714869,0.3994481351714869,0.6005518648285131,False
2021-11-17,96152.05444686284,-0.0011999134570863657,-0.001199913457086439,0.0,0.0,-0.0,0.0,0.0,0.0,0.39872665919847183,0.39872665919847183,0.6012733408015281,False
2021-11-18,95977.90250635786,-0.0018112139309640618,-0.0018112139309639512,0.0,0.0,-0.0,0.0,0.0,0.0,0.3976356484935073,0.3976356484935073,0.6023643515064928,False
2021-11-19,95981.89321638171,4.157946693594816e-05,4.1579466935910974e-05,0.0,0.0,-0.0,0.0,0.0,0.0,0.3976606934407885,0.3976606934407885,0.6023393065592114,False
2021-11-22,95996.34426285823,0.0001505601316276195,0.00015056013162759895,0.0,0.0,-0.0,0.0,0.0,0.0,0.3977513680740839,0.3977513680740839,0.6022486319259162,False
2021-11-23,95683.66600150011,-0.0032571892581860773,-0.0032571892581861207,0.0,0.0,-0.0,0.0,0.0,0.0,0.3957833199943526,0.3957833199943526,0.6042166800056474,False
2021-11-24,95746.32679705213,0.0006548745273935452,0.0006548745273935142,0.0,0.0,-0.0,0.0,0.0,0.0,0.3961787471519416,0.3961787471519416,0.6038212528480583,False
2021-11-26,95904.41718948672,0.0016511379362853518,0.0016511379362854361,0.0,0.0,-0.0,0.0,0.0,0.0,0.3971740958712242,0.3971740958712242,0.6028259041287758,False
2021-11-29,95760.48976235875,-0.0015007382490380694,-0.001500738249038184,0.0,0.0,-0.0,0.0,0.0,0.0,0.396268052245062,0.396268052245062,0.6037319477549379,False
2021-11-30,95744.09007037383,-0.000171257394627089,-0.00017125739462703436,0.0,0.0,-0.0,0.0,0.0,0.0,0.3961646409746917,0.3961646409746917,0.6038353590253083,False
2021-12-01,95538.59207777136,-0.002146325610817623,-0.002136693548370088,0.9222130545356332,0.0,-9.632062447486713e-06,1537.0217575593888,0.016087812136878113,0.008043906068439056,0.4,0.4,0.6,True
2021-12-02,95747.1834506416,0.0021833205653736254,0.0021833205653737477,0.0,0.0,-0.0,0.0,0.0,0.0,0.40130713843699306,0.40130713843699306,0.598692861563007,False
2021-12-03,95938.16619705761,0.0019946565479334044,0.001994656547933271,0.0,0.0,-0.0,0.0,0.0,0.0,0.40249894782311463,0.40249894782311463,0.5975010521768853,False
2021-12-06,95875.23864089456,-0.0006559178547752564,-0.000655917854775213,0.0,0.0,-0.0,0.0,0.0,0.0,0.40210677898420133,0.40210677898420133,0.5978932210157987,False
2021-12-07,96053.45365069865,0.0018588220726272198,0.0018588220726272124,0.0,0.0,-0.0,0.0,0.0,0.0,0.40321609408111203,0.40321609408111203,0.596783905918888,False
2021-12-08,96148.62048363657,0.0009907695071953437,0.0009907695071952258,0.0,0.0,-0.0,0.0,0.0,0.0,0.403806784139783,0.403806784139783,0.596193215860217,False
2021-12-09,96354.22390715269,0.0021383918196840046,0.0021383918196842032,0.0,0.0,-0.0,0.0,0.0,0.0,0.40507895842843766,0.40507895842843766,0.5949210415715623,False
2021-12-10,96801.71268026883,0.004644205048523364,0.004644205048523406,0.0,0.0,-0.0,0.0,0.0,0.0,0.40782912141236294,0.40782912141236294,0.5921708785876372,False
2021-12-13,96800.95408485684,-7.836590810050836e-06,-7.836590810051541e-06,0.0,0.0,-0.0,0.0,0.0,0.0,0.407824480775131,0.407824480775131,0.5921755192248691,False
2021-12-14,96912.728055426,0.0011546783978098052,0.0011546783978096929,0.0,0.0,-0.0,0.0,0.0,0.0,0.4085074644284212,0.4085074644284212,0.5914925355715789,False
2021-12-15,97101.55670570876,0.001948440148901387,0.0019484401489014251,0.0,0.0,-0.0,0.0,0.0,0.0,0.40965771104581383,0.40965771104581383,0.5903422889541862,False
2021-12-16,97316.23027925985,0.0022108149532731325,0.0022108149532733138,0.0,0.0,-0.0,0.0,0.0,0.0,0.41095996955320224,0.41095996955320224,0.5890400304467979,False
2021-12-17,97621.84568151229,0.003140436095556254,0.0031404360955561246,0.0,0.0,-0.0,0.0,0.0,0.0,0.4128040210008167,0.4128040210008167,0.5871959789991834,False
2021-12-20,97829.79211377789,0.002130121908819671,0.002130121908819618,0.0,0.0,-0.0,0.0,0.0,0.0,0.4140521613293945,0.4140521613293945,0.5859478386706056,False
2021-12-21,97546.76897360125,-0.002893015860112147,-0.0028930158601122116,0.0,0.0,-0.0,0.0,0.0,0.0,0.4123520865957541,0.4123520865957541,0.5876479134042459,False
2021-12-22,97172.32466918862,-0.0038386130914697114,-0.0038386130914697682,0.0,0.0,-0.0,0.0,0.0,0.0,0.41008764129280084,0.41008764129280084,0.5899123587071992,False
2021-12-23,96947.65501489252,-0.002312074503321382,-0.002312074503321351,0.0,0.0,-0.0,0.0,0.0,0.0,0.4087205591733274,0.4087205591733274,0.5912794408266726,False
2021-12-27,97135.31244005644,0.0019356571867066297,0.001935657186706468,0.0,0.0,-0.0,0.0,0.0,0.0,0.409862862364933,0.409862862364933,0.5901371376350669,False
2021-12-28,96882.61273281483,-0.0026015225657255447,-0.002601522565725439,0.0,0.0,-0.0,0.0,0.0,0.0,0.40832360286618236,0.40832360286618236,0.5916763971338177,False
2021-12-29,96918.81387498234,0.0003736598461412388,0.00037365984614123274,0.0,0.0,-0.0,0.0,0.0,0.0,0.4085446059977046,0.4085446059977046,0.5914553940022954,False
2021-12-30,97307.13098060586,0.004006622554465267,0.004006622554465177,0.0,0.0,-0.0,0.0,0.0,0.0,0.4109048877611261,0.4109048877611261,0.5890951122388739,False
2021-12-31,96972.82234070369,-0.00343560267919929,-0.0034356026791994556,0.0,0.0,-0.0,0.0,0.0,0.0,0.40887401373898324,0.40887401373898324,0.5911259862610166,False
2022-01-03,97107.62480571635,0.0013901056167988646,0.0016364118721656153,23.885012743077958,0.0,-0.00024630625536668934,39808.3545717966,0.40983975896389485,0.20491987948194743,0.4000000000000001,0.4000000000000001,0.5999999999999999,True
2022-01-04,97229.32937135496,0.001253295669439991,0.0012532956694401689,0.0,0.0,-0.0,0.0,0.0,0.0,0.4007510361313332,0.4007510361313332,0.5992489638686669,False
2022-01-05,96973.84565617827,-0.0026276404129139674,-0.0026276404129140815,0.0,0.0,-0.0,0.0,0.0,0.0,0.39917227692498214,0.39917227692498214,0.6008277230750179,False
2022-01-06,97314.41459644069,0.003511966942817857,0.0035119669428179514,0.0,0.0,-0.0,0.0,0.0,0.0,0.4012749794051492,0.4012749794051492,0.5987250205948508,False
2022-01-07,97168.26618476797,-0.0015018166864466664,-0.001501816686446552,0.0,0.0,-0.0,0.0,0.0,0.0,0.4003744517511695,0.4003744517511695,0.5996255482488306,False
2022-01-10,96625.57809162301,-0.0055850342344589965,-0.005585034234459052,0.0,0.0,-0.0,0.0,0.0,0.0,0.39700671360349604,0.39700671360349604,0.602993286396504,False
2022-01-11,96337.52554090276,-0.00298112111109039,-0.0029811211110904665,0.0,0.0,-0.0,0.0,0.0,0.0,0.39520374271298925,0.39520374271298925,0.6047962572870108,False
2022-01-12,96119.83794415888,-0.0022596345040174493,-0.0022596345040174493,0.0,0.0,-0.0,0.0,0.0,0.0,0.3938340291701408,0.3938340291701408,0.6061659708298591,False
2022-01-13,95968.31825632308,-0.0015763622897889684,-0.0015763622897888938,0.0,0.0,-0.0,0.0,0.0,0.0,0.3928769833414174,0.3928769833414174,0.6071230166585827,False
2022-01-14,95880.67286598346,-0.0009132742131160443,-0.000913274213116136,0.0,0.0,-0.0,0.0,0.0,0.0,0.3923220067002586,0.3923220067002586,0.6076779932997415,False
2022-01-18,95807.0887423388,-0.0007674552278904567,-0.0007674552278905307,0.0,0.0,-0.0,0.0,0.0,0.0,0.3918552828577737,0.3918552828577737,0.6081447171422262,False
2022-01-19,95890.02419712077,0.0008656505053088459,0.0008656505053088236,0.0,0.0,-0.0,0.0,0.0,0.0,0.39238126831988773,0.39238126831988773,0.6076187316801123,False
2022-01-20,96001.7815216137,0.0011654739419315607,0.0011654739419314788,0.0,0.0,-0.0,0.0,0.0,0.0,0.39308860773263665,0.39308860773263665,0.6069113922673633,False
2022-01-21,96255.17262644102,0.002639441693801148,0.0026394416938010563,0.0,0.0,-0.0,0.0,0.0,0.0,0.39468629795564164,0.39468629795564164,0.6053137020443583,False
2022-01-24,96600.62298564639,0.00358890176786697,0.0035889017678669343,0.0,0.0,-0.0,0.0,0.0,0.0,0.3968509406809192,0.3968509406809192,0.6031490593190808,False
2022-01-25,96634.87448693457,0.00035456812005518756,0.00035456812005515536,0.0,0.0,-0.0,0.0,0.0,0.0,0.39706472230884504,0.39706472230884504,0.602935277691155,False
2022-01-26,96198.43280314133,-0.004516399344547617,-0.004516399344547666,0.0,0.0,-0.0,0.0,0.0,0.0,0.39432927142730767,0.39432927142730767,0.6056707285726923,False
2022-01-27,96319.91134178941,0.0012627912441844913,0.0012627912441845854,0.0,0.0,-0.0,0.0,0.0,0.0,0.39509314251049266,0.39509314251049266,0.6049068574895075,False
2022-01-28,95906.41439082839,-0.004292954023740081,-0.004292954023740209,0.0,0.0,-0.0,0.0,0.0,0.0,0.39248510901475536,0.39248510901475536,0.6075148909852446,False
2022-01-31,96007.43299586987,0.0010533039493043628,0.0010533039493044653,0.0,0.0,-0.0,0.0,0.0,0.0,0.393124333550963,0.393124333550963,0.6068756664490371,False
2022-02-01,95973.7609731354,-0.000350723081367188,-0.00022952726437743562,11.635699279029481,0.0,-0.00012119581698981615,19392.832131715804,0.2020394018675674,0.1010197009337837,0.4,0.4,0.6,True
2022-02-02,96381.95819811417,0.004253216929708703,0.004253216929708815,0.0,0.0,-0.0,0.0,0.0,0.0,0.4025411222138051,0.4025411222138051,0.5974588777861949,False
2022-02-03,96717.8008824481,0.0034844974164520703,0.003484497416452176,0.0,0.0,-0.0,0.0,0.0,0.0,0.4046157371395387,0.4046157371395387,0.5953842628604613,False
2022-02-04,96883.83806450764,0.001716717921051103,0.0017167179210510746,0.0,0.0,-0.0,0.0,0.0,0.0,0.4056360923114935,0.4056360923114935,0.5943639076885066,False
2022-02-07,96651.22761827013,-0.0024009210502440315,-0.0024009210502441017,0.0,0.0,-0.0,0.0,0.0,0.0,0.40420563708395163,0.40420563708395163,0.5957943629160484,False
2022-02-08,96594.84844541724,-0.0005833259881142805,-0.000583325988114182,0.0,0.0,-0.0,0.0,0.0,0.0,0.4038578918996875,0.4038578918996875,0.5961421081003125,False
2022-02-09,96714.3515777266,0.001237158443049724,0.001237158443049662,0.0,0.0,-0.0,0.0,0.0,0.0,0.4045945028375402,0.4045945028375402,0.5954054971624598,False
2022-02-10,96951.15058468841,0.0024484371047197584,0.0024484371047197285,0.0,0.0,-0.0,0.0,0.0,0.0,0.40604875510393823,0.40604875510393823,0.5939512448960619,False
2022-02-11,97192.4025495156,0.0024883868151357458,0.0024883868151356764,0.0,0.0,-0.0,0.0,0.0,0.0,0.4075230668925548,0.4075230668925548,0.5924769331074452,False
2022-02-14,97038.67882632845,-0.00158164341198197,-0.0015816434119819524,0.0,0.0,-0.0,0.0,0.0,0.0,0.40658449516877054,0.40658449516877054,0.5934155048312295,False
2022-02-15,97207.80003923259,0.0017428227068798652,0.0017428227068798626,0.0,0.0,-0.0,0.0,0.0,0.0,0.4076169138624627,0.4076169138624627,0.5923830861375374,False
2022-02-16,97521.77075290773,0.0032298921850759665,0.0032298921850757688,0.0,0.0,-0.0,0.0,0.0,0.0,0.40952408739805113,0.40952408739805113,0.5904759126019489,False
2022-02-17,97290.2308434982,-0.0023742381585357686,-0.0023742381585357556,0.0,0.0,-0.0,0.0,0.0,0.0,0.408118820516402,0.408118820516402,0.591881179483598,False
2022-02-18,97425.6845737547,0.0013922644553530095,0.0013922644553529847,0.0,0.0,-0.0,0.0,0.0,0.0,0.4089417299368533,0.4089417299368533,0.5910582700631466,False
2022-02-22,97684.31614325682,0.002654654885245744,0.002654654885245868,0.0,0.0,-0.0,0.0,0.0,0.0,0.4105066313876602,0.4105066313876602,0.5894933686123399,False
2022-02-23,97550.91561438044,-0.0013656289376150488,-0.0013656289376151242,0.0,0.0,-0.0,0.0,0.0,0.0,0.40970050131038993,0.40970050131038993,0.5902994986896102,False
2022-02-24,97578.54429579835,0.00028322318907925137,0.0002832231890791048,0.0,0.0,-0.0,0.0,0.0,0.0,0.4098676404792322,0.4098676404792322,0.5901323595207678,False
2022-02-25,97431.79795445588,-0.0015038791816531782,-0.001503879181653131,0.0,0.0,-0.0,0.0,0.0,0.0,0.4089788160247358,0.4089788160247358,0.5910211839752642,False
2022-02-28,97376.82239483562,-0.0005642465886338544,-0.0005642465886338605,0.0,0.0,-0.0,0.0,0.0,0.0,0.40864514606573127,0.40864514606573127,0.5913548539342687,False
2022-03-01,97511.14561834604,0.0013794167873519836,0.0015059924009403237,12.32553104391654,0.0,-0.00012657561358841613,20542.5517398609,0.21064213053279332,0.10532106526639666,0.4000000000000001,0.4000000000000001,0.6,True
2022-03-02,97208.08352470266,-0.0031079738805402934,-0.0031079738805403715,0.0,0.0,-0.0,0.0,0.0,0.0,0.39812940190164514,0.39812940190164514,0.6018705980983549,False
2022-03-03,97459.92640370177,0.002590760663799374,0.0025907606637994313,0.0,0.0,-0.0,0.0,0.0,0.0,0.3996846752309328,0.3996846752309328,0.6003153247690672,False
2022-03-04,97280.91633665281,-0.0018367556148920494,-0.0018367556148921195,0.0,0.0,-0.0,0.0,0.0,0.0,0.3985800136941772,0.3985800136941772,0.6014199863058227,False
2022-03-07,97198.99808059909,-0.0008420794040449042,-0.0008420794040448671,0.0,0.0,-0.0,0.0,0.0,0.0,0.398073143485565,0.398073143485565,0.601926856514435,False
2022-03-08,97374.11864096917,0.0018016704269407935,0.0018016704269406302,0.0,0.0,-0.0,0.0,0.0,0.0,0.39915566695161314,0.39915566695161314,0.6008443330483869,False
2022-03-09,97960.22024854874,0.006019069705170743,0.00601906970517083,0.0,0.0,-0.0,0.0,0.0,0.0,0.40275055300445406,0.40275055300445406,0.5972494469955459,False
2022-03-10,97524.46409750293,-0.004448296971364396,-0.0044482969713645,0.0,0.0,-0.0,0.0,0.0,0.0,0.40008193931202884,0.40008193931202884,0.599918060687971,False
2022-03-11,97916.57885306774,0.00402068095624486,0.004020680956244932,0.0,0.0,-0.0,0.0,0.0,0.0,0.40248435907057234,0.40248435907057234,0.5975156409294278,False
2022-03-14,97982.8387137674,0.0006766970565739161,0.0006766970565738638,0.0,0.0,-0.0,0.0,0.0,0.0,0.40288842271736564,0.40288842271736564,0.5971115772826343,False
2022-03-15,98201.80924160604,0.0022347844858661148,0.002234784485866044,0.0,0.0,-0.0,0.0,0.0,0.0,0.40421986292468876,0.40421986292468876,0.5957801370753113,False
2022-03-16,98254.16270575553,0.0005331211772350297,0.0005331211772348789,0.0,0.0,-0.0,0.0,0.0,0.0,0.4045373166914136,0.4045373166914136,0.5954626833085863,False
2022-03-17,98417.9518054155,0.0016669939995364036,0.0016669939995365675,0.0,0.0,-0.0,0.0,0.0,0.0,0.4055282974524547,0.4055282974524547,0.5944717025475453,False
2022-03-18,98356.00651557898,-0.0006294104754283047,-0.0006294104754283943,0.0,0.0,-0.0,0.0,0.0,0.0,0.40515389508275196,0.40515389508275196,0.594846104917248,False
2022-03-21,98649.50307918145,0.002984022776036488,0.0029840227760365846,0.0,0.0,-0.0,0.0,0.0,0.0,0.40692364842378415,0.40692364842378415,0.593076351576216,False
2022-03-22,98724.9079168152,0.000764371185663526,0.0007643711856633102,0.0,0.0,-0.0,0.0,0.0,0.0,0.40737663264973734,0.40737663264973734,0.5926233673502626,False
2022-03-23,98914.9456684154,0.0019249220446002635,0.0019249220446003054,0.0,0.0,-0.0,0.0,0.0,0.0,0.4085151947903316,0.4085151947903316,0.5914848052096684,False
2022-03-24,98808.77618445011,-0.0010733411745601495,-0.001073341174560261,0.0,0.0,-0.0,0.0,0.0,0.0,0.407879647635844,0.407879647635844,0.5921203523641559,False
2022-03-25,98765.44297176463,-0.00043855631411315876,-0.00043855631411318034,0.0,0.0,-0.0,0.0,0.0,0.0,0.4076198555831547,0.4076198555831547,0.5923801444168452,False
2022-03-28,98714.68663136329,-0.0005139078899878413,-0.0005139078899878086,0.0,0.0,-0.0,0.0,0.0,0.0,0.4073152702242477,0.4073152702242477,0.5926847297757523,False
2022-03-29,98811.3049197467,0.000978763056243226,0.0009787630562433924,0.0,0.0,-0.0,0.0,0.0,0.0,0.4078948009185183,0.4078948009185183,0.5921051990814817,False
2022-03-30,99163.29459265892,0.0035622409115849685,0.0035622409115849034,0.0,0.0,-0.0,0.0,0.0,0.0,0.4099965353981,0.4099965353981,0.5900034646019,False
2022-03-31,99391.04601556715,0.002296731102408245,0.0022967311024081672,0.0,0.0,-0.0,0.0,0.0,0.0,0.4113485095846159,0.4113485095846159,0.588651490415384,False
2022-04-01,99327.34864881788,-0.0006408763093135317,-0.0005140958001029876,12.600847424817367,0.0,-0.00012678050921049525,21001.412374695614,0.21140953343740065,0.10570476671870033,0.4000000000000001,0.4000000000000001,0.5999999999999999,True
2022-04-04,98920.82700908129,-0.004092746310725426,-0.004092746310725504,0.0,0.0,-0.0,0.0,0.0,0.0,0.3975342605675996,0.3975342605675996,0.6024657394324003,False
2022-04-05,99001.17437628254,0.0008122391374050242,0.0008122391374051495,0.0,0.0,-0.0,0.0,0.0,0.0,0.39802320967650995,0.39802320967650995,0.6019767903234902,False
2022-04-06,98615.18826681457,-0.003898803341472634,-0.0038988033414725943,0.0,0.0,-0.0,0.0,0.0,0.0,0.3956670342904395,0.3956670342904395,0.6043329657095606,False
2022-04-07,98474.08311206874,-0.0014308663525952614,-0.0014308663525953503,0.0,0.0,-0.0,0.0,0.0,0.0,0.3948010755127638,0.3948010755127638,0.6051989244872362,False
2022-04-08,98590.20540028668,0.001179216749708445,0.0011792167497085598,0.0,0.0,-0.0,0.0,0.0,0.0,0.39551389565197703,0.39551389565197703,0.604486104348023,False
2022-04-11,99162.77325726837,0.005807553140365407,0.005807553140365283,0.0,0.0,-0.0,0.0,0.0,0.0,0.3990042106358451,0.3990042106358451,0.6009957893641549,False
2022-04-12,99846.53444460545,0.006895341516550024,0.0068953415165500225,0.0,0.0,-0.0,0.0,0.0,0.0,0.4031199027508099,0.4031199027508099,0.5968800972491901,False
2022-04-13,99894.90203130289,0.00048441928371856235,0.00048441928371852874,0.0,0.0,-0.0,0.0,0.0,0.0,0.4034089029826998,0.4034089029826998,0.5965910970173002,False
2022-04-14,100389.60952482377,0.0049522796805572256,0.004952279680557328,0.0,0.0,-0.0,0.0,0.0,0.0,0.4063488296111556,0.4063488296111556,0.5936511703888444,False
2022-04-18,100490.26819745188,0.0010026801887621506,0.0010026801887620936,0.0,0.0,-0.0,0.0,0.0,0.0,0.4069434756389485,0.4069434756389485,0.5930565243610515,False
2022-04-19,100222.13097209462,-0.0026682904739631086,-0.002668290473963164,0.0,0.0,-0.0,0.0,0.0,0.0,0.40535679483921105,0.40535679483921105,0.594643205160789,False
2022-04-20,100112.23665835988,-0.001096507454679263,-0.0010965074546791928,0.0,0.0,-0.0,0.0,0.0,0.0,0.4047040483905309,0.4047040483905309,0.595295951609469,False
2022-04-21,99972.16957560045,-0.0013991005239191168,-0.0013991005239192096,0.0,0.0,-0.0,0.0,0.0,0.0,0.403870002598843,0.403870002598843,0.5961299974011569,False
2022-04-22,100109.56279507294,0.0013743146723308453,0.0013743146723308557,0.0,0.0,-0.0,0.0,0.0,0.0,0.4046881484110941,0.4046881484110941,0.5953118515889059,False
2022-04-25,100115.05099655851,5.482195039441251e-05,5.4821950394529307e-05,0.0,0.0,-0.0,0.0,0.0,0.0,0.4047207827788115,0.4047207827788115,0.5952792172211885,False
2022-04-26,99854.33226744166,-0.0026041911433059006,-0.0026041911433057987,0.0,0.0,-0.0,0.0,0.0,0.0,0.40316651430132666,0.40316651430132666,0.5968334856986733,False
2022-04-27,99646.10852718225,-0.0020852749753682565,-0.0020852749753683245,0.0,0.0,-0.0,0.0,0.0,0.0,0.40191935169215826,0.40191935169215826,0.5980806483078417,False
2022-04-28,99838.16226955666,0.0019273581799936768,0.001927358179993799,0.0,0.0,-0.0,0.0,0.0,0.0,0.40306984989983874,0.40306984989983874,0.5969301501001613,False
2022-04-29,99909.59624915615,0.0007154977413008634,0.0007154977413007276,0.0,0.0,-0.0,0.0,0.0,0.0,0.40349664670180185,0.40349664670180185,0.596503353298198,False
2022-05-02,99605.76920876914,-0.003041019599652084,-0.0029170788937681325,12.382865883707233,0.0,-0.00012394070588401382,20638.109806178723,0.20717218073582344,0.10358609036791172,0.4,0.4,0.6,True
2022-05-03,99649.12065005407,0.0004352302244066131,0.0004352302244067574,0.0,0.0,-0.0,0.0,0.0,0.0,0.40026102452887985,0.40026102452887985,0.5997389754711202,False
2022-05-04,99981.54398208641,0.0033359384394342495,0.0033359384394342356,0.0,0.0,-0.0,0.0,0.0,0.0,0.40225506483507356,0.40225506483507356,0.5977449351649264,False
2022-05-05,100287.16234252517,0.003056747758301448,0.0030567477583015156,0.0,0.0,-0.0,0.0,0.0,0.0,0.4040766521926034,0.4040766521926034,0.5959233478073966,False
2022-05-06,100265.88149729805,-0.00021219909637526513,-0.0002121990963753087,0.0,0.0,-0.0,0.0,0.0,0.0,0.403950170957486,0.403950170957486,0.5960498290425141,False
2022-05-09,100485.43005819427,0.002189663698335176,0.0021896636983352374,0.0,0.0,-0.0,0.0,0.0,0.0,0.40525246803789783,0.40525246803789783,0.5947475319621022,False
2022-05-10,100719.78368736157,0.002332215018949313,0.002332215018949332,0.0,0.0,-0.0,0.0,0.0,0.0,0.4066363197247348,0.4066363197247348,0.5933636802752652,False
2022-05-11,101093.23311970707,0.003707806139702452,0.0037078061397024078,0.0,0.0,-0.0,0.0,0.0,0.0,0.4088282698952358,0.4088282698952358,0.5911717301047642,False
2022-05-12,101358.48905318376,0.0026238742722035635,0.0026238742722036554,0.0,0.0,-0.0,0.0,0.0,0.0,0.41037537079007735,0.41037537079007735,0.5896246292099226,False
2022-05-13,101665.70409480177,0.0030309749532355656,0.0030309749532356394,0.0,0.0,-0.0,0.0,0.0,0.0,0.4121571078725532,0.4121571078725532,0.5878428921274468,False
2022-05-16,101841.64398970685,0.0017305727282528327,0.001730572728252899,0.0,0.0,-0.0,0.0,0.0,0.0,0.4131726552715334,0.4131726552715334,0.5868273447284668,False
2022-05-17,102144.41941843372,0.002973002171464234,0.002973002171463982,0.0,0.0,-0.0,0.0,0.0,0.0,0.4149121228009434,0.4149121228009434,0.5850878771990566,False
2022-05-18,102526.66330144451,0.0037421905688741486,0.0037421905688741963,0.0,0.0,-0.0,0.0,0.0,0.0,0.417093470119597,0.417093470119597,0.582906529880403,False
2022-05-19,102665.23826991719,0.0013515993207078303,0.0013515993207078192,0.0,0.0,-0.0,0.0,0.0,0.0,0.41788026276101986,0.41788026276101986,0.5821197372389801,False
2022-05-20,102443.35622822242,-0.002161218786746688,-0.0021612187867466864,0.0,0.0,-0.0,0.0,0.0,0.0,0.41661944975600995,0.41661944975600995,0.58338055024399,False
2022-05-23,102911.86972647574,0.004573390754687656,0.004573390754687613,0.0,0.0,-0.0,0.0,0.0,0.0,0.41927533059010813,0.41927533059010813,0.5807246694098919,False
2022-05-24,102484.87301649971,-0.00414914927802712,-0.004149149278027153,0.0,0.0,-0.0,0.0,0.0,0.0,0.4168557781630878,0.4168557781630878,0.5831442218369122,False
2022-05-25,102474.28467294568,-0.0001033161601549093,-0.00010331616015487379,0.0,0.0,-0.0,0.0,0.0,0.0,0.41679552371601297,0.41679552371601297,0.583204476283987,False
2022-05-26,102797.38489500267,0.0031529883139773673,0.0031529883139774667,0.0,0.0,-0.0,0.0,0.0,0.0,0.418628581006181,0.418628581006181,0.5813714189938191,False
2022-05-27,102934.39767782099,0.0013328430772656663,0.0013328430772655486,0.0,0.0,-0.0,0.0,0.0,0.0,0.4194024264627473,0.4194024264627473,0.5805975735372526,False
2022-05-31,103597.43542586573,0.006441362294847375,0.006441362294847424,0.0,0.0,-0.0,0.0,0.0,0.0,0.42311833029855084,0.42311833029855084,0.5768816697014492,False
2022-06-01,103639.52790385364,0.0004063081080616371,0.0005404546220408615,13.8972348195846,0.0,-0.0001341465139793876,23162.058032641,0.22345675506287935,0.11172837753143967,0.40000000000000013,0.40000000000000013,0.5999999999999999,True
2022-06-02,103489.52312988837,-0.001447370293932826,-0.0014473702939328818,0.0,0.0,-0.0,0.0,0.0,0.0,0.3991303190733019,0.3991303190733019,0.6008696809266981,False
2022-06-03,103531.75357037602,0.0004080648862845315,0.00040806488628469296,0.0,0.0,-0.0,0.0,0.0,0.0,0.39937541287714606,0.39937541287714606,0.600624587122854,False
2022-06-06,103542.80203919437,0.00010671575084297835,0.0001067157508428734,0.0,0.0,-0.0,0.0,0.0,0.0,0.3994395021416015,0.3994395021416015,0.6005604978583985,False
2022-06-07,103616.1589706646,0.0007084696379229261,0.000708469637922889,0.0,0.0,-0.0,0.0,0.0,0.0,0.3998646797946121,0.3998646797946121,0.6001353202053878,False
2022-06-08,103950.908411116,0.0032306683028673344,0.0032306683028674992,0.0,0.0,-0.0,0.0,0.0,0.0,0.4017972743789649,0.4017972743789649,0.598202725621035,False
2022-06-09,104009.61175733668,0.0005647218203088666,0.0005647218203088148,0.0,0.0,-0.0,0.0,0.0,0.0,0.4021349018454939,0.4021349018454939,0.5978650981545062,False
2022-06-10,103922.0111841551,-0.0008422353636504676,-0.0008422353636505035,0.0,0.0,-0.0,0.0,0.0,0.0,0.40163093425781127,0.40163093425781127,0.5983690657421887,False
2022-06-13,103684.98246873874,-0.0022808326428203074,-0.0022808326428201972,0.0,0.0,-0.0,0.0,0.0,0.0,0.400263034610044,0.400263034610044,0.5997369653899561,False
2022-06-14,103913.75079187135,0.002206378567904732,0.0022063785679047178,0.0,0.0,-0.0,0.0,0.0,0.0,0.40158336824103463,0.40158336824103463,0.5984166317589653,False
2022-06-15,103911.06136231081,-2.588136353509629e-05,-2.5881363535026672e-05,0.0,0.0,-0.0,0.0,0.0,0.0,0.40156788000178595,0.40156788000178595,0.5984321199982141,False
2022-06-16,103904.62510366303,-6.194007224447073e-05,-6.194007224449608e-05,0.0,0.0,-0.0,0.0,0.0,0.0,0.4015308107769693,0.4015308107769693,0.5984691892230307,False
2022-06-17,103680.19138024654,-0.002159997432189087,-0.002159997432189184,0.0,0.0,-0.0,0.0,0.0,0.0,0.40023532060956823,0.40023532060956823,0.5997646793904318,False
2022-06-21,103714.04267355618,0.00032649721088473527,0.00032649721088461714,0.0,0.0,-0.0,0.0,0.0,0.0,0.4004310781902721,0.4004310781902721,0.5995689218097278,False
2022-06-22,103633.2987133518,-0.0007785248566437586,-0.000778524856643743,0.0,0.0,-0.0,0.0,0.0,0.0,0.39996393519894186,0.39996393519894186,0.6000360648010581,False
2022-06-23,103829.11560726397,0.0018895171372841357,0.00188951713728429,0.0,0.0,-0.0,0.0,0.0,0.0,0.4010955753728702,0.4010955753728702,0.5989044246271298,False
2022-06-24,103493.57173293034,-0.003231693464507912,-0.003231693464507983,0.0,0.0,-0.0,0.0,0.0,0.0,0.39915382471502714,0.39915382471502714,0.6008461752849727,False
2022-06-27,103483.94391648537,-9.302815898382111e-05,-9.302815898382902e-05,0.0,0.0,-0.0,0.0,0.0,0.0,0.39909792390115806,0.39909792390115806,0.6009020760988418,False
2022-06-28,103179.87982069643,-0.002938273168582861,-0.0029382731685828425,0.0,0.0,-0.0,0.0,0.0,0.0,0.3973271063081913,0.3973271063081913,0.6026728936918087,False
2022-06-29,102839.21844135271,-0.0033016260528283548,-0.003301626052828252,0.0,0.0,-0.0,0.0,0.0,0.0,0.39533071444164686,0.39533071444164686,0.6046692855583532,False
2022-06-30,102574.24347473732,-0.002576594519400288,-0.002576594519400362,0.0,0.0,-0.0,0.0,0.0,0.0,0.39376870220225213,0.39376870220225213,0.6062312977977479,False
2022-07-01,102726.88125342794,0.0014880712108611416,0.0014925108993077518,0.45539768366201894,0.0,-4.43968844648781e-06,758.9961394366983,0.007388453396922417,0.0036942266984612087,0.4,0.4,0.6,True
2022-07-05,103065.85259916027,0.0032997336393001397,0.003299733639300117,0.0,0.0,-0.0,0.0,0.0,0.0,0.40197332872440683,0.40197332872440683,0.5980266712755933,False
2022-07-06,102976.91504226974,-0.0008629197221743379,-0.000862919722174238,0.0,0.0,-0.0,0.0,0.0,0.0,0.4014568340219117,0.4014568340219117,0.5985431659780884,False
2022-07-07,103318.53292312556,0.0033174219747755807,0.003317421974775458,0.0,0.0,-0.0,0.0,0.0,0.0,0.40343588891339277,0.40343588891339277,0.5965641110866072,False
2022-07-08,103451.6210741818,0.0012881343481259133,0.0012881343481259962,0.0,0.0,-0.0,0.0,0.0,0.0,0.4042033550362688,0.4042033550362688,0.5957966449637313,False
2022-07-11,103512.15965723748,0.0005851873796376417,0.0005851873796376245,0.0,0.0,-0.0,0.0,0.0,0.0,0.4045518038059095,0.4045518038059095,0.5954481961940905,False
2022-07-12,103299.97193599539,-0.002049882080952803,-0.002049882080952763,0.0,0.0,-0.0,0.0,0.0,0.0,0.40332869799571214,0.40332869799571214,0.5966713020042879,False
2022-07-13,103488.6148339147,0.0018261660132512514,0.0018261660132511952,0.0,0.0,-0.0,0.0,0.0,0.0,0.4044163326470796,0.4044163326470796,0.5955836673529205,False
2022-07-14,103888.92868921008,0.0038681922251817547,0.003868192225181647,0.0,0.0,-0.0,0.0,0.0,0.0,0.4067112874323218,0.4067112874323218,0.5932887125676781,False
2022-07-15,103551.04331290783,-0.003252371360119133,-0.003252371360119032,0.0,0.0,-0.0,0.0,0.0,0.0,0.4047753959773605,0.4047753959773605,0.5952246040226395,False
2022-07-18,102998.23976920251,-0.005338464258972997,-0.005338464258973092,0.0,0.0,-0.0,0.0,0.0,0.0,0.4015807562326266,0.4015807562326266,0.5984192437673733,False
2022-07-19,103087.69144286984,0.0008684776930922844,0.0008684776930923692,0.0,0.0,-0.0,0.0,0.0,0.0,0.40210001902880044,0.40210001902880044,0.5978999809711996,False
2022-07-20,103095.05846177452,7.14636131780022e-05,7.146361317807355e-05,0.0,0.0,-0.0,0.0,0.0,0.0,0.40214274406847406,0.40214274406847406,0.597857255931526,False
2022-07-21,103197.44153846442,0.0009930939292097651,0.000993093929209672,0.0,0.0,-0.0,0.0,0.0,0.0,0.4027358834367678,0.4027358834367678,0.5972641165632323,False
2022-07-22,103136.39430976307,-0.0005915575792506678,-0.0005915575792507996,0.0,0.0,-0.0,0.0,0.0,0.0,0.40238235819126184,0.40238235819126184,0.5976176418087381,False
2022-07-25,102998.07738508563,-0.0013411068479086685,-0.0013411068479086572,0.0,0.0,-0.0,0.0,0.0,0.0,0.4015798127802546,0.4015798127802546,0.5984201872197453,False
2022-07-26,103255.17230792876,0.002496113804939304,0.0024961138049392644,0.0,0.0,-0.0,0.0,0.0,0.0,0.4030698184470139,0.4030698184470139,0.5969301815529859,False
2022-07-27,103572.24718638981,0.0030707893016290733,0.0030707893016291045,0.0,0.0,-0.0,0.0,0.0,0.0,0.4048972535940475,0.4048972535940475,0.5951027464059525,False
2022-07-28,103672.70571084593,0.0009699367078068732,0.0009699367078067949,0.0,0.0,-0.0,0.0,0.0,0.0,0.40547390627609925,0.40547390627609925,0.5945260937239008,False
2022-07-29,103899.62965392359,0.0021888494326613994,0.0021888494326613816,0.0,0.0,-0.0,0.0,0.0,0.0,0.40677239218889566,0.40677239218889566,0.5932276078111043,False
2022-08-01,103879.17120004182,-0.00019690593652654798,-7.286259005488373e-05,12.888057759441672,0.0,-0.0001240433464716876,21480.096265736123,0.20675397541629903,0.10337698770814951,0.4000000000000001,0.4000000000000001,0.6,True
2022-08-02,103575.35882388792,-0.0029246707751340306,-0.0029246707751339534,0.0,0.0,-0.0,0.0,0.0,0.0,0.39824005026135345,0.39824005026135345,0.6017599497386467,False
2022-08-03,103780.17870512349,0.00197749622652843,0.001977496226528361,0.0,0.0,-0.0,0.0,0.0,0.0,0.39942767975838855,0.39942767975838855,0.6005723202416114,False
2022-08-04,103710.4819442592,-0.0006715806595624096,-0.0006715806595623622,0.0,0.0,-0.0,0.0,0.0,0.0,0.3990240759509346,0.3990240759509346,0.6009759240490654,False
2022-08-05,103755.69792851812,0.0004359827802480343,0.0004359827802479983,0.0,0.0,-0.0,0.0,0.0,0.0,0.39928597692085055,0.39928597692085055,0.6007140230791495,False
2022-08-08,104056.16945039749,0.002895952009174252,0.0028959520091743803,0.0,0.0,-0.0,0.0,0.0,0.0,0.4010205925393404,0.4010205925393404,0.5989794074606597,False
2022-08-09,103335.62669459629,-0.006924555839475488,-0.006924555839475474,0.0,0.0,-0.0,0.0,0.0,0.0,0.3968440051732482,0.3968440051732482,0.6031559948267519,False
2022-08-10,102947.30982833076,-0.0037578217569935735,-0.003757821756993698,0.0,0.0,-0.0,0.0,0.0,0.0,0.3945689030246737,0.3945689030246737,0.6054310969753263,False
2022-08-11,102617.40746656165,-0.003204574867660348,-0.003204574867660277,0.0,0.0,-0.0,0.0,0.0,0.0,0.3926225164055642,0.3926225164055642,0.6073774835944358,False
2022-08-12,102499.0627537363,-0.0011532615737140928,-0.0011532615737141017,0.0,0.0,-0.0,0.0,0.0,0.0,0.39192124254079475,0.39192124254079475,0.6080787574592054,False
2022-08-15,102574.23109290237,0.0007333563561129353,0.0007333563561127817,0.0,0.0,-0.0,0.0,0.0,0.0,0.39236685417047357,0.39236685417047357,0.6076331458295264,False
2022-08-16,102387.16892150266,-0.0018236760773793215,-0.0018236760773792454,0.0,0.0,-0.0,0.0,0.0,0.0,0.3912567035835339,0.3912567035835339,0.6087432964164662,False
2022-08-17,101869.21210563043,-0.005058805916094089,-0.0050588059160942625,0.0,0.0,-0.0,0.0,0.0,0.0,0.3881615315194906,0.3881615315194906,0.6118384684805094,False
2022-08-18,101486.0494191967,-0.003761319818950004,-0.0037613198189500206,0.0,0.0,-0.0,0.0,0.0,0.0,0.38585152267996886,0.38585152267996886,0.6141484773200311,False
2022-08-19,101824.96487494063,0.0033395275280054815,0.003339527528005444,0.0,0.0,-0.0,0.0,0.0,0.0,0.3878956619668421,0.3878956619668421,0.6121043380331578,False
2022-08-22,102324.627627723,0.004907075130308636,0.004907075130308636,0.0,0.0,-0.0,0.0,0.0,0.0,0.3908846368170063,0.3908846368170063,0.6091153631829936,False
2022-08-23,102392.50582070771,0.0006633612509361342,0.0006633612509362753,0.0,0.0,-0.0,0.0,0.0,0.0,0.3912884324838932,0.3912884324838932,0.6087115675161069,False
2022-08-24,102257.68683987288,-0.0013166879719781477,-0.001316687971978163,0.0,0.0,-0.0,0.0,0.0,0.0,0.39048589258991534,0.39048589258991534,0.6095141074100847,False
2022-08-25,101887.92023460439,-0.003616027476227912,-0.0036160274762278956,0.0,0.0,-0.0,0.0,0.0,0.0,0.3882738741107734,0.3882738741107734,0.6117261258892266,False
2022-08-26,101482.2396785655,-0.003981635458892296,-0.003981635458892253,0.0,0.0,-0.0,0.0,0.0,0.0,0.38582846695696715,0.38582846695696715,0.614171533043033,False
2022-08-29,101610.3371901882,0.0012622653188227861,0.0012622653188224652,0.0,0.0,-0.0,0.0,0.0,0.0,0.38660273704865117,0.38660273704865117,0.6133972629513488,False
2022-08-30,101405.03831112768,-0.0020204526895355457,-0.0020204526895354737,0.0,0.0,-0.0,0.0,0.0,0.0,0.38536088780131567,0.38536088780131567,0.6146391121986843,False
2022-08-31,101233.91438339926,-0.0016875288504243358,-0.0016875288504243548,0.0,0.0,-0.0,0.0,0.0,0.0,0.3843219132673803,0.3843219132673803,0.6156780867326197,False
2022-09-01,100938.06457891857,-0.0029224376660990092,-0.0029119850080943327,1.0581634855130502,0.0,-1.0452658004564644e-05,1763.605809188417,0.017471974802962437,0.008735987401481219,0.4,0.4,0.6,True
2022-09-02,100410.1625453372,-0.005229959934179518,-0.0052299599341795846,0.0,0.0,-0.0,0.0,0.0,0.0,0.3968455262682618,0.3968455262682618,0.6031544737317381,False
2022-09-06,100551.10928036066,0.001403709858151192,0.0014037098581514119,0.0,0.0,-0.0,0.0,0.0,0.0,0.39769099335853786,0.39769099335853786,0.6023090066414623,False
2022-09-07,100531.68585404441,-0.00019316968709015558,-0.0001931696870901747,0.0,0.0,-0.0,0.0,0.0,0.0,0.3975746230369747,0.3975746230369747,0.6024253769630253,False
2022-09-08,100431.77216444165,-0.0009938527216963866,-0.0009938527216962782,0.0,0.0,-0.0,0.0,0.0,0.0,0.3969753053028999,0.3969753053028999,0.6030246946971001,False
2022-09-09,100024.36676140755,-0.004056539023995609,-0.004056539023995583,0.0,0.0,-0.0,0.0,0.0,0.0,0.39451914860091747,0.39451914860091747,0.6054808513990826,False
2022-09-12,99970.13986850125,-0.0005421368278756278,-0.0005421368278757019,0.0,0.0,-0.0,0.0,0.0,0.0,0.3941907170779765,0.3941907170779765,0.6058092829220235,False
2022-09-13,99694.25795092463,-0.002759643208857354,-0.002759643208857258,0.0,0.0,-0.0,0.0,0.0,0.0,0.3925142732175837,0.3925142732175837,0.6074857267824164,False
2022-09-14,99667.83099913425,-0.00026507997886282553,-0.00026507997886290435,0.0,0.0,-0.0,0.0,0.0,0.0,0.3923531982162107,0.3923531982162107,0.6076468017837893,False
2022-09-15,99786.52851953376,0.001190931107957427,0.0011909311079574827,0.0,0.0,-0.0,0.0,0.0,0.0,0.39307600288454136,0.39307600288454136,0.6069239971154586,False
2022-09-16,99237.71242644281,-0.005499901652391004,-0.0054999016523910585,0.0,0.0,-0.0,0.0,0.0,0.0,0.38971952026562834,0.38971952026562834,0.6102804797343717,False
2022-09-19,99052.13424883992,-0.0018700368344387597,-0.0018700368344388267,0.0,0.0,-0.0,0.0,0.0,0.0,0.38857613511684186,0.38857613511684186,0.6114238648831581,False
2022-09-20,99331.08273013763,0.002816178403555858,0.0028161784035558995,0.0,0.0,-0.0,0.0,0.0,0.0,0.3902931783006124,0.3902931783006124,0.6097068216993876,False
2022-09-21,99555.52549202551,0.002259542086112676,0.002259542086112572,0.0,0.0,-0.0,0.0,0.0,0.0,0.391667730665514,0.391667730665514,0.6083322693344859,False
2022-09-22,99456.40522574243,-0.000995627975375557,-0.0009956279753755796,0.0,0.0,-0.0,0.0,0.0,0.0,0.39106145441424434,0.39106145441424434,0.6089385455857556,False
2022-09-23,99793.09906198611,0.0033853408986526112,0.00338534089865273,0.0,0.0,-0.0,0.0,0.0,0.0,0.3931159637628574,0.3931159637628574,0.6068840362371426,False
2022-09-26,100059.44817533618,0.0026690133471516386,0.0026690133471516018,0.0,0.0,-0.0,0.0,0.0,0.0,0.39473143364507,0.39473143364507,0.60526856635493,False
2022-09-27,99878.62743492241,-0.0018071330964858356,-0.0018071330964858192,0.0,0.0,-0.0,0.0,0.0,0.0,0.3936356525642899,0.3936356525642899,0.6063643474357101,False
2022-09-28,100005.68220171075,0.001272091638134798,0.0012720916381347256,0.0,0.0,-0.0,0.0,0.0,0.0,0.394406023597776,0.394406023597776,0.6055939764022241,False
2022-09-29,100545.73527252406,0.005400223856520725,0.005400223856520706,0.0,0.0,-0.0,0.0,0.0,0.0,0.39765880091086236,0.39765880091086236,0.6023411990891375,False
2022-09-30,100875.56372541134,0.003280382325449027,0.0032803823254491426,0.0,0.0,-0.0,0.0,0.0,0.0,0.39962824978895367,0.39962824978895367,0.6003717502110463,False
2022-10-03,100628.08506922788,-0.002453306301782976,-0.002448348118378412,0.5001595459955508,0.0,-4.958183404625245e-06,833.599243325918,0.00828392092993033,0.004141960464965165,0.4000000000000001,0.4000000000000001,0.6,True
2022-10-04,100458.63244930556,-0.0016839495634418666,-0.0016839495634419668,0.0,0.0,-0.0,0.0,0.0,0.0,0.3989879259803312,0.3989879259803312,0.6010120740196686,False
2022-10-05,100984.40875959405,0.005233759384031256,0.0052337593840313616,0.0,0.0,-0.0,0.0,0.0,0.0,0.40211710121241273,0.40211710121241273,0.5978828987875874,False
2022-10-06,100798.05799696755,-0.0018453419187721698,-0.0018453419187721722,0.0,0.0,-0.0,0.0,0.0,0.0,0.4010117631100282,0.4010117631100282,0.5989882368899718,False
2022-10-07,100517.58963601127,-0.0027824778227841795,-0.0027824778227843357,0.0,0.0,-0.0,0.0,0.0,0.0,0.3993404412086478,0.3993404412086478,0.6006595587913521,False
2022-10-10,100275.15379256678,-0.00241187482034122,-0.0024118748203411536,0.0,0.0,-0.0,0.0,0.0,0.0,0.3978882229746094,0.3978882229746094,0.6021117770253906,False
2022-10-11,100269.46981485811,-5.668380943524287e-05,-5.6683809435307164e-05,0.0,0.0,-0.0,0.0,0.0,0.0,0.39785409105065433,0.39785409105065433,0.6021459089493457,False
2022-10-12,100296.07826052074,0.00026536936628618335,0.0002653693662862599,0.0,0.0,-0.0,0.0,0.0,0.0,0.3980138397365165,0.3980138397365165,0.6019861602634835,False
2022-10-13,100200.3182730891,-0.0009547729990289078,-0.0009547729990288866,0.0,0.0,-0.0,0.0,0.0,0.0,0.39743853031500614,0.39743853031500614,0.6025614696849939,False
2022-10-14,100071.8457248984,-0.0012821570869719912,-0.0012821570869721017,0.0,0.0,-0.0,0.0,0.0,0.0,0.39666496001767415,0.39666496001767415,0.6033350399823258,False
2022-10-17,100081.99222259063,0.00010139213101068023,0.00010139213101086105,0.0,0.0,-0.0,0.0,0.0,0.0,0.39672612724121636,0.39672612724121636,0.6032738727587836,False
2022-10-18,100245.77827781867,0.0016365187341971232,0.0016365187341970168,0.0,0.0,-0.0,0.0,0.0,0.0,0.39771178319140976,0.39771178319140976,0.6022882168085902,False
2022-10-19,100586.16851432662,0.0033955568239951717,0.0033955568239952202,0.0,0.0,-0.0,0.0,0.0,0.0,0.39974996628947884,0.39974996628947884,0.6002500337105212,False
2022-10-20,100703.18407854266,0.0011633365297076814,0.0011633365297074557,0.0,0.0,-0.0,0.0,0.0,0.0,0.40044744767507773,0.40044744767507773,0.5995525523249222,False
2022-10-21,101065.91429517305,0.0036019736610064523,0.003601973661006429,0.0,0.0,-0.0,0.0,0.0,0.0,0.4025992693718663,0.4025992693718663,0.5974007306281337,False
2022-10-24,100976.95090725488,-0.0008802511562734372,-0.0008802511562735665,0.0,0.0,-0.0,0.0,0.0,0.0,0.40207294338891714,0.40207294338891714,0.5979270566110828,False
2022-10-25,100780.59337135547,-0.0019445777886456517,-0.001944577788645668,0.0,0.0,-0.0,0.0,0.0,0.0,0.40090796231908843,0.40090796231908843,0.5990920376809116,False
2022-10-26,100811.87613265771,0.0003104046151720663,0.0003104046151720304,0.0,0.0,-0.0,0.0,0.0,0.0,0.40109386554727733,0.40109386554727733,0.5989061344527227,False
2022-10-27,100202.77185850454,-0.006041989272689063,-0.006041989272689007,0.0,0.0,-0.0,0.0,0.0,0.0,0.3974532847574881,0.3974532847574881,0.6025467152425119,False
2022-10-28,99729.97072165224,-0.004718443692555141,-0.00471844369255521,0.0,0.0,-0.0,0.0,0.0,0.0,0.3945967234859682,0.3945967234859682,0.6054032765140318,False
2022-10-31,99195.25781331313,-0.005361606992059564,-0.005361606992059529,0.0,0.0,-0.0,0.0,0.0,0.0,0.3913332918074893,0.3913332918074893,0.6086667081925106,False
2022-11-01,98685.41081220012,-0.005139832410865353,-0.00513278627396403,0.6989433665100856,0.0,-7.046136901277144e-06,1164.9056108501427,0.011804149679579738,0.005902074839789869,0.4000000000000001,0.4000000000000001,0.6,True
2022-11-02,98328.1762343689,-0.0036199330264838903,-0.003619933026484002,0.0,0.0,-0.0,0.0,0.0,0.0,0.39782014927046094,0.39782014927046094,0.602179850729539,False
2022-11-03,98523.41488572927,0.001985581944436987,0.0019855819444369897,0.0,0.0,-0.0,0.0,0.0,0.0,0.39901345729849874,0.39901345729849874,0.6009865427015013,False
2022-11-04,98443.65768566057,-0.0008095253312241368,-0.0008095253312242247,0.0,0.0,-0.0,0.0,0.0,0.0,0.3985265493041015,0.3985265493041015,0.6014734506958984,False
2022-11-07,98685.71604440748,0.0024588517375068175,0.0024588517375068505,0.0,0.0,-0.0,0.0,0.0,0.0,0.40000185578350916,0.40000185578350916,0.5999981442164909,False
2022-11-08,98724.09050895156,0.0003888553083690738,0.00038885530836911346,0.0,0.0,-0.0,0.0,0.0,0.0,0.40023507755737453,0.40023507755737453,0.5997649224426255,False
2022-11-09,98887.98142949925,0.0016600904571801856,0.0016600904571800624,0.0,0.0,-0.0,0.0,0.0,0.0,0.40122909142873076,0.40122909142873076,0.5987709085712692,False
2022-11-10,98760.68711373876,-0.001287257702304756,-0.0012872577023046196,0.0,0.0,-0.0,0.0,0.0,0.0,0.4004573255031243,0.4004573255031243,0.5995426744968757,False
2022-11-11,98993.48582630062,0.002357200211595911,0.0023572002115957273,0.0,0.0,-0.0,0.0,0.0,0.0,0.40186724416174857,0.40186724416174857,0.5981327558382514,False
2022-11-14,99236.64974145804,0.002456362791225297,0.002456362791225359,0.0,0.0,-0.0,0.0,0.0,0.0,0.4033328750861344,0.4033328750861344,0.5966671249138655,False
2022-11-15,99367.57468445605,0.0013193204661696711,0.001319320466169586,0.0,0.0,-0.0,0.0,0.0,0.0,0.404119033041244,0.404119033041244,0.5958809669587559,False
2022-11-16,99509.62554692423,0.0014295494573484113,0.0014295494573483719,0.0,0.0,-0.0,0.0,0.0,0.0,0.40496965834326526,0.40496965834326526,0.5950303416567347,False
2022-11-17,99800.80538511404,0.0029261474615087657,0.0029261474615085753,0.0,0.0,-0.0,0.0,0.0,0.0,0.40670572488033424,0.40670572488033424,0.5932942751196657,False
2022-11-18,99615.85868093399,-0.0018531584336055618,-0.0018531584336054184,0.0,0.0,-0.0,0.0,0.0,0.0,0.4056042153190532,0.4056042153190532,0.5943957846809468,False
2022-11-21,99403.82535657984,-0.0021285097288905597,-0.002128509728890635,0.0,0.0,-0.0,0.0,0.0,0.0,0.40433633942236713,0.40433633942236713,0.5956636605776329,False
2022-11-22,99423.91051372256,0.00020205617913271468,0.0002020561791326275,0.0,0.0,-0.0,0.0,0.0,0.0,0.4044566726316031,0.4044566726316031,0.5955433273683969,False
2022-11-23,99523.92751160139,0.0010059652387643947,0.0010059652387645057,0.0,0.0,-0.0,0.0,0.0,0.0,0.40505516645313383,0.40505516645313383,0.5949448335468662,False
2022-11-25,99729.01243543645,0.00206065947117251,0.0020606594711724113,0.0,0.0,-0.0,0.0,0.0,0.0,0.40627862402976433,0.40627862402976433,0.5937213759702356,False
2022-11-28,99313.77088713735,-0.004163698588391496,-0.004163698588391359,0.0,0.0,-0.0,0.0,0.0,0.0,0.40379621115576003,0.40379621115576003,0.59620378884424,False
2022-11-29,99233.18296541387,-0.0008114476069492893,-0.0008114476069493437,0.0,0.0,-0.0,0.0,0.0,0.0,0.403312030130514,0.403312030130514,0.596687969869486,False
2022-11-30,99299.61692503694,0.0006694732310079665,0.000669473231008095,0.0,0.0,-0.0,0.0,0.0,0.0,0.40371122950031424,0.40371122950031424,0.5962887704996858,False
2022-12-01,99304.35008328008,4.766542298662024e-05,0.00017773676907560323,12.91603483957203,0.0,-0.00013007134608910502,21526.724732620052,0.21674705289428695,0.10837352644714347,0.4000000000000001,0.4000000000000001,0.6,True
2022-12-02,99776.97067659747,0.0047593140977311155,0.004759314097731294,0.0,0.0,-0.0,0.0,0.0,0.0,0.40284206219198193,0.40284206219198193,0.5971579378080181,False
2022-12-05,100161.10092597376,0.0038498888748723648,0.003849888874872233,0.0,0.0,-0.0,0.0,0.0,0.0,0.40513223697487255,0.40513223697487255,0.5948677630251276,False
2022-12-06,99966.38537405845,-0.0019440236790051468,-0.001944023679005286,0.0,0.0,-0.0,0.0,0.0,0.0,0.403973547437778,0.403973547437778,0.5960264525622219,False
2022-12-07,100582.01907584383,0.006158407143378897,0.006158407143379151,0.0,0.0,-0.0,0.0,0.0,0.0,0.407621654472458,0.407621654472458,0.5923783455275421,False
2022-12-08,100465.86807445463,-0.0011547889220797636,-0.0011547889220798009,0.0,0.0,-0.0,0.0,0.0,0.0,0.4069367916493616,0.4069367916493616,0.5930632083506384,False
2022-12-09,100750.64336068994,0.002834547609982918,0.0028345476099829433,0.0,0.0,-0.0,0.0,0.0,0.0,0.40861310595644795,0.40861310595644795,0.591386894043552,False
2022-12-12,100913.42964982026,0.0016157344876452928,0.0016157344876453438,0.0,0.0,-0.0,0.0,0.0,0.0,0.409567088773757,0.409567088773757,0.590432911226243,False
2022-12-13,100964.30765544559,0.0005041747743772529,0.0005041747743771669,0.0,0.0,-0.0,0.0,0.0,0.0,0.40986462014574704,0.40986462014574704,0.5901353798542529,False
2022-12-14,100785.24966022221,-0.0017734781665065258,-0.0017734781665064022,0.0,0.0,-0.0,0.0,0.0,0.0,0.4088161685282403,0.4088161685282403,0.5911838314717598,False
2022-12-15,100744.02234739665,-0.00040906097831328037,-0.00040906097831342223,0.0,0.0,-0.0,0.0,0.0,0.0,0.40857423932798,0.40857423932798,0.5914257606720199,False
2022-12-16,100400.07293574122,-0.0034140925053536275,-0.0034140925053535737,0.0,0.0,-0.0,0.0,0.0,0.0,0.4065481397797138,0.4065481397797138,0.5934518602202862,False
2022-12-19,100654.70676271452,0.0025361916533295226,0.002536191653329537,0.0,0.0,-0.0,0.0,0.0,0.0,0.4080494398495511,0.4080494398495511,0.591950560150449,False
2022-12-20,101141.57748766214,0.004837038829146767,0.00483703882914661,0.0,0.0,-0.0,0.0,0.0,0.0,0.4108989445291548,0.4108989445291548,0.5891010554708451,False
2022-12-21,101046.7614125149,-0.0009374589313559945,-0.0009374589313559434,0.0,0.0,-0.0,0.0,0.0,0.0,0.410346168278199,0.410346168278199,0.5896538317218011,False
2022-12-22,101151.62501586166,0.0010377730258832596,0.0010377730258831557,0.0,0.0,-0.0,0.0,0.0,0.0,0.41095746073654427,0.41095746073654427,0.5890425392634557,False
2022-12-23,100970.25121929044,-0.0017930883121529684,-0.0017930883121529478,0.0,0.0,-0.0,0.0,0.0,0.0,0.40989935817268985,0.40989935817268985,0.5901006418273103,False
2022-12-27,100619.31873071534,-0.0034756028071369904,-0.0034756028071370073,0.0,0.0,-0.0,0.0,0.0,0.0,0.40784124955738066,0.40784124955738066,0.5921587504426193,False
2022-12-28,100924.07584454844,0.003028813131290553,0.003028813131290461,0.0,0.0,-0.0,0.0,0.0,0.0,0.4096293718681944,0.4096293718681944,0.5903706281318055,False
2022-12-29,101099.36877580748,0.0017368792311662773,0.0017368792311663096,0.0,0.0,-0.0,0.0,0.0,0.0,0.41065299643863035,0.41065299643863035,0.5893470035613697,False
2022-12-30,101359.2997391214,0.0025710443740785127,0.0025710443740784746,0.0,0.0,-0.0,0.0,0.0,0.0,0.4121643479846272,0.4121643479846272,0.5878356520153728,False
2023-01-03,101470.03514195172,0.0010925036293198964,0.0012204033797029892,12.963829135637384,0.0,-0.00012789975038307973,21606.381892728976,0.21290641892524936,0.10645320946262468,0.4000000000000001,0.4000000000000001,0.6,True
2023-01-04,101661.50942236802,0.0018870031940803056,0.0018870031940802837,0.0,0.0,-0.0,0.0,0.0,0.0,0.40113006947174557,0.40113006947174557,0.5988699305282545,False
2023-01-05,101936.60973267595,0.002706041960925276,0.002706041960925252,0.0,0.0,-0.0,0.0,0.0,0.0,0.40274626314499457,0.40274626314499457,0.5972537368550055,False
2023-01-06,102025.37551233644,0.0008707939168595136,0.0008707939168594019,0.0,0.0,-0.0,0.0,0.0,0.0,0.4032658955731121,0.4032658955731121,0.5967341044268879,False
2023-01-09,101871.49360751099,-0.0015082708988103377,-0.0015082708988102484,0.0,0.0,-0.0,0.0,0.0,0.0,0.40236449933936974,0.40236449933936974,0.5976355006606303,False
2023-01-10,101969.77011073269,0.0009647105362009523,0.000964710536200912,0.0,0.0,-0.0,0.0,0.0,0.0,0.4029404889404279,0.4029404889404279,0.5970595110595721,False
2023-01-11,102018.01458795945,0.00047312529168563877,0.0004731252916856806,0.0,0.0,-0.0,0.0,0.0,0.0,0.4032228393086513,0.4032228393086513,0.5967771606913487,False
2023-01-12,101822.45600253083,-0.0019169024825513858,-0.0019169024825513195,0.0,0.0,-0.0,0.0,0.0,0.0,0.4020766786095025,0.4020766786095025,0.5979233213904974,False
2023-01-13,102004.97001801446,0.0017924731208516231,0.0017924731208516364,0.0,0.0,-0.0,0.0,0.0,0.0,0.4031465224251424,0.4031465224251424,0.5968534775748577,False
2023-01-17,102240.08190934756,0.002304906234388282,0.00230490623438823,0.0,0.0,-0.0,0.0,0.0,0.0,0.4045190501788445,0.4045190501788445,0.5954809498211556,False
2023-01-18,102345.99735866029,0.0010359484004192065,0.0010359484004192204,0.0,0.0,-0.0,0.0,0.0,0.0,0.40513529931398606,0.40513529931398606,0.5948647006860139,False
2023-01-19,102646.90185863977,0.0029400710115217166,0.0029400710115217756,0.0,0.0,-0.0,0.0,0.0,0.0,0.4068791168289255,0.4068791168289255,0.5931208831710745,False
2023-01-20,103141.22132013919,0.0048157270462987345,0.004815727046298591,0.0,0.0,-0.0,0.0,0.0,0.0,0.40972173583052857,0.40972173583052857,0.5902782641694714,False
2023-01-23,103008.33782957314,-0.0012883645245347353,-0.001288364524534533,0.0,0.0,-0.0,0.0,0.0,0.0,0.4089602611984666,0.4089602611984666,0.5910397388015335,False
2023-01-24,103155.97344521446,0.001433239471212433,0.0014332394712123111,0.0,0.0,-0.0,0.0,0.0,0.0,0.4098061503194954,0.4098061503194954,0.5901938496805046,False
2023-01-25,103232.42136017748,0.000741090529319921,0.0007410905293198085,0.0,0.0,-0.0,0.0,0.0,0.0,0.41024321348858106,0.41024321348858106,0.5897567865114188,False
2023-01-26,103368.21902724303,0.001315455602767912,0.0013154556027679314,0.0,0.0,-0.0,0.0,0.0,0.0,0.4110179931693959,0.4110179931693959,0.5889820068306041,False
2023-01-27,103123.78605145952,-0.002364682085884473,-0.00236468208588436,0.0,0.0,-0.0,0.0,0.0,0.0,0.4096219367393043,0.4096219367393043,0.5903780632606958,False
2023-01-30,103687.77336642795,0.0054690322821060455,0.005469032282106008,0.0,0.0,-0.0,0.0,0.0,0.0,0.41283317108164064,0.41283317108164064,0.5871668289183595,False
2023-01-31,103752.47579426551,0.0006240121254112996,0.0006240121254113586,0.0,0.0,-0.0,0.0,0.0,0.0,0.413199341807552,0.413199341807552,0.586800658192448,False
2023-02-01,103835.75977335729,0.0008027179925511607,0.000811516697788607,0.9128874521887529,0.0,-8.79870523763645e-06,1521.479086981255,0.014652617885313834,0.007326308942656917,0.4000000000000001,0.4000000000000001,0.5999999999999999,True
2023-02-02,104067.89784600039,0.002235627428833542,0.0022356274288335425,0.0,0.0,-0.0,0.0,0.0,0.0,0.4013383843285849,0.4013383843285849,0.5986616156714151,False
2023-02-03,103372.80942441087,-0.006679181918502031,-0.006679181918502034,0.0,0.0,-0.0,0.0,0.0,0.0,0.3973129277329841,0.3973129277329841,0.6026870722670158,False
2023-02-06,103094.31344087163,-0.00269409320584324,-0.002694093205843266,0.0,0.0,-0.0,0.0,0.0,0.0,0.3956848463834376,0.3956848463834376,0.6043151536165623,False
2023-02-07,103259.59686912382,0.0016032254615769848,0.0016032254615769629,0.0,0.0,-0.0,0.0,0.0,0.0,0.396652149020316,0.396652149020316,0.603347850979684,False
2023-02-08,103342.17954411461,0.0007997578674983075,0.0007997578674983554,0.0,0.0,-0.0,0.0,0.0,0.0,0.39713429561044644,0.39713429561044644,0.6028657043895536,False
2023-02-09,103430.4928919648,0.0008545721431438835,0.0008545721431438392,0.0,0.0,-0.0,0.0,0.0,0.0,0.39764904795446077,0.39764904795446077,0.6023509520455391,False
2023-02-10,103310.5852682985,-0.0011593063158998884,-0.001159306315899781,0.0,0.0,-0.0,0.0,0.0,0.0,0.39694992819741626,0.39694992819741626,0.6030500718025839,False
2023-02-13,103451.0702910886,0.0013598318354819394,0.0013598318354818867,0.0,0.0,-0.0,0.0,0.0,0.0,0.3977688612721768,0.3977688612721768,0.6022311387278232,False
2023-02-14,103873.08778593951,0.004079392254361824,0.004079392254361901,0.0,0.0,-0.0,0.0,0.0,0.0,0.400215617038318,0.400215617038318,0.5997843829616821,False
2023-02-15,104028.75066079765,0.0014985871526118633,0.0014985871526118823,0.0,0.0,-0.0,0.0,0.0,0.0,0.40111310125065125,0.40111310125065125,0.5988868987493488,False
2023-02-16,104119.42078958152,0.0008715872122651014,0.0008715872122650717,0.0,0.0,-0.0,0.0,0.0,0.0,0.4016346288564023,0.4016346288564023,0.5983653711435977,False
2023-02-17,104148.43933733436,0.00027870446774280744,0.00027870446774281286,0.0,0.0,-0.0,0.0,0.0,0.0,0.40180134949289636,0.40180134949289636,0.5981986505071036,False
2023-02-21,103996.40017514129,-0.0014598314017997271,-0.001459831401799759,0.0,0.0,-0.0,0.0,0.0,0.0,0.4009268036288572,0.4009268036288572,0.5990731963711428,False
2023-02-22,103501.97176266825,-0.004754283914062074,-0.004754283914062036,0.0,0.0,-0.0,0.0,0.0,0.0,0.3980650339022271,0.3980650339022271,0.601934966097773,False
2023-02-23,103333.63252601662,-0.0016264350696394425,-0.0016264350696393404,0.0,0.0,-0.0,0.0,0.0,0.0,0.3970844308765732,0.3970844308765732,0.6029155691234269,False
2023-02-24,103603.28985479545,0.0026095794968878927,0.002609579496887792,0.0,0.0,-0.0,0.0,0.0,0.0,0.39865369187279115,0.39865369187279115,0.6013463081272089,False
2023-02-27,103134.53297331814,-0.004524536644871957,-0.004524536644872002,0.0,0.0,-0.0,0.0,0.0,0.0,0.39592051209334195,0.39592051209334195,0.6040794879066581,False
2023-02-28,102858.0478789846,-0.002680819763881348,-0.002680819763881465,0.0,0.0,-0.0,0.0,0.0,0.0,0.3942967307982181,0.3942967307982181,0.6057032692017817,False
2023-03-01,102770.88483877043,-0.0008474109903068294,-0.0008406295172508695,0.6975290802650528,0.0,-6.781473055814899e-06,1162.5484671084214,0.011311964264083308,0.005655982132041654,0.4,0.4,0.6,True
2023-03-02,102669.32250644652,-0.0009882403219866331,-0.0009882403219865997,0.0,0.0,-0.0,0.0,0.0,0.0,0.39940646925579426,0.39940646925579426,0.6005935307442057,False
2023-03-03,102645.62822270102,-0.00023078250802732736,-0.00023078250802715847,0.0,0.0,-0.0,0.0,0.0,0.0,0.399267830779129,0.399267830779129,0.6007321692208711,False
2023-03-06,102333.24390502881,-0.0030433280314137168,-0.003043328031413788,0.0,0.0,-0.0,0.0,0.0,0.0,0.39743402485619755,0.39743402485619755,0.6025659751438024,False
2023-03-07,102199.47331495074,-0.0013072056056604442,-0.0013072056056603418,0.0,0.0,-0.0,0.0,0.0,0.0,0.39664531623137383,0.39664531623137383,0.6033546837686262,False
2023-03-08,102386.23645810463,0.0018274374328557386,0.0018274374328557015,0.0,0.0,-0.0,0.0,0.0,0.0,0.3977458979216027,0.3977458979216027,0.6022541020783972,False
2023-03-09,102595.85835148816,0.002047363987925266,0.0020473639879253908,0.0,0.0,-0.0,0.0,0.0,0.0,0.3989764119716257,0.3989764119716257,0.6010235880283743,False
2023-03-10,101930.6026265139,-0.006484235676406547,-0.006484235676406559,0.0,0.0,-0.0,0.0,0.0,0.0,0.39505379822778774,0.39505379822778774,0.6049462017722123,False
2023-03-13,101690.1475489625,-0.0023590077106916407,-0.0023590077106916112,0.0,0.0,-0.0,0.0,0.0,0.0,0.3936233510373014,0.3936233510373014,0.6063766489626986,False
2023-03-14,102082.89481177696,0.003862195820154124,0.0038621958201542055,0.0,0.0,-0.0,0.0,0.0,0.0,0.3959562861441459,0.3959562861441459,0.6040437138558542,False
2023-03-15,101377.38128696429,-0.006911182584638853,-0.00691118258463887,0.0,0.0,-0.0,0.0,0.0,0.0,0.39175257714818096,0.39175257714818096,0.6082474228518191,False
2023-03-16,101205.92935582148,-0.001691224698904814,-0.0016912246989048032,0.0,0.0,-0.0,0.0,0.0,0.0,0.3907221514021366,0.3907221514021366,0.6092778485978634,False
2023-03-17,101064.3376971857,-0.001399045090905382,-0.0013990450909053972,0.0,0.0,-0.0,0.0,0.0,0.0,0.3898685499921962,0.3898685499921962,0.6101314500078038,False
2023-03-20,101371.56840592655,0.003039951735115398,0.0030399517351152984,0.0,0.0,-0.0,0.0,0.0,0.0,0.3917176988290807,0.3917176988290807,0.6082823011709193,False
2023-03-21,101277.72304039128,-0.0009257562747719827,-0.0009257562747719262,0.0,0.0,-0.0,0.0,0.0,0.0,0.39115405587593843,0.39115405587593843,0.6088459441240617,False
2023-03-22,101515.85883442547,0.002351314651290126,0.002351314651290107,0.0,0.0,-0.0,0.0,0.0,0.0,0.3925822860462111,0.3925822860462111,0.6074177139537889,False
2023-03-23,101770.32377195099,0.002506652068427595,0.002506652068427673,0.0,0.0,-0.0,0.0,0.0,0.0,0.39410106386772514,0.39410106386772514,0.6058989361322747,False
2023-03-24,101846.87479483002,0.0007521939602999073,0.0007521939602998017,0.0,0.0,-0.0,0.0,0.0,0.0,0.39455647483066014,0.39455647483066014,0.6054435251693397,False
2023-03-27,101602.77065675435,-0.0023967759302130354,-0.0023967759302128003,0.0,0.0,-0.0,0.0,0.0,0.0,0.3931018760150017,0.3931018760150017,0.6068981239849984,False
2023-03-28,101705.73438321977,0.001013394869055828,0.001013394869055796,0.0,0.0,-0.0,0.0,0.0,0.0,0.3937162808252055,0.3937162808252055,0.6062837191747946,False
2023-03-29,101645.95212102466,-0.000587796377044536,-0.000587796377044533,0.0,0.0,-0.0,0.0,0.0,0.0,0.3933596998546107,0.3933596998546107,0.6066403001453892,False
2023-03-30,101852.24701006018,0.0020295435748380886,0.0020295435748380695,0.0,0.0,-0.0,0.0,0.0,0.0,0.3945884090591373,0.3945884090591373,0.6054115909408627,False
2023-03-31,101597.17640367824,-0.0025043198738339267,-0.002504319873834,0.0,0.0,-0.0,0.0,0.0,0.0,0.39306845833729465,0.39306845833729465,0.6069315416627054,False
2023-04-03,101567.84748872914,-0.00028867844547730837,-4.437412657129773e-05,24.820628984076148,0.0,-0.00024430431890602755,41367.71497346025,0.407191933629781,0.2035959668148905,0.4,0.4,0.6,True
2023-04-04,101336.11550842691,-0.002281548600583827,-0.002281548600583805,0.0,0.0,-0.0,0.0,0.0,0.0,0.39862794041903293,0.39862794041903293,0.6013720595809672,False
2023-04-05,101107.72776426532,-0.0022537645440198206,-0.002253764544019991,0.0,0.0,-0.0,0.0,0.0,0.0,0.3972695278513037,0.3972695278513037,0.6027304721486962,False
2023-04-06,101124.09822990863,0.00016191112198149504,0.00016191112198152207,0.0,0.0,-0.0,0.0,0.0,0.0,0.3973671008201529,0.3973671008201529,0.6026328991798471,False
2023-04-10,101213.24160932016,0.0008815245917828118,0.0008815245917827784,0.0,0.0,-0.0,0.0,0.0,0.0,0.39789786865569776,0.39789786865569776,0.6021021313443021,False
2023-04-11,101502.71852133152,0.0028600695660823128,0.0028600695660826437,0.0,0.0,-0.0,0.0,0.0,0.0,0.3996150114892702,0.3996150114892702,0.6003849885107299,False
2023-04-12,100988.77324211298,-0.005063364673435156,-0.00506336467343524,0.0,0.0,-0.0,0.0,0.0,0.0,0.3965595725463789,0.3965595725463789,0.6034404274536213,False
2023-04-13,101251.42754083296,0.0026008267086310433,0.002600826708630994,0.0,0.0,-0.0,0.0,0.0,0.0,0.398124945263995,0.398124945263995,0.601875054736005,False
2023-04-14,101334.00130479046,0.0008155318494074137,0.000815531849407412,0.0,0.0,-0.0,0.0,0.0,0.0,0.39861539356428666,0.39861539356428666,0.6013846064357133,False
2023-04-17,101015.43708142219,-0.003143705165752797,-0.0031437051657530013,0.0,0.0,-0.0,0.0,0.0,0.0,0.3967188555139645,0.3967188555139645,0.6032811444860354,False
2023-04-18,100657.22761386645,-0.0035460863993195257,-0.0035460863993194112,0.0,0.0,-0.0,0.0,0.0,0.0,0.39457195535909684,0.39457195535909684,0.605428044640903,False
2023-04-19,100864.3691772351,0.0020578906083452697,0.0020578906083453903,0.0,0.0,-0.0,0.0,0.0,0.0,0.395815301376101,0.395815301376101,0.604184698623899,False
2023-04-20,100931.18781707197,0.0006624602957607806,0.0006624602957607186,0.0,0.0,-0.0,0.0,0.0,0.0,0.39621528477712337,0.39621528477712337,0.6037847152228767,False
2023-04-21,100777.92834294352,-0.0015184550726403678,-0.0015184550726403572,0.0,0.0,-0.0,0.0,0.0,0.0,0.39529707054645413,0.39529707054645413,0.6047029294535459,False
2023-04-24,101238.56545514104,0.004570813468500745,0.004570813468500677,0.0,0.0,-0.0,0.0,0.0,0.0,0.39804847866754495,0.39804847866754495,0.601951521332455,False
2023-04-25,101497.8610602789,0.002561233498046267,0.0025612334980463186,0.0,0.0,-0.0,0.0,0.0,0.0,0.39958627840398336,0.39958627840398336,0.6004137215960167,False
2023-04-26,101563.05875348524,0.0006423553415340066,0.0006423553415338718,0.0,0.0,-0.0,0.0,0.0,0.0,0.3999717097812768,0.3999717097812768,0.6000282902187232,False
2023-04-27,102306.72723881676,0.007322234033307007,0.007322234033306899,0.0,0.0,-0.0,0.0,0.0,0.0,0.40433332061358684,0.40433332061358684,0.595666679386413,False
2023-04-28,102383.19563987223,0.0007474425496669657,0.0007474425496670899,0.0,0.0,-0.0,0.0,0.0,0.0,0.40477821470240716,0.40477821470240716,0.595221785297593,False
2023-05-01,102198.93824443588,-0.0017996839645879614,-0.00179408935638265,0.572793866424862,0.0,-5.594608205428904e-06,954.6564440414368,0.009341105787518405,0.004670552893759203,0.4,0.4,0.6,True
2023-05-02,102086.78971487453,-0.0010973551338969711,-0.0010973551338970158,0.0,0.0,-0.0,0.0,0.0,0.0,0.3993408636129636,0.3993408636129636,0.6006591363870364,False
2023-05-03,102455.29511355338,0.003609726583704731,0.0036097265837047882,0.0,0.0,-0.0,0.0,0.0,0.0,0.4015012803515917,0.4015012803515917,0.5984987196484083,False
2023-05-04,102230.98909842897,-0.0021893062225413207,-0.0021893062225413784,0.0,0.0,-0.0,0.0,0.0,0.0,0.40018810844505615,0.40018810844505615,0.5998118915549439,False
2023-05-05,102212.18254541478,-0.00018396137198750662,-0.0001839613719875515,0.0,0.0,-0.0,0.0,0.0,0.0,0.4000777459241105,0.4000777459241105,0.5999222540758895,False
2023-05-08,102613.42680163358,0.003925601099854514,0.003925601099854512,0.0,0.0,-0.0,0.0,0.0,0.0,0.4024235925265354,0.4024235925265354,0.5975764074734646,False
2023-05-09,102613.97100251405,5.30340811555341e-06,5.303408115548856e-06,0.0,0.0,-0.0,0.0,0.0,0.0,0.402426761701297,0.402426761701297,0.5975732382987029,False
2023-05-10,102633.994131077,0.00019513062760667665,0.00019513062760674214,0.0,0.0,-0.0,0.0,0.0,0.0,0.40254334379359036,0.40254334379359036,0.5974566562064095,False
2023-05-11,102898.43568585736,0.002576549388135785,0.0025765493881359366,0.0,0.0,-0.0,0.0,0.0,0.0,0.4040787642888392,0.4040787642888392,0.5959212357111608,False
2023-05-12,102655.67774543133,-0.002359199523374267,-0.002359199523374309,0.0,0.0,-0.0,0.0,0.0,0.0,0.40266954255834586,0.40266954255834586,0.5973304574416541,False
2023-05-15,102841.99690225477,0.0018149912495388776,0.0018149912495389233,0.0,0.0,-0.0,0.0,0.0,0.0,0.40375172795466086,0.40375172795466086,0.596248272045339,False
2023-05-16,103133.05114936503,0.0028301108095643013,0.0028301108095643373,0.0,0.0,-0.0,0.0,0.0,0.0,0.4054344144453341,0.4054344144453341,0.5945655855546659,False
2023-05-17,102759.98110642965,-0.003617366487054352,-0.0036173664870542336,0.0,0.0,-0.0,0.0,0.0,0.0,0.4032758444831518,0.4032758444831518,0.5967241555168483,False
2023-05-18,102714.43896798827,-0.000443189439614744,-0.0004431894396147744,0.0,0.0,-0.0,0.0,0.0,0.0,0.40301126538039933,0.40301126538039933,0.5969887346196007,False
2023-05-19,103263.29165533851,0.005343481333927036,0.005343481333927173,0.0,0.0,-0.0,0.0,0.0,0.0,0.4061843084440218,0.4061843084440218,0.5938156915559784,False
2023-05-22,103389.21610218532,0.001219450250211862,0.001219450250211856,0.0,0.0,-0.0,0.0,0.0,0.0,0.40690755517426325,0.40690755517426325,0.5930924448257368,False
2023-05-23,103534.49907465589,0.0014052043138326198,0.00140520431383261,0.0,0.0,-0.0,0.0,0.0,0.0,0.40773980175974184,0.40773980175974184,0.5922601982402582,False
2023-05-24,103172.18739996398,-0.0034994294455479302,-0.003499429445547963,0.0,0.0,-0.0,0.0,0.0,0.0,0.40565995069051974,0.40565995069051974,0.5943400493094803,False
2023-05-25,103101.41655290271,-0.0006859488864660035,-0.0006859488864660354,0.0,0.0,-0.0,0.0,0.0,0.0,0.4052519839511832,0.4052519839511832,0.5947480160488168,False
2023-05-26,102934.88056235775,-0.0016152638451820689,-0.0016152638451820242,0.0,0.0,-0.0,0.0,0.0,0.0,0.4042897547297937,0.4042897547297937,0.5957102452702063,False
2023-05-30,102973.19403309657,0.00037221076596694047,0.0003722107659668883,0.0,0.0,-0.0,0.0,0.0,0.0,0.40451140199698105,0.40451140199698105,0.595488598003019,False
2023-05-31,103356.91189657303,0.003726385950047595,0.003726385950047558,0.0,0.0,-0.0,0.0,0.0,0.0,0.40672218411457134,0.40672218411457134,0.5932778158854286,False
2023-06-01,102875.49213261898,-0.004657838117646085,-0.004533360976544892,12.865572905935673,0.0,-0.000124477141101216,21442.62150989279,0.20840668456642455,0.10420334228321228,0.4000000000000001,0.4000000000000001,0.5999999999999999,True
2023-06-02,103021.65193308817,0.0014207446053406958,0.0014207446053407628,0.0,0.0,-0.0,0.0,0.0,0.0,0.4008512373723,0.4008512373723,0.5991487626277,False
2023-06-05,102920.1802310496,-0.0009849551054033068,-0.0009849551054031882,0.0,0.0,-0.0,0.0,0.0,0.0,0.40026052091045894,0.40026052091045894,0.5997394790895412,False
2023-06-06,103026.7018842356,0.0010349928745447823,0.001034992874544715,0.0,0.0,-0.0,0.0,0.0,0.0,0.40088060521506286,0.40088060521506286,0.5991193947849371,False
2023-06-07,102582.04161691175,-0.004315971094789428,-0.004315971094789452,0.0,0.0,-0.0,0.0,0.0,0.0,0.39828361468879847,0.39828361468879847,0.6017163853112015,False
2023-06-08,102903.51673312989,0.003133834257448953,0.00313383425744902,0.0,0.0,-0.0,0.0,0.0,0.0,0.4001634031648322,0.4001634031648322,0.5998365968351679,False
2023-06-09,103298.22042546861,0.0038356676707400617,0.003835667670740013,0.0,0.0,-0.0,0.0,0.0,0.0,0.40245538572363687,0.40245538572363687,0.5975446142763632,False
2023-06-12,103593.27205838448,0.002856308963509635,0.0028563089635097144,0.0,0.0,-0.0,0.0,0.0,0.0,0.4041572965782622,0.4041572965782622,0.5958427034217378,False
2023-06-13,103468.77447031639,-0.0012017922167563144,-0.0012017922167562615,0.0,0.0,-0.0,0.0,0.0,0.0,0.4034403558410812,0.4034403558410812,0.5965596441589189,False
2023-06-14,103336.7319438884,-0.0012761582139534378,-0.001276158213953547,0.0,0.0,-0.0,0.0,0.0,0.0,0.4026780785646669,0.4026780785646669,0.597321921435333,False
2023-06-15,103319.37834586944,-0.00016793252208113785,-0.00016793252208117894,0.0,0.0,-0.0,0.0,0.0,0.0,0.4025777519398028,0.4025777519398028,0.5974222480601972,False
2023-06-16,103252.37508548216,-0.000648506228550727,-0.0006485062285506646,0.0,0.0,-0.0,0.0,0.0,0.0,0.4021900684757198,0.4021900684757198,0.5978099315242802,False
2023-06-20,103390.8949472585,0.0013415658638520345,0.0013415658638521167,0.0,0.0,-0.0,0.0,0.0,0.0,0.4029909953767348,0.4029909953767348,0.5970090046232652,False
2023-06-21,103493.38763276131,0.0009913124898968118,0.0009913124898966888,0.0,0.0,-0.0,0.0,0.0,0.0,0.4035822317595878,0.4035822317595878,0.5964177682404123,False
2023-06-22,103804.12829730334,0.003002517084904621,0.003002517084904696,0.0,0.0,-0.0,0.0,0.0,0.0,0.40536762562289247,0.40536762562289247,0.5946323743771075,False
2023-06-23,103718.84176042734,-0.0008216102603523234,-0.0008216102603522912,0.0,0.0,-0.0,0.0,0.0,0.0,0.4048786678302273,0.4048786678302273,0.5951213321697728,False
2023-06-26,103789.39564076443,0.0006802416912836673,0.0006802416912835338,0.0,0.0,-0.0,0.0,0.0,0.0,0.40528321897918357,0.40528321897918357,0.5947167810208165,False
2023-06-27,104089.14459764404,0.002888049930622083,0.002888049930622063,0.0,0.0,-0.0,0.0,0.0,0.0,0.40699584458907667,0.40699584458907667,0.5930041554109233,False
2023-06-28,104478.34888139175,0.003739143839179171,0.0037391438391791093,0.0,0.0,-0.0,0.0,0.0,0.0,0.4092049124010894,0.4092049124010894,0.5907950875989105,False
2023-06-29,103548.42242869914,-0.008900661837107582,-0.008900661837107547,0.0,0.0,-0.0,0.0,0.0,0.0,0.4038992209458925,0.4038992209458925,0.5961007790541075,False
2023-06-30,103609.47967238179,0.0005896491926247194,0.0005896491926247091,0.0,0.0,-0.0,0.0,0.0,0.0,0.404250504155124,0.404250504155124,0.595749495844876,False
2023-07-03,103582.88749556249,-0.00025665775856975603,-0.00013292380191067682,12.820010867260212,0.0,-0.0001237339566591562,21366.684778767023,0.2062506767226903,0.10312533836134515,0.4,0.4,0.6,True
2023-07-05,103332.86147622758,-0.0024137772693932913,-0.0024137772693932358,0.0,0.0,-0.0,0.0,0.0,0.0,0.39854822938745915,0.39854822938745915,0.6014517706125408,False
2023-07-06,103389.02834365112,0.000543552811962611,0.000543552811962587,0.0,0.0,-0.0,0.0,0.0,0.0,0.3988749725864509,0.3988749725864509,0.6011250274135491,False
2023-07-07,104097.79830584892,0.006855369216179685,0.006855369216179588,0.0,0.0,-0.0,0.0,0.0,0.0,0.40296784841946554,0.40296784841946554,0.5970321515805345,False
2023-07-10,103692.9655241561,-0.0038889658405971694,-0.003888965840597123,0.0,0.0,-0.0,0.0,0.0,0.0,0.4006369459762512,0.4006369459762512,0.5993630540237488,False
2023-07-11,103657.05226123065,-0.0003463423265397392,-0.00034634232653985253,0.0,0.0,-0.0,0.0,0.0,0.0,0.4004292892613689,0.4004292892613689,0.5995707107386311,False
2023-07-12,103446.69264711376,-0.002029380630917066,-0.002029380630916887,0.0,0.0,-0.0,0.0,0.0,0.0,0.39921005778939705,0.39921005778939705,0.6007899422106031,False
2023-07-13,103217.22836962421,-0.002218188630469964,-0.002218188630469924,0.0,0.0,-0.0,0.0,0.0,0.0,0.39787442969523173,0.39787442969523173,0.6021255703047683,False
2023-07-14,103575.31368865405,0.003469239822518011,0.0034692398225178566,0.0,0.0,-0.0,0.0,0.0,0.0,0.3999561257988682,0.3999561257988682,0.6000438742011318,False
2023-07-17,103488.0942905886,-0.0008420867382320507,-0.0008420867382320728,0.0,0.0,-0.0,0.0,0.0,0.0,0.399450410954282,0.399450410954282,0.6005495890457179,False
2023-07-18,103480.89967685456,-6.952117326497476e-05,-6.952117326494554e-05,0.0,0.0,-0.0,0.0,0.0,0.0,0.39940865713947366,0.39940865713947366,0.6005913428605264,False
2023-07-19,103185.15125461327,-0.0028580001059600457,-0.00285800010596001,0.0,0.0,-0.0,0.0,0.0,0.0,0.39768724722823084,0.39768724722823084,0.6023127527717692,False
2023-07-20,103676.0673810684,0.004757623751926898,0.004757623751926828,0.0,0.0,-0.0,0.0,0.0,0.0,0.40053925590269585,0.40053925590269585,0.5994607440973041,False
2023-07-21,103754.12426864974,0.0007528920565094133,0.000752892056509546,0.0,0.0,-0.0,0.0,0.0,0.0,0.40099024558856394,0.40099024558856394,0.599009754411436,False
2023-07-24,103704.66167732679,-0.0004767289172513678,-0.00047672891725130686,0.0,0.0,-0.0,0.0,0.0,0.0,0.4007045441147662,0.4007045441147662,0.5992954558852338,False
2023-07-25,103522.86449930992,-0.00175302802281474,-0.0017530280228146037,0.0,0.0,-0.0,0.0,0.0,0.0,0.3996521174532243,0.3996521174532243,0.6003478825467757,False
2023-07-26,103298.52685572469,-0.0021670347383666577,-0.0021670347383666334,0.0,0.0,-0.0,0.0,0.0,0.0,0.39834831735653914,0.39834831735653914,0.6016516826434609,False
2023-07-27,103758.15662986174,0.004449528837705552,0.00444952883770549,0.0,0.0,-0.0,0.0,0.0,0.0,0.4010135249506667,0.4010135249506667,0.5989864750493332,False
2023-07-28,103663.08463337502,-0.0009162845560746202,-0.0009162845560745634,0.0,0.0,-0.0,0.0,0.0,0.0,0.4004641795375635,0.4004641795375635,0.5995358204624366,False
2023-07-31,103511.5593996956,-0.0014617087096657766,-0.0014617087096658926,0.0,0.0,-0.0,0.0,0.0,0.0,0.3995865499682515,0.3995865499682515,0.6004134500317484,False
2023-08-01,103354.9004441446,-0.0015134440680782957,-0.001511295625864482,0.22238860382173586,0.0,-2.1484422137146343e-06,370.6476730362265,0.0035861567658916804,0.0017930783829458402,0.4000000000000001,0.4000000000000001,0.5999999999999999,True
2023-08-02,103221.51131137562,-0.00129059321034386,-0.001290593210343949,0.0,0.0,-0.0,0.0,0.0,0.0,0.39922464340383507,0.39922464340383507,0.6007753565961649,False
2023-08-03,103263.97726341579,0.0004114060286528609,0.00041140602865294206,0.0,0.0,-0.0,0.0,0.0,0.0,0.39947170436503604,0.39947170436503604,0.600528295634964,False
2023-08-04,103555.43763852124,0.002822478688400354,0.0028224786884004597,0.0,0.0,-0.0,0.0,0.0,0.0,0.4011619121059195,0.4011619121059195,0.5988380878940804,False
2023-08-07,103597.18988926474,0.00040318742980205435,0.0004031874298020728,0.0,0.0,-0.0,0.0,0.0,0.0,0.4014032587874969,0.4014032587874969,0.5985967412125031,False
2023-08-08,103854.55344093556,0.002484271551631112,0.0024842715516309967,0.0,0.0,-0.0,0.0,0.0,0.0,0.40288665049477185,0.40288665049477185,0.5971133495052282,False
2023-08-09,103837.01968947418,-0.00016882987678867867,-0.0001688298767886474,0.0,0.0,-0.0,0.0,0.0,0.0,0.40278582289883547,0.40278582289883547,0.5972141771011646,False
2023-08-10,103783.96730847165,-0.0005109197197800119,-0.0005109197197799163,0.0,0.0,-0.0,0.0,0.0,0.0,0.40248053842296344,0.40248053842296344,0.5975194615770366,False
2023-08-11,104262.38615966446,0.0046097568208278705,0.004609756820827834,0.0,0.0,-0.0,0.0,0.0,0.0,0.4052223188953119,0.4052223188953119,0.5947776811046881,False
2023-08-14,103615.03157743425,-0.00620889858821061,-0.006208898588210648,0.0,0.0,-0.0,0.0,0.0,0.0,0.40150633240754413,0.40150633240754413,0.5984936675924559,False
2023-08-15,103710.33208583898,0.000919755627671659,0.0009197556276717892,0.0,0.0,-0.0,0.0,0.0,0.0,0.4020562944957126,0.4020562944957126,0.5979437055042874,False
2023-08-16,104049.44790104678,0.003269836364298895,0.0032698363642990167,0.0,0.0,-0.0,0.0,0.0,0.0,0.40400510029171555,0.40400510029171555,0.5959948997082846,False
2023-08-17,103979.60185623245,-0.0006712774187975779,-0.0006712774187976127,0.0,0.0,-0.0,0.0,0.0,0.0,0.4036047536301492,0.4036047536301492,0.5963952463698509,False
2023-08-18,104536.77257130334,0.005358461709069395,0.005358461709069253,0.0,0.0,-0.0,0.0,0.0,0.0,0.40678348162902733,0.40678348162902733,0.5932165183709726,False
2023-08-21,104737.66356842361,0.0019217256490604573,0.00192172564906041,0.0,0.0,-0.0,0.0,0.0,0.0,0.40792129446371894,0.40792129446371894,0.5920787055362811,False
2023-08-22,105058.46602435262,0.0030629139986442233,0.003062913998644201,0.0,0.0,-0.0,0.0,0.0,0.0,0.4097292430282381,0.4097292430282381,0.5902707569717619,False
2023-08-23,105145.99856240097,0.0008331792892166678,0.0008331792892165932,0.0,0.0,-0.0,0.0,0.0,0.0,0.41022063498037975,0.41022063498037975,0.5897793650196202,False
2023-08-24,105097.10824181288,-0.0004649755697462288,-0.0004649755697463589,0.0,0.0,-0.0,0.0,0.0,0.0,0.409946274413144,0.409946274413144,0.590053725586856,False
2023-08-25,105062.15587420699,-0.0003325721153570882,-0.000332572115357024,0.0,0.0,-0.0,0.0,0.0,0.0,0.40974997371331234,0.40974997371331234,0.5902500262866877,False
2023-08-28,105323.54748802749,0.0024879711599814502,0.0024879711599813284,0.0,0.0,-0.0,0.0,0.0,0.0,0.4112148541755489,0.4112148541755489,0.588785145824451,False
2023-08-29,105955.06170389889,0.005995945170221173,0.005995945170221165,0.0,0.0,-0.0,0.0,0.0,0.0,0.41472413616456005,0.41472413616456005,0.5852758638354398,False
2023-08-30,106145.7358089463,0.0017995752348318739,0.0017995752348318537,0.0,0.0,-0.0,0.0,0.0,0.0,0.41577549212052184,0.41577549212052184,0.5842245078794782,False
2023-08-31,105786.06399514439,-0.003388471624044209,-0.0033884716240441645,0.0,0.0,-0.0,0.0,0.0,0.0,0.4137891332327748,0.4137891332327748,0.5862108667672252,False
2023-09-01,106056.91178322646,0.002560335245051837,0.0025695359661123025,0.9733080669096161,0.0,-9.200721060519761e-06,1622.180111516027,0.015295233448410493,0.007647616724205246,0.4000000000000001,0.4000000000000001,0.6,True
2023-09-05,106299.00034685741,0.0022826288222097535,0.002282628822209698,0.0,0.0,-0.0,0.0,0.0,0.0,0.40136645817650785,0.40136645817650785,0.598633541823492,False
2023-09-06,106340.8911426997,0.0003940845699921258,0.00039408456999208755,0.0,0.0,-0.0,0.0,0.0,0.0,0.40160227748566907,0.40160227748566907,0.5983977225143308,False
2023-09-07,106733.34876192192,0.003690561692732075,0.0036905616927319813,0.0,0.0,-0.0,0.0,0.0,0.0,0.4038025808421189,0.4038025808421189,0.596197419157881,False
2023-09-08,106664.12410374315,-0.000648575716791111,-0.0006485757167909961,0.0,0.0,-0.0,0.0,0.0,0.0,0.40341565072015845,0.40341565072015845,0.5965843492798416,False
2023-09-11,106428.02312363792,-0.002213499450626877,-0.0022134994506267536,0.0,0.0,-0.0,0.0,0.0,0.0,0.4020921820936974,0.4020921820936974,0.5979078179063027,False
2023-09-12,106408.90427883758,-0.00017964107797174833,-0.00017964107797182097,0.0,0.0,-0.0,0.0,0.0,0.0,0.4019847539902606,0.4019847539902606,0.5980152460097394,False
2023-09-13,106007.88928647604,-0.0037686225140586282,-0.0037686225140587852,0.0,0.0,-0.0,0.0,0.0,0.0,0.39972253482030223,0.39972253482030223,0.6002774651796977,False
2023-09-14,106190.85751171442,0.0017259868720140847,0.0017259868720142723,0.0,0.0,-0.0,0.0,0.0,0.0,0.4007568206809511,0.4007568206809511,0.599243179319049,False
2023-09-15,106045.7459144583,-0.0013665168608334444,-0.0013665168608335476,0.0,0.0,-0.0,0.0,0.0,0.0,0.3999368242337011,0.3999368242337011,0.600063175766299,False
2023-09-18,105807.3520308423,-0.0022480287309997182,-0.0022480287309997807,0.0,0.0,-0.0,0.0,0.0,0.0,0.39858482564248615,0.39858482564248615,0.6014151743575138,False
2023-09-19,105078.51339069265,-0.0068883553567922196,-0.006888355356792049,0.0,0.0,-0.0,0.0,0.0,0.0,0.39441332945644564,0.39441332945644564,0.6055866705435545,False
2023-09-20,104585.99911517589,-0.004687107379275024,-0.004687107379275122,0.0,0.0,-0.0,0.0,0.0,0.0,0.391561512933883,0.391561512933883,0.608438487066117,False
2023-09-21,105004.95590465366,0.004005859226112962,0.004005859226112995,0.0,0.0,-0.0,0.0,0.0,0.0,0.3939891072596917,0.3939891072596917,0.6060108927403083,False
2023-09-22,104969.36015210426,-0.00033899116706193055,-0.00033899116706194096,0.0,0.0,-0.0,0.0,0.0,0.0,0.39378360525654554,0.39378360525654554,0.6062163947434545,False
2023-09-25,105331.47689154213,0.0034497375130528862,0.0034497375130529574,0.0,0.0,-0.0,0.0,0.0,0.0,0.3958677031039946,0.3958677031039946,0.6041322968960054,False
2023-09-26,105152.98178224053,-0.0016946036889370353,-0.0016946036889372428,0.0,0.0,-0.0,0.0,0.0,0.0,0.39484220046451257,0.39484220046451257,0.6051577995354873,False
2023-09-27,105766.59536064253,0.005835436789350501,0.005835436789350755,0.0,0.0,-0.0,0.0,0.0,0.0,0.39835307307608425,0.39835307307608425,0.6016469269239157,False
2023-09-28,105963.65912082623,0.0018631947025593565,0.0018631947025593352,0.0,0.0,-0.0,0.0,0.0,0.0,0.3994719737133998,0.3994719737133998,0.6005280262866002,False
2023-09-29,105746.82539831867,-0.0020463027070469764,-0.0020463027070469716,0.0,0.0,-0.0,0.0,0.0,0.0,0.3982405918074243,0.3982405918074243,0.6017594081925756,False
2023-10-02,106497.9913652984,0.007103437518339639,0.007113247792661807,1.0374053658627598,0.0,-9.810274322232789e-06,1729.0089431046,0.016234973812088556,0.008117486906044278,0.4,0.4,0.6,True
2023-10-03,106766.2359468092,0.002518775970062226,0.0025187759700622927,0.0,0.0,-0.0,0.0,0.0,0.0,0.4015074686063361,0.4015074686063361,0.5984925313936639,False
2023-10-04,106802.7993622824,0.00034246234447565804,0.00034246234447565924,0.0,0.0,-0.0,0.0,0.0,0.0,0.4017123595943402,0.4017123595943402,0.5982876404056597,False
2023-10-05,106630.29472804343,-0.0016151695954506051,-0.001615169595450679,0.0,0.0,-0.0,0.0,0.0,0.0,0.40074446026665755,0.40074446026665755,0.5992555397333423,False
2023-10-06,106553.86580502994,-0.0007167655609356949,-0.0007167655609356092,0.0,0.0,-0.0,0.0,0.0,0.0,0.40031462644349547,0.40031462644349547,0.5996853735565045,False
2023-10-09,106703.3804552732,0.0014031837241534895,0.0014031837241535014,0.0,0.0,-0.0,0.0,0.0,0.0,0.4011549161184873,0.4011549161184873,0.5988450838815126,False
2023-10-10,106348.3928041179,-0.0033268641503265695,-0.003326864150326444,0.0,0.0,-0.0,0.0,0.0,0.0,0.39915598972075095,0.39915598972075095,0.600844010279249,False
2023-10-11,106418.82451735779,0.0006622734146026765,0.0006622734146026398,0.0,0.0,-0.0,0.0,0.0,0.0,0.3995536493756646,0.3995536493756646,0.6004463506243354,False
2023-10-12,106653.964091788,0.002209567484856567,0.002209567484856512,0.0,0.0,-0.0,0.0,0.0,0.0,0.40087745107920436,0.40087745107920436,0.5991225489207956,False
2023-10-13,106639.51398913997,-0.00013548584687950171,-0.00013548584687943848,0.0,0.0,-0.0,0.0,0.0,0.0,0.40079626745404706,0.40079626745404706,0.5992037325459529,False
2023-10-16,107268.37708324935,0.0058970926496666465,0.005897092649666547,0.0,0.0,-0.0,0.0,0.0,0.0,0.4043091118122524,0.4043091118122524,0.5956908881877476,False
2023-10-17,107528.65606269418,0.0024264278673931106,0.002426427867393148,0.0,0.0,-0.0,0.0,0.0,0.0,0.40575101411178166,0.40575101411178166,0.5942489858882183,False
2023-10-18,108154.12260918,0.005816742898015592,0.005816742898015533,0.0,0.0,-0.0,0.0,0.0,0.0,0.4091876178397718,0.4091876178397718,0.5908123821602282,False
2023-10-19,108446.94643211343,0.0027074679713463556,0.002707467971346471,0.0,0.0,-0.0,0.0,0.0,0.0,0.410782904254672,0.410782904254672,0.589217095745328,False
2023-10-20,109018.10390882788,0.005266699483069237,0.005266699483069139,0.0,0.0,-0.0,0.0,0.0,0.0,0.4138698754785007,0.4138698754785007,0.5861301245214993,False
2023-10-23,108672.96859677912,-0.0031658531901949116,-0.003165853190194899,0.0,0.0,-0.0,0.0,0.0,0.0,0.41200838033357184,0.41200838033357184,0.5879916196664281,False
2023-10-24,108564.76145747755,-0.000995713475933968,-0.000995713475933945,0.0,0.0,-0.0,0.0,0.0,0.0,0.41142232561154946,0.41142232561154946,0.5885776743884507,False
2023-10-25,108520.55050811227,-0.0004072311196722245,-0.0004072311196723676,0.0,0.0,-0.0,0.0,0.0,0.0,0.41118254081836425,0.41118254081836425,0.5888174591816357,False
2023-10-26,108659.65428662104,0.0012818196909014645,0.0012818196909015725,0.0,0.0,-0.0,0.0,0.0,0.0,0.41193633240698874,0.41193633240698874,0.5880636675930112,False
2023-10-27,108681.70039198663,0.00020289136303919264,0.00020289136303930572,0.0,0.0,-0.0,0.0,0.0,0.0,0.41205562124338596,0.41205562124338596,0.5879443787566141,False
2023-10-30,108344.9428667182,-0.0030985669533494242,-0.0030985669533494945,0.0,0.0,-0.0,0.0,0.0,0.0,0.41022817375255904,0.41022817375255904,0.589771826247441,False
2023-10-31,107669.47112061748,-0.006234455695192431,-0.006234455695192385,0.0,0.0,-0.0,0.0,0.0,0.0,0.4065282001097975,0.4065282001097975,0.5934717998902025,False
2023-11-01,107084.37257128356,-0.005434210303480236,-0.005430215049070895,0.43016692924415434,0.0,-3.995254409323296e-06,716.9448820735906,0.006695113253617187,0.0033475566268085935,0.4000000000000001,0.4000000000000001,0.5999999999999999,True
2023-11-02,106564.08532711156,-0.0048586664111577305,-0.00485866641115772,0.0,0.0,-0.0,0.0,0.0,0.0,0.3970705670156607,0.3970705670156607,0.6029294329843393,False
2023-11-03,106519.35013317253,-0.0004197961611711598,-0.00041979616117117775,0.0,0.0,-0.0,0.0,0.0,0.0,0.39681735325607254,0.39681735325607254,0.6031826467439274,False
2023-11-06,106575.94538877025,0.00053131431544573,0.0005313143154456839,0.0,0.0,-0.0,0.0,0.0,0.0,0.39713766264615163,0.39713766264615163,0.6028623373538483,False
2023-11-07,106604.10364382042,0.00026420835346518956,0.00026420835346516034,0.0,0.0,-0.0,0.0,0.0,0.0,0.397296901839345,0.397296901839345,0.6027030981606549,False
2023-11-08,106061.57357404009,-0.005089204366775624,-0.005089204366775629,0.0,0.0,-0.0,0.0,0.0,0.0,0.3942139327405163,0.3942139327405163,0.6057860672594837,False
2023-11-09,106043.05570080763,-0.00017459549777021355,-0.00017459549777021976,0.0,0.0,-0.0,0.0,0.0,0.0,0.3941081467508033,0.3941081467508033,0.6058918532491967,False
2023-11-10,105992.54842851247,-0.0004762902385391232,-0.00047629023853921733,0.0,0.0,-0.0,0.0,0.0,0.0,0.39381942886197807,0.39381942886197807,0.6061805711380218,False
2023-11-13,106431.29909980658,0.00413944827064916,0.004139448270649344,0.0,0.0,-0.0,0.0,0.0,0.0,0.3963183378742871,0.3963183378742871,0.6036816621257128,False
2023-11-14,106188.92446158278,-0.002277287229168534,-0.0022772872291685208,0.0,0.0,-0.0,0.0,0.0,0.0,0.3949404434733225,0.3949404434733225,0.6050595565266774,False
2023-11-15,106462.63273143444,0.002577559488802228,0.002577559488802237,0.0,0.0,-0.0,0.0,0.0,0.0,0.3964960109069394,0.3964960109069394,0.6035039890930606,False
2023-11-16,106758.39481796988,0.0027780835298478745,0.0027780835298479604,0.0,0.0,-0.0,0.0,0.0,0.0,0.3981679506110814,0.3981679506110814,0.6018320493889187,False
2023-11-17,106969.02337558489,0.001972946089852101,0.001972946089852089,0.0,0.0,-0.0,0.0,0.0,0.0,0.3993529947714285,0.3993529947714285,0.6006470052285715,False
2023-11-20,107152.03357967717,0.0017108710383351156,0.0017108710383351665,0.0,0.0,-0.0,0.0,0.0,0.0,0.40037886919809124,0.40037886919809124,0.5996211308019088,False
2023-11-21,107133.91516323198,-0.00016909073808391017,-0.00016909073808402955,0.0,0.0,-0.0,0.0,0.0,0.0,0.4002774616714396,0.4002774616714396,0.5997225383285604,False
2023-11-22,107261.67180639811,0.0011924948600214869,0.0011924948600213648,0.0,0.0,-0.0,0.0,0.0,0.0,0.4009917758997896,0.4009917758997896,0.5990082241002103,False
2023-11-24,107532.87139023727,0.0025283922884276055,0.002528392288427684,0.0,0.0,-0.0,0.0,0.0,0.0,0.40250248401156946,0.40250248401156946,0.5974975159884304,False
2023-11-27,107012.6927084777,-0.004837392278607022,-0.004837392278607015,0.0,0.0,-0.0,0.0,0.0,0.0,0.3995981045183053,0.3995981045183053,0.6004018954816945,False
2023-11-28,107225.36551385495,0.0019873605643829784,0.001987360564383019,0.0,0.0,-0.0,0.0,0.0,0.0,0.40078895292300887,0.40078895292300887,0.5992110470769911,False
2023-11-29,107187.10066260149,-0.0003568637986924861,-0.00035686379869249063,0.0,0.0,-0.0,0.0,0.0,0.0,0.40057503985470033,0.40057503985470033,0.5994249601452997,False
2023-11-30,107318.70833336495,0.0012278312404188085,0.0012278312404189846,0.0,0.0,-0.0,0.0,0.0,0.0,0.40131012998043275,0.40131012998043275,0.5986898700195674,False
2023-12-01,107556.61245281668,0.0022168000635334195,0.0022227304400157717,0.6364403440053192,0.0,-5.930376482247062e-06,1060.7339066755321,0.009862040146909909,0.004931020073454954,0.4000000000000001,0.4000000000000001,0.6,True
2023-12-04,107422.51300962376,-0.0012467800922212335,-0.0012467800922212335,0.0,0.0,-0.0,0.0,0.0,0.0,0.3992509981040144,0.3992509981040144,0.6007490018959857,False
2023-12-05,107380.82176797144,-0.00038810525358479175,-0.00038810525358470404,0.0,0.0,-0.0,0.0,0.0,0.0,0.39901775373692855,0.39901775373692855,0.6009822462630715,False
2023-12-06,107265.35912643978,-0.0010752631580819294,-0.0010752631580819138,0.0,0.0,-0.0,0.0,0.0,0.0,0.39837084407072987,0.39837084407072987,0.6016291559292701,False
2023-12-07,107078.23781756024,-0.0017444710053967638,-0.0017444710053967955,0.0,0.0,-0.0,0.0,0.0,0.0,0.39731948538747075,0.39731948538747075,0.6026805146125294,False
2023-12-08,106825.28081518601,-0.002362356791911435,-0.002362356791911531,0.0,0.0,-0.0,0.0,0.0,0.0,0.39589236761907004,0.39589236761907004,0.60410763238093,False
2023-12-11,106526.77158155074,-0.002794368817543358,-0.002794368817543469,0.0,0.0,-0.0,0.0,0.0,0.0,0.39419953769755867,0.39419953769755867,0.6058004623024413,False
2023-12-12,106536.64085215394,9.264591854862836e-05,9.264591854878478e-05,0.0,0.0,-0.0,0.0,0.0,0.0,0.39425565743858104,0.39425565743858104,0.6057443425614191,False
2023-12-13,106323.57850833554,-0.001999897332168321,-0.0019998973321682404,0.0,0.0,-0.0,0.0,0.0,0.0,0.39304180336038375,0.39304180336038375,0.6069581966396163,False
2023-12-14,106470.01416280791,0.0013772641640432681,0.0013772641640431701,0.0,0.0,-0.0,0.0,0.0,0.0,0.3938765954045209,0.3938765954045209,0.6061234045954791,False
2023-12-15,106107.60173618363,-0.0034038919734724615,-0.0034038919734725908,0.0,0.0,-0.0,0.0,0.0,0.0,0.39180636998900936,0.39180636998900936,0.6081936300109906,False
2023-12-18,105928.22900495923,-0.0016904795536739625,-0.0016904795536738574,0.0,0.0,-0.0,0.0,0.0,0.0,0.3907764901019093,0.3907764901019093,0.6092235098980908,False
2023-12-19,105758.54402152536,-0.0016018863434970054,-0.0016018863434969488,0.0,0.0,-0.0,0.0,0.0,0.0,0.38979901748122403,0.38979901748122403,0.6102009825187761,False
2023-12-20,106100.73718319621,0.0032356077216910695,0.003235607721691004,0.0,0.0,-0.0,0.0,0.0,0.0,0.3917670208052936,0.3917670208052936,0.6082329791947065,False
2023-12-21,106337.30116962825,0.002229616802978285,0.0022296168029781608,0.0,0.0,-0.0,0.0,0.0,0.0,0.3931201303600319,0.3931201303600319,0.606879869639968,False
2023-12-22,106179.01466160596,-0.0014885323050449761,-0.001488532305044764,0.0,0.0,-0.0,0.0,0.0,0.0,0.39221542338323,0.39221542338323,0.6077845766167701,False
2023-12-26,106068.589644652,-0.0010399890911201304,-0.0010399890911203123,0.0,0.0,-0.0,0.0,0.0,0.0,0.3915826760034249,0.3915826760034249,0.608417323996575,False
2023-12-27,105417.66014070109,-0.00613687337723301,-0.0061368733772330115,0.0,0.0,-0.0,0.0,0.0,0.0,0.3878258407030052,0.3878258407030052,0.6121741592969948,False
2023-12-28,105335.12524390391,-0.0007829323539055855,-0.0007829323539055845,0.0,0.0,-0.0,0.0,0.0,0.0,0.38734617420104317,0.38734617420104317,0.6126538257989568,False
2023-12-29,105810.29588706937,0.004511036960037851,0.004511036960037852,0.0,0.0,-0.0,0.0,0.0,0.0,0.3900974670691151,0.3900974670691151,0.6099025329308849,False
2024-01-02,105883.58427403368,0.0006926394671700198,0.000698328223466561,0.6019289869696963,0.0,-5.688756296571849e-06,1003.2149782828274,0.009474644082916017,0.0047373220414580084,0.40000000000000013,0.40000000000000013,0.5999999999999999,True
2024-01-03,106019.44892778713,0.0012831512522453181,0.0012831512522452296,0.0,0.0,-0.0,0.0,0.0,0.0,0.4007689041310486,0.4007689041310486,0.5992310958689513,False
2024-01-04,106088.81419273971,0.0006542692463891164,0.0006542692463892782,0.0,0.0,-0.0,0.0,0.0,0.0,0.4011607062644693,0.4011607062644693,0.5988392937355308,False
2024-01-05,106466.78071030256,0.003562736754472162,0.0035627367544721813,0.0,0.0,-0.0,0.0,0.0,0.0,0.40328663888798766,0.40328663888798766,0.5967133611120123,False
2024-01-08,105871.36828983399,-0.00559247134642582,-0.005592471346425775,0.0,0.0,-0.0,0.0,0.0,0.0,0.39993076890722956,0.39993076890722956,0.6000692310927704,False
2024-01-09,105324.62258630311,-0.0051642451813233015,-0.005164245181323298,0.0,0.0,-0.0,0.0,0.0,0.0,0.3968157776937342,0.3968157776937342,0.6031842223062658,False
2024-01-10,105242.47095475376,-0.0007799850550809229,-0.0007799850550808166,0.0,0.0,-0.0,0.0,0.0,0.0,0.39634493576520724,0.39634493576520724,0.6036550642347928,False
2024-01-11,104984.07622730071,-0.0024552324276397863,-0.0024552324276398956,0.0,0.0,-0.0,0.0,0.0,0.0,0.3948591743868731,0.3948591743868731,0.6051408256131269,False
2024-01-12,105260.81058066165,0.002635965027322662,0.0026359650273226677,0.0,0.0,-0.0,0.0,0.0,0.0,0.3964501107870828,0.3964501107870828,0.6035498892129172,False
2024-01-16,105242.73867778198,-0.00017168690588631463,-0.00017168690588619797,0.0,0.0,-0.0,0.0,0.0,0.0,0.3963464713805269,0.3963464713805269,0.6036535286194732,False
2024-01-17,104446.37947443647,-0.007566880274597287,-0.007566880274597363,0.0,0.0,-0.0,0.0,0.0,0.0,0.3917438700690495,0.3917438700690495,0.6082561299309506,False
2024-01-18,104226.44567598485,-0.0021057101218663332,-0.0021057101218663506,0.0,0.0,-0.0,0.0,0.0,0.0,0.3904603562715717,0.3904603562715717,0.6095396437284283,False
2024-01-19,103355.4844736613,-0.00835643196575242,-0.008356431965752423,0.0,0.0,-0.0,0.0,0.0,0.0,0.38532385690079196,0.38532385690079196,0.6146761430992079,False
2024-01-22,103532.11567604251,0.0017089678722004287,0.0017089678722005488,0.0,0.0,-0.0,0.0,0.0,0.0,0.38637252653843746,0.38637252653843746,0.6136274734615625,False
2024-01-23,103527.28028091794,-4.670430129816161e-05,-4.670430129806723e-05,0.0,0.0,-0.0,0.0,0.0,0.0,0.38634386615746913,0.38634386615746913,0.6136561338425309,False
2024-01-24,103386.38324643852,-0.001360965284677662,-0.0013609652846777137,0.0,0.0,-0.0,0.0,0.0,0.0,0.38550756328340074,0.38550756328340074,0.6144924367165993,False
2024-01-25,103945.70689932839,0.005410032107967533,0.005410032107967594,0.0,0.0,-0.0,0.0,0.0,0.0,0.38881409863372945,0.38881409863372945,0.6111859013662706,False
2024-01-26,104330.33575064651,0.003700286070406289,0.0037002860704063332,0.0,0.0,-0.0,0.0,0.0,0.0,0.3910673237335335,0.3910673237335335,0.6089326762664666,False
2024-01-29,104469.83204171891,0.001337063568987329,0.001337063568987233,0.0,0.0,-0.0,0.0,0.0,0.0,0.39188041827184994,0.39188041827184994,0.6081195817281501,False
2024-01-30,103969.1572526213,-0.004792529855869532,-0.0047925298558694485,0.0,0.0,-0.0,0.0,0.0,0.0,0.3889519522596837,0.3889519522596837,0.6110480477403164,False
2024-01-31,104244.21047789318,0.002645527121120761,0.0026455271211206933,0.0,0.0,-0.0,0.0,0.0,0.0,0.3905642311148504,0.3905642311148504,0.6094357688851496,False
2024-02-01,104238.40773710147,-5.566487352259841e-05,-4.998677969325963e-05,0.5919084082506462,0.0,-5.678093829260386e-06,986.5140137510771,0.00946396278845691,0.004731981394228455,0.4000000000000001,0.4000000000000001,0.5999999999999999,True
2024-02-02,104080.29538317013,-0.0015168339325569713,-0.0015168339325569494,0.0,0.0,-0.0,0.0,0.0,0.0,0.39908851707223214,0.39908851707223214,0.6009114829277679,False
2024-02-05,104237.49208360363,0.001510340644737651,0.001510340644737556,0.0,0.0,-0.0,0.0,0.0,0.0,0.3999947294194467,0.3999947294194467,0.6000052705805532,False
2024-02-06,104010.23982066527,-0.00218013939510453,-0.0021801393951044043,0.0,0.0,-0.0,0.0,0.0,0.0,0.3986837762310927,0.3986837762310927,0.6013162237689074,False
2024-02-07,104383.18319306168,0.0035856409238113063,0.0035856409238113358,0.0,0.0,-0.0,0.0,0.0,0.0,0.40083217689783884,0.40083217689783884,0.5991678231021613,False
2024-02-08,104238.93800596251,-0.001381881474455282,-0.0013818814744553352,0.0,0.0,-0.0,0.0,0.0,0.0,0.40000305223098703,0.40000305223098703,0.599996947769013,False
2024-02-09,104501.74343740489,0.002521182932881949,0.002521182932882055,0.0,0.0,-0.0,0.0,0.0,0.0,0.40151195008795915,0.40151195008795915,0.598488049912041,False
2024-02-12,104047.94932236552,-0.004342454968812914,-0.004342454968812933,0.0,0.0,-0.0,0.0,0.0,0.0,0.3989017078223473,0.3989017078223473,0.6010982921776528,False
2024-02-13,103588.4763356674,-0.004415973497705061,-0.004415973497705086,0.0,0.0,-0.0,0.0,0.0,0.0,0.3962354997905673,0.3962354997905673,0.6037645002094327,False
2024-02-14,103912.18346547068,0.003124933788526185,0.003124933788526332,0.0,0.0,-0.0,0.0,0.0,0.0,0.39811634635659926,0.39811634635659926,0.6018836536434008,False
2024-02-15,104034.76093800191,0.001179625607347301,0.0011796256073470914,0.0,0.0,-0.0,0.0,0.0,0.0,0.39882550718281023,0.39882550718281023,0.6011744928171896,False
2024-02-16,104273.45895644261,0.00229440637233691,0.002294406372337022,0.0,0.0,-0.0,0.0,0.0,0.0,0.40020168825140323,0.40020168825140323,0.5997983117485968,False
2024-02-20,104404.64204366821,0.00125806785867133,0.0012580678586714504,0.0,0.0,-0.0,0.0,0.0,0.0,0.40095532710028675,0.40095532710028675,0.5990446728997133,False
2024-02-21,104359.13375892313,-0.0004358837294422546,-0.00043588372944224237,0.0,0.0,-0.0,0.0,0.0,0.0,0.40069409940926054,0.40069409940926054,0.5993059005907395,False
2024-02-22,104802.20057984018,0.004245596958868614,0.004245596958868627,0.0,0.0,-0.0,0.0,0.0,0.0,0.40322775384268317,0.40322775384268317,0.5967722461573168,False
2024-02-23,104785.05395490688,-0.0001636093978794051,-0.00016360939787949817,0.0,0.0,-0.0,0.0,0.0,0.0,0.40313010031778373,0.40313010031778373,0.5968698996822162,False
2024-02-26,104436.93364912328,-0.00332223244293417,-0.0033222324429340467,0.0,0.0,-0.0,0.0,0.0,0.0,0.4011405500243169,0.4011405500243169,0.5988594499756831,False
2024-02-27,104238.94384611232,-0.0018957833794330803,-0.0018957833794329667,0.0,0.0,-0.0,0.0,0.0,0.0,0.40000308584675415,0.40000308584675415,0.5999969141532459,False
2024-02-28,104346.51953635462,0.0010320105545305047,0.0010320105545304147,0.0,0.0,-0.0,0.0,0.0,0.0,0.40062165062946153,0.40062165062946153,0.5993783493705385,False
2024-02-29,104364.63558948274,0.00017361434965557088,0.00017361434965553266,0.0,0.0,-0.0,0.0,0.0,0.0,0.4007256932484935,0.4007256932484935,0.5992743067515065,False
2024-03-01,104181.76981771391,-0.0017521813853510482,-0.0016298508120528366,12.766985703725844,0.0,-0.00012233057329826412,21278.30950620974,0.2042171322893371,0.10210856614466855,0.4,0.4,0.6,True
2024-03-04,103814.72298313057,-0.0035231387912256773,-0.003523138791225744,0.0,0.0,-0.0,0.0,0.0,0.0,0.3978786428897394,0.3978786428897394,0.6021213571102606,False
2024-03-05,103625.76107024986,-0.0018201841458597157,-0.0018201841458595441,0.0,0.0,-0.0,0.0,0.0,0.0,0.396780672633591,0.396780672633591,0.603219327366409,False
2024-03-06,103275.36366027265,-0.003381373573118296,-0.003381373573118341,0.0,0.0,-0.0,0.0,0.0,0.0,0.3947340423195823,0.3947340423195823,0.6052659576804178,False
2024-03-07,103295.0405867217,0.00019052875489045107,0.0001905287548904373,0.0,0.0,-0.0,0.0,0.0,0.0,0.3948493409211776,0.3948493409211776,0.6051506590788224,False
2024-03-08,103259.00940000087,-0.0003488181670308066,-0.00034881816703078675,0.0,0.0,-0.0,0.0,0.0,0.0,0.3946381797206374,0.3946381797206374,0.6053618202793626,False
2024-03-11,103240.1244445462,-0.00018288917901110313,-0.00018288917901107527,0.0,0.0,-0.0,0.0,0.0,0.0,0.39452744534220224,0.39452744534220224,0.6054725546577977,False
2024-03-12,103432.0053769452,0.0018585887360302866,0.0018585887360302736,0.0,0.0,-0.0,0.0,0.0,0.0,0.3956506821769358,0.3956506821769358,0.6043493178230642,False
2024-03-13,103549.78753945965,0.0011387400068789688,0.0011387400068789467,0.0,0.0,-0.0,0.0,0.0,0.0,0.39633809613749277,0.39633809613749277,0.6036619038625073,False
2024-03-14,103333.40281217004,-0.0020896684815229216,-0.002089668481522918,0.0,0.0,-0.0,0.0,0.0,0.0,0.39507400134444853,0.39507400134444853,0.6049259986555515,False
2024-03-15,103286.48789463393,-0.0004540150257258402,-0.00045401502572592215,0.0,0.0,-0.0,0.0,0.0,0.0,0.39479923110178783,0.39479923110178783,0.6052007688982122,False
2024-03-18,103543.1569524847,0.0024850206748496806,0.0024850206748495613,0.0,0.0,-0.0,0.0,0.0,0.0,0.39629943947610796,0.39629943947610796,0.603700560523892,False
2024-03-19,103712.21108150115,0.001632692434653471,0.0016326924346534637,0.0,0.0,-0.0,0.0,0.0,0.0,0.3972834901619613,0.3972834901619613,0.6027165098380387,False
2024-03-20,103355.97851821818,-0.0034348179406090695,-0.003434817940609093,0.0,0.0,-0.0,0.0,0.0,0.0,0.3952061333383816,0.3952061333383816,0.6047938666616184,False
2024-03-21,103130.50974558707,-0.002181477799964582,-0.0021814777999646477,0.0,0.0,-0.0,0.0,0.0,0.0,0.3938839045319167,0.3938839045319167,0.6061160954680832,False
2024-03-22,103012.2593547871,-0.0011466091953942215,-0.001146609195394076,0.0,0.0,-0.0,0.0,0.0,0.0,0.3931881284601348,0.3931881284601348,0.6068118715398652,False
2024-03-25,102591.57702732104,-0.004083808374857334,-0.00408380837485731,0.0,0.0,-0.0,0.0,0.0,0.0,0.39069986345972996,0.39069986345972996,0.60930013654027,False
2024-03-26,102521.97121290256,-0.0006784749434151083,-0.0006784749434151707,0.0,0.0,-0.0,0.0,0.0,0.0,0.3902861879155765,0.3902861879155765,0.6097138120844234,False
2024-03-27,102471.6662771737,-0.0004906746830334319,-0.0004906746830332998,0.0,0.0,-0.0,0.0,0.0,0.0,0.38998686991632664,0.38998686991632664,0.6100131300836735,False
2024-03-28,102349.60572710817,-0.0011911639041310984,-0.0011911639041312064,0.0,0.0,-0.0,0.0,0.0,0.0,0.38925937773229463,0.38925937773229463,0.6107406222677053,False
2024-04-01,102316.7929212098,-0.00032059533268602447,4.050873938649853e-05,36.958859403077106,0.0,-0.000361104072072534,61598.09900512851,0.6018157413238661,0.30090787066193303,0.4,0.4,0.6,True
2024-04-02,102126.90114481459,-0.0018559199421098738,-0.0018559199421099735,0.0,0.0,-0.0,0.0,0.0,0.0,0.39888437752874173,0.39888437752874173,0.6011156224712583,False
2024-04-03,102141.67197180007,0.0001446320883127239,0.00014463208831264713,0.0,0.0,-0.0,0.0,0.0,0.0,0.3989713055639538,0.3989713055639538,0.6010286944360461,False
2024-04-04,102308.705573189,0.0016353129742681105,0.0016353129742682903,0.0,0.0,-0.0,0.0,0.0,0.0,0.3999525709099212,0.3999525709099212,0.6000474290900788,False
2024-04-05,101961.50293635522,-0.0033936763727834274,-0.0033936763727833675,0.0,0.0,-0.0,0.0,0.0,0.0,0.39790926982465324,0.39790926982465324,0.6020907301753468,False
2024-04-08,101729.46050280047,-0.002275784750834675,-0.002275784750834558,0.0,0.0,-0.0,0.0,0.0,0.0,0.3965359154633885,0.3965359154633885,0.6034640845366116,False
2024-04-09,101666.05717671511,-0.0006232543234967469,-0.0006232543234968698,0.0,0.0,-0.0,0.0,0.0,0.0,0.3961595693042551,0.3961595693042551,0.6038404306957449,False
2024-04-10,101686.76957582922,0.00020372973723281618,0.00020372973723282631,0.0,0.0,-0.0,0.0,0.0,0.0,0.39628256449875265,0.39628256449875265,0.6037174355012473,False
2024-04-11,101182.98459633732,-0.004954282465588822,-0.004954282465588808,0.0,0.0,-0.0,0.0,0.0,0.0,0.39327668582185593,0.39327668582185593,0.6067233141781441,False
2024-04-12,101283.27922521981,0.0009912203052975244,0.0009912203052975018,0.0,0.0,-0.0,0.0,0.0,0.0,0.393877486764473,0.393877486764473,0.606122513235527,False
2024-04-15,101451.13637324655,0.0016573036468683355,0.0016573036468682948,0.0,0.0,-0.0,0.0,0.0,0.0,0.39488035376097663,0.39488035376097663,0.6051196462390234,False
2024-04-16,101626.63378826392,0.00172987135769187,0.0017298713576917478,0.0,0.0,-0.0,0.0,0.0,0.0,0.395925325238753,0.395925325238753,0.6040746747612469,False
2024-04-17,101786.09338868616,0.001569072933720106,0.0015690729337200504,0.0,0.0,-0.0,0.0,0.0,0.0,0.39687167756504566,0.39687167756504566,0.6031283224349543,False
2024-04-18,101825.02987940701,0.0003825325191739726,0.00038253251917401995,0.0,0.0,-0.0,0.0,0.0,0.0,0.39710230553891207,0.39710230553891207,0.6028976944610879,False
2024-04-19,101535.7733741786,-0.0028407210444325592,-0.0028407210444325627,0.0,0.0,-0.0,0.0,0.0,0.0,0.39538476230941993,0.39538476230941993,0.6046152376905801,False
2024-04-22,101155.37793171954,-0.003746417935452495,-0.0037464179354524457,0.0,0.0,-0.0,0.0,0.0,0.0,0.39311110286034895,0.39311110286034895,0.6068888971396511,False
2024-04-23,100706.04585528493,-0.004441998889450183,-0.004441998889450322,0.0,0.0,-0.0,0.0,0.0,0.0,0.3904032748843727,0.3904032748843727,0.6095967251156272,False
2024-04-24,100958.90284441493,0.002510842194056062,0.0025108421940562174,0.0,0.0,-0.0,0.0,0.0,0.0,0.3919300425903748,0.3919300425903748,0.6080699574096252,False
2024-04-25,100655.64026805433,-0.0030038220287313955,-0.0030038220287313218,0.0,0.0,-0.0,0.0,0.0,0.0,0.39009800554406093,0.39009800554406093,0.6099019944559392,False
2024-04-26,100638.72551159593,-0.00016804578872431364,-0.0001680457887244972,0.0,0.0,-0.0,0.0,0.0,0.0,0.38999549685620455,0.38999549685620455,0.6100045031437954,False
2024-04-29,100271.70555013802,-0.0036469058962358414,-0.0036469058962357737,0.0,0.0,-0.0,0.0,0.0,0.0,0.38776272512858073,0.38776272512858073,0.6122372748714193,False
2024-04-30,99923.04632369775,-0.0034771446693497854,-0.0034771446693498574,0.0,0.0,-0.0,0.0,0.0,0.0,0.3856264594470574,0.3856264594470574,0.6143735405529426,False
2024-05-01,99964.64064737379,0.0004162635668780723,0.0006492683385243981,23.282546590831842,0.0,-0.00023300477164605972,38804.244318053075,0.3880893119739819,0.19404465598699094,0.40000000000000013,0.40000000000000013,0.5999999999999999,True
2024-05-02,99900.49412557202,-0.0006416921161958022,-0.0006416921161958025,0.0,0.0,-0.0,0.0,0.0,0.0,0.39961473751038035,0.39961473751038035,0.6003852624896197,False
2024-05-03,100237.21099425049,0.0033705225547255857,0.0033705225547255176,0.0,0.0,-0.0,0.0,0.0,0.0,0.4016315518608694,0.4016315518608694,0.5983684481391306,False
2024-05-06,99948.7119649211,-0.0028781629742865578,-0.0028781629742864086,0.0,0.0,-0.0,0.0,0.0,0.0,0.3999043788630818,0.3999043788630818,0.6000956211369183,False
2024-05-07,100109.35429267117,0.0016072476032151783,0.0016072476032151558,0.0,0.0,-0.0,0.0,0.0,0.0,0.40086733340547365,0.40086733340547365,0.5991326665945262,False
2024-05-08,100216.40183770849,0.0010693061182311947,0.0010693061182311808,0.0,0.0,-0.0,0.0,0.0,0.0,0.40150730530562706,0.40150730530562706,0.5984926946943729,False
2024-05-09,100420.53276699121,0.0020369014007637354,0.0020369014007636673,0.0,0.0,-0.0,0.0,0.0,0.0,0.40272389783477014,0.40272389783477014,0.59727610216523,False
2024-05-10,100083.79448933576,-0.0033532811306308252,-0.0033532811306308517,0.0,0.0,-0.0,0.0,0.0,0.0,0.40071432448721567,0.40071432448721567,0.5992856755127843,False
2024-05-13,99977.97576750522,-0.0010573012581154284,-0.0010573012581154204,0.0,0.0,-0.0,0.0,0.0,0.0,0.40008002834641776,0.40008002834641776,0.5999199716535822,False
2024-05-14,100025.65262813971,0.00047687363410275907,0.00047687363410273885,0.0,0.0,-0.0,0.0,0.0,0.0,0.40036597800161977,0.40036597800161977,0.5996340219983802,False
2024-05-15,100447.03747725014,0.0042127678054446616,0.004212767805444788,0.0,0.0,-0.0,0.0,0.0,0.0,0.4028814995961566,0.4028814995961566,0.5971185004038434,False
2024-05-16,99992.15691887971,-0.004528561217880145,-0.004528561217880189,0.0,0.0,-0.0,0.0,0.0,0.0,0.4001651105787922,0.4001651105787922,0.5998348894212077,False
2024-05-17,100255.55589641033,0.002634196377464759,0.002634196377465005,0.0,0.0,-0.0,0.0,0.0,0.0,0.40174104215832485,0.40174104215832485,0.5982589578416753,False
2024-05-20,100629.75939711898,0.0037324963924723065,0.0037324963924721586,0.0,0.0,-0.0,0.0,0.0,0.0,0.40396573789143475,0.40396573789143475,0.5960342621085651,False
2024-05-21,100715.77799774363,0.0008548028052535184,0.0008548028052536347,0.0,0.0,-0.0,0.0,0.0,0.0,0.40447479450768886,0.40447479450768886,0.5955252054923111,False
2024-05-22,100779.26731593849,0.0006303810530687848,0.0006303810530688002,0.0,0.0,-0.0,0.0,0.0,0.0,0.40484996581297367,0.40484996581297367,0.5951500341870264,False
2024-05-23,100782.13424701578,2.8447627708150236e-05,2.8447627708058404e-05,0.0,0.0,-0.0,0.0,0.0,0.0,0.4048668959379547,0.4048668959379547,0.5951331040620452,False
2024-05-24,100744.61482478995,-0.0003722824735371555,-0.0003722824735371404,0.0,0.0,-0.0,0.0,0.0,0.0,0.4046452558011523,0.4046452558011523,0.5953547441988477,False
2024-05-28,100882.84646345585,0.0013720995301464978,0.0013720995301465422,0.0,0.0,-0.0,0.0,0.0,0.0,0.4054610224528985,0.4054610224528985,0.5945389775471015,False
2024-05-29,100810.96455533855,-0.0007125285480851229,-0.0007125285480851576,0.0,0.0,-0.0,0.0,0.0,0.0,0.40503709439760505,0.40503709439760505,0.5949629056023948,False
2024-05-30,100912.34876591832,0.0010056863459937393,0.0010056863459938666,0.0,0.0,-0.0,0.0,0.0,0.0,0.40563483932423117,0.40563483932423117,0.5943651606757688,False
2024-05-31,101011.45096582049,0.0009820621669609508,0.0009820621669609415,0.0,0.0,-0.0,0.0,0.0,0.0,0.40621797019112776,0.40621797019112776,0.5937820298088723,False
2024-06-03,100920.00420791421,-0.0009053108041900959,-0.0009014781043575982,0.3871465711927252,0.0,-3.832699832454887e-06,645.2442853212087,0.006393596741562088,0.003196798370781044,0.40000000000000013,0.40000000000000013,0.5999999999999999,True
2024-06-04,100815.85174088602,-0.0010320299513030262,-0.0010320299513030488,0.0,0.0,-0.0,0.0,0.0,0.0,0.39938014231752444,0.39938014231752444,0.6006198576824756,False
2024-06-05,101481.25990873785,0.006600233558131663,0.0066002335581316594,0.0,0.0,-0.0,0.0,0.0,0.0,0.40331838036694684,0.40331838036694684,0.5966816196330531,False
2024-06-06,101281.1475213721,-0.0019719146918919517,-0.001971914691891876,0.0,0.0,-0.0,0.0,0.0,0.0,0.4021394503654199,0.4021394503654199,0.5978605496345801,False
2024-06-07,101385.7507296651,0.0010328003863793178,0.0010328003863791068,0.0,0.0,-0.0,0.0,0.0,0.0,0.4027562839061641,0.4027562839061641,0.5972437160938359,False
2024-06-10,101278.84190652377,-0.0010544758249746433,-0.0010544758249746396,0.0,0.0,-0.0,0.0,0.0,0.0,0.40212584005812835,0.40212584005812835,0.5978741599418715,False
2024-06-11,101544.10533371565,0.0026191396169075176,0.0026191396169074287,0.0,0.0,-0.0,0.0,0.0,0.0,0.4036876653179447,0.4036876653179447,0.5963123346820552,False
2024-06-12,101626.71192105551,0.0008135045069173064,0.0008135045069173927,0.0,0.0,-0.0,0.0,0.0,0.0,0.40417237377722287,0.40417237377722287,0.5958276262227772,False
2024-06-13,101664.56199245586,0.00037244215309995,0.00037244215309992706,0.0,0.0,-0.0,0.0,0.0,0.0,0.40439420248284896,0.40439420248284896,0.595605797517151,False
2024-06-14,102034.69997368348,0.003640776825016845,0.003640776825016789,0.0,0.0,-0.0,0.0,0.0,0.0,0.40655480399936555,0.40655480399936555,0.5934451960006344,False
2024-06-17,102070.15248986176,0.00034745548511860846,0.0003474554851186772,0.0,0.0,-0.0,0.0,0.0,0.0,0.40676092816886,0.40676092816886,0.59323907183114,False
2024-06-18,102245.60736236708,0.0017189635581542628,0.001718963558154201,0.0,0.0,-0.0,0.0,0.0,0.0,0.40777893459865616,0.40777893459865616,0.5922210654013438,False
2024-06-20,101608.60850637572,-0.00623008530560909,-0.006230085305609026,0.0,0.0,-0.0,0.0,0.0,0.0,0.40406621628964634,0.40406621628964634,0.5959337837103538,False
2024-06-21,102040.02678188193,0.004245883118054294,0.004245883118054232,0.0,0.0,-0.0,0.0,0.0,0.0,0.40658578369267895,0.40658578369267895,0.593414216307321,False
2024-06-24,102038.1021944175,-1.8861103089906628e-05,-1.8861103089941526e-05,0.0,0.0,-0.0,0.0,0.0,0.0,0.40657459103486426,0.40657459103486426,0.5934254089651357,False
2024-06-25,102336.17147534313,0.0029211566514408815,0.002921156651441015,0.0,0.0,-0.0,0.0,0.0,0.0,0.4083030305727442,0.4083030305727442,0.5916969694272559,False
2024-06-26,102063.88162147395,-0.0026607391105576417,-0.002660739110557723,0.0,0.0,-0.0,0.0,0.0,0.0,0.4067244791911917,0.4067244791911917,0.5932755208088083,False
2024-06-27,101740.21483327083,-0.003171217702688467,-0.003171217702688424,0.0,0.0,-0.0,0.0,0.0,0.0,0.4048370880287649,0.4048370880287649,0.5951629119712352,False
2024-06-28,101677.9274326976,-0.0006122200614113726,-0.0006122200614114095,0.0,0.0,-0.0,0.0,0.0,0.0,0.4044724941425567,0.4044724941425567,0.5955275058574433,False
2024-07-01,101512.48605372416,-0.0016271120306120546,-0.0015047531525763731,12.441197121647244,0.0,-0.00012235887803557256,20735.32853607874,0.20423879235930203,0.10211939617965102,0.4,0.4,0.6,True
2024-07-02,101395.40276465728,-0.0011533880571589217,-0.0011533880571590327,0.0,0.0,-0.0,0.0,0.0,0.0,0.39930716806162125,0.39930716806162125,0.6006928319383787,False
2024-07-03,101700.11995842241,0.0030052367805313285,0.0030052367805312326,0.0,0.0,-0.0,0.0,0.0,0.0,0.4011069833827627,0.4011069833827627,0.5988930166172373,False
2024-07-05,101208.06406299987,-0.004838302016002549,-0.0048383020160025336,0.0,0.0,-0.0,0.0,0.0,0.0,0.3981952703460381,0.3981952703460381,0.6018047296539619,False
2024-07-08,101750.80724851224,0.00536264763620542,0.005362647636205407,0.0,0.0,-0.0,0.0,0.0,0.0,0.4014053226774271,0.4014053226774271,0.5985946773225729,False
2024-07-09,101698.70521524054,-0.0005120552325884598,-0.0005120552325884775,0.0,0.0,-0.0,0.0,0.0,0.0,0.401098652108435,0.401098652108435,0.598901347891565,False
2024-07-10,101763.08303072146,0.0006330249273545085,0.0006330249273545046,0.0,0.0,-0.0,0.0,0.0,0.0,0.40147753175041867,0.40147753175041867,0.5985224682495813,False
2024-07-11,101608.99871809306,-0.0015141474495410367,-0.0015141474495409652,0.0,0.0,-0.0,0.0,0.0,0.0,0.40056990620271743,0.40056990620271743,0.5994300937972826,False
2024-07-12,101819.35358045038,0.002070238512446476,0.0020702385124463786,0.0,0.0,-0.0,0.0,0.0,0.0,0.4018083056861116,0.4018083056861116,0.5981916943138884,False
2024-07-15,101170.18021339475,-0.006375736480616068,-0.006375736480616052,0.0,0.0,-0.0,0.0,0.0,0.0,0.3979699205461092,0.3979699205461092,0.6020300794538909,False
2024-07-16,101160.70121720392,-9.369357819499768e-05,-9.36935781950018e-05,0.0,0.0,-0.0,0.0,0.0,0.0,0.397913508908376,0.397913508908376,0.602086491091624,False
2024-07-17,101085.07583598833,-0.0007475766805254969,-0.0007475766805256837,0.0,0.0,-0.0,0.0,0.0,0.0,0.39746306634762196,0.39746306634762196,0.6025369336523779,False
2024-07-18,101160.53199643877,0.0007464619265149519,0.0007464619265150444,0.0,0.0,-0.0,0.0,0.0,0.0,0.39791250174150267,0.39791250174150267,0.6020874982584973,False
2024-07-19,101319.8004798413,0.0015744132643364939,0.0015744132643363952,0.0,0.0,-0.0,0.0,0.0,0.0,0.39885894619035767,0.39885894619035767,0.6011410538096422,False
2024-07-22,101398.61774961729,0.0007779058920636128,0.0007779058920637412,0.0,0.0,-0.0,0.0,0.0,0.0,0.3993262138677982,0.3993262138677982,0.6006737861322018,False
2024-07-23,101388.49830246044,-9.979866966070006e-05,-9.979866966058044e-05,0.0,0.0,-0.0,0.0,0.0,0.0,0.3992662614398697,0.3992662614398697,0.6007337385601303,False
2024-07-24,100975.4740407184,-0.004073679644706063,-0.004073679644706157,0.0,0.0,-0.0,0.0,0.0,0.0,0.39680905476439227,0.39680905476439227,0.6031909452356077,False
2024-07-25,100899.6164587703,-0.0007512475942179631,-0.0007512475942178229,0.0,0.0,-0.0,0.0,0.0,0.0,0.39635556833734276,0.39635556833734276,0.6036444316626572,False
2024-07-26,101239.99334420083,0.003373421003732169,0.003373421003732226,0.0,0.0,-0.0,0.0,0.0,0.0,0.39838506878247093,0.39838506878247093,0.6016149312175292,False
2024-07-29,101117.65431213795,-0.0012084061646167044,-0.0012084061646168045,0.0,0.0,-0.0,0.0,0.0,0.0,0.3976571940225151,0.3976571940225151,0.6023428059774849,False
2024-07-30,101139.7082905691,0.00021810215615847284,0.00021810215615854548,0.0,0.0,-0.0,0.0,0.0,0.0,0.39778853764091904,0.39778853764091904,0.6022114623590811,False
2024-07-31,100781.89461254128,-0.003537815998043481,-0.0035378159980435342,0.0,0.0,-0.0,0.0,0.0,0.0,0.3956504601705,0.3956504601705,0.6043495398295001,False
2024-08-01,100409.51809280008,-0.0036948751675368596,-0.0035740261677337233,12.179391162203821,0.0,-0.00012084899980326646,20298.985270339705,0.20213744418711432,0.10106872209355716,0.4,0.4,0.6,True
2024-08-02,100399.31458674194,-0.00010161891274795831,-0.00010161891274796948,0.0,0.0,-0.0,0.0,0.0,0.0,0.39993902245587953,0.39993902245587953,0.6000609775441205,False
2024-08-05,100022.51831405808,-0.0037529765440611484,-0.0037529765440612005,0.0,0.0,-0.0,0.0,0.0,0.0,0.3976785240847854,0.3976785240847854,0.6023214759152146,False
2024-08-06,100284.49054750899,0.002619132550016001,0.0026191325500159305,0.0,0.0,-0.0,0.0,0.0,0.0,0.399251962823313,0.399251962823313,0.600748037176687,False
2024-08-07,100178.98376423118,-0.001052074779477774,-0.0010520747794778205,0.0,0.0,-0.0,0.0,0.0,0.0,0.3986192653194919,0.3986192653194919,0.6013807346805081,False
2024-08-08,100647.61114358688,0.004677901110063276,0.004677901110063223,0.0,0.0,-0.0,0.0,0.0,0.0,0.40141936633019815,0.40141936633019815,0.5985806336698019,False
2024-08-09,100310.93409788905,-0.003345107170179218,-0.00334510717017933,0.0,0.0,-0.0,0.0,0.0,0.0,0.39941032951713024,0.39941032951713024,0.6005896704828697,False
2024-08-12,100140.63247593126,-0.0016977373751859703,-0.0016977373751859374,0.0,0.0,-0.0,0.0,0.0,0.0,0.39838895195554036,0.39838895195554036,0.6016110480444595,False
2024-08-13,100175.07243160662,0.00034391589930926614,0.0003439158993094705,0.0,0.0,-0.0,0.0,0.0,0.0,0.3985957844271876,0.3985957844271876,0.6014042155728124,False
2024-08-14,100758.74162134097,0.00582649131731694,0.005826491317316947,0.0,0.0,-0.0,0.0,0.0,0.0,0.4020795626637734,0.4020795626637734,0.5979204373362266,False
2024-08-15,100397.03765006241,-0.003589802387944374,-0.0035898023879443125,0.0,0.0,-0.0,0.0,0.0,0.0,0.3999254134801399,0.3999254134801399,0.6000745865198602,False
2024-08-16,100388.06305881753,-8.939099653682003e-05,-8.939099653685148e-05,0.0,0.0,-0.0,0.0,0.0,0.0,0.3998717674193796,0.3998717674193796,0.6001282325806205,False
2024-08-19,100360.39959145294,-0.0002755653064885344,-0.00027556530648855185,0.0,0.0,-0.0,0.0,0.0,0.0,0.39970634731499427,0.39970634731499427,0.6002936526850058,False
2024-08-20,100587.56938629643,0.002263540158949695,0.0022635401589496235,0.0,0.0,-0.0,0.0,0.0,0.0,0.401062067378202,0.401062067378202,0.5989379326217981,False
2024-08-21,100546.44129575661,-0.00040887846073567324,-0.0004088784607357167,0.0,0.0,-0.0,0.0,0.0,0.0,0.4008170743858777,0.4008170743858777,0.5991829256141222,False
2024-08-22,100563.86102225445,0.0001732505524150163,0.00017325055241495363,0.0,0.0,-0.0,0.0,0.0,0.0,0.40092086517692616,0.40092086517692616,0.599079134823074,False
2024-08-23,100166.10927920605,-0.0039552155118663945,-0.003955215511866428,0.0,0.0,-0.0,0.0,0.0,0.0,0.398541969043149,0.398541969043149,0.6014580309568511,False
2024-08-26,100100.69051884163,-0.0006531027393913424,-0.0006531027393914452,0.0,0.0,-0.0,0.0,0.0,0.0,0.39814889844001433,0.39814889844001433,0.6018511015599857,False
2024-08-27,100110.95664007578,0.00010255794621327752,0.00010255794621332463,0.0,0.0,-0.0,0.0,0.0,0.0,0.39821061672321617,0.39821061672321617,0.6017893832767838,False
2024-08-28,99945.43158512909,-0.0016534159746549593,-0.0016534159746548307,0.0,0.0,-0.0,0.0,0.0,0.0,0.39721396065646675,0.39721396065646675,0.6027860393435334,False
2024-08-29,99440.8545299206,-0.0050485254523986445,-0.0050485254523986904,0.0,0.0,-0.0,0.0,0.0,0.0,0.39415533846249473,0.39415533846249473,0.6058446615375053,False
2024-08-30,99755.54455440503,0.003164594934064402,0.003164594934064583,0.0,0.0,-0.0,0.0,0.0,0.0,0.3960665432203318,0.3960665432203318,0.6039334567796683,False
2024-09-03,100009.02857215787,0.0025410519173156842,0.002543344799330596,0.22872769401773946,0.0,-2.292882015124434e-06,381.21282336289914,0.0038117753661536663,0.0019058876830768332,0.4,0.4,0.6,True
2024-09-04,100091.41596730298,0.0008237995741120496,0.0008237995741120719,0.0,0.0,-0.0,0.0,0.0,0.0,0.400493872892189,0.400493872892189,0.5995061271078109,False
2024-09-05,100041.7466894254,-0.0004962391369686125,-0.0004962391369685499,0.0,0.0,-0.0,0.0,0.0,0.0,0.40019622678541855,0.40019622678541855,0.5998037732145814,False
2024-09-06,99748.92509131032,-0.002926994058031984,-0.002926994058031836,0.0,0.0,-0.0,0.0,0.0,0.0,0.39843545092475274,0.39843545092475274,0.6015645490752474,False
2024-09-09,99310.3431484347,-0.004396858838069173,-0.004396858838069189,0.0,0.0,-0.0,0.0,0.0,0.0,0.39577877549363283,0.39577877549363283,0.6042212245063672,False
2024-09-10,99001.42413255095,-0.0031106429208689335,-0.0031106429208690137,0.0,0.0,-0.0,0.0,0.0,0.0,0.3938933942712307,0.3938933942712307,0.6061066057287693,False
2024-09-11,99443.1611173113,0.004461925559463786,0.004461925559463975,0.0,0.0,-0.0,0.0,0.0,0.0,0.3965857835863905,0.3965857835863905,0.6034142164136095,False
2024-09-12,99250.8740881654,-0.001933637537116062,-0.0019336375371160153,0.0,0.0,-0.0,0.0,0.0,0.0,0.39541673869802496,0.39541673869802496,0.604583261301975,False
2024-09-13,99284.72891519358,0.0003411035654770078,0.00034110356547716915,0.0,0.0,-0.0,0.0,0.0,0.0,0.39562289388381405,0.39562289388381405,0.604377106116186,False
2024-09-16,99156.4884207324,-0.0012916436985058732,-0.0012916436985060307,0.0,0.0,-0.0,0.0,0.0,0.0,0.39484124439053525,0.39484124439053525,0.6051587556094647,False
2024-09-17,99159.56722164486,3.10499187847757e-05,3.1049918784844545e-05,0.0,0.0,-0.0,0.0,0.0,0.0,0.394860033937335,0.394860033937335,0.605139966062665,False
2024-09-18,99235.36526663307,0.00076440475802797,0.0007644047580279418,0.0,0.0,-0.0,0.0,0.0,0.0,0.3953222524846094,0.3953222524846094,0.6046777475153906,False
2024-09-19,99422.94165162748,0.0018902171064762996,0.001890217106476296,0.0,0.0,-0.0,0.0,0.0,0.0,0.3964630683172663,0.3964630683172663,0.6035369316827338,False
2024-09-20,99049.14417024943,-0.0037596703051475666,-0.0037596703051477162,0.0,0.0,-0.0,0.0,0.0,0.0,0.39418540517467643,0.39418540517467643,0.6058145948253235,False
2024-09-23,98713.81564993745,-0.0033854762009413175,-0.0033854762009413765,0.0,0.0,-0.0,0.0,0.0,0.0,0.39212746718161384,0.39212746718161384,0.6078725328183862,False
2024-09-24,98434.29565942186,-0.002831619755301884,-0.0028316197553019135,0.0,0.0,-0.0,0.0,0.0,0.0,0.3904013155037883,0.3904013155037883,0.6095986844962117,False
2024-09-25,98437.03543323113,2.78335288621534e-05,2.783352886218224e-05,0.0,0.0,-0.0,0.0,0.0,0.0,0.39041828231412135,0.39041828231412135,0.6095817176858785,False
2024-09-26,98080.26175486622,-0.0036243846311980743,-0.003624384631197943,0.0,0.0,-0.0,0.0,0.0,0.0,0.3882008870116258,0.3882008870116258,0.6117991129883742,False
2024-09-27,98181.83987976181,0.0010356632728965032,0.0010356632728965012,0.0,0.0,-0.0,0.0,0.0,0.0,0.38883384934749415,0.38883384934749415,0.6111661506525059,False
2024-09-30,98185.8797538414,4.1146856532003895e-05,4.114685653192014e-05,0.0,0.0,-0.0,0.0,0.0,0.0,0.3888589958787115,0.3888589958787115,0.6111410041212885,False
2024-10-01,98708.80757987329,0.005325896425666388,0.0054528271996753495,12.462809713895103,0.0,-0.00012693077400885143,20771.349523158508,0.21040399339663893,0.10520199669831946,0.40000000000000013,0.40000000000000013,0.5999999999999999,True
2024-10-02,98444.44720734477,-0.002678184237152381,-0.002678184237152371,0.0,0.0,-0.0,0.0,0.0,0.0,0.3983887742984322,0.3983887742984322,0.6016112257015678,False
2024-10-03,98688.80745897323,0.002482214675996852,0.0024822146759967047,0.0,0.0,-0.0,0.0,0.0,0.0,0.39987840492909976,0.39987840492909976,0.6001215950709001,False
2024-10-04,98316.24289562818,-0.003775145053808937,-0.0037751450538088503,0.0,0.0,-0.0,0.0,0.0,0.0,0.39760427368245654,0.39760427368245654,0.6023957263175435,False
2024-10-07,98231.90928468361,-0.0008577790247140671,-0.0008577790247141656,0.0,0.0,-0.0,0.0,0.0,0.0,0.3970871076496686,0.3970871076496686,0.6029128923503313,False
2024-10-08,98341.52902919734,0.0011159280656556358,0.0011159280656556838,0.0,0.0,-0.0,0.0,0.0,0.0,0.3977591650996179,0.3977591650996179,0.602240834900382,False
2024-10-09,98098.20452793434,-0.0024742802320142365,-0.0024742802320141593,0.0,0.0,-0.0,0.0,0.0,0.0,0.39626535640559013,0.39626535640559013,0.6037346435944099,False
2024-10-10,98064.91505577823,-0.0003393484347273823,-0.00033934843472735053,0.0,0.0,-0.0,0.0,0.0,0.0,0.3960604104512069,0.3960604104512069,0.6039395895487931,False
2024-10-11,98505.43848662145,0.004492161448288234,0.004492161448288217,0.0,0.0,-0.0,0.0,0.0,0.0,0.39876127188685456,0.39876127188685456,0.6012387281131454,False
2024-10-14,98305.4382178109,-0.0020303474801315335,-0.0020303474801314325,0.0,0.0,-0.0,0.0,0.0,0.0,0.3975380648148764,0.3975380648148764,0.6024619351851236,False
2024-10-15,98442.16863467837,0.0013908733773662085,0.0013908733773661838,0.0,0.0,-0.0,0.0,0.0,0.0,0.3983748492202498,0.3983748492202498,0.6016251507797501,False
2024-10-16,98768.13627962366,0.0033112603010094777,0.0033112603010095245,0.0,0.0,-0.0,0.0,0.0,0.0,0.40036041198296435,0.40036041198296435,0.5996395880170357,False
2024-10-17,98818.7191159648,0.0005121371957241827,0.0005121371957241657,0.0,0.0,-0.0,0.0,0.0,0.0,0.4006673525243485,0.4006673525243485,0.5993326474756515,False
2024-10-18,98876.15422852553,0.0005812169300971615,0.0005812169300972267,0.0,0.0,-0.0,0.0,0.0,0.0,0.4010154924609961,0.4010154924609961,0.5989845075390039,False
2024-10-21,98524.73798582422,-0.0035541050867442525,-0.0035541050867441424,0.0,0.0,-0.0,0.0,0.0,0.0,0.3988790454185698,0.3988790454185698,0.6011209545814303,False
2024-10-22,98907.97115724956,0.0038897152051342587,0.0038897152051343155,0.0,0.0,-0.0,0.0,0.0,0.0,0.4012081750846531,0.4012081750846531,0.598791824915347,False
2024-10-23,98930.5074007037,0.00022785062912999976,0.0002278506291299073,0.0,0.0,-0.0,0.0,0.0,0.0,0.4013445790989374,0.4013445790989374,0.5986554209010626,False
2024-10-24,98691.66592194693,-0.0024142348506248634,-0.002414234850624724,0.0,0.0,-0.0,0.0,0.0,0.0,0.39989578659292335,0.39989578659292335,0.6001042134070768,False
2024-10-25,98600.88558078496,-0.0009198379651810251,-0.000919837965181086,0.0,0.0,-0.0,0.0,0.0,0.0,0.39934327973758477,0.39934327973758477,0.6006567202624152,False
2024-10-28,98411.74315324481,-0.0019182629692020559,-0.0019182629692021205,0.0,0.0,-0.0,0.0,0.0,0.0,0.398188847689655,0.398188847689655,0.601811152310345,False
2024-10-29,98221.2516085632,-0.0019356586783041418,-0.0019356586783041056,0.0,0.0,-0.0,0.0,0.0,0.0,0.39702168748620853,0.39702168748620853,0.6029783125137915,False
2024-10-30,98328.86466404135,0.0010956188575872439,0.0010956188575870895,0.0,0.0,-0.0,0.0,0.0,0.0,0.3976815988847421,0.3976815988847421,0.6023184011152578,False
2024-10-31,97818.95343984694,-0.00518577353594607,-0.005185773535945994,0.0,0.0,-0.0,0.0,0.0,0.0,0.39454182992926695,0.39454182992926695,0.605458170070733,False
2024-11-01,98108.19549746036,0.0029569122081365418,0.0029624407716772917,0.5407982995834903,0.0,-5.528563540766671e-06,901.3304993058173,0.009187056457323576,0.004593528228661788,0.4000000000000001,0.4000000000000001,0.5999999999999999,True
2024-11-04,98007.65029258562,-0.0010248400183585638,-0.0010248400183584861,0.0,0.0,-0.0,0.0,0.0,0.0,0.3993844651642527,0.3993844651642527,0.6006155348357474,False
2024-11-05,97901.47086138625,-0.0010833790105404528,-0.0010833790105404014,0.0,0.0,-0.0,0.0,0.0,0.0,0.39873306518734464,0.39873306518734464,0.6012669348126554,False
2024-11-06,98351.6272664986,0.0045980555874356455,0.00459805558743555,0.0,0.0,-0.0,0.0,0.0,0.0,0.40148507010491236,0.40148507010491236,0.5985149298950877,False
2024-11-07,98512.78669683408,0.0016386046150389522,0.0016386046150390307,0.0,0.0,-0.0,0.0,0.0,0.0,0.40246419503258307,0.40246419503258307,0.597535804967417,False
2024-11-08,98578.48393236249,0.0006668904386044616,0.0006668904386045013,0.0,0.0,-0.0,0.0,0.0,0.0,0.40286242037496645,0.40286242037496645,0.5971375796250337,False
2024-11-11,98423.84238592643,-0.001568715000143106,-0.0015687150001430757,0.0,0.0,-0.0,0.0,0.0,0.0,0.40192420991183264,0.40192420991183264,0.5980757900881674,False
2024-11-12,98135.90398893603,-0.0029254943722007987,-0.0029254943722007883,0.0,0.0,-0.0,0.0,0.0,0.0,0.40016940889327607,0.40016940889327607,0.5998305911067239,False
2024-11-13,98049.34226944868,-0.0008820596333133368,-0.0008820596333132188,0.0,0.0,-0.0,0.0,0.0,0.0,0.39963985544431346,0.39963985544431346,0.6003601445556866,False
2024-11-14,97895.80054114995,-0.001565963878439769,-0.0015659638784398223,0.0,0.0,-0.0,0.0,0.0,0.0,0.39869823860592807,0.39869823860592807,0.601301761394072,False
2024-11-15,97854.59297413164,-0.0004209329388035199,-0.00042093293880360024,0.0,0.0,-0.0,0.0,0.0,0.0,0.39844502430215567,0.39844502430215567,0.6015549756978443,False
2024-11-18,97848.63527538526,-6.088317947383626e-05,-6.088317947365606e-05,0.0,0.0,-0.0,0.0,0.0,0.0,0.39840839749265033,0.39840839749265033,0.6015916025073497,False
2024-11-19,97746.58537607206,-0.0010429363580389817,-0.0010429363580389665,0.0,0.0,-0.0,0.0,0.0,0.0,0.39778032069357505,0.39778032069357505,0.602219679306425,False
2024-11-20,97544.97595065777,-0.0020625725659737526,-0.0020625725659736537,0.0,0.0,-0.0,0.0,0.0,0.0,0.3965356316428591,0.3965356316428591,0.603464368357141,False
2024-11-21,97454.60545092807,-0.0009264495567194997,-0.0009264495567195539,0.0,0.0,-0.0,0.0,0.0,0.0,0.39597603390722447,0.39597603390722447,0.6040239660927756,False
2024-11-22,97712.52729471022,0.002646584454256695,0.0026465844542566076,0.0,0.0,-0.0,0.0,0.0,0.0,0.39757041468250987,0.39757041468250987,0.60242958531749,False
2024-11-25,97615.54764940505,-0.0009924996107476547,-0.000992499610747487,0.0,0.0,-0.0,0.0,0.0,0.0,0.3969719095374561,0.3969719095374561,0.603028090462544,False
2024-11-26,97827.7839802908,0.002174206220181274,0.0021742062201812393,0.0,0.0,-0.0,0.0,0.0,0.0,0.3982801725291495,0.3982801725291495,0.6017198274708504,False
2024-11-27,97730.17099180882,-0.0009978043507726797,-0.000997804350772572,0.0,0.0,-0.0,0.0,0.0,0.0,0.39767917418859405,0.39767917418859405,0.602320825811406,False
2024-11-29,97757.40585315994,0.0002786740376563568,0.00027867403765627564,0.0,0.0,-0.0,0.0,0.0,0.0,0.39784697860235385,0.39784697860235385,0.6021530213976463,False
2024-12-02,97639.29017484069,-0.0012082529941176423,-0.0012052704883615585,0.2915620256748094,0.0,-2.982505756267312e-06,485.9367094580157,0.004976841367137255,0.0024884206835686274,0.4,0.4,0.6,True
2024-12-03,98100.06785464243,0.004719183015122752,0.004719183015122641,0.0,0.0,-0.0,0.0,0.0,0.0,0.4028182101595556,0.4028182101595556,0.5971817898404443,False
2024-12-04,98216.51567889351,0.001187031026559815,0.0011870310265598722,0.0,0.0,-0.0,0.0,0.0,0.0,0.40352624301562484,0.40352624301562484,0.5964737569843752,False
2024-12-05,97911.33588313099,-0.0031072146436172954,-0.0031072146436172485,0.0,0.0,-0.0,0.0,0.0,0.0,0.4016670942491176,0.4016670942491176,0.5983329057508825,False
2024-12-06,98131.28485817442,0.002246409703836161,0.0022464097038362068,0.0,0.0,-0.0,0.0,0.0,0.0,0.4030081824611477,0.4030081824611477,0.5969918175388523,False
2024-12-09,97761.70327029856,-0.0037661953413735683,-0.003766195341373661,0.0,0.0,-0.0,0.0,0.0,0.0,0.400751294779221,0.400751294779221,0.599248705220779,False
2024-12-10,97750.0166118709,-0.00011954229556887519,-0.0001195422955687865,0.0,0.0,-0.0,0.0,0.0,0.0,0.4006796506488785,0.4006796506488785,0.5993203493511216,False
2024-12-11,97568.07546239608,-0.0018612902153996025,-0.0018612902153997495,0.0,0.0,-0.0,0.0,0.0,0.0,0.3995620613887866,0.3995620613887866,0.6004379386112133,False
2024-12-12,97376.76017687251,-0.0019608389795215952,-0.001960838979521465,0.0,0.0,-0.0,0.0,0.0,0.0,0.3983823861207255,0.3983823861207255,0.6016176138792746,False
2024-12-13,97786.6140574764,0.004208949649376681,0.004208949649376774,0.0,0.0,-0.0,0.0,0.0,0.0,0.40090395122515937,0.40090395122515937,0.5990960487748408,False
2024-12-16,97734.88036865703,-0.0005290467342387029,-0.0005290467342388128,0.0,0.0,-0.0,0.0,0.0,0.0,0.4005868336470405,0.4005868336470405,0.5994131663529595,False
2024-12-17,97665.42515038459,-0.0007106492381272478,-0.0007106492381271912,0.0,0.0,-0.0,0.0,0.0,0.0,0.4001605582047302,0.4001605582047302,0.5998394417952699,False
2024-12-18,97681.31475118111,0.00016269422645787124,0.0001626942264578382,0.0,0.0,-0.0,0.0,0.0,0.0,0.4002581327438977,0.4002581327438977,0.5997418672561022,False
2024-12-19,97689.64021297068,8.523085311429313e-05,8.523085311438637e-05,0.0,0.0,-0.0,0.0,0.0,0.0,0.4003092448985598,0.4003092448985598,0.5996907551014402,False
2024-12-20,98002.95238314263,0.003207220023422108,0.0032072200234222054,0.0,0.0,-0.0,0.0,0.0,0.0,0.40222643624171783,0.40222643624171783,0.5977735637582822,False
2024-12-23,98239.75822669984,0.0024163133640240364,0.0024163133640239514,0.0,0.0,-0.0,0.0,0.0,0.0,0.4036673627624785,0.4036673627624785,0.5963326372375215,False
2024-12-24,98538.7593591747,0.003043585793288228,0.003043585793288462,0.0,0.0,-0.0,0.0,0.0,0.0,0.4054768449908454,0.4054768449908454,0.5945231550091546,False
2024-12-26,99124.86389391005,0.005947959346626064,0.005947959346626045,0.0,0.0,-0.0,0.0,0.0,0.0,0.4089921357409942,0.4089921357409942,0.5910078642590058,False
2024-12-27,98997.44579405774,-0.0012854302628720893,-0.0012854302628720572,0.0,0.0,-0.0,0.0,0.0,0.0,0.4082314585491977,0.4082314585491977,0.5917685414508023,False
2024-12-30,98898.35779312039,-0.0010009147220170211,-0.001000914722016922,0.0,0.0,-0.0,0.0,0.0,0.0,0.40763855525840065,0.40763855525840065,0.5923614447415994,False
2024-12-31,98534.56290973417,-0.0036784724388165824,-0.0036784724388166223,0.0,0.0,-0.0,0.0,0.0,0.0,0.4054515250798664,0.4054515250798664,0.5945484749201335,False
2025-01-02,98329.68365342343,-0.0020792628521468792,-0.0019539627756902634,12.3463882662052,0.0,-0.00012530007645657814,20577.31377700867,0.2092423124505914,0.1046211562252957,0.4000000000000001,0.4000000000000001,0.5999999999999999,True
2025-01-03,97985.48896161883,-0.0035004149206638857,-0.003500414920663931,0.0,0.0,-0.0,0.0,0.0,0.0,0.39789237348028494,0.39789237348028494,0.6021076265197151,False
2025-01-06,97713.47629450054,-0.0027760505152435444,-0.0027760505152435015,0.0,0.0,-0.0,0.0,0.0,0.0,0.39621623926018756,0.39621623926018756,0.6037837607398124,False
2025-01-07,97405.21007214281,-0.003154797414316013,-0.0031547974143160645,0.0,0.0,-0.0,0.0,0.0,0.0,0.39430539548800786,0.39430539548800786,0.6056946045119921,False
2025-01-08,97204.61144186615,-0.0020594240300708666,-0.0020594240300707534,0.0,0.0,-0.0,0.0,0.0,0.0,0.3930554392747295,0.3930554392747295,0.6069445607252705,False
2025-01-10,96775.76524180008,-0.004411788635383163,-0.00441178863538321,0.0,0.0,-0.0,0.0,0.0,0.0,0.39036586231434633,0.39036586231434633,0.6096341376856537,False
2025-01-13,96818.25981626137,0.00043910347136111305,0.0004391034713609127,0.0,0.0,-0.0,0.0,0.0,0.0,0.39063343728736466,0.39063343728736466,0.6093665627126352,False
2025-01-14,96638.07098858622,-0.001861103763041272,-0.0018611037630412459,0.0,0.0,-0.0,0.0,0.0,0.0,0.38949722828157246,0.38949722828157246,0.6105027717184276,False
2025-01-15,97183.20338080618,0.005640969305816812,0.005640969305816863,0.0,0.0,-0.0,0.0,0.0,0.0,0.392921738123049,0.392921738123049,0.607078261876951,False
2025-01-16,96787.22852726546,-0.004074519461857218,-0.004074519461857268,0.0,0.0,-0.0,0.0,0.0,0.0,0.3904380661604122,0.3904380661604122,0.6095619338395878,False
2025-01-17,96862.4188540869,0.0007768620712211849,0.0007768620712211384,0.0,0.0,-0.0,0.0,0.0,0.0,0.3909112441128682,0.3909112441128682,0.6090887558871317,False
2025-01-21,96873.95545475543,0.00011910295866046638,0.00011910295866044755,0.0,0.0,-0.0,0.0,0.0,0.0,0.3909837797465726,0.3909837797465726,0.6090162202534274,False
2025-01-22,97448.56660359126,0.005931533879652395,0.005931533879652433,0.0,0.0,-0.0,0.0,0.0,0.0,0.3945748793612341,0.3945748793612341,0.6054251206387659,False
2025-01-23,97764.49705809056,0.0032420225921276913,0.0032420225921278045,0.0,0.0,-0.0,0.0,0.0,0.0,0.3965313383957961,0.3965313383957961,0.603468661604204,False
2025-01-24,97661.73938045051,-0.0010510735566817697,-0.0010510735566817719,0.0,0.0,-0.0,0.0,0.0,0.0,0.39589638105642877,0.39589638105642877,0.6041036189435713,False
2025-01-27,97288.83178637648,-0.0038183591285563256,-0.0038183591285563673,0.0,0.0,-0.0,0.0,0.0,0.0,0.39358085497830375,0.39358085497830375,0.6064191450216962,False
2025-01-28,97594.4719346401,0.003141574861693641,0.003141574861693589,0.0,0.0,-0.0,0.0,0.0,0.0,0.3954799998142782,0.3954799998142782,0.6045200001857218,False
2025-01-29,97362.50595312983,-0.0023768352542100635,-0.0023768352542100817,0.0,0.0,-0.0,0.0,0.0,0.0,0.39403973208685167,0.39403973208685167,0.6059602679131483,False
2025-01-30,97507.7193201404,0.0014914711324345298,0.001491471132434337,0.0,0.0,-0.0,0.0,0.0,0.0,0.3949421583910644,0.3949421583910644,0.6050578416089355,False
2025-01-31,98013.94239262572,0.00519162047902344,0.0051916204790235804,0.0,0.0,-0.0,0.0,0.0,0.0,0.39806716522308894,0.39806716522308894,0.6019328347769111,False
2025-02-03,97919.55946884456,-0.0009629540601793218,-0.0008397979003006947,12.071020759637953,0.0,-0.00012315615987859848,20118.367932729925,0.2054327884887566,0.1027163942443783,0.4,0.4,0.6,True
2025-02-04,97375.88408432418,-0.0055522654255134585,-0.005552265425513582,0.0,0.0,-0.0,0.0,0.0,0.0,0.3966500408825069,0.3966500408825069,0.603349959117493,False
2025-02-05,96986.22271265379,-0.004001620887292279,-0.004001620887292216,0.0,0.0,-0.0,0.0,0.0,0.0,0.39422596284243794,0.39422596284243794,0.6057740371575621,False
2025-02-06,97028.57111868719,0.00043664352367733805,0.0004366435236772794,0.0,0.0,-0.0,0.0,0.0,0.0,0.394490354707579,0.394490354707579,0.605509645292421,False
2025-02-07,97174.25414723642,0.0015014446453203156,0.0015014446453202736,0.0,0.0,-0.0,0.0,0.0,0.0,0.3953981309464201,0.3953981309464201,0.6046018690535799,False
2025-02-10,97419.05500045732,0.002519194568244121,0.002519194568244146,0.0,0.0,-0.0,0.0,0.0,0.0,0.3969174133229795,0.3969174133229795,0.6030825866770205,False
2025-02-11,97050.03668164095,-0.0037879480437850166,-0.0037879480437849485,0.0,0.0,-0.0,0.0,0.0,0.0,0.3946242815545391,0.3946242815545391,0.605375718445461,False
2025-02-12,97041.19901827264,-9.106295752669968e-05,-9.106295752682209e-05,0.0,0.0,-0.0,0.0,0.0,0.0,0.39456914923069003,0.39456914923069003,0.6054308507693099,False
2025-02-13,97180.56505727771,0.0014361533082338784,0.0014361533082338394,0.0,0.0,-0.0,0.0,0.0,0.0,0.39543739381759335,0.39543739381759335,0.6045626061824066,False
2025-02-14,96817.35974163197,-0.0037374274931584184,-0.003737427493158452,0.0,0.0,-0.0,0.0,0.0,0.0,0.3931694084811612,0.3931694084811612,0.6068305915188388,False
2025-02-18,96797.80286066947,-0.00020199766875161895,-0.00020199766875161846,0.0,0.0,-0.0,0.0,0.0,0.0,0.3930468053508007,0.3930468053508007,0.6069531946491992,False
2025-02-19,96733.42241520419,-0.000665102342849222,-0.0006651023428491866,0.0,0.0,-0.0,0.0,0.0,0.0,0.392642850687847,0.392642850687847,0.6073571493121529,False
2025-02-20,96789.16389651057,0.000576238076919422,0.000576238076919591,0.0,0.0,-0.0,0.0,0.0,0.0,0.3929926314465783,0.3929926314465783,0.6070073685534217,False
2025-02-21,96234.36100458112,-0.005732076501070438,-0.0057320765010704326,0.0,0.0,-0.0,0.0,0.0,0.0,0.38949315953259234,0.38949315953259234,0.6105068404674078,False
2025-02-24,95904.5306436081,-0.003427365834094531,-0.0034273658340944722,0.0,0.0,-0.0,0.0,0.0,0.0,0.38739353305805013,0.38739353305805013,0.61260646694195,False
2025-02-25,96035.9303957749,0.0013701099550249562,0.0013701099550248634,0.0,0.0,-0.0,0.0,0.0,0.0,0.3882317228647216,0.3882317228647216,0.6117682771352784,False
2025-02-26,95989.45660379514,-0.00048392088032300773,-0.00048392088032297244,0.0,0.0,-0.0,0.0,0.0,0.0,0.38793553208859555,0.38793553208859555,0.6120644679114046,False
2025-02-27,95657.35456104012,-0.0034597762556966005,-0.003459776255696539,0.0,0.0,-0.0,0.0,0.0,0.0,0.38581057409635416,0.38581057409635416,0.6141894259036459,False
2025-02-28,95441.05904262308,-0.0022611488620983833,-0.0022611488620984696,0.0,0.0,-0.0,0.0,0.0,0.0,0.38441865303413325,0.38441865303413325,0.6155813469658667,False
2025-03-03,95236.23951973204,-0.002146031539733473,-0.0020235509491021136,11.689677282020014,0.0,-0.00012248059063132895,19482.795470033358,0.20454823148684398,0.10227411574342199,0.4,0.4,0.6,True
2025-03-04,95369.04601415445,0.0013944953632369916,0.0013944953632371694,0.0,0.0,-0.0,0.0,0.0,0.0,0.4008355320723416,0.4008355320723416,0.5991644679276584,False
2025-03-05,95283.51538490609,-0.0008968384693254228,-0.0008968384693254167,0.0,0.0,-0.0,0.0,0.0,0.0,0.4002976959759498,0.4002976959759498,0.5997023040240503,False
2025-03-06,95196.4488956127,-0.000913762353767833,-0.0009137623537679094,0.0,0.0,-0.0,0.0,0.0,0.0,0.3997492094006806,0.3997492094006806,0.6002507905993194,False
2025-03-07,95145.80208922611,-0.0005320241140730486,-0.0005320241140729857,0.0,0.0,-0.0,0.0,0.0,0.0,0.3994296915143701,0.3994296915143701,0.60057030848563,False
2025-03-10,94617.2708424419,-0.0055549612823545536,-0.00555496128235458,0.0,0.0,-0.0,0.0,0.0,0.0,0.39607491102768627,0.39607491102768627,0.6039250889723137,False
2025-03-11,94753.11271298735,0.001435698465364288,0.0014356984653642378,0.0,0.0,-0.0,0.0,0.0,0.0,0.3969407223071935,0.3969407223071935,0.6030592776928064,False
2025-03-12,94763.62097586102,0.00011090150574255553,0.0001109015057426511,0.0,0.0,-0.0,0.0,0.0,0.0,0.3970075950728513,0.3970075950728513,0.6029924049271487,False
2025-03-13,94798.42552860915,0.00036727757328947064,0.00036727757328941675,0.0,0.0,-0.0,0.0,0.0,0.0,0.39722897935056467,0.39722897935056467,0.6027710206494353,False
2025-03-14,94996.94449806621,0.0020941167361177015,0.0020941167361176764,0.0,0.0,-0.0,0.0,0.0,0.0,0.39848861441009387,0.39848861441009387,0.6015113855899062,False
2025-03-17,94754.77605075912,-0.0025492235417321485,-0.002549223541732229,0.0,0.0,-0.0,0.0,0.0,0.0,0.3969513084888828,0.3969513084888828,0.6030486915111172,False
2025-03-18,94403.53081477387,-0.00370688687815679,-0.0037068868781568276,0.0,0.0,-0.0,0.0,0.0,0.0,0.39470755787773226,0.39470755787773226,0.6052924421222677,False
2025-03-19,94359.71225608859,-0.00046416228616763533,-0.0004641622861676501,0.0,0.0,-0.0,0.0,0.0,0.0,0.3944264734852226,0.3944264734852226,0.6055735265147774,False
2025-03-20,94372.7366783265,0.00013802948235541734,0.00013802948235554897,0.0,0.0,-0.0,0.0,0.0,0.0,0.39451004894973757,0.39451004894973757,0.6054899510502625,False
2025-03-21,94502.4064529642,0.0013740173190026628,0.0013740173190025858,0.0,0.0,-0.0,0.0,0.0,0.0,0.3953408610787086,0.3953408610787086,0.6046591389212914,False
2025-03-24,94629.24537244646,0.001342176609496093,0.0013421766094960175,0.0,0.0,-0.0,0.0,0.0,0.0,0.3961513326357202,0.3961513326357202,0.6038486673642797,False
2025-03-25,94745.3344828095,0.001226778359122882,0.001226778359122803,0.0,0.0,-0.0,0.0,0.0,0.0,0.39689121344326495,0.39689121344326495,0.603108786556735,False
2025-03-26,94905.27816992732,0.001688143147004606,0.001688143147004707,0.0,0.0,-0.0,0.0,0.0,0.0,0.3979076315489294,0.3979076315489294,0.6020923684510706,False
2025-03-27,94933.23718892582,0.0002945991997245212,0.00029459919972462376,0.0,0.0,-0.0,0.0,0.0,0.0,0.3980849552394181,0.3980849552394181,0.6019150447605819,False
2025-03-28,94841.97874476083,-0.0009612907646179281,-0.000961290764617979,0.0,0.0,-0.0,0.0,0.0,0.0,0.39750578311298884,0.39750578311298884,0.6024942168870111,False
2025-03-31,94520.04321731301,-0.003394441277044691,-0.0033944412770446444,0.0,0.0,-0.0,0.0,0.0,0.0,0.39545368615137594,0.39545368615137594,0.6045463138486241,False
2025-04-01,94735.65089996145,0.0022810789681160237,0.002520121430413778,22.594303867158352,0.0,-0.0002390424622977723,37657.17311193059,0.3974026010182921,0.19870130050914606,0.4,0.4,0.6,True
2025-04-02,94900.75533871655,0.0017427909893124038,0.0017427909893124706,0.0,0.0,-0.0,0.0,0.0,0.0,0.4010438553718513,0.4010438553718513,0.5989561446281486,False
2025-04-03,95039.295697402,0.0014598446365465811,0.0014598446365467475,0.0,0.0,-0.0,0.0,0.0,0.0,0.4019169636846259,0.4019169636846259,0.5980830363153741,False
2025-04-04,94951.59660898976,-0.0009227666068936102,-0.0009227666068935456,0.0,0.0,-0.0,0.0,0.0,0.0,0.40136456289356104,0.40136456289356104,0.5986354371064391,False
2025-04-07,95275.42896788145,0.003410499353952323,0.0034104993539521844,0.0,0.0,-0.0,0.0,0.0,0.0,0.40339926930018005,0.40339926930018005,0.5966007306998199,False
2025-04-08,95416.89730948501,0.0014848355251304568,0.001484835525130527,0.0,0.0,-0.0,0.0,0.0,0.0,0.4042838098621921,0.4042838098621921,0.5957161901378079,False
2025-04-09,95850.46730957585,0.004543954082729673,0.004543954082729672,0.0,0.0,-0.0,0.0,0.0,0.0,0.4069784724534339,0.4069784724534339,0.593021527546566,False
2025-04-10,95745.25306767147,-0.0010976914860995057,-0.0010976914860995682,0.0,0.0,-0.0,0.0,0.0,0.0,0.40632680243894553,0.40632680243894553,0.5936731975610543,False
2025-04-11,95514.97318252429,-0.002405131092863888,-0.0024051310928636313,0.0,0.0,-0.0,0.0,0.0,0.0,0.4048954980979179,0.4048954980979179,0.5951045019020822,False
2025-04-14,95821.5707921059,0.0032099428955050247,0.0032099428955050273,0.0,0.0,-0.0,0.0,0.0,0.0,0.4067996373874968,0.4067996373874968,0.5932003626125032,False
2025-04-15,96012.47745324034,0.0019923140432402953,0.001992314043240034,0.0,0.0,-0.0,0.0,0.0,0.0,0.4079791288829146,0.4079791288829146,0.5920208711170853,False
2025-04-16,96225.21179773488,0.0022156947736104993,0.0022156947736106007,0.0,0.0,-0.0,0.0,0.0,0.0,0.40928796644836374,0.40928796644836374,0.5907120335516362,False
2025-04-17,96349.17961458457,0.001288309108742336,0.0012883091087425495,0.0,0.0,-0.0,0.0,0.0,0.0,0.4100480069746992,0.4100480069746992,0.5899519930253009,False
2025-04-21,96219.9322974208,-0.0013414469918766603,-0.0013414469918767691,0.0,0.0,-0.0,0.0,0.0,0.0,0.40925555461547014,0.40925555461547014,0.5907444453845299,False
2025-04-22,96350.80824381577,0.0013601749998162216,0.001360174999816301,0.0,0.0,-0.0,0.0,0.0,0.0,0.41005797900377033,0.41005797900377033,0.5899420209962296,False
2025-04-23,96626.40467954386,0.00286034378695299,0.0028603437869527903,0.0,0.0,-0.0,0.0,0.0,0.0,0.4117406031147676,0.4117406031147676,0.5882593968852323,False
2025-04-24,96587.09582596089,-0.00040681275178700016,-0.0004068127517870558,0.0,0.0,-0.0,0.0,0.0,0.0,0.4115011942961958,0.4115011942961958,0.5884988057038041,False
2025-04-25,96962.28228629245,0.00388443670578531,0.0038844367057854186,0.0,0.0,-0.0,0.0,0.0,0.0,0.4137783352484833,0.4137783352484833,0.5862216647515167,False
2025-04-28,96798.36923182072,-0.0016904826351731295,-0.001690482635173086,0.0,0.0,-0.0,0.0,0.0,0.0,0.4127856596029174,0.4127856596029174,0.5872143403970826,False
2025-04-29,96580.21085601958,-0.002253740197613041,-0.0022537401976132077,0.0,0.0,-0.0,0.0,0.0,0.0,0.41145924163786285,0.41145924163786285,0.588540758362137,False
2025-04-30,96475.84970440416,-0.001080564545163365,-0.0010805645451633578,0.0,0.0,-0.0,0.0,0.0,0.0,0.4108225974258297,0.4108225974258297,0.5891774025741702,False
2025-05-01,96823.14701994293,0.0035998368151497484,0.0036076309913644477,0.7519497730571634,0.0,-7.79417621468056e-06,1253.2496217619391,0.012943597965972463,0.0064717989829862314,0.4,0.4,0.6,True
2025-05-02,96445.9474398205,-0.003895758315361597,-0.0038957583153615975,0.0,0.0,-0.0,0.0,0.0,0.0,0.39765340323693055,0.39765340323693055,0.6023465967630695,False
2025-05-05,95994.5050747587,-0.004680781070075524,-0.004680781070075671,0.0,0.0,-0.0,0.0,0.0,0.0,0.3948206913851647,0.3948206913851647,0.6051793086148353,False
2025-05-06,95294.91752634016,-0.007287787440267701,-0.007287787440267544,0.0,0.0,-0.0,0.0,0.0,0.0,0.39037789506551374,0.39037789506551374,0.6096221049344863,False
2025-05-07,95201.09315673227,-0.000984568453841761,-0.0009845684538417321,0.0,0.0,-0.0,0.0,0.0,0.0,0.3897770888373715,0.3897770888373715,0.6102229111626285,False
2025-05-08,95136.79290513473,-0.0006754150552839011,-0.0006754150552840392,0.0,0.0,-0.0,0.0,0.0,0.0,0.3893646565331054,0.3893646565331054,0.6106353434668945,False
2025-05-09,94970.25914965713,-0.0017504663589371638,-0.0017504663589369364,0.0,0.0,-0.0,0.0,0.0,0.0,0.3882938855582191,0.3882938855582191,0.6117061144417809,False
2025-05-12,95238.51585301079,0.002824639058117473,0.002824639058117359,0.0,0.0,-0.0,0.0,0.0,0.0,0.39001686773839794,0.39001686773839794,0.609983132261602,False
2025-05-13,95148.63144058811,-0.0009437821622650944,-0.000943782162265083,0.0,0.0,-0.0,0.0,0.0,0.0,0.389440632698535,0.389440632698535,0.610559367301465,False
2025-05-14,95160.3347221924,0.00012299999933884642,0.0001229999993389325,0.0,0.0,-0.0,0.0,0.0,0.0,0.38951572226429293,0.38951572226429293,0.6104842777357071,False
2025-05-15,95196.20944405519,0.00037699238834654203,0.000376992388346682,0.0,0.0,-0.0,0.0,0.0,0.0,0.38974578345888533,0.38974578345888533,0.6102542165411147,False
2025-05-16,95120.60976168141,-0.0007941459309701582,-0.0007941459309701113,0.0,0.0,-0.0,0.0,0.0,0.0,0.3892607673824183,0.3892607673824183,0.6107392326175818,False
2025-05-19,95285.77560789298,0.0017363833834265208,0.0017363833834264123,0.0,0.0,-0.0,0.0,0.0,0.0,0.3903194066339367,0.3903194066339367,0.6096805933660633,False
2025-05-20,95175.54267031873,-0.0011568666663098748,-0.001156866666309901,0.0,0.0,-0.0,0.0,0.0,0.0,0.3896132705731048,0.3896132705731048,0.6103867294268952,False
2025-05-21,95186.18667356783,0.00011183548788351594,0.0001118354878834922,0.0,0.0,-0.0,0.0,0.0,0.0,0.38968152583742705,0.38968152583742705,0.610318474162573,False
2025-05-22,95423.57004947381,0.0024938847137563336,0.0024938847137562815,0.0,0.0,-0.0,0.0,0.0,0.0,0.3911998033416052,0.3911998033416052,0.6088001966583947,False
2025-05-23,95473.47365539713,0.0005229693868866736,0.0005229693868868232,0.0,0.0,-0.0,0.0,0.0,0.0,0.3915180207892048,0.3915180207892048,0.6084819792107952,False
2025-05-27,95095.40023613919,-0.003959983907389386,-0.003959983907389272,0.0,0.0,-0.0,0.0,0.0,0.0,0.3890988621141712,0.3890988621141712,0.6109011378858289,False
2025-05-28,95242.42293660062,0.001546054804925756,0.0015460548049257231,0.0,0.0,-0.0,0.0,0.0,0.0,0.39004189077973456,0.39004189077973456,0.6099581092202655,False
2025-05-29,95025.45804730996,-0.002278027822067097,-0.0022780278220670756,0.0,0.0,-0.0,0.0,0.0,0.0,0.3886492166863034,0.3886492166863034,0.6113507833136965,False
2025-05-30,95197.00808850632,0.0018053061223965994,0.0018053061223966085,0.0,0.0,-0.0,0.0,0.0,0.0,0.3897509031170931,0.3897509031170931,0.6102490968829068,False
2025-06-02,95355.9796256092,0.0016699215689117697,0.001676045302449632,0.5829611111078807,0.0,-6.123733537569706e-06,971.601851846468,0.010189145093845662,0.005094572546922831,0.4000000000000001,0.4000000000000001,0.5999999999999999,True
2025-06-03,95601.42392270641,0.002573979084068867,0.0025739790840689563,0.0,0.0,-0.0,0.0,0.0,0.0,0.4015404224353124,0.4015404224353124,0.5984595775646877,False
2025-06-04,95529.64494119414,-0.0007508149833657107,-0.0007508149833658471,0.0,0.0,-0.0,0.0,0.0,0.0,0.4010907523985368,0.4010907523985368,0.5989092476014631,False
2025-06-05,95439.0319217851,-0.0009485329864338254,-0.0009485329864338446,0.0,0.0,-0.0,0.0,0.0,0.0,0.4005221278621769,0.4005221278621769,0.5994778721378231,False
2025-06-06,95523.53123086045,0.0008853747504962151,0.0008853747504961277,0.0,0.0,-0.0,0.0,0.0,0.0,0.4010524209255602,0.4010524209255602,0.5989475790744399,False
2025-06-09,95545.62139067115,0.00023125359297404557,0.00023125359297398876,0.0,0.0,-0.0,0.0,0.0,0.0,0.4011908976819768,0.4011908976819768,0.5988091023180232,False
2025-06-10,95549.58870063571,4.152267688262157e-05,4.152267688271703e-05,0.0,0.0,-0.0,0.0,0.0,0.0,0.4012157608064633,0.4012157608064633,0.5987842391935367,False
2025-06-11,95784.61754274297,0.002459757758284331,0.0024597577582843168,0.0,0.0,-0.0,0.0,0.0,0.0,0.4026850109848329,0.4026850109848329,0.5973149890151672,False
2025-06-12,95817.78503622141,0.00034627160737610296,0.0003462716073760043,0.0,0.0,-0.0,0.0,0.0,0.0,0.4028917726105084,0.4028917726105084,0.5971082273894915,False
2025-06-13,95793.7586625694,-0.00025075066849988836,-0.0002507506684997278,0.0,0.0,-0.0,0.0,0.0,0.0,0.40274200977019153,0.40274200977019153,0.5972579902298085,False
2025-06-16,95436.25380427577,-0.0037320266297612426,-0.0037320266297614134,0.0,0.0,-0.0,0.0,0.0,0.0,0.4005046772613133,0.4005046772613133,0.5994953227386866,False
2025-06-17,95296.1055690158,-0.0014685010116531894,-0.0014685010116531167,0.0,0.0,-0.0,0.0,0.0,0.0,0.3996230230633086,0.3996230230633086,0.6003769769366915,False
2025-06-18,94811.83563172023,-0.005081739011305597,-0.005081739011305765,0.0,0.0,-0.0,0.0,0.0,0.0,0.3965564805896011,0.3965564805896011,0.6034435194103989,False
2025-06-20,95111.69262302063,0.003162653579086294,0.003162653579086342,0.0,0.0,-0.0,0.0,0.0,0.0,0.39845894655524555,0.39845894655524555,0.6015410534447544,False
2025-06-23,95200.11636642457,0.0009296832068208527,0.0009296832068208947,0.0,0.0,-0.0,0.0,0.0,0.0,0.3990176697352887,0.3990176697352887,0.6009823302647112,False
2025-06-24,95394.8943414694,0.002045984631942277,0.002045984631942445,0.0,0.0,-0.0,0.0,0.0,0.0,0.4002447597397881,0.4002447597397881,0.599755240260212,False
2025-06-25,95063.71073205522,-0.0034717121047243005,-0.003471712104724435,0.0,0.0,-0.0,0.0,0.0,0.0,0.3981553283079107,0.3981553283079107,0.6018446716920892,False
2025-06-26,95063.47060755212,-2.52593235883225e-06,-2.525932358802218e-06,0.0,0.0,-0.0,0.0,0.0,0.0,0.39815380808513956,0.39815380808513956,0.6018461919148604,False
2025-06-27,95374.2416775488,0.003269090303673172,0.003269090303673234,0.0,0.0,-0.0,0.0,0.0,0.0,0.4001148866923715,0.4001148866923715,0.5998851133076285,False
2025-06-30,95201.60932001517,-0.0018100522163759791,-0.0018100522163760713,0.0,0.0,-0.0,0.0,0.0,0.0,0.3990270943525223,0.3990270943525223,0.6009729056474777,False
2025-07-01,95109.55563139176,-0.0009669341650935248,-0.0008446909552731758,11.637750303347286,0.0,-0.0001222432098204097,19396.25050557881,0.20391092474783204,0.10195546237391602,0.39999999999999997,0.39999999999999997,0.6,True
2025-07-02,94866.52327108668,-0.0025552885689738014,-0.0025552885689739124,0.0,0.0,-0.0,0.0,0.0,0.0,0.3984628991223135,0.3984628991223135,0.6015371008776864,False
2025-07-03,95070.90388990639,0.0021544019088344246,0.0021544019088343374,0.0,0.0,-0.0,0.0,0.0,0.0,0.3997560657999204,0.3997560657999204,0.6002439342000796,False
2025-07-07,94624.31671926563,-0.004697411640873006,-0.004697411640872919,0.0,0.0,-0.0,0.0,0.0,0.0,0.3969231656579412,0.3969231656579412,0.6030768343420588,False
2025-07-08,94797.32013080374,0.0018283187402174939,0.0018283187402174802,0.0,0.0,-0.0,0.0,0.0,0.0,0.3980237700802689,0.3980237700802689,0.601976229919731,False
2025-07-09,94333.43091460643,-0.004893484494679967,-0.0048934844946800235,0.0,0.0,-0.0,0.0,0.0,0.0,0.3950635228088678,0.3950635228088678,0.6049364771911322,False
2025-07-10,94551.93465795505,0.002316291703059248,0.0023162917030592205,0.0,0.0,-0.0,0.0,0.0,0.0,0.3964614940426934,0.3964614940426934,0.6035385059573065,False
2025-07-11,94787.01012676657,0.0024862047472844484,0.002486204747284394,0.0,0.0,-0.0,0.0,0.0,0.0,0.3979582929927182,0.3979582929927182,0.6020417070072819,False
2025-07-14,94462.54353274874,-0.0034231124453013573,-0.003423112445301412,0.0,0.0,-0.0,0.0,0.0,0.0,0.39589035775803305,0.39589035775803305,0.6041096422419668,False
2025-07-15,94040.96729227985,-0.0044628931712253905,-0.004462893171225228,0.0,0.0,-0.0,0.0,0.0,0.0,0.39318219471866517,0.39318219471866517,0.6068178052813349,False
2025-07-16,93589.0441877105,-0.004805598215134932,-0.004805598215135005,0.0,0.0,-0.0,0.0,0.0,0.0,0.39025199077384587,0.39025199077384587,0.6097480092261542,False
2025-07-17,93532.48545989464,-0.0006043306490279843,-0.0006043306490281301,0.0,0.0,-0.0,0.0,0.0,0.0,0.3898832785395827,0.3898832785395827,0.6101167214604172,False
2025-07-18,93540.85530165772,8.948593338375943e-05,8.948593338388883e-05,0.0,0.0,-0.0,0.0,0.0,0.0,0.3899378705186616,0.3899378705186616,0.6100621294813384,False
2025-07-21,93233.25290747243,-0.00328842828294984,-0.003288428282949792,0.0,0.0,-0.0,0.0,0.0,0.0,0.38792510612636405,0.38792510612636405,0.6120748938736361,False
2025-07-22,93490.1725582456,0.002755665417232045,0.002755665417231879,0.0,0.0,-0.0,0.0,0.0,0.0,0.3896071446088907,0.3896071446088907,0.6103928553911093,False
2025-07-23,93333.0360998881,-0.0016807804933679504,-0.0016807804933680949,0.0,0.0,-0.0,0.0,0.0,0.0,0.3885794809271881,0.3885794809271881,0.6114205190728118,False
2025-07-24,93250.91826260516,-0.0008798367728555245,-0.0008798367728554034,0.0,0.0,-0.0,0.0,0.0,0.0,0.3880410569456111,0.3880410569456111,0.6119589430543888,False
2025-07-25,93237.87803181677,-0.00013984023998203643,-0.0001398402399819344,0.0,0.0,-0.0,0.0,0.0,0.0,0.38795546849144547,0.38795546849144547,0.6120445315085546,False
2025-07-28,93313.25900643569,0.0008084801607475267,0.0008084801607474202,0.0,0.0,-0.0,0.0,0.0,0.0,0.38844989461894897,0.38844989461894897,0.611550105381051,False
2025-07-29,93445.29183151634,0.0014149417401823072,0.0014149417401823857,0.0,0.0,-0.0,0.0,0.0,0.0,0.3893139797591336,0.3893139797591336,0.6106860202408665,False
2025-07-30,93344.02508455049,-0.0010837009011479548,-0.0010837009011480199,0.0,0.0,-0.0,0.0,0.0,0.0,0.388651460796283,0.388651460796283,0.611348539203717,False
2025-07-31,93393.44843690164,0.000529475264285928,0.0005294752642858026,0.0,0.0,-0.0,0.0,0.0,0.0,0.38897498342841746,0.38897498342841746,0.6110250165715825,False
2025-08-01,93032.91558423596,-0.0038603655684612548,-0.003851670011274447,0.8121080717609082,0.0,-8.695557186857529e-06,1353.513452934847,0.014548631840393934,0.007274315920196967,0.4000000000000001,0.4000000000000001,0.5999999999999999,True
2025-08-04,93137.6947807071,0.001126259408437802,0.0011262594084376356,0.0,0.0,-0.0,0.0,0.0,0.0,0.4006749954251144,0.4006749954251144,0.5993250045748855,False
2025-08-05,93124.27922149678,-0.00014404006070700692,-0.00014404006070688864,0.0,0.0,-0.0,0.0,0.0,0.0,0.4005886561787621,0.4005886561787621,0.599411343821238,False
2025-08-06,92775.2970462497,-0.003747488605168381,-0.003747488605168202,0.0,0.0,-0.0,0.0,0.0,0.0,0.39833391939758833,0.39833391939758833,0.6016660806024118,False
2025-08-07,92801.58606471412,0.00028336226669600784,0.000283362266695866,0.0,0.0,-0.0,0.0,0.0,0.0,0.3985043605653862,0.3985043605653862,0.6014956394346138,False
2025-08-08,92621.8311399114,-0.0019369811705305384,-0.0019369811705306796,0.0,0.0,-0.0,0.0,0.0,0.0,0.39733701370876423,0.39733701370876423,0.6026629862912356,False
2025-08-11,92727.7098472825,0.0011431290665282479,0.0011431290665284198,0.0,0.0,-0.0,0.0,0.0,0.0,0.39802514865865174,0.39802514865865174,0.6019748513413484,False
2025-08-12,92761.57260346162,0.00036518486474967915,0.00036518486474959366,0.0,0.0,-0.0,0.0,0.0,0.0,0.39824490051327016,0.39824490051327016,0.6017550994867299,False
2025-08-13,92111.34310276448,-0.007009686041834939,-0.007009686041834985,0.0,0.0,-0.0,0.0,0.0,0.0,0.3939970098116365,0.3939970098116365,0.6060029901883635,False
2025-08-14,92391.20263379169,0.0030382743492838316,0.0030382743492837604,0.0,0.0,-0.0,0.0,0.0,0.0,0.3958326360163025,0.3958326360163025,0.6041673639836974,False
2025-08-15,91746.10551538537,-0.006982235321292163,-0.006982235321292132,0.0,0.0,-0.0,0.0,0.0,0.0,0.3915845360740585,0.3915845360740585,0.6084154639259415,False
2025-08-18,91533.48550485208,-0.0023174826804787108,-0.0023174826804786192,0.0,0.0,-0.0,0.0,0.0,0.0,0.3901712685508669,0.3901712685508669,0.6098287314491332,False
2025-08-19,91573.03669136629,0.0004320952741618811,0.0004320952741615851,0.0,0.0,-0.0,0.0,0.0,0.0,0.3904346588540687,0.3904346588540687,0.6095653411459312,False
2025-08-20,91366.84232513502,-0.0022516930057284723,-0.0022516930057284966,0.0,0.0,-0.0,0.0,0.0,0.0,0.38905900729387954,0.38905900729387954,0.6109409927061205,False
2025-08-21,91192.51021923622,-0.0019080456483153707,-0.001908045648315375,0.0,0.0,-0.0,0.0,0.0,0.0,0.3878910755242385,0.3878910755242385,0.6121089244757615,False
2025-08-22,90906.328677838,-0.0031382132228865434,-0.003138213222886481,0.0,0.0,-0.0,0.0,0.0,0.0,0.3859640999433538,0.3859640999433538,0.6140359000566462,False
2025-08-25,91146.25670055731,0.0026392884434875974,0.0026392884434876538,0.0,0.0,-0.0,0.0,0.0,0.0,0.3875804517795379,0.3875804517795379,0.6124195482204621,False
2025-08-26,90617.92368973182,-0.005796540965595787,-0.0057965409655958075,0.0,0.0,-0.0,0.0,0.0,0.0,0.384009839580261,0.384009839580261,0.615990160419739,False
2025-08-27,90784.9310293437,0.0018429835159730068,0.0018429835159731187,0.0,0.0,-0.0,0.0,0.0,0.0,0.38514301087589764,0.38514301087589764,0.6148569891241025,False
2025-08-28,90889.79214065254,0.0011550497436072504,0.0011550497436070215,0.0,0.0,-0.0,0.0,0.0,0.0,0.3858523819246923,0.3858523819246923,0.6141476180753076,False
2025-08-29,90671.44786616846,-0.0024022969944325068,-0.0024022969944325,0.0,0.0,-0.0,0.0,0.0,0.0,0.38437346414792195,0.38437346414792195,0.6156265358520779,False
2025-09-02,90490.54417967153,-0.001995156035932477,-0.0018735731541072549,11.0240959308307,0.0,-0.0001215828818251841,18373.493218051168,0.20301850639868238,0.10150925319934119,0.4,0.4,0.6,True
2025-09-03,90133.69273859271,-0.003943521881913714,-0.003943521881913792,0.0,0.0,-0.0,0.0,0.0,0.0,0.397624519109982,0.397624519109982,0.602375480890018,False
2025-09-04,90214.78213665425,0.000899656894084222,0.0008996568940841452,0.0,0.0,-0.0,0.0,0.0,0.0,0.3981659632502384,0.3981659632502384,0.6018340367497617,False
2025-09-05,90257.20074147967,0.00047019572425677225,0.0004701957242568728,0.0,0.0,-0.0,0.0,0.0,0.0,0.3984488100476756,0.3984488100476756,0.6015511899523245,False
2025-09-08,89854.29156968454,-0.004464011386184685,-0.004464011386184731,0.0,0.0,-0.0,0.0,0.0,0.0,0.39575143758496906,0.39575143758496906,0.6042485624150309,False
2025-09-09,89477.56340213468,-0.0041926563658643,-0.004192656365864312,0.0,0.0,-0.0,0.0,0.0,0.0,0.393207364579313,0.393207364579313,0.6067926354206871,False
2025-09-10,89221.76421332516,-0.002858808164677984,-0.0028588081646780572,0.0,0.0,-0.0,0.0,0.0,0.0,0.39146768743568366,0.39146768743568366,0.6085323125643163,False
2025-09-11,89505.04269737632,0.0031749930809914506,0.0031749930809915573,0.0,0.0,-0.0,0.0,0.0,0.0,0.39339365837323426,0.39339365837323426,0.6066063416267657,False
2025-09-12,89255.73353274286,-0.002785420319572407,-0.002785420319572446,0.0,0.0,-0.0,0.0,0.0,0.0,0.39169928520182495,0.39169928520182495,0.6083007147981749,False
2025-09-15,89742.43500547277,0.005452887489310276,0.0054528874893104255,0.0,0.0,-0.0,0.0,0.0,0.0,0.3949982914493921,0.3949982914493921,0.605001708550608,False
2025-09-16,89724.37083050646,-0.00020128911105654623,-0.00020128911105658407,0.0,0.0,-0.0,0.0,0.0,0.0,0.3948764866753155,0.3948764866753155,0.6051235133246845,False
2025-09-17,89700.71385778379,-0.00026366273180522537,-0.0002636627318053221,0.0,0.0,-0.0,0.0,0.0,0.0,0.39471689607861987,0.39471689607861987,0.60528310392138,False
2025-09-18,89562.05193515569,-0.001545828529836979,-0.0015458285298368389,0.0,0.0,-0.0,0.0,0.0,0.0,0.3937797835727027,0.3937797835727027,0.6062202164272972,False
2025-09-19,89525.01640304753,-0.00041351812858170245,-0.0004135181285816797,0.0,0.0,-0.0,0.0,0.0,0.0,0.39352899681842807,0.39352899681842807,0.6064710031815719,False
2025-09-22,89517.17498148856,-8.758916640316805e-05,-8.758916640299436e-05,0.0,0.0,-0.0,0.0,0.0,0.0,0.3934758718756425,0.3934758718756425,0.6065241281243577,False
2025-09-23,89645.59099307985,0.0014345404847488918,0.0014345404847487153,0.0,0.0,-0.0,0.0,0.0,0.0,0.3943447089105125,0.3943447089105125,0.6056552910894875,False
2025-09-24,89370.3003221929,-0.0030708779744472725,-0.0030708779744472556,0.0,0.0,-0.0,0.0,0.0,0.0,0.39247908631766937,0.39247908631766937,0.6075209136823306,False
2025-09-25,88978.38144549297,-0.004385336910438964,-0.004385336910438943,0.0,0.0,-0.0,0.0,0.0,0.0,0.38980316762602685,0.38980316762602685,0.6101968323739732,False
2025-09-26,88789.38326674832,-0.002124090994624628,-0.0021240909946245983,0.0,0.0,-0.0,0.0,0.0,0.0,0.3885042951060099,0.3885042951060099,0.6114957048939901,False
2025-09-29,88482.15863230417,-0.0034601505623838014,-0.003460150562383719,0.0,0.0,-0.0,0.0,0.0,0.0,0.3863810812592398,0.3863810812592398,0.6136189187407602,False
2025-09-30,88188.53567468096,-0.003318442521767495,-0.0033184425217675333,0.0,0.0,-0.0,0.0,0.0,0.0,0.38433804244023884,0.38433804244023884,0.6156619575597612,False
2025-10-01,88048.52344349337,-0.0015876466268142098,-0.0014612529020059,11.14647750931352,0.0,-0.00012639372480831076,18577.462515522537,0.21096448047316285,0.10548224023658143,0.4,0.4,0.6,True
2025-10-02,87856.39937440309,-0.0021820248832857825,-0.002182024883285816,0.0,0.0,-0.0,0.0,0.0,0.0,0.3986879220833657,0.3986879220833657,0.6013120779166343,False
2025-10-03,88125.17917116826,0.003059308128708471,0.0030593081287085258,0.0,0.0,-0.0,0.0,0.0,0.0,0.4005219102762402,0.4005219102762402,0.5994780897237598,False
2025-10-06,87833.70628418273,-0.0033074870284166558,-0.0033074870284166037,0.0,0.0,-0.0,0.0,0.0,0.0,0.3985325645354262,0.3985325645354262,0.6014674354645739,False
2025-10-07,87966.3093671033,0.0015097061086268848,0.0015097061086266955,0.0,0.0,-0.0,0.0,0.0,0.0,0.39943923479126325,0.39943923479126325,0.6005607652087367,False
2025-10-08,87649.57772797399,-0.0036006016554306353,-0.003600601655430584,0.0,0.0,-0.0,0.0,0.0,0.0,0.39726904070143354,0.39726904070143354,0.6027309592985663,False
2025-10-09,87507.61374853263,-0.0016196767071935403,-0.0016196767071934345,0.0,0.0,-0.0,0.0,0.0,0.0,0.39629122766495417,0.39629122766495417,0.6037087723350458,False
2025-10-10,87654.20737407499,0.0016752099533146048,0.0016752099533146494,0.0,0.0,-0.0,0.0,0.0,0.0,0.39730087523761015,0.39730087523761015,0.6026991247623898,False
2025-10-13,87395.64244273267,-0.0029498290964957707,-0.0029498290964958184,0.0,0.0,-0.0,0.0,0.0,0.0,0.39551775592572475,0.39551775592572475,0.6044822440742752,False
2025-10-14,87550.01880083958,0.0017664079557291323,0.0017664079557291538,0.0,0.0,-0.0,0.0,0.0,0.0,0.3965836353927841,0.3965836353927841,0.6034163646072158,False
2025-10-15,87159.56892353759,-0.004459734933811799,-0.004459734933811735,0.0,0.0,-0.0,0.0,0.0,0.0,0.3938805030983876,0.3938805030983876,0.6061194969016124,False
2025-10-16,87255.61490290952,0.001101955649369879,0.0011019556493698486,0.0,0.0,-0.0,0.0,0.0,0.0,0.39454768469765905,0.39454768469765905,0.6054523153023409,False
2025-10-17,87106.87598932216,-0.001704634294914631,-0.0017046342949146795,0.0,0.0,-0.0,0.0,0.0,0.0,0.3935138476028921,0.3935138476028921,0.6064861523971079,False
2025-10-20,87052.80403545739,-0.0006207541396777705,-0.0006207541396777386,0.0,0.0,-0.0,0.0,0.0,0.0,0.39313713496720626,0.39313713496720626,0.6068628650327937,False
2025-10-21,87031.44121688473,-0.0002454006945480369,-0.00024540069454795013,0.0,0.0,-0.0,0.0,0.0,0.0,0.39298817384346874,0.39298817384346874,0.6070118261565314,False
2025-10-22,86728.35733690199,-0.0034824642191947364,-0.003482464219194749,0.0,0.0,-0.0,0.0,0.0,0.0,0.39086688958171023,0.39086688958171023,0.6091331104182899,False
2025-10-23,86788.58970884254,0.0006944945550688697,0.0006944945550689707,0.0,0.0,-0.0,0.0,0.0,0.0,0.3912896356153893,0.3912896356153893,0.6087103643846107,False
2025-10-24,86857.81995150656,0.0007976883009193081,0.0007976883009193413,0.0,0.0,-0.0,0.0,0.0,0.0,0.391774809733989,0.391774809733989,0.6082251902660111,False
2025-10-27,86787.6195818003,-0.000808221640209883,-0.0008082216402100846,0.0,0.0,-0.0,0.0,0.0,0.0,0.39128283134551495,0.39128283134551495,0.608717168654485,False
2025-10-28,86668.70359488466,-0.0013701952823300667,-0.0013701952823301827,0.0,0.0,-0.0,0.0,0.0,0.0,0.390447625557721,0.390447625557721,0.6095523744422788,False
2025-10-29,86651.15598686028,-0.00020246764168074805,-0.00020246764168050676,0.0,0.0,-0.0,0.0,0.0,0.0,0.39032418593345736,0.39032418593345736,0.6096758140665427,False
2025-10-30,86704.42102715475,0.0006147066324486694,0.0006147066324487316,0.0,0.0,-0.0,0.0,0.0,0.0,0.390698727466843,0.390698727466843,0.6093012725331571,False
2025-10-31,86924.16655302355,0.0025344212355673523,0.002534421235567307,0.0,0.0,-0.0,0.0,0.0,0.0,0.3922390497253675,0.3922390497253675,0.6077609502746325,False
2025-11-03,86853.61812555516,-0.000811608903093175,-0.000684376868184299,11.059538593297084,0.0,-0.00012723203490885116,18432.56432216181,0.2121986153385504,0.1060993076692752,0.4,0.4,0.6,True
2025-11-04,86795.40721565936,-0.0006702185948276318,-0.0006702185948275097,0.0,0.0,-0.0,0.0,0.0,0.0,0.399597599146569,0.399597599146569,0.6004024008534311,False
2025-11-05,86657.22883644578,-0.0015920010475929391,-0.001592001047593081,0.0,0.0,-0.0,0.0,0.0,0.0,0.39864023376874846,0.39864023376874846,0.6013597662312514,False
2025-11-06,86911.99886590912,0.0029399743435620795,0.0029399743435622157,0.0,0.0,-0.0,0.0,0.0,0.0,0.4004030334668337,0.4004030334668337,0.5995969665331663,False
2025-11-07,86562.49358092013,-0.004021369771143091,-0.004021369771143259,0.0,0.0,-0.0,0.0,0.0,0.0,0.3979820968694977,0.3979820968694977,0.6020179031305023,False
2025-11-10,86919.71037311117,0.004126692490173056,0.0041266924901732565,0.0,0.0,-0.0,0.0,0.0,0.0,0.4004562296441553,0.4004562296441553,0.5995437703558447,False
2025-11-11,86514.2309556696,-0.004664988133313064,-0.004664988133313145,0.0,0.0,-0.0,0.0,0.0,0.0,0.39764625657903974,0.39764625657903974,0.6023537434209602,False
2025-11-12,86754.093078872,0.0027725163889547044,0.0027725163889547044,0.0,0.0,-0.0,0.0,0.0,0.0,0.39931167480529584,0.39931167480529584,0.6006883251947042,False
2025-11-13,87033.82863220015,0.0032244651912138877,0.003224465191213873,0.0,0.0,-0.0,0.0,0.0,0.0,0.40124234801210373,0.40124234801210373,0.5987576519878962,False
2025-11-14,87105.55131634383,0.00082407823797781,0.0008240782379778032,0.0,0.0,-0.0,0.0,0.0,0.0,0.40173536487845923,0.40173536487845923,0.5982646351215409,False
2025-11-17,86876.8578635059,-0.0026254750630919643,-0.0026254750630919,0.0,0.0,-0.0,0.0,0.0,0.0,0.40016050123258784,0.40016050123258784,0.5998394987674123,False
2025-11-18,86720.96497154191,-0.0017944121806168223,-0.0017944121806168657,0.0,0.0,-0.0,0.0,0.0,0.0,0.39908220702532465,0.39908220702532465,0.6009177929746754,False
2025-11-19,86833.34616221575,0.0012958941440599503,0.0012958941440599483,0.0,0.0,-0.0,0.0,0.0,0.0,0.3998599250340886,0.3998599250340886,0.6001400749659115,False
2025-11-20,86914.0140652511,0.000928996826687456,0.0009289968266873057,0.0,0.0,-0.0,0.0,0.0,0.0,0.4004169357980677,0.4004169357980677,0.5995830642019323,False
2025-11-21,86748.3807474619,-0.001905714740834119,-0.0019057147408339324,0.0,0.0,-0.0,0.0,0.0,0.0,0.3992721198215818,0.3992721198215818,0.6007278801784183,False
2025-11-24,86840.54715734997,0.0010624568331296658,0.0010624568331296788,0.0,0.0,-0.0,0.0,0.0,0.0,0.39990968987207215,0.39990968987207215,0.600090310127928,False
2025-11-25,86845.39996087758,5.588177051452092e-05,5.58817705144627e-05,0.0,0.0,-0.0,0.0,0.0,0.0,0.39994322210723,0.39994322210723,0.60005677789277,False
2025-11-26,86781.96465537389,-0.0007304394421842053,-0.0007304394421842841,0.0,0.0,-0.0,0.0,0.0,0.0,0.3995045965797214,0.3995045965797214,0.6004954034202785,False
2025-11-28,86359.65061294279,-0.004866380291206562,-0.00486638029120645,0.0,0.0,-0.0,0.0,0.0,0.0,0.3965680673154206,0.3965680673154206,0.6034319326845795,False
2025-12-01,86140.85771342884,-0.0025335083914890255,-0.002524553765891627,0.7733183379624844,0.0,-8.954625597415127e-06,1288.8638966041408,0.01496214874465102,0.00748107437232551,0.4000000000000001,0.4000000000000001,0.6,True
2025-12-02,86134.87593976062,-6.944177045598021e-05,-6.944177045589147e-05,0.0,0.0,-0.0,0.0,0.0,0.0,0.3999583320442299,0.3999583320442299,0.6000416679557702,False
2025-12-03,85933.78719577329,-0.002334579829521899,-0.0023345798295219466,0.0,0.0,-0.0,0.0,0.0,0.0,0.3985542088316174,0.3985542088316174,0.6014457911683827,False
2025-12-04,85956.79710794776,0.00026776327362432184,0.00026776327362415205,0.0,0.0,-0.0,0.0,0.0,0.0,0.3987152108151499,0.3987152108151499,0.6012847891848501,False
2025-12-05,86191.00671665801,0.0027247363395372926,0.0027247363395373173,0.0,0.0,-0.0,0.0,0.0,0.0,0.4003491014095754,0.4003491014095754,0.5996508985904245,False
2025-12-08,86072.79015025104,-0.0013715649800402074,-0.0013715649800402018,0.0,0.0,-0.0,0.0,0.0,0.0,0.3995255116299195,0.3995255116299195,0.6004744883700806,False
2025-12-09,86160.8114296712,0.0010226376914994617,0.0010226376914994222,0.0,0.0,-0.0,0.0,0.0,0.0,0.4001389521471162,0.4001389521471162,0.5998610478528839,False
2025-12-10,86214.6654751678,0.0006250410668493522,0.0006250410668491412,0.0,0.0,-0.0,0.0,0.0,0.0,0.4005136557312994,0.4005136557312994,0.5994863442687005,False
2025-12-11,86027.24907083622,-0.0021738343853524578,-0.002173834385352344,0.0,0.0,-0.0,0.0,0.0,0.0,0.3992076326246416,0.3992076326246416,0.6007923673753585,False
2025-12-12,85858.2331701224,-0.0019646786633226165,-0.0019646786633226976,0.0,0.0,-0.0,0.0,0.0,0.0,0.3980249450783846,0.3980249450783846,0.6019750549216154,False
2025-12-15,86357.72661794772,0.005817653466448469,0.005817653466448542,0.0,0.0,-0.0,0.0,0.0,0.0,0.40150677128506396,0.40150677128506396,0.5984932287149359,False
2025-12-16,86276.36404474732,-0.0009421574233925423,-0.0009421574233925358,0.0,0.0,-0.0,0.0,0.0,0.0,0.4009423646869138,0.4009423646869138,0.5990576353130862,False
2025-12-17,86291.05411407564,0.00017026759867522223,0.0001702675986751974,0.0,0.0,-0.0,0.0,0.0,0.0,0.4010443474275902,0.4010443474275902,0.5989556525724097,False
2025-12-18,86430.2629698444,0.001613247829661768,0.0016132478296619836,0.0,0.0,-0.0,0.0,0.0,0.0,0.40200905502173395,0.40200905502173395,0.5979909449782661,False
2025-12-19,86698.48645220189,0.003103351455161718,0.003103351455161819,0.0,0.0,-0.0,0.0,0.0,0.0,0.40385908978293755,0.40385908978293755,0.5961409102170625,False
2025-12-22,86466.84838807525,-0.0026717659512355274,-0.0026717659512354103,0.0,0.0,-0.0,0.0,0.0,0.0,0.40226207394434,0.40226207394434,0.5977379260556601,False
2025-12-23,86828.07177944231,0.004177594050217337,0.004177594050217145,0.0,0.0,-0.0,0.0,0.0,0.0,0.4047487918498923,0.4047487918498923,0.5952512081501076,False
2025-12-24,87007.05318200984,0.002061331075302153,0.0020613310753022957,0.0,0.0,-0.0,0.0,0.0,0.0,0.40597327759235136,0.40597327759235136,0.5940267224076488,False
2025-12-26,86545.73851580056,-0.0053020375858984226,-0.005302037585898503,0.0,0.0,-0.0,0.0,0.0,0.0,0.4028069375290927,0.4028069375290927,0.5971930624709073,False
2025-12-29,86669.11830331513,0.0014256021108658423,0.0014256021108658618,0.0,0.0,-0.0,0.0,0.0,0.0,0.40365708524716426,0.40365708524716426,0.5963429147528357,False
2025-12-30,86895.9999956076,0.0026177916279066515,0.0026177916279066706,0.0,0.0,-0.0,0.0,0.0,0.0,0.40521411076839176,0.40521411076839176,0.5947858892316082,False
2025-12-31,86723.32034643657,-0.0019871990561104447,-0.001987199056110352,0.0,0.0,-0.0,0.0,0.0,0.0,0.40402979934818656,0.40402979934818656,0.5959702006518135,False
